Name,Term,ES,NES,NOM p-val,FDR q-val,FWER p-val,Tag %,Gene %,Lead_genes
prerank,39S mitochondrial large ribosomal subunit,-0.5146149522203485,-4.73896669391756,0.0,0.0,0.0,54/54,49.34%,Q13405;Q9NX20;Q9NYK5;Q9NZE8;Q7Z7F7;Q9BYD1;Q9BYD2;Q9BYD3;P09001;Q9BRJ2;Q9P015;Q9P0J6;Q8N5N7;Q8N983;Q8TAE8;Q9BYC9;Q96A35;Q96DV4;Q96EL3;Q96GC5;Q9BQ48;Q9BQC6;Q9BYC8;Q8TCC3;P49406;P52815;Q13084;Q14197;Q16540;Q4U2R6;Q5T653;Q6P161;Q6P1L8;Q7Z2W9;Q9H0U6;Q9H2W6;Q9H9J2;Q9HD33;Q9NP92;Q9NQ50;Q9NRX2;Q9NVS2;Q9BZE1;Q9P0M9;Q9Y3B7;Q9Y6G3;URS000047A7F4_9606;URS000080E36F_9606;Q9BYD6;Q86TS9;Q8IXM3;O75394;Q7Z7H8;Q9NWU5
prerank,Mitochondrial respiratory chain complex I,0.8433904013471797,4.164973144299344,0.0,0.0,0.0,49/49,16.81%,CHEBI:49601;CHEBI:16238;O14561;P03923;P03905;Q86Y39;P19404;O75251;O75438;O43676;O43181;O43674;O00217;O15239;O43678;O43677;Q16718;O75380;P51970;P56181;P28331;Q16795;P03901;P03897;P03891;P56556;O95167;O96000;O95182;O95298;O95299;P17568;Q9NX14;Q9UI09;Q9Y6M9;O75306;O95178;O95169;O95168;Q9P0J0;CHEBI:64607;CHEBI:30408;O43920;P03886;CHEBI:58210;O95139;O75489;P49821;P03915
prerank,Major Spliceosomal Post-B-act complex,0.863810184768351,4.060882165175275,0.0,0.0,0.0,38/41,10.11%,Q15393;Q9BWJ5;O75533;P62308;P62304;P62306;P62318;P14678;P62314;P62316;Q13573;P09661;URS00006A1489_9606;P08579;CHEBI:139356;URS00006767A8_9606;Q15029;Q6P2Q9;Q96DI7;Q13435;Q15427;Q9P013;Q99459;O43660;URS000075BAAE_9606;Q9UNP9;Q9HCS7;O60306;Q9BZJ0;P41223;Q9NW64;O75934;Q9UMS4;Q9UQ35;Q9HCG8;O60508;Q9Y3C6;O95926
prerank,Major Spliceosomal B-act-IV complex,0.8514058306888187,4.043274948211914,0.0,0.0,0.0,39/43,10.11%,Q15393;Q9BWJ5;O75533;P62308;P62304;P62306;P62318;P14678;P62314;P62316;Q13573;P09661;URS00006A1489_9606;P08579;CHEBI:139356;URS00006767A8_9606;Q15029;Q6P2Q9;Q96DI7;Q13435;Q15427;Q12874;Q9P013;Q99459;O43660;URS000075BAAE_9606;Q9UNP9;Q9HCS7;O60306;Q9BZJ0;P41223;Q9NW64;O75934;Q9UMS4;Q9UQ35;Q9HCG8;O60508;Q9Y3C6;O95926
prerank,Major Spliceosomal B-act-III complex,0.8489496669812632,4.0429251231061265,0.0,0.0,0.0,41/46,9.41%,Q15393;Q9BWJ5;O75533;P62308;P62304;P62306;P62318;P14678;P62314;P62316;Q13573;P09661;URS00006A1489_9606;P08579;CHEBI:139356;URS00006767A8_9606;Q15029;Q6P2Q9;Q96DI7;O75643;Q13435;Q15427;Q12874;Q15459;Q15428;Q9P013;Q99459;O43660;URS000075BAAE_9606;Q9UNP9;Q9HCS7;O60306;Q9BZJ0;P41223;Q9NW64;O75934;Q9UMS4;Q9UQ35;Q9HCG8;O60508;Q9Y3C6
prerank,Major Spliceosomal Pre-B-act complex,0.8612416095720007,4.0316570348890295,0.0,0.0,0.0,36/41,7.67%,Q15393;Q9BWJ5;O75533;P62308;P62304;P62306;P62318;P14678;P62314;P62316;Q13573;P09661;URS00006A1489_9606;P08579;CHEBI:139356;URS00006767A8_9606;Q15029;Q6P2Q9;Q96DI7;O75643;Q13435;Q15427;Q12874;Q15459;Q15428;Q9P013;Q99459;O43660;URS000075BAAE_9606;Q9UNP9;Q9HCS7;O60306;Q9BZJ0;P41223;Q9NW64;Q9Y3B4
prerank,Major Spliceosomal B-act-II complex,0.8442566250057773,3.982766467675435,0.0,0.0,0.0,38/43,9.41%,Q15393;Q9BWJ5;O75533;P62308;P62304;P62306;P62318;P14678;P62314;P62316;Q13573;P09661;URS00006A1489_9606;P08579;CHEBI:139356;URS00006767A8_9606;Q15029;Q6P2Q9;Q96DI7;O75643;Q13435;Q15427;Q12874;Q15459;Q15428;Q9P013;Q99459;O43660;URS000075BAAE_9606;Q9UNP9;Q9HCS7;O60306;Q9BZJ0;P41223;Q9NW64;Q9UQ35;Q9HCG8;Q9Y3C6
prerank,Major Spliceosomal B-act-I complex,0.839326172068566,3.978836092154693,0.0,0.0,0.0,38/44,8.80%,Q15393;Q9BWJ5;O75533;P62308;P62304;P62306;P62318;P14678;P62314;P62316;Q13573;P09661;URS00006A1489_9606;P08579;CHEBI:139356;URS00006767A8_9606;Q15029;Q6P2Q9;Q96DI7;O75643;Q13435;Q15427;Q12874;Q15459;Q15428;Q9P013;Q99459;O43660;URS000075BAAE_9606;Q9UNP9;Q9HCS7;O60306;Q9BZJ0;P41223;Q9NW64;Q9Y3B4;Q9UQ35;Q9HCG8
prerank,"Intron Lariat Spliceosome, type 1 complex",0.8937035288331744,3.973141096127596,0.0,0.0,0.0,31/32,10.11%,P62308;P62304;P62306;P62318;P14678;P62314;P62316;Q13573;P09661;URS00006A1489_9606;P08579;CHEBI:139356;URS00006767A8_9606;Q15029;Q6P2Q9;Q96DI7;Q9P013;Q99459;O43660;URS000075BAAE_9606;Q9UNP9;Q9HCS7;O60306;Q9BZJ0;P41223;Q9NW64;O75934;Q9UMS4;O60508;Q9Y3C6;O95926
prerank,"Intron Lariat Spliceosome, type 2 complex",0.8810107612715283,3.9632717117998886,0.0,0.0,0.0,31/33,10.11%,P62308;P62304;P62306;P62318;P14678;P62314;P62316;Q13573;P09661;URS00006A1489_9606;P08579;CHEBI:139356;URS00006767A8_9606;Q15029;Q6P2Q9;Q96DI7;Q9P013;Q99459;O43660;URS000075BAAE_9606;Q9UNP9;Q9HCS7;O60306;Q9BZJ0;P41223;Q9NW64;O75934;Q9UMS4;O60508;Q9Y3C6;O95926
prerank,Major Spliceosomal Pre-C*-I complex,0.8098310034649226,3.763383249236433,0.0,0.0,0.0,33/39,10.11%,P62308;P62304;P62306;P62318;P14678;P62314;P62316;Q13573;P09661;URS00006A1489_9606;P08579;CHEBI:139356;URS00006767A8_9606;Q15029;Q6P2Q9;Q96DI7;Q9P013;Q99459;O43660;URS000075BAAE_9606;Q9UNP9;Q9HCS7;O60306;Q9BZJ0;P41223;Q9NW64;O75934;Q9UMS4;Q9UQ35;Q9HCG8;O60508;Q9Y3C6;O95926
prerank,Major Post-catalytic P Spliceosome complex,0.7994713747898158,3.7566441529534167,0.0,0.0,0.0,34/41,10.11%,P62308;P62304;P62306;P62318;P14678;P62314;P62316;Q13573;P09661;URS00006A1489_9606;P08579;CHEBI:139356;URS00006767A8_9606;Q15029;Q6P2Q9;Q96DI7;O75643;Q9P013;Q99459;O43660;URS000075BAAE_9606;Q9UNP9;Q9HCS7;O60306;Q9BZJ0;P41223;Q9NW64;O75934;Q9UMS4;Q9UQ35;Q9HCG8;O60508;Q9Y3C6;O95926
prerank,Major Spliceosomal C complex,0.7866925116163319,3.7377398565409834,0.0,0.0,0.0,34/43,10.11%,P62308;P62304;P62306;P62318;P14678;P62314;P62316;Q13573;P09661;URS00006A1489_9606;P08579;CHEBI:139356;URS00006767A8_9606;Q15029;Q6P2Q9;Q96DI7;O75643;Q9P013;Q99459;O43660;URS000075BAAE_9606;Q9UNP9;Q9HCS7;O60306;Q9BZJ0;P41223;Q9NW64;O75934;Q9UMS4;Q9UQ35;Q9HCG8;O60508;Q9Y3C6;O95926
prerank,Nuclear pore complex,0.8223463687150842,3.705583223553402,0.0,0.0,0.0,32/32,18.49%,P55735;P49792;Q96EE3;O75694;Q8NFH4;Q92621;Q8WYP5;P12270;Q8NFH5;Q99567;P35658;Q9BVL2;P49790;P37198;Q9NRG9;Q8WUM0;Q9BTX1;P52948-PRO_0000019929;P52948-PRO_0000019930;Q9UKX7;Q7Z3B4;Q53GS7;O15504;Q8N1F7;Q9BW27;Q8TEM1;Q8NFH3;Q96HA1;P78406;Q5SRE5;P57740;Q12769
prerank,Major Spliceosomal C* complex,0.7632681409009335,3.63875971075021,0.0,0.0,0.0,34/44,10.11%,P62308;P62304;P62306;P62318;P14678;P62314;P62316;Q13573;P09661;URS00006A1489_9606;P08579;CHEBI:139356;URS00006767A8_9606;Q15029;Q6P2Q9;Q96DI7;O75643;Q9P013;Q99459;O43660;URS000075BAAE_9606;Q9UNP9;Q9HCS7;O60306;Q9BZJ0;P41223;Q9NW64;O75934;Q9UMS4;Q9UQ35;Q9HCG8;O60508;Q9Y3C6;O95926
prerank,Major Spliceosomal Pre-C*-II complex,0.7593254628344681,3.6149245225382054,0.0,0.0,0.0,33/43,10.11%,P62308;P62304;P62306;P62318;P14678;P62314;P62316;Q13573;P09661;URS00006A1489_9606;P08579;CHEBI:139356;URS00006767A8_9606;Q15029;Q6P2Q9;Q96DI7;Q9P013;Q99459;O43660;URS000075BAAE_9606;Q9UNP9;Q9HCS7;O60306;Q9BZJ0;P41223;Q9NW64;O75934;Q9UMS4;Q9UQ35;Q9HCG8;O60508;Q9Y3C6;O95926
prerank,Major Spliceosomal Pre-B complex,0.8295911584024519,3.464560470769758,0.0,0.0,0.0,20/26,7.67%,Q15393;Q9BWJ5;O75533;P62308;P62304;P62306;P62318;P14678;P62314;P62316;P09661;URS00006A1489_9606;P08579;CHEBI:139356;Q13435;Q15427;Q12874;Q15459;Q15428;Q9Y3B4
prerank,"DNA-directed RNA polymerase III complex, POLR3GL variant",0.9034233231283048,3.4544415825254524,0.0,0.0,0.0,19/19,10.13%,CHEBI:29105;CHEBI:18420;P19388;P52434;P53803;P62875;P61218;O15160;P0DPB6;O14802;P05423;Q9NW08;Q9Y2Y1;Q9Y535;Q9NVU0;Q9H1D9;Q9BUI4;O75575;Q9BT43
prerank,"DNA-directed RNA polymerase III complex, POLR3G variant",0.903145004174784,3.4368667388639755,0.0,0.0,0.0,19/19,10.16%,CHEBI:29105;CHEBI:18420;P19388;P52434;P53803;P62875;P61218;O15160;P0DPB6;O14802;P05423;Q9NW08;Q9Y2Y1;Q9Y535;Q9NVU0;Q9H1D9;Q9BUI4;O75575;O15318
prerank,U2 small nuclear ribonucleoprotein complex,0.8466540146866738,3.420507729017058,0.0,0.0,0.0,19/23,7.67%,Q15393;Q9BWJ5;O75533;P62308;P62304;P62306;P62318;P14678;P62314;P62316;P09661;URS00006A1489_9606;P08579;Q13435;Q15427;Q12874;Q15459;Q15428;Q9Y3B4
prerank,30S proteasome complex,0.7764738753841852,3.3963548862773143,0.0,0.0,0.0,33/33,23.06%,P60896;P60900;P28066;P20618;P49720;P25786;P49721;P25789;P25788;P25787;P28070;O14818;P28074;P28072;Q99436;P51665;P17980;Q9UNM6;P35998;O00231;O00232;P48556;O00487;Q99460;Q15008;P62195;O43242;P43686;Q16186;P62191;P62333;Q13200;P55036
prerank,26S proteasome complex,0.7764738753841852,3.3963548862773143,0.0,0.0,0.0,33/33,23.06%,P60896;P60900;P28066;P20618;P49720;P25786;P49721;P25789;P25788;P25787;P28070;O14818;P28074;P28072;Q99436;P51665;P17980;Q9UNM6;P35998;O00231;O00232;P48556;O00487;Q99460;Q15008;P62195;O43242;P43686;Q16186;P62191;P62333;Q13200;P55036
prerank,19S-20S-PA28-alphabeta hybrid proteasome complex,0.7492311993290459,3.323314411835768,0.0,0.0,0.0,35/35,25.80%,P60896;P60900;P28066;P20618;P49720;P25786;P49721;P25789;P25788;P25787;P28070;O14818;P28074;P28072;Q99436;P51665;P17980;Q9UNM6;P35998;O00231;O00232;P48556;O00487;Q99460;Q15008;P62195;O43242;P43686;Q16186;P62191;P62333;Q13200;P55036;Q9UL46;Q06323
prerank,19S-20S-PA28-gamma hybrid proteasome complex,0.750350258394254,3.3127269965082538,0.0,0.0,0.0,33/34,23.06%,P60896;P60900;P28066;P20618;P49720;P25786;P49721;P25789;P25788;P25787;P28070;O14818;P28074;P28072;Q99436;P51665;P17980;Q9UNM6;P35998;O00231;O00232;P48556;O00487;Q99460;Q15008;P62195;O43242;P43686;Q16186;P62191;P62333;Q13200;P55036
prerank,"60S cytosolic large ribosomal subunit, testis-specific variant",0.6735654445467002,3.3009995977802906,0.0,0.0,0.0,44/47,27.49%,P40429;P62829;P62888;P62899;P62906;P61313;P62910;P62913;P05386;P46776;P05387;P62750;P62424;P61927;P61513;P61353;P63173;P26373;Q02878;P62987;P62945;P62917;Q07020;P50914;Q02543;P84098;P49207;P36578;P42766;P47914;P46779;P46778;P46777;Q9Y3U8;P18077;P18124;P18621;P32969;P83731;P30050;URS00000F9D45_9606;URS000075D341_9606;P05388;URS0000ABD82A_9606
prerank,60S cytosolic large ribosomal subunit,0.6722767970392888,3.2741632709480566,0.0,0.0,0.0,44/47,27.49%,P40429;P62829;P62888;P62899;P62906;P61313;P62910;P62913;P05386;P46776;P05387;P62750;P62424;P61927;P61513;P61353;P63173;P26373;Q02878;P62987;P62945;P62917;Q07020;P50914;Q02543;P84098;P49207;P36578;P42766;P47914;P46779;P46778;P46777;Q9Y3U8;P18077;P18124;P18621;P32969;P83731;P30050;URS00000F9D45_9606;URS000075D341_9606;P05388;URS0000ABD82A_9606
prerank,28S mitochondrial small ribosomal subunit,-0.48128563836016247,-3.2685176687837125,0.0,0.0,0.0,30/31,49.09%,Q92552;Q92665;O15235;P82933;Q9Y3D3;P82912;Q96BP2;Q96EL2;Q96EY7;Q9BYN8;Q9NWT8;Q9Y2R5;Q9Y2R9;Q9Y399;Q9Y3D5;Q9Y3D9;O60783;P51398;P82650;P82663;P82664;P82673;P82675;P82914;P82921;P82930;P82932;Q9Y676;URS000044DFF6_9606;Q9Y2Q9
prerank,Small ribosomal subunit processome,0.7571867150432594,3.2534699351641647,0.0,0.0,0.0,29/29,24.89%,P55769;Q9NV06;O00567;Q9Y2X3;P22087;Q9Y3A4;Q14692;Q9Y3A2;Q5QJE6;Q8NDD1;Q8NEJ9;Q9NY61;Q9NRX1;CPX-2450;CPX-2478;Q9Y2P8;Q9NQZ2;Q9BVI4;Q13601;O75691;O43818;Q92979;P78316;CPX-2688;Q9H0A0;O15213;Q9BVJ6;Q9Y324;Q9H6R4
prerank,Mitochondrial respiratory chain complex IV,0.8951612903225811,3.2254976098386874,0.0,0.0,0.0,16/16,10.88%,CHEBI:30413;P13073;P12074;CHEBI:23378;P15954;P14406;O00483;P10176;P14854;P10606;P24311;P00414;P09669;P00395;P00403;P20674
prerank,"60S cytosolic large ribosomal subunit, striated muscle variant",0.6545799389181965,3.221584905556388,0.0,0.0,0.0,44/48,27.49%,P40429;P62829;P62888;P62899;P62906;P61313;P62910;P62913;P05386;P46776;P05387;P62750;P62424;P61927;P61513;P61353;P63173;P26373;Q02878;P62987;P62945;P62917;Q07020;P50914;Q02543;P84098;P49207;P36578;P42766;P47914;P46779;P46778;P46777;Q9Y3U8;P18077;P18124;P18621;P32969;P83731;P30050;URS00000F9D45_9606;URS000075D341_9606;P05388;URS0000ABD82A_9606
prerank,"SIN3A histone deacetylase complex, ES cell-specific variant",0.8661658319421255,3.216396608482121,0.0,0.0,0.0,18/18,13.82%,Q09028;Q16576;Q92769;Q13547;O15294;Q9H160;Q9H0E3;O75446;Q4LE39;P29374;Q9HAJ7;Q9H7L9;Q9HCU9;Q9UK53;Q5PSV4;Q96ST3;Q9NP50;Q8NFU7
prerank,Major Spliceosomal B complex,0.6607762106717919,3.1638216542506523,0.0,0.0,0.0,25/45,5.26%,Q15393;Q9BWJ5;O75533;P62308;P62304;P62306;P62318;P14678;P55769;P62314;P62316;P09661;URS00006A1489_9606;P08579;CHEBI:139356;URS00006767A8_9606;Q15029;Q6P2Q9;Q96DI7;O75643;Q13435;Q15427;Q12874;Q15459;Q15428
prerank,Integrator-PP2A complex,0.8308762169680108,3.088773432973098,0.0,0.0,0.0,17/17,17.30%,P67775;P30153;Q68E01;Q9NVR2;Q5TA45;Q8N201;Q96HW7;Q96SY0;Q6P9B9;Q96N11;Q9NV88;Q9NVH2;Q9UL03;Q9NVM9;Q96CB8;Q75QN2;Q9H0H0
prerank,SIN3A histone deacetylase complex,0.8659994439810952,3.0656830822537455,0.0,0.0,0.0,15/15,13.76%,Q09028;Q16576;Q92769;Q13547;Q9H160;Q9H0E3;O75446;Q4LE39;P29374;Q9HAJ7;Q9H7L9;Q9HCU9;Q9UK53;Q5PSV4;Q96ST3
prerank,TFTC histone acetylation complex,0.8160823594880359,3.043287598007328,0.0,0.0,0.0,18/18,18.80%,Q9Y4A5;Q12962;Q16514;Q16594;Q9NPA8;O75528;Q92830;Q15545;Q15542;Q6P1X5;P49848;O75529;O75486;O00268;CHEBI:27363;Q9UPT9;O15265;Q14CW9
prerank,U5 small nuclear ribonucleoprotein complete complex,0.851877905260531,3.0070965617215344,0.0,0.0,0.0,12/15,5.90%,P62308;P62304;P62306;P62318;P14678;P62314;P62316;Q15029;Q6P2Q9;Q96DI7;O75643;URS000075BAAE_9606
prerank,NuA4 histone acetyltransferase complex,0.7887559142777621,3.0062642862294373,0.0,0.0,0.0,19/19,21.54%,P60709;O96019;Q9Y230;Q9Y265;Q9HAF1;Q9Y4A5;Q15906;Q9NPF5;O95619;Q9H2F5;Q52LR7;Q05BQ5;Q9H0E9;Q15014;Q9NV56;Q96L91;Q92993;Q9NXR8;Q9UBU8
prerank,SIN3B histone deacetylase complex,0.8432556961430749,2.9875881588607984,0.0,0.0,0.0,14/15,12.21%,Q09028;Q16576;Q92769;Q13547;Q9H160;Q9H0E3;O75446;Q4LE39;P29374;Q9HAJ7;Q9H7L9;Q9HCU9;Q9UK53;Q5PSV4
prerank,Integrator core complex,0.8304142340839588,2.966629848739957,0.0,0.0,0.0,15/15,17.30%,Q68E01;Q9NVR2;Q5TA45;Q8N201;Q96HW7;Q96SY0;Q6P9B9;Q96N11;Q9NV88;Q9NVH2;Q9UL03;Q9NVM9;Q96CB8;Q75QN2;Q9H0H0
prerank,19S proteasome regulatory complex,0.7734483718341216,2.9475545781843304,0.0,0.0,0.0,19/19,23.06%,P60896;P51665;P17980;Q9UNM6;P35998;O00231;O00232;P48556;O00487;Q99460;Q15008;P62195;O43242;P43686;Q16186;P62191;P62333;Q13200;P55036
prerank,Commander complex,0.7922691879866519,2.867804198800267,0.0,0.0,0.0,16/16,21.12%,Q9UBQ0;Q7Z3J2;O60826;Q567U6;Q7Z4G1;Q9P000;Q8TCE6;Q9NX08;Q9Y6G5;Q9UBI1;Q9H0A8;Q9GZQ3;Q86VX2;Q86X83;O14972;Q8N668
prerank,20S proteasome complex,0.8262923846581435,2.832300014839945,0.0,0.0,0.0,14/14,17.69%,P60900;P28066;P20618;P49720;P25786;P49721;P25789;P25788;P25787;P28070;O14818;P28074;P28072;Q99436
prerank,Kinetochore CCAN complex,0.7630700778642938,2.8124918842503353,0.0,0.0,0.0,16/16,24.03%,A8MT69;Q8N2Z9;Q71F23;Q9H3R5;Q92674;Q9BS16;Q9NSP4;Q9BU64;Q03188;Q96BT3;Q7L2Z9;Q8N0S6;Q96H22;Q13352;Q5EE01;Q6IPU0
prerank,PA200-20S-PA200 double-capped proteasome complex,0.7971297095001666,2.7878557259259407,0.0,0.0,0.0,14/15,17.69%,P60900;P28066;P20618;P49720;P25786;P49721;P25789;P25788;P25787;P28070;O14818;P28074;P28072;Q99436
prerank,PA200-20S single-capped proteasome,0.7971297095001666,2.7878557259259407,0.0,0.0,0.0,14/15,17.69%,P60900;P28066;P20618;P49720;P25786;P49721;P25789;P25788;P25787;P28070;O14818;P28074;P28072;Q99436
prerank,DNA-directed RNA polymerase I complex,0.798646762688945,2.767502735946765,0.0,0.0,0.0,8/14,3.99%,CHEBI:29105;P19388;P52434;P53803;P62875;P61218;O15160;P0DPB6
prerank,"DNA-directed RNA polymerase II complex, Pol II(G) variant",0.7853767028078955,2.764346594468027,0.0,0.0,0.0,15/15,21.79%,CHEBI:29105;CHEBI:18420;P19388;P52434;P53803;P62875;P61218;O15514;P36954;P19387;P0CAP2;P52435;P30876;P24928;P62487
prerank,General transcription factor TFIIH complex,0.8472646487086922,2.756605466149111,0.0,0.0,0.0,11/11,15.53%,CHEBI:49883;Q6ZYL4;P51946;Q92759;P18074;P51948;Q13889;P50613;Q13888;P32780;P19447
prerank,"CCR4-NOT mRNA deadenylase complex, CNOT6-CNOT7 variant",0.8033333333333336,2.7356381302301225,0.0,2.955261477674861e-05,0.001,12/12,19.93%,CHEBI:18420;CHEBI:60240;Q9C0C2;Q9UKZ1;Q9H9A5;Q9NZN8;A5YKK6;O75175;O95628;Q92600;Q9ULM6;Q9UIV1
prerank,DNA-directed RNA polymerase II complex,0.8033543913495871,2.7310690429985427,0.0,2.893693530223301e-05,0.001,7/14,1.88%,CHEBI:29105;CHEBI:18420;P19388;P52434;P53803;P62875;P61218
prerank,20S spermatoproteasome complex,0.7962678378649592,2.7033564230254012,0.0,2.8346385602187438e-05,0.001,13/14,17.69%,P60900;P28066;P20618;P49720;P25786;P49721;P25789;P25788;P25787;P28070;P28074;P28072;Q99436
prerank,PA28-gamma single-capped 20S proteasome complex,0.7706406176084597,2.699845005205719,0.0,2.7234762637395777e-05,0.001,14/15,17.69%,P60900;P28066;P20618;P49720;P25786;P49721;P25789;P25788;P25787;P28070;O14818;P28074;P28072;Q99436
prerank,PA28-gamma double-capped 20S proteasome complex,0.7706406176084597,2.699845005205719,0.0,2.7234762637395777e-05,0.001,14/15,17.69%,P60900;P28066;P20618;P49720;P25786;P49721;P25789;P25788;P25787;P28070;O14818;P28074;P28072;Q99436
prerank,"CCR4-NOT mRNA deadenylase complex, CNOT6-CNOT8 variant",0.8036111111111114,2.6949625137306272,0.0,2.671101720206124e-05,0.001,12/12,19.91%,CHEBI:18420;CHEBI:60240;Q9C0C2;Q9UKZ1;Q9H9A5;Q9NZN8;A5YKK6;O75175;O95628;Q92600;Q9UFF9;Q9ULM6
prerank,Sm complex,0.9769764216366157,2.694642914440444,0.0,2.6207035745418576e-05,0.001,7/7,2.49%,P62308;P62304;P62306;P62318;P14678;P62314;P62316
prerank,20S immunoproteasome complex,0.7742062124301309,2.6935364985463757,0.0,2.5721720268651566e-05,0.001,11/14,12.60%,P60900;P28066;P20618;P49720;P25786;P49721;P25789;P25788;P25787;P28070;O14818
prerank,20S thymoproteasome complex,0.7742062124301309,2.690140309406584,0.0,5.050810525480671e-05,0.002,11/14,12.60%,P60900;P28066;P20618;P49720;P25786;P49721;P25789;P25788;P25787;P28070;O14818
prerank,"CCR4-NOT mRNA deadenylase complex, CNOT6L-CNOT7 variant",0.8033333333333336,2.6828665559205764,0.0,4.960617480382802e-05,0.002,12/12,19.93%,CHEBI:18420;CHEBI:60240;Q9C0C2;Q9UKZ1;Q9H9A5;Q9NZN8;A5YKK6;O75175;O95628;Q92600;Q96LI5;Q9UIV1
prerank,"CCR4-NOT mRNA deadenylase complex, CNOT6L-CNOT8 variant",0.8038888888888891,2.680697449069474,0.0,7.310383655300972e-05,0.003,12/12,19.88%,CHEBI:18420;CHEBI:60240;Q9C0C2;Q9UKZ1;Q9H9A5;Q9NZN8;A5YKK6;O75175;O95628;Q92600;Q96LI5;Q9UFF9
prerank,U4 small nuclear ribonucleoprotein complex,0.8308382557106262,2.6762421664980236,0.0,7.184342557795783e-05,0.003,8/11,2.49%,P62308;P62304;P62306;P62318;P14678;P55769;P62314;P62316
prerank,PA28-alphabeta single-capped 20S proteasome complex,0.7452725250278092,2.6555391992335706,0.0,0.00011574774120893206,0.004,16/16,25.80%,P60900;P28066;P20618;P49720;P25786;P49721;P25789;P25788;P25787;P28070;O14818;P28074;P28072;Q99436;Q9UL46;Q06323
prerank,PA28-alphabeta double-capped 20S proteasome complex,0.7452725250278092,2.6555391992335706,0.0,0.00011574774120893206,0.004,16/16,25.80%,P60900;P28066;P20618;P49720;P25786;P49721;P25789;P25788;P25787;P28070;O14818;P28074;P28072;Q99436;Q9UL46;Q06323
prerank,U1 small nuclear ribonucleoprotein complex ,0.8338069345118428,2.6472346219463208,0.0,0.00013662028470562472,0.005,7/11,2.49%,P62308;P62304;P62306;P62318;P14678;P62314;P62316
prerank,Mitochondrial proton-transporting ATP synthase complex,-0.46143135616819825,-2.612306334053015,0.0,0.00013664608185340034,0.003,21/21,54.15%,P30049;Q7Z4Y8;O75964;P00846;P03928;P05496;P06576;P18859;P24539;O75947;P25705;P36542;P48047;P48201;P56134;P56378;P56381;P56385;Q06055;Q5VTU8;Q96IX5
prerank,"SAGA complex, KAT2A variant",0.6537012021348717,2.582950863113694,0.0011185682326621924,0.0004928613496638398,0.014,16/21,18.80%,Q15393;Q9BWJ5;Q9Y4A5;Q12962;Q16514;Q16594;Q9NPA8;O75528;Q92830;Q96ES7;O75529;O75486;CHEBI:27363;Q9UPT9;O15265;Q14CW9
prerank,"SAGA complex, KAT2B variant",0.6525130863625497,2.565394328796804,0.0011299435028248588,0.0006614156640510402,0.02,16/21,18.80%,Q15393;Q9BWJ5;Q9Y4A5;Q12962;Q16514;Q16594;Q9NPA8;O75528;Q96ES7;Q92831;O75529;O75486;CHEBI:27363;Q9UPT9;O15265;Q14CW9
prerank,U7 small nuclear ribonucleoprotein complex,0.8959805792248358,2.556694943941646,0.0,0.0007812972531602913,0.021,5/8,2.24%,P62308;P62304;P62306;P62318;P14678
prerank,"Histone-lysine N-methyltransferase complex, KMT2A variant",0.8536752836108705,2.5471020465521454,0.0,0.0008120149229426618,0.021,6/9,4.13%,CHEBI:29105;P61964;P51610;Q9UBL3;Q15291;Q9C005
prerank,"Histone-lysine N-methyltransferase complex, KMT2B variant",0.8536752836108705,2.544207039936277,0.0,0.0008207567103906091,0.022,6/9,4.13%,CHEBI:29105;P61964;P51610;Q9UBL3;Q15291;Q9C005
prerank,"Nucleolar exosome complex, EXOSC10 variant",0.7767286864759791,2.4944528722867623,0.0012547051442910915,0.0019694391787788436,0.046,11/11,22.56%,CHEBI:18420;Q9NQT4;Q06265;Q96B26;Q9NPD3;Q9NQT5;Q15024;Q5RKV6;Q13868;Q9Y3B2;Q01780
prerank,"TREX transcription-export complex, DX39B variant",0.664423820610738,2.4618036550730897,0.0011890606420927466,0.002961780436816791,0.072,15/16,28.05%,Q53F19;Q86V81;Q86W42;Q6I9Y2;Q13769;P84090;Q96FV9;P82979;Q8NI27;Q9Y3Y2;Q9P127;Q9BY77;Q96QD9;Q96J01;O75152
prerank,"TREX transcription-export complex, DX39A variant",0.664423820610738,2.4560206230138912,0.00234192037470726,0.003059766376305682,0.078,15/16,28.05%,Q53F19;Q86V81;Q86W42;Q6I9Y2;Q13769;P84090;Q96FV9;P82979;Q8NI27;Q9Y3Y2;Q9P127;Q9BY77;Q96QD9;Q96J01;O75152
prerank,"Dystrophin glycoprotein complex, retinal outer plexiform layer variant",0.7660997925160967,2.4452674503404004,0.0,0.003412904826503368,0.084,10/11,17.52%,Q13424;Q14118-PRO_0000021066;Q14118-PRO_0000021065;Q13326;Q14714;Q13884;Q16585;Q92629;Q16586;O60941
prerank,"Nuclear exosome complex, DIS3-EXOSC10 variant",0.7265197240595813,2.4240044405834267,0.006105006105006105,0.004440800662720154,0.11,11/12,22.56%,CHEBI:18420;Q9NQT4;Q06265;Q96B26;Q9NPD3;Q9NQT5;Q15024;Q5RKV6;Q13868;Q9Y3B2;Q01780
prerank,"mTNF-TNR1A receptor-ligand core complex, BIRC3 variant",0.8748959778085992,2.418846773663604,0.0,0.0046299096483572826,0.115,7/7,12.68%,Q12933;Q13546;CPX-8931;Q13489;P19438-PRO_0000034543;O00463;Q15628
prerank,U4/U6.U5 small nuclear ribonucleoprotein complex,0.5461633688050576,2.4120649109908783,0.0010649627263045794,0.005004107825416295,0.129,13/32,3.82%,P62308;P62304;P62306;P62318;P14678;P55769;P62314;P62316;URS00006767A8_9606;Q15029;Q6P2Q9;Q96DI7;O75643
prerank,"Histone-lysine N-methyltransferase complex, KMT2C variant",0.7970332291988487,2.410668257920004,0.0,0.005086643978533068,0.134,5/10,4.13%,CHEBI:29105;P61964;Q9UBL3;Q15291;Q9C005
prerank,"mTNF-TNR1A receptor-ligand core complex, BIRC2 variant",0.8748959778085992,2.3970458183188925,0.0,0.005815166518336746,0.151,7/7,12.68%,Q12933;Q13546;CPX-8931;Q13490;P19438-PRO_0000034543;O00463;Q15628
prerank,"Histone-lysine N-methyltransferase complex, KMT2D variant",0.7970332291988487,2.393187802309198,0.0,0.005976238638208544,0.158,5/10,4.13%,CHEBI:29105;P61964;Q9UBL3;Q15291;Q9C005
prerank,"Cytoplasmic exosome complex, DIS3L-EXOSC10 variant",0.7265197240595813,2.3897747240484795,0.006305170239596469,0.006241358720772543,0.167,11/12,22.56%,CHEBI:18420;Q9NQT4;Q06265;Q96B26;Q9NPD3;Q9NQT5;Q15024;Q5RKV6;Q13868;Q9Y3B2;Q01780
prerank,Nexin-dynein regulatory complex,0.7478478200499862,2.385875951664056,0.0012165450121654502,0.006428451473296072,0.173,11/11,25.44%,Q8NEE6;Q96DY2;Q8IY82;Q86XH1;Q5JU00;Q5VUJ9;O95995;Q8IXS2;Q9H069;Q9H095;Q96MC2
prerank,PRAME-Elongin C-Elongin B E3 ubiquitin ligase complex,0.9632157099015185,2.3680679600180183,0.0,0.007612978016729252,0.196,4/5,1.77%,P62877;Q13617;Q15370;Q15369
prerank,"SCF E3 ubiquitin ligase complex, FBXW8-CUL7 variant",0.9629553495294254,2.3614666676108644,0.0,0.007951869821053632,0.206,3/5,0.11%,P62877;P63208;Q13616
prerank,SF3B complex,0.8549237170596395,2.35668203463513,0.0,0.008179507045431198,0.219,7/7,14.67%,Q15393;Q9BWJ5;O75533;Q13435;Q15427;Q9Y3B4;Q7RTV0
prerank,NineTeen Core complex,0.8524602110412955,2.3555767879308123,0.0,0.008164450428688573,0.221,5/7,7.86%,Q9P013;Q99459;O43660;O75934;Q9UMS4
prerank,"Dystrophin glycoprotein complex, skeletal muscle variant",0.7285514744935638,2.337908166790232,0.0012315270935960591,0.009254241092318954,0.25,9/11,14.87%,Q13424;Q14118-PRO_0000021066;Q14118-PRO_0000021065;Q13326;Q14714;Q13884;Q16585;Q92629;Q16586
prerank,"Dystrophin glycoprotein complex, retinal inner limiting membrane variant",0.7240075236319159,2.337900189019467,0.0,0.009144071555505633,0.25,9/11,14.87%,Q13424;Q14118-PRO_0000021066;Q14118-PRO_0000021065;Q13326;Q14714;Q13884;Q16585;Q92629;Q16586
prerank,"Exosome complex, DIS3 variant",0.7237154712886031,2.336620092095272,0.006180469715698393,0.009101857673417669,0.251,10/11,22.54%,CHEBI:18420;Q9NQT4;Q06265;Q96B26;Q9NPD3;Q9NQT5;Q15024;Q5RKV6;Q13868;Q9Y3B2
prerank,FEM1A-Elongin C-Elongin B E3 ubiquitin ligase complex,0.9632157099015185,2.3355024918857157,0.0,0.009076776357128346,0.253,4/5,1.77%,P62877;Q13617;Q15370;Q15369
prerank,Embryonic stem cell-specific SWI/SNF ATP-dependent chromatin remodeling complex,0.6773652872491472,2.33433950549137,0.0059665871121718375,0.009052271622822685,0.254,12/13,28.85%,P60709;O96019;Q96GM5;Q92922;P51532;Q969G3;Q12824;Q8WUB8;O14497;Q9BQE9;Q4VC05;Q8WUZ0
prerank,"Dystrophin glycoprotein complex, neuromuscular junction variant",0.7240075236319159,2.3323711326733156,0.0,0.009075675162973083,0.259,9/11,14.87%,Q13424;Q14118-PRO_0000021066;Q14118-PRO_0000021065;Q13326;Q14714;Q13884;Q16585;Q92629;Q16586
prerank,KLHDC10-Elongin C-Elongin B E3 ubiquitin ligase complex,0.9632157099015185,2.3302320485075456,0.0,0.009036127032805166,0.261,4/5,1.77%,P62877;Q13617;Q15370;Q15369
prerank,LRR1-Elongin C-Elongin B E3 ubiquitin ligase complex,0.9632157099015185,2.329501148705323,0.0,0.008982024717813128,0.263,4/5,1.77%,P62877;Q13617;Q15370;Q15369
prerank,APPBP2-Elongin C-Elongin B E3 ubiquitin ligase complex,0.9632157099015185,2.3280411078459986,0.0,0.008913848026287866,0.264,4/5,1.77%,P62877;Q13617;Q15370;Q15369
prerank,ZYG11B-Elongin C-Elongin B E3 ubiquitin ligase complex,0.9632157099015185,2.3262968858423436,0.0,0.008892446031138389,0.265,4/5,1.77%,P62877;Q13617;Q15370;Q15369
prerank,ZER1-Elongin C-Elongin B E3 ubiquitin ligase complex,0.9632157099015185,2.3183111584928593,0.0,0.009424106413269176,0.283,4/5,1.77%,P62877;Q13617;Q15370;Q15369
prerank,FEB1B-Elongin C-Elongin B E3 ubiquitin ligase complex,0.9632157099015185,2.317367667793439,0.0,0.00933862626945256,0.283,4/5,1.77%,P62877;Q13617;Q15370;Q15369
prerank,KLHDC3-Elongin C-Elongin B E3 ubiquitin ligase complex,0.9632157099015185,2.3149483084462563,0.0,0.009269566474921631,0.284,4/5,1.77%,P62877;Q13617;Q15370;Q15369
prerank,BTR double Holliday Junction dissolution complex,0.8941349459637196,2.3110034187232285,0.0,0.009447909376179078,0.29,2/6,0.17%,CHEBI:29105;CHEBI:18420
prerank,"Neural progenitor-specific SWI/SNF ATP-dependent chromatin remodeling complex, ARID1A-SMARCA4 variant",0.7189344605632234,2.310934060038933,0.0025,0.009350508248589604,0.29,10/11,23.23%,P60709;O96019;Q96GM5;Q92922;P51532;Q969G3;Q12824;Q8WUB8;Q8TAQ2;O14497
prerank,VHL-Elongin C-Elongin B E3 ubiquitin ligase complex,0.9632157099015185,2.30787965642019,0.0,0.009439346405528418,0.295,4/5,1.77%,P62877;Q13617;Q15370;Q15369
prerank,Mitochondrial respiratory chain complex III,-0.5359952978294327,-2.306594257396816,0.0,0.002937890759848107,0.062,11/12,27.41%,P07919;P00156;P08574;O14949;P47985-PRO_0000030664;Q9UDW1;P14927;O14957;P47985-PRO_0000307241;P22695;P31930
prerank,"CRL4-DCAF15 E3 ubiquitin ligase complex, CUL4A variant ",0.9470087313529212,2.3056402528390727,0.0,0.009456239706038814,0.297,3/5,0.86%,P62877;Q16531;Q13619
prerank,"Neural progenitor-specific SWI/SNF ATP-dependent chromatin remodeling complex, ARID1A-SMARCA2 variant",0.7183551516692713,2.3045171975914043,0.0024752475247524753,0.009389456766868568,0.297,10/11,23.23%,P60709;O96019;Q96GM5;Q92922;Q969G3;Q12824;P51531;Q8WUB8;Q8TAQ2;O14497
prerank,"Cytoplasmic exosome complex, DIS3L variant",0.7237154712886031,2.3042951818144903,0.006402048655569782,0.009310244055261029,0.297,10/11,22.54%,CHEBI:18420;Q9NQT4;Q06265;Q96B26;Q9NPD3;Q9NQT5;Q15024;Q5RKV6;Q13868;Q9Y3B2
prerank,FEB1C-Elongin C-Elongin B E3 ubiquitin ligase complex,0.9632157099015185,2.3018376710010995,0.0,0.009395993109901545,0.302,4/5,1.77%,P62877;Q13617;Q15370;Q15369
prerank,SRCAP chromatin remodeling complex,0.7702487320311588,2.300907956013513,0.003778337531486146,0.009358710570757147,0.303,6/9,10.35%,O96019;Q9Y230;Q9Y265;Q15906;Q9NPF5;O95619
prerank,"CRL4-DCAF15 E3 ubiquitin ligase complex, CUL4B variant ",0.947285970055444,2.292168128077329,0.0,0.009669388227146171,0.319,3/5,0.83%,P62877;Q16531;Q13620
prerank,KLHDC2-Elongin C-Elongin B E3 ubiquitin ligase complex,0.9632157099015185,2.29205498312507,0.0,0.009577298815459065,0.319,4/5,1.77%,P62877;Q13617;Q15370;Q15369
prerank,"SCF E3 ubiquitin ligase complex, FBXO2 variant",0.9887227801759625,2.2780817449891915,0.0,0.010246950976458665,0.334,3/4,0.11%,P62877;P63208;Q13616
prerank,BRCA1-A complex,0.8335784537833072,2.2771383253276207,0.0040650406504065045,0.010203109299837823,0.335,4/7,4.43%,CHEBI:29105;CPX-715;Q9NXR7;P46736
prerank,"SCF E3 ubiquitin ligase complex, FBXO28 variant",0.9887227801759625,2.272248440640919,0.0,0.01031440982772928,0.341,3/4,0.11%,P62877;P63208;Q13616
prerank,"SCF E3 ubiquitin ligase complex, FBXL17 variant",0.9887227801759625,2.2691773680201828,0.0,0.010398182402916172,0.342,3/4,0.11%,P62877;P63208;Q13616
prerank,"SCF E3 ubiquitin ligase complex, FBXL15 variant",0.9887227801759625,2.268042716239151,0.0,0.010341534550921676,0.343,3/4,0.11%,P62877;P63208;Q13616
prerank,DUOX2-DUOXA2 dual oxidase complex,0.9282090854348294,2.2677149983148426,0.0,0.010273394111625212,0.344,3/5,0.33%,CHEBI:29108;CHEBI:57692;CHEBI:30413
prerank,DUOX1-DUOXA1 dual oxidase complex,0.9282090854348294,2.2633860045137375,0.0,0.01039249362140197,0.351,3/5,0.33%,CHEBI:29108;CHEBI:57692;CHEBI:30413
prerank,"SCF E3 ubiquitin ligase complex, FBXO42 variant",0.9887227801759625,2.2598221404019116,0.0,0.010497193379726865,0.358,3/4,0.11%,P62877;P63208;Q13616
prerank,"SCF E3 ubiquitin ligase complex, FBXW4 variant",0.9887227801759625,2.2587052189121897,0.0,0.010514768490874564,0.361,3/4,0.11%,P62877;P63208;Q13616
prerank,"Neural progenitor-specific SWI/SNF ATP-dependent chromatin remodeling complex, ARID1B-SMARCA4 variant",0.6946633142284517,2.258188310824047,0.0025031289111389237,0.010447491771727954,0.362,8/11,14.70%,P60709;O96019;Q96GM5;Q92922;P51532;Q969G3;Q12824;Q8WUB8
prerank,"SCF E3 ubiquitin ligase complex, SKP2 variant",0.9887227801759625,2.2580280033049953,0.0,0.010357427187488921,0.362,3/4,0.11%,P62877;P63208;Q13616
prerank,"SCF E3 ubiquitin ligase complex, BTRC variant",0.9887227801759625,2.2572123347315536,0.0,0.010328259984797014,0.364,3/4,0.11%,P62877;P63208;Q13616
prerank,Calprotectin heterotetramer,0.9374898120250862,2.2556685052860135,0.0,0.010248052112414354,0.368,3/5,0.39%,CHEBI:29105;CHEBI:29108;CHEBI:29035
prerank,Calprotectin heterodimer,0.9374898120250862,2.2556685052860135,0.0,0.010248052112414354,0.368,3/5,0.39%,CHEBI:29105;CHEBI:29108;CHEBI:29035
prerank,"SCF E3 ubiquitin ligase complex, TSPAN17 variant",0.9887227801759625,2.2544430371273743,0.0,0.010266824645232273,0.373,3/4,0.11%,P62877;P63208;Q13616
prerank,"SCF E3 ubiquitin ligase complex, FBXO27 variant",0.9887227801759625,2.2522841287255,0.0,0.010262328658590272,0.375,3/4,0.11%,P62877;P63208;Q13616
prerank,"SCF E3 ubiquitin ligase complex, FBXL22 variant",0.9887227801759625,2.252183253745572,0.0,0.01018959623429451,0.375,3/4,0.11%,P62877;P63208;Q13616
prerank,"SCF E3 ubiquitin ligase complex, FBXL4 variant",0.9887227801759625,2.2512419922375364,0.0,0.010163216301272083,0.377,3/4,0.11%,P62877;P63208;Q13616
prerank,"SCF E3 ubiquitin ligase complex, FBXO9 variant",0.9887227801759625,2.2512206346819403,0.0,0.010081254879487632,0.377,3/4,0.11%,P62877;P63208;Q13616
prerank,"SCF E3 ubiquitin ligase complex, FBXO15 variant",0.9887227801759625,2.2498040229338,0.0,0.010056163756232018,0.38,3/4,0.11%,P62877;P63208;Q13616
prerank,"SCF E3 ubiquitin ligase complex, FBXW5 variant",0.9887227801759625,2.249067034238863,0.0,0.009987376527170709,0.38,3/4,0.11%,P62877;P63208;Q13616
prerank,"Neural progenitor-specific SWI/SNF ATP-dependent chromatin remodeling complex, ARID1B-SMARCA2 variant",0.6928191070557514,2.248377738529705,0.0024906600249066002,0.009930609356004124,0.381,8/11,14.70%,P60709;O96019;Q96GM5;Q92922;Q969G3;Q12824;P51531;Q8WUB8
prerank,"SCF E3 ubiquitin ligase complex, FBXL2 variant",0.9887227801759625,2.2479801835451068,0.0,0.009863877821148679,0.382,3/4,0.11%,P62877;P63208;Q13616
prerank,"SCF E3 ubiquitin ligase complex, FBXO30 variant",0.9887227801759625,2.2467997845106087,0.0,0.009830482578953949,0.383,3/4,0.11%,P62877;P63208;Q13616
prerank,"SCF E3 ubiquitin ligase complex, FBXW2 variant",0.9887227801759625,2.2467003946267035,0.0,0.009754863482192766,0.383,3/4,0.11%,P62877;P63208;Q13616
prerank,"SCF E3 ubiquitin ligase complex, FBXL14 variant",0.9887227801759625,2.2464291856905847,0.0,0.009701604568504382,0.383,3/4,0.11%,P62877;P63208;Q13616
prerank,"SCF E3 ubiquitin ligase complex, FBXO7 variant",0.9887227801759625,2.24377578000368,0.0,0.009733332783478377,0.388,3/4,0.11%,P62877;P63208;Q13616
prerank,"SCF E3 ubiquitin ligase complex, FBXL6 variant",0.9887227801759625,2.2432981462840713,0.0,0.009681036640662858,0.389,3/4,0.11%,P62877;P63208;Q13616
prerank,"SCF E3 ubiquitin ligase complex, FBXL20 variant",0.9887227801759625,2.2401777042945765,0.0,0.009753906669636273,0.396,3/4,0.11%,P62877;P63208;Q13616
prerank,"SCF E3 ubiquitin ligase complex, FBXO5 variant",0.9887227801759625,2.240002220288361,0.0,0.00968165550912045,0.396,3/4,0.11%,P62877;P63208;Q13616
prerank,"SCF E3 ubiquitin ligase complex, FBXO39 variant",0.9887227801759625,2.2375329726785007,0.0,0.009763662405506386,0.403,3/4,0.11%,P62877;P63208;Q13616
prerank,"SCF E3 ubiquitin ligase complex, FBXO34 variant",0.9887227801759625,2.2363486472137892,0.0,0.009773502702955664,0.405,3/4,0.11%,P62877;P63208;Q13616
prerank,"SCF E3 ubiquitin ligase complex, FBXO41 variant",0.9887227801759625,2.235310400420819,0.0,0.009753005324474363,0.407,3/4,0.11%,P62877;P63208;Q13616
prerank,"SCF E3 ubiquitin ligase complex, FBXO24 variant",0.9887227801759625,2.235288960586774,0.0,0.009682839818542892,0.407,3/4,0.11%,P62877;P63208;Q13616
prerank,"SCF E3 ubiquitin ligase complex, FBXO33 variant",0.9887227801759625,2.2346088205107213,0.0,0.009633519146903401,0.407,3/4,0.11%,P62877;P63208;Q13616
prerank,"SCF E3 ubiquitin ligase complex, FBXL8 variant",0.9887227801759625,2.2331201989645324,0.0,0.009644003288812297,0.411,3/4,0.11%,P62877;P63208;Q13616
prerank,"SCF E3 ubiquitin ligase complex, FBH1 variant",0.9887227801759625,2.232670173799566,0.0,0.009605432270465179,0.413,3/4,0.11%,P62877;P63208;Q13616
prerank,"SCF E3 ubiquitin ligase complex, FBXL19 variant",0.9887227801759625,2.2323570072788192,0.0,0.00955768760975573,0.415,3/4,0.11%,P62877;P63208;Q13616
prerank,"SCF E3 ubiquitin ligase complex, FBXO6 variant",0.9887227801759625,2.230931472347174,0.0,0.009558834294837639,0.419,3/4,0.11%,P62877;P63208;Q13616
prerank,"SCF E3 ubiquitin ligase complex, FBXO46 variant",0.9887227801759625,2.230746355838912,0.0,0.009502490423111222,0.419,3/4,0.11%,P62877;P63208;Q13616
prerank,Mitochondrial respiratory chain complex II,0.7502081598667769,2.230414890965033,0.001314060446780552,0.00944691838524407,0.419,9/9,25.17%,CHEBI:49883;CHEBI:57692;CHEBI:190135;P31040;Q99643;CHEBI:21137;P21912;O14521;CHEBI:26355
prerank,"SCF E3 ubiquitin ligase complex, FBXW7 variant",0.9887227801759625,2.229967407506155,0.0,0.009420448815126959,0.42,3/4,0.11%,P62877;P63208;Q13616
prerank,"SCF E3 ubiquitin ligase complex, FBXL18 variant",0.9887227801759625,2.229321044232564,0.0,0.009384951989913409,0.42,3/4,0.11%,P62877;P63208;Q13616
prerank,"SCF E3 ubiquitin ligase complex, FBXO47 variant",0.9887227801759625,2.2289912663687566,0.0,0.009331287700682497,0.42,3/4,0.11%,P62877;P63208;Q13616
prerank,"SCF E3 ubiquitin ligase complex, FBXO31 variant",0.9887227801759625,2.228229686344141,0.0,0.009287598754604708,0.42,3/4,0.11%,P62877;P63208;Q13616
prerank,"SCF E3 ubiquitin ligase complex, FBXO10 variant",0.9887227801759625,2.2281919351751305,0.0,0.009226091478084146,0.42,3/4,0.11%,P62877;P63208;Q13616
prerank,"SCF E3 ubiquitin ligase complex, FBXO16 variant",0.9887227801759625,2.227660840664121,0.0,0.009201945426110098,0.421,3/4,0.11%,P62877;P63208;Q13616
prerank,"SCF E3 ubiquitin ligase complex, FBXO4 variant",0.9887227801759625,2.2272641818800825,0.0,0.009150880246164981,0.421,3/4,0.11%,P62877;P63208;Q13616
prerank,"SCF E3 ubiquitin ligase complex, CCNF variant",0.9887227801759625,2.2272493460907863,0.0,0.009100478250374995,0.421,3/4,0.11%,P62877;P63208;Q13616
prerank,"SCF E3 ubiquitin ligase complex, FBXO32 variant",0.9887227801759625,2.2265651007500327,0.0,0.009095532180159953,0.424,3/4,0.11%,P62877;P63208;Q13616
prerank,MRN double-strand break repair complex,0.9105009588989534,2.226204727571117,0.0,0.009037227486697387,0.424,2/5,0.39%,CHEBI:29105;CHEBI:29035
prerank,"SCF E3 ubiquitin ligase complex, FBXO36 variant",0.9887227801759625,2.2240491698914413,0.0,0.009006206411517923,0.425,3/4,0.11%,P62877;P63208;Q13616
prerank,"SCF E3 ubiquitin ligase complex, FBXW11 variant",0.9887227801759625,2.2233523256753003,0.0,0.008993159943549682,0.425,3/4,0.11%,P62877;P63208;Q13616
prerank,"SCF E3 ubiquitin ligase complex, FBXO17 variant",0.9887227801759625,2.2227286708694756,0.0,0.008954070546351348,0.425,3/4,0.11%,P62877;P63208;Q13616
prerank,"SCF E3 ubiquitin ligase complex, FBXO40 variant",0.9887227801759625,2.2225596372644487,0.0,0.00890678868602732,0.425,3/4,0.11%,P62877;P63208;Q13616
prerank,"SCF E3 ubiquitin ligase complex, FBXL16 variant",0.9887227801759625,2.2217526910483527,0.0,0.008877348499676353,0.425,3/4,0.11%,P62877;P63208;Q13616
prerank,"SCF E3 ubiquitin ligase complex, FBXW10 variant",0.9887227801759625,2.2217016774756777,0.0,0.008822550052147486,0.425,3/4,0.11%,P62877;P63208;Q13616
prerank,"SCF E3 ubiquitin ligase complex, FBXO11 variant",0.9887227801759625,2.2216246602599563,0.0,0.008776945284309204,0.425,3/4,0.11%,P62877;P63208;Q13616
prerank,"SCF E3 ubiquitin ligase complex, FBXO22 variant",0.9887227801759625,2.2213241994901374,0.0,0.008748835366011717,0.426,3/4,0.11%,P62877;P63208;Q13616
prerank,"SCF E3 ubiquitin ligase complex, FBXO8 variant",0.9887227801759625,2.2209013664377526,0.0,0.008695812121369223,0.426,3/4,0.11%,P62877;P63208;Q13616
prerank,"CRL4-DCAF7 E3 ubiquitin ligase complex, CUL4A variant ",0.9729595714427633,2.220214928763333,0.0,0.008651795017592947,0.426,3/4,0.86%,P62877;Q16531;Q13619
prerank,"SCF E3 ubiquitin ligase complex, FBXL12 variant",0.9887227801759625,2.220203968086039,0.0,0.008599987861798976,0.426,3/4,0.11%,P62877;P63208;Q13616
prerank,"SCF E3 ubiquitin ligase complex, FBXO25 variant",0.9887227801759625,2.2192722258956614,0.0,0.008557065153660334,0.426,3/4,0.11%,P62877;P63208;Q13616
prerank,"SCF E3 ubiquitin ligase complex, FBXL5 variant",0.9887227801759625,2.2165577356142587,0.0,0.00862971324989671,0.433,3/4,0.11%,P62877;P63208;Q13616
prerank,"Nucleosome, variant H3.1-H2A.2-H2B.1",0.924313834211256,2.214926890625008,0.0,0.008627972803526982,0.438,5/5,7.70%,P62805;P06899;P68431;CHEBI:4705;P04908
prerank,"SCF E3 ubiquitin ligase complex, FBXO3 variant",0.9887227801759625,2.214579636976327,0.0,0.008585639470725697,0.438,3/4,0.11%,P62877;P63208;Q13616
prerank,"SCF E3 ubiquitin ligase complex, FBXW9 variant",0.9887227801759625,2.2143528396255814,0.0,0.008535722962174965,0.438,3/4,0.11%,P62877;P63208;Q13616
prerank,"sTNF-TNR1A receptor-ligand core complex, BIRC3 variant",0.79750346740638,2.213806862410429,0.005263157894736842,0.00850244101319716,0.439,7/7,20.40%,Q12933;Q13546;Q13489;P19438-PRO_0000034543;O00463;Q15628;CPX-8826
prerank,MKS transition zone complex,0.6289605336297948,2.212920475095892,0.0073439412484700125,0.008485506821041018,0.44,14/14,37.35%,Q9H6L2;Q9NXB0;Q9P0N5;Q9P2K1;Q9UPM9;Q6NUS6;Q86X19;Q8N157;Q96GX1;Q96Q45;Q5HYA8;Q2MV58;Q9BPU9;Q6UX40
prerank,40S cytosolic small ribosomal subunit,0.5018161497625031,2.212442355736973,0.009554140127388535,0.00843701821063507,0.44,33/33,50.28%,P62841;P62847;P62851;P62854;P62857;P62861;P62979;P63220;URS0000704D22_9606;P60866;P61247;P62081;P62753;P62244;P63244;P62241;[P62701];P62249;P62263;P62266;P62269;P62273;P62277;P62280;P08708;P08865;P15880;P23396;P25398;P39019;P46781;P46782;P46783
prerank,"CRL4-AMBRA1 E3 ubiquitin ligase complex, CUL4A variant ",0.9729595714427633,2.2121757082169164,0.0,0.008396972498611616,0.44,3/4,0.86%,P62877;Q16531;Q13619
prerank,"SCF E3 ubiquitin ligase complex, KDM2A variant",0.9887227801759625,2.212028887426955,0.0,0.00834953197602059,0.44,3/4,0.11%,P62877;P63208;Q13616
prerank,"SCF E3 ubiquitin ligase complex, FBXO38 variant",0.9887227801759625,2.210315270570703,0.0,0.008365050241076977,0.442,3/4,0.11%,P62877;P63208;Q13616
prerank,"CRL4-DCAF9 E3 ubiquitin ligase complex, CUL4A variant ",0.9729595714427633,2.209508331225188,0.0,0.008333837367043108,0.443,3/4,0.86%,P62877;Q16531;Q13619
prerank,"CRL4-DCAF10 E3 ubiquitin ligase complex, CUL4B variant ",0.973236733305291,2.2092048966618827,0.0,0.008302971302720724,0.444,3/4,0.83%,P62877;Q16531;Q13620
prerank,"SCF E3 ubiquitin ligase complex, LMO7 variant",0.9887227801759625,2.2085742537560615,0.0,0.008287794066672705,0.445,3/4,0.11%,P62877;P63208;Q13616
prerank,"CRL4-DCAF7 E3 ubiquitin ligase complex, CUL4B variant ",0.973236733305291,2.2081672714302663,0.0,0.008257520175037218,0.445,3/4,0.83%,P62877;Q16531;Q13620
prerank,"CRL4-DCAF12 E3 ubiquitin ligase complex, CUL4A variant ",0.9729595714427633,2.2062655075655044,0.0,0.008295887287958213,0.446,3/4,0.86%,P62877;Q16531;Q13619
prerank,"SCF E3 ubiquitin ligase complex, FBXL21 variant",0.9887227801759625,2.206102079002152,0.0,0.008250800944001917,0.446,3/4,0.11%,P62877;P63208;Q13616
prerank,"Non-canonical polycomb repressive complex 1.1, RING2-PCGF1-RYBP variant",0.8342676039189486,2.205298735308002,0.0,0.008221217943164147,0.446,3/6,2.44%,P63208;Q99496;Q8N488
prerank,"SCF E3 ubiquitin ligase complex, FBXL7 variant",0.9887227801759625,2.2047737631314988,0.0,0.00818448544290255,0.446,3/4,0.11%,P62877;P63208;Q13616
prerank,PCAF histone acetylase complex,0.7154336638372873,2.204607766136175,0.007575757575757576,0.008140718141068846,0.446,8/10,14.92%,Q9Y4A5;Q12962;Q16514;Q16594;O75528;Q92831;O75529;O75486
prerank,"SCF E3 ubiquitin ligase complex, FBXO43 variant",0.9887227801759625,2.2045823962977145,0.0,0.00809741644882912,0.446,3/4,0.11%,P62877;P63208;Q13616
prerank,"CRL4-DCAF11 E3 ubiquitin ligase complex, CUL4A variant ",0.9729595714427633,2.2042764532472683,0.0,0.008061922038488791,0.446,3/4,0.86%,P62877;Q16531;Q13619
prerank,"CRL4-DCAF11 E3 ubiquitin ligase complex, CUL4B variant ",0.973236733305291,2.203907664542631,0.0,0.008034111637175769,0.446,3/4,0.83%,P62877;Q16531;Q13620
prerank,"SCF E3 ubiquitin ligase complex, FBXW12 variant",0.9887227801759625,2.203013148106718,0.0,0.008006592444253457,0.446,3/4,0.11%,P62877;P63208;Q13616
prerank,"SCF E3 ubiquitin ligase complex, FBXO21 variant",0.9887227801759625,2.2022181471938165,0.0,0.007986594143416311,0.448,3/4,0.11%,P62877;P63208;Q13616
prerank,"Non-canonical polycomb repressive complex 1.1, RING1-PCGF1-YAF2 variant",0.8173121826093848,2.200890650512847,0.002789400278940028,0.008017180334098465,0.45,3/6,3.21%,P63208;Q06587;Q8IY57
prerank,"SCF E3 ubiquitin ligase complex, FBXO44 variant",0.9887227801759625,2.20038160186524,0.0,0.007990173970464011,0.451,3/4,0.11%,P62877;P63208;Q13616
prerank,"SCF E3 ubiquitin ligase complex, FBXL3 variant",0.9887227801759625,2.2000433578419445,0.0,0.007956321657253976,0.451,3/4,0.11%,P62877;P63208;Q13616
prerank,"CRL4-DCAF8 E3 ubiquitin ligase complex, CUL4B variant ",0.973236733305291,2.199963879282409,0.0,0.007915728179410842,0.451,3/4,0.83%,P62877;Q16531;Q13620
prerank,"CRL4-DCAF9 E3 ubiquitin ligase complex, CUL4B variant ",0.973236733305291,2.1999254517239457,0.0,0.007875546818094038,0.451,3/4,0.83%,P62877;Q16531;Q13620
prerank,"CRL4-CRBN E3 ubiquitin ligase complex, CUL4A variant ",0.9729595714427633,2.197828862298989,0.0,0.007919951504538442,0.454,3/4,0.86%,P62877;Q16531;Q13619
prerank,"CRL4-ERCC8 E3 ubiquitin ligase complex, CUL4B variant",0.973236733305291,2.1973990285196083,0.0,0.007894112279837317,0.454,3/4,0.83%,P62877;Q16531;Q13620
prerank,"CRL4-DCAF5 E3 ubiquitin ligase complex, CUL4B variant ",0.973236733305291,2.1972944924988647,0.0,0.00785464171843813,0.454,3/4,0.83%,P62877;Q16531;Q13620
prerank,"SCF E3 ubiquitin ligase complex, KDM2B variant",0.9757303608836865,2.19699829124856,0.0,0.0078362948376674,0.454,3/4,0.11%,P62877;P63208;Q13616
prerank,"CRL4-DCAF14 E3 ubiquitin ligase complex, CUL4B variant ",0.973236733305291,2.1957877708347815,0.0,0.007845634022934147,0.456,3/4,0.83%,P62877;Q16531;Q13620
prerank,"CRL4-DCAF10 E3 ubiquitin ligase complex, CUL4A variant ",0.9729595714427633,2.193422086901463,0.0,0.007841196734508539,0.457,3/4,0.86%,P62877;Q16531;Q13619
prerank,"CRL4-DDB2 E3 ubiquitin ligase complex, CUL4A variant ",0.9729595714427633,2.191335254137814,0.0,0.007898081164844776,0.461,3/4,0.86%,P62877;Q16531;Q13619
prerank,"Non-canonical polycomb repressive complex 1.1, RING2-PCGF1-YAF2 variant",0.8181648711125635,2.189687836402819,0.0,0.007927308714992224,0.467,3/6,3.21%,P63208;Q99496;Q8IY57
prerank,"Non-canonical polycomb repressive complex 1.1, RING1-PCGF1-RYBP variant",0.8259297074963683,2.188761555157062,0.0014347202295552368,0.007915796981317644,0.468,3/6,2.44%,P63208;Q06587;Q8N488
prerank,"CRL4-DCAF4 E3 ubiquitin ligase complex, CUL4B variant ",0.973236733305291,2.188147128014344,0.0,0.007911106486106139,0.472,3/4,0.83%,P62877;Q16531;Q13620
prerank,"CRL4-AMBRA1 E3 ubiquitin ligase complex, CUL4B variant ",0.973236733305291,2.187318682803461,0.0,0.007906461091810127,0.473,3/4,0.83%,P62877;Q16531;Q13620
prerank,"CRL4-DDB2 E3 ubiquitin ligase complex, CUL4B variant ",0.973236733305291,2.1862091254983294,0.0,0.007915151757694052,0.475,3/4,0.83%,P62877;Q16531;Q13620
prerank,"CRL4-DCAF16 E3 ubiquitin ligase complex, CUL4A variant ",0.9729595714427633,2.1861700936610484,0.0,0.00787746055884789,0.475,3/4,0.86%,P62877;Q16531;Q13619
prerank,"CRL4-DCAF5 E3 ubiquitin ligase complex, CUL4A variant ",0.9729595714427633,2.1858550818714684,0.0,0.007846709432476607,0.475,3/4,0.86%,P62877;Q16531;Q13619
prerank,"CRL4-DCAF8 E3 ubiquitin ligase complex, CUL4A variant ",0.9729595714427633,2.182604497420946,0.0,0.007907973036180056,0.481,3/4,0.86%,P62877;Q16531;Q13619
prerank,"CRL4-ERCC8 E3 ubiquitin ligase complex, CUL4A variant ",0.9729595714427633,2.180092002487356,0.0,0.007955619395768852,0.484,3/4,0.86%,P62877;Q16531;Q13619
prerank,"CRL4-DCAF14 E3 ubiquitin ligase complex, CUL4A variant ",0.9729595714427633,2.1795160243354417,0.0,0.007944405714377541,0.484,3/4,0.86%,P62877;Q16531;Q13619
prerank,"CRL4-DCAF1 E3 ubiquitin ligase complex, CUL4A variant ",0.9729595714427633,2.1779796744922413,0.0,0.00795267736343416,0.486,3/4,0.86%,P62877;Q16531;Q13619
prerank,"CRL4-DCAF17 E3 ubiquitin ligase complex, CUL4A variant ",0.9729595714427633,2.1778047206556006,0.0,0.00791585941267752,0.486,3/4,0.86%,P62877;Q16531;Q13619
prerank,"CRL4-DCAF4 E3 ubiquitin ligase complex, CUL4A variant ",0.9729595714427633,2.1758337122296956,0.0,0.007962591155608007,0.493,3/4,0.86%,P62877;Q16531;Q13619
prerank,"CRL4-DCAF17 E3 ubiquitin ligase complex, CUL4B variant ",0.973236733305291,2.175797725223308,0.0,0.007932436943401124,0.494,3/4,0.83%,P62877;Q16531;Q13620
prerank,"SCF E3 ubiquitin ligase complex, FBXL13 variant",0.9714561236159469,2.1755188921392614,0.0,0.007908900454111687,0.494,3/4,0.11%,P62877;P63208;Q13616
prerank,"CRL4-DCAF12 E3 ubiquitin ligase complex, CUL4B variant ",0.973236733305291,2.17537260862716,0.0,0.007885577932906698,0.495,3/4,0.83%,P62877;Q16531;Q13620
prerank,"CRL4-CRBN E3 ubiquitin ligase complex, CUL4B variant ",0.973236733305291,2.1749349328340988,0.0,0.00786875142046604,0.496,3/4,0.83%,P62877;Q16531;Q13620
prerank,"CRL3 E3 ubiquitin ligase complex, SPOP-SPOPL variant",0.964887319365703,2.173399446555845,0.0,0.007889616306187206,0.499,2/4,0.14%,P62877;Q13618
prerank,"CRL4-DCAF1 E3 ubiquitin ligase complex, CUL4B variant ",0.973236733305291,2.169970375102929,0.0,0.008003722732922568,0.503,3/4,0.83%,P62877;Q16531;Q13620
prerank,"sTNF-TNR1A receptor-ligand core complex, BIRC2 variant",0.79750346740638,2.16872175141649,0.00535475234270415,0.008017598002668705,0.505,7/7,20.40%,Q12933;Q13546;Q13490;P19438-PRO_0000034543;O00463;Q15628;CPX-8826
prerank,"CRL4-CDT2 E3 ubiquitin ligase complex, CUL4B variant ",0.973236733305291,2.168106083691134,0.0,0.008000483872361384,0.505,3/4,0.83%,P62877;Q16531;Q13620
prerank,"SWI/SNF ATP-dependent chromatin remodeling complex, ACTL6A-ARID1B-SMARCA4 variant",0.677925882074376,2.1663633120644827,0.0038412291933418692,0.008026542478877803,0.507,7/11,10.47%,P60709;O96019;Q96GM5;Q92922;P51532;Q969G3;Q12824
prerank,BRISC-SHMT2 complex,0.8341549701388251,2.1648453495042705,0.002797202797202797,0.0080890844340903,0.511,3/6,4.43%,CHEBI:29105;Q9NXR7;P46736
prerank,"CRL4-DCAF16 E3 ubiquitin ligase complex, CUL4B variant ",0.973236733305291,2.1643185434822643,0.0,0.00806578996634874,0.512,3/4,0.83%,P62877;Q16531;Q13620
prerank,"CRL4-CDT2 E3 ubiquitin ligase complex, CUL4A variant ",0.9729595714427633,2.1638787288443497,0.0,0.008060895095196719,0.512,3/4,0.86%,P62877;Q16531;Q13619
prerank,Glycosylphosphatidylinositol-N-acetylglucosaminyltransferase complex,0.7816920943134535,2.1633698484434163,0.0,0.008043964762972042,0.513,7/7,21.98%,O94777;P57054;Q3MUY2;Q92535;Q9BRB3;P37287;Q14442
prerank,"CRL4-DCAF6 E3 ubiquitin ligase complex, CUL4A variant ",0.9729595714427633,2.162184920660837,0.0,0.008039206753056735,0.514,3/4,0.86%,P62877;Q16531;Q13619
prerank,"Calcineurin-Calmodulin-AKAP5 complex, gamma-R2 variant",0.833875149731944,2.161792253336862,0.0027662517289073307,0.00804047671259978,0.516,3/6,3.85%,CHEBI:29105;CHEBI:29108;CHEBI:29034
prerank,"Phagocyte NADPH oxidase complex, RAC3 variant",0.7478526424474362,2.1612255298888545,0.00648508430609598,0.008017890742970657,0.516,7/8,19.63%,CHEBI:57692;CHEBI:37565;P13498;P04839;P14598;Q15080;P19878
prerank,"Calcineurin-Calmodulin-AKAP5 complex, alpha-R2 variant",0.833875149731944,2.1603693080762625,0.0027624309392265192,0.008007369379017915,0.518,3/6,3.85%,CHEBI:29105;CHEBI:29108;CHEBI:29034
prerank,"CRL4-DCAF6 E3 ubiquitin ligase complex, CUL4B variant ",0.973236733305291,2.160091963666306,0.0,0.007979205989722125,0.518,3/4,0.83%,P62877;Q16531;Q13620
prerank,"Calcineurin-Calmodulin-AKAP5 complex, beta-R2 variant",0.833875149731944,2.156546213273446,0.004189944134078212,0.008068990840548093,0.525,3/6,3.85%,CHEBI:29105;CHEBI:29108;CHEBI:29034
prerank,"CRL3 E3 ubiquitin ligase complex, KBTBD6-KBTBD7 variant",0.964887319365703,2.1521042039757945,0.0,0.00819904252917954,0.537,2/4,0.14%,P62877;Q13618
prerank,"Calcineurin-Calmodulin-AKAP5 complex, gamma-R1 variant",0.833875149731944,2.1508196620897055,0.0013869625520110957,0.00820544491460967,0.539,3/6,3.85%,CHEBI:29105;CHEBI:29108;CHEBI:29034
prerank,"Calcineurin-Calmodulin complex, gamma-R2 variant",0.8773258525066527,2.150023335259685,0.002793296089385475,0.008223416927730822,0.539,3/5,3.85%,CHEBI:29105;CHEBI:29108;CHEBI:29034
prerank,"CRL4-DCAF13 E3 ubiquitin ligase complex, CUL4B variant ",0.9509423503325941,2.1437200510544385,0.0,0.0084322229470707,0.551,4/4,5.01%,P62877;Q16531;Q13620;Q9NV06
prerank,"Calcineurin-Calmodulin complex, beta-R2 variant",0.8773258525066527,2.1435855148028744,0.0028368794326241137,0.008402997843118154,0.551,3/5,3.85%,CHEBI:29105;CHEBI:29108;CHEBI:29034
prerank,"Calcineurin-Calmodulin-AKAP5 complex, beta-R1 variant",0.833875149731944,2.142704460680767,0.0014005602240896359,0.008379753826365658,0.551,3/6,3.85%,CHEBI:29105;CHEBI:29108;CHEBI:29034
prerank,"Phagocyte NADPH oxidase complex, RAC2 variant",0.7478526424474362,2.1422495825858054,0.003937007874015748,0.00835670111839302,0.551,7/8,19.63%,CHEBI:57692;CHEBI:37565;P13498;P04839;P14598;Q15080;P19878
prerank,"CRL4-DCAF13 E3 ubiquitin ligase complex, CUL4A variant ",0.9509423503325942,2.1416971442289294,0.0,0.008345222390768577,0.552,4/4,5.01%,P62877;Q16531;Q13619;Q9NV06
prerank,"Calcineurin-Calmodulin-AKAP5 complex, alpha-R1 variant",0.833875149731944,2.1387530239588175,0.001379310344827586,0.008469900017933608,0.561,3/6,3.85%,CHEBI:29105;CHEBI:29108;CHEBI:29034
prerank,"SWI/SNF ATP-dependent chromatin remodeling complex, ACTL6A-ARID1A-SMARCA4 variant",0.66934037816869,2.134849205262774,0.005031446540880503,0.008604856468410364,0.57,7/11,10.47%,P60709;O96019;Q96GM5;Q92922;P51532;Q969G3;Q12824
prerank,HBO1-4.1 histone acetyltransferase complex,0.8724815348386539,2.1332989580932784,0.0028011204481792717,0.008659992945510382,0.576,2/5,1.55%,CHEBI:29105;Q9HAF1
prerank,"Calcineurin-Calmodulin complex, alpha-R2 variant",0.8773258525066527,2.131277832809968,0.0014124293785310734,0.00870908407644626,0.581,3/5,3.85%,CHEBI:29105;CHEBI:29108;CHEBI:29034
prerank,"SWI/SNF ATP-dependent chromatin remodeling complex, ACTL6A-ARID1A-SMARCA2 variant",0.6600188916067333,2.1298406435635355,0.003663003663003663,0.00872431167473589,0.581,9/11,23.23%,P60709;O96019;Q96GM5;Q92922;Q969G3;Q12824;P51531;Q8TAQ2;O14497
prerank,"Phagocyte NADPH oxidase complex, RAC1 variant",0.7478526424474362,2.12894324916835,0.0053404539385847796,0.008756085126973293,0.583,7/8,19.63%,CHEBI:57692;CHEBI:37565;P13498;P04839;P14598;Q15080;P19878
prerank,"Calcineurin-Calmodulin complex, gamma-R1 variant",0.8773258525066527,2.127113473494094,0.0014044943820224719,0.00879313916084429,0.583,3/5,3.85%,CHEBI:29105;CHEBI:29108;CHEBI:29034
prerank,HBO1-4.3 histone acetyltransferase complex,0.8724815348386539,2.126396056614976,0.0014326647564469914,0.008791316534678411,0.584,2/5,1.55%,CHEBI:29105;Q9HAF1
prerank,HBO1-4.2 histone acetyltransferase complex,0.8724815348386539,2.1227189669934776,0.0014184397163120568,0.008970678694168932,0.592,2/5,1.55%,CHEBI:29105;Q9HAF1
prerank,"Calcineurin-Calmodulin complex, beta-R1 variant",0.8773258525066527,2.1159716602028626,0.0014245014245014246,0.009257996497640409,0.605,3/5,3.85%,CHEBI:29105;CHEBI:29108;CHEBI:29034
prerank,"Muscle cell-specific SWI/SNF ATP-dependent chromatin remodeling complex, ACTL6A-ARID1B-SMARCA4 variant",0.641317440487847,2.112184139673448,0.003787878787878788,0.009395993109901543,0.613,7/12,10.47%,P60709;O96019;Q96GM5;Q92922;P51532;Q969G3;Q12824
prerank,Myb-MuvB transcriptional activation complex,0.806041596674083,2.106643522674029,0.007052186177715092,0.009619722429536088,0.621,5/6,12.85%,Q09028;Q52LA3;Q5TKA1;Q96GY3;Q6MZP7
prerank,"Calcineurin-Calmodulin complex, alpha-R1 variant",0.8773258525066527,2.106469513337143,0.0,0.009587696166753874,0.622,3/5,3.85%,CHEBI:29105;CHEBI:29108;CHEBI:29034
prerank,"SWI/SNF ATP-dependent chromatin remodeling complex, ACTL6A-ARID1B-SMARCA2 variant",0.6526098005023616,2.103631559895811,0.0037593984962406013,0.009636672407627365,0.626,7/11,12.74%,P60709;O96019;Q96GM5;Q92922;Q969G3;Q12824;P51531
prerank,"TIM23 mitochondrial inner membrane pre-sequence translocase complex, TIM17B variant",0.6314056315697222,2.103148334192486,0.011042944785276074,0.009626279326796898,0.628,11/12,29.29%,Q9Y3D7;Q8TAA5;P60602;P38646;Q9Y5T4;Q9HAV7;Q9BVV7;O43615;Q3ZCQ8;O14925;Q96DA6
prerank,"Radial spoke complex, ciliiar variant",0.6380267743921613,2.101029022850694,0.009987515605493134,0.009658703820265346,0.629,11/12,29.68%,Q96FJ2;Q96C74;Q9H1X1;P56597;P59910;Q6P9G0;Q86UC2;Q8IYR0;Q9UHP6;Q8WYR4;Q8WWB3
prerank,C-to-U editosome complex,0.8450357036643507,2.100504489392022,0.0028368794326241137,0.009648305968358336,0.629,1/5,0.06%,CHEBI:29105
prerank,BRISC complex,0.8657144170526757,2.100064577417934,0.0028776978417266188,0.009622083219582215,0.629,3/5,4.43%,CHEBI:29105;Q9NXR7;P46736
prerank,"Nucleosome, variant H3.1-H2A.V-H2B.1",0.8649429431935243,2.0987876255418207,0.0014326647564469914,0.009638310009412973,0.631,4/5,4.76%,P62805;P06899;P68431;CHEBI:4705
prerank,"SWI/SNF ATP-dependent chromatin remodeling complex, ACTL6B-ARID1B-SMARCA4 variant",0.6536897404760156,2.096434974624721,0.0038314176245210726,0.009728071522514333,0.638,7/11,10.47%,P60709;Q96GM5;Q92922;P51532;O94805;Q969G3;Q12824
prerank,HBO1-5.2 histone acetyltransferase complex,0.8467920146354588,2.0937481959672506,0.00141643059490085,0.009864328254575552,0.646,2/5,1.55%,CHEBI:29105;Q9HAF1
prerank,HBO1-5.3 histone acetyltransferase complex,0.8467920146354588,2.0929529908524813,0.002844950213371266,0.009869017934656311,0.647,2/5,1.55%,CHEBI:29105;Q9HAF1
prerank,"Polybromo-associated SWI/SNF ATP-dependent chromatin remodeling complex, ACTL6A variant",0.6271903418786989,2.091444824150524,0.004895960832313341,0.009925693942770443,0.651,8/13,14.70%,P60709;O96019;Q96GM5;Q92922;P51532;Q969G3;Q12824;Q8WUB8
prerank,"TIM23 mitochondrial inner membrane pre-sequence translocase complex, TIM17A variant",0.6314056315697222,2.082789006961684,0.012269938650306749,0.010381017566036906,0.679,11/12,29.29%,Q9Y3D7;Q8TAA5;P60602;P38646;Q9Y5T4;Q9HAV7;Q9BVV7;O43615;Q3ZCQ8;O14925;Q96DA6
prerank,"SWI/SNF ATP-dependent chromatin remodeling complex, ACTL6B-ARID1A-SMARCA4 variant",0.6512595724814706,2.082306351045804,0.006257822277847309,0.010373407230724663,0.68,10/11,29.37%,P60709;Q96GM5;Q92922;P51532;O94805;Q969G3;Q12824;Q8TAQ2;O14497;Q92925
prerank,"Neuron-specific SWI/SNF ATP-dependent chromatin remodeling complex, ARID1B-SMARCA4 variant",0.6251602285457005,2.080330596435469,0.006273525721455458,0.010468740149341188,0.69,7/12,10.47%,P60709;Q96GM5;Q92922;P51532;O94805;Q969G3;Q12824
prerank,"Nucleosome complex, H2A type 1 variant ",0.8649429431935243,2.079882446522294,0.0014084507042253522,0.010455736918061464,0.69,4/5,4.76%,P62805;P06899;P68431;CHEBI:4705
prerank,"SWI/SNF ATP-dependent chromatin remodeling complex, ACTL6B-ARID1A-SMARCA2 variant",0.6505338678117824,2.0770228646391873,0.006234413965087282,0.010570492248639237,0.697,10/11,29.37%,P60709;Q96GM5;Q92922;O94805;Q969G3;Q12824;P51531;Q8TAQ2;O14497;Q92925
prerank,"Nucleosome, variant H3.1-H2A.Z-H2B.1",0.8649429431935243,2.0763912823805444,0.0014044943820224719,0.010587738437617037,0.697,4/5,4.76%,P62805;P06899;P68431;CHEBI:4705
prerank,"Muscle cell-specific SWI/SNF ATP-dependent chromatin remodeling complex, ACTL6A-ARID1A-SMARCA4 variant",0.6335133713301703,2.0759017528654136,0.004956629491945477,0.010594720253722685,0.699,7/12,10.47%,P60709;O96019;Q96GM5;Q92922;P51532;Q969G3;Q12824
prerank,"Histone-lysine N-methyltransferase complex, SET1A variant",0.6962606137165428,2.0745079400361552,0.007662835249042145,0.010642057777187774,0.701,6/9,11.54%,P61964;P51610;Q9UBL3;Q15291;Q9C005;Q9Y5Z7
prerank,HBO1-5.1 histone acetyltransferase complex,0.8467920146354588,2.0703151453415267,0.002861230329041488,0.01079473499535475,0.708,2/5,1.55%,CHEBI:29105;Q9HAF1
prerank,"Vacuolar proton translocating ATPase complex, ATP6V0A3 variant",0.6529503489329376,2.064640936879888,0.007471980074719801,0.011166940924431408,0.72,9/10,26.22%,P27449;O75787;Q9Y5K8;P38606;Q15904;Q16864;Q6P5S7;Q99437;Q9UI12
prerank,Chromosomal passenger complex,0.8450357036643507,2.057858094428579,0.002894356005788712,0.011656380442033317,0.735,1/5,0.06%,CHEBI:29105
prerank,Myb-MuvB-FOXM1 transcriptional activation complex,0.7476700120203638,2.0571644513448515,0.008119079837618403,0.011654428480434836,0.735,5/7,12.85%,Q09028;Q52LA3;Q5TKA1;Q96GY3;Q6MZP7
prerank,"Brain-specific SWI/SNF ATP-dependent chromatin remodeling complex, ARID1A-SMARCA4 variant",0.7078246392896781,2.050415446077601,0.006476683937823834,0.012222961471663225,0.758,8/8,29.37%,P60709;P51532;O94805;Q969G3;Q12824;Q8TAQ2;O14497;Q92925
prerank,"Brain-specific SWI/SNF ATP-dependent chromatin remodeling complex, ARID1A-SMARCA2 variant",0.7078246392896781,2.045738402554648,0.00390625,0.012653987935723818,0.766,8/8,29.37%,P60709;O94805;Q969G3;Q12824;P51531;Q8TAQ2;O14497;Q92925
prerank,"Vacuolar proton translocating ATPase complex, ATP6V0A4 variant",0.6529503489329376,2.0446408493165595,0.007653061224489796,0.012697773482409653,0.767,9/10,26.22%,P27449;O75787;Q9Y5K8;P38606;Q15904;Q16864;Q6P5S7;Q99437;Q9UI12
prerank,"Vacuolar proton translocating ATPase complex, ATP6V0A2 variant",0.6529503489329376,2.0429544573080705,0.011450381679389313,0.01282959415633138,0.77,9/10,26.22%,P27449;O75787;Q9Y5K8;P38606;Q15904;Q16864;Q6P5S7;Q99437;Q9UI12
prerank,"Nucleosome complex, H2BC12 variant ",0.8318674198477896,2.04201821571907,0.0014144271570014145,0.012862671523077096,0.774,4/5,7.70%,P62805;P68431;CHEBI:4705;P04908
prerank,"Muscle cell-specific SWI/SNF ATP-dependent chromatin remodeling complex, ACTL6A-ARID1A-SMARCA2 variant",0.6182287468781996,2.040988121061123,0.006105006105006105,0.012934505480779186,0.777,9/12,23.23%,P60709;O96019;Q96GM5;Q92922;Q969G3;Q12824;P51531;Q8TAQ2;O14497
prerank,"Polybromo-associated SWI/SNF ATP-dependent chromatin remodeling complex, ACTL6B variant",0.6044530214853727,2.035773664914468,0.006060606060606061,0.013379791343941586,0.781,8/13,14.70%,P60709;Q96GM5;Q92922;P51532;O94805;Q969G3;Q12824;Q8WUB8
prerank,"Nucleosome, variant H3.2-H2A.2-H2B.1",0.8336789820440478,2.0345459068784453,0.001440922190201729,0.013444483278539927,0.784,4/5,7.70%,P62805;P06899;CHEBI:4705;P04908
prerank,"Muscle cell-specific SWI/SNF ATP-dependent chromatin remodeling complex, ACTL6A-ARID1B-SMARCA2 variant",0.6157107266509587,2.0333064421094864,0.006242197253433208,0.013489434673390957,0.787,7/12,12.74%,P60709;O96019;Q96GM5;Q92922;Q969G3;Q12824;P51531
prerank,"DREAM transcriptional repressor complex, RBL1 variant",0.6548221236097501,2.033125100389061,0.00749063670411985,0.01345717683259556,0.787,9/10,28.52%,Q09028;Q14186;Q52LA3;Q5TKA1;Q96GY3;Q6MZP7;Q14188;Q15329;Q16254
prerank,Eukaryotic translation initiation factor 3 complex,-0.45846068352320085,-2.031901202483363,0.0,0.028804994054696793,0.481,13/13,54.35%,O15371;O15372;O75821;O75822;P55884;P60228;Q13347;Q14152;O00303;Q7L2H7;Q99613;Q9UBQ5;Q9Y262
prerank,"Muscle cell-specific SWI/SNF ATP-dependent chromatin remodeling complex, ACTL6B-ARID1B-SMARCA4 variant",0.6144977711302716,2.031331030810957,0.005018820577164366,0.013501774446950873,0.788,7/12,10.47%,P60709;Q96GM5;Q92922;P51532;O94805;Q969G3;Q12824
prerank,"SWI/SNF ATP-dependent chromatin remodeling complex, ACTL6B-ARID1B-SMARCA2 variant",0.6277753747036161,2.030251281965551,0.010012515644555695,0.013531746240301954,0.79,7/11,12.74%,P60709;Q96GM5;Q92922;O94805;Q969G3;Q12824;P51531
prerank,"Neuron-specific SWI/SNF ATP-dependent chromatin remodeling complex, ARID1A-SMARCA4 variant",0.6166154804054695,2.0295688898600157,0.00749063670411985,0.013532972208468974,0.791,9/12,23.23%,P60709;Q96GM5;Q92922;P51532;O94805;Q969G3;Q12824;Q8TAQ2;O14497
prerank,"Vacuolar proton translocating ATPase complex, ATP6V0A1 variant",0.6529503489329376,2.0286626996292827,0.008951406649616368,0.01357685450467091,0.791,9/10,26.22%,P27449;O75787;Q9Y5K8;P38606;Q15904;Q16864;Q6P5S7;Q99437;Q9UI12
prerank,GET complex,0.8967356899764521,2.0285428502581153,0.0014858841010401188,0.013530674727444139,0.791,1/4,0.06%,CHEBI:29105
prerank,"CRL3 E3 ubiquitin ligase complex, KLHL26 variant ",0.986608367821205,2.027357581040473,0.0,0.01359310083539743,0.794,2/3,0.14%,P62877;Q13618
prerank,"Neuron-specific SWI/SNF ATP-dependent chromatin remodeling complex, ARID1A-SMARCA2 variant",0.6147389803646642,2.0255730322258714,0.008663366336633664,0.013720799809253404,0.8,9/12,23.23%,P60709;Q96GM5;Q92922;O94805;Q969G3;Q12824;P51531;Q8TAQ2;O14497
prerank,"DREAM transcriptional repressor complex, RBL2 variant",0.6548221236097501,2.0226626837018107,0.007537688442211055,0.013945849062021632,0.804,9/10,28.52%,Q09028;Q14186;Q52LA3;Q5TKA1;Q96GY3;Q6MZP7;Q14188;Q15329;Q16254
prerank,"Nucleosome, variant H3.1t-H2A.2-H2B.1",0.8336789820440478,2.0201640805229357,0.0014285714285714286,0.014094812191240693,0.812,4/5,7.70%,P62805;P06899;CHEBI:4705;P04908
prerank,Intraflagellar transport complex B,0.5483870967741937,2.0193653609298394,0.004597701149425287,0.014103417082688337,0.812,16/16,45.40%,A0AVF1;Q13099;Q8IY31;Q9BW83;Q9H7X7;Q8N4P2;Q8TDR0;Q8WYA0;Q96AJ1;Q96LB3;Q9NQC8;Q9NWB7;Q9P2H3;Q9UG01;Q9Y366;Q9Y547
prerank,MBD3/NuRD nucleosome remodeling and deacetylase complex,0.6197831980438679,2.0157383840537664,0.014527845036319613,0.014385129277446077,0.822,4/12,1.00%,Q09028;Q16576;Q92769;Q13547
prerank,MBD2/NuRD nucleosome remodeling and deacetylase complex,0.6197831980438679,2.014979695095256,0.012330456226880395,0.014383483429165763,0.822,4/12,1.00%,Q09028;Q16576;Q92769;Q13547
prerank,"Neuron-specific SWI/SNF ATP-dependent chromatin remodeling complex, ARID1B-SMARCA2 variant",0.5990052270838304,2.0104592664780836,0.007380073800738007,0.014823376288068398,0.832,7/12,12.74%,P60709;Q96GM5;Q92922;O94805;Q969G3;Q12824;P51531
prerank,Chaperonin-containing T-complex,-0.5724195338512764,-2.0080199425082306,0.008849557522123894,0.02981162019101684,0.559,8/8,42.91%,P17987;P40227;P48643;P49368;P50990;P50991;P78371;Q99832
prerank,"CRL3 E3 ubiquitin ligase complex, KLHL40 variant ",0.986608367821205,2.0075898379746255,0.0,0.015035746184764243,0.835,2/3,0.14%,P62877;Q13618
prerank,"CRL3 E3 ubiquitin ligase complex, KLHL3 variant ",0.986608367821205,2.0059464887638754,0.0,0.015155339115395827,0.839,2/3,0.14%,P62877;Q13618
prerank,"CRL3 E3 ubiquitin ligase complex, KLHL6 variant ",0.986608367821205,2.004096677630199,0.0,0.01533334995346128,0.843,2/3,0.14%,P62877;Q13618
prerank,PAF1 complex,0.7692734331669443,2.0038953524122403,0.004092769440654843,0.015292319220897728,0.843,6/6,23.20%,Q9GZS3;Q6PD62;Q92541;Q6P1J9;Q8WVC0;Q8N7H5
prerank,"CRL3 E3 ubiquitin ligase complex, KLHL10 variant ",0.986608367821205,2.0035239274777488,0.0,0.015260604472875356,0.844,2/3,0.14%,P62877;Q13618
prerank,VCP-NPL4-UFD1-UBXN1 AAA ATPase complex,0.8721671765548542,2.002256289821294,0.0015151515151515152,0.01533281766663775,0.846,3/4,3.74%,P55072;Q8TAT6;Q92890
prerank,"CRL3 E3 ubiquitin ligase complex, KLHL13 variant ",0.986608367821205,1.9971778199756856,0.0,0.01575517797814784,0.85,2/3,0.14%,P62877;Q13618
prerank,General transcription factor complex TFIID,0.5742704754074346,1.996844809617527,0.014405762304921969,0.015740199285173354,0.851,9/14,18.63%,P20226;Q12962;Q16514;Q16594;Q15545;Q15542;Q6P1X5;P49848;O00268
prerank,"CRL3 E3 ubiquitin ligase complex, KLHL25 variant ",0.986608367821205,1.9942235146379366,0.0,0.015868233743357,0.858,2/3,0.14%,P62877;Q13618
prerank,"CRL3 E3 ubiquitin ligase complex, ENC1 variant ",0.986608367821205,1.9923422224572478,0.0,0.01600435114023503,0.864,2/3,0.14%,P62877;Q13618
prerank,"CRL3 E3 ubiquitin ligase complex, KLHL35 variant ",0.986608367821205,1.9915303841823306,0.0,0.016055284128840237,0.865,2/3,0.14%,P62877;Q13618
prerank,VCP-NPL4-UFD1-FAF2 AAA ATPase complex,0.8721671765548542,1.9912359868927723,0.0030211480362537764,0.016035117014613198,0.865,3/4,3.74%,P55072;Q8TAT6;Q92890
prerank,"CRL3 E3 ubiquitin ligase complex, KLHL22 variant ",0.986608367821205,1.9911234488349132,0.0,0.016001849632274835,0.865,2/3,0.14%,P62877;Q13618
prerank,"CRL3 E3 ubiquitin ligase complex, KLHL1 variant ",0.986608367821205,1.9905277243912336,0.0,0.01600835215757964,0.866,2/3,0.14%,P62877;Q13618
prerank,VCP-NPL4-UFD1-FAF1 AAA ATPase complex,0.8721671765548542,1.9900331833835045,0.0015151515151515152,0.016014813657488202,0.866,3/4,3.74%,P55072;Q8TAT6;Q92890
prerank,"Muscle cell-specific SWI/SNF ATP-dependent chromatin remodeling complex, ACTL6B-ARID1A-SMARCA4 variant",0.6061947341621863,1.989815816534704,0.008674101610904586,0.015981923965414428,0.866,7/12,10.47%,P60709;Q96GM5;Q92922;P51532;O94805;Q969G3;Q12824
prerank,"Muscle cell-specific SWI/SNF ATP-dependent chromatin remodeling complex, ACTL6B-ARID1A-SMARCA2 variant",0.6023574752990799,1.9896279990132328,0.012195121951219513,0.01594053218429719,0.866,9/12,23.23%,P60709;Q96GM5;Q92922;O94805;Q969G3;Q12824;P51531;Q8TAQ2;O14497
prerank,Mitochondrial RNase Z complex,0.816122478725049,1.9879146054609733,0.004379562043795621,0.016055658552443987,0.87,1/5,0.06%,CHEBI:29105
prerank,COP9 signalosome variant 2,0.6611828638327628,1.9865580358160912,0.00639386189258312,0.016122470420354425,0.871,8/9,30.01%,CHEBI:29105;Q7L5N1;Q13098;P61201;Q9UNS2;Q9BT78;Q92905;Q99627
prerank,VCP-NPL4-UFD1 AAA ATPase complex,0.9634247714048213,1.986051360268882,0.0,0.016132790762288417,0.873,3/3,3.74%,P55072;Q8TAT6;Q92890
prerank,"CRL3 E3 ubiquitin ligase complex, SPOPL variant",0.9817292234650152,1.9851521437915476,0.0,0.01618604945797227,0.876,2/3,0.14%,P62877;Q13618
prerank,"CRL3 E3 ubiquitin ligase complex, KLHL7 variant ",0.986608367821205,1.9843329328220385,0.0,0.01622183158276292,0.876,2/3,0.14%,P62877;Q13618
prerank,"CRL3 E3 ubiquitin ligase complex, KBTBD8 variant",0.986608367821205,1.9834765301983253,0.0,0.016274488560871873,0.88,2/3,0.14%,P62877;Q13618
prerank,"CRL3 E3 ubiquitin ligase complex, KLHL23 variant ",0.986608367821205,1.9830423824549133,0.0,0.01626717334732648,0.882,2/3,0.14%,P62877;Q13618
prerank,"CRL3 E3 ubiquitin ligase complex, KLHL12 variant ",0.986608367821205,1.98288761226649,0.0,0.01624716000455652,0.882,2/3,0.14%,P62877;Q13618
prerank,"CRL3 E3 ubiquitin ligase complex, KLHL42 variant ",0.986608367821205,1.982493080280478,0.0015337423312883436,0.016231503367823287,0.883,2/3,0.14%,P62877;Q13618
prerank,"CRL3 E3 ubiquitin ligase complex, KLHL24 variant ",0.986608367821205,1.9816353053758062,0.0,0.016262381731433663,0.884,2/3,0.14%,P62877;Q13618
prerank,"CRL3 E3 ubiquitin ligase complex, KLHL11 variant ",0.986608367821205,1.9813201221523566,0.0,0.016229937821877892,0.884,2/3,0.14%,P62877;Q13618
prerank,"CRL3 E3 ubiquitin ligase complex, KBTBD2 variant",0.986608367821205,1.9812839636808635,0.0,0.016189297362564106,0.884,2/3,0.14%,P62877;Q13618
prerank,"CRL3 E3 ubiquitin ligase complex, KLHL9 variant ",0.986608367821205,1.9811630584669035,0.0,0.01614053441870096,0.884,2/3,0.14%,P62877;Q13618
prerank,"CRL3 E3 ubiquitin ligase complex, KLHL41 variant ",0.986608367821205,1.9801402321172115,0.0,0.01622136812834367,0.885,2/3,0.14%,P62877;Q13618
prerank,"CRL3 E3 ubiquitin ligase complex, KLHL15 variant ",0.986608367821205,1.9786765131113304,0.0,0.016347462420083062,0.89,2/3,0.14%,P62877;Q13618
prerank,"CRL3 E3 ubiquitin ligase complex, KLHL17 variant ",0.986608367821205,1.977570287129988,0.0,0.016431342032632756,0.893,2/3,0.14%,P62877;Q13618
prerank,"CRL3 E3 ubiquitin ligase complex, KLHL4 variant ",0.986608367821205,1.977157851993781,0.0,0.01641137616426644,0.893,2/3,0.14%,P62877;Q13618
prerank,"CRL3 E3 ubiquitin ligase complex, KLHL28 variant ",0.986608367821205,1.9765640020155064,0.0,0.016416258275436548,0.893,2/3,0.14%,P62877;Q13618
prerank,"CRL3 E3 ubiquitin ligase complex, KLHL38 variant ",0.986608367821205,1.976239344671315,0.0,0.01642522088563674,0.893,2/3,0.14%,P62877;Q13618
prerank,"CRL3 E3 ubiquitin ligase complex, IPP variant ",0.986608367821205,1.97472027912676,0.0,0.016528367718117946,0.896,2/3,0.14%,P62877;Q13618
prerank,"CRL3 E3 ubiquitin ligase complex, KEAP1 variant ",0.986608367821205,1.9746990772281456,0.0,0.016483840086283796,0.896,2/3,0.14%,P62877;Q13618
prerank,"CRL3 E3 ubiquitin ligase complex, KLHL21 variant ",0.986608367821205,1.9744102359259466,0.0,0.016451793316464864,0.897,2/3,0.14%,P62877;Q13618
prerank,"CRL3 E3 ubiquitin ligase complex, KLHL18 variant ",0.986608367821205,1.9743732754402976,0.0,0.016403688657644792,0.897,2/3,0.14%,P62877;Q13618
prerank,"CRL3 E3 ubiquitin ligase complex, KLHL2 variant ",0.986608367821205,1.9720762453322365,0.0,0.016590734544594563,0.9,2/3,0.14%,P62877;Q13618
prerank,"CRL3 E3 ubiquitin ligase complex, KBTBD13 variant",0.986608367821205,1.9712782166808571,0.0,0.016639410750767757,0.902,2/3,0.14%,P62877;Q13618
prerank,"CRL3 E3 ubiquitin ligase complex, KLHL31 variant ",0.986608367821205,1.971258032879772,0.0,0.016591180574678576,0.902,2/3,0.14%,P62877;Q13618
prerank,Ribonuclease MRP complex,0.6665757046921867,1.971042933791426,0.011795543905635648,0.01658738728353667,0.903,8/9,23.59%,P78345;Q969H6;Q9BUL9;Q99575;O95707;O75817;P78346;O75818
prerank,"CRL3 E3 ubiquitin ligase complex, KBTBD3 variant",0.986608367821205,1.970879955428621,0.0,0.0165435878184386,0.903,2/3,0.14%,P62877;Q13618
prerank,"CRL3 E3 ubiquitin ligase complex, KLHL30 variant ",0.986608367821205,1.9690309811424986,0.0,0.016651709528402222,0.908,2/3,0.14%,P62877;Q13618
prerank,"CRL3 E3 ubiquitin ligase complex, KBTBD4 variant",0.986608367821205,1.9688984689170486,0.0,0.01661195662370484,0.908,2/3,0.14%,P62877;Q13618
prerank,"CRL3 E3 ubiquitin ligase complex, KLHL36 variant ",0.986608367821205,1.9687873212052618,0.0,0.01656846238447856,0.908,2/3,0.14%,P62877;Q13618
prerank,"DNA replication factor C complex, ATAD5 variant",0.80146552009044,1.9685744271358758,0.0057306590257879654,0.016541044726609777,0.908,4/5,9.03%,P35250;P35249;P40938;P40937
prerank,Survival motor neuron complex,-0.5448237579794616,-1.9681295458552546,0.004347826086956522,0.03587935692093569,0.678,9/9,45.68%,P57678;O14893;Q8WXD5;Q16637;Q8TEQ6;Q9H840;Q9NWZ8;Q9UHI6;Q9Y3F4
prerank,"Muscle cell-specific SWI/SNF ATP-dependent chromatin remodeling complex, ACTL6B-ARID1B-SMARCA2 variant",0.5882622946728124,1.9675748653194436,0.01098901098901099,0.01658480987390255,0.911,7/12,12.74%,P60709;Q96GM5;Q92922;O94805;Q969G3;Q12824;P51531
prerank,COP9 signalosome variant 1,0.6611828638327628,1.9675540907688602,0.005201560468140442,0.016537827409670528,0.911,8/9,30.01%,CHEBI:29105;Q7L5N1;Q13098;P61201;Q9UNS2;Q9BT78;Q92905;Q99627
prerank,pre-mRNA cleavage and polyadenylation specificity factor complex,0.683376788182071,1.9674200655532308,0.012311901504787962,0.016518575948800133,0.911,1/8,0.06%,CHEBI:29105
prerank,"CRL3 E3 ubiquitin ligase complex, KLHL14 variant ",0.986608367821205,1.9650057302343282,0.0,0.01673027632933161,0.915,2/3,0.14%,P62877;Q13618
prerank,"CRL3 E3 ubiquitin ligase complex, KLHL32 variant ",0.986608367821205,1.963897388876155,0.0,0.016804231057984394,0.916,2/3,0.14%,P62877;Q13618
prerank,"CRL3 E3 ubiquitin ligase complex, KLHL29 variant ",0.986608367821205,1.960640508246811,0.0,0.017095649575531006,0.921,2/3,0.14%,P62877;Q13618
prerank,"CRL3 E3 ubiquitin ligase complex, KLHL16 variant ",0.986608367821205,1.9600254336211984,0.0,0.017141011865733916,0.922,2/3,0.14%,P62877;Q13618
prerank,"CRL3 E3 ubiquitin ligase complex, KLHL20 variant ",0.986608367821205,1.9599027961932491,0.0,0.017112610340961776,0.922,2/3,0.14%,P62877;Q13618
prerank,VCP-NPL4-UFD1-UBXN7 AAA ATPase complex,0.8721671765548542,1.9598464203700485,0.0030627871362940277,0.01706507531223688,0.922,3/4,3.74%,P55072;Q8TAT6;Q92890
prerank,"DNA replication factor C complex, RAD17 variant",0.80146552009044,1.9597859567471565,0.004243281471004243,0.017037041487196158,0.923,4/5,9.03%,P35250;P35249;P40938;P40937
prerank,"CRL3 E3 ubiquitin ligase complex, KLHL8 variant ",0.986608367821205,1.9595992948972416,0.0,0.01700916254516671,0.924,2/3,0.14%,P62877;Q13618
prerank,"CRL3 E3 ubiquitin ligase complex, SPOP variant",0.9817292234650152,1.9595242593090147,0.0,0.016973784462903225,0.924,2/3,0.14%,P62877;Q13618
prerank,"CoREST transcriptional corepressor complex, RCOR2-HDAC2 variant",0.86767041008818,1.9570459013758605,0.001445086705202312,0.017163736482124495,0.926,2/4,0.97%,CHEBI:57692;Q92769
prerank,Multiaminoacyl-tRNA synthetase complex,-0.4784378696863447,-1.955192578893652,0.004830917874396135,0.03474226631122704,0.718,10/11,41.33%,P54136;P14868;P41252;P56192;O43324;Q9P2J5;Q15046;Q12904;Q13155;P47897
prerank,"Radial spoke complex, flagellar variant",0.5708525764076389,1.9545411893036302,0.019656019656019656,0.01733742604760201,0.927,11/13,29.68%,Q96FJ2;Q96C74;Q9H1X1;P56597;P59910;Q6P9G0;Q86UC2;Q8IYR0;Q9UHP6;Q8WYR4;Q8WWB3
prerank,"General transcription factor complex TFIID, TAF4B variant",0.564340979474362,1.9524540194845983,0.01707317073170732,0.01750637148186241,0.928,8/14,14.37%,P20226;Q12962;Q16514;Q16594;Q15545;Q15542;Q6P1X5;P49848
prerank,Membrane attack complex,0.668978912319645,1.9508066452650126,0.006459948320413436,0.01769331956899479,0.931,8/8,33.25%,P07357;P02748;P07358;P07360;P10643;P01031-PRO_0000005985;P01031-PRO_0000005989;P13671
prerank,"CRL3 E3 ubiquitin ligase complex, KLHL34 variant ",0.986608367821205,1.9503855546570732,0.0,0.017694306873504567,0.931,2/3,0.14%,P62877;Q13618
prerank,"CRL3 E3 ubiquitin ligase complex, KLHL5 variant ",0.986608367821205,1.948104926471091,0.0,0.017951251311395022,0.934,2/3,0.14%,P62877;Q13618
prerank,"Ribonucleoside-diphosphate reductase RR1 complex, RRM2 variant",0.8613315039507985,1.9459294986164855,0.0014534883720930232,0.018124219282920778,0.936,2/4,3.85%,CHEBI:18420;CHEBI:29034
prerank,"CoREST transcriptional corepressor complex, RCOR3-HDAC1 variant",0.8673932482256523,1.9435614655708997,0.00583941605839416,0.018296254812551514,0.936,2/4,1.00%,CHEBI:57692;Q13547
prerank,NuRF chromatin remodeling complex,0.8748316165833776,1.943285240679318,0.004511278195488722,0.01827694171670072,0.936,2/4,0.94%,Q09028;Q16576
prerank,COPII vesicle coat complex,-0.5183466757704285,-1.9423874616569228,0.0,0.03407042307544782,0.756,8/9,23.26%,O94979;O94855;O95487;O95486;Q9Y6B6;Q9NR31;Q9NQW1;P53992
prerank,R2TP core co-chaperone complex,0.8632073844155004,1.9409096361043185,0.007374631268436578,0.018566806573760915,0.941,2/4,1.25%,Q9Y230;Q9Y265
prerank,"CoREST transcriptional corepressor complex, RCOR1-HDAC1 variant",0.8673932482256523,1.9408745191202537,0.002911208151382824,0.018520876537185375,0.941,2/4,1.00%,CHEBI:57692;Q13547
prerank,"CoREST transcriptional corepressor complex, RCOR3-HDAC2 variant",0.86767041008818,1.9390267175323765,0.0029542097488921715,0.018701131051644733,0.944,2/4,0.97%,CHEBI:57692;Q92769
prerank,"Interferon alpha receptor-ligand complex, IFNA16 variant",0.9330582174219708,1.9389398499822317,0.0,0.018658782154669654,0.944,2/3,0.44%,P17181;P48551
prerank,"DNA replication factor C complex, RFC1 variant",0.80146552009044,1.9386321334608283,0.0028776978417266188,0.018646132146156135,0.944,4/5,9.03%,P35250;P35249;P40938;P40937
prerank,"CoREST transcriptional corepressor complex, RCOR2-HDAC1 variant",0.8673932482256523,1.936184559411947,0.0044444444444444444,0.018920162523326702,0.945,2/4,1.00%,CHEBI:57692;Q13547
prerank,"GBAF (SWI/SNF) ATP-dependent chromatin remodeling complex, ACTL6A-BICRAL-SMARCA4 variant",0.6027363931247113,1.9349133234771143,0.018867924528301886,0.019031494040041712,0.947,5/11,7.56%,P60709;O96019;Q96GM5;Q92922;P51532
prerank,"Interferon alpha receptor-ligand complex, IFNA21 variant",0.9330582174219708,1.934122310311006,0.0015015015015015015,0.01905817018936963,0.947,2/3,0.44%,P17181;P48551
prerank,"CoREST transcriptional corepressor complex, RCOR1-HDAC2 variant",0.86767041008818,1.9338845396758024,0.0,0.019022731137896296,0.947,2/4,0.97%,CHEBI:57692;Q92769
prerank,"GBAF (SWI/SNF) ATP-dependent chromatin remodeling complex, ACTL6A-BICRA-SMARCA4 variant",0.6027363931247113,1.9320272622953156,0.0186799501867995,0.019194732748961853,0.95,5/11,7.56%,P60709;O96019;Q96GM5;Q92922;P51532
prerank,SF3A complex,0.9481850928234967,1.9312707075923659,0.0015600624024961,0.01922440029708247,0.952,3/3,5.26%,Q12874;Q15459;Q15428
prerank,[Cu-Zn] Superoxide dismutase complex,0.9451857217551959,1.926129049451577,0.0,0.01983265203276795,0.957,1/3,0.06%,CHEBI:29105
prerank,"Interferon alpha receptor-ligand complex, IFNA7 variant",0.9330582174219708,1.9256429244671602,0.0,0.019846077643335125,0.957,2/3,0.44%,P17181;P48551
prerank,"Ribonucleoside-diphosphate reductase RR1 complex, RRM2B variant",0.8613315039507985,1.9247977214890364,0.001519756838905775,0.019909810946394435,0.957,2/4,3.85%,CHEBI:18420;CHEBI:29034
prerank,tRNA-guanine transglycosylase complex,0.9451857217551959,1.9243747936962488,0.0015772870662460567,0.019905022410689525,0.957,1/3,0.06%,CHEBI:29105
prerank,USP12-DMWD deubiquitinase complex,0.852815433731757,1.924325406580137,0.0,0.019864460287681362,0.957,1/4,0.06%,CHEBI:29105
prerank,"Interferon alpha receptor-ligand complex, IFNA1 variant",0.9330582174219708,1.9233896852195602,0.0015923566878980893,0.019938366691331928,0.957,2/3,0.44%,P17181;P48551
prerank,Mitochondrial 2-oxoglutarate dehydrogenase complex,0.745357392496482,1.9231957617461362,0.01394700139470014,0.01990505001897604,0.957,3/6,7.42%,CHEBI:57692;CHEBI:58937;P09622
prerank,"Histone-lysine N-methyltransferase complex, SET1B variant",0.598667806486118,1.9209596996226175,0.013613861386138614,0.020148987871214195,0.961,6/11,11.54%,P61964;P51610;Q9UBL3;Q15291;Q9C005;Q9Y5Z7
prerank,"Interferon alpha receptor-ligand complex, IFNA14 variant",0.9330582174219708,1.9199058781749514,0.0015337423312883436,0.020242862618162105,0.961,2/3,0.44%,P17181;P48551
prerank,"Interferon alpha receptor-ligand complex, IFNA2 variant",0.9330582174219708,1.9198565639755476,0.0,0.020198422626230433,0.961,2/3,0.44%,P17181;P48551
prerank,Interferon kappa receptor-ligand complex,0.9330582174219708,1.9194549673612573,0.0,0.020210613208654037,0.961,2/3,0.44%,P17181;P48551
prerank,"Interferon alpha receptor-ligand complex, IFNA4 variant",0.9330582174219708,1.9191152710814223,0.0015723270440251573,0.020198127357086756,0.961,2/3,0.44%,P17181;P48551
prerank,ERAP1-ERAP2 endoplasmic reticulum aminopeptidase complex,0.9451857217551959,1.9172224545551595,0.0,0.020375109960081406,0.964,1/3,0.06%,CHEBI:29105
prerank,USP12-WDR20 deubiquitinase complex,0.8426445785026222,1.9166932797629899,0.0,0.02041825141648345,0.964,1/4,0.06%,CHEBI:29105
prerank,"Interferon alpha receptor-ligand complex, IFNA17 variant",0.9330582174219708,1.9152694207157375,0.0015267175572519084,0.020527483832892615,0.964,2/3,0.44%,P17181;P48551
prerank,"Interferon alpha receptor-ligand complex, IFNA10 variant",0.9330582174219708,1.913604063528256,0.0,0.02066401779898408,0.965,2/3,0.44%,P17181;P48551
prerank,General transcription factor TFIIB-TBP complex,0.957786968685962,1.9126949573013319,0.0,0.020744310179464803,0.966,2/3,2.41%,CHEBI:29105;P20226
prerank,"Oligosaccharyltransferase complex B, MAGT1 variant",0.6632138308902218,1.911059215832148,0.022397891963109356,0.02093850660173549,0.967,6/8,14.56%,P61803;P04844;P0C6T2;P39656;P04843;P61165
prerank,R2SP co-chaperone complex,0.8489945797624012,1.9101545771589385,0.0072992700729927005,0.021034992491939655,0.967,2/4,1.25%,Q9Y230;Q9Y265
prerank,Interferon omega receptor-ligand complex,0.9330582174219708,1.9051828864910596,0.0,0.021689345968073728,0.972,2/3,0.44%,P17181;P48551
prerank,"Interferon alpha receptor-ligand complex, IFNA8 variant",0.9330582174219708,1.9049535027343152,0.0,0.021687230243938913,0.973,2/3,0.44%,P17181;P48551
prerank,"Interferon alpha receptor-ligand complex, IFNA5 variant",0.9330582174219708,1.9038749345197314,0.0,0.021812018787816526,0.974,2/3,0.44%,P17181;P48551
prerank,SLX1-SLX4 structure-specific endonuclease complex,0.9367238327285221,1.9034577602863698,0.004497751124437781,0.021799347989654633,0.974,1/3,0.06%,CHEBI:29105
prerank,Interferon epsilon receptor-ligand complex,0.9330582174219708,1.9034253010522657,0.0,0.021752612357712028,0.974,2/3,0.44%,P17181;P48551
prerank,"Brain-specific SWI/SNF ATP-dependent chromatin remodeling complex, ARID1B-SMARCA4 variant",0.6512940548468393,1.9026460310129925,0.014473684210526316,0.021828662253872717,0.975,5/8,10.47%,P60709;P51532;O94805;Q969G3;Q12824
prerank,ESCRT-III complex,-0.45255105904925397,-1.9000542801073341,0.009900990099009901,0.0424286084154808,0.866,10/11,45.82%,Q9H444;Q9HD42;Q9NZZ3;Q9UQN3;Q9Y3E7;Q7LBR1;Q8WUX9;Q96CF2;Q96FZ7;Q9BY43
prerank,BRCA1-B complex,0.8377040817277055,1.8996681882039193,0.0029895366218236174,0.02218281405115142,0.978,2/4,4.24%,CHEBI:49883;CPX-715
prerank,"Oligosaccharyltransferase complex B, TUCS3 variant",0.6632138308902218,1.898578410831651,0.020107238605898123,0.022291321087456767,0.978,6/8,14.56%,P61803;P04844;P0C6T2;P39656;P04843;P61165
prerank,BBSome complex,0.6320754716981133,1.8974299008646143,0.009126466753585397,0.02239930010898691,0.981,8/8,36.93%,Q8TAM2;Q96RK4;Q9BXC9;A8MTZ0;Q8IWZ6;Q8N3I7;Q8NFJ9;Q3SYG4
prerank,"Interferon alpha receptor-ligand complex, IFNA6 variant",0.9330582174219708,1.8970207182178778,0.0,0.022405616157511528,0.981,2/3,0.44%,P17181;P48551
prerank,Dehydrodolichyl diphosphate synthase complex,0.9071061199821168,1.8943588629611172,0.001564945226917058,0.022714583364410474,0.983,1/3,0.17%,CHEBI:18420
prerank,Interleukin-5 receptor-ligand complex,0.7246256239600667,1.8910263229192228,0.013736263736263736,0.023277038507465816,0.986,6/6,27.66%,P32927;O60674;P29597;P05113;Q01344;P23458
prerank,Interferon beta receptor-ligand complex,0.9330582174219708,1.889557088225297,0.0016366612111292963,0.023465274610578006,0.987,2/3,0.44%,P17181;P48551
prerank,Histone pre-RNA core cleavage complex,0.7790305298612469,1.886981774899951,0.01276595744680851,0.023772805309834506,0.987,1/5,0.06%,CHEBI:29105
prerank,tRNA-intron splicing endonuclease complex,0.7784862766842251,1.8856387573677713,0.008695652173913044,0.023942295361433195,0.987,5/5,22.26%,Q92989;Q8WW01;Q7Z6J9;Q8NCE0;Q9BSV6
prerank,R2T co-chaperone complex,0.9394406460714689,1.8809915002155253,0.001589825119236884,0.024649284525010275,0.993,2/3,1.25%,Q9Y230;Q9Y265
prerank,"m-AAA protease complex, AFG3L2-SPG7 variant",0.9451857217551959,1.8728305345612397,0.0,0.026135232220273613,0.995,1/3,0.06%,CHEBI:29105
prerank,R2SD co-chaperone complex,0.8489945797624012,1.8707425354571265,0.004552352048558422,0.0264500124054011,0.995,2/4,1.25%,Q9Y230;Q9Y265
prerank,"GBAF (SWI/SNF) ATP-dependent chromatin remodeling complex, ACTL6A-BICRAL-SMARCA2 variant",0.5731534541154855,1.86566691247528,0.02977667493796526,0.027261479874852414,0.996,8/11,28.85%,P60709;O96019;Q96GM5;Q92922;P51531;Q9BQE9;Q4VC05;Q8WUZ0
prerank,Mitochondrial processing peptidase complex,0.9451857217551959,1.8654971896606292,0.0015600624024961,0.027219919046384874,0.997,1/3,0.06%,CHEBI:29105
prerank,"Endoplasmic reticulum membrane complex, EMC8 variant",0.6124598178609729,1.8585576918811904,0.01297016861219196,0.028370510185678665,0.997,8/9,28.77%,Q5UCC4;Q8N4V1;Q15006;Q9P0I2;Q9NPA0;Q9BV81;Q8N766;Q5J8M3
prerank,"STRIPAK complex, STRIP1-STRN4 variant",0.6745698005075875,1.8571526280328303,0.021361815754339118,0.028604979516124375,0.997,3/7,3.35%,CHEBI:29035;P67775;P30153
prerank,"GBAF (SWI/SNF) ATP-dependent chromatin remodeling complex, ACTL6A-BICRA-SMARCA2 variant",0.5731534541154855,1.8558428896073158,0.029556650246305417,0.028808931917837254,0.997,8/11,28.85%,P60709;O96019;Q96GM5;Q92922;P51531;Q9BQE9;Q4VC05;Q8WUZ0
prerank,Non-canonical FBXO45-MYCBP2-SKP1 E3 ubiquitin ligase complex,0.9259233952850772,1.8544013970149873,0.0016366612111292963,0.029002145297280298,0.997,1/3,0.08%,P63208
prerank,"Brain-specific SWI/SNF ATP-dependent chromatin remodeling complex, ARID1B-SMARCA2 variant",0.6342783009884045,1.853461574449143,0.01844532279314888,0.029109879234062754,0.997,7/8,29.37%,P60709;O94805;Q969G3;Q12824;P51531;Q8TAQ2;Q92925
prerank,"Endoplasmic reticulum membrane complex, EMC9 variant",0.6124598178609729,1.8530916931505659,0.014473684210526316,0.029103525509206613,0.997,8/9,28.77%,Q5UCC4;Q8N4V1;Q15006;Q9P0I2;Q9NPA0;Q9BV81;Q8N766;Q5J8M3
prerank,TIM22 mitochondrial inner membrane twin-pore carrier translocase complex,0.7115917914586798,1.8528322092745526,0.021645021645021644,0.029093963706390585,0.997,6/6,28.96%,Q9Y5J7;P62072;Q9Y584;Q9BSF4;Q6PF06;Q53H12
prerank,Signal recognition particle,0.666574202496533,1.8525096550251223,0.016304347826086956,0.029081216207553915,0.997,7/7,33.47%,URS00000478B7_9606;O76094;Q9UHB9;P09132;P37108;P49458;P61011
prerank,SHOC2-MRAS-PPP1CB complex,0.7652328011441344,1.8515184743596311,0.013966480446927373,0.029213548233660392,0.997,3/5,9.72%,CHEBI:29035;CHEBI:37565;Q9UQ13
prerank,NSL histone acetyltransferase complex,0.621571879079825,1.8509400476772302,0.019973368841544607,0.029293824170960554,0.997,5/9,13.59%,P61964;P51610;O15294;Q96EZ8;Q9H7Z6
prerank,"STRIPAK complex, STRIP2-STRN4 variant",0.6745698005075875,1.850489246977744,0.02027027027027027,0.02930957352681789,0.997,3/7,3.35%,CHEBI:29035;P67775;P30153
prerank,Core mediator complex,0.4453430005577239,1.8504648333495168,0.022099447513812154,0.029251641142386327,0.997,26/26,55.79%,Q6P2C8;Q71SY5;Q96RN5;Q96HR3;Q96G25;Q15528;Q15648;Q9BTT4;Q9Y3C7;Q9BUE0;Q9H944;O75448;O75586;O95402;Q13503;O43513;Q9NWA0;Q9NVC6;Q9NPJ6;Q9H204;O60244;A0JLT2;Q9NX70;Q9Y2X0;Q9ULK4;Q9P086
prerank,"Non-canonical polycomb repressive complex 1.2, RNF2-YAF2 variant",0.8855638681075091,1.8497866856583434,0.0030627871362940277,0.029331275882627583,0.997,3/3,11.52%,Q99496;Q8IY57;P35227
prerank,SHOC2-MRAS-PPP1CC complex,0.7652328011441344,1.847402811630332,0.01282051282051282,0.029729117090690475,0.997,3/5,9.72%,CHEBI:29035;CHEBI:37565;Q9UQ13
prerank,"LINC complex, SUN1-SYNE4 variant",0.9144522814114594,1.8469944896378998,0.0058309037900874635,0.02975008304939874,0.997,2/3,4.96%,CHEBI:29105;O94901
prerank,"STRIPAK complex, STRIP1-STRN3 variant",0.6745698005075875,1.8449498029250637,0.019736842105263157,0.030078556859362206,0.997,3/7,3.35%,CHEBI:29035;P67775;P30153
prerank,"STRIPAK complex, STRIP1-STRN variant",0.6745698005075875,1.8426943236945619,0.021220159151193633,0.030386550521291574,0.997,3/7,3.35%,CHEBI:29035;P67775;P30153
prerank,"STRIPAK complex, STRIP2-STRN variant",0.6745698005075875,1.8421946124169883,0.020053475935828877,0.030427976659442624,0.997,3/7,3.35%,CHEBI:29035;P67775;P30153
prerank,C3PO endoribonuclease complex,0.9071061199821168,1.8397469235188613,0.006389776357827476,0.030878662715982854,0.998,1/3,0.17%,CHEBI:18420
prerank,MUS81-EME2 structure-specific endonuclease complex,0.891853140651178,1.8362633388910385,0.006201550387596899,0.031500145462760226,0.999,1/3,0.17%,CHEBI:18420
prerank,N6AMT1-TRM112 methyltransferase complex,0.8947325863776207,1.8361112451698598,0.006211180124223602,0.03144471593456559,0.999,2/3,1.30%,CHEBI:59789;Q9UI30
prerank,"Box C/D snoRNA-guided RNP methyltransferase complex, FBL variant",0.6972005449126144,1.8357025781434235,0.018518518518518517,0.03147712897416958,0.999,4/6,13.51%,P55769;O00567;Q9Y2X3;P22087
prerank,Synaptonemal complex,0.6515950069348132,1.8334869829851583,0.01859229747675963,0.031902678550017834,0.999,7/7,34.97%,Q15431;Q6PIF2;Q8IZU3;Q8N0S2;Q9BX26;Q9BXU0;A1L190
prerank,SHOC2-KRAS-PPP1CA complex,0.7532026835088003,1.8331611312446128,0.0169971671388102,0.031887205082643644,0.999,3/5,9.72%,CHEBI:29035;CHEBI:37565;Q9UQ13
prerank,Mitochondrial pyruvate dehydrogenase serine/threonine phosphatase complex,0.9071061199821168,1.8319295833105709,0.00322061191626409,0.03200852301189823,0.999,1/3,0.17%,CHEBI:18420
prerank,"Non-canonical polycomb repressive complex 1.4, RNF2-YAF2 variant",0.8858409531726241,1.8268575167147558,0.0015552099533437014,0.03298190547269515,0.999,3/3,11.49%,Q99496;Q8IY57;P35226
prerank,TRMT11-TRM112 methyltransferase complex,0.8947325863776207,1.8242111489788708,0.0015822784810126582,0.033468369144038376,0.999,2/3,1.30%,CHEBI:59789;Q9UI30
prerank,"STRIPAK complex, STRIP2-STRN3 variant",0.6745698005075875,1.8241913156284633,0.017687074829931974,0.033403254809681676,0.999,3/7,3.35%,CHEBI:29035;P67775;P30153
prerank,MUS81-EME1 structure-specific endonuclease complex,0.891853140651178,1.8241282519473363,0.0015600624024961,0.03333842923068797,0.999,1/3,0.17%,CHEBI:18420
prerank,THUMPD3-TRM112 methyltransferase complex,0.8947325863776207,1.8218238693112347,0.0031201248049922,0.03372561397614237,0.999,2/3,1.30%,CHEBI:59789;Q9UI30
prerank,"Mitochondrial succinyl-CoA synthetase complex, ATP-specific variant",0.891853140651178,1.820493708974618,0.004777070063694267,0.03388112689691918,0.999,1/3,0.17%,CHEBI:18420
prerank,"Mitochondrial succinyl-CoA synthetase complex, GTP-specific variant",0.891853140651178,1.8168607691870122,0.0015723270440251573,0.034580530014569844,0.999,1/3,0.17%,CHEBI:18420
prerank,"Beta-catenin destruction core complex, APC-AXIN2-GSK3B variant",0.7940687361419069,1.8160928508484242,0.014814814814814815,0.03463884710763302,0.999,4/4,20.68%,P49841;P48729;P25054;Q9Y2T1
prerank,"LINC complex, SUN2-SYNE4 variant",0.9141751963463445,1.8139006870023016,0.003067484662576687,0.03507765757268583,0.999,2/3,4.98%,CHEBI:29105;Q9UH99
prerank,THUMPD2-TRM112 methyltransferase complex,0.8947325863776207,1.8138391783414411,0.004784688995215311,0.03501913717836276,0.999,2/3,1.30%,CHEBI:59789;Q9UI30
prerank,"Non-canonical polycomb repressive complex 1.4, RING1-YAF2 variant",0.8858409531726239,1.8109321534844556,0.006369426751592357,0.035558312637765814,0.999,3/3,11.49%,Q06587;Q8IY57;P35226
prerank,"GBAF (SWI/SNF) ATP-dependent chromatin remodeling complex, ACTL6B-BICRAL-SMARCA2 variant",0.5563964666475922,1.810291326611777,0.034610630407911,0.03562306952971367,0.999,8/11,28.85%,P60709;Q96GM5;Q92922;O94805;P51531;Q9BQE9;Q4VC05;Q8WUZ0
prerank,"Nuclear meiotic cohesin complex, RAD21 variant",0.8123614190687363,1.809735026906465,0.008982035928143712,0.03563621326298651,0.999,4/4,18.85%,Q9UQE7;O60216;Q8NDV3;Q9UJ98
prerank,SHOC2-NRAS-PPP1CA complex,0.7532026835088003,1.8088747145364716,0.020114942528735632,0.03575776640349516,0.999,3/5,9.72%,CHEBI:29035;CHEBI:37565;Q9UQ13
prerank,Pyruvate dehydrogenase E1 heterotetramer,0.808799348348087,1.8076215751798521,0.010542168674698794,0.035962973515357016,0.999,2/4,5.29%,CHEBI:18420;CHEBI:58937
prerank,"Beta-catenin destruction core complex, APC2-AXIN2-GSK3B variant",0.7940687361419069,1.804332002591886,0.008995502248875561,0.03668328413398241,0.999,4/4,20.68%,P49841;P48729;O95996;Q9Y2T1
prerank,Mitochondrial propionyl-CoA carboxylase complex,0.7849650258217704,1.8043145344460425,0.013595166163141994,0.03661021228410101,0.999,1/4,0.17%,CHEBI:18420
prerank,"GBAF (SWI/SNF) ATP-dependent chromatin remodeling complex, ACTL6B-BICRAL-SMARCA4 variant",0.5585302446819127,1.8025205405276947,0.03379224030037547,0.036997458648098905,0.999,8/11,28.85%,P60709;Q96GM5;Q92922;P51532;O94805;Q9BQE9;Q4VC05;Q8WUZ0
prerank,NALCN channelosome complex,-0.7220066518847007,-1.801710529977676,0.015197568389057751,0.07545348192523216,0.98,4/4,27.91%,Q8N2C7;B1AL88;Q9P2D8;Q8IZF0
prerank,"Beta-catenin destruction core complex, APC2-AXIN1-GSK3B variant",0.7937915742793792,1.8009356103759755,0.012066365007541479,0.03729362415466501,0.999,4/4,20.71%,P49841;P48729;O95996;O15169
prerank,Mitochondrial 2-oxoisovalerate dehydrogenase complex,0.6534798792165168,1.8005363213269692,0.014416775884665793,0.037297045175846026,0.999,3/7,7.42%,CHEBI:57692;CHEBI:58937;P09622
prerank,"GBAF (SWI/SNF) ATP-dependent chromatin remodeling complex, ACTL6B-BICRA-SMARCA2 variant",0.5563964666475922,1.7980193462243896,0.03094059405940594,0.03783170403051941,0.999,8/11,28.85%,P60709;Q96GM5;Q92922;O94805;P51531;Q9BQE9;Q4VC05;Q8WUZ0
prerank,"Non-canonical polycomb repressive complex 1.2, RNF2-RYBP variant",0.8855638681075091,1.7966589464606841,0.004709576138147566,0.03815973506551189,0.999,3/3,11.52%,Q99496;Q8N488;P35227
prerank,BUD23-TRM112 methyltransferase complex,0.8947325863776207,1.7958320830864325,0.00463678516228748,0.0383001887506662,0.999,2/3,1.30%,CHEBI:59789;Q9UI30
prerank,"Non-canonical polycomb repressive complex 1.2, RING1-YAF2 variant",0.885563868107509,1.794588138433533,0.0016129032258064516,0.03849607678322036,0.999,3/3,11.52%,Q06587;Q8IY57;P35227
prerank,"Sodium:potassium-exchanging ATPase complex, FXYD5 variant",0.862330090600048,1.7935133361769706,0.0030349013657056147,0.03861462356297304,1.0,2/3,1.61%,P05026;P05023
prerank,"Beta-catenin destruction core complex, APC-AXIN1-GSK3B variant",0.7937915742793791,1.7930900806665555,0.012030075187969926,0.038650446590916626,1.0,4/4,20.71%,P49841;P48729;P25054;O15169
prerank,SHOC2-MRAS-PPP1CA complex,0.7333803732939299,1.791167089510201,0.02203856749311295,0.03907878169018526,1.0,3/5,9.72%,CHEBI:29035;CHEBI:37565;Q9UQ13
prerank,"GBAF (SWI/SNF) ATP-dependent chromatin remodeling complex, ACTL6B-BICRA-SMARCA4 variant",0.5585302446819127,1.7905267477206737,0.030112923462986198,0.03915441485779201,1.0,8/11,28.85%,P60709;Q96GM5;Q92922;P51532;O94805;Q9BQE9;Q4VC05;Q8WUZ0
prerank,"Beta-catenin destruction core complex, APC-AXIN2-GSK3A variant",0.7793791574279378,1.7903281529423256,0.017699115044247787,0.039136353909937735,1.0,4/4,22.15%,P48729;P25054;Q9Y2T1;P49840
prerank,"GABA-A receptor, alpha1-beta2-beta3-gamma2",0.7893569844789355,1.7893263506883474,0.01903367496339678,0.03926978711807944,1.0,4/4,21.15%,P28472;P47870;P18507;P14867
prerank,METTL5-TRM112 methyltransferase complex,0.8947325863776207,1.7832176793846966,0.009389671361502348,0.0407218956979575,1.0,2/3,1.30%,CHEBI:59789;Q9UI30
prerank,UTP-B complex,0.6880199667221298,1.7809075550366082,0.02364394993045897,0.04126322398504642,1.0,6/6,31.31%,Q12788;Q15269;Q8NI36;Q9NYH9;Q9UNX4;Q9Y5J1
prerank,"WASH complex, variant WASH2P/WASHC2C",0.7272522055997049,1.7794636601860687,0.027377521613832854,0.04157369494871817,1.0,4/5,14.20%,Q9Y3C0;Q12768;Q2M389;Q9Y4E1
prerank,"Non-canonical polycomb repressive complex 1.2, RING1-RYBP variant",0.8855638681075091,1.7782813711863545,0.003194888178913738,0.04179913232430665,1.0,3/3,11.52%,Q06587;Q8N488;P35227
prerank,"GABA-A receptor, alpha1-beta1-beta2-gamma2",0.7893569844789357,1.7782399783408653,0.01488095238095238,0.04172393887877495,1.0,4/4,21.15%,P47870;P18507;P18505;P14867
prerank,"Non-canonical polycomb repressive complex 1.4, RING1-RYBP variant",0.8858409531726239,1.7781609693655134,0.004862236628849271,0.041649056793266165,1.0,3/3,11.49%,Q06587;Q8N488;P35226
prerank,XRCC1 DNA repair complex,0.6404993065187243,1.7768033885612262,0.022606382978723406,0.04197912293564276,1.0,7/7,36.07%,Q9NUW8;Q96T60;Q8IW19;Q7Z2E3;P49916;P06746;P18887
prerank,"Sodium:potassium-exchanging ATPase complex, FXYD7 variant",0.862330090600048,1.7765960339564992,0.009287925696594427,0.04196130072230777,1.0,2/3,1.61%,P05026;P05023
prerank,"WASH complex, variant WASH4P/WASHC2C",0.7272522055997049,1.7721795796464779,0.021645021645021644,0.043038153947291546,1.0,4/5,14.20%,Q9Y3C0;Q12768;Q2M389;Q9Y4E1
prerank,NLGN1(-SSA-SSB) - NRXN1-beta(-SS4) complex,0.862558312151643,1.771110471987811,0.012678288431061807,0.043157778687320576,1.0,1/3,0.19%,CHEBI:29108
prerank,NLGN1(+SSA+SSB) - NRXN1-beta(-SS4) complex,0.862558312151643,1.771110471987811,0.012678288431061807,0.043157778687320576,1.0,1/3,0.19%,CHEBI:29108
prerank,"Non-canonical polycomb repressive complex 1.4, RNF2-RYBP variant",0.885840953172624,1.7682148393735118,0.004846526655896607,0.04383359858493839,1.0,3/3,11.49%,Q99496;Q8N488;P35226
prerank,Mitochondrial CCA tRNA nucleotidyltransferase 1 complex,0.7088601484286442,1.7681401394032799,0.017804154302670624,0.04376681936977741,1.0,1/5,0.17%,CHEBI:18420
prerank,"Sodium:potassium-exchanging ATPase complex, FXYD4 variant",0.862330090600048,1.7665236297399016,0.003048780487804878,0.044124641972552066,1.0,2/3,1.61%,P05026;P05023
prerank,"Beta-catenin destruction core complex, APC-AXIN1-GSK3A variant",0.7793791574279378,1.7664862905319763,0.019817073170731708,0.04404060397217902,1.0,4/4,22.15%,P48729;P25054;O15169;P49840
prerank,Mitotic Checkpoint Complex,0.7888026607538804,1.7658416200152787,0.01809954751131222,0.04412876764029622,1.0,4/4,21.21%,Q13257;Q12834;O43684;O60566
prerank,"Sodium:potassium-exchanging ATPase complex, FXYD2 variant",0.862330090600048,1.7651631310736617,0.004792332268370607,0.04423344448661342,1.0,2/3,1.61%,P05026;P05023
prerank,NUBP1-NUBP2 iron-sulfur cluster assembly scaffold complex,0.8711856779431002,1.7639537711724045,0.0032,0.04443310259499246,1.0,1/3,0.22%,CHEBI:49883
prerank,SHOC2-HRAS-PPP1CA complex,0.7258109232048796,1.7612937990351365,0.031073446327683617,0.0450856120999308,1.0,5/5,27.52%,CHEBI:29035;CHEBI:37565;Q9UQ13;P01112;P62136
prerank,STING-TRAF3-TBK1 complex,0.8700471044610696,1.7611654154413525,0.007776049766718507,0.04502563843743511,1.0,3/3,13.07%,Q9UHD2;Q86WV6;Q13114
prerank,"WASH complex, variant WASH4P/WASHC2A",0.726974966897182,1.760832717091805,0.01694915254237288,0.04501053126818663,1.0,4/5,14.23%,Q9Y3C0;Q12768;Q2M389;Q641Q2
prerank,"Sodium:potassium-exchanging ATPase complex, FXYD3 variant",0.862330090600048,1.7602198296087639,0.006201550387596899,0.04507620652033937,1.0,2/3,1.61%,P05026;P05023
prerank,ISCA1-ISCA2 mitochondrial iron-sulfur protein assembly complex,0.8646673339962625,1.7594913368233311,0.006134969325153374,0.045191622095685766,1.0,1/3,0.22%,CHEBI:49883
prerank,Coagulation factor IXa complex,0.862558312151643,1.758625201608565,0.009448818897637795,0.045301032128238314,1.0,1/3,0.19%,CHEBI:29108
prerank,"SMC5-SMC6 SUMO ligase complex, NSE4EA variant",0.604447895804723,1.758146330407907,0.02894736842105263,0.045329766794245434,1.0,7/8,28.41%,Q8IY18;Q8IX21;Q8WV22;Q96MF7;Q96MG7;Q96SB8;Q9BQI6
prerank,"Beta-catenin destruction core complex, APC2-AXIN2-GSK3A variant",0.7793791574279378,1.7575341126806705,0.018018018018018018,0.045413614757584805,1.0,4/4,22.15%,P48729;O95996;Q9Y2T1;P49840
prerank,LMAN1-MCFD2 cargo receptor complex,0.862558312151643,1.7553680019663331,0.008291873963515755,0.045913270679543046,1.0,1/3,0.19%,CHEBI:29108
prerank,"GABA-A receptor, alpha1-alpha3-beta2-gamma2",0.7893569844789357,1.7553406752316634,0.01608187134502924,0.04582510375323605,1.0,4/4,21.15%,P47870;P18507;P34903;P14867
prerank,Complement factor I complex,0.862558312151643,1.754990452378139,0.006153846153846154,0.04582512549585561,1.0,1/3,0.19%,CHEBI:29108
prerank,"Sodium:potassium-exchanging ATPase complex, FXYD1 variant",0.862330090600048,1.7535973081090968,0.0032258064516129032,0.04620868996381201,1.0,2/3,1.61%,P05026;P05023
prerank,"Beta-catenin destruction core complex, APC2-AXIN1-GSK3A variant",0.7793791574279378,1.753287223417868,0.016819571865443424,0.046205222331253765,1.0,4/4,22.15%,P48729;O95996;O15169;P49840
prerank,"WASH complex, variant WASH6P/WASHC2C",0.7272522055997049,1.7527797563579566,0.02545968882602546,0.046256344862065396,1.0,4/5,14.20%,Q9Y3C0;Q12768;Q2M389;Q9Y4E1
prerank,"WASH complex, variant WASHC1/WASHC2C",0.7272522055997049,1.7527243037878335,0.02148997134670487,0.04619288090928697,1.0,4/5,14.20%,Q9Y3C0;Q12768;Q2M389;Q9Y4E1
prerank,"WASH complex, variant WASH3P/WASHC2C",0.7272522055997049,1.7518631028353535,0.029282576866764276,0.04634711707288063,1.0,4/5,14.20%,Q9Y3C0;Q12768;Q2M389;Q9Y4E1
prerank,"WASH complex, variant WASH2P/WASHC2A",0.726974966897182,1.7517760613655955,0.02282453637660485,0.046278298061324344,1.0,4/5,14.23%,Q9Y3C0;Q12768;Q2M389;Q641Q2
prerank,GAIT complex,0.7898596743695583,1.7515173738909062,0.024024024024024024,0.04625577569154141,1.0,3/4,12.96%,O60506;P40429;P07814
prerank,Oligosaccharyltransferase complex A,0.5820909627957517,1.7513792418390668,0.03811944091486658,0.046192806728999634,1.0,6/9,14.56%,P61803;P04844;P0C6T2;P39656;P04843;P61165
prerank,"WASH complex, variant WASH6P/WASHC2A",0.726974966897182,1.7510915991988252,0.026573426573426574,0.04618672003579716,1.0,4/5,14.23%,Q9Y3C0;Q12768;Q2M389;Q641Q2
prerank,"WASH complex, variant WASHC1/WASHC2A",0.726974966897182,1.7502997254127617,0.021156558533145273,0.046317939139118455,1.0,4/5,14.23%,Q9Y3C0;Q12768;Q2M389;Q641Q2
prerank,Intron-binding complex ,0.7263016779369141,1.7478290368163443,0.020289855072463767,0.04692417906279011,1.0,3/5,7.00%,Q9UNP9;Q9HCS7;O60306
prerank,Microprocessor complex,0.8474174024414641,1.7456310048857744,0.019877675840978593,0.04747981282439907,1.0,1/3,0.33%,CHEBI:30413
prerank,COG tethering complex,-0.5077691453940066,-1.744839582358542,0.011764705882352941,0.10048041885620038,0.998,8/8,49.36%,Q96JB2;Q96MW5;Q8WTW3;Q9H9E3;Q9UP83;Q9Y2V7;P83436;Q14746
prerank,2-(3-amino-3-carboxypropyl)histidine synthase complex,0.8711856779431002,1.7436051179510013,0.0062402496099844,0.04796104670994847,1.0,1/3,0.22%,CHEBI:49883
prerank,"SMC5-SMC6 SUMO ligase complex, EID3 variant",0.604447895804723,1.7435227844670282,0.026917900403768506,0.04790086714845643,1.0,7/8,28.41%,Q8IY18;Q8IX21;Q8WV22;Q96MF7;Q96MG7;Q96SB8;Q9BQI6
prerank,"WASH complex, variant WASH3P/WASHC2A",0.726974966897182,1.7422755253407878,0.02604920405209841,0.04813684181040639,1.0,4/5,14.23%,Q9Y3C0;Q12768;Q2M389;Q641Q2
prerank,Mitochondrial ribonuclease P complex,0.7088601484286442,1.737006204503379,0.020558002936857563,0.04959857232493088,1.0,1/5,0.17%,CHEBI:18420
prerank,ALKBH8-TRM112 methyltransferase complex,0.7654574150813168,1.7368617383496743,0.011799410029498525,0.04954357427730694,1.0,2/4,1.30%,CHEBI:59789;Q9UI30
prerank,"Exocyst, EXOC6 variant",0.6041704263263656,1.735249963612126,0.03783783783783784,0.04992615356496722,1.0,7/8,28.43%,Q8IYI6;O00471;O60645;Q96A65;Q9UPT5;Q96KP1;Q9NV70
prerank,"RNA decapping and exonuclease complex, DCP1B variant",0.6643103140748732,1.7346683157951024,0.0343878954607978,0.0500347721541331,1.0,5/6,20.38%,P26196;Q6P2E9;Q8IU60;Q8IZH2;Q96F86
prerank,Lactose synthase complex,0.862558312151643,1.7322582007801026,0.02106969205834684,0.050639416726167834,1.0,1/3,0.19%,CHEBI:29108
prerank,"Sodium:potassium-exchanging ATPase complex, FXYD6 variant",0.862330090600048,1.7311050263965644,0.0048,0.05093867007996273,1.0,2/3,1.61%,P05026;P05023
prerank,"RNA decapping and exonuclease complex, DCP1A variant",0.6643103140748732,1.7309023314877416,0.024456521739130436,0.05090269982710989,1.0,5/6,20.38%,P26196;Q6P2E9;Q8IU60;Q8IZH2;Q96F86
prerank,Interleukin-26 receptor-ligand complex,0.8414608153421687,1.7283657113018451,0.0061162079510703364,0.05149177208729754,1.0,2/3,4.29%,Q08334;Q9UHF4
prerank,Interleukin-36B receptor ligand complex,0.8332236967771618,1.726128389485879,0.016,0.05205765580469946,1.0,2/3,4.82%,Q9NPH3;Q9HB29
prerank,"miRNA RISC complex, TNRC6C variant",0.7015845593804676,1.7244148787695892,0.02250351617440225,0.05242260975295384,1.0,4/5,15.09%,Q9HCK5;Q9UL18;Q9H9G7;Q9UKV8
prerank,"Exocyst, EXOC6B variant",0.6041704263263656,1.7241592420221148,0.033647375504710635,0.05238934229545333,1.0,7/8,28.43%,Q8IYI6;O00471;O60645;Q96A65;Q9UPT5;Q96KP1;Q9NV70
prerank,Mitochondrial electron transfer flavoprotein complex,0.7582817477642216,1.722871148693786,0.01002865329512894,0.05265849020507821,1.0,1/4,0.30%,CHEBI:57692
prerank,Cubam cobalamin uptake receptor complex,0.862558312151643,1.7225697890236162,0.00974025974025974,0.05263270883961213,1.0,1/3,0.19%,CHEBI:29108
prerank,CENP-A nucleosome complex,0.7155571281133518,1.7179858963064663,0.024024024024024024,0.05405311338998053,1.0,3/5,7.70%,P62805;P06899;P04908
prerank,Interleukin-36G receptor ligand complex,0.8332236967771618,1.7173645709482637,0.023510971786833857,0.0541725342531207,1.0,2/3,4.82%,Q9NPH3;Q9HB29
prerank,Anaphase-promoting core complex,0.49805447470817155,1.7172862547406444,0.02909090909090909,0.05410010625979939,1.0,14/14,50.39%,Q9H1A4;P30260;P60006;Q13042;Q8NHZ8;Q96DE5;Q9BS18;Q9NYG5;Q9UJX2;Q9UJX3;Q9UJX4;Q9UJX5;Q9UJX6;Q9UM13
prerank,Cyclin-dependent protein kinase-activating kinase complex,0.8462177888611802,1.7161129778213084,0.0220125786163522,0.05435840946812039,1.0,3/3,15.45%,P51946;P51948;P50613
prerank,"miRNA RISC complex, TNRC6A variant",0.7015845593804676,1.7149460786438493,0.019498607242339833,0.05467502393832827,1.0,4/5,15.09%,Q9HCK5;Q9UL18;Q9H9G7;Q9UKV8
prerank,"Soluble guanylate cyclase complex, SGCalpha1-SGCbeta1 variant",0.8243292048558776,1.713841598783783,0.014331210191082803,0.05485414064492633,1.0,1/3,0.33%,CHEBI:30413
prerank,NLRP1 inflammasome,0.8316750387524395,1.713821636681317,0.017684887459807074,0.054760448922262,1.0,2/3,3.05%,Q9ULZ3;P29466
prerank,AIM2 inflammasome,0.8316750387524395,1.7135079532916058,0.016129032258064516,0.05476448478896409,1.0,2/3,3.05%,Q9ULZ3;P29466
prerank,Catalase complex,0.8474174024414641,1.7105335658084735,0.00966183574879227,0.055517988402180356,1.0,1/3,0.33%,CHEBI:30413
prerank,"miRNA RISC complex, TNRC6B variant",0.7015845593804676,1.7102539577194595,0.02263083451202263,0.05550785060034227,1.0,4/5,15.09%,Q9HCK5;Q9UL18;Q9H9G7;Q9UKV8
prerank,CatSpermasome complex,0.5244444444444446,1.7034487642774374,0.04337050805452292,0.0573862434231528,1.0,11/12,39.40%,Q9H7T0;Q96P56;Q8NEC5;Q86XQ3;Q86XM0;Q7RTX7;Q6ZRH7;Q5SY80;Q2WGJ8;E9PQX1;A8MZ26
prerank,"Soluble guanylate cyclase complex, SGCalpha2-SGCbeta1 variant",0.8243292048558776,1.7032213129916103,0.014634146341463415,0.05738035276282795,1.0,1/3,0.33%,CHEBI:30413
prerank,BCDX2 complex,0.7585920177383592,1.7028560007354623,0.02450229709035222,0.05743542577853383,1.0,4/4,24.22%,O43502;O43543;O15315;O75771
prerank,Chromatin assembly factor 1 complex,0.845904551069604,1.700974187528221,0.012461059190031152,0.05797694523532361,1.0,1/3,0.47%,Q09028
prerank,Interleukin-36A receptor ligand complex,0.8332236967771618,1.7007281643263097,0.021035598705501618,0.057957360778452795,1.0,2/3,4.82%,Q9NPH3;Q9HB29
prerank,"Methyltransferase complex, METTL3-METTL14",-0.7786090329731228,-1.6993722522426569,0.02894736842105263,0.12149938924180419,0.999,3/3,22.23%,Q9HCE5;Q86U44;CHEBI:67040
prerank,NLRP3 inflammasome,0.8316750387524395,1.695396090611979,0.016025641025641024,0.059559157716468074,1.0,2/3,3.05%,Q9ULZ3;P29466
prerank,Coagulation factor VIIa - tissue factor complex,0.7601179065486374,1.6902486472433964,0.030120481927710843,0.06106943256321426,1.0,1/4,0.19%,CHEBI:29108
prerank,Pyrin inflammasome,0.8316750387524395,1.6870212852160789,0.02190923317683881,0.06203827303274391,1.0,2/3,3.05%,Q9ULZ3;P29466
prerank,"GABA-A receptor, alpha3-beta1-gamma2 complex",0.825990579107786,1.6836995784701019,0.013412816691505217,0.06302621490392185,1.0,3/3,17.47%,P18507;P18505;P34903
prerank,"Mitochondrial calcium uniporter complex, MICU1 variant",0.826821834303131,1.6809980501907957,0.01892744479495268,0.06387520294830243,1.0,3/3,17.39%,Q9BPX6;Q8NE86;Q9H4I9
prerank,"Poly(A) tail exosome targeting complex, RBM27 variant",0.693330152171741,1.680782581660201,0.03389830508474576,0.06383268945459504,1.0,4/5,16.92%,P42285;O60293;Q8IXZ2;Q86U42
prerank,"GABA-A receptor, alpha3-beta2-gamma2",0.8259905791077862,1.6784876184834787,0.01809954751131222,0.06454976730426465,1.0,3/3,17.47%,P47870;P18507;P34903
prerank,"Box C/D snoRNA-Guided RNP methyltransferase complex, FBLL1 variant",0.6324126758882304,1.6782367749529483,0.030942334739803096,0.06453113207191548,1.0,3/6,11.46%,P55769;O00567;Q9Y2X3
prerank,"GABA-A receptor, alpha3-beta3-gamma2",0.825990579107786,1.6778861371716878,0.0106544901065449,0.06452252042745651,1.0,3/3,17.47%,P28472;P18507;P34903
prerank,"Nav1.3 voltage-gated sodium channel complex, SCN3B-SCN4B variant",0.8117425106213321,1.677565376334549,0.025356576862123614,0.06451642433967629,1.0,2/3,3.43%,Q8IWT1;Q9NY72
prerank,"Nav1.3 voltage-gated sodium channel complex, SCN1B-SCN4B variant",0.8120195956864471,1.6759439644477443,0.02472952086553323,0.06491960096576974,1.0,2/3,3.41%,Q07699;Q8IWT1
prerank,"Nax cation channel complex, SCN2B-SCN3B variant",0.811465425556217,1.67398563588878,0.015128593040847202,0.06554169423064918,1.0,2/3,3.46%,Q9NY72;O60939
prerank,"Interferon lambda receptor-ligand complex, IFNL1 variant",0.8211057295582659,1.6707678042210012,0.015337423312883436,0.06659408299376529,1.0,2/3,5.65%,Q08334;Q8IU57
prerank,"Poly(A) tail exosome targeting complex, RBM26 variant",0.693330152171741,1.669316929696345,0.027181688125894134,0.06706049949998986,1.0,4/5,16.92%,P42285;O60293;Q8IXZ2;Q86U42
prerank,"Nav1.5 voltage-gated sodium channel complex, SCN2B-SCN3B variant",0.811465425556217,1.6669534769958143,0.025,0.06780601188735162,1.0,2/3,3.46%,Q9NY72;O60939
prerank,"Nav1.4 voltage-gated sodium channel complex, SCN1B-SCN4B variant",0.8120195956864471,1.6666134298734083,0.02472952086553323,0.06779416904747722,1.0,2/3,3.41%,Q07699;Q8IWT1
prerank,"Nav1.3 voltage-gated sodium channel complex, SCN2B-SCN3B variant",0.811465425556217,1.6658917444459571,0.01854714064914992,0.06793206301368884,1.0,2/3,3.46%,Q9NY72;O60939
prerank,"Nav1.2 voltage-gated sodium channel complex, SCN1B-SCN4B variant",0.8120195956864471,1.6635078788874929,0.024890190336749635,0.06857900561151434,1.0,2/3,3.41%,Q07699;Q8IWT1
prerank,DNA polymerase alpha:primase complex,0.682527788639016,1.6632337805913746,0.034782608695652174,0.0685560829181495,1.0,1/5,0.22%,CHEBI:49883
prerank,"Nav1.9 voltage-gated sodium channel complex, SCN1B-SCN4B variant",0.8120195956864471,1.6618663408394951,0.0286144578313253,0.06890916667670179,1.0,2/3,3.41%,Q07699;Q8IWT1
prerank,CIAO1-CIAO2A-CIAO3 cytosolic iron-sulfur protein assembly complex,0.730284143652439,1.6597795382432377,0.022091310751104567,0.06949250702729104,1.0,1/4,0.22%,CHEBI:49883
prerank,"Nax cation channel complex, SCN3B-SCN4B variant",0.8117425106213321,1.6594942465275009,0.02457757296466974,0.06949243021065019,1.0,2/3,3.43%,Q8IWT1;Q9NY72
prerank,"Interferon lambda receptor-ligand complex, IFNL4 variant",0.8211057295582659,1.6594075367493573,0.019969278033794162,0.06938793786808181,1.0,2/3,5.65%,Q08334;Q8IU57
prerank,"Nav1.1 voltage-gated sodium channel complex, SCN1B-SCN4B variant",0.8120195956864471,1.65837743467134,0.025835866261398176,0.06971286470005605,1.0,2/3,3.41%,Q07699;Q8IWT1
prerank,"Nav1.9 voltage-gated sodium channel complex, SCN2B-SCN3B variant",0.811465425556217,1.65804291842708,0.024539877300613498,0.06973660252056194,1.0,2/3,3.46%,Q9NY72;O60939
prerank,"Nav1.8 voltage-gated sodium channel complex, SCN2B-SCN3B variant",0.811465425556217,1.6577530263494034,0.01669195751138088,0.0696998676488875,1.0,2/3,3.46%,Q9NY72;O60939
prerank,"Nav1.5 voltage-gated sodium channel complex, SCN1B-SCN4B variant",0.8120195956864471,1.656047524297694,0.021406727828746176,0.07026611314764732,1.0,2/3,3.41%,Q07699;Q8IWT1
prerank,"Nav1.7 voltage-gated sodium channel complex, SCN2B-SCN3B variant",0.811465425556217,1.6557290158363576,0.0213089802130898,0.07028154701565298,1.0,2/3,3.46%,Q9NY72;O60939
prerank,"Nav1.1 voltage-gated sodium channel complex, SCN2B-SCN3B variant",0.811465425556217,1.655368349854184,0.0289193302891933,0.0703065397484372,1.0,2/3,3.46%,Q9NY72;O60939
prerank,"Nav1.4 voltage-gated sodium channel complex, SCN3B-SCN4B variant",0.8117425106213321,1.6550246562006654,0.024232633279483037,0.07033144615053824,1.0,2/3,3.43%,Q8IWT1;Q9NY72
prerank,"Interferon lambda receptor-ligand complex, IFNL3 variant",0.8211057295582659,1.6548022882040332,0.016591251885369532,0.07026765977694795,1.0,2/3,5.65%,Q08334;Q8IU57
prerank,"Nav1.4 voltage-gated sodium channel complex, SCN2B-SCN3B variant",0.811465425556217,1.653997763298794,0.02689873417721519,0.07043837756240909,1.0,2/3,3.46%,Q9NY72;O60939
prerank,"Nav1.6 voltage-gated sodium channel complex, SCN1B-SCN4B variant",0.8120195956864471,1.6534722062298106,0.03067484662576687,0.07049395422328733,1.0,2/3,3.41%,Q07699;Q8IWT1
prerank,"Nav1.2 voltage-gated sodium channel complex, SCN2B-SCN3B variant",0.811465425556217,1.6526379928225992,0.022658610271903322,0.07068037540539392,1.0,2/3,3.46%,Q9NY72;O60939
prerank,"Nav1.5 voltage-gated sodium channel complex, SCN3B-SCN4B variant",0.8117425106213321,1.6525670715016325,0.0208,0.0705878879042444,1.0,2/3,3.43%,Q8IWT1;Q9NY72
prerank,"Nav1.2 voltage-gated sodium channel complex, SCN3B-SCN4B variant",0.8117425106213321,1.6507716850377747,0.020155038759689922,0.07113915532516968,1.0,2/3,3.43%,Q8IWT1;Q9NY72
prerank,"Nav1.7 voltage-gated sodium channel complex, SCN3B-SCN4B variant",0.8117425106213321,1.6489068761373056,0.03115264797507788,0.07170987363552962,1.0,2/3,3.43%,Q8IWT1;Q9NY72
prerank,DNA polymerase zeta complex,0.6750808581673038,1.6473843161751236,0.028288543140028287,0.0721295753718271,1.0,4/5,25.72%,CHEBI:49883;Q9UI95;P49005;Q15054
prerank,Complement C1 complex,0.6581646797892986,1.647347631460617,0.02616279069767442,0.0720281658151583,1.0,5/5,34.27%,CPX-1919;P00736-PRO_0000027578;P00736-PRO_0000027579;P09871-PRO_0000027587;P09871-PRO_0000027588
prerank,"Nav1.6 voltage-gated sodium channel complex, SCN3B-SCN4B variant",0.8117425106213321,1.645213825281512,0.025477707006369428,0.0726935117930025,1.0,2/3,3.43%,Q8IWT1;Q9NY72
prerank,"Nax cation channel complex, SCN1B-SCN4B variant",0.8120195956864471,1.6450336483627284,0.021374045801526718,0.07263386561733927,1.0,2/3,3.41%,Q07699;Q8IWT1
prerank,Elongator holoenzyme complex,0.639767054908486,1.64421282331149,0.04788732394366197,0.07281649270814908,1.0,6/6,36.13%,Q9H9T3;O95163;Q0PNE2;Q6IA86;Q8TE02;Q96EB1
prerank,"Nav1.3 voltage-gated sodium channel complex, SCN1B-SCN2B variant",0.811465425556217,1.643922295410805,0.03560371517027864,0.07281784248973815,1.0,2/3,3.46%,Q07699;O60939
prerank,"Nav1.6 voltage-gated sodium channel complex, SCN2B-SCN3B variant",0.811465425556217,1.6411670678271664,0.01889763779527559,0.07377249626542713,1.0,2/3,3.46%,Q9NY72;O60939
prerank,"Septin complex, hexamer variant, SEPT2-SEPT6-SEPT-7",0.8096425602660016,1.6398754878340318,0.0272,0.07414870451990375,1.0,3/3,19.10%,Q16181;Q15019;Q14141
prerank,"Nav1.1 voltage-gated sodium channel complex, SCN3B-SCN4B variant",0.8117425106213321,1.6398565470354034,0.03503184713375796,0.07402875366489385,1.0,2/3,3.43%,Q8IWT1;Q9NY72
prerank,"Nav1.9 voltage-gated sodium channel complex, SCN3B-SCN4B variant",0.8117425106213321,1.6397957242315846,0.025437201907790145,0.07391852729526657,1.0,2/3,3.43%,Q8IWT1;Q9NY72
prerank,Nucleolar ribonuclease P complex,0.5099013496640747,1.6397919285277887,0.042027194066749075,0.07379703725439428,1.0,8/11,23.59%,P78345;Q969H6;Q9BUL9;Q99575;O95707;O75817;P78346;O75818
prerank,Collagen type XI trimer variant 3,0.802438348573012,1.6389645913907376,0.023474178403755867,0.07399880843830167,1.0,3/3,19.82%,P12107;P20908;P05997
prerank,"Nav1.1 voltage-gated sodium channel complex, SCN1B-SCN2B variant",0.811465425556217,1.6355780390909784,0.0382262996941896,0.07531989575856823,1.0,2/3,3.46%,Q07699;O60939
prerank,"Interferon lambda receptor-ligand complex, IFNL2 variant",0.8211057295582659,1.6346414081394827,0.017991004497751123,0.0755971647383777,1.0,2/3,5.65%,Q08334;Q8IU57
prerank,"Nav1.7 voltage-gated sodium channel complex, SCN1B-SCN4B variant",0.8120195956864471,1.6342172269271553,0.024464831804281346,0.0756331563155443,1.0,2/3,3.41%,Q07699;Q8IWT1
prerank,ASAP splicing-associated complex,-0.7772236076475478,-1.633304527393373,0.049479166666666664,0.1610569283330685,1.0,3/3,22.37%,Q9UKV3;Q15287;O00422
prerank,GCN5-containing ATAC complex,0.5208460743933411,1.6332283264054197,0.04701397712833545,0.0759020619777456,1.0,4/10,9.91%,P61964;O75528;Q92830;Q96ES7
prerank,"Gamma-delta T cell receptor complex, TRGC1 variant",0.6561628460126512,1.633227360908817,0.04908835904628331,0.07577618791144751,1.0,3/5,7.78%,P20963;P07766;P09693
prerank,"Nax cation channel complex, SCN1B-SCN2B variant",0.811465425556217,1.6331875963115379,0.0328125,0.07566912763867369,1.0,2/3,3.46%,Q07699;O60939
prerank,Interleukin-27 receptor-ligand complex,0.7150284778372966,1.6331389816169213,0.028744326777609682,0.07556012546119084,1.0,3/4,14.26%,P40189;Q6UWB1;Q14213
prerank,AHNAK - Annexin A2 - S100-A10 complex,0.7131343571323917,1.6312830021941727,0.036656891495601175,0.07613221726724528,1.0,2/4,11.21%,CHEBI:29108;P07355
prerank,"GID E3 ubiquitin ligase complex, RMND5A-RANBP9 variant",0.5378377198433008,1.6306115575405835,0.04743083003952569,0.07633630273601266,1.0,7/9,25.66%,P62699;Q7L5Y9;Q8IUR7;Q8IVV7;Q9NWU2;Q9UL63;Q9H7D7
prerank,"FTS-Hook-FHIP cargo adaptor complex, FHIP2B-HOOK1/2/3 variant",0.6645513222722254,1.6303891891995284,0.0446927374301676,0.07628613793795794,1.0,4/5,17.44%,Q9H8T0;Q96ED9;Q86VS8;Q9UJC3
prerank,"Nav1.8 voltage-gated sodium channel complex, SCN1B-SCN4B variant",0.8120195956864471,1.6288831762684706,0.02694136291600634,0.07675386669761952,1.0,2/3,3.41%,Q07699;Q8IWT1
prerank,"Nav1.8 voltage-gated sodium channel complex, SCN3B-SCN4B variant",0.8117425106213321,1.628529306431615,0.027243589743589744,0.07678060000456109,1.0,2/3,3.43%,Q8IWT1;Q9NY72
prerank,DNA polymerase epsilon complex,0.6608135055389079,1.6279375905292197,0.04354136429608128,0.07690499676133888,1.0,1/5,0.22%,CHEBI:49883
prerank,FERRY RAB5 effector complex,0.6742445245356252,1.6276395411568905,0.043041606886657105,0.07693139575998371,1.0,5/5,32.67%,Q8TEA7;Q6ZMI0;O95825;Q8NB37;Q9NQ89
prerank,"Nav1.2 voltage-gated sodium channel complex, SCN1B-SCN2B variant",0.811465425556217,1.6274506584267665,0.03353658536585366,0.07687840348733159,1.0,2/3,3.46%,Q07699;O60939
prerank,"GID E3 ubiquitin ligase complex, RMND5A-RANBP10 variant",0.5378377198433008,1.6274409672373022,0.04409857328145266,0.07675545653196869,1.0,7/9,25.66%,P62699;Q7L5Y9;Q8IUR7;Q8IVV7;Q9NWU2;Q9UL63;Q9H7D7
prerank,Tubulin polyglutamylase complex,0.6728583310230108,1.6269190210819742,0.03698435277382646,0.07685875865524228,1.0,5/5,32.81%,O95922;Q68CL5;Q6ZTW0;Q8IUZ0;Q9BSH3
prerank,Hexasome complex,0.7177858681247687,1.626832248085021,0.036337209302325583,0.07675879103054152,1.0,2/4,4.62%,P62805;P68431
prerank,"Nav1.4 voltage-gated sodium channel complex, SCN1B-SCN2B variant",0.811465425556217,1.6264056944464975,0.03761755485893417,0.0768099759490845,1.0,2/3,3.46%,Q07699;O60939
prerank,"Cleavage stimulation factor complex, CSTF2T variant",-0.7678027154336382,-1.6256176605619188,0.052478134110787174,0.156122703386905,1.0,3/3,23.31%,Q9H0L4;Q05048;Q12996
prerank,"GID E3 ubiquitin ligase complex, RMND5B-RANBP9 variant",0.5378377198433008,1.6251303229510192,0.045278137128072445,0.07722284738247955,1.0,7/9,25.66%,P62699;Q7L5Y9;Q8IUR7;Q8IVV7;Q9NWU2;Q9UL63;Q9H7D7
prerank,RB1-E2F2-DP1 transcriptional repressor complex,0.792500932937919,1.6234144060819102,0.016129032258064516,0.0777308724371945,1.0,2/3,8.83%,Q14186;P06400
prerank,"GID E3 ubiquitin ligase complex, RMND5B-RANBP10 variant",0.5378377198433008,1.6217121127892484,0.04597701149425287,0.07830446706727359,1.0,7/9,25.66%,P62699;Q7L5Y9;Q8IUR7;Q8IVV7;Q9NWU2;Q9UL63;Q9H7D7
prerank,Outer dynein arm-docking complex,0.6673135569725535,1.6205534126875267,0.04499274310595065,0.07867938729481358,1.0,5/5,33.36%,A5D8V7;Q9HAE3;Q96NG3;Q96M63;Q5T2S8
prerank,Interleukin-19 receptor-ligand complex,0.8002475289869171,1.6203016852361112,0.032520325203252036,0.07868911070200027,1.0,2/3,4.29%,Q6UXL0;Q9UHF4
prerank,"GABA-A receptor, alpha1-alpha2-beta1-beta2-gamma2",0.6552955625766501,1.619803635980835,0.04149377593360996,0.0787746055884789,1.0,4/5,21.15%,P47870;P18507;P18505;P14867
prerank,"Nav1.9 voltage-gated sodium channel complex, SCN1B-SCN2B variant",0.811465425556217,1.61843290584721,0.03599374021909233,0.07923823252991467,1.0,2/3,3.46%,Q07699;O60939
prerank,CIAO1-CIAO2B-CIAO3-MMS19 cytosolic iron-sulfur protein assembly complex,0.6636203524875494,1.6176002482313059,0.03795620437956204,0.07945813899233581,1.0,1/5,0.22%,CHEBI:49883
prerank,"GABA-A receptor, alpha1-alpha2-beta2-beta3-gamma2",0.6651960537107824,1.6157451650694625,0.04148783977110158,0.08008560328169699,1.0,4/5,21.15%,P28472;P47870;P18507;P14867
prerank,Rixosome RNA degradation complex,0.585575589459085,1.611938681127747,0.05100671140939597,0.08155286784431817,1.0,7/7,41.56%,Q5SY16;Q8IZL8;Q9H4L4;Q9NU22;Q9NXF1;Q9Y4W2;Q9BV38
prerank,GATOR2 complex,0.6562695868649708,1.6111641482040244,0.02638888888888889,0.0817702498134158,1.0,2/5,8.55%,P55735;Q96EE3
prerank,"CARD-BCL10-MALT1 complex, CARD11 variant",0.7775838182321972,1.6101318713115496,0.03425774877650897,0.08207747776778623,1.0,2/3,4.49%,Q9UDY8;O95999
prerank,RB1-E2F3-DP1 transcriptional repressor complex,0.792500932937919,1.6077926317280724,0.02936630602782071,0.08297679977408318,1.0,2/3,8.83%,Q14186;P06400
prerank,Interleukin-20 receptor-ligand Type 1 complex,0.8002475289869171,1.6076623026773393,0.027331189710610933,0.08290253114568873,1.0,2/3,4.29%,Q6UXL0;Q9UHF4
prerank,"GABA-A receptor, alpha1-beta3-gamma2",0.7891382654474923,1.6067949542698605,0.03260869565217391,0.08310541302673209,1.0,3/3,21.15%,P28472;P18507;P14867
prerank,"Nav1.6 voltage-gated sodium channel complex, SCN1B-SCN2B variant",0.811465425556217,1.604867434522274,0.036334913112164295,0.08378600474543814,1.0,2/3,3.46%,Q07699;O60939
prerank,Hemoglobin Portland-1 Variant 2 complex,0.7750540529009151,1.601647584913598,0.025196850393700787,0.08509540247389284,1.0,1/3,0.33%,CHEBI:30413
prerank,"Little elongation complex, ELL3 variant",0.7036642438752576,1.6015350355245475,0.04084720121028744,0.08502920209161857,1.0,3/4,12.29%,Q9Y2F5;Q659A1;Q8N5P1
prerank,Annexin A2 - S100-A10 complex,0.7800174746096081,1.6015344281571422,0.03255813953488372,0.08489550837763804,1.0,2/3,11.21%,CHEBI:29108;P07355
prerank,Subcortical maternal complex,0.580582524271845,1.6012147797575653,0.04807692307692308,0.08490614684335206,1.0,7/7,42.05%,Q587J8;Q6TGC4;Q8WX94;Q9H808-1;Q9NX02;P59047;A6NGQ2
prerank,"Little elongation complex, ELL variant",0.7036642438752576,1.6009373017236732,0.04296296296296296,0.08492763732715561,1.0,3/4,12.29%,Q9Y2F5;Q659A1;Q8N5P1
prerank,"Nav1.8 voltage-gated sodium channel complex, SCN1B-SCN2B variant",0.811465425556217,1.6005714929205452,0.03205128205128205,0.0849707972131148,1.0,2/3,3.46%,Q07699;O60939
prerank,"Nav1.5 voltage-gated sodium channel complex, SCN1B-SCN2B variant",0.811465425556217,1.5994723520085248,0.03241491085899514,0.08533502220628515,1.0,2/3,3.46%,Q07699;O60939
prerank,"Gamma-delta T cell receptor complex, TRGC2 variant",0.6561628460126512,1.598293002261055,0.04093567251461988,0.08576961795691636,1.0,3/5,7.78%,P20963;P07766;P09693
prerank,Interleukin-6-mIL6R-mIL6ST receptor-ligand classical signalling complex,0.7816701595403799,1.5971240271855585,0.04038772213247173,0.08620285982670446,1.0,2/3,8.58%,P40189;P05231
prerank,"GABA-A receptor, alpha1-beta2-gamma2",0.7891382654474923,1.596970937559863,0.0379746835443038,0.08614440133756146,1.0,3/3,21.15%,P47870;P18507;P14867
prerank,"CARD-BCL10-MALT1 complex, CARD14 variant",0.7775838182321972,1.596466927256922,0.02975206611570248,0.08624357008176829,1.0,2/3,4.49%,Q9UDY8;O95999
prerank,"GABA-A receptor, alpha1-beta1-gamma2",0.7891382654474923,1.5941739607835368,0.031545741324921134,0.08708537031607837,1.0,3/3,21.15%,P18507;P18505;P14867
prerank,Embryonic hemoglobin Gower-1 complex,0.7750540529009151,1.5941130340116594,0.03179650238473768,0.08696991425684382,1.0,1/3,0.33%,CHEBI:30413
prerank,Piccolo NuA4 histone acetyltransferase complex ,0.7855361596009974,1.5930627849875776,0.03605015673981191,0.08733140239343475,1.0,3/3,21.51%,Q9H2F5;Q92993;Q9NXR8
prerank,Hemoglobin Portland-2 complex,0.7750540529009151,1.5928371345899077,0.03538461538461538,0.08728880120835815,1.0,1/3,0.33%,CHEBI:30413
prerank,"Nav1.7 voltage-gated sodium channel complex, SCN1B-SCN2B variant",0.811465425556217,1.5916805418600501,0.03470031545741325,0.08770646870539128,1.0,2/3,3.46%,Q07699;O60939
prerank,"CARD-BCL10-MALT1 complex, CARD9 variant",0.7775838182321972,1.591330073270641,0.036065573770491806,0.08771684361019295,1.0,2/3,4.49%,Q9UDY8;O95999
prerank,Precursor interleukin-1 alpha-membrane-bound receptor type 1 complex,0.7669714602382929,1.5891255257271015,0.03284072249589491,0.08864250057633716,1.0,3/3,23.37%,Q9NPH3;P14778-PRO_0000015435;P01583
prerank,Laminin-111 complex,0.770770086090539,1.5889933058690677,0.04173354735152488,0.08857471626966215,1.0,2/3,5.62%,P07942;P11047
prerank,RB1-E2F1-DP1 transcriptional repressor complex,0.792500932937919,1.5882523520921454,0.0288,0.08879216616892482,1.0,2/3,8.83%,Q14186;P06400
prerank,Vault ribonucleoprotein complex,0.576699029126214,1.5864104846662823,0.05471956224350205,0.0894443324956729,1.0,7/7,42.44%,Q14764;Q99973;Q9UKK3;URS0000000A8C_9606;URS00005CCF67_9606;URS0000A76E3A_9606;URS000058CD99_9606
prerank,"Little elongation complex, ELL2 variant",0.7036642438752576,1.5862150955767296,0.03566121842496285,0.08939471960434332,1.0,3/4,12.29%,Q9Y2F5;Q659A1;Q8N5P1
prerank,Hemoglobin Portland-1 Variant 1 complex,0.7750540529009151,1.5843561277122131,0.029921259842519685,0.09013290723517733,1.0,1/3,0.33%,CHEBI:30413
prerank,Hemoglobin HbA2 complex,0.7724582707365201,1.5836865559464217,0.026234567901234566,0.09032129219487131,1.0,1/3,0.33%,CHEBI:30413
prerank,Interleukin-17C receptor-ligand complex,0.6941950460691575,1.5824550172080116,0.051775147928994084,0.09073497096884015,1.0,2/4,3.29%,Q96F46;O43734
prerank,Laminin-121 complex,0.770528757912097,1.581393369096922,0.031446540880503145,0.0911136711026572,1.0,2/3,5.62%,P55268;P11047
prerank,Interleukin-23 receptor-ligand complex,0.7073170731707316,1.5761028610264747,0.049107142857142856,0.09345262174770612,1.0,4/4,29.35%,P42701-PRO_0000010917;P29460-PRO_0000010930;Q5VWK5-PRO_0000268662;Q9NPF7-PRO_0000259488
prerank,DNA polymerase delta complex,0.6464196994835619,1.5722003115631336,0.03982930298719772,0.09526336788575374,1.0,1/5,0.22%,CHEBI:49883
prerank,"Ubiquitous AP-1 Adaptor complex, sigma1b variant",0.6906320698214397,1.5720112986010149,0.04903417533432392,0.09522856912839514,1.0,3/4,15.12%,Q10567;O43747;Q9BXS5
prerank,"mTNF-TNR1B receptor-ligand core complex, BIRC3 variant",0.7008441332138531,1.5712564598927432,0.054519368723098996,0.09548507780670959,1.0,3/4,11.32%,Q12933;CPX-8931;Q13489
prerank,Interleukin-1 beta ligand-membrane bound receptor type 1 complex,0.7672485453034079,1.5690613613240045,0.03145695364238411,0.09639555560945795,1.0,3/3,23.34%,Q9NPH3;P01584-PRO_0000015302;P14778-PRO_0000015435
prerank,"Ubiquitous AP-1 Adaptor complex, sigma1c variant",0.6906320698214397,1.5685550405332724,0.041916167664670656,0.09648453216370659,1.0,3/4,15.12%,Q10567;O43747;Q9BXS5
prerank,iNOS-S100A8/A9 complex,-0.71626489332225,-1.568396861451399,0.04747774480712166,0.19457548017912624,1.0,3/3,28.46%,P35228;P06702;P05109
prerank,"mTNF-TNR1B receptor-ligand core complex, BIRC2 variant",0.7011212950763809,1.5646017318955427,0.05499276410998553,0.09835429685429255,1.0,3/4,11.30%,Q12933;CPX-8931;Q13490
prerank,"CARD-BCL10-MALT1 complex, CARD10 variant",0.7775838182321972,1.5637972028193095,0.041050903119868636,0.09864622936386783,1.0,2/3,4.49%,Q9UDY8;O95999
prerank,PCAF-containing ATAC complex,0.4992619419407713,1.5634849633136203,0.06377551020408163,0.09864618572037402,1.0,4/10,11.35%,P61964;O75528;Q96ES7;Q92831
prerank,"MiDAC histone deacetylase complex, HDAC2 variant",0.7705118086083548,1.5625773577146511,0.04574132492113565,0.0989430377587958,1.0,1/3,0.97%,Q92769
prerank,Hemoglobin HbF Variant 2 complex,0.7549509369061074,1.5591000177076122,0.03803486529318542,0.10057614921942695,1.0,1/3,0.33%,CHEBI:30413
prerank,Precursor interleukin-1 alpha-soluble receptor type 1 complex,0.7669714602382931,1.5573290111030156,0.04220779220779221,0.10125633101000514,1.0,3/3,23.37%,Q9NPH3;P14778-PRO_0000415344;P01583
prerank,INO80 chromatin remodeling complex,0.43746071888687205,1.5563275831381276,0.07390300230946882,0.1016389183251433,1.0,4/15,5.04%,O96019;Q9Y230;Q9Y265;Q96EZ8
prerank,"DNA replication factor C complex, CHTF18 variant",0.5714044895271035,1.5515150637862367,0.07036535859269283,0.10406151904003975,1.0,4/7,9.03%,P35250;P35249;P40938;P40937
prerank,"MiDAC histone deacetylase complex, HDAC1 variant",0.7702347235432397,1.5509693897687526,0.05555555555555555,0.10423273001673426,1.0,1/3,1.00%,Q13547
prerank,Interleukin-1 beta ligand-soluble receptor type 1 complex,0.767525630368523,1.5500810375896101,0.050488599348534204,0.10455776402325787,1.0,3/3,23.31%,Q9NPH3;P14778-PRO_0000415344;P01584-PRO_0000015302
prerank,PDGF receptor alpha-beta - PDGF-CC complex,0.7499266582831429,1.549459754901637,0.052969502407704656,0.10472978906202028,1.0,2/3,6.92%,P16234;P09619
prerank,Hemoglobin HbA complex,0.7549509369061074,1.5429377014403178,0.06461538461538462,0.10815728815322785,1.0,1/3,0.33%,CHEBI:30413
prerank,Hemoglobin HbF Variant 1 complex,0.7549509369061074,1.5416508384565828,0.04245283018867924,0.10872298006547317,1.0,1/3,0.33%,CHEBI:30413
prerank,PDGF receptor alpha-beta - PDGF-DD complex,0.7499266582831429,1.540356466213969,0.052805280528052806,0.109188816185729,1.0,2/3,6.92%,P16234;P09619
prerank,Ribosome quality control complex,0.6809866962305986,1.5374177865517373,0.04896142433234421,0.11061739279711263,1.0,4/4,31.98%,CPX-137;O60524;O94822;Q9BQ70
prerank,NLRC4 inflammasome,0.660544137091351,1.5332067148523942,0.06911764705882353,0.11284537934566667,1.0,2/4,3.05%,Q9ULZ3;P29466
prerank,"Neuronal nicotinic acetylcholine receptor complex, alpha3-alpha5-beta4",0.7431421446384039,1.5319242482325648,0.058823529411764705,0.11341309908566215,1.0,3/3,25.75%,P30926-PRO_0000000389;P32297-PRO_0000000346;P30532-PRO_0000000356
prerank,"ERF1-ERF3 translation release factor complex, GSPT2 variant",0.758179056310899,1.531125805296157,0.047244094488188976,0.11372698562155972,1.0,1/3,0.64%,CHEBI:37565
prerank,"ERF1-ERF3 translation release factor complex, GSPT1 variant",0.758179056310899,1.5302838108377381,0.061191626409017714,0.11403995436056868,1.0,1/3,0.64%,CHEBI:37565
prerank,Hemoglobin E complex,0.7549509369061074,1.5291552947279312,0.053833605220228384,0.11456288987848384,1.0,1/3,0.33%,CHEBI:30413
prerank,"Interleukin-24 receptor-ligand complex, type 1",0.7517785244223336,1.527454497183275,0.0640625,0.11532119559701343,1.0,2/3,4.29%,Q6UXL0;Q9UHF4
prerank,Interleukin-20 receptor-ligand type 2 complex,0.7575892387541532,1.5263287679502633,0.056962025316455694,0.11581446043093893,1.0,2/3,7.39%,Q6UXL0;Q8N6P7
prerank,RXRalpha-RARalpha-NCOA2 retinoic acid receptor complex,0.7412494719936473,1.524385914139183,0.057692307692307696,0.11688368415754065,1.0,2/3,7.23%,P19793;Q15596
prerank,Laminin-411 complex,0.7347399187547925,1.520551860496551,0.06018518518518518,0.11886301858625925,1.0,2/3,5.62%,P07942;P11047
prerank,"Neuronal nicotinic acetylcholine receptor complex, alpha3-alpha5-beta2",0.7431421446384039,1.5201881119661949,0.05828220858895705,0.11893231384532389,1.0,3/3,25.75%,P17787-PRO_0000000379;P32297-PRO_0000000346;P30532-PRO_0000000356
prerank,Telomerase holoenzyme complex,-0.4513978193308146,-1.5181473142498034,0.06792452830188679,0.22895452914777972,1.0,6/7,39.48%,Q9BUR4;URS00004A7003_9606;Q9NPE3;O60832;Q9NY12;Q9NX24
prerank,Interleukin-22 receptor-ligand complex,0.7453034148783791,1.5167775619010704,0.0583596214511041,0.1207401372711477,1.0,2/3,7.39%,Q08334;Q8N6P7
prerank,"Neuronal nicotinic acetylcholine receptor complex, alpha3-alpha6-beta4",0.7381546134663339,1.516237761240456,0.060092449922958396,0.12088279273366359,1.0,3/3,26.25%,P30926-PRO_0000000389;P32297-PRO_0000000346;Q15825-PRO_0000000360
prerank,"TREX-2 transcription-export complex, CETN3 variant",0.6200354773205325,1.5153702148293189,0.05714285714285714,0.12117335394404163,1.0,2/5,5.79%,Q9NPA8;P60896
prerank,CKM complex variant 1,0.6637648789350136,1.5122685484639478,0.07291666666666667,0.12282202966875634,1.0,3/4,14.65%,P24863;Q93074;Q9UHV7
prerank,Laminin-311 complex variant B,0.7271512592700247,1.512006492559506,0.07401315789473684,0.12277521126368328,1.0,2/3,5.62%,P07942;P11047
prerank,TBK1-IKKepsilon-NAP1 complex,0.7399087338878871,1.5081684494287506,0.05279034690799397,0.12499558660138362,1.0,2/3,8.44%,Q9UHD2;Q14164
prerank,"Non-canonical polycomb repressive complex 1.5, RING2-RYBP-CKIIA1 variant",0.619142611172956,1.5065517627041192,0.08123249299719888,0.12569905777163512,1.0,2/5,2.44%,Q99496;Q8N488
prerank,"Non-canonical polycomb repressive complex 1.5, RING2-RYBP-CKIIA2 variant",0.619142611172956,1.5057847382981273,0.07496463932107496,0.12596869790972537,1.0,2/5,2.44%,Q99496;Q8N488
prerank,Laminin-211 complex,0.7347399187547925,1.504542643596987,0.07258064516129033,0.12660915156855476,1.0,2/3,5.62%,P07942;P11047
prerank,HOPS tethering complex,0.5778027283850061,1.5038689878962663,0.07972027972027972,0.1268290992444432,1.0,4/6,15.23%,Q9P253;Q9H270;Q9H269;Q96AX1
prerank,"Non-canonical polycomb repressive complex 1.3, RING2-RYBP-CKIIA1 variant",0.619142611172956,1.5030532425330672,0.07943262411347518,0.12707814064082493,1.0,2/5,2.44%,Q99496;Q8N488
prerank,Interleukin-17B receptor-ligand complex,0.6688494434286401,1.5016272731446128,0.07634730538922156,0.12778550629466098,1.0,2/4,3.29%,Q96F46;O43734
prerank,"COPI vesicle coat complex, COPG2-COPZ1 variant",0.545618907179309,1.5007954863222779,0.07744565217391304,0.12812929190439676,1.0,5/7,20.54%,P35606;P48444;O14579;P53621;P53618
prerank,MORF2 histone acetyltransferase complex,0.6525423756809435,1.5003587538668168,0.07515337423312883,0.12824126302567115,1.0,2/4,9.88%,Q9HAF1;Q8WYH8
prerank,Dynactin complex,-0.3691234830914072,-1.4999701403490922,0.041884816753926704,0.23423415864370373,1.0,9/10,29.79%,CPX-8695;Q9BTE1;Q14203;O75935;Q9NZ32;Q9UJW0;P61163;O00399;Q13561
prerank,Interleukin-25 receptor-ligand complex,0.6688494434286401,1.4995783131538072,0.06110283159463487,0.12855190410453798,1.0,2/4,3.29%,Q96F46;O43734
prerank,"Non-canonical polycomb repressive complex 1.3, RING2-YAF2-CKIIA1 variant",0.6058625498163175,1.499331025646493,0.07427785419532325,0.12850360134635377,1.0,2/5,3.21%,Q99496;Q8IY57
prerank,MOZ2 histone acetyltransferase complex,0.6525423756809435,1.4981588654603144,0.07511045655375552,0.129078213741034,1.0,2/4,9.88%,Q9HAF1;Q8WYH8
prerank,Fanconi anemia ubiquitin ligase complex,0.4990285872883711,1.4975340719762997,0.07721518987341772,0.12931376884384332,1.0,9/9,50.22%,O15360;Q00597;Q0VG06;Q6NZ36;Q8NB91;Q9HB96;Q9NPI8;Q9NW38;O15287
prerank,CORVET tethering complex,0.5778027283850061,1.4972088504953096,0.0763888888888889,0.12935667168449844,1.0,4/6,15.23%,Q9P253;Q9H270;Q9H269;Q96AX1
prerank,MOZ1 histone acetyltransferase complex,0.6525423756809435,1.4966511362839232,0.06423357664233577,0.1294620552673267,1.0,2/4,9.88%,Q9HAF1;Q8WYH8
prerank,TBK1-IKKepsilon-SINTBAD complex,0.7399087338878871,1.496485948149115,0.07585139318885449,0.12937764822015096,1.0,2/3,8.44%,Q9UHD2;Q14164
prerank,"Non-canonical polycomb repressive complex 1.6, RING2-RYBP variant",0.5762363489776109,1.4964760349457904,0.0782122905027933,0.1292017904539478,1.0,2/6,2.44%,Q99496;Q8N488
prerank,TBK1-IKKepsilon-TANK complex,0.7399087338878871,1.4959941545401854,0.06376360808709176,0.1293011036465917,1.0,2/3,8.44%,Q9UHD2;Q14164
prerank,"COPI vesicle coat complex, COPG1-COPZ2 variant",0.545618907179309,1.4946767726343164,0.08951048951048951,0.12988647369811723,1.0,5/7,20.54%,P35606;P48444;O14579;P53621;P53618
prerank,"Non-canonical polycomb repressive complex 1.5, RING2-RYBP-CKIIA1-A2 variant",0.619142611172956,1.4927616643431008,0.07528409090909091,0.13094614811195215,1.0,2/5,2.44%,Q99496;Q8N488
prerank,"FTS-Hook-FHIP cargo adaptor complex, FHIP1A-HOOK1/3 variant",0.659183485561571,1.4922793504436722,0.0723781388478582,0.13105230846554103,1.0,3/4,17.44%,Q9H8T0;Q86VS8;Q9UJC3
prerank,"Non-canonical polycomb repressive complex 1.3, RING2-RYBP-CKIIA2 variant",0.619142611172956,1.4905089141476366,0.07254623044096728,0.13201828980163197,1.0,2/5,2.44%,Q99496;Q8N488
prerank,HAUS complex,0.5119311875693675,1.4897432746430996,0.08367626886145405,0.13238381906658797,1.0,8/8,48.92%,Q9H6D7;Q9NVX0;Q9BT25;O94927;Q68CZ6;Q7Z4H7;Q96CS2;Q99871
prerank,"Non-canonical polycomb repressive complex 1.6, RING2-YAF2 variant",0.5627094469216873,1.4891682360903713,0.08437067773167359,0.1325667412235974,1.0,2/6,3.21%,Q99496;Q8IY57
prerank,"Non-canonical polycomb repressive complex 1.3, RING1-RYBP-CKIIA2 variant",0.6136252334869579,1.488690659483439,0.07857142857142857,0.13266620271563762,1.0,2/5,2.44%,Q06587;Q8N488
prerank,Laminin-221 complex,0.7344612072104246,1.4879739134532244,0.081377151799687,0.13294069556747823,1.0,2/3,5.62%,P55268;P11047
prerank,CKM complex variant 2,0.6637648789350136,1.4879396449254856,0.06758832565284179,0.13276426232095542,1.0,3/4,14.65%,P24863;Q93074;Q9UHV7
prerank,"Non-canonical polycomb repressive complex 1.5, RING1-RYBP-CKIIA1-A2 variant",0.6136252334869579,1.4875227763642653,0.08920863309352518,0.13285151116715815,1.0,2/5,2.44%,Q06587;Q8N488
prerank,"Ubiquitous AP-1 Adaptor complex, sigma1a variant",0.6542019694520855,1.487236992424263,0.057863501483679525,0.1328445139228591,1.0,3/4,15.12%,Q10567;O43747;Q9BXS5
prerank,"Scribble cell polarity complex, DLG5-LLGL2-SCRIB variant",0.7183875929653194,1.4859186104290596,0.06069802731411229,0.13351190626939474,1.0,2/3,8.36%,Q14160;Q6P1M3
prerank,"Non-canonical polycomb repressive complex 1.6, RING1-RYBP variant",0.570474283305492,1.4856770116653397,0.08635097493036212,0.13347149450743698,1.0,2/6,2.44%,Q06587;Q8N488
prerank,TGF-beta-2-TGFR complex,0.7075709760209259,1.4853352963326871,0.08386075949367089,0.13352290052052768,1.0,2/3,8.25%,P36897;P37173
prerank,"Scribble cell polarity complex, DLG2-LLGL2-SCRIB variant",0.7183875929653194,1.484881818289522,0.05591054313099041,0.13361613976391093,1.0,2/3,8.36%,Q14160;Q6P1M3
prerank,Fanconi anemia FANCM-FAAP24-MHF anchoring complex,0.6642769088111902,1.484634832640728,0.08875739644970414,0.13356431944835137,1.0,2/4,10.24%,A8MT69;Q8N2Z9
prerank,MORF1 histone acetyltransferase complex,0.6525423756809435,1.4835285539401761,0.07132018209408195,0.13411199242375196,1.0,2/4,9.88%,Q9HAF1;Q8WYH8
prerank,"Non-canonical polycomb repressive complex 1.3, RING1-RYBP-CKIIA1-A2 variant",0.6136252334869579,1.4823365254088066,0.08645533141210375,0.13464106608040916,1.0,2/5,2.44%,Q06587;Q8N488
prerank,"Scribble cell polarity complex, DLG4-LLGL2-SCRIB variant",0.7183875929653194,1.482180872790201,0.05660377358490566,0.13455010789154365,1.0,2/3,8.36%,Q14160;Q6P1M3
prerank,MORF3 histone acetyltransferase complex,0.6525423756809435,1.4818751354826638,0.07782672540381791,0.13456361822324517,1.0,2/4,9.88%,Q9HAF1;Q8WYH8
prerank,"Non-canonical polycomb repressive complex 1.3, RING1-RYBP-CKIIA1 variant",0.6136252334869579,1.4812355202617553,0.0920863309352518,0.13478903311015294,1.0,2/5,2.44%,Q06587;Q8N488
prerank,"TRAPP II complex, TRAPPC2B variant",0.4703122648252029,1.4810380095539393,0.08281053952321205,0.134783284020321,1.0,6/10,19.68%,Q9Y5R8;Q9UL33;Q9Y296;O43617;Q8IUR0;P0DI82
prerank,"Non-canonical polycomb repressive complex 1.3, RING2-RYBP-CKIIA1-A2 variant",0.619142611172956,1.4809240706666924,0.085383502170767,0.13468507817281078,1.0,2/5,2.44%,Q99496;Q8N488
prerank,"Non-canonical polycomb repressive complex 1.5, RING1-RYBP-CKIIA1 variant",0.6136252334869579,1.4796146316549394,0.08357348703170028,0.13529764463591692,1.0,2/5,2.44%,Q06587;Q8N488
prerank,"Non-canonical polycomb repressive complex 1.3, RING2-YAF2-CKIIA2 variant",0.6058625498163175,1.4794151298118796,0.08839779005524862,0.1352385315822605,1.0,2/5,3.21%,Q99496;Q8IY57
prerank,"Non-canonical polycomb repressive complex 1.3, RING2-YAF2-CKIIA1-A2 variant",0.6058625498163175,1.4785093451419582,0.08946608946608947,0.13562314766150124,1.0,2/5,3.21%,Q99496;Q8IY57
prerank,"TRAPP III complex, TRAPPC2B variant",0.4703122648252029,1.47802954560948,0.08020050125313283,0.13573831461091362,1.0,6/10,19.68%,Q9Y5R8;Q9UL33;Q9Y296;O43617;Q8IUR0;P0DI82
prerank,"Non-canonical polycomb repressive complex 1.3, RING1-YAF2-CKIIA2 variant",0.6001719620333705,1.4769763043689015,0.09295774647887324,0.13629179373767528,1.0,2/5,3.21%,Q06587;Q8IY57
prerank,"Non-canonical polycomb repressive complex 1.5, RING2-YAF2-CKIIA1 variant",0.6058625498163175,1.4769731272158872,0.06808510638297872,0.13610811207495607,1.0,2/5,3.21%,Q99496;Q8IY57
prerank,"COPI vesicle coat complex, COPG1-COPZ1 variant",0.5334197798669438,1.4769226296846918,0.0918918918918919,0.13598287660746583,1.0,5/7,20.54%,P35606;P48444;O14579;P53621;P53618
prerank,"Mitochondrial calcium uniporter complex, MICU1-MICU3 variant",0.6505438670043591,1.4767477770889799,0.08103975535168195,0.13590091647264854,1.0,3/4,17.39%,Q9BPX6;Q8NE86;Q9H4I9
prerank,"Scribble cell polarity complex, DLG1-LLGL2-SCRIB variant",0.7183875929653194,1.4760792436107684,0.07559055118110236,0.13613053002058603,1.0,2/3,8.36%,Q14160;Q6P1M3
prerank,eIF4E-CYFIP1-FMRP translational repressor complex,0.7307668989495684,1.4745826503464086,0.07298136645962733,0.13690692480698094,1.0,2/3,8.91%,P06730;Q06787
prerank,"Non-canonical polycomb repressive complex 1.5, RING1-RYBP-CKIIA2 variant",0.6136252334869579,1.4741291026395322,0.08892128279883382,0.13698396534302384,1.0,2/5,2.44%,Q06587;Q8N488
prerank,"Scribble cell polarity complex, DLG3-LLGL2-SCRIB variant",0.7183875929653194,1.4735667638016672,0.06426332288401254,0.13719078398273438,1.0,2/3,8.36%,Q14160;Q6P1M3
prerank,"Non-canonical polycomb repressive complex 1.5, RING1-YAF2-CKIIA2 variant",0.6001719620333705,1.4725808250715369,0.08819345661450925,0.13762700048845222,1.0,2/5,3.21%,Q06587;Q8IY57
prerank,"Scribble cell polarity complex, DLG1-LLGL1-SCRIB variant",0.7186646780304344,1.4720994478340772,0.05238828967642527,0.13771018061687967,1.0,2/3,8.33%,Q14160;Q15334
prerank,mRNA cap guanine-N7 methyltransferase complex,0.721203019399172,1.471631954823669,0.06230031948881789,0.13783937667354387,1.0,1/3,0.66%,CHEBI:59789
prerank,"Non-canonical polycomb repressive complex 1.5, RING2-YAF2-CKIIA1-A2 variant",0.6058625498163175,1.47113277845095,0.07194244604316546,0.13799962877687474,1.0,2/5,3.21%,Q99496;Q8IY57
prerank,Ndc80 complex,0.6496674057649667,1.4710534422649588,0.07038123167155426,0.1378680107320797,1.0,4/4,35.11%,Q9HBM1;O14777;Q8NBT2;Q9BZD4
prerank,"TRAPP III complex, TRAPPC2 variant",0.4705898883676793,1.4708135812060208,0.08,0.137828848762636,1.0,6/10,19.66%,Q9Y5R8;Q9UL33;Q9Y296;O43617;Q8IUR0;P0DI81
prerank,"Non-canonical polycomb repressive complex 1.5, RING2-YAF2-CKIIA2 variant",0.6058625498163175,1.470331288048609,0.08652482269503546,0.13797743985170707,1.0,2/5,3.21%,Q99496;Q8IY57
prerank,Laminin-421 complex,0.7344612072104246,1.4700411096744344,0.05180533751962323,0.1380227509615843,1.0,2/3,5.62%,P55268;P11047
prerank,"Nuclear meiotic cohesin complex, REC8 variant",0.6592637955344405,1.4693822663432665,0.0907715582450832,0.13828261848683485,1.0,3/4,18.85%,Q9UQE7;Q8NDV3;Q9UJ98
prerank,TGF-beta-1-TGFR complex,0.7075709760209259,1.469380790990877,0.075,0.13810018759173348,1.0,2/3,8.25%,P36897;P37173
prerank,"Non-canonical polycomb repressive complex 1.6, RING1-YAF2 variant",0.556778911403809,1.4692299124061816,0.08379888268156424,0.13799875757825072,1.0,2/6,3.21%,Q06587;Q8IY57
prerank,"Scribble cell polarity complex, DLG4-LLGL1-SCRIB variant",0.7186646780304344,1.4686858652931731,0.05705229793977813,0.13812787157099804,1.0,2/3,8.33%,Q14160;Q15334
prerank,Gamma tubulin ring complex,-0.3694011066338836,-1.4670539668051306,0.07253886010362694,0.255067891526984,1.0,9/10,29.76%,Q96CW5;Q9BSJ2;Q6P582;Q96RT7;P23258;Q9UGJ1;Q08AG7;Q96RT8;Q6NZ67
prerank,"TRAPP II complex, TRAPPC2 variant",0.4705898883676793,1.4667269401648702,0.09171974522292993,0.13924042598707503,1.0,6/10,19.66%,Q9Y5R8;Q9UL33;Q9Y296;O43617;Q8IUR0;P0DI81
prerank,"Non-canonical polycomb repressive complex 1.3, RING1-YAF2-CKIIA1-A2 variant",0.6001719620333705,1.4662437018985024,0.07194244604316546,0.13937850840629576,1.0,2/5,3.21%,Q06587;Q8IY57
prerank,Nuclear origin recognition complex,0.5673876871880201,1.4661755818943494,0.07965860597439545,0.13922496326593642,1.0,6/6,43.36%,O43929;Q13415;Q13416;Q9UBD5;Q9Y5N6;O43913
prerank,MOZ3 histone acetyltransferase complex,0.6525423756809435,1.465202047423477,0.08836524300441827,0.1396626789645765,1.0,2/4,9.88%,Q9HAF1;Q8WYH8
prerank,Laminin-521 complex,0.7002014103027594,1.4639392425608415,0.0776255707762557,0.14034799447387042,1.0,2/3,5.62%,P55268;P11047
prerank,METTL1-WDR4 tRNA (guanine-N(7)-)-methyltransferase complex,0.721203019399172,1.463420812424153,0.07861635220125786,0.14048934976583244,1.0,1/3,0.66%,CHEBI:59789
prerank,"Scribble cell polarity complex, DLG5-LLGL1-SCRIB variant",0.7186646780304344,1.4632166684552161,0.0668693009118541,0.14043294657528443,1.0,2/3,8.33%,Q14160;Q15334
prerank,"Non-canonical polycomb repressive complex 1.5, RING1-YAF2-CKIIA1-A2 variant",0.6001719620333705,1.4631245315631334,0.07369942196531792,0.1402953051375076,1.0,2/5,3.21%,Q06587;Q8IY57
prerank,TIM9-TIM10-TIM10B mitochondrial intermembrane space protein transporter complex,0.7079909981409973,1.4630538144802054,0.07186544342507645,0.14017608374110999,1.0,2/3,12.38%,Q9Y5J7;P62072
prerank,"BOS complex, NOMO3 variant",0.7084022312162708,1.4628812281689563,0.07906976744186046,0.14009144536781426,1.0,2/3,8.17%,Q969V3;Q9BVK8
prerank,"Scribble cell polarity complex, DLG2-LLGL1-SCRIB variant",0.7186646780304344,1.4611758990611754,0.05071315372424723,0.14102308454218213,1.0,2/3,8.33%,Q14160;Q15334
prerank,SNAPc snRNA activating protein complex ,0.5971721652342667,1.460829058416717,0.09911242603550297,0.14106890898915134,1.0,5/5,40.37%,O75971;Q13487;Q16533;Q5SXM2;Q92966
prerank,"Scribble cell polarity complex, DLG3-LLGL1-SCRIB variant",0.7186646780304344,1.4604761014737897,0.06944444444444445,0.14110563057277453,1.0,2/3,8.33%,Q14160;Q15334
prerank,Interleukin-17F receptor-ligand complex,0.6483418222985766,1.4585114506674441,0.081203007518797,0.14223154221298506,1.0,2/4,3.29%,Q96F46;O43734
prerank,TOM40 mitochondrial outer membrane translocase complex,0.5289875173370322,1.457891740635684,0.08516483516483517,0.14247635896082278,1.0,7/7,47.20%,O94826;Q9P0U1;Q9NS69;Q96B49;Q8N4H5;Q15388;O96008
prerank,"Non-canonical polycomb repressive complex 1.5, RING1-YAF2-CKIIA1 variant",0.6001719620333705,1.45756938784787,0.09012875536480687,0.14253797355822828,1.0,2/5,3.21%,Q06587;Q8IY57
prerank,Laminin-511 complex,0.7005115854875419,1.4571840491433625,0.08702531645569621,0.14262803131794688,1.0,2/3,5.62%,P07942;P11047
prerank,MICOS mitochondrial contact site and cristae organizing system complex,0.53120665742025,1.4563703938504282,0.0891891891891892,0.14302850189016528,1.0,7/7,46.98%,Q5TGZ0;Q16891;Q9NX63;Q9BUR5;Q9BRQ6;Q6UXV4;Q5XKP0
prerank,USH2 complex,0.6413525498891353,1.455394216936839,0.09487951807228916,0.1434707367862909,1.0,4/4,35.94%,Q8WXG9;O75445;Q9H5P4;Q9P202
prerank,"Non-canonical polycomb repressive complex 1.3, RING1-YAF2-CKIIA1 variant",0.6001719620333705,1.4545164933364612,0.08513708513708514,0.14384951203998061,1.0,2/5,3.21%,Q06587;Q8IY57
prerank,"PRMT5 methylosome complex, COPR5 variant",0.7072938909558109,1.453805805604082,0.07692307692307693,0.14415440068780327,1.0,2/3,8.28%,Q9BQA1;O14744
prerank,"Nuclear meiotic cohesin complex, RAD21L1 variant",0.6592637955344405,1.4534653880186819,0.0891238670694864,0.14420984434518264,1.0,3/4,18.85%,Q9UQE7;Q8NDV3;Q9UJ98
prerank,"Dystrophin glycoprotein complex, CNS variant",0.5046940811680163,1.4531255062554211,0.09881422924901186,0.14421015512000201,1.0,4/8,17.52%,Q13424;Q14118-PRO_0000021066;Q14118-PRO_0000021065;O60941
prerank,TGF-beta-3-TGFR complex,0.7075709760209259,1.4527742858430297,0.06568144499178982,0.1442795594169338,1.0,2/3,8.25%,P36897;P37173
prerank,SHU complex,0.6388580931263859,1.451434018898154,0.07555555555555556,0.1450193865398839,1.0,4/4,36.18%,Q14159;Q19AV6;Q6NVH7;Q9NTI5
prerank,Apoptosome,0.5556555524100742,1.4508991356007674,0.09563994374120956,0.1451777088744825,1.0,1/6,0.33%,CHEBI:30413
prerank,"PRMT5 methylosome complex, RIOK1 variant",0.7072938909558109,1.4443947335204785,0.0748829953198128,0.14936665058187043,1.0,2/3,8.28%,Q9BQA1;O14744
prerank,PDGF receptor alpha-beta - PDGF-BB complex,0.6951576533713758,1.4440814891018197,0.08823529411764706,0.14938685505377972,1.0,2/3,6.92%,P16234;P09619
prerank,"PRMT5 methylosome complex, CLNS1A variant",0.7072938909558109,1.4439143500962655,0.09175738724727839,0.14930138299512588,1.0,2/3,8.28%,Q9BQA1;O14744
prerank,"LIN-10-LIN-2-LIN-7 complex, LIN7C variant",0.7095105714767307,1.4424646548167008,0.06998444790046657,0.15007764215473265,1.0,2/3,8.06%,O14936;Q02410
prerank,CRUMBS3-PALS1-PATJ cell polarity complex,0.7089564013465007,1.4416020699639118,0.0975609756097561,0.1504849406907348,1.0,2/3,8.11%,Q8N3R9;Q8NI35
prerank,"GABA-A receptor, alpha6-beta3-gamma2",0.7047522393442769,1.4407433697038665,0.06875,0.15085964312929612,1.0,2/3,8.72%,P28472;P18507
prerank,U6 small nuclear ribonucleoprotein complex,-0.396921637739883,-1.4401196645280407,0.09777777777777778,0.27097601261938553,1.0,8/9,39.89%,Q15020;Q9Y4Y9;Q9UK45;O95777;P62312;Q9Y4Z0;P62310;Q9Y333
prerank,"BOS complex, NOMO1 variant",0.7084022312162708,1.4397706566898119,0.07585139318885449,0.1513104683957026,1.0,2/3,8.17%,Q969V3;Q9BVK8
prerank,CRUMBS1-PALS1-PATJ cell polarity complex,0.7089564013465007,1.4390423432951418,0.08125,0.1516359552162113,1.0,2/3,8.11%,Q8N3R9;Q8NI35
prerank,"Phosphatidylinositol 3-kinase complex, class III, ATG14 variant",0.5854172563513509,1.4371383359607948,0.10678210678210678,0.15268044311709228,1.0,1/5,0.39%,CHEBI:29035
prerank,ATG12-ATG5-ATG16L2 complex,0.7078480610860408,1.435053265002747,0.09206349206349207,0.15397881297738378,1.0,2/3,8.22%,Q9H1Y0;O94817
prerank,Interleukin-17A receptor-ligand complex,0.6483418222985766,1.4346197102616367,0.08727810650887574,0.15408711096706051,1.0,2/4,3.29%,Q96F46;O43734
prerank,ATG12-ATG5-ATG16L1 complex,0.7078480610860408,1.4337774804027204,0.08415841584158416,0.1544614443663616,1.0,2/3,8.22%,Q9H1Y0;O94817
prerank,"LIN-10-LIN-2-LIN-7 complex, LIN7B variant",0.7095105714767307,1.4323535397833296,0.0973724884080371,0.1552816067607688,1.0,2/3,8.06%,O14936;Q02410
prerank,"GABA-A receptor, alpha4-beta3-gamma2",0.7047522393442769,1.4319561276289472,0.08268330733229329,0.15535488203451048,1.0,2/3,8.72%,P28472;P18507
prerank,Granulocyte-macrophage colony-stimulating factor-receptor complex,0.6315277304426192,1.4316304388814605,0.09546165884194054,0.15538115503771632,1.0,2/4,7.25%,P32927;O60674
prerank,"GABA-A receptor, alpha2-beta3-gamma2",0.7062531615335419,1.4310162714803611,0.09642301710730948,0.15557535550321744,1.0,2/3,8.72%,P28472;P18507
prerank,mTORC1 complex,0.696876464622675,1.4292479605854895,0.10096153846153846,0.15658896412695691,1.0,2/3,11.60%,P42345;Q9BVC4
prerank,Myddosome core complex,0.623059866962306,1.4291746314152982,0.09792284866468842,0.15645466697170915,1.0,4/4,37.76%,Q9NWZ3;Q99836;P51617;O43187
prerank,"BOS complex, NOMO2 variant",0.7084022312162708,1.4287886653350332,0.08628659476117104,0.15651912817320526,1.0,2/3,8.17%,Q969V3;Q9BVK8
prerank,GINS complex,0.6341463414634146,1.4286525654469056,0.10698365527488855,0.15643867294102692,1.0,4/4,36.66%,Q9Y248;Q9BRX5;Q9BRT9;Q14691
prerank,ATG5-ATG12-TECPR1 complex,0.7078480610860408,1.4251368303571854,0.0910569105691057,0.1587542662585616,1.0,2/3,8.22%,Q9H1Y0;O94817
prerank,CRUMBS2-PALS1-PATJ cell polarity complex,0.7089564013465007,1.424554408960187,0.09419152276295134,0.1589737924642697,1.0,2/3,8.11%,Q8N3R9;Q8NI35
prerank,Eukaryotic translation initiation factor 2B complex,0.5716662046021626,1.4232986800878573,0.09635036496350365,0.15966148992806076,1.0,5/5,42.91%,Q13144;Q14232;Q9NR50;Q9UI10;P49770
prerank,Interleukin-15 receptor-ligand complex,0.6332454062594921,1.4220696364745045,0.1050228310502283,0.16036806674963755,1.0,2/4,9.50%,P31785;P14784
prerank,Syndecan-1-syntenin-1-ALIX complex,0.6896647270712108,1.4215082076296797,0.10969793322734499,0.16058992900907607,1.0,3/3,31.09%,O00560;P18827;Q8WUM4
prerank,"LIN-10-LIN-2-LIN-7 complex, LIN7A variant",0.7095105714767307,1.421059474894954,0.08346456692913386,0.16071716413339537,1.0,2/3,8.06%,O14936;Q02410
prerank,"Prefoldin co-chaperone complex, URI1 variant",0.5737240220456575,1.4206048929277149,0.0824891461649783,0.1608577538861371,1.0,3/5,14.98%,Q9UHV9;O15212;Q9NUG6
prerank,Interleukin-2 receptor-ligand complex,0.6332454062594921,1.4182051233347277,0.09131736526946108,0.16236478849022376,1.0,2/4,9.50%,P31785;P14784
prerank,"Phosphatidylinositol 3-kinase complex, class III, UVRAG variant",0.5854172563513509,1.4173018877181482,0.11143695014662756,0.16280296158722432,1.0,1/5,0.39%,CHEBI:29035
prerank,GABA-A receptor alpha6-beta2-gamma2,0.6932068436252202,1.4158337834392036,0.078003120124805,0.1636656038967651,1.0,2/3,8.72%,P47870;P18507
prerank,Glycoprotein Ib-IX-V-Filamin-A complex,0.5874688106459662,1.414716756814938,0.10398860398860399,0.16429662242983392,1.0,5/5,41.33%,P07359;P13224;P14770;P40197;P21333
prerank,Laminin-311 complex variant A,0.695938054445461,1.4144669973384758,0.09233176838810642,0.16432500228109143,1.0,2/3,5.62%,P07942;P11047
prerank,"Interleukin-24 receptor-ligand complex, type 2",0.7079958490530944,1.4139932226196084,0.09888357256778309,0.16449068377429346,1.0,2/3,7.39%,Q6UXL0;Q8N6P7
prerank,"GABA-A receptor, alpha5-beta3-gamma2",0.7006199206824333,1.4123031846320895,0.09379968203497616,0.16552661002943486,1.0,2/3,8.72%,P28472;P18507
prerank,Interleukin-21 receptor-ligand complex,0.6998659992678058,1.4090257102371402,0.09049079754601227,0.16779164763011944,1.0,1/3,0.78%,P31785
prerank,Lymphotoxin-alpha-beta-LTBR receptor complex,0.6924837718695339,1.4068357527488111,0.09646302250803858,0.1692130591591776,1.0,2/3,10.38%,P01374;P36941
prerank,"GABA-A receptor, alpha1-alpha2-beta3-gamma2",0.6273278066455344,1.4043903236988466,0.1163141993957704,0.17091792459954572,1.0,3/4,21.15%,P28472;P18507;P14867
prerank,Eukaryotic translation initiation factor 2 complex,0.6860626212247158,1.403560258729349,0.09954751131221719,0.1713544169795241,1.0,3/3,31.45%,P05198;P20042;P41091
prerank,Intraflagellar transport complex A,0.5463117027176928,1.4034471650647788,0.12584573748308525,0.17124436365940515,1.0,6/6,45.46%,Q9HBG6;Q9P2L0;Q96FT9;Q96RY7;Q7Z4L5;Q8NEZ3
prerank,"GABA-A receptor, alpha1-alpha2-beta2-gamma2",0.6204002325662156,1.400389689274217,0.10766961651917405,0.17331893006883237,1.0,3/4,21.15%,P47870;P18507;P14867
prerank,Laminin-321 complex,0.6956239739863914,1.3990830136832446,0.10307692307692308,0.1740683673030461,1.0,2/3,5.62%,P55268;P11047
prerank,"GABA-A receptor, alpha2-beta2-gamma2",0.6947679268248803,1.3988595904146408,0.10485133020344288,0.1740040826104363,1.0,2/3,8.72%,P47870;P18507
prerank,Interleukin-10 receptor-ligand complex,0.6868929272359591,1.3981056816025192,0.0981012658227848,0.17443589507845295,1.0,1/3,0.89%,Q08334
prerank,"FTS-Hook-FHIP cargo adaptor complex, FHIP1B-HOOK1/3 variant",0.6233278781484936,1.3963356316325433,0.10773899848254932,0.17556450040438948,1.0,3/4,17.44%,Q9H8T0;Q86VS8;Q9UJC3
prerank,"FTS-Hook-FHIP cargo adaptor complex, FHIP2A-HOOK2 variant",0.6782141017501511,1.3954836788080036,0.12135176651305683,0.17600843888121548,1.0,2/3,14.59%,Q9H8T0;Q96ED9
prerank,"GABA-A receptor, alpha4-beta2-gamma2",0.6932068436252202,1.3943020419449375,0.10361067503924647,0.17673177587886307,1.0,2/3,8.72%,P47870;P18507
prerank,"GABA-A receptor, alpha3-beta3-theta",0.6968293140368456,1.3942614444316221,0.10551181102362205,0.17654795926821215,1.0,2/3,17.47%,P28472;P34903
prerank,"Mitochondrial calcium uniporter complex, MICU1-MICU2 variant",0.6131483358573706,1.3929518888064232,0.10846953937592868,0.17729556169982835,1.0,3/4,17.39%,Q9BPX6;Q8NE86;Q9H4I9
prerank,"GABA-A receptor, alpha5-beta2-gamma2",0.6889105837115526,1.3878899523522015,0.11483253588516747,0.1810605181418246,1.0,2/3,8.72%,P47870;P18507
prerank,FCN3-MASP2 lectin-protease complex,0.6678149299585495,1.3865220756179903,0.12752721617418353,0.1819687407870872,1.0,2/3,10.08%,O00187-PRO_0000027600;O00187-PRO_0000027599
prerank,FCN2-MASP2 lectin-protease complex,0.6678149299585495,1.385139558088403,0.13129770992366413,0.18279679835309964,1.0,2/3,10.08%,O00187-PRO_0000027600;O00187-PRO_0000027599
prerank,WMM N6-adenosine-methyltransferase complex,0.5644579983365678,1.3850096256193447,0.11301859799713877,0.18271457756431267,1.0,5/5,43.63%,CPX-21210;Q15007;Q5T200;Q69YN4;Q75N03
prerank,p53-MDM2-MDM4 transcriptional regulation complex,0.6771958991410363,1.3814411976812018,0.11856474258970359,0.1852697802111961,1.0,3/3,32.34%,P04637;Q00987;O15151
prerank,IkappaB kinase complex,0.6916043225270156,1.379931962926115,0.11550632911392406,0.18628772177997552,1.0,3/3,30.90%,Q9Y6K9;O14920;O15111
prerank,SNARE priming complex STX17-SNAP29-YKT6,0.6714350090413953,1.375399958160878,0.1111111111111111,0.18952791139365813,1.0,2/3,13.15%,P56962;O95721
prerank,PeBoW complex,0.6785813244666111,1.3748693435481836,0.10483870967741936,0.1897482139710017,1.0,3/3,32.20%,Q14137;Q9GZL7;O00541
prerank,"Septin complex, octamer variant, SEPT2-SEPT6-SEPT-7-SEPT3",0.6045157476171072,1.373550815822266,0.125,0.19053808240403303,1.0,3/4,19.10%,Q16181;Q15019;Q14141
prerank,"Septin complex, octamer variant, SEPT2-SEPT6-SEPT-7-SEPT9",0.6045157476171072,1.372637330413598,0.14477611940298507,0.19102820696174225,1.0,3/4,19.10%,Q16181;Q15019;Q14141
prerank,"Alpha-beta T cell receptor complex, TRBC2 variant",0.5281069723893737,1.3705550676872111,0.14427157001414428,0.19250342440417206,1.0,3/6,7.78%,P20963;P07766;P09693
prerank,"4EHP-GIGYF1 co-translational mRNA decay complex, ZNF598 variant",-0.6209476309226933,-1.3703400498506084,0.13941018766756033,0.3413028707321216,1.0,3/3,37.98%,O75420;Q86UK7;O60573
prerank,ALYREF-binding exon junction complex,0.5556646416176639,1.3695515716421038,0.12130177514792899,0.19306066508877048,1.0,4/5,28.54%,Q86V81;Q9Y5S9;P38919;P61326
prerank,MBL2-MASP2 lectin-protease complex,0.6678149299585495,1.3693610544257444,0.12012480499219969,0.1929967177739676,1.0,2/3,10.08%,O00187-PRO_0000027600;O00187-PRO_0000027599
prerank,Actin junctional complex,0.6763646439456912,1.3687231855498183,0.1147011308562197,0.19330145771847335,1.0,3/3,32.42%,Q00013;P11171;P04921
prerank,Interleukin-7 sIL7RA-IL2RG receptor-ligand potentiating complex,0.663237152529725,1.367937379927375,0.12540192926045016,0.19371345647469695,1.0,1/3,0.78%,P31785
prerank,PEX2-PEX10-PEX12 E3 ubiquitin ligase complex,0.6791354945968411,1.3667572743366667,0.12957317073170732,0.19442352351584097,1.0,3/3,32.14%,P28328;O60683;O00623
prerank,"Signal peptidase complex, SEC11C variant",0.6039614238920518,1.3642602065670302,0.1294851794071763,0.19627280550314039,1.0,3/4,19.16%,Q15005;Q9Y6A9;P61009
prerank,GPR88-Gi1 signaling complex,0.604490022172949,1.3634469063689267,0.11386861313868613,0.19670595006013722,1.0,4/4,39.62%,P62873;P63096;P63211;Q9GZN0
prerank,FCN1-MASP2 lectin-protease complex,0.6678149299585495,1.3632560333905854,0.13174603174603175,0.19663492238557867,1.0,2/3,10.08%,O00187-PRO_0000027600;O00187-PRO_0000027599
prerank,CCAAT-binding factor complex,0.6641729010806317,1.3624172944616728,0.14308681672025725,0.19707801355178522,1.0,3/3,33.64%,P23511;P25208;Q13952
prerank,FCN3-MASP1 lectin-protease complex,0.6680920150236644,1.362121431331309,0.1203125,0.19709931505482245,1.0,2/3,10.05%,P48740-PRO_0000027594;P48740-PRO_0000027593
prerank,"Signal peptidase complex, SEC11A variant",0.6039614238920518,1.3599975412418306,0.13228346456692913,0.19861987865075517,1.0,3/4,19.16%,Q15005;Q9Y6A9;P61009
prerank,ISCA2-IBA57 mitochondrial iron-sulfur protein assembly complex,0.6752418786897842,1.3594156929831294,0.13070866141732285,0.1988484065660286,1.0,1/3,2.08%,CHEBI:49601
prerank,PPP4C-PPP4R2-PPP4R3B protein phosphatase 4 complex,0.6724287852226407,1.3560094789414525,0.1248,0.20140754510165135,1.0,2/3,12.32%,P60510;Q9NY27
prerank,Interleukin-7 mIL7R-IL2RG receptor-ligand signalling complex,0.663237152529725,1.3558886876363578,0.13615023474178403,0.20127656340217154,1.0,1/3,0.78%,P31785
prerank,IL33 receptor-ligand complex,0.6428128258058757,1.3555880086924137,0.1277602523659306,0.20127186292265736,1.0,1/3,0.75%,Q9NPH3
prerank,PPP4C-PPP4R2-PPP4R3A protein phosphatase 4 complex,0.6724287852226407,1.3552801951046234,0.135258358662614,0.20131234321202274,1.0,2/3,12.32%,P60510;Q9NY27
prerank,"Mitochondrial pyruvate dehydrogenase complex, testis-specific variant",0.47801892085904873,1.355227900303908,0.1330749354005168,0.20112553099709082,1.0,4/8,18.88%,CHEBI:16238;CHEBI:58937;P09622;CHEBI:83088
prerank,FCN2-MASP1 lectin-protease complex,0.6680920150236644,1.3551882671462514,0.13709677419354838,0.20092305701562907,1.0,2/3,10.05%,P48740-PRO_0000027594;P48740-PRO_0000027593
prerank,EARP tethering complex,0.6031299383044686,1.355114516352345,0.11988304093567251,0.20074516583669116,1.0,3/4,19.24%,Q9UID3;Q5VIR6;Q8N1B4
prerank,Translocon-associated protein complex,0.582039911308204,1.354620018044438,0.12797619047619047,0.2008856242710137,1.0,4/4,41.86%,P43307;P43308;P51571;Q9UNL2
prerank,"TREX-2 transcription-export complex, CETN2 variant",0.5424709728234152,1.3540899991322195,0.12171507607192254,0.20111718032441042,1.0,2/5,5.79%,Q9NPA8;P60896
prerank,"Muscle-type nicotinic acetylcholine receptor complex, alpha1-beta1-delta-gamma",0.6014669671293024,1.3540283925933756,0.12158054711246201,0.20093487464898402,1.0,3/4,19.41%,Q07001;P02708-PRO_0000000305;P11230-PRO_0000000315
prerank,GARP tethering complex,0.6031299383044686,1.3536408642680666,0.13656387665198239,0.20106822827259996,1.0,3/4,19.24%,Q9UID3;Q5VIR6;Q8N1B4
prerank,"RAG guanosine triphosphatase complex, RAGB-RAGD variant",0.5986615978217696,1.353485731182248,0.13253012048192772,0.20095352953039794,1.0,1/4,0.64%,CHEBI:37565
prerank,Interleukin 11-mIL11RA-IL-6ST receptor-ligand complex,0.6572966580064121,1.3524101876353853,0.1270358306188925,0.20153996699299248,1.0,2/3,20.16%,P40189;P20809
prerank,FCN1-MASP1 lectin-protease complex,0.6680920150236644,1.3513254040240352,0.13050314465408805,0.20218725068745919,1.0,2/3,10.05%,P48740-PRO_0000027594;P48740-PRO_0000027593
prerank,"RAG guanosine triphosphatase complex, RAGA-RAGD variant",0.5986615978217696,1.3511530668532032,0.13097072419106318,0.2020812204213796,1.0,1/4,0.64%,CHEBI:37565
prerank,"Mitochondrial pyruvate dehydrogenase complex, somatic variant",0.4717818539940003,1.3502086385006136,0.13689700130378096,0.20266594192706208,1.0,4/8,18.88%,CHEBI:16238;CHEBI:58937;P09622;CHEBI:83088
prerank,GLUK1-GLUK2-GLUK3-GLUK5 glutamate ionotropic kainate-type receptor complex,0.6006354815417192,1.350061165706676,0.13313161875945537,0.20256914187455183,1.0,3/4,19.49%,Q13002;P39086;Q13003
prerank,"Polycomb repressive complex 1, RING2-PCGF2-CBX8-PHC3 variant",0.5808052078889403,1.3493803764129917,0.14918759231905465,0.20293290838148395,1.0,2/4,11.52%,Q99496;P35227
prerank,"AP-2 Adaptor complex, alpha1 variant",0.6009126434042469,1.3493494864199664,0.14136904761904762,0.20272820476370448,1.0,3/4,19.46%,P63010;P53680;Q96CW1
prerank,"Muscle-type nicotinic acetylcholine receptor complex, alpha1-beta1-delta-epsilon",0.6014669671293024,1.3492283517016779,0.13814756671899528,0.2026189946247231,1.0,3/4,19.41%,Q07001;P02708-PRO_0000000305;P11230-PRO_0000000315
prerank,Interleukin-17A-F receptor-ligand complex,0.5546283390093677,1.3490231247442677,0.13997113997113997,0.20255749246650845,1.0,2/5,3.29%,Q96F46;O43734
prerank,"AP-2 Adaptor complex, alpha2 variant",0.6009126434042469,1.3487748048127748,0.13777777777777778,0.202526153549832,1.0,3/4,19.46%,P63010;P53680;Q96CW1
prerank,MBL2-MASP1 lectin-protease complex,0.6680920150236644,1.3464416700890107,0.13798449612403102,0.20417743711426695,1.0,2/3,10.05%,P48740-PRO_0000027594;P48740-PRO_0000027593
prerank,"Alpha-beta T cell receptor complex, TRBC1 variant",0.5281069723893737,1.3459858809738128,0.15417867435158503,0.20436662931145097,1.0,3/6,7.78%,P20963;P07766;P09693
prerank,"Polycomb repressive complex 1, RING2-PCGF2-CBX2-PHC3 variant",0.5808052078889403,1.3459563344258907,0.14202898550724638,0.20415696830375443,1.0,2/4,11.52%,Q99496;P35227
prerank,Mitochondrial complex I intermediate assembly (MCIA) complex,0.5091514143094842,1.344958961108446,0.15130674002751032,0.20473114401574077,1.0,6/6,49.17%,Q8IUX1;Q96B77;Q9BQ95;Q9GZY4;Q9H845;Q9Y375
prerank,"RAG guanosine triphosphatase complex, RAGB-RAGC variant",0.5986615978217696,1.3432104515557794,0.13663663663663664,0.20598122353554227,1.0,1/4,0.64%,CHEBI:37565
prerank,ISGF3 complex,0.6584298656990772,1.3427020880764065,0.1302250803858521,0.20615653622371893,1.0,2/3,11.18%,P42224;P52630
prerank,"Polycomb repressive complex 1, RING2-PCGF2-CBX4-PHC3 variant",0.5808052078889403,1.3398972251147363,0.14014598540145987,0.20828949735417898,1.0,2/4,11.52%,Q99496;P35227
prerank,GLUK1-GLUK2-GLUK3-GLUK4 glutamate ionotropic kainate-type receptor complex,0.6006354815417192,1.338801985274234,0.15562403697996918,0.20894255049265856,1.0,3/4,19.49%,Q13002;P39086;Q13003
prerank,MPP10 complex,0.6569686893876419,1.3379548722811851,0.13814756671899528,0.20947369257353232,1.0,3/3,34.36%,O00566;Q9NV31;Q96G21
prerank,"RAG guanosine triphosphatase complex, RAGA-RAGC variant",0.5986615978217696,1.337950101510716,0.13097072419106318,0.20924587611897547,1.0,1/4,0.64%,CHEBI:37565
prerank,Ragulator complex,0.5456057665650125,1.3376732674666747,0.15273775216138327,0.2092526681667616,1.0,5/5,45.51%,O43504;Q0VGL1;Q9UHA4;Q9Y2Q5;Q6IAA8
prerank,"Polycomb repressive complex 1, RING2-PCGF2-CBX4-PHC2 variant",0.5808052078889403,1.3359045617857597,0.15086206896551724,0.2104675863752071,1.0,2/4,11.52%,Q99496;P35227
prerank,"Polycomb repressive complex 1, RING2-PCGF2-CBX2-PHC2 variant",0.5808052078889403,1.3335912843424447,0.16152716593245228,0.21221388111549008,1.0,2/4,11.52%,Q99496;P35227
prerank,CHRAC chromatin remodeling complex,0.5740187962098338,1.3314755103416507,0.14202049780380674,0.21370428985533554,1.0,2/4,15.25%,O60264;Q9NRF9
prerank,C5b6 complement complex,0.6680520919922415,1.3287555201443262,0.14457831325301204,0.2157957384592566,1.0,3/3,33.25%,P01031-PRO_0000005985;P01031-PRO_0000005989;P13671
prerank,"Dynein-1 complex, variant 13",0.49943540933259867,1.3286238243298603,0.14772727272727273,0.21565394910371385,1.0,3/6,14.15%,Q96FJ2;Q9NP97;P51808
prerank,"4EHP-GIGYF2 co-translational mRNA decay complex, ZNF598 variant",-0.6209476309226933,-1.3284463997199831,0.15714285714285714,0.3800375983764615,1.0,3/3,37.98%,Q6Y7W6;Q86UK7;O60573
prerank,HUSH epigenetic repressor complex,0.6483790523690772,1.3283152261703892,0.14198473282442747,0.21566904573149281,1.0,3/3,35.22%,Q8NEY8;Q9UK61;Q99549
prerank,Nuclear exosome targeting complex,0.6482341679165632,1.325845012829134,0.1537313432835821,0.21756859031842418,1.0,1/3,1.33%,P42285
prerank,"Dynein-1 complex, variant 14",0.49943540933259867,1.3247029536140484,0.15406562054208273,0.2182883815768485,1.0,3/6,14.15%,Q96FJ2;Q9NP97;P51808
prerank,ESCRT-II complex,0.6503186478248821,1.3241998570025042,0.14751552795031056,0.21851525519014475,1.0,3/3,35.02%,Q86VN1;Q96H20;Q9BRG1
prerank,"Polycomb repressive complex 1, RING2-PCGF2-CBX4-PHC1 variant",0.5808052078889403,1.3229260474810784,0.15195369030390737,0.2193867253841937,1.0,2/4,11.52%,Q99496;P35227
prerank,"Dynein-1 complex, variant 12",0.4991580937474628,1.3221905347168024,0.15789473684210525,0.21979686720648764,1.0,3/6,14.17%,Q96FJ2;Q9NP97;P63172
prerank,"Polycomb repressive complex 1, RING2-PCGF4-CBX4-PHC3 variant",0.581082369751468,1.3220516651546108,0.15648286140089418,0.21967022094570723,1.0,2/4,11.49%,Q99496;P35226
prerank,"Polycomb repressive complex 1, RING2-PCGF2-CBX7-PHC2 variant",0.5808052078889403,1.3220443895609122,0.16235632183908047,0.2194300301648028,1.0,2/4,11.52%,Q99496;P35227
prerank,"Dynein-1 complex, variant 9",0.4991580937474628,1.3220349413554933,0.1539568345323741,0.2192041990493988,1.0,3/6,14.17%,Q96FJ2;Q9NP97;P63172
prerank,"General transcription factor TFIII3B complex, BRF1 variant",0.6583984564908665,1.3218101036554155,0.13862928348909656,0.21917378364651768,1.0,1/3,2.41%,P20226
prerank,"Polycomb repressive complex 1, RING2-PCGF2-CBX7-PHC3 variant",0.5808052078889403,1.3204595630186413,0.1478770131771596,0.22006941731547774,1.0,2/4,11.52%,Q99496;P35227
prerank,"Polycomb repressive complex 1, RING2-PCGF2-CBX8-PHC2 variant",0.5808052078889403,1.319741648780678,0.15718562874251496,0.2204255573203695,1.0,2/4,11.52%,Q99496;P35227
prerank,"Polycomb repressive complex 1, RING2-PCGF2-CBX2-PHC1 variant",0.5808052078889403,1.3191723452500295,0.1561119293078056,0.2207197246426731,1.0,2/4,11.52%,Q99496;P35227
prerank,CoQ biosynthetic complex,0.458144591187769,1.3183774820767489,0.15616797900262466,0.22114923877792114,1.0,1/8,0.30%,CHEBI:57692
prerank,"Polycomb repressive complex 1, RING1-PCGF4-CBX2-PHC2 variant",0.5750171108381047,1.3174615075652896,0.17095310136157338,0.2216754949318263,1.0,2/4,11.49%,Q06587;P35226
prerank,"Dynein-1 complex, variant 10",0.4991580937474628,1.3168717378449935,0.1489971346704871,0.2219322541134581,1.0,3/6,14.17%,Q96FJ2;Q9NP97;P63172
prerank,"Polycomb repressive complex 1, RING1-PCGF2-CBX8-PHC3 variant",0.574739948975577,1.3159683673025457,0.19090909090909092,0.22242451469891147,1.0,2/4,11.52%,Q06587;P35227
prerank,"Polycomb repressive complex 1, RING2-PCGF2-CBX6-PHC3 variant",0.5808052078889403,1.3156155228956554,0.15859030837004406,0.22247907567659436,1.0,2/4,11.52%,Q99496;P35227
prerank,"Dynein-1 complex, variant 16",0.49943540933259867,1.315609289202838,0.16258992805755396,0.22223870244914626,1.0,3/6,14.15%,Q96FJ2;Q9NP97;P51808
prerank,"Polycomb repressive complex 1, RING2-PCGF4-CBX7-PHC2 variant",0.581082369751468,1.315055663107414,0.1627565982404692,0.2224633635956589,1.0,2/4,11.49%,Q99496;P35226
prerank,RNase H2 complex,0.654474923801607,1.314632194066927,0.15942028985507245,0.22256925923118404,1.0,3/3,34.61%,O75792;Q5TBB1;Q8TDP1
prerank,"Dynein-1 complex, variant 11",0.4991580937474628,1.3140163061987773,0.16883116883116883,0.2228385106805976,1.0,3/6,14.17%,Q96FJ2;Q9NP97;P63172
prerank,"Polycomb repressive complex 1, RING2-PCGF2-CBX7-PHC1 variant",0.5808052078889403,1.3133240518186469,0.16666666666666666,0.22316013200845225,1.0,2/4,11.52%,Q99496;P35227
prerank,"GABA-A receptor, alpha3-beta3-gamma3",0.6608041114989877,1.3132065265772634,0.15625,0.223014032044622,1.0,2/3,17.47%,P28472;P34903
prerank,"Polycomb repressive complex 1, RING2-PCGF4-CBX2-PHC3 variant",0.581082369751468,1.3124865977737874,0.15151515151515152,0.22339968279687242,1.0,2/4,11.49%,Q99496;P35226
prerank,"Dynein-1 complex, variant 15",0.49943540933259867,1.3123938561868793,0.1777456647398844,0.2232370507454197,1.0,3/6,14.15%,Q96FJ2;Q9NP97;P51808
prerank,"Polycomb repressive complex 1, RING2-PCGF4-CBX8-PHC3 variant",0.581082369751468,1.31079502614953,0.1588502269288956,0.22441252411091406,1.0,2/4,11.49%,Q99496;P35226
prerank,"Polycomb repressive complex 1, RING1-PCGF4-CBX7-PHC3 variant",0.5750171108381047,1.3103778163821551,0.17210682492581603,0.22449744671859734,1.0,2/4,11.49%,Q06587;P35226
prerank,"Polycomb repressive complex 1, RING2-PCGF2-CBX8-PHC1 variant",0.5808052078889403,1.3099824434550225,0.1676829268292683,0.22458669516336732,1.0,2/4,11.52%,Q99496;P35227
prerank,"General transcription factor TFIII3B complex, BRF2 variant",0.6583984564908665,1.3094346319824468,0.16358024691358025,0.22484392897818628,1.0,1/3,2.41%,P20226
prerank,"Polycomb repressive complex 1, RING2-PCGF2-CBX6-PHC2 variant",0.5808052078889403,1.3090116896147812,0.15080527086383602,0.22496110993466958,1.0,2/4,11.52%,Q99496;P35227
prerank,Glycoprotein Ib-IX-V complex,0.5875831485587584,1.3087610732576391,0.15226939970717424,0.22492520610458036,1.0,4/4,41.31%,P07359;P13224;P14770;P40197
prerank,"Polycomb repressive complex 1, RING2-PCGF4-CBX6-PHC3 variant",0.581082369751468,1.3086455952780438,0.16422287390029325,0.2247890982052328,1.0,2/4,11.49%,Q99496;P35226
prerank,"Polycomb repressive complex 1, RING2-PCGF4-CBX2-PHC2 variant",0.581082369751468,1.3080894796835354,0.1712121212121212,0.22501360891016392,1.0,2/4,11.49%,Q99496;P35226
prerank,"Polycomb repressive complex 1, RING2-PCGF4-CBX4-PHC2 variant",0.581082369751468,1.3078364203338444,0.1686746987951807,0.2250016607562327,1.0,2/4,11.49%,Q99496;P35226
prerank,"GABA-A receptor, alpha2-beta1-gamma2 complex",0.6400229611245267,1.307784007994973,0.15053763440860216,0.22480324889069506,1.0,2/3,12.43%,P18507;P18505
prerank,"Polycomb repressive complex 1, RING1-PCGF4-CBX6-PHC3 variant",0.5750171108381047,1.306904371973599,0.16272189349112426,0.2253146523915914,1.0,2/4,11.49%,Q06587;P35226
prerank,"Polycomb repressive complex 1, RING2-PCGF2-CBX6-PHC1 variant",0.5808052078889403,1.3067962470576362,0.15859030837004406,0.22514759343374982,1.0,2/4,11.52%,Q99496;P35227
prerank,"Polycomb repressive complex 1, RING2-PCGF4-CBX6-PHC1 variant",0.581082369751468,1.3067190798474737,0.17561683599419448,0.2249972505570166,1.0,2/4,11.49%,Q99496;P35226
prerank,NPHP transition zone complex,0.6422831809365475,1.3066760519281733,0.16164817749603805,0.2247892935015323,1.0,3/3,35.83%,O15259;O75161;Q68CZ1
prerank,"Polycomb repressive complex 1, RING1-PCGF2-CBX2-PHC2 variant",0.574739948975577,1.305982616770869,0.16491754122938532,0.22512193692437227,1.0,2/4,11.52%,Q06587;P35227
prerank,"Polycomb repressive complex 1, RING1-PCGF2-CBX7-PHC3 variant",0.574739948975577,1.3056146727148057,0.1607669616519174,0.22520038648189059,1.0,2/4,11.52%,Q06587;P35227
prerank,"Polycomb repressive complex 1, RING1-PCGF4-CBX7-PHC2 variant",0.5750171108381047,1.3053649226913213,0.1536144578313253,0.2251898218893178,1.0,2/4,11.49%,Q06587;P35226
prerank,"Polycomb repressive complex 1, RING2-PCGF4-CBX7-PHC3 variant",0.581082369751468,1.3051655507111801,0.16095380029806258,0.22509644435435175,1.0,2/4,11.49%,Q99496;P35226
prerank,"Polycomb repressive complex 2.2, EZH1-RBBP4 variant",0.5002776325619565,1.305157168051916,0.15954415954415954,0.22486436820554134,1.0,3/6,23.64%,Q09028;Q15022;O75530
prerank,"Short transient receptor potential channel complex,TRPC1-TRPC4-TRPC5 variant",0.6295372679412579,1.3045967133071756,0.146875,0.2251361219284892,1.0,3/3,37.10%,P48995;Q9UBN4;Q9UL62
prerank,SMG1C protein kinase complex,0.6403435854807424,1.3045315424113308,0.1694915254237288,0.22494135872775325,1.0,3/3,36.02%,Q8ND04;Q96Q15;Q9H0W8
prerank,"Polycomb repressive complex 1, RING2-PCGF4-CBX2-PHC1 variant",0.581082369751468,1.3043681009489703,0.17205882352941176,0.22483685732231568,1.0,2/4,11.49%,Q99496;P35226
prerank,Complement component C1q complex,0.6375727348295925,1.3029012056727163,0.14592933947772657,0.2258449327294399,1.0,3/3,36.30%,P02745;P02746;P02747
prerank,"Polycomb repressive complex 1, RING1-PCGF4-CBX6-PHC2 variant",0.5750171108381047,1.3028977960217942,0.16310975609756098,0.22561035282039663,1.0,2/4,11.49%,Q06587;P35226
prerank,"Polycomb repressive complex 1, RING1-PCGF2-CBX2-PHC3 variant",0.574739948975577,1.3027898647122163,0.17298937784522003,0.2254643643843856,1.0,2/4,11.52%,Q06587;P35227
prerank,AP-1 transcription factor complex FOS-JUN-NFATC2,0.6371276764296622,1.3019530743017123,0.15865384615384615,0.2259699028143019,1.0,2/3,21.82%,P05412;P01100
prerank,"Polycomb repressive complex 1, RING2-PCGF4-CBX8-PHC2 variant",0.581082369751468,1.301894496673928,0.1776416539050536,0.22577988826019266,1.0,2/4,11.49%,Q99496;P35226
prerank,"Polycomb repressive complex 1, RING2-PCGF4-CBX6-PHC2 variant",0.581082369751468,1.3017474641220714,0.16066066066066065,0.2256693094968227,1.0,2/4,11.49%,Q99496;P35226
prerank,BOLA2-GLRX3 iron-sulfur cluster assembly complex,0.5786967025655884,1.3015650707014912,0.15102639296187684,0.2256086741397054,1.0,2/4,7.12%,CHEBI:33737;CHEBI:16856
prerank,"Neuronal nicotinic acetylcholine receptor complex, alpha3-alpha6-beta2-beta3",0.5745017952653718,1.3014233951713707,0.17595307917888564,0.22549266580753335,1.0,3/4,26.25%,P17787-PRO_0000000379;P32297-PRO_0000000346;Q15825-PRO_0000000360
prerank,"Polycomb repressive complex 1, RING1-PCGF2-CBX6-PHC2 variant",0.574739948975577,1.299929610216312,0.1721556886227545,0.2265236792313981,1.0,2/4,11.52%,Q06587;P35227
prerank,"Polycomb repressive complex 1, RING1-PCGF2-CBX7-PHC2 variant",0.574739948975577,1.2995535736013821,0.16344725111441308,0.22658330860311693,1.0,2/4,11.52%,Q06587;P35227
prerank,"Polycomb repressive complex 1, RING1-PCGF4-CBX2-PHC1 variant",0.5750171108381047,1.2983884694808931,0.1696969696969697,0.22734749103793647,1.0,2/4,11.49%,Q06587;P35226
prerank,Mitochondrial 3-oxoacyl-[acyl-carrier-protein] reductase,0.5909090909090908,1.2981535158136883,0.1834862385321101,0.22731741316660303,1.0,4/4,40.97%,CHEBI:57540;CHEBI:58349;Q8N4T8;Q92506
prerank,CST complex,0.6323081185924078,1.2979771478089392,0.16614906832298137,0.22723799960209956,1.0,3/3,36.82%,Q2NKJ3;Q86WV5;Q9H668
prerank,"Polycomb repressive complex 1, RING1-PCGF4-CBX2-PHC3 variant",0.5750171108381047,1.2972318532038234,0.16951788491446346,0.2276551247596969,1.0,2/4,11.49%,Q06587;P35226
prerank,"Polycomb repressive complex 1, RING2-PCGF4-CBX4-PHC1 variant",0.581082369751468,1.2970842429030824,0.16865671641791044,0.22753492818317853,1.0,2/4,11.49%,Q99496;P35226
prerank,GABA-A receptor alpha6-beta1-gamma2 complex,0.638374315718419,1.2970599261684894,0.15432098765432098,0.22730780397262415,1.0,2/3,12.43%,P18507;P18505
prerank,Hydrogen:potassium-exchanging ATPase complex,0.6314768633970629,1.2963145858853709,0.15625,0.22773078713504358,1.0,3/3,36.90%,CHEBI:39128;P20648;P51164
prerank,"Polycomb repressive complex 1, RING1-PCGF4-CBX4-PHC2 variant",0.5750171108381047,1.2963039772954075,0.17835365853658536,0.2275010411177049,1.0,2/4,11.49%,Q06587;P35226
prerank,Interleukin-6 sIL6R-mIL6ST receptor-ligand trans-signalling complex,0.6342720943169564,1.294896526532303,0.1680129240710824,0.22853657550330062,1.0,2/3,11.41%,P05231;P40189-1
prerank,"Polycomb repressive complex 1, RING1-PCGF4-CBX8-PHC3 variant",0.5750171108381047,1.2948743271656882,0.17151607963246554,0.22831656626054964,1.0,2/4,11.49%,Q06587;P35226
prerank,"Polycomb repressive complex 1, RING1-PCGF2-CBX8-PHC2 variant",0.574739948975577,1.2944628200538684,0.17584097859327216,0.22843128910287247,1.0,2/4,11.52%,Q06587;P35227
prerank,"Polycomb repressive complex 1, RING1-PCGF4-CBX4-PHC3 variant",0.5750171108381047,1.294202701265953,0.1811263318112633,0.22842630811521733,1.0,2/4,11.49%,Q06587;P35226
prerank,"Polycomb repressive complex 1, RING2-PCGF4-CBX7-PHC1 variant",0.581082369751468,1.294110125164304,0.17664233576642335,0.22827898928638113,1.0,2/4,11.49%,Q99496;P35226
prerank,"Polycomb repressive complex 1, RING1-PCGF4-CBX6-PHC1 variant",0.5750171108381047,1.2934302140258447,0.16592592592592592,0.2286189056683987,1.0,2/4,11.49%,Q06587;P35226
prerank,"Polycomb repressive complex 1, RING1-PCGF2-CBX2-PHC1 variant",0.574739948975577,1.2931836505693517,0.1787878787878788,0.22856639495024633,1.0,2/4,11.52%,Q06587;P35227
prerank,"Polycomb repressive complex 1, RING1-PCGF4-CBX7-PHC1 variant",0.5750171108381047,1.2914509568722168,0.1588235294117647,0.22977539214602857,1.0,2/4,11.49%,Q06587;P35226
prerank,BRCA1-PALB2-BRCA2 homologous recombination DNA repair complex,-0.5982266555832642,-1.2910347223382244,0.18867924528301888,0.41672896171491564,1.0,3/3,40.25%,Q86YC2;P51587;P38398
prerank,"Polycomb repressive complex 1, RING1-PCGF2-CBX4-PHC2 variant",0.574739948975577,1.29081899844863,0.15535444947209653,0.23005686925496216,1.0,2/4,11.52%,Q06587;P35227
prerank,"Polycomb repressive complex 1, RING1-PCGF4-CBX8-PHC2 variant",0.5750171108381047,1.289308913549194,0.17701863354037267,0.23117458342781833,1.0,2/4,11.49%,Q06587;P35226
prerank,Interferon gamma receptor-ligand complex,0.6303685231366029,1.288995279695631,0.18364197530864199,0.23121540146382769,1.0,3/3,37.02%,CPX-6024;P15260;P38484
prerank,PAQosome co-chaperone complex,0.5264905279004519,1.288068016701754,0.18093922651933703,0.23183713453785595,1.0,1/5,1.08%,P19388
prerank,"Polycomb repressive complex 1, RING2-PCGF4-CBX8-PHC1 variant",0.581082369751468,1.2880039145712283,0.19083969465648856,0.23165615074036358,1.0,2/4,11.49%,Q99496;P35226
prerank,"Polycomb repressive complex 1, RING1-PCGF2-CBX6-PHC1 variant",0.574739948975577,1.2870994563167115,0.17062314540059348,0.23225193842502645,1.0,2/4,11.52%,Q06587;P35227
prerank,"GABA-A receptor, alpha4-beta1-gamma2 complex",0.638374315718419,1.2870884013540425,0.15262321144674085,0.23202109101318993,1.0,2/3,12.43%,P18507;P18505
prerank,"Polycomb repressive complex 2.2, EZH2-RBBP4 variant",0.5002776325619565,1.2864739085106167,0.17548746518105848,0.23233948130053803,1.0,3/6,23.64%,Q09028;Q15022;O75530
prerank,"Polycomb repressive complex 1, RING1-PCGF2-CBX6-PHC3 variant",0.574739948975577,1.2844696438057335,0.1800595238095238,0.23388570877927067,1.0,2/4,11.52%,Q06587;P35227
prerank,"XPC complex, RAD23B variant",-0.5937932945414243,-1.283725449816038,0.195906432748538,0.4101432146829811,1.0,3/3,40.70%,P54727;Q01831;P41208
prerank,Mitochondrial isocitrate dehydrogenase complex (NAD+),0.5585566413936224,1.2830350479175026,0.18693009118541035,0.23494923422194514,1.0,1/4,1.69%,CHEBI:60240
prerank,"Polycomb repressive complex 1, RING1-PCGF2-CBX7-PHC1 variant",0.574739948975577,1.2827174206018481,0.16840536512667661,0.23497878076861292,1.0,2/4,11.52%,Q06587;P35227
prerank,"GABA-A receptor, alpha5-beta1-gamma2 complex",0.6338398156299078,1.2806728238332943,0.19069767441860466,0.2365628972898735,1.0,2/3,12.43%,P18507;P18505
prerank,"Polycomb repressive complex 1, RING1-PCGF4-CBX4-PHC1 variant",0.5750171108381047,1.2806682820778923,0.1969465648854962,0.23632341264181303,1.0,2/4,11.49%,Q06587;P35226
prerank,PSAP splicing-associated complex,-0.5907453588251593,-1.279935165935795,0.175,0.39913773925050827,1.0,3/3,41.00%,Q15287;O00422;Q9H307
prerank,"Polycomb repressive complex 2.1, EZH1-RBBP4-PCL1-PALI1 variant",0.4815553900982936,1.2796877925984842,0.17403314917127072,0.23696188438926133,1.0,3/6,23.64%,Q09028;Q15022;O75530
prerank,"Polycomb repressive complex 1, RING1-PCGF2-CBX4-PHC3 variant",0.574739948975577,1.2796472488920134,0.17746913580246915,0.23675353529595278,1.0,2/4,11.52%,Q06587;P35227
prerank,"Polycomb repressive complex 2.1, EZH1-RBBP4-PCL1-EPOP variant",0.4815553900982936,1.2786513417739476,0.17881705639614856,0.23738745373178885,1.0,3/6,23.64%,Q09028;Q15022;O75530
prerank,Interleukin-37 receptor-ligand complex,0.625380991964533,1.2781305072982965,0.20214395099540583,0.2376341040033585,1.0,3/3,37.51%,Q9NZH6-1;Q6IA17-PRO_0000099065;Q13478-PRO_0000015448
prerank,"Polycomb repressive complex 1, RING1-PCGF2-CBX8-PHC1 variant",0.574739948975577,1.276726158449295,0.18307692307692308,0.23858951723165409,1.0,2/4,11.52%,Q06587;P35227
prerank,Interleukin-1 alpha-membrane-bound receptor type 1 complex,0.6199359423780046,1.2749278566512643,0.1771523178807947,0.23994928505514806,1.0,1/3,0.75%,Q9NPH3
prerank,"Polycomb repressive complex 1, RING1-PCGF2-CBX4-PHC1 variant",0.574739948975577,1.2740864893513635,0.17682926829268292,0.24045522364737978,1.0,2/4,11.52%,Q06587;P35227
prerank,"Polycomb repressive complex 1, RING1-PCGF4-CBX8-PHC1 variant",0.5750171108381047,1.2735223069976302,0.18042813455657492,0.24076933174381615,1.0,2/4,11.49%,Q06587;P35226
prerank,"SEC61 protein-conducting channel complex, SEC1A2 variant",0.6097512689410809,1.2723811707869013,0.19423368740515934,0.24157336143145797,1.0,2/3,13.32%,P60468;P60059
prerank,Interleukin-4 receptor-ligand type-1 complex,0.633115975412267,1.271140389651271,0.17591125198098256,0.24247378229172098,1.0,2/3,20.02%,P31785;P24394
prerank,"XPC complex, RAD23A variant",-0.5937932945414243,-1.2697966691318694,0.20797720797720798,0.3978871122644376,1.0,3/3,40.70%,P54725;Q01831;P41208
prerank,"PtdIns(3,5)P2 regulatory complex",0.6187309504017733,1.2669470847297402,0.18210862619808307,0.24603843426498515,1.0,3/3,38.18%,Q08AM6;Q92562;Q9Y2I7
prerank,"SEC61 protein-conducting channel complex, SEC1A1 variant",0.6097512689410809,1.2667459474715619,0.19099378881987578,0.24597815653218735,1.0,2/3,13.32%,P60468;P60059
prerank,Interleukin-1 alpha decoy receptor-ligand type 2 complex,0.6199359423780046,1.2654377673183148,0.19767441860465115,0.2469063344423812,1.0,1/3,0.75%,Q9NPH3
prerank,SPATA5-SPATA5L1 ATPase complex,0.5584811529933481,1.2651843352211598,0.1819571865443425,0.24689690475414658,1.0,4/4,44.21%,Q9BW66;Q9NX04;Q9BVQ7;Q8NB90
prerank,"Polycomb repressive complex 2.1, EZH1-RBBP4-PCL3-EPOP variant",0.4815553900982936,1.263603675183815,0.2013793103448276,0.24815108316490345,1.0,3/6,23.64%,Q09028;Q15022;O75530
prerank,Mitochondrial BOLA3-GLRX5 iron-sulfur cluster assembly complex,0.5499292732033397,1.2633592960042763,0.18413173652694612,0.24811537351529894,1.0,2/4,7.12%,CHEBI:33737;CHEBI:16856
prerank,"Platelet-activating factor acetylhydrolase IB complex, alpha1-alpha2 variant",0.6226101413133831,1.2632735851423749,0.19047619047619047,0.2479323568511613,1.0,3/3,37.79%,Q15102;P43034;P68402
prerank,"Polycomb repressive complex 2.1, EZH1-RBBP4-PCL3-PALI1 variant",0.4815553900982936,1.2628627706283606,0.1786703601108033,0.24798444263952374,1.0,3/6,23.64%,Q09028;Q15022;O75530
prerank,Laminin-332 complex variant A,-0.5768911055694098,-1.2614790870935322,0.19519519519519518,0.39471992081452784,1.0,3/3,42.39%,Q13751;Q16787-1;Q13753
prerank,"TRAMP complex, TENT4A-ZCCHC7 variant",0.6089191446874791,1.2572894561646497,0.16850393700787403,0.2528735467482411,1.0,1/3,1.33%,P42285
prerank,"Polycomb repressive complex 2.1, EZH1-RBBP4-PCL2-PALI1 variant",0.4815553900982936,1.2572402399470424,0.2127659574468085,0.2526683087558908,1.0,3/6,23.64%,Q09028;Q15022;O75530
prerank,Interleukin-1 beta ligand-decoy receptor type 2 complex,0.6199359423780046,1.2564694392634912,0.21405228758169934,0.253110190222882,1.0,1/3,0.75%,Q9NPH3
prerank,"Polycomb repressive complex 2.1, EZH1-RBBP4-PCL2-EPOP variant",0.4815553900982936,1.2564477021050797,0.19322990126939352,0.2528802234659988,1.0,3/6,23.64%,Q09028;Q15022;O75530
prerank,"Polycomb repressive complex 2.1, EZH2-RBBP4-PCL1-PALI1 variant",0.4815553900982936,1.2556314046443393,0.1820689655172414,0.2533762972097425,1.0,3/6,23.64%,Q09028;Q15022;O75530
prerank,"Polycomb repressive complex 2.1, EZH2-RBBP4-PCL1-EPOP variant",0.4815553900982936,1.2553537403895318,0.18989071038251365,0.2533909050342257,1.0,3/6,23.64%,Q09028;Q15022;O75530
prerank,Interleukin-1 alpha-soluble receptor type 1 complex,0.6199359423780046,1.2545229080326306,0.19738988580750408,0.25388410707791953,1.0,1/3,0.75%,Q9NPH3
prerank,"Cleavage stimulation factor complex, CSTF2 variant",-0.5763369354391799,-1.253766026966835,0.2032967032967033,0.39088587757606974,1.0,3/3,42.44%,Q05048;Q12996;P33240
prerank,mCRD-poly(A)-bridging complex,-0.4503691362005336,-1.252070697833235,0.23367697594501718,0.3796028153887461,1.0,4/5,20.51%,Q9H074;Q14103;P11940;O75534
prerank,PDGF receptor alpha-beta - PDGF-AB complex,0.5492228790120884,1.2515871045709988,0.189873417721519,0.25628616827607714,1.0,2/4,6.92%,P16234;P09619
prerank,Alternative pathway pathogen cell-bound C5 convertase complex C3bBbC3bP,0.6103285415773363,1.250539119382291,0.20124804992199688,0.25704120391869134,1.0,1/3,1.02%,CPX-973
prerank,E3 ligase (RANBP2) complex,0.6033857572402404,1.2504360672084396,0.19936708860759494,0.25688159790463416,1.0,1/3,7.95%,P49792
prerank,"TAK1-TAB complex, TAB3 variant",0.6083658436155059,1.250120363841992,0.20253164556962025,0.2569462468795314,1.0,2/3,13.46%,O43318;Q15750
prerank,"Casein kinase II complex, CSNK2A1-CNSK2A2 variant",0.6126350789692434,1.2491273276758874,0.21293375394321767,0.2576585894396633,1.0,3/3,38.79%,P19784;P68400;P67870
prerank,Alternative pathway fluid-phase C3 convertase complex C3(H2O)Bb,0.6212258192924731,1.2490847236307336,0.1819645732689211,0.25745085645740623,1.0,2/3,12.40%,P01024-PRO_0000005908;P00751-PRO_0000027547
prerank,"Replication protein A complex, RPA2 variant",0.608088758550391,1.2480417220557796,0.18098159509202455,0.25824348410528203,1.0,2/3,13.48%,P27694;P35244
prerank,"Nuclear mitotic cohesin complex, STAG1 variant",0.5541278072635171,1.2475300033163266,0.19790104947526238,0.25848306610608185,1.0,2/4,9.52%,Q9UQE7;O60216
prerank,CRD-mediated mRNA stability complex,-0.40686625659754433,-1.2470437272945258,0.2054794520547945,0.3735903877871965,1.0,5/6,29.87%,Q08211;P67809;Q9NZI8;Q00839;CHEBI:33699
prerank,SNARE complex STX17-SNAP29-VAMP8,0.6129989151907036,1.247009713950543,0.1996879875195008,0.2586948345026575,1.0,2/3,13.15%,P56962;O95721
prerank,SNARE complex STX17-SNAP29-VAMP7,0.6129989151907036,1.2467050458091855,0.21236133122028525,0.258697225918257,1.0,2/3,13.15%,P56962;O95721
prerank,GPI-anchor transamidase complex,0.5045744385916274,1.2460215171026032,0.20699708454810495,0.259133496113446,1.0,5/5,49.61%,Q969N2;O43292;Q92643;Q96S52;Q9H490
prerank,"RAVE complex, DMXL1 variant",0.6105825241364259,1.2457962458920302,0.1956521739130435,0.2590945601185674,1.0,2/3,13.23%,Q9GZN7;Q9Y4E6
prerank,Complement factor I-H-C3b complex,0.6103285415773363,1.2457471605696144,0.2015748031496063,0.2588950153692161,1.0,1/3,1.02%,CPX-973
prerank,"Cav1.1 voltage-gated calcium channel complex, CACNA2D4-CACNB4-CACNG1 variant",0.5027088124402391,1.2454103366628029,0.2170212765957447,0.2589570591460589,1.0,3/5,18.60%,Q13698;Q06432;O00305
prerank,RQT ribosome-associated quality control trigger complex,0.610305439071311,1.2453313543388116,0.1952755905511811,0.25877163016913063,1.0,2/3,13.26%,Q9H1I8;Q8N3C0
prerank,KIF3 complex variant AB-KAP3,0.608920013745736,1.2447431083459912,0.19032761310452417,0.25911744191527775,1.0,2/3,13.40%,Q92845;Q9Y496
prerank,"Cav1.1 voltage-gated calcium channel complex, CACNA2D1-CACNB4-CACNG1 variant",0.5027088124402391,1.24469913722965,0.17982456140350878,0.25891594145441443,1.0,3/5,18.60%,Q13698;Q06432;O00305
prerank,"Nuclear mitotic cohesin complex, STAG2 variant",0.5541278072635171,1.2446489245258343,0.2,0.25869586282808643,1.0,2/4,9.52%,Q9UQE7;O60216
prerank,"Replication protein A complex, RPA4 variant",0.608088758550391,1.2445257950744466,0.19558359621451105,0.25854796326673063,1.0,2/3,13.48%,P27694;P35244
prerank,MSL histone acetyltransferase complex,-0.4891421418545552,-1.244417463242158,0.1882716049382716,0.36493319731106494,1.0,3/4,9.91%,Q9HCI7;Q8N5Y2;Q68DK7
prerank,"Cav1.1 voltage-gated calcium channel complex, CACNA2D2-CACNB1-CACNG1 variant",0.5035405285478077,1.2438390893239624,0.20972222222222223,0.25893727698506525,1.0,3/5,18.52%,Q13698;Q06432;Q02641
prerank,"TRAMP complex, TENT4B-ZCCHC7 variant",0.6089191446874791,1.2429948718067143,0.19175911251980982,0.2594839167746263,1.0,1/3,1.33%,P42285
prerank,"Polycomb repressive complex 2.1, EZH2-RBBP4-PCL3-EPOP variant",0.4815553900982936,1.2429614818783672,0.2077028885832187,0.2592600922012638,1.0,3/6,23.64%,Q09028;Q15022;O75530
prerank,"Polycomb repressive complex 2.1, EZH2-RBBP4-PCL2-EPOP variant",0.4815553900982936,1.2429060291036071,0.21262002743484226,0.2590663696209362,1.0,3/6,23.64%,Q09028;Q15022;O75530
prerank,"Polycomb repressive complex 2.1,EZH2-RBBP4-PCL3-PALI1 variant",0.4815553900982936,1.2428013820135375,0.20110192837465565,0.25890266144297497,1.0,3/6,23.64%,Q09028;Q15022;O75530
prerank,Kinetochore MIS12 complex,-0.5091463414634146,-1.2427945939975293,0.195906432748538,0.35551040308196846,1.0,4/4,49.17%,Q6P1K2;Q96IY1;Q9H081;Q9H410
prerank,uPA-uPAR-vitronectin complex,0.6133690783047724,1.242532544295596,0.19248826291079812,0.2589075085248678,1.0,2/3,13.01%,P00749;P04004
prerank,MTERF4-NSUN4 mitochondiral ribosomal assembly complex,0.6162371848157384,1.240381365000404,0.18585526315789475,0.2606549491954514,1.0,3/3,38.43%,CHEBI:15414;Q7Z6M4;Q96CB9
prerank,"Cav1.1 voltage-gated calcium channel complex, CACNA2D4-CACNB1-CACNG1 variant",0.5035405285478077,1.2393531672843379,0.20757363253856942,0.2614224303151182,1.0,3/5,18.52%,Q13698;Q06432;Q02641
prerank,"Cav1.1 voltage-gated calcium channel complex, CACNA2D2-CACNB4-CACNG1 variant",0.5027088124402391,1.239175925631055,0.21304347826086956,0.2613268625840479,1.0,3/5,18.60%,Q13698;Q06432;O00305
prerank,"Cav1.1 voltage-gated calcium channel complex, CACNA2D4-CACNB3-CACNG1 variant",0.5032632898452849,1.2380620244797773,0.20926966292134833,0.26205199229207077,1.0,3/5,18.55%,Q13698;Q06432;P54284
prerank,"RAVE complex, DMXL2 variant",0.6105825241364259,1.2370404733385716,0.21671826625386997,0.2627596505110385,1.0,2/3,13.23%,Q9GZN7;Q9Y4E6
prerank,"Polycomb repressive complex 2.1, EZH2-RBBP4-PCL2-PALI1 variant",0.4815553900982936,1.2353740847866255,0.2222222222222222,0.26403598612559603,1.0,3/6,23.64%,Q09028;Q15022;O75530
prerank,Ribosome biogenesis complex,0.6095871432529786,1.2350066649671105,0.18892508143322476,0.2641240911062199,1.0,3/3,39.09%,P61328;Q14978;Q13428
prerank,"Cav1.1 voltage-gated calcium channel complex, CACNA2D1-CACNB2-CACNG1 variant",0.502986051142762,1.2339937584345406,0.21151079136690648,0.26483706445671706,1.0,3/5,18.58%,Q13698;Q06432;Q08289
prerank,"Cav1.1 voltage-gated calcium channel complex, CACNA2D1-CACNB1-CACNG1 variant",0.5035405285478077,1.233026673857164,0.20869565217391303,0.2655700163082815,1.0,3/5,18.52%,Q13698;Q06432;Q02641
prerank,"Cav1.1 voltage-gated calcium channel complex, CACNA2D1-CACNB3-CACNG1 variant",0.5032632898452849,1.232296338017308,0.2177650429799427,0.2660282989208084,1.0,3/5,18.55%,Q13698;Q06432;P54284
prerank,NELF negative elongation factor complex ,-0.5011086474501109,-1.2312123846253655,0.20679012345679013,0.35902722809391135,1.0,4/4,49.97%,Q9H3P2;Q8WX92;Q8IXH7;P18615
prerank,General transcription factor TFIIIC complex,0.4703272323904604,1.2311136393968538,0.2328042328042328,0.26692117172631596,1.0,6/6,53.05%,Q969F1;Q12789;Q8WUA4;Q9UKN8;Q9Y5Q8;Q9Y5Q9
prerank,"Cav1.1 voltage-gated calcium channel complex, CACNA2D2-CACNB2-CACNG1 variant",0.502986051142762,1.2294690215072213,0.20625889046941678,0.2682819771813925,1.0,3/5,18.58%,Q13698;Q06432;Q08289
prerank,"Endothelial AP-1 Adaptor complex, sigma1a variant",0.5325524752299902,1.2293687785730147,0.2075187969924812,0.2681355683517874,1.0,2/4,8.69%,Q10567;O43747
prerank,KIF3 complex variant AC-KAP3,0.608920013745736,1.229175430461172,0.21141975308641975,0.2680478666206695,1.0,2/3,13.40%,Q92845;Q9Y496
prerank,Mitochondrial BOLA1-GLRX5 iron-sulfur cluster assembly complex,0.5499292732033397,1.2289388381535624,0.20601503759398496,0.2680213570162083,1.0,2/4,7.12%,CHEBI:33737;CHEBI:16856
prerank,"Cav1.1 voltage-gated calcium channel complex, CACNA2D4-CACNB2-CACNG1 variant",0.502986051142762,1.2287136396601355,0.225531914893617,0.2679829698002569,1.0,3/5,18.58%,Q13698;Q06432;Q08289
prerank,BORC complex,0.41764700371781505,1.2273031829481564,0.1970899470899471,0.2691350148117544,1.0,3/8,7.50%,Q6QNY1;O95295;P78537
prerank,Peroxisomal receptor export module complex,0.6057079523413686,1.2264715864057947,0.22204213938411668,0.26971472514938943,1.0,3/3,39.48%,Q7Z412;O43933;Q13608
prerank,"Cav1.1 voltage-gated calcium channel complex, CACNA2D2-CACNB3-CACNG1 variant",0.5032632898452849,1.225992124653814,0.2175141242937853,0.26991404096618826,1.0,3/5,18.55%,Q13698;Q06432;P54284
prerank,BLOC-1 complex,0.41764700371781505,1.223412328613265,0.2271505376344086,0.2721594683370295,1.0,3/8,7.50%,Q6QNY1;O95295;P78537
prerank,Interleukin 11-sIL11RA-IL-6ST receptor-ligand trans-signalling complex,0.6122369387059174,1.2232049329135357,0.21922428330522767,0.2720949095024193,1.0,2/3,20.16%,P40189;P20809
prerank,Laminin-332 complex variant B,-0.5768911055694098,-1.2230360799660562,0.2452316076294278,0.35843472970869145,1.0,3/3,42.39%,Q13751;Q16787-2;Q13753
prerank,"Cav1.1 voltage-gated calcium channel complex, CACNA2D3-CACNB4-CACNG1 variant",0.5027088124402391,1.2201627693083252,0.2170212765957447,0.2748308217479771,1.0,3/5,18.60%,Q13698;Q06432;O00305
prerank,UFM1 ribosome E3 ligase complex,0.594624549736769,1.2201080363132826,0.20684292379471228,0.2746190313928575,1.0,3/3,40.59%,O94874;Q96HY6;Q96JB5
prerank,CSL-NOTCH1-MAML transcriptional activation complex,0.6001662510390688,1.2197742931319933,0.21207430340557276,0.27470621871554407,1.0,3/3,40.03%,P46531;Q06330;Q92585
prerank,Retention and splicing complex,-0.5852036575228595,-1.2189266787766513,0.2492836676217765,0.3527381956963676,1.0,3/3,41.56%,Q9Y388;Q9BRD0;Q8TAD8
prerank,ASCC DNA alkylation repair complex,0.610305439071311,1.2171331774369747,0.20695102685624012,0.27699825196286426,1.0,2/3,13.26%,Q9H1I8;Q8N3C0
prerank,Interleukin-35 receptor ligand type 1 complex,0.5937238785649177,1.216495964646798,0.23987034035656402,0.2773232733540569,1.0,1/3,1.27%,P40189
prerank,"Cav1.1 voltage-gated calcium channel complex, CACNA2D3-CACNB1-CACNG1 variant",0.5035405285478077,1.211735371068696,0.22507122507122507,0.28158507150306655,1.0,3/5,18.52%,Q13698;Q06432;Q02641
prerank,"TAK1-TAB complex, TAB2 variant",0.6083658436155059,1.211680024751194,0.21372854914196568,0.281369218577112,1.0,2/3,13.46%,O43318;Q15750
prerank,GTPase HRAS - Son of sevenless homolog 1 complex,0.5902950810382404,1.2051197837807903,0.2375,0.2876352096724176,1.0,2/3,21.23%,CHEBI:15996;P01112
prerank,"Cav1.1 voltage-gated calcium channel complex, CACNA2D3-CACNB3-CACNG1 variant",0.5032632898452849,1.2031689889414479,0.2397743300423131,0.28927387748438377,1.0,3/5,18.55%,Q13698;Q06432;P54284
prerank,UTP-A complex,0.46422628951747097,1.202914877038418,0.23281907433380084,0.2892526252908382,1.0,6/6,53.65%,Q15061;Q8TED0;Q969X6;Q9H583;Q9H8H0;Q8IWA0
prerank,SOSS2 complex,0.5910608206878154,1.2007750711355816,0.22330097087378642,0.2911595267341104,1.0,1/3,4.54%,Q68E01
prerank,"Cav1.1 voltage-gated calcium channel complex, CACNA2D3-CACNB2-CACNG1 variant",0.502986051142762,1.200428034385734,0.24645892351274787,0.2912852226768194,1.0,3/5,18.58%,Q13698;Q06432;Q08289
prerank,Interleukin-3 receptor-ligand complex,0.5929512318087142,1.1997134463876076,0.23817034700315456,0.2917116703519353,1.0,1/3,3.16%,P32927
prerank,SOSS1 complex,0.5910608206878154,1.1994563587490383,0.23824959481361427,0.2917142482181804,1.0,1/3,4.54%,Q68E01
prerank,Glutamate decarboxylase 1/2 complex,-0.5541701302299806,-1.1991927028793188,0.2455621301775148,0.366993418613274,1.0,3/3,44.66%,CHEBI:18405;Q99259;Q05329
prerank,BRCA1-C complex,0.589920195515986,1.1979224115367195,0.22132471728594508,0.2929523308541347,1.0,1/3,4.24%,CPX-715
prerank,Kinetochore SKA complex,-0.5350512607370463,-1.1941109591567527,0.2570621468926554,0.36293568653997865,1.0,3/3,46.57%,Q8IX90;Q8WVK7;Q96BD8
prerank,"Polycomb repressive complex 2.2, EZH1-RBBP7 variant",0.44995979254185425,1.1917104445527271,0.25383542538354253,0.29898908391097967,1.0,3/6,23.64%,Q16576;Q15022;O75530
prerank,"Dynein-1 complex, variant 3",0.44723972105265436,1.1852967668394754,0.24641833810888253,0.30541436981398773,1.0,3/6,14.17%,P63167;Q9NP97;P63172
prerank,BAT3 complex,0.5796619562205596,1.1834242189712725,0.2450657894736842,0.30709269903198017,1.0,3/3,42.08%,P46379;Q7L5D6;P11441
prerank,"Dynein-1 complex, variant 4",0.44723972105265436,1.1825516972144334,0.24074074074074073,0.30768988822509763,1.0,3/6,14.17%,P63167;Q9NP97;P63172
prerank,Ripoptosome,0.575839760117377,1.1813607883801425,0.25117739403453687,0.3087273806601915,1.0,1/3,4.37%,Q13546
prerank,KICSTOR complex,0.5207871396895787,1.1796072155581234,0.25987841945288753,0.3102660234408097,1.0,4/4,47.98%,Q5T011;Q969R8;Q96MD2;Q9Y664
prerank,"Dynein-1 complex, variant 1",0.44723972105265436,1.178195883274253,0.2413793103448276,0.3114762025423795,1.0,3/6,14.17%,P63167;Q9NP97;P63172
prerank,AP-5 Adaptor complex,0.5221729490022173,1.1769748109898934,0.27165932452276065,0.3124027232339069,1.0,4/4,47.84%,Q2VPB7;Q9H0R1;Q9NUS5;O43299
prerank,"Amiloride-sensitive sodium channel complex, delta-alpha-beta-gamma",-0.4611973392461197,-1.176518987305612,0.2630057803468208,0.3751941812742127,1.0,4/4,53.96%,P51170;P51172;P37088;P51168
prerank,"Dynein-1 complex, variant 5",0.44723972105265436,1.175325998138853,0.2553495007132668,0.31386402543214903,1.0,3/6,14.17%,P63167;Q8TF09;P63172
prerank,CPAP-STIL complex,0.5730119146577999,1.1742760164767079,0.27287319422150885,0.3146899767068295,1.0,3/3,42.75%,Q6UVJ0;Q9HC77;Q15468
prerank,"Dynein-1 complex, variant 7",0.44723972105265436,1.173927201746573,0.24328147100424327,0.31479094682371356,1.0,3/6,14.17%,P63167;Q8TF09;P63172
prerank,"Dynein-1 complex, variant 6",0.44723972105265436,1.1716425479185015,0.26099290780141843,0.31702663274119774,1.0,3/6,14.17%,P63167;Q8TF09;P63172
prerank,"Dynein-1 complex, variant 8",0.44723972105265436,1.1714891272336347,0.25,0.31691196169549496,1.0,3/6,14.17%,P63167;Q8TF09;P63172
prerank,"Retromer complex, VPS26B variant",0.5785254902258239,1.1712023302454322,0.26635514018691586,0.3169284409061056,1.0,1/3,4.79%,Q9UBQ0
prerank,LDLR-PCSK9 complex,0.5843724023275145,1.1710043661659164,0.2754098360655738,0.31682048490970943,1.0,3/3,41.61%,P01130;Q8NBP7-PRO_0000027120;Q8NBP7-PRO_0000027121
prerank,"Mitochondrial calcium uniporter complex, MICUB variant",0.47468063710022346,1.170708732041886,0.2542857142857143,0.31682676738158255,1.0,3/5,17.39%,Q9BPX6;Q8NE86;Q9H4I9
prerank,C9orf72-SMCR8 complex,0.567193128290385,1.1706508777327675,0.24566929133858267,0.3165885278370551,1.0,3/3,43.33%,Q8TEV9;Q9HAD4;Q96LT7-1
prerank,"Dynein-1 complex, variant 2",0.44723972105265436,1.1699336325330605,0.25936599423631124,0.3170823039230499,1.0,3/6,14.17%,P63167;Q9NP97;P63172
prerank,tRNA-splicing ligase complex,0.4021033359249038,1.1680155294171293,0.2596899224806202,0.3187826962308821,1.0,1/8,0.39%,CHEBI:29035
prerank,"ESCRT-I complex, VPS37B-MVB12B variant",0.5111730434858797,1.1663859933722383,0.2740740740740741,0.32020421084585665,1.0,3/4,29.76%,Q99816;Q9UK41;Q9H7P6-1
prerank,KEOPS tRNA N6-adenosine threonylcarbamoyltransferase complex,-0.38986963550083065,-1.1622667354287548,0.29343629343629346,0.383516499322855,1.0,5/6,23.64%,Q14657;Q9BXV9;Q9Y3C4;Q9NPF4;Q96S44
prerank,ULK1-ATG13-RB1CC1-ATG101 autophagy initiation complex,-0.46147450110864746,-1.1618290213457454,0.24367088607594936,0.374512748839707,1.0,4/4,53.93%,O75143;O75385;Q8TDY2;Q9BSB4
prerank,"ESCRT-I complex, VPS37B-MVB12A variant",0.510895881623352,1.1607172398429164,0.2559880239520958,0.325994106618082,1.0,3/4,29.79%,Q99816;Q9UK41;Q96EY5
prerank,"ESCRT-I complex, VPS37D-MVB12B variant",0.5111730434858797,1.1603538847852686,0.2904191616766467,0.32609642987968906,1.0,3/4,29.76%,Q99816;Q9UK41;Q9H7P6-1
prerank,"ESCRT-I complex, VPS37C-MVB12B variant",0.5111730434858797,1.1598492364238318,0.26222222222222225,0.3262774989460039,1.0,3/4,29.76%,Q99816;Q9UK41;Q9H7P6-1
prerank,Hydride transfer complex,0.5721806594624549,1.1588163660143724,0.2674772036474164,0.3270764056392399,1.0,3/3,42.83%,P48163;P40925;P11498
prerank,Mitochondrial transcription initiation complex,0.5743973399833748,1.1583262185913565,0.2748447204968944,0.32735282678797967,1.0,3/3,42.61%,Q9H5Q4;Q00059;O00411
prerank,"Retromer complex, VPS26A variant",0.5785254902258239,1.1580636263008244,0.2778675282714055,0.327372277765798,1.0,1/3,4.79%,Q9UBQ0
prerank,"Polycomb repressive complex 2.2, EZH2-RBBP7 variant",0.44995979254185425,1.1573827111007746,0.26853146853146853,0.3277963346352988,1.0,3/6,23.64%,Q16576;Q15022;O75530
prerank,"ESCRT-I complex, VPS37A-MVB12B variant",0.5111730434858797,1.1570098601974583,0.2869822485207101,0.3278913841202955,1.0,3/4,29.76%,Q99816;Q9UK41;Q9H7P6-1
prerank,BRCC E3 ubiquitin ligase complex,0.4365166864803303,1.1569471739638384,0.27348066298342544,0.3276722536811284,1.0,2/6,4.43%,Q9NXR7;P46736
prerank,MCM complex,0.44398225180255135,1.1556694761750104,0.2801724137931034,0.32873623505972865,1.0,6/6,55.68%,P33992;P33991;P25205;P49736;P33993;Q14566
prerank,Fukutin-FKRP-TMEM5 multienzyme complex,0.5774452756996398,1.1553134209456644,0.2894333843797856,0.32879730970929627,1.0,3/3,42.30%,O75072;Q9H9S5;Q9Y2B1
prerank,"ESCRT-I complex, VPS37C-UBAP1 variant",0.5106187197608242,1.1548235209893365,0.28486646884273,0.32906283114032847,1.0,3/4,29.82%,Q99816;Q9UK41;Q9NZ09
prerank,"ESCRT-I complex, VPS37C-MVB12A variant",0.510895881623352,1.1529152243115948,0.2721804511278195,0.3308871531660462,1.0,3/4,29.79%,Q99816;Q9UK41;Q96EY5
prerank,B-WICH chromatin remodelling complex,0.3898903890901734,1.1501523420753677,0.2825520833333333,0.333516087697506,1.0,2/9,3.52%,O75533;O60264
prerank,LUBAC ubiquitin ligase complex,0.571072319201995,1.1481527656197208,0.2961240310077519,0.33548669511988854,1.0,3/3,42.94%,Q96EP0;Q9H0F6;Q9BYM8
prerank,"ESCRT-I complex, VPS37B-UBAP1 variant",0.5106187197608242,1.1467593298488357,0.28083209509658247,0.3367076629215397,1.0,3/4,29.82%,Q99816;Q9UK41;Q9NZ09
prerank,CPLANE complex,0.5544472152950954,1.1454915524318114,0.2847457627118644,0.3377416434371312,1.0,3/3,44.60%,O95876;Q9BT04;Q9ULD6
prerank,"Polycomb repressive complex 2.1, EZH1-RBBP7-PCL1-EPOP variant",0.42928934358881987,1.1446430084450305,0.30913978494623656,0.3384032776915013,1.0,3/6,23.64%,Q16576;Q15022;O75530
prerank,"ESCRT-I complex, VPS37D-UBAP1 variant",0.5106187197608242,1.1421682455165036,0.2852807283763278,0.3408416520750566,1.0,3/4,29.82%,Q99816;Q9UK41;Q9NZ09
prerank,"ESCRT-I complex, VPS37A-UBAP1 variant",0.5106187197608242,1.1392908689414711,0.29668674698795183,0.3435551746596119,1.0,3/4,29.82%,Q99816;Q9UK41;Q9NZ09
prerank,"ESCRT-I complex, VPS37D-MVB12A variant",0.510895881623352,1.1381298136581122,0.3055555555555556,0.34452289078020504,1.0,3/4,29.79%,Q99816;Q9UK41;Q96EY5
prerank,"ESCRT-I complex, VPS37A-MVB12A variant",0.510895881623352,1.1379996661130776,0.281437125748503,0.3443626690293587,1.0,3/4,29.79%,Q99816;Q9UK41;Q96EY5
prerank,AP-4 Adaptor complex,0.501940133037694,1.1356659127280624,0.2778625954198473,0.3466743823423671,1.0,4/4,49.86%,Q9UPM8;Q9Y587;Q9Y6B7;O00189
prerank,"Polycomb repressive complex 2.1, EZH1-RBBP7-PCL3-EPOP variant",0.42928934358881987,1.1341121478127831,0.30551816958277256,0.3480826029299516,1.0,3/6,23.64%,Q16576;Q15022;O75530
prerank,Caspase-2 PIDDosome,0.5635910224438903,1.132757233376789,0.28550074738415543,0.34925492560877774,1.0,3/3,43.69%,Q9HB75;P42575;P78560
prerank,"Polycomb repressive complex 2.1, EZH1-RBBP7-PCL1-PALI1 variant",0.42928934358881987,1.1315110859044182,0.3161559888579387,0.35038399806240084,1.0,3/6,23.64%,Q16576;Q15022;O75530
prerank,N-acetylglucosamine-1-phosphotransferase complex,0.5652535328345801,1.1301087899048265,0.3078125,0.3516879368892191,1.0,3/3,43.52%,Q3T906-PRO_0000225008;Q3T906-PRO_0000225009;Q9UJJ9
prerank,CCDC36-MEI4-REC114 meiotic recombination initiation complex,-0.5284012191742865,-1.1287761801826919,0.3078947368421053,0.40711533747898565,1.0,3/3,47.23%,Q8IYA8;Q7Z4M0;A8MW99
prerank,"Polycomb repressive complex 2.1, EZH1-RBBP7-PCL2-EPOP variant",0.42928934358881987,1.1270034286073443,0.3087431693989071,0.35499583308905897,1.0,3/6,23.64%,Q16576;Q15022;O75530
prerank,"Polycomb repressive complex 2.1, EZH1-RBBP7-PCL3-PALI1 variant",0.42928934358881987,1.124809283973763,0.30536451169188444,0.35724706152859587,1.0,3/6,23.64%,Q16576;Q15022;O75530
prerank,"Katanin complex, KATNAL1-KATNBL1 variant",0.5421751909721142,1.1246664359474048,0.32679738562091504,0.3570877864318721,1.0,2/3,20.04%,CHEBI:15422;Q9H079
prerank,"Polycomb repressive complex 2.1, EZH2-RBBP7-PCL1-EPOP variant",0.42928934358881987,1.1215703368073398,0.3319783197831978,0.3603335794315082,1.0,3/6,23.64%,Q16576;Q15022;O75530
prerank,Prefoldin co-chaperone complex,0.42151968940654455,1.1202987427945559,0.3236914600550964,0.3614739950236443,1.0,6/6,57.92%,Q9UHV9;O15212;Q9NUG6;P61758;Q99471;O60925
prerank,"Katanin complex, KATNAL2-KATNB1 variant",0.5413439357767693,1.116163632950396,0.3235747303543914,0.36606436391900327,1.0,2/3,20.13%,CHEBI:15422;Q9BVA0
prerank,"Katanin complex, KATNAL1-KATNB1 variant",0.5413439357767693,1.1155461603015704,0.32861635220125784,0.36642763801732897,1.0,2/3,20.13%,CHEBI:15422;Q9BVA0
prerank,"Polycomb repressive complex 2.1, EZH2-RBBP7-PCL2-EPOP variant",0.42928934358881987,1.111385394041145,0.3246930422919509,0.37097202592521145,1.0,3/6,23.64%,Q16576;Q15022;O75530
prerank,"Polycomb repressive complex 2.1, EZH2-RBBP7-PCL1-PALI1 variant",0.42928934358881987,1.1107837340721616,0.33612273361227335,0.37131175126586774,1.0,3/6,23.64%,Q16576;Q15022;O75530
prerank,KMN complex,-0.5076198392906622,-1.1104616615811875,0.32891246684350134,0.42158569729913375,1.0,3/3,49.31%,CPX-550;CPX-5643;CPX-5644
prerank,CMG helicase complex,0.5505680243834856,1.1086930800934098,0.33858267716535434,0.37340529974644704,1.0,3/3,44.99%,CPX-2940;CPX-787;O75419
prerank,Condensin II complex,0.4505701676105285,1.1072129628157565,0.32303370786516855,0.374895626269929,1.0,2/5,7.36%,Q9NTJ3;O95347
prerank,"Polycomb repressive complex 2.1, EZH1-RBBP7-PCL2-PALI1 variant",0.42928934358881987,1.1068225726610836,0.34054834054834054,0.3750078920983648,1.0,3/6,23.64%,Q16576;Q15022;O75530
prerank,"Polycomb repressive complex 2.1, EZH2-RBBP7-PCL3-EPOP variant",0.42928934358881987,1.10657164767819,0.33197278911564626,0.3749537254157941,1.0,3/6,23.64%,Q16576;Q15022;O75530
prerank,"Actin-related protein 2/3 complex, ARPC1A-ACTR3-ARPC5L variant",0.4005547850208045,1.1064516537297617,0.3324572930354796,0.3747261868600964,1.0,7/7,60.02%,P61160;O15144;P59998;O15145;Q92747;Q9BPX5;P61158
prerank,Condensin I complex,0.4505701676105285,1.1055591435585244,0.3190271816881259,0.3754479776421606,1.0,2/5,7.36%,Q9NTJ3;O95347
prerank,"Polycomb repressive complex 2.1,EZH2-RBBP7-PCL3-PALI1 variant",0.42928934358881987,1.1046153314453215,0.3292181069958848,0.3762421776126477,1.0,3/6,23.64%,Q16576;Q15022;O75530
prerank,"Katanin complex, KATNAL2-KATNBL1 variant",0.5421751909721142,1.1042108625636724,0.353518821603928,0.37641533543501904,1.0,2/3,20.04%,CHEBI:15422;Q9H079
prerank,"Exon junction core complex, MAGOH variant",0.48442846343283286,1.1023931895558392,0.34446130500758726,0.3782186676916797,1.0,3/4,28.54%,Q9Y5S9;P38919;P61326
prerank,"Actin-related protein 2/3 complex, ARPC1A-ACTR3-ARPC5 variant",0.4005547850208045,1.1016770616942941,0.3442838370565046,0.37873640798620417,1.0,7/7,60.02%,P61160;O15144;P59998;O15145;O15511;Q92747;P61158
prerank,"Actin-related protein 2/3 complex, ARPC1B-ACTR3-ARPC5 variant",0.40027739251040223,1.0999124457900329,0.3302387267904509,0.3803986796892483,1.0,7/7,60.05%,P61160;O15144;P59998;O15145;O15511;P61158;O15143
prerank,"GABA-A receptor, alpha1-beta2-delta",0.5488094817669482,1.0996338922425648,0.3360128617363344,0.380385388484641,1.0,2/3,21.15%,P47870;P14867
prerank,"Actin-related protein 2/3 complex, ARPC1B-ACTR3B-ARPC5 variant",0.40027739251040223,1.0991575189278737,0.34346103038309117,0.3806042269479014,1.0,7/7,60.05%,P61160;O15144;P59998;O15145;Q9P1U1;O15511;O15143
prerank,"PAR cell polarity complex, PARD6G-PRKCI variant",0.5418981059069993,1.0991046516090166,0.33746130030959753,0.3803320243035007,1.0,2/3,20.07%,Q8TEW0;P41743
prerank,Mitochondrial NIAUFX iron-sulfur cluster assembly complex ,0.4010850727177482,1.0986442233076947,0.3328785811732606,0.3805005272080077,1.0,2/7,8.47%,O14561;CHEBI:597326
prerank,"PAR cell polarity complex, PARD6A-PRKCI variant",0.5418981059069993,1.097591084615668,0.33385826771653543,0.38138758888615526,1.0,2/3,20.07%,Q8TEW0;P41743
prerank,Collagen type V trimer variant 2,0.5419157592362689,1.0969602682879385,0.34728682170542635,0.3818226837857542,1.0,2/3,19.82%,P20908;P05997
prerank,"PAR cell polarity complex, PARD6B-PRKCZ variant",0.5416210208418842,1.0956658259821666,0.35403726708074534,0.3830402903791039,1.0,2/3,20.10%,Q8TEW0;Q05513
prerank,"PAR cell polarity complex, PARD6G-PRKCZ variant",0.5416210208418842,1.0953067593522825,0.35714285714285715,0.38317666937533285,1.0,2/3,20.10%,Q8TEW0;Q05513
prerank,"PAR cell polarity complex, PARD6B-PRKCI variant",0.5418981059069993,1.0937094207159084,0.35347432024169184,0.3847527766013634,1.0,2/3,20.07%,Q8TEW0;P41743
prerank,"Polycomb repressive complex 2.1,EZH2-RBBP7-PCL2-PALI1 variant",0.42928934358881987,1.0935171259942165,0.3530259365994236,0.38460234872036625,1.0,3/6,23.64%,Q16576;Q15022;O75530
prerank,TTT complex,0.5333887503463562,1.0934715851863406,0.35668789808917195,0.3843200733788636,1.0,3/3,46.71%,Q9Y4R8;Q6NXR4;O43156
prerank,"Katanin complex, KATNA1-KATNB1 variant",0.5413439357767693,1.0934566807897308,0.33072100313479624,0.3840043833116738,1.0,2/3,20.13%,CHEBI:15422;Q9BVA0
prerank,Mitochondrial glutamyl-tRNA(Gln) amidotransferase complex,-0.5114990302022722,-1.0929626294842785,0.335243553008596,0.43565630929135374,1.0,3/3,48.92%,O43716;O75879;Q9H0R6
prerank,"Actin-related protein 2/3 complex, ARPC1A-ACTR3B-ARPC5 variant",0.4011095700416089,1.0922381218533879,0.3493975903614458,0.3851024142557372,1.0,7/7,59.97%,P61160;O15144;P59998;O15145;Q9P1U1;O15511;Q92747
prerank,"Actin-related protein 2/3 complex, ARPC1B-ACTR3-ARPC5L variant",0.4002773925104023,1.0920315902150641,0.35636856368563685,0.38500660417641314,1.0,7/7,60.05%,P61160;O15144;P59998;O15145;Q9BPX5;P61158;O15143
prerank,"PAR cell polarity complex, PARD6A-PRKCZ variant",0.5416210208418842,1.091904367819613,0.3607085346215781,0.38483245355971146,1.0,2/3,20.10%,Q8TEW0;Q05513
prerank,"Actin-related protein 2/3 complex, ARPC1B-ACTR3B-ARPC5L variant",0.4008321775312067,1.0917566985040066,0.3452855245683931,0.384669466329008,1.0,7/7,59.99%,P61160;O15144;P59998;O15145;Q9P1U1;Q92747;Q9BPX5
prerank,Interleukin-6 sIL6R-sIL6ST buffering receptor-ligand complex,0.5400454537358582,1.0911729131238963,0.3524720893141946,0.3849962785511095,1.0,2/3,19.71%,P05231;P40189-2
prerank,Dolichol-phosphate mannosyltransferase complex,0.534541513585353,1.0879712847868537,0.3588516746411483,0.3885160773464064,1.0,1/3,4.93%,O94777
prerank,Checkpoint clamp complex,-0.5123302853976172,-1.0863428319491069,0.3235294117647059,0.4346277080768949,1.0,3/3,48.84%,O60671;O60921;Q99638
prerank,Interleukin-13 receptor-ligand alpha 1 complex,0.5427180302714925,1.0850054882698366,0.3419773095623987,0.391748129820295,1.0,2/3,20.02%,P35225;P24394
prerank,TSC1-TSC2 complex,0.5281241341091715,1.0828566692642092,0.35930047694753575,0.3940449960150478,1.0,3/3,47.23%,Q92574;P49815;Q9P0N9
prerank,eNoSc complex,0.5253532834580216,1.081327444218443,0.3425925925925926,0.3955052255763377,1.0,3/3,47.51%,O43159;O43463;Q96EB6
prerank,CL-LK-MASP2 lectin-protease complex,0.4785635881997896,1.0793707403580242,0.375,0.3974395275490338,1.0,2/4,10.08%,O00187-PRO_0000027600;O00187-PRO_0000027599
prerank,"Katanin complex, KATNA1-KATNBL1 variant",0.5421751909721142,1.0767184021070797,0.3570219966159052,0.40035044631867883,1.0,2/3,20.04%,CHEBI:15422;Q9H079
prerank,U4/U6 small nuclear ribonucleoprotein complex,0.5272709264621275,1.0743206249947665,0.3618320610687023,0.4029064022559379,1.0,1/3,13.54%,Q8WWY3
prerank,Collagen type VI trimer,0.5245220282626766,1.0714522805204598,0.35725429017160687,0.4061129239358011,1.0,3/3,47.59%,P12109;P12110;P12111
prerank,Shelterin complex,0.41375485302273984,1.068744848392594,0.3659574468085106,0.40903995566200213,1.0,6/6,58.69%,Q15554;Q96AP0;Q9NYB0;Q9BSI4;Q9NUX5;P54274
prerank,"Neuronal nicotinic acetylcholine receptor complex, alpha4-alpha5-beta2",0.5222509493021921,1.065723905527959,0.3699248120300752,0.4124436672617264,1.0,2/3,25.75%,P17787-PRO_0000000379;P30532-PRO_0000000356
prerank,IL11-sIL11RA-sIL-6ST receptor-ligand buffering complex,0.5236624649316708,1.0631331892543145,0.3719806763285024,0.4151679393638569,1.0,2/3,20.16%,P40189-2;P20809
prerank,GLUK1-GLUK2-GLUK5 glutamate ionotropic kainate-type receptor complex,0.5281458479578398,1.0630865657131383,0.35864297253634897,0.4148673498335115,1.0,2/3,19.32%,Q13002;P39086
prerank,GLUK1-GLUK3-GLUK4 glutamate ionotropic kainate-type receptor complex,0.5264833375671498,1.0626979988786949,0.391025641025641,0.4149964868448685,1.0,2/3,19.49%,P39086;Q13003
prerank,GLUK1-GLUK3-GLUK5 glutamate ionotropic kainate-type receptor complex,0.5264833375671498,1.0622744274958433,0.3865814696485623,0.4151277848097129,1.0,2/3,19.49%,P39086;Q13003
prerank,CL-LK-MASP1 lectin-protease complex,0.4788407500623173,1.0602045941979343,0.3905325443786982,0.4172381738864988,1.0,2/4,10.05%,P48740-PRO_0000027594;P48740-PRO_0000027593
prerank,GLUK1-GLUK2-GLUK4 glutamate ionotropic kainate-type receptor complex,0.5281458479578398,1.053995057109778,0.3725806451612903,0.4247070030344999,1.0,2/3,19.32%,Q13002;P39086
prerank,BLOC-2 complex,0.5223053477417566,1.053946459668937,0.38556067588325654,0.42441617355933353,1.0,3/3,47.81%,Q86YV9;Q969F9;Q9UPZ3
prerank,Collagen type IX trimer,0.5148240509836519,1.0533821653125972,0.3872,0.4247396010460564,1.0,3/3,48.56%,P20849;Q14050;Q14055
prerank,NatC N-alpha-acetyltransferase complex,0.512607370462732,1.0522007260878212,0.3915094339622642,0.42582991034983547,1.0,3/3,48.78%,Q147X3;Q5VZE5;Q9BRA0
prerank,SAM mitochondrial sorting and assembly machinery complex,0.5300637295649764,1.0469036997798435,0.384,0.4321400438469516,1.0,3/3,47.04%,Q9Y512;Q13505;O75431
prerank,"AMPK complex, alpha2-beta2-gamma1 variant",0.5076474859061646,1.0446769041728394,0.41590214067278286,0.43448208895494816,1.0,2/3,20.24%,P54646;O43741
prerank,GATOR1 complex,-0.4788029925187033,-1.041582828498265,0.39267015706806285,0.4856158822702108,1.0,3/3,52.19%,O75140;Q8WTW4;Q12980
prerank,SKI complex,0.5211784594413393,1.0409191718175572,0.404320987654321,0.4387675457274617,1.0,1/3,4.73%,Q9GZS3
prerank,"Dynein-2 complex, light-chain variant 3",0.36232511608843454,1.0405990070319446,0.40166204986149584,0.4388137736694383,1.0,3/8,14.15%,Q96FJ2;Q9NP97;P51808
prerank,"AMPK complex, alpha2-beta1-gamma1 variant",0.5079245709712796,1.0390991181149076,0.3981623277182236,0.44033629724258,1.0,2/3,20.21%,Q9Y478;P54646
prerank,"Dynein-2 complex, light-chain variant 2",0.36204764661007716,1.038915108026492,0.4114441416893733,0.44018049748747484,1.0,3/8,14.17%,Q96FJ2;Q9NP97;P63172
prerank,"AMPK complex, alpha2-beta2-gamma3 variant",0.5076474859061646,1.037295196966305,0.3885350318471338,0.4417299323715613,1.0,2/3,20.24%,P54646;O43741
prerank,"Dynein-2 complex, light-chain variant 7",0.36232511608843454,1.035905925825318,0.4040268456375839,0.4430764628775014,1.0,3/8,14.15%,Q96FJ2;Q8TF09;P51808
prerank,"AMPK complex, alpha2-beta1-gamma3 variant",0.5079245709712796,1.0358925019931113,0.416403785488959,0.44272451626310527,1.0,2/3,20.21%,Q9Y478;P54646
prerank,"AMPK complex, alpha2-beta2-gamma2 variant",0.5076474859061646,1.0345638189209447,0.42319277108433734,0.44403969791691034,1.0,2/3,20.24%,P54646;O43741
prerank,"AMPK complex, alpha2-beta1-gamma2 variant",0.5079245709712796,1.034254938372274,0.42201834862385323,0.4440800166197349,1.0,2/3,20.21%,Q9Y478;P54646
prerank,Shieldin complex,-0.4088804253469372,-1.034213157735127,0.37846153846153846,0.4849955618686763,1.0,3/4,21.10%,Q8IYI0;Q86V20;Q6ZNX1
prerank,RNA polymerase I selectivity factor 1 complex,0.4215350072292061,1.0311748087445525,0.4100418410041841,0.44749231293508607,1.0,1/5,2.41%,P20226
prerank,"AMPK complex, alpha1-beta2-gamma1 variant",0.5073704008410497,1.0277286684315057,0.4140625,0.45136105412189426,1.0,2/3,20.27%,O43741;Q13131
prerank,"AMPK complex, alpha1-beta1-gamma3 variant",0.5073704008410497,1.0275161538648148,0.41195476575121165,0.45124505987719954,1.0,2/3,20.27%,Q9Y478;Q13131
prerank,"AMPK complex, alpha1-beta2-gamma3 variant",0.5073704008410497,1.0270063591223886,0.4057971014492754,0.45146772090653675,1.0,2/3,20.27%,O43741;Q13131
prerank,"AMPK complex, alpha1-beta2-gamma2 variant",0.5073704008410497,1.0267821836086652,0.4187116564417178,0.4513518322403633,1.0,2/3,20.27%,O43741;Q13131
prerank,"AMPK complex, alpha1-beta1-gamma1 variant",0.5073704008410497,1.0231297942786786,0.40654205607476634,0.4554135798784041,1.0,2/3,20.27%,Q9Y478;Q13131
prerank,"AMPK complex, alpha1-beta1-gamma2 variant",0.5073704008410497,1.0229937972273686,0.40375586854460094,0.45520578539084955,1.0,2/3,20.27%,Q9Y478;Q13131
prerank,"Dynein-2 complex, light-chain variant 6",0.36204764661007716,1.0218410677350982,0.41768707482993195,0.4562775958456102,1.0,3/8,14.17%,Q96FJ2;Q8TF09;P63172
prerank,"GABA-A receptor, alpha5-beta3-gamma3",0.5110091677311068,1.0183124280972389,0.4307931570762053,0.46032730900780683,1.0,1/3,4.01%,P28472
prerank,mTORC2 complex,0.420571111727197,1.0159645909782975,0.4172876304023845,0.462869390865935,1.0,5/5,58.00%,P42345;Q9BVC4;Q9BPZ7;P85299;Q6R327
prerank,"Gamma-secretase complex, APH1A-PSEN2 variant",0.4103022238613177,1.0043065814186343,0.45255474452554745,0.47731768273839015,1.0,3/5,24.94%,Q92542;Q9NZ42;Q96BI3
prerank,"Gamma-secretase complex, APH1A-PSEN1 variant",0.4103022238613177,0.9984268854190975,0.44837340876944837,0.48445839012487024,1.0,3/5,24.94%,Q92542;Q9NZ42;Q96BI3
prerank,"Amiloride-sensitive sodium channel complex, alpha-beta-gamma",-0.4610695483513439,-0.9977689276042214,0.44959128065395093,0.5262240612174447,1.0,3/3,53.96%,P51170;P37088;P51168
prerank,RFX gene regulatory complex,0.4957051814907175,0.9946578795144037,0.4651898734177215,0.48892775742983946,1.0,3/3,50.47%,O14593;P48382;O00287
prerank,"Gamma-secretase complex, APH1B-PSEN2 variant",0.4100249851587948,0.9920946796299102,0.4717800289435601,0.4919402878560839,1.0,3/5,24.97%,Q92542;Q9NZ42;Q8WW43
prerank,"Gamma-secretase complex, APH1B-PSEN1 variant",0.4100249851587948,0.9883521342421276,0.47368421052631576,0.4965885598128051,1.0,3/5,24.97%,Q92542;Q9NZ42;Q8WW43
prerank,"Exon junction core complex, MAGOHB variant",0.4447374005975885,0.986680582775816,0.46831530139103555,0.49832706908266067,1.0,2/4,20.60%,Q9Y5S9;P38919
prerank,"Amiloride-sensitive sodium channel complex, delta-beta-gamma",-0.4610695483513439,-0.9837198508619581,0.4628099173553719,0.5352740173468605,1.0,3/3,53.96%,P51170;P51172;P51168
prerank,Interleukin-12-receptor ligand complex,0.48121457722259414,0.978823619416064,0.48673946957878317,0.5085146769511691,1.0,1/3,4.35%,P42701-PRO_0000010917
prerank,DISP septin regulator complex,0.4768668808287987,0.9746457465026381,0.48264984227129337,0.5135484207183776,1.0,1/3,4.51%,Q9UM54
prerank,"GABA-A receptor, alpha-6/beta-3/delta",0.472224444317685,0.9709990390245238,0.4931506849315068,0.5179504210403957,1.0,1/3,4.01%,P28472
prerank,"NMDA receptor complex, GluN1-GluN2A-GluN2B",0.472732371615171,0.9646839064943369,0.5024311183144247,0.5259931729658373,1.0,1/3,2.52%,Q05586
prerank,"GABA-A receptor, alpha4-beta3-delta",0.472224444317685,0.9521287026455767,0.5315870570107858,0.5425122608758678,1.0,1/3,4.01%,P28472
prerank,"Dynein-2 complex, light-chain variant 1 ",0.32769145394006666,0.9480357866399551,0.5067385444743935,0.5476694743138442,1.0,8/8,67.30%,P63167;Q9NP97;P63172;Q8TCX1;Q96EX3;Q8WVS4;Q8WW35;Q8NCM8
prerank,"Eukaryotic translation initiation factor 4F, EIF4A1 and EIF4G3 variant",0.45287801712070186,0.9414927109539952,0.5285053929121726,0.5562012280161379,1.0,1/3,3.65%,P06730
prerank,"Dynein-2 complex, light-chain variant 4",0.32769145394006666,0.9414899511537358,0.5020689655172413,0.5557457915621218,1.0,8/8,67.30%,P63167;Q9NP97;P51808;Q8TCX1;Q96EX3;Q8WVS4;Q8WW35;Q8NCM8
prerank,"Dynein-2 complex, light-chain variant 5",0.32769145394006666,0.9405139531488131,0.5106382978723404,0.556631750547218,1.0,8/8,67.30%,P63167;Q8TF09;P63172;Q8TCX1;Q96EX3;Q8WVS4;Q8WW35;Q8NCM8
prerank,"4EHP-GIGYF1 co-translational mRNA decay complex, DDX6 variant",0.46326487227188246,0.9396014576738416,0.5261584454409567,0.557446104180878,1.0,1/3,4.15%,P26196
prerank,"4EHP-GIGYF2 co-translational mRNA decay complex, DDX6 variant",0.46326487227188246,0.939179267294387,0.5114854517611026,0.557533030538611,1.0,1/3,4.15%,P26196
prerank,"Dynein-2 complex, light-chain variant 8",0.32769145394006666,0.9346970120451956,0.5277401894451962,0.5633100104379609,1.0,8/8,67.30%,P63167;Q8TF09;P51808;Q8TCX1;Q96EX3;Q8WVS4;Q8WW35;Q8NCM8
prerank,ABCB10-ABCB7-FECH ABC transporter ,0.4071160746283155,0.9293960940769709,0.52023988005997,0.5700489276468476,1.0,1/4,4.71%,CHEBI:190135
prerank,"Eukaryotic translation initiation factor 4F, EIF4A1 and EIF4G1 variant",0.45287801712070186,0.9277777375577587,0.5470219435736677,0.571776651313529,1.0,1/3,3.65%,P06730
prerank,LIFT actin modulation complex,0.4157427937915743,0.923029994238033,0.5385756676557863,0.5777463099122835,1.0,4/4,58.47%,Q9UM54;O14908;Q9P0V3;Q9NZN5
prerank,CENP-A recruiting complex,0.4472152950955942,0.9169294830503503,0.5786163522012578,0.5856339915835647,1.0,3/3,55.32%,Q6P0N0;O43482;Q9NYP9
prerank,L3MBTL1 complex,0.44349411180188303,0.9155623678093464,0.5763239875389408,0.5869707997181962,1.0,1/3,8.83%,P06400
prerank,"Eukaryotic translation initiation factor 4F, EIF4A2 and EIF4G1 variant",0.45287801712070186,0.9071803240097923,0.5739268680445151,0.5979870985087272,1.0,1/3,3.65%,P06730
prerank,"Eukaryotic translation initiation factor 4F, EIF4A2 and EIF4G3 variant",0.45287801712070186,0.9048899250438175,0.5829383886255924,0.6007541737061876,1.0,1/3,3.65%,P06730
prerank,"Cav1.2 voltage-gated calcium channel complex, CACNA2D2-CACNB4 variant",0.3952125352985191,0.9043505208467396,0.5525925925925926,0.6009976238836469,1.0,2/4,18.60%,Q13936;O00305
prerank,"Cav1.2 voltage-gated calcium channel complex, CACNA2D4-CACNB4 variant",0.3952125352985191,0.9037335377697786,0.5427350427350427,0.6013284112329866,1.0,2/4,18.60%,Q13936;O00305
prerank,"Cav1.2 voltage-gated calcium channel complex, CACNA2D2-CACNB1 variant",0.39604402088610224,0.8957875463208524,0.5844346549192364,0.611922255196493,1.0,2/4,18.52%,Q13936;Q02641
prerank,Cardiac Troponin complex,0.4433361041839844,0.8943739057148568,0.5878594249201278,0.6133549592632136,1.0,3/3,55.70%,P63316;P45379;P19429
prerank,"Phosphorylase kinase, muscle variant",-0.4010880811373108,-0.8942282470666507,0.5629820051413882,0.6647246256102839,1.0,2/3,15.81%,Q16816;P46020
prerank,"Cav1.2 voltage-gated calcium channel complex, CACNA2D4-CACNB1 variant",0.39604402088610224,0.8935591867773556,0.5590778097982709,0.6139885345188187,1.0,2/4,18.52%,Q13936;Q02641
prerank,Methylcrotonyl-CoA carboxylase complex,-0.4130402234436563,-0.8933601500984397,0.5378378378378378,0.6528102585247978,1.0,2/3,11.02%,Q9HCC0;Q96RQ3
prerank,"Cav1.2 voltage-gated calcium channel complex, CACNA2D1-CACNB4 variant",0.3952125352985191,0.8930410259185163,0.601526717557252,0.61426673226535,1.0,2/4,18.60%,Q13936;O00305
prerank,"Cav1.2 voltage-gated calcium channel complex, CACNA2D1-CACNB2 variant",0.3954896971610468,0.890349831789092,0.5949554896142433,0.6175550514936086,1.0,2/4,18.58%,Q13936;Q08289
prerank,"Cav1.2 voltage-gated calcium channel complex, CACNA2D1-CACNB1 variant",0.39604402088610224,0.8898340834053677,0.592814371257485,0.6177561829947431,1.0,2/4,18.52%,Q13936;Q02641
prerank,"Cav1.2 voltage-gated calcium channel complex, CACNA2D1-CACNB3 variant",0.39576685902357456,0.8859154443476754,0.6002949852507374,0.6227084972500058,1.0,2/4,18.55%,Q13936;P54284
prerank,"Cav1.2 voltage-gated calcium channel complex, CACNA2D2-CACNB2 variant",0.3954896971610468,0.8858365639178556,0.588495575221239,0.6223017410074312,1.0,2/4,18.58%,Q13936;Q08289
prerank,"Cav1.2 voltage-gated calcium channel complex, CACNA2D3-CACNB4 variant",0.3952125352985191,0.8853558745578306,0.5997088791848617,0.6224860738230147,1.0,2/4,18.60%,Q13936;O00305
prerank,Fibrinogen complex,0.43859985689416464,0.8848000806214854,0.631336405529954,0.6227752120198495,1.0,1/3,4.57%,P02679-PRO_0000009099
prerank,"Cav1.2 voltage-gated calcium channel complex, CACNA2D4-CACNB3 variant",0.39576685902357456,0.8836651216384387,0.5834542815674891,0.6238464477284729,1.0,2/4,18.55%,Q13936;P54284
prerank,"Cav1.2 voltage-gated calcium channel complex, CACNA2D2-CACNB3 variant",0.39576685902357456,0.8833286736304403,0.5910404624277457,0.6238180789709933,1.0,2/4,18.55%,Q13936;P54284
prerank,NRZ tethering complex,0.43832277182904966,0.8826736202885497,0.6031496062992125,0.6242125361655875,1.0,1/3,4.60%,O43264
prerank,"Cav1.2 voltage-gated calcium channel complex, CACNA2D4-CACNB2 variant",0.3954896971610468,0.8825958705392957,0.5781021897810219,0.6238087924488273,1.0,2/4,18.58%,Q13936;Q08289
prerank,RZZ complex,0.43832277182904966,0.881905608034483,0.6419558359621451,0.6241609711791074,1.0,1/3,4.60%,O43264
prerank,Fibrin complex,0.43859985689416464,0.8764214854680242,0.6236391912908242,0.6311425352176137,1.0,1/3,4.57%,P02679-PRO_0000009099
prerank,"Cav1.2 voltage-gated calcium channel complex, CACNA2D3-CACNB1 variant",0.39604402088610224,0.8753821574193562,0.6260869565217392,0.6321354989697439,1.0,2/4,18.52%,Q13936;Q02641
prerank,Interleukin-18 receptor-ligand complex,0.41812136325852023,0.8728720697406929,0.6328725038402457,0.635046941074423,1.0,3/3,58.22%,Q14116;O95256;Q13478
prerank,"GABA-A receptor, alpha6-beta2-delta",0.4271959218195459,0.8710588969237557,0.6234177215189873,0.6370404132111394,1.0,1/3,5.34%,P47870
prerank,SNIP1/SkIP associated RNA-processing complex,0.35464857181524373,0.870753675488578,0.6094182825484764,0.6369724316121099,1.0,1/5,2.93%,Q13573
prerank,"Cav1.2 voltage-gated calcium channel complex, CACNA2D3-CACNB2 variant",0.3954896971610468,0.8696722966914754,0.5988455988455988,0.638039260904479,1.0,2/4,18.58%,Q13936;Q08289
prerank,"Cav1.2 voltage-gated calcium channel complex, CACNA2D3-CACNB3 variant",0.39576685902357456,0.8645672884446651,0.6406926406926406,0.6444218650261944,1.0,2/4,18.55%,Q13936;P54284
prerank,"GABA-A receptor, alpha4-beta2-delta",0.4271959218195459,0.8583789616619425,0.6443057722308893,0.6524191329220446,1.0,1/3,5.34%,P47870
prerank,Collagen type IV trimer variant 3,0.41784427819340525,0.8537257612373583,0.6365105008077544,0.658422319178512,1.0,3/3,58.25%,P29400;P53420;Q01955
prerank,CCM endothelial permeability complex,0.41867553338875024,0.8463195858038506,0.6559633027522935,0.6684108258883826,1.0,3/3,58.17%,O00522;Q9BUL8;Q9BSQ5
prerank,"Ubiquitous AP-3 Adaptor complex, sigma3a variant",0.3709199022262702,0.8404813226282213,0.6549192364170338,0.6761252296649987,1.0,2/4,19.99%,O14617;Q92572
prerank,"Neuronal AP-3 Adaptor complex, sigma3a variant",0.3709199022262702,0.8375964401672343,0.6473988439306358,0.6796491846324922,1.0,2/4,19.99%,O14617;Q92572
prerank,"Phosphorylase kinase, liver variant",-0.4008109960721959,-0.8363041320881732,0.6076294277929155,0.7367099346355089,1.0,2/3,15.84%,P15735;P46019
prerank,3M complex,-0.3893985601416921,-0.8329013064951767,0.6485714285714286,0.7280871134446467,1.0,2/3,9.66%,O75147;Q9H0W5
prerank,"Neuronal AP-3 Adaptor complex, sigma3b variant",0.3711970640887979,0.8266431780979279,0.6905444126074498,0.6941868211841277,1.0,2/4,19.96%,O14617;P59780
prerank,Laminin-213 complex,0.4047859971048495,0.8226750917768838,0.6907378335949764,0.6990595959903952,1.0,1/3,5.48%,P07942
prerank,Laminin-523 complex,0.3995566638958159,0.8213154515692124,0.6888544891640866,0.7003392609796062,1.0,3/3,60.08%,P55268;Q9Y6N6;O15230
prerank,Laminin-522 complex,0.39955666389581596,0.8176245283467404,0.7034700315457413,0.7047426231066334,1.0,3/3,60.08%,P55268;Q13753;O15230
prerank,"Ubiquitous AP-3 Adaptor complex, sigma3b variant",0.3711970640887979,0.8164609563324517,0.7108433734939759,0.7057780974031831,1.0,2/4,19.96%,O14617;P59780
prerank,Signal recognition particle receptor complex,-0.37373037841158496,-0.8154598283035701,0.7,0.74247035309239,1.0,2/3,17.55%,Q9Y5M8;P08240
prerank,Laminin-423 complex,0.4028433455819169,0.8106559903703993,0.7109004739336493,0.7132287061032764,1.0,1/3,5.59%,P55268
prerank,Collagen type XI trimer variant 1,0.4050511689269912,0.8087244095514862,0.7115987460815048,0.7152545295988374,1.0,1/3,7.14%,P12107
prerank,"LKB1-STRAD-MO25 serine/threonine protein kinase complex, CAB39L-STRADA variant",0.38875034635633116,0.8046317075232219,0.7188498402555911,0.7203153618684353,1.0,3/3,61.16%,Q15831;Q7RTN6;Q9H9S4
prerank,"LKB1-STRAD-MO25 serine/threonine protein kinase complex, CAB39L-STRADB variant",0.3887503463563312,0.8003974614277678,0.7274167987321711,0.7255916928313807,1.0,3/3,61.16%,Q15831;Q9C0K7;Q9H9S4
prerank,"SREBP-SCAP-INSIG sequestering complex, INSIG1-SREBF2 variant",0.3879190911609862,0.7963160408714887,0.7239747634069401,0.7304194856781321,1.0,3/3,61.24%,CHEBI:42977;O15503;CPX-25721
prerank,SNARE complex STX1B-SNAP25-VAMP2,0.392075367137711,0.7931740346422198,0.7277070063694268,0.7340660973000146,1.0,3/3,60.83%,P60880;P61266;P63027
prerank,"SREBP-SCAP-INSIG sequestering complex, INSIG2-SREBF2 variant",0.3879190911609862,0.791962426994239,0.7220543806646526,0.7351034153539386,1.0,3/3,61.24%,CHEBI:42977;Q9Y5U4;CPX-25721
prerank,"SREBP-SCAP-INSIG sequestering complex, INSIG1-SREBF1 variant",0.38819617622610125,0.7917128717965146,0.7329192546583851,0.7348670555814335,1.0,3/3,61.21%,CHEBI:42977;CPX-25745;O15503
prerank,SNARE complex STX1B-SNAP25-VAMP1,0.391521197007481,0.7912877389939705,0.7297297297297297,0.7349055584837514,1.0,3/3,60.88%,P60880;P61266;P23763
prerank,Classical and lectin pathway C3 convertase complex C4b2a-B,0.35116407982261616,0.7899378730608354,0.7194244604316546,0.7361600400297896,1.0,4/4,64.92%,P06681-PRO_0000027612;P0C0L5-PRO_0000042699;P0C0L5-PRO_0000042706;P0C0L5-PRO_0000042703
prerank,"MON1-CCZ1 guanyl-nucleotide exchange factor complex, MON1B variant",0.38985868661679113,0.7897224465722339,0.7335423197492164,0.7358606699559014,1.0,3/3,61.05%,Q96DM3;P86791;Q7L1V2
prerank,"MON1-CCZ1B guanyl-nucleotide exchange factor complex, MON1A variant",0.39096702687725116,0.7895619068232452,0.7178294573643411,0.7355056871524233,1.0,3/3,60.94%,Q96DM3;Q86VX9;P86790
prerank,"LKB1-STRAD-MO25 serine/threonine protein kinase complex, CAB39-STRADA variant",0.38930451648656117,0.789404447140153,0.7145110410094637,0.7351567603854005,1.0,3/3,61.10%,Q15831;Q7RTN6;Q9Y376
prerank,SNARE complex STX1A-SNAP25-VAMP2,0.3912441119423661,0.7889157183664679,0.7715179968701096,0.7352212341415939,1.0,3/3,60.91%,P60880;P63027;Q16623
prerank,PDGF receptor alpha - PDGF-AB complex,0.37841799627823675,0.7886431843478354,0.7282780410742496,0.7350552076960822,1.0,1/3,6.89%,P16234
prerank,Chitinase 3-like-1-tmem219-interleukin-13 receptor-ligand alpha-2 signalling complex,0.3475609756097561,0.7880047420988109,0.7286585365853658,0.7353761867896803,1.0,4/4,65.28%,P35225;Q86XT9;Q14627;P36222
prerank,"SREBP-SCAP-INSIG sequestering complex, INSIG2-SREBF1 variant",0.3884732612912162,0.7860055201640472,0.7507598784194529,0.737563228859661,1.0,3/3,61.18%,CHEBI:42977;CPX-25745;Q9Y5U4
prerank,SNARE complex STX1A-SNAP25-VAMP1,0.3912441119423661,0.7855805024774948,0.7480438184663537,0.7375369451942989,1.0,3/3,60.91%,P60880;P23763;Q16623
prerank,"ILK-PINCH-Parvin complex, LIMS2-PARVB variant",0.3870878359656413,0.7855561524847335,0.7473035439137135,0.7370032356582906,1.0,3/3,61.32%,Q13418;Q7Z4I7;Q9HBI1
prerank,"ILK-PINCH-Parvin complex, LIMS1-PARVA variant",0.38736492103075626,0.7847869532882659,0.7569230769230769,0.7374429748203024,1.0,3/3,61.30%,Q13418;Q9NVD7;P48059
prerank,Classical and lectin pathway C3 convertase complex C4b2a-A,0.350332594235033,0.7841056302028087,0.7549167927382754,0.7377193205549512,1.0,4/4,65.01%,P06681-PRO_0000027612;P0C0L4-PRO_0000005972;P0C0L4-PRO_0000005966;P0C0L4-PRO_0000005970
prerank,"MON1-CCZ1 guanyl-nucleotide exchange factor complex, MON1A variant",0.39013577168190616,0.7816433749646831,0.7548387096774194,0.7405091312208454,1.0,3/3,61.02%,Q96DM3;Q86VX9;P86791
prerank,"ILK-PINCH-Parvin complex, LIMS2-PARVA variant",0.38764200609587124,0.7812578499007927,0.7625570776255708,0.74045992371794,1.0,3/3,61.27%,Q13418;Q9NVD7;Q7Z4I7
prerank,"LKB1-STRAD-MO25 serine/threonine protein kinase complex, CAB39-STRADB variant",0.38930451648656117,0.7769210009650492,0.7589424572317263,0.7456202588005556,1.0,3/3,61.10%,Q15831;Q9C0K7;Q9Y376
prerank,PDGF receptor beta - PDGF-AB complex,0.37814091121312177,0.775849850976221,0.7741407528641571,0.7464521032182306,1.0,1/3,6.92%,P09619
prerank,"ILK-PINCH-Parvin complex, LIMS1-PARVB variant",0.3870878359656413,0.7747199289574103,0.7697160883280757,0.7473663965192585,1.0,3/3,61.32%,Q13418;P48059;Q9HBI1
prerank,"Serine palmitoyltransferase complex, SPTLC1-SPTLC2-SPTSSA variant",-0.3058842141122535,-0.7746962247594116,0.750733137829912,0.7929774568592605,1.0,3/4,31.45%,O15270;Q969W0;O15269
prerank,"MON1-CCZ1B guanyl-nucleotide exchange factor complex, MON1B variant",0.38985868661679113,0.769881577642351,0.753577106518283,0.7531689217966447,1.0,3/3,61.05%,Q96DM3;P86790;Q7L1V2
prerank,"Serine palmitoyltransferase complex, SPTLC1-SPTLC2-SPTSSB variant",-0.3058842141122535,-0.7657468965763328,0.7647058823529411,0.7918516219693774,1.0,3/4,31.45%,O15270;Q8NFR3;O15269
prerank,SNARE complex STX17-SNAP47-VAMP8,0.3733873543843746,0.7590390720407356,0.7847328244274809,0.7664990990187728,1.0,1/3,7.06%,P56962
prerank,"Serine palmitoyltransferase complex, SPTLC1-SPTLC3-SPTSSB variant",-0.3058842141122535,-0.7535765011579609,0.7922437673130194,0.7953143579072534,1.0,3/4,31.45%,Q9NUV7;Q8NFR3;O15269
prerank,"Serine palmitoyltransferase complex, SPTLC1-SPTLC3-SPTSSA variant",-0.3058842141122535,-0.7492187445549772,0.7813411078717201,0.7873691074373825,1.0,3/4,31.45%,Q9NUV7;Q969W0;O15269
prerank,SNARE complex STX17-SNAP47-VAMP7,0.3733873543843746,0.7438559405370702,0.8163265306122449,0.7852471448290461,1.0,1/3,7.06%,P56962
prerank,USP46 deubiquitinase complex,0.3595317308500317,0.728215990888667,0.8511326860841424,0.8036850891004452,1.0,1/3,12.90%,Q8TAF3
prerank,TMEM219-Interleukin-13 decoy-receptor-ligand alpha 2 complex,0.3522682242719236,0.7203874414321231,0.8465189873417721,0.812487387081565,1.0,1/3,8.50%,P35225
prerank,Membrane bound interleukin-6 mIL6R receptor-ligand cluster-signalling complex,0.34934794952875614,0.711130735821881,0.8253968253968254,0.8227428835631486,1.0,1/3,11.41%,P40189-1
prerank,Interleukin-35 receptor ligand type 2 complex,0.35031693154688687,0.7067871318210097,0.8462809917355372,0.8270511453301324,1.0,1/3,9.44%,Q6UWB1
prerank,SMARCA3 - Annexin A2 - S100-A10 complex,0.33982632206065216,0.6964515479515553,0.8665644171779141,0.8382186594725058,1.0,1/3,11.21%,P07355
prerank,Interleukin-4 receptor-ligand type-2 complex,0.3095040177334441,0.6262019361379676,0.9067930489731437,0.9085081610258094,1.0,3/3,69.08%,P24394;P78552;P05112
