Name,Term,ES,NES,NOM p-val,FDR q-val,FWER p-val,Tag %,Gene %,Lead_genes
prerank,Mitochondrial proton-transporting ATP synthase complex,-0.9688109161793372,-4.488160957840202,0.0,0.0,0.0,21/21,3.71%,Q5VTU8;Q06055;P56385;P56381;P56378;P56134;P48201;P48047;P36542;P00846;O75964;O75947;P25705;P24539;P18859;P06576;P05496;P03928;Q96IX5;Q7Z4Y8;P30049
prerank,40S cytosolic small ribosomal subunit,-0.8410170438670019,-4.233473980309424,0.0,0.0,0.0,33/33,16.69%,P60866;P08708;P62861;P62241;P62081;P61247;P46783;P46782;P46781;P39019;P25398;P23396;P15880;P08865;P62269;P62273;P62857;P62854;P62851;P62847;P62841;P62753;P62280;P62277;P62266;P62263;P62249;P62244;[P62701];URS0000704D22_9606;P63244;P63220;P62979
prerank,28S mitochondrial small ribosomal subunit,-0.6685283440379781,-3.572545891934459,0.0,0.0,0.0,31/31,33.75%,Q9NWT8;Q9BYN8;URS000044DFF6_9606;Q9Y676;Q9Y3D9;Q9Y3D5;Q9Y3D3;Q9Y399;Q9Y2R9;Q9Y2R5;Q9Y291;Q92552;P82933;Q92665;Q9Y2Q9;P82932;P82930;P82921;P82914;P82912;P82675;P82673;P82664;P82650;Q96EY7;Q96EL2;Q96BP2;P51398;O15235;P82663;O60783
prerank,Core mediator complex,-0.6625766871165645,-3.3678242381289865,0.0,0.0,0.0,26/26,34.25%,Q15648;O60244;O95402;O75586;O75448;O43513;A0JLT2;Q9Y3C7;Q9NWA0;Q9Y2X0;Q9ULK4;Q9P086;Q9NX70;Q9NVC6;Q13503;Q9H204;Q9NPJ6;Q9H944;Q71SY5;Q15528;Q6P2C8;Q96G25;Q96HR3;Q96RN5;Q9BTT4;Q9BUE0
prerank,MKS transition zone complex,-0.9357976653696498,-3.3458276900143202,0.0,0.0,0.0,14/14,6.81%,Q96Q45;Q96GX1;Q8N157;Q86X19;Q6UX40;Q6NUS6;Q5HYA8;Q2MV58;Q9H6L2;Q9UPM9;Q9P2K1;Q9P0N5;Q9NXB0;Q9BPU9
prerank,Anaphase-promoting core complex,-0.8312951639799888,-3.2901898403094125,0.0,0.0,0.0,14/14,17.22%,Q96DE5;Q8NHZ8;Q13042;P60006;P30260;Q9BS18;Q9H1A4;Q9UM13;Q9UJX6;Q9UJX5;Q9UJX4;Q9UJX3;Q9UJX2;Q9NYG5
prerank,Eukaryotic translation initiation factor 3 complex,-0.8224506807446512,-3.1413410516160156,0.0,0.0,0.0,13/13,18.08%,O15371;O00303;Q9Y262;Q9UBQ5;Q99613;Q7L2H7;Q14152;Q13347;P60228;P55884;O75822;O75821;O15372
prerank,Intraflagellar transport complex B,-0.6807563959955506,-3.063846430272708,0.0,0.0,0.0,16/16,32.25%,Q9P2H3;Q9Y547;Q9Y366;Q9UG01;Q13099;A0AVF1;Q8WYA0;Q8TDR0;Q8N4P2;Q96AJ1;Q8IY31;Q9NWB7;Q9NQC8;Q9H7X7;Q9BW83;Q96LB3
prerank,Nuclear pore complex,-0.5888268156424581,-2.9530376830332785,0.0,0.0,0.0,32/32,41.67%,P55735;Q96EE3;P49792;Q99567;O15504;Q7Z3B4;P37198;Q8NFH3;Q8TEM1;Q8NFH5;P12270;O75694;Q8WYP5;P49790;P35658;P52948-PRO_0000019929;Q9BVL2;Q9BW27;Q9NRG9;Q5SRE5;Q12769;Q53GS7;P78406;P52948-PRO_0000019930;Q9UKX7;P57740;Q8WUM0;Q92621;Q96HA1;Q8NFH4;Q8N1F7;Q9BTX1
prerank,ESCRT-III complex,-0.9233546237156346,-2.9254291845493565,0.0,0.0,0.0,11/11,7.97%,Q96FZ7;Q96CF2;Q8WUX9;Q7LBR1;O43633;Q9UQN3;Q9HD42;Q9H444;Q9BY43;Q9Y3E7;Q9NZZ3
prerank,"TIM23 mitochondrial inner membrane pre-sequence translocase complex, TIM17B variant",-0.7681226053890976,-2.9093309043030913,0.0,0.0,0.0,11/12,14.51%,Q9Y3D7;Q8TAA5;Q9Y5T4;Q9BVV7;Q9HAV7;Q96DA6;Q3ZCQ8;P60602;P38646;O43615;O14925
prerank,"TIM23 mitochondrial inner membrane pre-sequence translocase complex, TIM17A variant",-0.7681226053890976,-2.849879552966402,0.0,0.0,0.0,11/12,14.51%,Q9Y3D7;Q8TAA5;Q9Y5T4;Q9BVV7;Q9HAV7;Q96DA6;Q3ZCQ8;P60602;P38646;O43615;O14925
prerank,Commander complex,-0.6351501668520578,-2.773153456998314,0.0,0.0,0.0,16/16,36.79%,Q9UBQ0;O14972;O60826;Q567U6;Q7Z3J2;Q86VX2;Q86X83;Q8N668;Q8TCE6;Q9Y6G5;Q9UBI1;Q9P000;Q9GZQ3;Q9H0A8;Q9NX08;Q7Z4G1
prerank,Fanconi anemia ubiquitin ligase complex,-0.8784346378018318,-2.687040360077015,0.0,0.0,0.0,9/9,12.40%,Q0VG06;Q6NZ36;Q8NB91;Q9HB96;Q9NPI8;Q9NW38;Q00597;O15287;O15360
prerank,Signal recognition particle,-0.9425797503467406,-2.6320194869029043,0.0,0.0,0.0,7/7,5.95%,URS00000478B7_9606;Q9UHB9;P61011;P49458;P37108;O76094;P09132
prerank,TOM40 mitochondrial outer membrane translocase complex,-0.90624133148405,-2.625776261593872,0.0,0.0,0.0,7/7,9.58%,O94826;Q96B49;O96008;Q15388;Q8N4H5;Q9P0U1;Q9NS69
prerank,Membrane attack complex,-0.8532186459489456,-2.5869408771627516,0.0,0.0,0.0,8/8,14.89%,P07358;P07360;P07357;P02748;P01031-PRO_0000005985;P13671;P10643;P01031-PRO_0000005989
prerank,MCM complex,-0.9803105934553523,-2.5719262654752537,0.0,0.0,0.0,6/6,2.16%,P33993;P33992;P33991;Q14566;P49736;P25205
prerank,CatSpermasome complex,-0.7038888888888889,-2.5652186377706467,0.0,0.0,0.0,12/12,29.87%,Q6ZRH7;Q5SY80;Q7RTX7;Q9NTU4;Q9H7T0;E9PQX1;A8MZ26;Q96P56;Q8NEC5;Q86XQ3;Q2WGJ8;Q86XM0
prerank,Synaptonemal complex,-0.8954230235783633,-2.491243332461591,0.0,0.0,0.0,7/7,10.66%,Q8IZU3;A1L190;Q15431;Q6PIF2;Q8N0S2;Q9BX26;Q9BXU0
prerank,"60S cytosolic large ribosomal subunit, striated muscle variant",0.9814814814814816,2.46312469645243,0.0,0.0,0.0,48/48,3.16%,P83881;Q92901;P27635;P62891;P42766;P46778;P05386;P18077;P26373;P30050;P32969;P36578;P46776;URS0000ABD82A_9606;P61353;P62987;P50914;P46779;P05388;P61313;P46777;P05387;P49207;Q07020;Q9Y3U8;P62899;P47914;P61513;P62906;P61927;URS000075D341_9606;Q02543;URS00000F9D45_9606;P63173;P83731;P62910;Q02878;P62917;P62945;P62888;P62829;P62750;P62424;P62913;P18124;P18621;P84098;P40429
prerank,60S cytosolic large ribosomal subunit,0.9812061711079934,2.460931237184209,0.0,0.0,0.0,47/47,3.16%,P27635;P39023;P62891;P42766;P46778;P05386;P18077;P26373;P30050;P32969;P36578;P46776;URS0000ABD82A_9606;P61353;P62987;P50914;P46779;P05388;P61313;P46777;P05387;P49207;Q07020;Q9Y3U8;P62899;P47914;P61513;P62906;P61927;URS000075D341_9606;Q02543;URS00000F9D45_9606;P63173;P83731;P62910;Q02878;P62917;P62945;P62888;P62829;P62750;P62424;P62913;P18124;P18621;P84098;P40429
prerank,"60S cytosolic large ribosomal subunit, testis-specific variant",0.9812061711079945,2.4598587469308275,0.0,0.0,0.0,47/47,3.16%,Q96L21;Q96EH5;P39023;P42766;P46778;P05386;P18077;P26373;P30050;P32969;P36578;P46776;URS0000ABD82A_9606;P61353;P62987;P50914;P46779;P05388;P61313;P46777;P05387;P49207;Q07020;Q9Y3U8;P62899;P47914;P61513;P62906;P61927;URS000075D341_9606;Q02543;URS00000F9D45_9606;P63173;P83731;P62910;Q02878;P62917;P62945;P62888;P62829;P62750;P62424;P62913;P18124;P18621;P84098;P40429
prerank,XRCC1 DNA repair complex,-0.8998613037447989,-2.44718765421479,0.0,0.0,0.0,7/7,10.22%,Q9NUW8;Q96T60;Q8IW19;Q7Z2E3;P49916;P18887;P06746
prerank,HAUS complex,-0.8654273029966704,-2.4469599327542726,0.0,0.0,0.0,8/8,13.68%,Q9BT25;Q68CZ6;O94927;Q7Z4H7;Q96CS2;Q99871;Q9NVX0;Q9H6D7
prerank,COG tethering complex,-0.8321309655937847,-2.366027801977917,0.0,0.0,0.0,8/8,17.00%,Q9Y2V7;Q14746;P83436;Q8WTW3;Q9UP83;Q9H9E3;Q96JB2;Q96MW5
prerank,Kinetochore CCAN complex,-0.6473859844271412,-2.316511833058042,0.0,0.00010703228896577374,0.001,16/16,35.58%,A8MT69;Q8N2Z9;Q7L2Z9;Q9H3R5;Q9NSP4;Q6IPU0;Q5EE01;Q71F23;Q8N0S6;Q96H22;Q03188;Q9BU64;Q13352;Q9BS16;Q92674;Q96BT3
prerank,UTP-B complex,-0.9212423738214088,-2.3163488279558457,0.0,0.00010275099740714279,0.001,6/6,8.06%,Q15269;Q9Y5J1;Q9UNX4;Q9NYH9;Q8NI36;Q12788
prerank,Survival motor neuron complex,-0.759089647515959,-2.314473096542159,0.0,9.879903596840653e-05,0.001,9/9,24.31%,Q9UHI6;Q9Y3F4;Q9NWZ8;Q8WXD5;Q8TEQ6;Q16637;P57678;O14893;Q9H840
prerank,BBSome complex,-0.80826859045505,-2.3050534172750217,0.0,9.513981241402109e-05,0.001,8/8,19.38%,Q8N3I7;Q8IWZ6;Q3SYG4;A8MTZ0;Q9BXC9;Q96RK4;Q8TAM2;Q8NFJ9
prerank,Outer dynein arm-docking complex,-0.9423343498752426,-2.300163436657832,0.0,9.174196197066322e-05,0.001,5/5,5.92%,Q96M63;Q5T2S8;A5D8V7;Q96NG3;Q9HAE3
prerank,MICOS mitochondrial contact site and cristae organizing system complex,-0.8221914008321776,-2.2858621084061626,0.0,8.857844604064034e-05,0.001,6/7,3.68%,Q6UXV4;Q16891;Q9NX63;Q9BUR5;Q9BRQ6;Q5TGZ0
prerank,UTP-A complex,-0.8788130892956185,-2.284046749935442,0.0,8.562583117261899e-05,0.001,6/6,12.29%,Q969X6;Q8TED0;Q15061;Q8IWA0;Q9H8H0;Q9H583
prerank,Glycoprotein Ib-IX-V-Filamin-A complex,-0.9606321042417522,-2.277288728513536,0.0,8.286370758640548e-05,0.001,5/5,4.10%,P13224;P07359;P21333;P40197;P14770
prerank,FERRY RAB5 effector complex,-0.9257000277238703,-2.2550993552464758,0.0,0.0003210968668973212,0.003,5/5,7.59%,Q8NB37;Q6ZMI0;O95825;Q8TEA7;Q9NQ89
prerank,General transcription factor TFIIIC complex,-0.8804769828064338,-2.2527375793977624,0.0,0.00031136665880952363,0.003,6/6,12.13%,Q12789;Q8WUA4;Q969F1;Q9UKN8;Q9Y5Q8;Q9Y5Q9
prerank,Tubulin polyglutamylase complex,-0.9259772664263931,-2.221976683188786,0.0,0.00030220881590336114,0.003,5/5,7.56%,Q9BSH3;Q8IUZ0;Q6ZTW0;Q68CL5;O95922
prerank,"Vacuolar proton translocating ATPase complex, ATP6V0A2 variant",-0.6559288555248118,-2.2130227898760535,0.0,0.00029357427830612224,0.003,9/10,23.15%,Q6P5S7;O75787;P27449;Q9Y5K8;Q9UI12;Q99437;Q16864;Q15904;P38606
prerank,"Vacuolar proton translocating ATPase complex, ATP6V0A3 variant",-0.6559288555248118,-2.209336146173467,0.0,0.00028541943724206333,0.003,9/10,23.15%,Q6P5S7;O75787;P27449;Q9Y5K8;Q9UI12;Q99437;Q16864;Q15904;P38606
prerank,"Vacuolar proton translocating ATPase complex, ATP6V0A1 variant",-0.6559288555248118,-2.199582535156359,0.0,0.0002777053983976832,0.003,9/10,23.15%,Q6P5S7;O75787;P27449;Q9Y5K8;Q9UI12;Q99437;Q16864;Q15904;P38606
prerank,Elongator holoenzyme complex,-0.8452579034941764,-2.18820911743496,0.0,0.0002703973615977442,0.003,6/6,15.64%,Q9H9T3;Q96EB1;Q8TE02;Q6IA86;Q0PNE2;O95163
prerank,Mitochondrial complex I intermediate assembly (MCIA) complex,-0.8372157515252358,-2.177723613207361,0.0,0.00026346409591575075,0.003,6/6,16.45%,Q9GZY4;Q9Y375;Q9BQ95;Q96B77;Q8IUX1;Q9H845
prerank,Multiaminoacyl-tRNA synthetase complex,0.9716745348514304,2.138544166614811,0.0,0.0,0.0,11/11,3.13%,P14868;O43324;P56192;Q15046;Q9P2J5;Q13155;P41252;P54136;P47897;Q12904;P07814
prerank,Mitochondrial respiratory chain complex I,0.8490036486107208,2.1358442113055975,0.0,0.0,0.0,49/49,16.25%,P19404;P28331;O43181;P03905;P49821;P17568;P03886;O96000;O95299;O95298;O43920;O95182;P03923;P03915;P56181;Q9UI09;P03901;P03897;Q9P0J0;Q9Y6M9;O95178;O43677;P03891;CHEBI:30408;CHEBI:64607;CHEBI:58210;O00217;O15239;O43676;O95139;P51970;O75251;Q9NX14;Q86Y39;Q16795;Q16718;P56556;O43674;O43678;O95169;O95168;O95167;O75438;O75489;O75380;O75306;O14561;CHEBI:49601;CHEBI:16238
prerank,Chaperonin-containing T-complex,-0.7591564927857936,-2.132637629551131,0.0,0.0005779743604151783,0.007,8/8,24.28%,P49368;Q99832;P78371;P17987;P48643;P40227;P50991;P50990
prerank,"TRAPP II complex, TRAPPC2 variant",-0.5935591338145475,-2.1029158912919272,0.0,0.0007518365663937279,0.01,10/10,40.84%,Q9Y5R8;Q9UL33;O43617;Q9Y296;Q8IUR0;P0DI81;Q96Q05;Q86SZ2;A5PLN9;P48553
prerank,"Vacuolar proton translocating ATPase complex, ATP6V0A4 variant",-0.6559288555248118,-2.1004943677352768,0.0,0.0007339356957653057,0.01,9/10,23.15%,Q6P5S7;O75787;P27449;Q9Y5K8;Q9UI12;Q99437;Q16864;Q15904;P38606
prerank,USH2 complex,-0.9595343680709534,-2.096244028633235,0.0,0.0007168674237707638,0.01,4/4,4.18%,O75445;Q9P202;Q9H5P4;Q8WXG9
prerank,"GID E3 ubiquitin ligase complex, RMND5B-RANBP9 variant",-0.653066888703858,-2.066146094541652,0.0,0.0011676249705357133,0.018,9/9,34.88%,Q9H7D7;Q9UL63;Q9NWU2;Q8IVV7;Q8IUR7;Q7L5Y9;P62699;Q96S59;Q96G75
prerank,"TREX transcription-export complex, DX39B variant",0.8908946304400616,2.0601379634129424,0.0,0.0,0.0,15/16,5.84%,Q13838;Q96J01;P84090;O75152;Q96FV9;Q6I9Y2;P82979;Q9Y3Y2;Q86W42;Q96QD9;Q8NI27;Q9P127;Q9BY77;Q13769;Q53F19
prerank,"TRAPP II complex, TRAPPC2B variant",-0.5935591338145475,-2.0478959945175625,0.0,0.001370013298761904,0.02,10/10,40.84%,Q9Y5R8;Q9UL33;O43617;Q9Y296;Q8IUR0;P0DI82;Q96Q05;Q86SZ2;A5PLN9;P48553
prerank,19S-20S-PA28-alphabeta hybrid proteasome complex,0.836343591824336,2.0472761501117422,0.0,0.0,0.0,34/35,14.73%,Q06323;Q9UL46;O00487;Q13200;P48556;P62333;P62195;Q9UNM6;Q99460;P51665;O00231;P43686;P17980;O43242;P62191;P55036;Q15008;P35998;O00232;Q16186;P28072;P28074;Q99436;O14818;P28070;P49720;P28066;P25787;P49721;P25786;P25788;P20618;P60900;P25789
prerank,"TREX transcription-export complex, DX39A variant",0.8908946304400616,2.047255264260036,0.0,0.0,0.0,15/16,5.84%,O00148;Q96J01;P84090;O75152;Q96FV9;Q6I9Y2;P82979;Q9Y3Y2;Q86W42;Q96QD9;Q8NI27;Q9P127;Q9BY77;Q13769;Q53F19
prerank,19S-20S-PA28-gamma hybrid proteasome complex,0.8353810495276192,2.0444481671182495,0.0,0.0,0.0,33/34,14.73%,P61289;O00487;Q13200;P48556;P62333;P62195;Q9UNM6;Q99460;P51665;O00231;P43686;P17980;O43242;P62191;P55036;Q15008;P35998;O00232;Q16186;P28072;P28074;Q99436;O14818;P28070;P49720;P28066;P25787;P49721;P25786;P25788;P20618;P60900;P25789
prerank,Glycoprotein Ib-IX-V complex,-0.9603658536585366,-2.0421979934430095,0.0,0.0013402304009627324,0.02,4/4,4.10%,P13224;P07359;P40197;P14770
prerank,Integrator core complex,0.8949124270225188,2.037613455582287,0.0,0.0,0.0,15/15,10.88%,Q9NVM9;Q9NVH2;Q96HW7;Q96N11;Q8N201;Q9H0H0;Q9UL03;Q96SY0;Q9NVR2;Q6P9B9;Q9NV88;Q75QN2;Q5TA45;Q96CB8;Q68E01
prerank,26S proteasome complex,0.8343744879184307,2.037478245929099,0.0,0.0,0.0,32/33,14.73%,O00487;Q13200;P48556;P62333;P62195;Q9UNM6;Q99460;P51665;O00231;P43686;P17980;O43242;P62191;P55036;Q15008;P35998;O00232;Q16186;P28072;P28074;Q99436;O14818;P28070;P49720;P28066;P25787;P49721;P25786;P25788;P20618;P60900;P25789
prerank,30S proteasome complex,0.8343744879184307,2.037478245929099,0.0,0.0,0.0,32/33,14.73%,O00487;Q13200;P48556;P62333;P62195;Q9UNM6;Q99460;P51665;O00231;P43686;P17980;O43242;P62191;P55036;Q15008;P35998;O00232;Q16186;P28072;P28074;Q99436;O14818;P28070;P49720;P28066;P25787;P49721;P25786;P25788;P20618;P60900;P25789
prerank,Vault ribonucleoprotein complex,-0.7758668515950069,-2.03700588891313,0.0,0.001421024432226443,0.022,7/7,22.59%,Q9UKK3;Q14764;URS0000A76E3A_9606;URS00005CCF67_9606;URS000058CD99_9606;URS0000000A8C_9606;Q99973
prerank,"Endoplasmic reticulum membrane complex, EMC8 variant",-0.6519567027477103,-2.036678035573325,0.0,0.0013914197565550587,0.022,9/9,34.99%,Q9NPA0;Q9P0I2;Q9BV81;Q8N4V1;Q5UCC4;Q5J8M3;Q15006;Q8N766;O43402
prerank,Ribosome quality control complex,-0.9362527716186253,-2.032272748645931,0.0,0.0016251433263374626,0.026,4/4,6.51%,CPX-137;O60524;Q9BQ70;O94822
prerank,"GID E3 ubiquitin ligase complex, RMND5B-RANBP10 variant",-0.653066888703858,-2.031294565625706,0.0,0.0015926404598107136,0.026,9/9,34.88%,Q9H7D7;Q9UL63;Q9NWU2;Q8IVV7;Q8IUR7;Q7L5Y9;P62699;Q6VN20;Q96G75
prerank,"GID E3 ubiquitin ligase complex, RMND5A-RANBP9 variant",-0.6533444351928949,-2.017672176156473,0.0,0.001863621031404061,0.031,9/9,34.86%,Q9H7D7;Q9UL63;Q9NWU2;Q8IVV7;Q8IUR7;Q7L5Y9;P62699;Q96S59;Q9H871
prerank,"GID E3 ubiquitin ligase complex, RMND5A-RANBP10 variant",-0.6533444351928949,-2.009885321270025,0.0,0.0020747797553365374,0.035,9/9,34.86%,Q9H7D7;Q9UL63;Q9NWU2;Q8IVV7;Q8IUR7;Q7L5Y9;P62699;Q6VN20;Q9H871
prerank,KICSTOR complex,-0.927660753880266,-1.9972686974215066,0.0,0.002811112193214284,0.049,4/4,7.36%,Q9Y664;Q96MD2;Q969R8;Q5T011
prerank,Nuclear origin recognition complex,-0.7468108707709374,-1.9902969912997097,0.0,0.002996904091041665,0.053,6/6,25.47%,Q9UBD5;O43929;O43913;Q9Y5N6;Q13416;Q13415
prerank,ULK1-ATG13-RB1CC1-ATG101 autophagy initiation complex,-0.9174057649667405,-1.9865682456391287,0.0,0.0029891199245714265,0.054,4/4,8.39%,Q9BSB4;Q8TDY2;O75385;O75143
prerank,PA28-alphabeta double-capped 20S proteasome complex,0.85650723025584,1.9743363673008993,0.0,0.0,0.0,16/16,14.73%,Q06323;Q9UL46;P28072;P28074;Q99436;O14818;P28070;P49720;P28066;P25787;P49721;P25786;P25788;P20618;P60900;P25789
prerank,PA28-alphabeta single-capped 20S proteasome complex,0.85650723025584,1.9743363673008993,0.0,0.0,0.0,16/16,14.73%,Q06323;Q9UL46;P28072;P28074;Q99436;O14818;P28070;P49720;P28066;P25787;P49721;P25786;P25788;P20618;P60900;P25789
prerank,PA28-gamma double-capped 20S proteasome complex,0.856269113149847,1.9616006708842781,0.0,0.0,0.0,15/15,14.73%,P61289;P28072;P28074;Q99436;O14818;P28070;P49720;P28066;P25787;P49721;P25786;P25788;P20618;P60900;P25789
prerank,PA28-gamma single-capped 20S proteasome complex,0.856269113149847,1.9616006708842781,0.0,0.0,0.0,15/15,14.73%,P61289;P28072;P28074;Q99436;O14818;P28070;P49720;P28066;P25787;P49721;P25786;P25788;P20618;P60900;P25789
prerank,PA200-20S single-capped proteasome,0.8562691131498471,1.960538179790823,0.0,0.0,0.0,15/15,14.73%,Q14997;P28072;P28074;Q99436;O14818;P28070;P49720;P28066;P25787;P49721;P25786;P25788;P20618;P60900;P25789
prerank,PA200-20S-PA200 double-capped proteasome complex,0.8562691131498471,1.960538179790823,0.0,0.0,0.0,15/15,14.73%,Q14997;P28072;P28074;Q99436;O14818;P28070;P49720;P28066;P25787;P49721;P25786;P25788;P20618;P60900;P25789
prerank,"TRAPP III complex, TRAPPC2B variant",-0.5974458634092171,-1.9573710068136532,0.0,0.004495356136562497,0.077,10/10,40.45%,Q9Y5R8;Q9UL33;O43617;Q9Y296;Q8IUR0;P0DI82;Q8WVT3;O75865;Q7Z392;Q9Y2L5
prerank,Nexin-dynein regulatory complex,0.8983615662316022,1.94973854784375,0.0,0.0,0.0,11/11,10.44%,Q9H095;Q86XH1;Q9H069;Q8IXS2;Q5JU00;Q96DY2;Q8IY82;Q96MC2;Q5VUJ9;O95995;Q8NEE6
prerank,"Dystrophin glycoprotein complex, skeletal muscle variant",-0.5451263537906137,-1.946323287989877,0.0,0.00495728496262531,0.088,11/11,45.68%,Q14118-PRO_0000021066;Q14118-PRO_0000021065;Q13424;Q13326;Q13884;Q92629;Q14714;Q16586;Q16585;P11532-1;Q9Y4J8-3
prerank,20S spermatoproteasome complex,0.8560311284046694,1.94257113555944,0.0,0.0,0.0,14/14,14.73%,Q8TAA3;P28072;P28074;Q99436;P28070;P49720;P28066;P25787;P49721;P25786;P25788;P20618;P60900;P25789
prerank,20S proteasome complex,0.8560311284046696,1.942016702270881,0.0,0.0,0.0,14/14,14.73%,P28072;P28074;Q99436;O14818;P28070;P49720;P28066;P25787;P49721;P25786;P25788;P20618;P60900;P25789
prerank,Syndecan-1-syntenin-1-ALIX complex,-0.9991687448046551,-1.9325051549212162,0.0,0.005624731323580662,0.097,3/3,0.19%,Q8WUM4;P18827;O00560
prerank,"SMC5-SMC6 SUMO ligase complex, EID3 variant",-0.6514940664219243,-1.931182267708509,0.0,0.00552939689436743,0.097,7/8,21.18%,Q9BQI6;Q96MF7;Q8WV22;Q8IY18;Q8IX21;Q96MG7;Q96SB8
prerank,Mitochondrial respiratory chain complex III,0.8759062394833241,1.924863236718426,0.0,0.0,0.0,11/12,5.40%,Q9UDW1;P08574;P07919;O14949;P14927;P31930;P47985-PRO_0000030664;P22695;O14957;P00156;P47985-PRO_0000307241
prerank,19S proteasome regulatory complex,0.8179062765015865,1.9245837554984568,0.0,0.0,0.0,18/19,14.12%,O00487;Q13200;P48556;P62333;P62195;Q9UNM6;Q99460;P51665;O00231;P43686;P17980;O43242;P62191;P55036;Q15008;P35998;O00232;Q16186
prerank,20S thymoproteasome complex,0.8560311284046696,1.9243443886822298,0.0,0.0,0.0,14/14,14.73%,A5LHX3;P28065;P40306;O14818;P28070;P49720;P28066;P25787;P49721;P25786;P25788;P20618;P60900;P25789
prerank,20S immunoproteasome complex,0.8560311284046696,1.9205845249957987,0.0,0.0,0.0,14/14,14.73%,P28062;P28065;P40306;O14818;P28070;P49720;P28066;P25787;P49721;P25786;P25788;P20618;P60900;P25789
prerank,TSC1-TSC2 complex,-0.9891936824605154,-1.9191331782407457,0.0,0.006165059844428568,0.111,3/3,1.19%,P49815;Q92574;Q9P0N9
prerank,"TRAPP III complex, TRAPPC2 variant",-0.5974458634092171,-1.9154428126390743,0.0,0.006232437547646367,0.114,10/10,40.45%,Q9Y5R8;Q9UL33;O43617;Q9Y296;Q8IUR0;P0DI81;Q8WVT3;O75865;Q7Z392;Q9Y2L5
prerank,"Amiloride-sensitive sodium channel complex, delta-alpha-beta-gamma",-0.916019955654102,-1.9039262647121584,0.0,0.007126278852430871,0.132,4/4,8.53%,P51172;P51170;P51168;P37088
prerank,Eukaryotic translation initiation factor 2B complex,-0.7976157471583033,-1.901993342383973,0.006369426751592357,0.007217034341692173,0.136,5/5,20.38%,Q9UI10;Q9NR50;Q13144;P49770;Q14232
prerank,Integrator-PP2A complex,0.8197496522948537,1.8977546142773614,0.0,0.0,0.0,17/17,18.41%,Q9NVM9;Q9NVH2;Q96HW7;Q96N11;Q8N201;Q9H0H0;Q9UL03;Q96SY0;Q9NVR2;Q6P9B9;Q9NV88;Q75QN2;Q5TA45;Q96CB8;Q68E01;P30153;P67775
prerank,"Endoplasmic reticulum membrane complex, EMC9 variant",-0.6505689703025257,-1.8952971483497683,0.0,0.007465502155362719,0.14,9/9,35.13%,Q9NPA0;Q9P0I2;Q9BV81;Q8N4V1;Q5UCC4;Q5J8M3;Q15006;Q8N766;Q9Y3B6
prerank,"Exocyst, EXOC6B variant",-0.6440066592674806,-1.8904589623624344,0.011627906976744186,0.007587765962373622,0.144,8/8,35.77%,O60645;Q96KP1;Q96A65;Q8IYI6;O00471;Q9UPT5;Q9NV70;Q9Y2D4
prerank,Checkpoint clamp complex,-0.9653643668606263,-1.8875944936239395,0.0,0.0076674039731845205,0.148,3/3,3.57%,O60921;O60671;Q99638
prerank,BAT3 complex,-0.9772790246605709,-1.885549411917482,0.0,0.00782134457875266,0.153,3/3,2.38%,Q7L5D6;P46379;P11441
prerank,"Dystrophin glycoprotein complex, retinal inner limiting membrane variant",-0.5448486531519022,-1.8792827174325555,0.0,0.008348518539330352,0.162,11/11,45.71%,Q14118-PRO_0000021066;Q14118-PRO_0000021065;Q13424;Q13326;Q13884;Q92629;Q14714;Q16586;Q16585;Q9Y4J8-2;P11532-7
prerank,"Exocyst, EXOC6 variant",-0.6453940066592675,-1.8769576978155618,0.0,0.008450897250515005,0.165,8/8,35.63%,O60645;Q96KP1;Q96A65;Q8IYI6;O00471;Q9UPT5;Q9NV70;Q8TAG9
prerank,"Non-canonical polycomb repressive complex 1.6, RING1-YAF2 variant",0.9633943427620631,1.8735955066272545,0.0,0.0,0.0,6/6,3.82%,CPX-2552;Q969R5;CPX-2551;Q9BYE7;Q8IY57;Q06587
prerank,"Non-canonical polycomb repressive complex 1.6, RING2-YAF2 variant",0.9631170271769273,1.871891586147355,0.0,2.2952919546066346e-05,0.001,6/6,3.85%,CPX-2552;Q969R5;CPX-2551;Q9BYE7;Q8IY57;Q99496
prerank,Oligosaccharyltransferase complex A,-0.6003330557868444,-1.8710981574644456,0.011627906976744186,0.008807228349183668,0.174,9/9,40.14%,P61803;P61165;P39656;P0C6T2;P04844;P04843;Q9NRP0;P46977;Q8N6L1
prerank,"Non-canonical polycomb repressive complex 1.6, RING1-RYBP variant",0.9633943427620633,1.8704700233292555,0.0,2.216143956171923e-05,0.001,6/6,3.82%,CPX-2552;Q969R5;CPX-2551;Q9BYE7;Q8N488;Q06587
prerank,"SMC5-SMC6 SUMO ligase complex, NSE4EA variant",-0.6514940664219243,-1.8702372418042117,0.0,0.008827902594134804,0.177,7/8,21.18%,Q9BQI6;Q96MF7;Q8WV22;Q8IY18;Q8IX21;Q96MG7;Q96SB8
prerank,Complement C1 complex,-0.8095370113667868,-1.8657540831551138,0.0,0.009169099421401285,0.183,5/5,19.19%,P00736-PRO_0000027578;P09871-PRO_0000027588;P09871-PRO_0000027587;P00736-PRO_0000027579;CPX-1919
prerank,Glutamate decarboxylase 1/2 complex,-0.9819894707675257,-1.865439131227551,0.0,0.009113872715222598,0.183,3/3,1.91%,Q99259;Q05329;CHEBI:18405
prerank,PEX2-PEX10-PEX12 E3 ubiquitin ligase complex,-0.943474646716542,-1.8641368404621375,0.0,0.009094851797524126,0.186,3/3,5.76%,O60683;P28328;O00623
prerank,GPI-anchor transamidase complex,-0.7870806764624342,-1.8607055698573665,0.0,0.009418841428988089,0.197,5/5,21.43%,Q9H490;Q96S52;Q969N2;Q92643;O43292
prerank,SHU complex,-0.8472838137472284,-1.8601416054028383,0.0,0.009328708975122176,0.197,4/4,15.39%,Q9NTI5;Q6NVH7;Q19AV6;Q14159
prerank,NPHP transition zone complex,-0.9581601551676365,-1.8592559576647238,0.0,0.009274278337397954,0.198,3/3,4.29%,Q68CZ1;O75161;O15259
prerank,NELF negative elongation factor complex ,-0.8722283813747228,-1.8587443041840457,0.0,0.009188310345061809,0.199,4/4,12.90%,Q9H3P2;P18615;Q8WX92;Q8IXH7
prerank,"Non-canonical polycomb repressive complex 1.6, RING2-RYBP variant",0.9631170271769274,1.858474845887778,0.0,2.1422724909661926e-05,0.001,6/6,3.85%,CPX-2552;Q969R5;CPX-2551;Q9BYE7;Q8N488;Q99496
prerank,"Actin-related protein 2/3 complex, ARPC1B-ACTR3-ARPC5L variant",-0.6507628294036061,-1.8564745470716537,0.0,0.009202067172854878,0.2,7/7,35.08%,P59998;P61160;O15145;O15144;P61158;O15143;Q9BPX5
prerank,SAM mitochondrial sorting and assembly machinery complex,-0.9631476863397064,-1.8538720724278106,0.0,0.009536576946850442,0.209,3/3,3.79%,Q9Y512;Q13505;O75431
prerank,TTT complex,-0.9792186201163758,-1.8491562970531668,0.0,0.009989680303472217,0.216,3/3,2.19%,Q6NXR4;Q9Y4R8;O43156
prerank,"Actin-related protein 2/3 complex, ARPC1B-ACTR3-ARPC5 variant",-0.6504854368932039,-1.8448781694112917,0.009345794392523364,0.010369079311513497,0.226,7/7,35.11%,P59998;P61160;O15145;O15144;P61158;O15143;O15511
prerank,PeBoW complex,-0.9700748129675811,-1.8442302925136351,0.0,0.01030604883631884,0.227,3/3,3.10%,Q9GZL7;Q14137;O00541
prerank,Subcortical maternal complex,-0.6862690707350901,-1.8396910249012806,0.0196078431372549,0.010764390204557817,0.233,7/7,31.53%,Q587J8;Q9NX02;Q9H808-1;Q8WX94;Q6TGC4;P59047;A6NGQ2
prerank,GINS complex,-0.8331485587583148,-1.8388024265427487,0.0,0.010788854727749994,0.234,4/4,16.81%,Q9Y248;Q9BRX5;Q9BRT9;Q14691
prerank,"Actin-related protein 2/3 complex, ARPC1A-ACTR3-ARPC5L variant",-0.6507628294036061,-1.8354316881920087,0.0,0.01108157559245639,0.244,7/7,35.08%,P59998;P61160;O15145;O15144;Q92747;P61158;Q9BPX5
prerank,Mitochondrial glutamyl-tRNA(Gln) amidotransferase complex,-0.9576059850374066,-1.8297920991080112,0.0,0.01172188102604474,0.255,3/3,4.35%,Q9H0R6;O75879;O43716
prerank,WMM N6-adenosine-methyltransferase complex,-0.7726642639312448,-1.8295373084093136,0.0,0.011588677832566957,0.255,5/5,22.87%,Q5T200;Q15007;CPX-21210;Q69YN4;Q75N03
prerank,Mitochondrial respiratory chain complex IV,0.7977147367881999,1.8223138718295906,0.0,2.073166926741476e-05,0.001,15/16,15.23%,P00395;P24311;P10606;P14406;CHEBI:23378;P20674;O00483;P14854;P15954;P00403;P13073;P00414;P09669;P10176;P12074
prerank,"Actin-related protein 2/3 complex, ARPC1B-ACTR3B-ARPC5L variant",-0.6496532593619972,-1.8197424172430292,0.00909090909090909,0.013103638433382818,0.284,7/7,35.19%,P59998;P61160;O15145;O15144;Q92747;Q9BPX5;Q9P1U1
prerank,"Actin-related protein 2/3 complex, ARPC1A-ACTR3B-ARPC5 variant",-0.6496532593619972,-1.8180963363911586,0.00909090909090909,0.013129294113134913,0.288,7/7,35.19%,P59998;P61160;O15145;O15144;Q92747;O15511;Q9P1U1
prerank,Eukaryotic translation initiation factor 2 complex,-0.9617622610141314,-1.8169634648515112,0.0,0.01309792933981161,0.29,3/3,3.93%,P41091;P05198;P20042
prerank,"Dystrophin glycoprotein complex, neuromuscular junction variant",-0.5454040544293253,-1.8121508384171976,0.0,0.013821126009928178,0.305,11/11,45.65%,Q14118-PRO_0000021066;Q14118-PRO_0000021065;Q13424;Q13326;Q13884;Q92629;Q14714;Q16586;Q16585;Q9Y4J8-2;P46939
prerank,Ragulator complex,-0.7410590518436374,-1.8089940005662557,0.0,0.014445906355896687,0.321,5/5,26.02%,Q9Y2Q5;Q9UHA4;Q6IAA8;Q0VGL1;O43504
prerank,ESCRT-II complex,-0.9226932668329177,-1.80240863115414,0.0,0.015494631789853714,0.347,3/3,7.83%,Q9BRG1;Q96H20;Q86VN1
prerank,"Non-canonical polycomb repressive complex 1.5, RING2-YAF2-CKIIA1 variant",0.9628500138619351,1.79777199552231,0.0,6.0251413808424155e-05,0.003,5/5,3.85%,CPX-914;Q86SE9;Q8WXX7;Q8IY57;Q99496
prerank,"Non-canonical polycomb repressive complex 1.5, RING1-RYBP-CKIIA1 variant",0.963127252564458,1.7971064730392237,0.0,5.842561338998706e-05,0.003,5/5,3.82%,CPX-914;Q86SE9;Q8WXX7;Q8N488;Q06587
prerank,"Non-canonical polycomb repressive complex 1.5, RING1-RYBP-CKIIA1-A2 variant",0.963127252564458,1.7964215704577418,0.0,5.670721299616392e-05,0.003,5/5,3.82%,CPX-2437;Q86SE9;Q8WXX7;Q8N488;Q06587
prerank,"Non-canonical polycomb repressive complex 1.5, RING1-YAF2-CKIIA1 variant",0.963127252564458,1.795166565867887,0.0,7.34493425474123e-05,0.004,5/5,3.82%,CPX-914;Q86SE9;Q8WXX7;Q8IY57;Q06587
prerank,"Non-canonical polycomb repressive complex 1.5, RING1-YAF2-CKIIA2 variant",0.963127252564458,1.7951122170213072,0.0,7.140908303220642e-05,0.004,5/5,3.82%,CPX-2428;Q86SE9;Q8WXX7;Q8IY57;Q06587
prerank,"Non-canonical polycomb repressive complex 1.5, RING1-RYBP-CKIIA2 variant",0.963127252564458,1.7948796874495159,0.0,6.947910781511975e-05,0.004,5/5,3.82%,CPX-2428;Q86SE9;Q8WXX7;Q8N488;Q06587
prerank,"Non-canonical polycomb repressive complex 1.3, RING1-YAF2-CKIIA2 variant",0.963127252564458,1.792940056348023,0.0,6.765071024103764e-05,0.004,5/5,3.82%,CPX-2428;Q3KNV8;Q8WXX7;Q8IY57;Q06587
prerank,LDLR-PCSK9 complex,-0.9614851759490164,-1.7912946211885723,0.0,0.01725135166993608,0.383,3/3,3.96%,Q8NBP7-PRO_0000027120;Q8NBP7-PRO_0000027121;P01130
prerank,"Non-canonical polycomb repressive complex 1.3, RING2-YAF2-CKIIA1 variant",0.9628500138619351,1.7908242875961518,0.0,6.59160766451136e-05,0.004,5/5,3.85%,CPX-914;Q3KNV8;Q8WXX7;Q8IY57;Q99496
prerank,"Non-canonical polycomb repressive complex 1.5, RING2-YAF2-CKIIA1-A2 variant",0.9628500138619351,1.7898082468894814,0.0,6.426817472898577e-05,0.004,5/5,3.85%,CPX-2437;Q86SE9;Q8WXX7;Q8IY57;Q99496
prerank,"Non-canonical polycomb repressive complex 1.5, RING2-YAF2-CKIIA2 variant",0.9628500138619351,1.7895798024458405,0.0,7.837582284022655e-05,0.005,5/5,3.85%,CPX-2428;Q86SE9;Q8WXX7;Q8IY57;Q99496
prerank,"Non-canonical polycomb repressive complex 1.3, RING1-YAF2-CKIIA1 variant",0.963127252564458,1.788978922578325,0.0,7.650973182022116e-05,0.005,5/5,3.82%,CPX-914;Q3KNV8;Q8WXX7;Q8IY57;Q06587
prerank,"Non-canonical polycomb repressive complex 1.5, RING2-RYBP-CKIIA1-A2 variant",0.9628500138619352,1.7865920279369192,0.0,7.47304357313788e-05,0.005,5/5,3.85%,CPX-2437;Q86SE9;Q8WXX7;Q8N488;Q99496
prerank,"Actin-related protein 2/3 complex, ARPC1A-ACTR3-ARPC5 variant",-0.6504854368932039,-1.7842876165113184,0.019230769230769232,0.018543344063320304,0.405,7/7,35.11%,P59998;P61160;O15145;O15144;Q92747;P61158;O15511
prerank,"Non-canonical polycomb repressive complex 1.3, RING1-RYBP-CKIIA2 variant",0.963127252564458,1.782527196365255,0.0,7.303201673748384e-05,0.005,5/5,3.82%,CPX-2428;Q3KNV8;Q8WXX7;Q8N488;Q06587
prerank,"Non-canonical polycomb repressive complex 1.5, RING2-RYBP-CKIIA1 variant",0.9628500138619352,1.782291549795348,0.0,7.14090830322064e-05,0.005,5/5,3.85%,CPX-914;Q86SE9;Q8WXX7;Q8N488;Q99496
prerank,"Non-canonical polycomb repressive complex 1.5, RING1-YAF2-CKIIA1-A2 variant",0.963127252564458,1.781829935186438,0.0,6.985671166194106e-05,0.005,5/5,3.82%,CPX-2437;Q86SE9;Q8WXX7;Q8IY57;Q06587
prerank,"Non-canonical polycomb repressive complex 1.3, RING1-RYBP-CKIIA1 variant",0.963127252564458,1.7807059891521768,0.0,8.204447837742864e-05,0.006,5/5,3.82%,CPX-914;Q3KNV8;Q8WXX7;Q8N488;Q06587
prerank,"Non-canonical polycomb repressive complex 1.5, RING2-RYBP-CKIIA2 variant",0.9628500138619352,1.7801513567877685,0.0,8.03352184112322e-05,0.006,5/5,3.85%,CPX-2428;Q86SE9;Q8WXX7;Q8N488;Q99496
prerank,"Non-canonical polycomb repressive complex 1.3, RING1-YAF2-CKIIA1-A2 variant",0.963127252564458,1.7798772466291692,0.0,7.869572415794176e-05,0.006,5/5,3.82%,CPX-2437;Q3KNV8;Q8WXX7;Q8IY57;Q06587
prerank,GATOR1 complex,-0.916597395400388,-1.7749475440317586,0.0,0.020973914934653892,0.442,3/3,8.44%,Q12980;O75140;Q8WTW4
prerank,"Non-canonical polycomb repressive complex 1.3, RING2-YAF2-CKIIA2 variant",0.9628500138619351,1.7744632195937502,0.0,0.00011568271451217438,0.008,5/5,3.85%,CPX-2428;Q3KNV8;Q8WXX7;Q8IY57;Q99496
prerank,"Non-canonical polycomb repressive complex 1.3, RING2-RYBP-CKIIA1 variant",0.9628500138619352,1.772957211715447,0.0,0.00011341442599232783,0.008,5/5,3.85%,CPX-914;Q3KNV8;Q8WXX7;Q8N488;Q99496
prerank,"Non-canonical polycomb repressive complex 1.3, RING1-RYBP-CKIIA1-A2 variant",0.963127252564458,1.7716412033365896,0.0,0.00011123337933862922,0.008,5/5,3.82%,CPX-2437;Q3KNV8;Q8WXX7;Q8N488;Q06587
prerank,"Actin-related protein 2/3 complex, ARPC1B-ACTR3B-ARPC5 variant",-0.6496532593619972,-1.7715205283252742,0.009433962264150943,0.021284135177193863,0.447,7/7,35.19%,P59998;P61160;O15145;O15144;O15143;O15511;Q9P1U1
prerank,"Non-canonical polycomb repressive complex 1.3, RING2-RYBP-CKIIA2 variant",0.9628500138619352,1.7693436621067578,0.0,0.00010913463633224,0.008,5/5,3.85%,CPX-2428;Q3KNV8;Q8WXX7;Q8N488;Q99496
prerank,"Radial spoke complex, flagellar variant",-0.4843011947763267,-1.7692391854757221,0.0,0.02166593000882935,0.459,13/13,51.77%,Q96FJ2;P56597;P59910;Q8IYR0;Q8WWB3;Q6P9G0;Q86UC2;Q96C74;Q8WYR4;Q9H1X1;Q9UHP6;Q9H0K4;Q8NA54
prerank,"Non-canonical polycomb repressive complex 1.3, RING2-YAF2-CKIIA1-A2 variant",0.9628500138619351,1.7668808800806988,0.0,0.00011901513838701068,0.008,5/5,3.85%,CPX-2437;Q3KNV8;Q8WXX7;Q8IY57;Q99496
prerank,Rixosome RNA degradation complex,-0.6682385575589459,-1.7665027295292899,0.0,0.022014401194480344,0.466,7/7,33.33%,Q5SY16;Q9NU22;Q8IZL8;Q9Y4W2;Q9NXF1;Q9H4L4;Q9BV38
prerank,Intraflagellar transport complex A,-0.6835829173599557,-1.76432388595771,0.0,0.02243227220621286,0.477,6/6,31.78%,Q9P2L0;Q9HBG6;Q96RY7;Q96FT9;Q8NEZ3;Q7Z4L5
prerank,"Non-canonical polycomb repressive complex 1.3, RING2-RYBP-CKIIA1-A2 variant",0.9628500138619352,1.759797097722762,0.0,0.00012853634945797152,0.009,5/5,3.85%,CPX-2437;Q3KNV8;Q8WXX7;Q8N488;Q99496
prerank,Ndc80 complex,-0.8356430155210643,-1.7586236202155359,0.00558659217877095,0.02382412832038164,0.508,4/4,16.56%,Q9HBM1;Q9BZD4;Q8NBT2;O14777
prerank,"Dystrophin glycoprotein complex, retinal outer plexiform layer variant",-0.5456817550680367,-1.752184674900951,0.019230769230769232,0.025887265851605393,0.536,11/11,45.63%,Q14118-PRO_0000021066;Q14118-PRO_0000021065;Q13424;Q13326;Q13884;Q92629;Q14714;Q16586;Q16585;O60941;P11532-2
prerank,"COPI vesicle coat complex, COPG1-COPZ1 variant",-0.6449375866851594,-1.7503608950472074,0.03614457831325301,0.026206444290619836,0.543,7/7,35.66%,P53621;P53618;P48444;P35606;O14579;P61923;Q9Y678
prerank,Mitochondrial NIAUFX iron-sulfur cluster assembly complex ,0.8754507628294037,1.742817135204991,0.0,0.00014919397704943126,0.01,7/7,12.62%,Q16595;Q6P4F2;Q9Y697;Q9H1K1;Q9HD34;CHEBI:597326;O14561
prerank,"Amiloride-sensitive sodium channel complex, delta-beta-gamma",-0.916043225270158,-1.7367044122636652,0.0,0.03018922161914624,0.593,3/3,8.50%,P51172;P51170;P51168
prerank,mCRD-poly(A)-bridging complex,0.941502633767674,1.735303124637598,0.0,0.00020295213072311295,0.014,5/5,5.98%,Q14103;P11940;O75534;Q9H074;O60506
prerank,BORC complex,-0.5549389567147613,-1.7336454253933964,0.0,0.0311161039317857,0.609,8/8,44.66%,Q6QNY1;P78537;O95295;Q96FH0;Q96B45;Q969J3;Q9BQD3;Q96GS4
prerank,"Oligosaccharyltransferase complex B, MAGT1 variant",-0.56992230854606,-1.7323137529857309,0.0,0.031329451312224615,0.612,8/8,43.16%,P61803;P61165;P39656;P0C6T2;P04844;P04843;Q8TCJ2;Q9H0U3
prerank,"Non-canonical polycomb repressive complex 1.1, RING1-PCGF1-YAF2 variant",0.8904603438713257,1.7257116522450648,0.0,0.00032134087364492884,0.023,6/6,11.10%,Q6W2J9;Q9BSM1;Q8IY57;Q06587;Q8NHM5;P63208
prerank,"Amiloride-sensitive sodium channel complex, alpha-beta-gamma",-0.915766140205043,-1.7255637621007525,0.0035842293906810036,0.03360813873525296,0.631,3/3,8.53%,P51170;P51168;P37088
prerank,Interferon gamma receptor-ligand complex,-0.8905513992795789,-1.7216270626868677,0.00796812749003984,0.034855212193845,0.646,3/3,11.05%,P38484;P15260;CPX-6024
prerank,"Non-canonical polycomb repressive complex 1.1, RING1-PCGF1-RYBP variant",0.8904603438713256,1.718695481210244,0.0,0.00034857315107246516,0.025,6/6,11.10%,Q6W2J9;Q9BSM1;Q8N488;Q06587;Q8NHM5;P63208
prerank,Glycosylphosphatidylinositol-N-acetylglucosaminyltransferase complex,-0.60249653259362,-1.7169854617012188,0.021052631578947368,0.03647660407953569,0.669,7/7,39.89%,O94777;P37287;Q14442;P57054;Q9BRB3;Q3MUY2;Q92535
prerank,"Polycomb repressive complex 1, RING1-PCGF2-CBX8-PHC1 variant",0.962860310421286,1.71686838677225,0.0,0.00038560904837391466,0.028,4/4,3.82%,Q9HC52;P78364;P35227;Q06587
prerank,"Polycomb repressive complex 1, RING1-PCGF4-CBX8-PHC1 variant",0.962860310421286,1.7150286177676828,0.0,0.00038982335491352026,0.028,4/4,3.82%,Q9HC52;P78364;P35226;Q06587
prerank,"Polycomb repressive complex 1, RING2-PCGF2-CBX2-PHC1 variant",0.9625831485587583,1.7145845681604142,0.0,0.0003939017160808805,0.029,4/4,3.85%,Q14781;P78364;P35227;Q99496
prerank,"Non-canonical polycomb repressive complex 1.1, RING2-PCGF1-YAF2 variant",0.8904603438713256,1.7142643592194489,0.0,0.00039785060546515007,0.03,6/6,11.10%,Q6W2J9;Q9BSM1;Q8IY57;Q99496;Q8NHM5;P63208
prerank,"Polycomb repressive complex 1, RING2-PCGF2-CBX8-PHC1 variant",0.9625831485587583,1.7135366748385457,0.0,0.00040167609205616104,0.03,4/4,3.85%,Q9HC52;P78364;P35227;Q99496
prerank,"Polycomb repressive complex 1, RING1-PCGF4-CBX4-PHC1 variant",0.962860310421286,1.7109914441224958,0.0,0.00042515869436098285,0.033,4/4,3.82%,O00257;P78364;P35226;Q06587
prerank,"Polycomb repressive complex 1, RING2-PCGF4-CBX2-PHC2 variant",0.9625831485587583,1.7107026563394239,0.0,0.000438192100424903,0.035,4/4,3.85%,Q14781;Q8IXK0;P35226;Q99496
prerank,"Polycomb repressive complex 1, RING2-PCGF2-CBX4-PHC1 variant",0.9625831485587583,1.7104914314161406,0.0,0.0004412441847064695,0.036,4/4,3.85%,O00257;P78364;P35227;Q99496
prerank,RNase H2 complex,-0.8983097811027987,-1.7100138845120783,0.003952569169960474,0.03892504000874194,0.698,3/3,10.27%,O75792;Q8TDP1;Q5TBB1
prerank,"Non-canonical polycomb repressive complex 1.1, RING2-PCGF1-RYBP variant",0.8904603438713253,1.709085401395148,0.0,0.00044420650180328403,0.037,6/6,11.10%,Q5H9F3;Q9BSM1;Q8N488;Q99496;Q8NHM5;P63208
prerank,"Polycomb repressive complex 1, RING2-PCGF4-CBX2-PHC3 variant",0.9625831485587582,1.708683786165094,0.0,0.00043776872641483063,0.037,4/4,3.85%,Q14781;Q8NDX5;P35226;Q99496
prerank,"Serine palmitoyltransferase complex, SPTLC1-SPTLC3-SPTSSA variant",0.9609201773835919,1.707587114584747,0.0,0.00043151488746604735,0.037,4/4,4.01%,Q969W0;Q9NUV7;O15269;CHEBI:597326
prerank,"Polycomb repressive complex 1, RING1-PCGF2-CBX2-PHC3 variant",0.962860310421286,1.7068416592338307,0.0,0.0004344890685903263,0.037,4/4,3.82%,Q14781;Q8NDX5;P35227;Q06587
prerank,"Polycomb repressive complex 1, RING2-PCGF4-CBX2-PHC1 variant",0.9625831485587582,1.7060867387264225,0.0,0.0004284544981932385,0.037,4/4,3.85%,Q14781;P78364;P35226;Q99496
prerank,"Polycomb repressive complex 1, RING2-PCGF2-CBX6-PHC1 variant",0.9625831485587583,1.7055459574156953,0.0,0.0004313891180438771,0.038,4/4,3.85%,O95503;P78364;P35227;Q99496
prerank,"Polycomb repressive complex 1, RING2-PCGF2-CBX2-PHC2 variant",0.9625831485587583,1.7046348556846933,0.0,0.0004342444238444985,0.039,4/4,3.85%,Q14781;Q8IXK0;P35227;Q99496
prerank,"Polycomb repressive complex 1, RING1-PCGF4-CBX2-PHC1 variant",0.962860310421286,1.703677796134851,0.0,0.000445592678120968,0.04,4/4,3.82%,Q14781;P78364;P35226;Q06587
prerank,"Polycomb repressive complex 1, RING1-PCGF4-CBX6-PHC1 variant",0.962860310421286,1.7028813760962096,0.0,0.0004397296165667447,0.04,4/4,3.82%,O95503;P78364;P35226;Q06587
prerank,"Polycomb repressive complex 1, RING2-PCGF4-CBX8-PHC1 variant",0.9625831485587582,1.702880241797651,0.0,0.0004340188423256182,0.04,4/4,3.85%,Q9HC52;P78364;P35226;Q99496
prerank,"Polycomb repressive complex 1, RING1-PCGF2-CBX8-PHC3 variant",0.962860310421286,1.7023841179328298,0.0,0.00042845449819323844,0.04,4/4,3.82%,Q9HC52;Q8NDX5;P35227;Q06587
prerank,"Polycomb repressive complex 1, RING1-PCGF2-CBX2-PHC1 variant",0.962860310421286,1.7023289908548558,0.0,0.00042303102353256455,0.04,4/4,3.82%,Q14781;P78364;P35227;Q06587
prerank,"Polycomb repressive complex 1, RING1-PCGF2-CBX2-PHC2 variant",0.962860310421286,1.7022678627823176,0.0,0.0004177431357384075,0.04,4/4,3.82%,Q14781;Q8IXK0;P35227;Q06587
prerank,"Polycomb repressive complex 1, RING1-PCGF2-CBX4-PHC2 variant",0.962860310421286,1.7017187485109788,0.0,0.0004125858130749704,0.04,4/4,3.82%,O00257;Q8IXK0;P35227;Q06587
prerank,"Polycomb repressive complex 1, RING1-PCGF4-CBX8-PHC3 variant",0.962860310421286,1.7015786324244964,0.0,0.0004153918610532007,0.041,4/4,3.82%,Q9HC52;Q8NDX5;P35226;Q06587
prerank,Myddosome core complex,-0.7768847006651884,-1.701391457867726,0.014354066985645933,0.04210956054453442,0.738,4/4,22.43%,Q99836;Q9NWZ3;P51617;O43187
prerank,"Serine palmitoyltransferase complex, SPTLC1-SPTLC3-SPTSSB variant",0.9609201773835919,1.7012356733537,0.0,0.00041038713983569225,0.041,4/4,4.01%,Q8NFR3;Q9NUV7;O15269;CHEBI:597326
prerank,"Polycomb repressive complex 1, RING1-PCGF2-CBX4-PHC1 variant",0.962860310421286,1.7009235052305467,0.0,0.0004208035250112164,0.043,4/4,3.82%,O00257;P78364;P35227;Q06587
prerank,"Polycomb repressive complex 1, RING2-PCGF4-CBX8-PHC3 variant",0.9625831485587582,1.7000423201882393,0.0,0.00043097481877084576,0.045,4/4,3.85%,Q9HC52;Q8NDX5;P35226;Q99496
prerank,LUBAC ubiquitin ligase complex,-0.8833471875865891,-1.6997731525261814,0.011494252873563218,0.04253254782052304,0.744,3/3,11.77%,Q9H0F6;Q9BYM8;Q96EP0
prerank,"Polycomb repressive complex 1, RING1-PCGF4-CBX2-PHC2 variant",0.962860310421286,1.6997190899424248,0.0,0.00043343652724199707,0.045,4/4,3.82%,Q14781;Q8IXK0;P35226;Q06587
prerank,eNoSc complex,-0.8930451648656138,-1.699629603575076,0.007380073800738007,0.0421819884092481,0.744,3/3,10.80%,O43159;Q96EB6;O43463
prerank,"Polycomb repressive complex 1, RING1-PCGF2-CBX8-PHC2 variant",0.962860310421286,1.6994085563654955,0.0,0.00043584164471381154,0.045,4/4,3.82%,Q9HC52;Q8IXK0;P35227;Q06587
prerank,"Polycomb repressive complex 1, RING2-PCGF4-CBX6-PHC1 variant",0.9625831485587582,1.6986401298861002,0.0,0.000438192100424903,0.046,4/4,3.85%,O95503;P78364;P35226;Q99496
prerank,"Polycomb repressive complex 1, RING2-PCGF4-CBX8-PHC2 variant",0.9625831485587583,1.6985086917608798,0.0,0.00043326859367855575,0.046,4/4,3.85%,Q9HC52;Q8IXK0;P35226;Q99496
prerank,"Polycomb repressive complex 1, RING1-PCGF4-CBX2-PHC3 variant",0.962860310421286,1.6984173131366105,0.0,0.00042845449819323844,0.046,4/4,3.82%,Q14781;Q8NDX5;P35226;Q06587
prerank,"Polycomb repressive complex 1, RING1-PCGF4-CBX8-PHC2 variant",0.962860310421286,1.6983696178199608,0.0,0.00042374620700430174,0.046,4/4,3.82%,Q9HC52;Q8IXK0;P35226;Q06587
prerank,"Polycomb repressive complex 1, RING1-PCGF2-CBX6-PHC2 variant",0.962860310421286,1.6982470245490038,0.0,0.00041914026997164636,0.046,4/4,3.82%,O95503;Q8IXK0;P35227;Q06587
prerank,"Polycomb repressive complex 1, RING1-PCGF4-CBX6-PHC2 variant",0.962860310421286,1.698012169606038,0.0,0.0004146333853482953,0.046,4/4,3.82%,O95503;Q8IXK0;P35226;Q06587
prerank,"Polycomb repressive complex 1, RING1-PCGF2-CBX4-PHC3 variant",0.9628603104212861,1.6979080925164511,0.0,0.0004102223918871432,0.046,4/4,3.82%,O00257;Q8NDX5;P35227;Q06587
prerank,"Serine palmitoyltransferase complex, SPTLC1-SPTLC2-SPTSSA variant",0.9609201773835919,1.6978893537223734,0.0,0.0004059042614462259,0.046,4/4,4.01%,O15270;Q969W0;O15269;CHEBI:597326
prerank,CST complex,-0.9024660570795235,-1.6973547240959614,0.011111111111111112,0.043088407390951836,0.756,3/3,9.86%,Q9H668;Q86WV5;Q2NKJ3
prerank,"Polycomb repressive complex 1, RING2-PCGF2-CBX2-PHC3 variant",0.9625831485587583,1.6964485904335003,0.0,0.00042845449819323844,0.048,4/4,3.85%,Q14781;Q8NDX5;P35227;Q99496
prerank,"Polycomb repressive complex 1, RING1-PCGF2-CBX6-PHC1 variant",0.962860310421286,1.6944461765581538,0.0,0.0004571653666288679,0.053,4/4,3.82%,O95503;P78364;P35227;Q06587
prerank,"Polycomb repressive complex 1, RING2-PCGF2-CBX8-PHC3 variant",0.9625831485587583,1.6942427584510868,0.0,0.0004525004139081651,0.053,4/4,3.85%,Q9HC52;Q8NDX5;P35227;Q99496
prerank,Mitochondrial transcription initiation complex,-0.8825159323912442,-1.6940655734180852,0.007434944237918215,0.044311367631830335,0.769,3/3,11.85%,Q9H5Q4;Q00059;O00411
prerank,"Polycomb repressive complex 1, RING2-PCGF4-CBX7-PHC3 variant",0.9625831485587582,1.6935610143694824,0.0,0.0004544214374776772,0.053,4/4,3.85%,O95931;Q8NDX5;P35226;Q99496
prerank,"Polycomb repressive complex 1, RING1-PCGF2-CBX7-PHC3 variant",0.962860310421286,1.6935275188246135,0.0,0.0004498772231029004,0.053,4/4,3.82%,O95931;Q8NDX5;P35227;Q06587
prerank,SNAPc snRNA activating protein complex ,-0.705018020515664,-1.692853331425781,0.007352941176470588,0.04450347686843557,0.775,5/5,29.62%,Q5SXM2;Q13487;Q16533;Q92966;O75971
prerank,"Serine palmitoyltransferase complex, SPTLC1-SPTLC2-SPTSSB variant",0.9609201773835919,1.6928037709631736,0.0,0.0004581493644046511,0.055,4/4,4.01%,O15270;Q8NFR3;O15269;CHEBI:597326
prerank,"Polycomb repressive complex 1, RING2-PCGF2-CBX6-PHC2 variant",0.9625831485587583,1.6922939490043896,0.0,0.00045995850541332957,0.056,4/4,3.85%,O95503;Q8IXK0;P35227;Q99496
prerank,"Polycomb repressive complex 1, RING2-PCGF4-CBX4-PHC1 variant",0.9625831485587582,1.6917363208927974,0.0,0.0004554928888559186,0.056,4/4,3.85%,O00257;P78364;P35226;Q99496
prerank,"Polycomb repressive complex 1, RING2-PCGF2-CBX7-PHC1 variant",0.9625831485587583,1.6912428794189325,0.0,0.00046347241391095503,0.058,4/4,3.85%,O95931;P78364;P35227;Q99496
prerank,"Polycomb repressive complex 1, RING1-PCGF2-CBX6-PHC3 variant",0.9628603104212861,1.6906180248556408,0.0,0.0004712999480125623,0.06,4/4,3.82%,O95503;Q8NDX5;P35227;Q06587
prerank,Small ribosomal subunit processome,0.7020432724095063,1.6903721463922994,0.0,0.0004729167574397067,0.061,28/29,27.41%,Q9Y2P8;Q9NRX1;Q9H0A0;CPX-2450;Q92979;Q8NDD1;Q5QJE6;Q8NEJ9;CPX-2478;Q9NQZ2;Q9H6R4;Q9BVI4;Q9BVJ6;Q9NY61;CPX-2688;O43818;Q14692;Q13601;O75691;P78316;Q9Y324;Q9Y3A2;Q9Y3A4;O15213;P22087;Q9Y2X3;O00567;Q9NV06
prerank,"Polycomb repressive complex 1, RING2-PCGF2-CBX8-PHC2 variant",0.9625831485587583,1.6894796350458063,0.0,0.0004865160890698923,0.062,4/4,3.85%,Q9HC52;Q8IXK0;P35227;Q99496
prerank,"Polycomb repressive complex 1, RING2-PCGF2-CBX7-PHC3 variant",0.9625831485587583,1.6892753842558057,0.0,0.00048796206738674385,0.063,4/4,3.85%,O95931;Q8NDX5;P35227;Q99496
prerank,Mitochondrial 3-oxoacyl-[acyl-carrier-protein] reductase,-0.7536031042128604,-1.6885723081810018,0.005025125628140704,0.046455641624331086,0.794,4/4,24.75%,Q92506;Q8N4T8;CHEBI:58349;CHEBI:57540
prerank,"Polycomb repressive complex 1, RING1-PCGF4-CBX4-PHC2 variant",0.962860310421286,1.6885270094703162,0.0,0.00048348535117218657,0.063,4/4,3.82%,O00257;Q8IXK0;P35226;Q06587
prerank,"Oligosaccharyltransferase complex B, TUCS3 variant",-0.5696448390677026,-1.6880295837415351,0.0,0.04643222592915213,0.794,8/8,43.19%,P61803;P61165;P39656;P0C6T2;P04844;P04843;Q8TCJ2;Q13454
prerank,"Polycomb repressive complex 1, RING1-PCGF4-CBX6-PHC3 variant",0.962860310421286,1.6877164087459027,0.0,0.00048493259113689257,0.064,4/4,3.82%,O95503;Q8NDX5;P35226;Q06587
prerank,"Polycomb repressive complex 1, RING1-PCGF4-CBX7-PHC1 variant",0.962860310421286,1.687569160090669,0.0,0.0004805638290545783,0.064,4/4,3.82%,O95931;P78364;P35226;Q06587
prerank,"Polycomb repressive complex 1, RING1-PCGF2-CBX7-PHC2 variant",0.962860310421286,1.6875084874672688,0.0,0.00047627308058087665,0.064,4/4,3.82%,O95931;Q8IXK0;P35227;Q06587
prerank,"Polycomb repressive complex 1, RING2-PCGF4-CBX6-PHC2 variant",0.9625831485587583,1.6875048734781837,0.0,0.00047205827455803703,0.064,4/4,3.85%,O95503;Q8IXK0;P35226;Q99496
prerank,"Polycomb repressive complex 1, RING2-PCGF4-CBX4-PHC3 variant",0.9625831485587583,1.687437575161008,0.0,0.00047355497168726353,0.065,4/4,3.85%,O00257;Q8NDX5;P35226;Q99496
prerank,"Polycomb repressive complex 1, RING2-PCGF2-CBX4-PHC3 variant",0.9625831485587584,1.6867265272097554,0.0,0.00048620271316710976,0.068,4/4,3.85%,O00257;Q8NDX5;P35227;Q99496
prerank,"Polycomb repressive complex 1, RING1-PCGF4-CBX7-PHC3 variant",0.962860310421286,1.6858200390443898,0.0,0.0004875516703578231,0.069,4/4,3.82%,O95931;Q8NDX5;P35226;Q06587
prerank,"Polycomb repressive complex 1, RING1-PCGF4-CBX4-PHC3 variant",0.962860310421286,1.6856702539947845,0.0,0.0004833845620641665,0.069,4/4,3.82%,O00257;Q8NDX5;P35226;Q06587
prerank,"Polycomb repressive complex 1, RING1-PCGF2-CBX7-PHC1 variant",0.962860310421286,1.685432890842321,0.0,0.0004792880827246396,0.069,4/4,3.82%,O95931;P78364;P35227;Q06587
prerank,"Polycomb repressive complex 1, RING2-PCGF4-CBX7-PHC1 variant",0.9625831485587582,1.6845559725231387,0.0,0.00048066113872938937,0.07,4/4,3.85%,O95931;P78364;P35226;Q99496
prerank,"COPI vesicle coat complex, COPG1-COPZ2 variant",-0.6094313453536755,-1.6845161610947512,0.010752688172043012,0.04797187191445979,0.807,7/7,39.20%,P53621;P53618;P48444;P35606;O14579;Q9Y678;Q9P299
prerank,"Polycomb repressive complex 1, RING2-PCGF4-CBX6-PHC3 variant",0.9625831485587583,1.6843471216113155,0.0,0.0004766556292399778,0.07,4/4,3.85%,O95503;Q8NDX5;P35226;Q99496
prerank,C5b6 complement complex,-0.8520365752285952,-1.6832936886623246,0.0,0.0481698374208279,0.811,3/3,14.89%,P01031-PRO_0000005985;P13671;P01031-PRO_0000005989
prerank,BLOC-1 complex,-0.554661487236404,-1.6828284204872834,0.0,0.04802766907493704,0.813,8/8,44.68%,Q6QNY1;P78537;O95295;Q96EV8;Q9NUP1;Q8TDH9;Q9UL45;Q6QNY0
prerank,"Polycomb repressive complex 1, RING2-PCGF2-CBX7-PHC2 variant",0.9625831485587583,1.680295303091666,0.0,0.0005470761981062425,0.081,4/4,3.85%,O95931;Q8IXK0;P35227;Q99496
prerank,"Polycomb repressive complex 1, RING2-PCGF2-CBX4-PHC2 variant",0.9625831485587583,1.6797360441174596,0.0,0.0005636634996722522,0.085,4/4,3.85%,O00257;Q8IXK0;P35227;Q99496
prerank,"Polycomb repressive complex 1, RING1-PCGF4-CBX7-PHC2 variant",0.962860310421286,1.6794936066756836,0.0,0.0005747560341616614,0.087,4/4,3.82%,O95931;Q8IXK0;P35226;Q06587
prerank,"Polycomb repressive complex 1, RING2-PCGF4-CBX7-PHC2 variant",0.9625831485587583,1.679208468095116,0.0,0.000570120904853906,0.087,4/4,3.85%,O95931;Q8IXK0;P35226;Q99496
prerank,TIM22 mitochondrial inner membrane twin-pore carrier translocase complex,-0.6344980587909042,-1.6759839759654378,0.029850746268656716,0.05139638305263789,0.831,6/6,36.68%,P62072;Q9Y5J7;Q6PF06;Q53H12;Q9BSF4;Q9Y584
prerank,MPP10 complex,-0.8722637849819895,-1.6752135524617446,0.01171875,0.051209771288398584,0.832,3/3,12.87%,Q9NV31;Q96G21;O00566
prerank,"Polycomb repressive complex 1, RING2-PCGF2-CBX6-PHC3 variant",0.9625831485587584,1.6732123202282285,0.0,0.0006632475632031332,0.1,4/4,3.85%,O95503;Q8NDX5;P35227;Q99496
prerank,NatC N-alpha-acetyltransferase complex,-0.8744804655029095,-1.671853497897497,0.0041841004184100415,0.052546860074012824,0.84,3/3,12.65%,Q147X3;Q5VZE5;Q9BRA0
prerank,Major Spliceosomal C complex,0.6721770804146828,1.6715344471096436,0.0,0.0006885875863819903,0.103,43/43,33.58%,Q9BW85;Q9NXE8;Q14331;Q96BP3;CPX-1941;Q92620;Q86X95;Q9NW82;Q9ULR0;O95926;O60508;Q9Y3C6;Q9HCG8;O75934;Q9UQ35;Q9UMS4;Q9BZJ0;Q9NW64;P41223;Q9HCS7;O60306;Q9UNP9;Q99459;Q9P013;O43660;URS000075BAAE_9606;Q13573;O75643;Q6P2Q9;URS00006767A8_9606;Q96DI7;Q15029;CHEBI:139356;P08579;P09661;URS00006A1489_9606;P62316;P62314;P62306;P62308;P62304;P62318;P14678
prerank,"Polycomb repressive complex 1, RING2-PCGF4-CBX4-PHC2 variant",0.9625831485587583,1.6714203263639777,0.0,0.0006882261230820524,0.104,4/4,3.85%,O00257;Q8IXK0;P35226;Q99496
prerank,GAIT complex,0.9412416851441242,1.6704576071743207,0.0,0.0006928912587968779,0.104,4/4,5.98%,P04406;P07814;P40429;O60506
prerank,Major Spliceosomal C* complex,0.6723654708520186,1.669318761166234,0.0,0.0006925020377774436,0.105,44/44,33.58%,Q8N5F7;Q8WUQ7;Q9H875;Q9Y421;O95391;Q14562;O15234;P61326;Q9Y5S9;P38919;O95926;O60508;Q9Y3C6;Q9HCG8;O75934;Q9UQ35;Q9UMS4;Q9BZJ0;Q9NW64;P41223;Q9HCS7;O60306;Q9UNP9;Q99459;Q9P013;O43660;URS000075BAAE_9606;Q13573;O75643;Q6P2Q9;URS00006767A8_9606;Q96DI7;Q15029;CHEBI:139356;P08579;P09661;URS00006A1489_9606;P62316;P62314;P62306;P62308;P62304;P62318;P14678
prerank,Major Spliceosomal Pre-C*-II complex,0.6721770804146827,1.6662580803820677,0.0,0.0007514432737542951,0.114,43/43,33.58%,Q9GZU8;Q8WUQ7;Q9H875;Q9Y421;O95391;Q14562;O15234;P61326;Q9Y5S9;P38919;O95926;O60508;Q9Y3C6;Q9HCG8;O75934;Q9UQ35;Q9UMS4;Q9BZJ0;Q9NW64;P41223;Q9HCS7;O60306;Q9UNP9;Q99459;Q9P013;O43660;URS000075BAAE_9606;Q13573;Q6P2Q9;URS00006767A8_9606;Q96DI7;Q15029;CHEBI:139356;P08579;P09661;URS00006A1489_9606;P62316;P62314;P62306;P62308;P62304;P62318;P14678
prerank,Major Post-catalytic P Spliceosome complex,0.6718006160739296,1.6651513652979046,0.0,0.0007751428707770803,0.118,41/41,33.58%,Q9H875;O95391;Q14562;O15234;P61326;Q9Y5S9;P38919;O95926;O60508;Q9Y3C6;Q9HCG8;O75934;Q9UQ35;Q9UMS4;Q9BZJ0;Q9NW64;P41223;Q9HCS7;O60306;Q9UNP9;Q99459;Q9P013;O43660;URS000075BAAE_9606;Q13573;O75643;Q6P2Q9;URS00006767A8_9606;Q96DI7;Q15029;CHEBI:139356;P08579;P09661;URS00006A1489_9606;P62316;P62314;P62306;P62308;P62304;P62318;P14678
prerank,p53-MDM2-MDM4 transcriptional regulation complex,-0.8694929343308396,-1.6647681683802102,0.022222222222222223,0.05575872577550309,0.854,3/3,13.15%,Q00987;P04637;O15151
prerank,Major Spliceosomal Pre-C*-I complex,0.6714245731877981,1.6560563937411426,0.0,0.0009834978253981156,0.142,39/39,33.58%,Q9GZU8;Q14562;O15234;P61326;Q9Y5S9;P38919;O95926;O60508;Q9Y3C6;Q9HCG8;O75934;Q9UQ35;Q9UMS4;Q9BZJ0;Q9NW64;P41223;Q9HCS7;O60306;Q9UNP9;Q99459;Q9P013;O43660;URS000075BAAE_9606;Q13573;Q6P2Q9;URS00006767A8_9606;Q96DI7;Q15029;CHEBI:139356;P08579;P09661;URS00006A1489_9606;P62316;P62314;P62306;P62308;P62304;P62318;P14678
prerank,CCDC36-MEI4-REC114 meiotic recombination initiation complex,-0.8653366583541148,-1.6512336207575078,0.02040816326530612,0.06272260688180115,0.89,3/3,13.57%,Q8IYA8;Q7Z4M0;A8MW99
prerank,"COPI vesicle coat complex, COPG2-COPZ1 variant",-0.6116504854368932,-1.645727323154986,0.0,0.06564424072632111,0.902,7/7,38.98%,P53621;P53618;P48444;P35606;O14579;P61923;Q9UBF2
prerank,SIN3A histone deacetylase complex,0.7269947178204058,1.6435858337598745,0.0,0.001309524462522943,0.188,15/15,27.60%,Q96ST3;Q4LE39;Q9H160;Q9H0E3;Q9H7L9;Q9HAJ7;P29374;Q9UK53;Q5PSV4;O75446;Q9HCU9;Q16576;Q09028;Q13547;Q92769
prerank,"Intron Lariat Spliceosome, type 2 complex",0.670298966191674,1.6409985824839661,0.0,0.0013716938785440246,0.197,33/33,33.58%,Q2TBE0;O43143;O95926;O60508;Q9Y3C6;O75934;Q9UMS4;Q9BZJ0;Q9NW64;P41223;Q9HCS7;O60306;Q9UNP9;Q99459;Q9P013;O43660;URS000075BAAE_9606;Q13573;Q6P2Q9;URS00006767A8_9606;Q96DI7;Q15029;CHEBI:139356;P08579;P09661;URS00006A1489_9606;P62316;P62314;P62306;P62308;P62304;P62318;P14678
prerank,"DREAM transcriptional repressor complex, RBL2 variant",0.7555098582309966,1.6399768053592958,0.0021413276231263384,0.0013996180274312457,0.202,9/10,16.06%,Q08999;Q16254;Q14188;Q15329;Q5TKA1;Q6MZP7;Q96GY3;Q52LA3;Q14186
prerank,SIN3B histone deacetylase complex,0.7269947178204056,1.6384063630361674,0.0,0.0014318571281531388,0.204,15/15,27.60%,O75182;Q4LE39;Q9H160;Q9H0E3;Q9H7L9;Q9HAJ7;P29374;Q9UK53;Q5PSV4;O75446;Q9HCU9;Q16576;Q09028;Q13547;Q92769
prerank,Actin junctional complex,-0.8500969797727903,-1.6383382134114146,0.00749063670411985,0.07005387768959852,0.911,3/3,15.09%,P04921;Q00013;P11171
prerank,"Intron Lariat Spliceosome, type 1 complex",0.6701117318435759,1.6373766144159994,0.0,0.001463625585068873,0.21,32/32,33.58%,Q2TBE0;O95926;O60508;Q9Y3C6;O75934;Q9UMS4;Q9BZJ0;Q9NW64;P41223;Q9HCS7;O60306;Q9UNP9;Q99459;Q9P013;O43660;URS000075BAAE_9606;Q13573;Q6P2Q9;URS00006767A8_9606;Q96DI7;Q15029;CHEBI:139356;P08579;P09661;URS00006A1489_9606;P62316;P62314;P62306;P62308;P62304;P62318;P14678
prerank,Major Spliceosomal B-act-III complex,0.6553561413348298,1.6373134216889453,0.0,0.001453019602568374,0.21,46/46,35.30%,O60231;Q8WUA2;O15541;Q13356;Q7RTV0;O60508;Q9Y3C6;Q9HCG8;O75934;Q9UQ35;Q9UMS4;Q9BZJ0;Q9NW64;P41223;Q9HCS7;O60306;Q9UNP9;Q99459;Q9P013;O43660;URS000075BAAE_9606;Q13573;Q15459;Q15428;Q12874;Q13435;Q15427;O75643;Q6P2Q9;URS00006767A8_9606;Q96DI7;Q15029;CHEBI:139356;P08579;P09661;URS00006A1489_9606;P62316;P62314;P62306;P62308;P62304;P62318;P14678;O75533;Q15393;Q9BWJ5
prerank,"Radial spoke complex, ciliiar variant",-0.4775,-1.6368264128115397,0.021739130434782608,0.07038443322389282,0.912,12/12,52.44%,Q96FJ2;P56597;P59910;Q8IYR0;Q8WWB3;Q6P9G0;Q86UC2;Q96C74;Q8WYR4;Q9H1X1;Q9UHP6;Q5TD94
prerank,Kinetochore MIS12 complex,-0.7494456762749445,-1.636112457938828,0.00909090909090909,0.07029815376042117,0.915,4/4,25.17%,Q9H410;Q9H081;Q96IY1;Q6P1K2
prerank,CRD-mediated mRNA stability complex,0.8399889073765947,1.6326288456591476,0.0011507479861910242,0.001599768953685545,0.225,6/6,16.14%,Q9NZI8;Q08211;Q00839;P67809;O60506;CHEBI:33699
prerank,"DREAM transcriptional repressor complex, RBL1 variant",0.7555098582309966,1.632392047559447,0.0021482277121374865,0.0015883420325877912,0.225,9/10,16.06%,P28749;Q16254;Q14188;Q15329;Q5TKA1;Q6MZP7;Q96GY3;Q52LA3;Q14186
prerank,Major Spliceosomal B-act-IV complex,0.6548052675819565,1.6304653294568217,0.0,0.0016636797004311917,0.238,43/43,35.30%,O60231;Q8WUA2;O15541;Q7RTV0;O95926;O60508;Q9Y3C6;Q9HCG8;O75934;Q9UQ35;Q9UMS4;Q9BZJ0;Q9NW64;P41223;Q9HCS7;O60306;Q9UNP9;Q99459;Q9P013;O43660;URS000075BAAE_9606;Q13573;Q12874;Q13435;Q15427;Q6P2Q9;URS00006767A8_9606;Q96DI7;Q15029;CHEBI:139356;P08579;P09661;URS00006A1489_9606;P62316;P62314;P62306;P62308;P62304;P62318;P14678;O75533;Q15393;Q9BWJ5
prerank,SMG1C protein kinase complex,-0.8553615960099752,-1.6292067811513826,0.011363636363636364,0.07453339395252973,0.928,3/3,14.56%,Q9H0W8;Q96Q15;Q8ND04
prerank,Major Spliceosomal B-act-I complex,0.6549887892376692,1.628496932998506,0.0,0.0017470081299569371,0.246,44/44,35.30%,Q6UX04;Q8IYB3;CPX-26447;O15541;Q13356;Q7RTV0;Q9HCG8;Q9UQ35;Q9BZJ0;Q9NW64;P41223;Q9HCS7;O60306;Q9UNP9;Q99459;Q9P013;O43660;URS000075BAAE_9606;Q13573;Q9Y3B4;Q15459;Q15428;Q12874;Q13435;Q15427;O75643;Q6P2Q9;URS00006767A8_9606;Q96DI7;Q15029;CHEBI:139356;P08579;P09661;URS00006A1489_9606;P62316;P62314;P62306;P62308;P62304;P62318;P14678;O75533;Q15393;Q9BWJ5
prerank,Major Spliceosomal Post-B-act complex,0.6544385326239155,1.627084088611196,0.0,0.0017752397914649915,0.25,41/41,35.30%,O60231;Q8WUA2;Q7RTV0;O95926;O60508;Q9Y3C6;Q9HCG8;O75934;Q9UQ35;Q9UMS4;Q9BZJ0;Q9NW64;P41223;Q9HCS7;O60306;Q9UNP9;Q99459;Q9P013;O43660;URS000075BAAE_9606;Q13573;Q13435;Q15427;Q6P2Q9;URS00006767A8_9606;Q96DI7;Q15029;CHEBI:139356;P08579;P09661;URS00006A1489_9606;P62316;P62314;P62306;P62308;P62304;P62318;P14678;O75533;Q15393;Q9BWJ5
prerank,Major Spliceosomal B-act-II complex,0.6548052675819563,1.6269566915455158,0.0,0.0017718378727366215,0.251,43/43,35.30%,O60231;Q8WUA2;O15541;Q13356;Q7RTV0;Q9Y3C6;Q9HCG8;Q9UQ35;Q9BZJ0;Q9NW64;P41223;Q9HCS7;O60306;Q9UNP9;Q99459;Q9P013;O43660;URS000075BAAE_9606;Q13573;Q15459;Q15428;Q12874;Q13435;Q15427;O75643;Q6P2Q9;URS00006767A8_9606;Q96DI7;Q15029;CHEBI:139356;P08579;P09661;URS00006A1489_9606;P62316;P62314;P62306;P62308;P62304;P62318;P14678;O75533;Q15393;Q9BWJ5
prerank,Major Spliceosomal B complex,0.655172413793104,1.626847262757175,0.0,0.0017640505891128508,0.252,45/45,35.30%,O43290;P83876;URS0000715A86_9606;Q8WVK2;O43395;Q53GS9;O43172;URS0000631BD4_9606;Q9BTD8;P62312;Q9Y4Y9;Q9UK45;O95777;P62310;Q9Y4Z0;Q9Y333;O94906;Q9BUQ8;Q8WWY3;Q9Y3B4;Q15459;Q15428;Q12874;Q13435;Q15427;O75643;Q6P2Q9;URS00006767A8_9606;Q96DI7;Q15029;CHEBI:139356;P08579;P09661;URS00006A1489_9606;P62316;P62314;P62306;P62308;P62304;P62318;P14678;P55769;O75533;Q15393;Q9BWJ5
prerank,Shelterin complex,0.8349972268441486,1.6204112115224936,0.001160092807424594,0.002077710854252143,0.289,6/6,16.64%,Q9NYB0;P54274;Q9BSI4;Q96AP0;Q9NUX5;Q15554
prerank,HUSH epigenetic repressor complex,-0.8381823219728457,-1.618448896763889,0.019305019305019305,0.08088743931223948,0.94,3/3,16.28%,Q9UK61;Q99549;Q8NEY8
prerank,CCAAT-binding factor complex,-0.831532280410086,-1.6163444316680833,0.017921146953405017,0.08164486902183231,0.943,3/3,16.94%,P25208;P23511;Q13952
prerank,"CCR4-NOT mRNA deadenylase complex, CNOT6L-CNOT7 variant",0.7296756251635607,1.6150252580248436,0.0,0.0023739876787645764,0.317,11/12,20.24%,Q9UIV1;Q96LI5;Q92600;Q9C0C2;Q9UKZ1;A5YKK6;Q9NZN8;Q9H9A5;O95628;O75175;CHEBI:60240
prerank,Major Spliceosomal Pre-B-act complex,0.6544385326239152,1.6116823157040507,0.0,0.002540329879490316,0.335,41/41,35.30%,O60870;Q8IYB3;CPX-26447;Q13356;Q7RTV0;Q9BZJ0;Q9NW64;P41223;Q9HCS7;O60306;Q9UNP9;Q99459;Q9P013;O43660;URS000075BAAE_9606;Q13573;Q9Y3B4;Q15459;Q15428;Q12874;Q13435;Q15427;O75643;Q6P2Q9;URS00006767A8_9606;Q96DI7;Q15029;CHEBI:139356;P08579;P09661;URS00006A1489_9606;P62316;P62314;P62306;P62308;P62304;P62318;P14678;O75533;Q15393;Q9BWJ5
prerank,"CCR4-NOT mRNA deadenylase complex, CNOT6L-CNOT8 variant",0.7296756251635607,1.6111528639098398,0.0010298661174047373,0.002549160487572523,0.339,11/12,20.24%,Q9UFF9;Q96LI5;Q92600;Q9C0C2;Q9UKZ1;A5YKK6;Q9NZN8;Q9H9A5;O95628;O75175;CHEBI:60240
prerank,Hydrogen:potassium-exchanging ATPase complex,-0.8392906622333057,-1.6094989571006988,0.026119402985074626,0.08537846766034253,0.948,3/3,16.17%,CHEBI:39128;P51164;P20648
prerank,MBD2/NuRD nucleosome remodeling and deacetylase complex,0.7263888888888889,1.607002826107824,0.0,0.0027806696932741177,0.364,12/12,27.60%,Q9UBB5;Q86YP4;O94776;Q12873;Q8WXI9;Q9BTC8;Q13330;Q14839;Q16576;Q09028;Q13547;Q92769
prerank,Prefoldin co-chaperone complex,-0.6020521353300056,-1.6043470775982518,0.040983606557377046,0.08798054152986602,0.955,6/6,39.92%,O15212;Q9UHV9;Q9NUG6;P61758;O60925;Q99471
prerank,"Non-canonical polycomb repressive complex 1.4, RNF2-YAF2 variant",0.9623164311443613,1.603982809353895,0.0012953367875647669,0.0029793193582973534,0.387,3/3,3.85%,P35226;Q8IY57;Q99496
prerank,CORVET tethering complex,-0.5948419301164726,-1.603030334932547,0.02727272727272727,0.08827585689650153,0.959,6/6,40.64%,Q96AX1;Q9P253;Q9H270;Q9H269;Q8WUH2;Q8N3P4
prerank,U4/U6.U5 small nuclear ribonucleoprotein complex,0.6569832402234642,1.6000287023136168,0.0,0.0032683749385201315,0.417,32/32,34.88%,O43290;P83876;URS0000715A86_9606;Q8WVK2;O43395;Q53GS9;O43172;URS0000631BD4_9606;Q9BTD8;P62312;Q9Y4Y9;Q9UK45;O95777;P62310;Q9Y4Z0;Q9Y333;O94906;Q9BUQ8;Q8WWY3;O75643;Q6P2Q9;URS00006767A8_9606;Q96DI7;Q15029;P62316;P62314;P62306;P62308;P62304;P62318;P14678;P55769
prerank,MBD3/NuRD nucleosome remodeling and deacetylase complex,0.7263888888888889,1.5995185618681713,0.0010504201680672268,0.0032596146137054225,0.419,12/12,27.60%,O95983;Q86YP4;O94776;Q12873;Q8WXI9;Q9BTC8;Q13330;Q14839;Q16576;Q09028;Q13547;Q92769
prerank,"CCR4-NOT mRNA deadenylase complex, CNOT6-CNOT7 variant",0.7296756251635607,1.5981159440110275,0.0,0.0033594727699242564,0.431,11/12,20.24%,Q9UIV1;Q9ULM6;Q92600;Q9C0C2;Q9UKZ1;A5YKK6;Q9NZN8;Q9H9A5;O95628;O75175;CHEBI:60240
prerank,"Nuclear exosome complex, DIS3-EXOSC10 variant",0.7339261214802918,1.5979463838092702,0.002079002079002079,0.0033626767551746747,0.434,11/12,19.82%,Q9Y2L1;Q01780;Q06265;Q15024;Q9NQT4;Q9NPD3;Q9NQT5;Q96B26;Q13868;Q9Y3B2;Q5RKV6
prerank,"CCR4-NOT mRNA deadenylase complex, CNOT6-CNOT8 variant",0.7296756251635607,1.5959359856764315,0.002081165452653486,0.0034605940238684645,0.446,11/12,20.24%,Q9ULM6;Q9UFF9;Q92600;Q9C0C2;Q9UKZ1;A5YKK6;Q9NZN8;Q9H9A5;O95628;O75175;CHEBI:60240
prerank,"Non-canonical polycomb repressive complex 1.2, RNF2-YAF2 variant",0.9623164311443613,1.595728488566545,0.0,0.0034508325666582802,0.447,3/3,3.85%,P35227;Q8IY57;Q99496
prerank,"Cytoplasmic exosome complex, DIS3L-EXOSC10 variant",0.7339261214802918,1.5944278579388733,0.0020855057351407717,0.0035266143981032066,0.454,11/12,19.82%,Q8TF46;Q01780;Q06265;Q15024;Q9NQT4;Q9NPD3;Q9NQT5;Q96B26;Q13868;Q9Y3B2;Q5RKV6
prerank,AP-1 transcription factor complex FOS-JUN-NFATC2,0.9520642837351064,1.594200120844779,0.0,0.0035408126454460087,0.461,3/3,4.87%,Q13469;P01100;P05412
prerank,"Non-canonical polycomb repressive complex 1.2, RING1-YAF2 variant",0.9625935162094763,1.5937463193710626,0.0,0.0035548334146970253,0.465,3/3,3.82%,P35227;Q8IY57;Q06587
prerank,"Non-canonical polycomb repressive complex 1.4, RING1-YAF2 variant",0.9625935162094763,1.5932814320151363,0.0,0.0035726718249964136,0.47,3/3,3.82%,P35226;Q8IY57;Q06587
prerank,SPATA5-SPATA5L1 ATPase complex,-0.7378048780487805,-1.5899252790508456,0.010050251256281407,0.09724116131429601,0.97,4/4,26.33%,Q9NX04;Q9BW66;Q9BVQ7;Q8NB90
prerank,"Non-canonical polycomb repressive complex 1.2, RING1-RYBP variant",0.9625935162094764,1.584415924984095,0.0,0.0043638884075237255,0.538,3/3,3.82%,P35227;Q8N488;Q06587
prerank,"Non-canonical polycomb repressive complex 1.4, RING1-RYBP variant",0.9625935162094764,1.5839372593727195,0.0,0.004388372912476145,0.538,3/3,3.82%,P35226;Q8N488;Q06587
prerank,"Non-canonical polycomb repressive complex 1.2, RNF2-RYBP variant",0.9623164311443613,1.580804909364401,0.0,0.004679036623561525,0.558,3/3,3.85%,P35227;Q8N488;Q99496
prerank,"Non-canonical polycomb repressive complex 1.4, RNF2-RYBP variant",0.9623164311443613,1.5793625820366775,0.0,0.004837640788690929,0.575,3/3,3.85%,P35226;Q8N488;Q99496
prerank,Major Spliceosomal Pre-B complex,0.6517010596765197,1.5713802489078819,0.0,0.005795750455981427,0.63,26/26,35.30%,CPX-2391;P09234;P09012;P08621;M14387;Q7RTV0;Q9Y3B4;Q15459;Q15428;Q12874;Q13435;Q15427;CHEBI:139356;P08579;P09661;URS00006A1489_9606;P62316;P62314;P62306;P62308;P62304;P62318;P14678;O75533;Q15393;Q9BWJ5
prerank,"SIN3A histone deacetylase complex, ES cell-specific variant",0.6786407006465458,1.5695312859891144,0.0,0.006045826496960278,0.647,17/18,27.60%,Q9NP50;Q96ST3;Q8NFU7;Q4LE39;Q9H160;Q9H0E3;Q9H7L9;Q9HAJ7;P29374;Q9UK53;Q5PSV4;O75446;Q9HCU9;Q16576;Q09028;Q13547;Q92769
prerank,"Exosome complex, DIS3 variant",0.7272177603658745,1.5682673828185927,0.00522466039707419,0.006181986331073869,0.662,10/11,19.82%,Q9Y2L1;Q06265;Q15024;Q9NQT4;Q9NPD3;Q9NQT5;Q96B26;Q13868;Q9Y3B2;Q5RKV6
prerank,L3MBTL1 complex,0.9498476032141869,1.5668694098247171,0.0,0.006324140507355227,0.674,3/3,5.09%,Q13185;Q9Y468;P06400
prerank,ZYG11B-Elongin C-Elongin B E3 ubiquitin ligase complex,0.8250623787080676,1.5664388299983025,0.002336448598130841,0.006373890740768824,0.678,5/5,17.61%,Q9C0D3;Q15370;Q13617;Q15369;P62877
prerank,"Nucleolar exosome complex, EXOSC10 variant",0.7272168178607901,1.5656329026447071,0.005192107995846314,0.0065019849287219515,0.683,10/11,19.82%,Q01780;Q06265;Q15024;Q9NQT4;Q9NPD3;Q9NQT5;Q96B26;Q13868;Q9Y3B2;Q5RKV6
prerank,"Cytoplasmic exosome complex, DIS3L variant",0.7272177603658745,1.5633407812625753,0.004197271773347324,0.006878936609073419,0.703,10/11,19.82%,Q8TF46;Q06265;Q15024;Q9NQT4;Q9NPD3;Q9NQT5;Q96B26;Q13868;Q9Y3B2;Q5RKV6
prerank,APPBP2-Elongin C-Elongin B E3 ubiquitin ligase complex,0.8250623787080676,1.5604341886735926,0.0,0.007329543857820169,0.729,5/5,17.61%,Q92624;Q15370;Q13617;Q15369;P62877
prerank,FEB1C-Elongin C-Elongin B E3 ubiquitin ligase complex,0.8250623787080676,1.5600911465986855,0.00117096018735363,0.007346517214709925,0.73,5/5,17.61%,Q96JP0;Q15370;Q13617;Q15369;P62877
prerank,KLHDC3-Elongin C-Elongin B E3 ubiquitin ligase complex,0.8250623787080676,1.5588470172584372,0.002333722287047841,0.007554264881001355,0.739,5/5,17.61%,Q9BQ90;Q15370;Q13617;Q15369;P62877
prerank,"DNA replication factor C complex, CHTF18 variant",-0.5722607489597781,-1.5571072369159922,0.0,0.12418825585899274,0.992,7/7,42.91%,P35249;P40938;P40937;P35250;Q9BVC3;Q8WVB6;P0CG13
prerank,VHL-Elongin C-Elongin B E3 ubiquitin ligase complex,0.8250623787080676,1.5556157875216405,0.0035169988276670576,0.008051779845307593,0.763,5/5,17.61%,P40337;Q15370;Q13617;Q15369;P62877
prerank,ZER1-Elongin C-Elongin B E3 ubiquitin ligase complex,0.8250623787080675,1.553503868462685,0.004761904761904762,0.008358493685091823,0.781,5/5,17.61%,Q7Z7L7;Q15370;Q13617;Q15369;P62877
prerank,KEOPS tRNA N6-adenosine threonylcarbamoyltransferase complex,0.7989462007764835,1.5532431705687888,0.0022675736961451248,0.008372915572838091,0.784,6/6,20.24%,Q9BXV9;Q9Y3C4;Q14657;Q9NPF4;Q96S44;CHEBI:60240
prerank,LRR1-Elongin C-Elongin B E3 ubiquitin ligase complex,0.8250623787080676,1.5522232229505115,0.004711425206124852,0.008534382755910569,0.792,5/5,17.61%,Q96L50;Q15370;Q13617;Q15369;P62877
prerank,"SAGA complex, KAT2A variant",0.6488443330548596,1.5472665966449985,0.0010090817356205853,0.00945813304761574,0.829,21/21,35.49%,Q96BN2;Q8NEM7;O94864;Q86TJ2;Q9Y6J9;Q14CW9;O15265;CHEBI:27363;Q9UPT9;O75529;O75486;Q9NPA8;Q16514;Q12962;Q16594;Q15393;Q9BWJ5;Q9Y4A5;Q96ES7;Q92830;O75528
prerank,Complement component C1q complex,-0.8082571349404267,-1.5469419626488812,0.03162055335968379,0.13311758681943234,0.995,3/3,19.27%,P02747;P02746;P02745
prerank,FEB1B-Elongin C-Elongin B E3 ubiquitin ligase complex,0.8250623787080675,1.5464343469812905,0.0,0.009629574025691126,0.838,5/5,17.61%,Q9UK73;Q15370;Q13617;Q15369;P62877
prerank,"SAGA complex, KAT2B variant",0.6488443330548597,1.5453645438181227,0.0010111223458038423,0.009799131036974478,0.841,21/21,35.49%,Q96BN2;Q8NEM7;O94864;Q86TJ2;Q9Y6J9;Q14CW9;O15265;CHEBI:27363;Q9UPT9;O75529;O75486;Q9NPA8;Q16514;Q12962;Q16594;Q15393;Q9BWJ5;Q9Y4A5;Q92831;Q96ES7;O75528
prerank,PRAME-Elongin C-Elongin B E3 ubiquitin ligase complex,0.8250623787080676,1.5440150389537484,0.005889281507656066,0.010096776084471808,0.85,5/5,17.61%,P78395;Q15370;Q13617;Q15369;P62877
prerank,KLHDC2-Elongin C-Elongin B E3 ubiquitin ligase complex,0.8250623787080676,1.5436837965233106,0.004750593824228029,0.010136208862147647,0.852,5/5,17.61%,Q9Y2U9;Q15370;Q13617;Q15369;P62877
prerank,"CRL4-DCAF15 E3 ubiquitin ligase complex, CUL4B variant ",0.8250623787080675,1.5436682654678913,0.00591016548463357,0.010081418543973876,0.852,5/5,17.61%,Q66K64;Q9BW61;Q13620;Q16531;P62877
prerank,KLHDC10-Elongin C-Elongin B E3 ubiquitin ligase complex,0.8250623787080676,1.5434293752687709,0.0023446658851113715,0.010082501820386048,0.853,5/5,17.61%,Q6PID8;Q15370;Q13617;Q15369;P62877
prerank,U2 small nuclear ribonucleoprotein complex,0.6511563109501255,1.5418180026005526,0.0010121457489878543,0.010444437593657098,0.864,23/23,35.30%,Q7L014;O43719;CPX-26447;Q7RTV0;Q9Y3B4;Q15459;Q15428;Q12874;Q13435;Q15427;P08579;P09661;URS00006A1489_9606;P62316;P62314;P62306;P62308;P62304;P62318;P14678;O75533;Q15393;Q9BWJ5
prerank,FEM1A-Elongin C-Elongin B E3 ubiquitin ligase complex,0.8250623787080676,1.5409770658941895,0.0035842293906810036,0.010573482150891116,0.868,5/5,17.61%,Q9BSK4;Q15370;Q13617;Q15369;P62877
prerank,UFM1 ribosome E3 ligase complex,-0.7982820725962871,-1.5393614733751146,0.03861003861003861,0.1400073430982079,0.995,3/3,20.27%,Q96HY6;Q96JB5;O94874
prerank,General transcription factor TFIIH complex,0.705828876558801,1.536766552238439,0.004219409282700422,0.011609076641521556,0.895,10/11,21.98%,Q92759;P51946;P32780;Q6ZYL4;Q13888;P50613;P51948;P18074;P19447;Q13889
prerank,"SCF E3 ubiquitin ligase complex, FBXW8-CUL7 variant",0.8250623787080676,1.5333674923605587,0.004744958481613286,0.012346254618989371,0.908,5/5,17.61%,Q8N3Y1;Q14999;Q13616;P63208;P62877
prerank,"CRL4-DCAF15 E3 ubiquitin ligase complex, CUL4A variant ",0.8250623787080675,1.5330781643142701,0.004733727810650888,0.012365735190001188,0.91,5/5,17.61%,Q66K64;Q9BW61;Q13619;Q16531;P62877
prerank,"Polybromo-associated SWI/SNF ATP-dependent chromatin remodeling complex, ACTL6B variant",0.6871063712491361,1.5312475066669649,0.0031120331950207467,0.012703006411276092,0.915,12/13,25.03%,O94805;Q9NPI1;Q68CP9;Q86U86;Q92925;Q8TAQ2;Q8WUB8;Q969G3;Q12824;P51532;Q96GM5;Q92922
prerank,CPAP-STIL complex,-0.8043779440288169,-1.5251562385529427,0.02564102564102564,0.15383705668139833,0.996,3/3,19.66%,Q9HC77;Q6UVJ0;Q15468
prerank,TFTC histone acetylation complex,0.6483027267668335,1.5214789597296212,0.0020181634712411706,0.01532446321776127,0.95,18/18,35.49%,Q14CW9;O15265;CHEBI:27363;Q9UPT9;O75529;O75486;O00268;Q15545;P49848;Q15542;Q6P1X5;Q9NPA8;Q16514;Q12962;Q16594;Q9Y4A5;Q92830;O75528
prerank,mTORC2 complex,-0.6262822289991683,-1.5208486659227274,0.05813953488372093,0.15735991910604386,0.996,5/5,37.49%,P42345;Q9BVC4;Q6R327;P85299;Q9BPZ7
prerank,"DNA-directed RNA polymerase III complex, POLR3GL variant",0.6490397996103533,1.5206255309308228,0.0010090817356205853,0.015497243370216261,0.953,19/19,35.44%,Q9BT43;Q9H1D9;Q9Y2Y1;Q9Y535;Q9NVU0;P05423;O75575;O14802;Q9NW08;Q9BUI4;P0DPB6;O15160;P62875;P61218;P52434;P53803;P19388;CHEBI:18420;CHEBI:29105
prerank,PAF1 complex,-0.5931780366056573,-1.5185763879403038,0.045112781954887216,0.15883591682520823,0.996,6/6,40.81%,Q9GZS3;Q8WVC0;Q8N7H5;Q6PD62;Q6P1J9;Q92541
prerank,"DNA-directed RNA polymerase III complex, POLR3G variant",0.6490397996103533,1.515773307501055,0.00303951367781155,0.016996460362942546,0.959,19/19,35.44%,O15318;Q9H1D9;Q9Y2Y1;Q9Y535;Q9NVU0;P05423;O75575;O14802;Q9NW08;Q9BUI4;P0DPB6;O15160;P62875;P61218;P52434;P53803;P19388;CHEBI:18420;CHEBI:29105
prerank,RFX gene regulatory complex,-0.8121363258520367,-1.510307939997219,0.031746031746031744,0.1671829590571046,0.996,3/3,18.88%,O00287;P48382;O14593
prerank,INO80 chromatin remodeling complex,0.6516541562413121,1.509947807038711,0.010277492291880781,0.019041086257715324,0.969,15/15,35.11%,Q8NBZ0;P25490;Q9ULG1;P0C1Z6;Q53TQ3;Q9Y5K5;Q6PI98;Q9C086;Q9H9F9;Q9H981;Q6P4R8;Q96EZ8;Q9Y230;Q9Y265;O96019
prerank,"Septin complex, hexamer variant, SEPT2-SEPT6-SEPT-7",-0.7711277362150181,-1.506314672719899,0.03076923076923077,0.1707355614450195,0.996,3/3,22.98%,Q16181;Q15019;Q14141
prerank,NuA4 histone acetyltransferase complex,0.6498747564709159,1.5055579472051914,0.006097560975609756,0.02050709372316774,0.978,19/19,35.35%,Q9H0E9;Q9UBU8;Q92993;Q9NXR8;Q52LR7;Q9NV56;Q15014;Q96L91;Q05BQ5;Q9H2F5;Q15906;O95619;Q9NPF5;P60709;Q9Y230;Q9Y265;O96019;Q9Y4A5;Q9HAF1
prerank,"Mitochondrial pyruvate dehydrogenase complex, somatic variant",0.736126526082131,1.5051011996391348,0.006514657980456026,0.020565815913275446,0.979,8/8,26.55%,P10515;O00330;CHEBI:16238;CHEBI:83088;P09622;P08559;P11177;CHEBI:58937
prerank,AP-4 Adaptor complex,-0.697339246119734,-1.5042182255739707,0.06511627906976744,0.17172347814965855,0.996,4/4,30.37%,O00189;Q9Y6B7;Q9Y587;Q9UPM8
prerank,"Mitochondrial pyruvate dehydrogenase complex, testis-specific variant",0.736126526082131,1.5037358660133682,0.00546448087431694,0.02099857648682741,0.98,8/8,26.55%,P29803;P10515;O00330;CHEBI:16238;CHEBI:83088;P09622;P11177;CHEBI:58937
prerank,U5 small nuclear ribonucleoprotein complete complex,0.6669446761189878,1.5033866930378696,0.0010256410256410256,0.02103818699753349,0.981,15/15,33.58%,O95400;URS000075BAAE_9606;O94906;Q9BUQ8;O75643;Q6P2Q9;Q96DI7;Q15029;P62316;P62314;P62306;P62308;P62304;P62318;P14678
prerank,"Short transient receptor potential channel complex,TRPC1-TRPC4-TRPC5 variant",-0.7916320310335273,-1.502330318215869,0.03937007874015748,0.17261126169156,0.997,3/3,20.93%,Q9UL62;Q9UBN4;P48995
prerank,"Mitochondrial calcium uniporter complex, MICUB variant",-0.6296090934294427,-1.5014998046431283,0.037267080745341616,0.17238376226074173,0.997,5/5,37.15%,Q9H4I9;Q9BPX6;Q8NE86;Q8IYU8;Q9NWR8
prerank,"Muscle cell-specific SWI/SNF ATP-dependent chromatin remodeling complex, ACTL6B-ARID1A-SMARCA4 variant",0.681399328522416,1.5003610680713055,0.006191950464396285,0.0221581318841727,0.983,11/12,25.03%,O94805;Q92784;Q6STE5;Q92925;Q8TAQ2;O14497;Q969G3;Q12824;P51532;Q96GM5;Q92922
prerank,"Neuron-specific SWI/SNF ATP-dependent chromatin remodeling complex, ARID1A-SMARCA4 variant",0.6814884898515067,1.5000371525606886,0.0051440329218107,0.022147067539033168,0.983,11/12,25.03%,Q92782;O94805;Q92784;Q6STE5;Q8TAQ2;O14497;Q969G3;Q12824;P51532;Q96GM5;Q92922
prerank,"Neuron-specific SWI/SNF ATP-dependent chromatin remodeling complex, ARID1B-SMARCA4 variant",0.6814918500174257,1.499074145083105,0.009259259259259259,0.02243054275639725,0.983,11/12,25.03%,Q92782;O94805;Q92784;Q8NFD5;Q6STE5;Q8TAQ2;Q969G3;Q12824;P51532;Q96GM5;Q92922
prerank,"Muscle cell-specific SWI/SNF ATP-dependent chromatin remodeling complex, ACTL6B-ARID1B-SMARCA4 variant",0.6814026971980284,1.4955193581049167,0.011375387797311272,0.023854834267052955,0.985,11/12,25.03%,O94805;Q92784;Q8NFD5;Q6STE5;Q92925;Q8TAQ2;Q969G3;Q12824;P51532;Q96GM5;Q92922
prerank,N-acetylglucosamine-1-phosphotransferase complex,-0.7944028816846772,-1.4933347730550575,0.04878048780487805,0.1808931309352749,0.997,3/3,20.65%,Q3T906-PRO_0000225008;Q3T906-PRO_0000225009;Q9UJJ9
prerank,"Neuron-specific SWI/SNF ATP-dependent chromatin remodeling complex, ARID1A-SMARCA2 variant",0.6814918500163492,1.493053801536492,0.0031023784901758012,0.024816920544129335,0.985,11/12,25.03%,Q92782;O94805;Q92784;Q6STE5;Q8TAQ2;O14497;P51531;Q969G3;Q12824;Q96GM5;Q92922
prerank,"Neuron-specific SWI/SNF ATP-dependent chromatin remodeling complex, ARID1B-SMARCA2 variant",0.6814952098617795,1.4926848615849222,0.005159958720330237,0.024868039842948813,0.986,11/12,25.03%,Q92782;O94805;Q92784;Q8NFD5;Q6STE5;Q8TAQ2;P51531;Q969G3;Q12824;Q96GM5;Q92922
prerank,"Muscle cell-specific SWI/SNF ATP-dependent chromatin remodeling complex, ACTL6B-ARID1A-SMARCA2 variant",0.6814026971969487,1.4924999883503811,0.004136504653567736,0.024828627696024116,0.986,11/12,25.03%,O94805;Q92784;Q6STE5;Q92925;Q8TAQ2;O14497;P51531;Q969G3;Q12824;Q96GM5;Q92922
prerank,"Mitochondrial calcium uniporter complex, MICU1 variant",-0.7672485453034082,-1.4909373767466276,0.043824701195219126,0.18262118496120497,0.997,3/3,23.37%,Q9H4I9;Q9BPX6;Q8NE86
prerank,HOPS tethering complex,-0.5945646145313367,-1.4905897302721536,0.07317073170731707,0.1819267248499823,0.997,6/6,40.67%,Q96AX1;Q9P253;Q9H270;Q9H269;Q96JC1;P49754
prerank,"Muscle cell-specific SWI/SNF ATP-dependent chromatin remodeling complex, ACTL6B-ARID1B-SMARCA2 variant",0.6814060655508539,1.4869052476205376,0.005159958720330237,0.02718111216783114,0.991,11/12,25.03%,O94805;Q92784;Q8NFD5;Q6STE5;Q92925;Q8TAQ2;P51531;Q969G3;Q12824;Q96GM5;Q92922
prerank,"CRL4-DCAF8 E3 ubiquitin ligase complex, CUL4B variant ",0.8248337028824834,1.486806433387191,0.012376237623762377,0.027084884354684525,0.991,4/4,17.61%,Q5TAQ9;Q13620;Q16531;P62877
prerank,Hydride transfer complex,-0.774175671931283,-1.4849066848427852,0.04710144927536232,0.18852793298771345,0.997,3/3,22.67%,P11498;P40925;P48163
prerank,Caspase-2 PIDDosome,-0.7600443336104185,-1.4828076324740744,0.027450980392156862,0.18988918092255092,0.997,3/3,24.09%,P78560;P42575;Q9HB75
prerank,SOSS1 complex,0.8919368246051536,1.4827726545285698,0.0079155672823219,0.028951282520771685,0.994,3/3,10.88%,Q9BQ15;Q9NRY2;Q68E01
prerank,"CRL4-DCAF5 E3 ubiquitin ligase complex, CUL4B variant ",0.8248337028824835,1.4799379040650242,0.008771929824561403,0.030105527915701202,0.994,4/4,17.61%,Q96JK2;Q13620;Q16531;P62877
prerank,ASAP splicing-associated complex,0.8899972291493488,1.4796190290589066,0.004032258064516129,0.0301454117691054,0.995,3/3,11.07%,Q9UKV3;O00422;Q15287
prerank,"SCF E3 ubiquitin ligase complex, FBXL5 variant",0.8248337028824835,1.4776932259964422,0.01090909090909091,0.030930190570273856,0.996,4/4,17.61%,Q9UKA1;Q13616;P63208;P62877
prerank,"SCF E3 ubiquitin ligase complex, FBXO3 variant",0.8248337028824835,1.477258572601769,0.014527845036319613,0.03101690227107313,0.998,4/4,17.61%,Q9UK99;Q13616;P63208;P62877
prerank,"GBAF (SWI/SNF) ATP-dependent chromatin remodeling complex, ACTL6B-BICRAL-SMARCA2 variant",0.6747122834481074,1.4768334861624686,0.014583333333333334,0.031093839699112093,0.998,10/11,25.03%,O94805;Q6AI39;Q9H8M2;Q15532;Q8WUZ0;Q9BQE9;Q4VC05;P51531;Q96GM5;Q92922
prerank,"SCF E3 ubiquitin ligase complex, FBXL14 variant",0.8248337028824835,1.4765890700352542,0.009864364981504316,0.031065926497469466,0.998,4/4,17.61%,Q8N1E6;Q13616;P63208;P62877
prerank,"CRL4-DCAF9 E3 ubiquitin ligase complex, CUL4B variant ",0.8248337028824835,1.4763244962863031,0.01125,0.03106196389666372,0.998,4/4,17.61%,Q8N5D0;Q13620;Q16531;P62877
prerank,"SCF E3 ubiquitin ligase complex, FBXL21 variant",0.8248337028824835,1.4763067883074439,0.015719467956469165,0.030928322067972004,0.998,4/4,17.61%,Q9UKT6;Q13616;P63208;P62877
prerank,"PtdIns(3,5)P2 regulatory complex",-0.7885840953172625,-1.475865061204581,0.056451612903225805,0.19658585987798835,0.997,3/3,21.23%,Q92562;Q08AM6;Q9Y2I7
prerank,"CRL4-DDB2 E3 ubiquitin ligase complex, CUL4A variant ",0.8248337028824835,1.4756314614093,0.007471980074719801,0.03113631661527575,0.998,4/4,17.61%,Q92466;Q13619;Q16531;P62877
prerank,"CRL3 E3 ubiquitin ligase complex, SPOP-SPOPL variant",0.8248337028824834,1.4756008942968901,0.008663366336633664,0.031021079429413626,0.998,4/4,17.61%,O43791;Q6IQ16;Q13618;P62877
prerank,"GBAF (SWI/SNF) ATP-dependent chromatin remodeling complex, ACTL6B-BICRAL-SMARCA4 variant",0.6747082672669819,1.4755288583827226,0.013513513513513514,0.030909793176216734,0.998,10/11,25.03%,O94805;Q6AI39;Q9H8M2;Q15532;Q8WUZ0;Q9BQE9;Q4VC05;P51532;Q96GM5;Q92922
prerank,"CRL4-DCAF1 E3 ubiquitin ligase complex, CUL4A variant ",0.8248337028824835,1.4752454736601672,0.008849557522123894,0.030892148312297623,0.998,4/4,17.61%,Q9Y4B6;Q13619;Q16531;P62877
prerank,tRNA-splicing ligase complex,0.715801433142204,1.4752017906702917,0.0183982683982684,0.03077379236574485,0.998,7/8,17.94%,Q9Y3I0;Q52LJ0;Q8NCA5;Q92499;Q8IWT0;Q9Y224;Q9BVC5
prerank,"CRL4-DCAF5 E3 ubiquitin ligase complex, CUL4A variant ",0.8248337028824835,1.4751598006603224,0.008905852417302799,0.030647885823885092,0.998,4/4,17.61%,Q96JK2;Q13619;Q16531;P62877
prerank,"SCF E3 ubiquitin ligase complex, CCNF variant",0.8248337028824835,1.4747663744973905,0.013513513513513514,0.030694480250563604,0.998,4/4,17.61%,P41002;Q13616;P63208;P62877
prerank,"CRL4-DDB2 E3 ubiquitin ligase complex, CUL4B variant ",0.8248337028824835,1.4743040343156608,0.009900990099009901,0.03078331820536597,0.998,4/4,17.61%,Q92466;Q13620;Q16531;P62877
prerank,"SCF E3 ubiquitin ligase complex, FBXL17 variant",0.8248337028824835,1.473979185003193,0.020706455542021926,0.03085155506703779,0.998,4/4,17.61%,Q9UF56;Q13616;P63208;P62877
prerank,"CRL4-AMBRA1 E3 ubiquitin ligase complex, CUL4B variant ",0.8248337028824834,1.4738528183819761,0.0140485312899106,0.030792348278045632,0.998,4/4,17.61%,Q9C0C7;Q13620;Q16531;P62877
prerank,"CRL4-CDT2 E3 ubiquitin ligase complex, CUL4A variant ",0.8248337028824835,1.472558287057933,0.012453300124533,0.03124724268264312,0.998,4/4,17.61%,Q9NZJ0;Q13619;Q16531;P62877
prerank,"CRL4-DCAF1 E3 ubiquitin ligase complex, CUL4B variant ",0.8248337028824834,1.4725169296192735,0.008871989860583017,0.031130944985027414,0.998,4/4,17.61%,Q9Y4B6;Q13620;Q16531;P62877
prerank,3M complex,0.8969243557772235,1.4723870015009595,0.004037685060565276,0.03103791157041408,0.998,3/3,10.38%,Q9H0W5;O75147;Q14999
prerank,Non-canonical FBXO45-MYCBP2-SKP1 E3 ubiquitin ligase complex,0.8897201440842339,1.4719976513782398,0.005235602094240838,0.031095269885037295,0.998,3/3,11.10%,P0C2W1;O75592;P63208
prerank,"SCF E3 ubiquitin ligase complex, FBXL16 variant",0.8248337028824835,1.4719836686852106,0.015873015873015872,0.030970088663392802,0.998,4/4,17.61%,Q8N461;Q13616;P63208;P62877
prerank,"CRL4-DCAF17 E3 ubiquitin ligase complex, CUL4A variant ",0.8248337028824835,1.4719700812535574,0.010012515644555695,0.03084048436033253,0.998,4/4,17.61%,Q5H9S7;Q13619;Q16531;P62877
prerank,Myb-MuvB-FOXM1 transcriptional activation complex,0.7367545076282941,1.471920332490091,0.010180995475113122,0.030750270495860255,0.998,7/7,26.47%,Q08050;P10244;Q5TKA1;Q6MZP7;Q96GY3;Q52LA3;Q09028
prerank,"CRL4-AMBRA1 E3 ubiquitin ligase complex, CUL4A variant ",0.8248337028824835,1.4715288019693074,0.007614213197969543,0.030846000642170412,0.998,4/4,17.61%,Q9C0C7;Q13619;Q16531;P62877
prerank,"CRL4-DCAF11 E3 ubiquitin ligase complex, CUL4A variant ",0.8248337028824835,1.4715011898039763,0.008917197452229299,0.030734830902039014,0.998,4/4,17.61%,Q8TEB1;Q13619;Q16531;P62877
prerank,"CRL4-DCAF8 E3 ubiquitin ligase complex, CUL4A variant ",0.8248337028824834,1.471185035966155,0.007614213197969543,0.030754211848252895,0.998,4/4,17.61%,Q5TAQ9;Q13619;Q16531;P62877
prerank,SOSS2 complex,0.8919368246051536,1.4710757113299657,0.00784313725490196,0.030679314036945547,0.998,3/3,10.88%,Q96AH0;Q9NRY2;Q68E01
prerank,"Polycomb repressive complex 2.1, EZH1-RBBP7-PCL1-EPOP variant",0.7443150305047143,1.4710557221957121,0.024943310657596373,0.03055416140240532,0.998,6/6,25.69%,O43189;A6NHQ4;Q92800;Q15022;O75530;Q16576
prerank,"CRL4-ERCC8 E3 ubiquitin ligase complex, CUL4B variant",0.8248337028824834,1.471039446564661,0.00749063670411985,0.030430047378940107,0.998,4/4,17.61%,Q13216;Q13620;Q16531;P62877
prerank,"GBAF (SWI/SNF) ATP-dependent chromatin remodeling complex, ACTL6B-BICRA-SMARCA4 variant",0.6747082672669819,1.4705740512586076,0.014568158168574402,0.030495514479873705,0.999,10/11,25.03%,O94805;Q9NZM4;Q9H8M2;Q15532;Q8WUZ0;Q9BQE9;Q4VC05;P51532;Q96GM5;Q92922
prerank,"SCF E3 ubiquitin ligase complex, FBXL19 variant",0.8248337028824835,1.4705610720619209,0.016290726817042606,0.03038059765892426,0.999,4/4,17.61%,Q6PCT2;Q13616;P63208;P62877
prerank,"SCF E3 ubiquitin ligase complex, FBXO38 variant",0.8248337028824835,1.4705297337336911,0.014778325123152709,0.03026398883754289,0.999,4/4,17.61%,Q6PIJ6;Q13616;P63208;P62877
prerank,"GBAF (SWI/SNF) ATP-dependent chromatin remodeling complex, ACTL6B-BICRA-SMARCA2 variant",0.6747122834481074,1.4705211092478585,0.014598540145985401,0.030148331924907484,0.999,10/11,25.03%,O94805;Q9NZM4;Q9H8M2;Q15532;Q8WUZ0;Q9BQE9;Q4VC05;P51531;Q96GM5;Q92922
prerank,"CRL4-DCAF9 E3 ubiquitin ligase complex, CUL4A variant ",0.8248337028824835,1.4704897289131087,0.008793969849246231,0.03004667794951485,0.999,4/4,17.61%,Q8N5D0;Q13619;Q16531;P62877
prerank,Kinetochore SKA complex,-0.7484067608755889,-1.4703037983355067,0.05223880597014925,0.20247215771125446,0.998,3/3,25.25%,Q8WVK7;Q96BD8;Q8IX90
prerank,"SCF E3 ubiquitin ligase complex, FBXW5 variant",0.8248337028824835,1.470168593988459,0.022304832713754646,0.030044721198202375,0.999,4/4,17.61%,Q969U6;Q13616;P63208;P62877
prerank,Dynactin complex,0.6844245790352514,1.470053438960832,0.014814814814814815,0.029977993760681745,0.999,9/10,23.37%,Q14203;Q9BTE1;Q9UJW0;O00399;Q9NZ32;P61163;Q13561;CPX-8695;O75935
prerank,"CRL4-DCAF11 E3 ubiquitin ligase complex, CUL4B variant ",0.8248337028824835,1.4698392205423427,0.008871989860583017,0.02996858541278128,0.999,4/4,17.61%,Q8TEB1;Q13620;Q16531;P62877
prerank,"CRL4-DCAF14 E3 ubiquitin ligase complex, CUL4B variant ",0.8248337028824834,1.4698018980248098,0.011235955056179775,0.029879559795000066,0.999,4/4,17.61%,Q8WWQ0;Q13620;Q16531;P62877
prerank,"SCF E3 ubiquitin ligase complex, FBXO22 variant",0.8248337028824835,1.4694099546512207,0.011083743842364532,0.029916707312090427,0.999,4/4,17.61%,Q8NEZ5;Q13616;P63208;P62877
prerank,"SCF E3 ubiquitin ligase complex, FBXO41 variant",0.8248337028824835,1.469386651887621,0.013496932515337423,0.029815842490340184,0.999,4/4,17.61%,Q8TF61;Q13616;P63208;P62877
prerank,"SCF E3 ubiquitin ligase complex, FBXO21 variant",0.8248337028824835,1.4692818638475231,0.01373283395755306,0.02974371770362428,0.999,4/4,17.61%,O94952;Q13616;P63208;P62877
prerank,"CRL3 E3 ubiquitin ligase complex, KBTBD6-KBTBD7 variant",0.8248337028824834,1.4691415388114852,0.011056511056511056,0.029699993502710038,0.999,4/4,17.61%,Q86V97;Q8WVZ9;Q13618;P62877
prerank,"CRL4-CDT2 E3 ubiquitin ligase complex, CUL4B variant ",0.8248337028824835,1.4691071253352406,0.012531328320802004,0.02959360422226474,0.999,4/4,17.61%,Q9NZJ0;Q13620;Q16531;P62877
prerank,"Polycomb repressive complex 2.1, EZH1-RBBP7-PCL3-EPOP variant",0.7443150305047143,1.469094693434424,0.021714285714285714,0.029485535632497572,0.999,6/6,25.69%,Q5T6S3;A6NHQ4;Q92800;Q15022;O75530;Q16576
prerank,"CRL4-DCAF12 E3 ubiquitin ligase complex, CUL4A variant ",0.8248337028824835,1.4689372510374958,0.011306532663316583,0.02943582430875064,0.999,4/4,17.61%,Q5T6F0;Q13619;Q16531;P62877
prerank,"SCF E3 ubiquitin ligase complex, FBXO39 variant",0.8248337028824835,1.4688793675435554,0.018315018315018316,0.029346642111712458,0.999,4/4,17.61%,Q8N4B4;Q13616;P63208;P62877
prerank,"SCF E3 ubiquitin ligase complex, FBXO10 variant",0.8248337028824835,1.4686009911488005,0.008684863523573201,0.02935988584530346,0.999,4/4,17.61%,Q9UK96;Q13616;P63208;P62877
prerank,Gamma tubulin ring complex,0.6835917084078222,1.4683779334426992,0.007415254237288136,0.029353252881027157,0.999,9/10,23.45%,Q9UGJ1;Q6P582;Q96RT8;Q96CW5;Q96RT7;Q9BSJ2;Q08AG7;Q6NZ67;P23258
prerank,"SCF E3 ubiquitin ligase complex, FBXO25 variant",0.8248337028824835,1.468356242406617,0.011138613861386138,0.029262949750163483,0.999,4/4,17.61%,Q8TCJ0;Q13616;P63208;P62877
prerank,"CRL4-DCAF17 E3 ubiquitin ligase complex, CUL4B variant ",0.8248337028824834,1.4679867300916871,0.00880503144654088,0.029315609014736982,1.0,4/4,17.61%,Q5H9S7;Q13620;Q16531;P62877
prerank,"SCF E3 ubiquitin ligase complex, FBXO5 variant",0.8248337028824835,1.4679786906406163,0.01734820322180917,0.0292065864775984,1.0,4/4,17.61%,Q9UKT4;Q13616;P63208;P62877
prerank,"DNA-directed RNA polymerase II complex, Pol II(G) variant",0.6483180428134558,1.4679356121124132,0.008146639511201629,0.029120299473792716,1.0,15/15,35.44%,P52435;O15514;P62487;P19387;P24928;P36954;P0CAP2;P30876;P62875;P61218;P52434;P53803;P19388;CHEBI:18420;CHEBI:29105
prerank,"SCF E3 ubiquitin ligase complex, FBH1 variant",0.8248337028824835,1.4678507463461805,0.01616915422885572,0.029058915834064433,1.0,4/4,17.61%,Q8NFZ0;Q13616;P63208;P62877
prerank,"SCF E3 ubiquitin ligase complex, FBXW2 variant",0.8248337028824835,1.467837844482213,0.0163727959697733,0.028956920079958436,1.0,4/4,17.61%,Q9UKT8;Q13616;P63208;P62877
prerank,"SCF E3 ubiquitin ligase complex, FBXO46 variant",0.8248337028824835,1.4677907620841588,0.011138613861386138,0.028867723577705104,1.0,4/4,17.61%,Q6PJ61;Q13616;P63208;P62877
prerank,"Polycomb repressive complex 2.2, EZH1-RBBP7 variant",0.7443150305047143,1.4670042909250622,0.013761467889908258,0.029148494919060523,1.0,6/6,25.69%,Q6ZN18;Q92833;Q92800;Q15022;O75530;Q16576
prerank,"SCF E3 ubiquitin ligase complex, FBXO36 variant",0.8248337028824835,1.4669900883008116,0.01616915422885572,0.029047303656320037,1.0,4/4,17.61%,Q8NEA4;Q13616;P63208;P62877
prerank,"SCF E3 ubiquitin ligase complex, SKP2 variant",0.8248337028824835,1.4666725110115,0.014943960149439602,0.02908491951901767,1.0,4/4,17.61%,Q13309;Q13616;P63208;P62877
prerank,"CRL4-CRBN E3 ubiquitin ligase complex, CUL4B variant ",0.8248337028824835,1.4663070758577181,0.011180124223602485,0.029136486890048677,1.0,4/4,17.61%,Q96SW2;Q13620;Q16531;P62877
prerank,"CRL4-DCAF16 E3 ubiquitin ligase complex, CUL4A variant ",0.8248337028824835,1.4662315729410782,0.005012531328320802,0.029076623463783046,1.0,4/4,17.61%,Q9NXF7;Q13619;Q16531;P62877
prerank,"CRL4-DCAF4 E3 ubiquitin ligase complex, CUL4A variant ",0.8248337028824835,1.4662198571980762,0.011097410604192354,0.028977178122310838,1.0,4/4,17.61%,Q8WV16;Q13619;Q16531;P62877
prerank,General transcription factor complex TFIID,0.650083379655364,1.4662091228447172,0.010193679918450561,0.02887845865924353,1.0,14/14,35.24%,P21675;Q7Z7C8;Q15543;Q5VWG9;Q15544;O00268;Q15545;P49848;Q15542;Q6P1X5;P20226;Q16514;Q12962;Q16594
prerank,"SCF E3 ubiquitin ligase complex, FBXO30 variant",0.8248337028824835,1.4661807810802499,0.02002503128911139,0.028773446082300827,1.0,4/4,17.61%,Q8TB52;Q13616;P63208;P62877
prerank,CSL-NOTCH1-MAML transcriptional activation complex,-0.7553338875034636,-1.4657239602449552,0.04782608695652174,0.20756355941194485,0.999,3/3,24.56%,Q06330;Q92585;P46531
prerank,"SCF E3 ubiquitin ligase complex, FBXO27 variant",0.8248337028824835,1.4655648768570901,0.014687882496940025,0.028932321413320587,1.0,4/4,17.61%,Q8NI29;Q13616;P63208;P62877
prerank,"SCF E3 ubiquitin ligase complex, FBXL6 variant",0.8248337028824835,1.4654632002263035,0.018541409147095178,0.02887659576451108,1.0,4/4,17.61%,Q8N531;Q13616;P63208;P62877
prerank,"SWI/SNF ATP-dependent chromatin remodeling complex, ACTL6B-ARID1A-SMARCA4 variant",0.6746821518721536,1.4651466555729433,0.010427528675703858,0.028932237652275428,1.0,10/11,25.03%,O94805;Q6STE5;Q92925;Q8TAQ2;O14497;Q969G3;Q12824;P51532;Q96GM5;Q92922
prerank,"SCF E3 ubiquitin ligase complex, BTRC variant",0.8248337028824835,1.4651390313785972,0.012345679012345678,0.028833144913358956,1.0,4/4,17.61%,Q9Y297;Q13616;P63208;P62877
prerank,"SCF E3 ubiquitin ligase complex, TSPAN17 variant",0.8248337028824835,1.4651306385251663,0.02,0.028737055271675065,1.0,4/4,17.61%,Q96FV3;Q13616;P63208;P62877
prerank,"CRL4-DCAF4 E3 ubiquitin ligase complex, CUL4B variant ",0.8248337028824835,1.464582769881378,0.011194029850746268,0.028865787660303538,1.0,4/4,17.61%,Q8WV16;Q13620;Q16531;P62877
prerank,"SWI/SNF ATP-dependent chromatin remodeling complex, ACTL6B-ARID1B-SMARCA4 variant",0.6746861707782541,1.4645198576632732,0.013527575442247659,0.028795332897189194,1.0,10/11,25.03%,O94805;Q8NFD5;Q6STE5;Q92925;Q8TAQ2;Q969G3;Q12824;P51532;Q96GM5;Q92922
prerank,"SCF E3 ubiquitin ligase complex, FBXO40 variant",0.8248337028824835,1.4644839186870626,0.011292346298619825,0.0287072083656929,1.0,4/4,17.61%,Q9UH90;Q13616;P63208;P62877
prerank,"DNA replication factor C complex, RFC1 variant",-0.5996784030474734,-1.464397516042544,0.041666666666666664,0.2078756729189443,0.999,4/5,12.15%,P35249;P40938;P40937;P35250
prerank,"CRL4-DCAF6 E3 ubiquitin ligase complex, CUL4A variant ",0.8248337028824835,1.4640151310207898,0.008610086100861008,0.028812056360896014,1.0,4/4,17.61%,Q58WW2;Q13619;Q16531;P62877
prerank,"SCF E3 ubiquitin ligase complex, FBXO34 variant",0.8248337028824835,1.463980962447683,0.01726263871763255,0.028729001615693986,1.0,4/4,17.61%,Q9NWN3;Q13616;P63208;P62877
prerank,tRNA-intron splicing endonuclease complex,-0.6282228999168284,-1.46388811984126,0.07303370786516854,0.20713373235172608,0.999,5/5,37.29%,Q92989;Q8NCE0;Q9BSV6;Q8WW01;Q7Z6J9
prerank,"SCF E3 ubiquitin ligase complex, FBXO17 variant",0.8248337028824835,1.4638104224870834,0.02369077306733167,0.02868472903550711,1.0,4/4,17.61%,Q96EF6;Q13616;P63208;P62877
prerank,"SCF E3 ubiquitin ligase complex, FBXW4 variant",0.8248337028824835,1.463688062033884,0.012453300124533,0.02862732911969875,1.0,4/4,17.61%,P57775;Q13616;P63208;P62877
prerank,"SCF E3 ubiquitin ligase complex, FBXO15 variant",0.8248337028824835,1.4635787356321186,0.014814814814814815,0.028583717017485372,1.0,4/4,17.61%,Q8NCQ5;Q13616;P63208;P62877
prerank,"CRL4-DCAF12 E3 ubiquitin ligase complex, CUL4B variant ",0.8248337028824835,1.4632390302799734,0.013801756587202008,0.02859600203598713,1.0,4/4,17.61%,Q5T6F0;Q13620;Q16531;P62877
prerank,"SWI/SNF ATP-dependent chromatin remodeling complex, ACTL6B-ARID1A-SMARCA2 variant",0.6746861707769662,1.463160750699976,0.008342022940563087,0.028535069579669683,1.0,10/11,25.03%,O94805;Q6STE5;Q92925;Q8TAQ2;O14497;P51531;Q969G3;Q12824;Q96GM5;Q92922
prerank,"CRL4-DCAF14 E3 ubiquitin ligase complex, CUL4A variant ",0.8248337028824835,1.4629081423083141,0.012453300124533,0.028547437338380416,1.0,4/4,17.61%,Q8WWQ0;Q13619;Q16531;P62877
prerank,"CRL4-ERCC8 E3 ubiquitin ligase complex, CUL4A variant ",0.8248337028824834,1.462589044361819,0.008771929824561403,0.02858613196507079,1.0,4/4,17.61%,Q13216;Q13619;Q16531;P62877
prerank,"SCF E3 ubiquitin ligase complex, FBXO24 variant",0.8248337028824835,1.4625508750066165,0.017135862913096694,0.028510502905370546,1.0,4/4,17.61%,O75426;Q13616;P63208;P62877
prerank,"SCF E3 ubiquitin ligase complex, LMO7 variant",0.8248337028824835,1.4625205429502075,0.01591187270501836,0.028424458367381018,1.0,4/4,17.61%,Q8WWI1;Q13616;P63208;P62877
prerank,"Gamma-secretase complex, APH1A-PSEN1 variant",-0.5924591072913779,-1.4617444900580632,0.04666666666666667,0.20864874410987935,0.999,5/5,40.86%,Q9NZ42;Q92542;Q96BI3;P49768-PRO_0000236055;P49768-PRO_0000025591
prerank,"SCF E3 ubiquitin ligase complex, FBXL18 variant",0.8248337028824835,1.461708184939967,0.00997506234413965,0.028685391751069683,1.0,4/4,17.61%,Q96ME1;Q13616;P63208;P62877
prerank,"SCF E3 ubiquitin ligase complex, FBXO6 variant",0.8248337028824835,1.4616829983831459,0.011221945137157107,0.028597166532279446,1.0,4/4,17.61%,Q9NRD1;Q13616;P63208;P62877
prerank,"SCF E3 ubiquitin ligase complex, FBXO43 variant",0.8248337028824835,1.4616762159302883,0.021303258145363407,0.028500879776278507,1.0,4/4,17.61%,Q4G163;Q13616;P63208;P62877
prerank,"CRL4-DCAF6 E3 ubiquitin ligase complex, CUL4B variant ",0.8248337028824835,1.4614482597573182,0.012453300124533,0.02849581854678151,1.0,4/4,17.61%,Q58WW2;Q13620;Q16531;P62877
prerank,"SCF E3 ubiquitin ligase complex, FBXW10 variant",0.8248337028824835,1.4614299978230085,0.01485148514851485,0.02840696311766809,1.0,4/4,17.61%,Q5XX13;Q13616;P63208;P62877
prerank,"CRL4-DCAF16 E3 ubiquitin ligase complex, CUL4B variant ",0.8248337028824835,1.461363891038939,0.015267175572519083,0.028344407327973692,1.0,4/4,17.61%,Q9NXF7;Q13620;Q16531;P62877
prerank,"SCF E3 ubiquitin ligase complex, FBXL3 variant",0.8248337028824835,1.461345160828967,0.015,0.028258780482994243,1.0,4/4,17.61%,Q9UKT7;Q13616;P63208;P62877
prerank,"Polycomb repressive complex 2.1, EZH1-RBBP7-PCL1-PALI1 variant",0.7443150305047143,1.4613340464768076,0.022701475595913734,0.02816946453270148,1.0,6/6,25.69%,O43189;Q96JN0;Q92800;Q15022;O75530;Q16576
prerank,DNA-directed RNA polymerase I complex,0.6481378543635355,1.461274922647587,0.0051440329218107,0.02811043299284648,1.0,14/14,35.44%,Q9P1U0;O95602;Q3B726;O15446;Q9GZS1;Q9H9Y6;P0DPB6;O15160;P62875;P61218;P52434;P53803;P19388;CHEBI:29105
prerank,CoQ biosynthetic complex,0.7092400475838017,1.4609579281124494,0.01945945945945946,0.028161722222526952,1.0,7/8,18.60%,Q9Y2Z9;Q9NZJ6;Q99807;Q9Y3A0;Q5HYK3;CHEBI:24875;O75208
prerank,"Polycomb repressive complex 2.2, EZH1-RBBP4 variant",0.7365501941209095,1.4609097989758975,0.021566401816118047,0.02809046023974129,1.0,6/6,26.47%,Q6ZN18;Q92833;Q92800;Q15022;O75530;Q09028
prerank,"SCF E3 ubiquitin ligase complex, FBXW9 variant",0.8248337028824835,1.4605560753168276,0.015267175572519083,0.02814778031757736,1.0,4/4,17.61%,Q5XUX1;Q13616;P63208;P62877
prerank,"SCF E3 ubiquitin ligase complex, FBXO31 variant",0.8248337028824835,1.4605072275741389,0.012300123001230012,0.02807284114383385,1.0,4/4,17.61%,Q5XUX0;Q13616;P63208;P62877
prerank,"SCF E3 ubiquitin ligase complex, FBXO4 variant",0.8248337028824835,1.460295488175226,0.01756587202007528,0.02806516071769021,1.0,4/4,17.61%,Q9UKT5;Q13616;P63208;P62877
prerank,"CRL4-CRBN E3 ubiquitin ligase complex, CUL4A variant ",0.8248337028824835,1.460280512511437,0.007585335018963337,0.02798265445966908,1.0,4/4,17.61%,Q96SW2;Q13619;Q16531;P62877
prerank,"SCF E3 ubiquitin ligase complex, FBXW12 variant",0.8248337028824835,1.460030755494106,0.012376237623762377,0.028008485180277345,1.0,4/4,17.61%,Q6X9E4;Q13616;P63208;P62877
prerank,"SCF E3 ubiquitin ligase complex, KDM2A variant",0.8248337028824835,1.4598753313127522,0.016331658291457288,0.02796595526068696,1.0,4/4,17.61%,Q9Y2K7;Q13616;P63208;P62877
prerank,"SCF E3 ubiquitin ligase complex, FBXO32 variant",0.8248337028824835,1.4598559661101875,0.013819095477386936,0.027884560298278214,1.0,4/4,17.61%,Q969P5;Q13616;P63208;P62877
prerank,"SCF E3 ubiquitin ligase complex, FBXL20 variant",0.8248337028824835,1.4597569303508764,0.011029411764705883,0.0278221650983309,1.0,4/4,17.61%,Q96IG2;Q13616;P63208;P62877
prerank,"SCF E3 ubiquitin ligase complex, FBXO33 variant",0.8248337028824835,1.4594134715599076,0.019656019656019656,0.027872738963672872,1.0,4/4,17.61%,Q7Z6M2;Q13616;P63208;P62877
prerank,"Polycomb repressive complex 2.1, EZH2-RBBP7-PCL3-EPOP variant",0.7443150305047143,1.4593866746325508,0.019450800915331808,0.027784254078073913,1.0,6/6,25.69%,Q5T6S3;A6NHQ4;Q15910;Q15022;O75530;Q16576
prerank,"SCF E3 ubiquitin ligase complex, FBXO8 variant",0.8248337028824835,1.4589630428627414,0.017587939698492462,0.027840729236236903,1.0,4/4,17.61%,Q9NRD0;Q13616;P63208;P62877
prerank,NALCN channelosome complex,0.8267738359201773,1.458552485262137,0.017434620174346202,0.027884683760961208,1.0,4/4,17.41%,Q9P2D8;Q8N2C7;B1AL88;Q8IZF0
prerank,"SCF E3 ubiquitin ligase complex, FBXL15 variant",0.8248337028824835,1.4585248952246717,0.016331658291457288,0.02779699607617831,1.0,4/4,17.61%,Q9H469;Q13616;P63208;P62877
prerank,"SCF E3 ubiquitin ligase complex, FBXO47 variant",0.8248337028824835,1.4582336020566857,0.018541409147095178,0.02780253326833867,1.0,4/4,17.61%,Q5MNV8;Q13616;P63208;P62877
prerank,"General transcription factor complex TFIID, TAF4B variant",0.6500833796553639,1.4581299826123342,0.009183673469387756,0.02775983472200129,1.0,14/14,35.24%,Q92750;P21675;Q7Z7C8;Q15543;Q5VWG9;Q15544;Q15545;P49848;Q15542;Q6P1X5;P20226;Q16514;Q12962;Q16594
prerank,"SCF E3 ubiquitin ligase complex, FBXO11 variant",0.8248337028824835,1.4581176004206102,0.011320754716981131,0.027675357609930538,1.0,4/4,17.61%,Q86XK2;Q13616;P63208;P62877
prerank,"SCF E3 ubiquitin ligase complex, FBXL8 variant",0.8248337028824835,1.457543545042846,0.01968019680196802,0.027802971241452538,1.0,4/4,17.61%,Q96CD0;Q13616;P63208;P62877
prerank,"SCF E3 ubiquitin ligase complex, FBXL22 variant",0.8248337028824835,1.4574967672570438,0.018427518427518427,0.027732811745281846,1.0,4/4,17.61%,Q6P050;Q13616;P63208;P62877
prerank,"CRL4-DCAF10 E3 ubiquitin ligase complex, CUL4B variant ",0.8248337028824835,1.4574587937016135,0.018867924528301886,0.02767895401753912,1.0,4/4,17.61%,Q5QP82;Q13620;Q16531;P62877
prerank,"CRL4-DCAF7 E3 ubiquitin ligase complex, CUL4A variant ",0.8248337028824835,1.4572382844461642,0.012453300124533,0.027668932332552888,1.0,4/4,17.61%,P61962;Q13619;Q16531;P62877
prerank,KMN complex,-0.7509005264616238,-1.4570814366196538,0.04602510460251046,0.21378270407737676,1.0,3/3,25.00%,CPX-5644;CPX-5643;CPX-550
prerank,"Muscle-type nicotinic acetylcholine receptor complex, alpha1-beta1-delta-epsilon",-0.6590419981739923,-1.4566864258496552,0.041884816753926704,0.21293875681798158,1.0,3/4,4.79%,Q07001;P11230-PRO_0000000315;P02708-PRO_0000000305
prerank,"Polycomb repressive complex 2.1, EZH1-RBBP7-PCL3-PALI1 variant",0.7443150305047143,1.4566296768774634,0.016091954022988506,0.0278561137705696,1.0,6/6,25.69%,Q5T6S3;Q96JN0;Q92800;Q15022;O75530;Q16576
prerank,"SCF E3 ubiquitin ligase complex, FBXO7 variant",0.8248337028824835,1.456418059982038,0.019753086419753086,0.027847576994954108,1.0,4/4,17.61%,Q9Y3I1;Q13616;P63208;P62877
prerank,"SCF E3 ubiquitin ligase complex, FBXO9 variant",0.8248337028824835,1.4560925305610979,0.017369727047146403,0.02790179293112065,1.0,4/4,17.61%,Q9UK97;Q13616;P63208;P62877
prerank,"SCF E3 ubiquitin ligase complex, FBXO28 variant",0.8248337028824835,1.4557190855065483,0.02122347066167291,0.027967399926896327,1.0,4/4,17.61%,Q9NVF7;Q13616;P63208;P62877
prerank,"SCF E3 ubiquitin ligase complex, FBXL13 variant",0.8248337028824836,1.455660807297325,0.017699115044247787,0.027907967995950488,1.0,4/4,17.61%,Q8NEE6;Q13616;P63208;P62877
prerank,"Polycomb repressive complex 2.1, EZH1-RBBP4-PCL1-EPOP variant",0.7365501941209094,1.4555017890563435,0.029511918274687854,0.02788966954100156,1.0,6/6,26.47%,O43189;A6NHQ4;Q92800;Q15022;O75530;Q09028
prerank,"Polybromo-associated SWI/SNF ATP-dependent chromatin remodeling complex, ACTL6A variant",0.6512920255626565,1.455464276198357,0.01238390092879257,0.027817279242636307,1.0,13/13,35.11%,Q9NPI1;Q68CP9;Q86U86;Q92925;Q8TAQ2;Q8WUB8;Q969G3;Q12824;P51532;Q96GM5;Q92922;P60709;O96019
prerank,"SCF E3 ubiquitin ligase complex, FBXL7 variant",0.8248337028824835,1.4552605447824263,0.014925373134328358,0.027793573101264988,1.0,4/4,17.61%,Q9UJT9;Q13616;P63208;P62877
prerank,"SCF E3 ubiquitin ligase complex, FBXW11 variant",0.8248337028824835,1.4551504050135815,0.015,0.027768084715987833,1.0,4/4,17.61%,Q9UKB1;Q13616;P63208;P62877
prerank,"SCF E3 ubiquitin ligase complex, FBXO2 variant",0.8248337028824835,1.4548940330090772,0.015018773466833541,0.0278079759013925,1.0,4/4,17.61%,Q9UK22;Q13616;P63208;P62877
prerank,"SWI/SNF ATP-dependent chromatin remodeling complex, ACTL6B-ARID1B-SMARCA2 variant",0.6746901892638575,1.4541281161117396,0.009394572025052192,0.028006387332791954,1.0,10/11,25.03%,O94805;Q8NFD5;Q6STE5;Q92925;Q8TAQ2;P51531;Q969G3;Q12824;Q96GM5;Q92922
prerank,"SCF E3 ubiquitin ligase complex, FBXL4 variant",0.8248337028824835,1.4539480590269231,0.018564356435643563,0.02799956502584478,1.0,4/4,17.61%,Q9UKA2;Q13616;P63208;P62877
prerank,"SCF E3 ubiquitin ligase complex, FBXL12 variant",0.8248337028824835,1.4534519248467759,0.016290726817042606,0.028095460053121118,1.0,4/4,17.61%,Q9NXK8;Q13616;P63208;P62877
prerank,"SCF E3 ubiquitin ligase complex, FBXW7 variant",0.8248337028824835,1.453332884111552,0.015,0.028058082182566058,1.0,4/4,17.61%,Q969H0;Q13616;P63208;P62877
prerank,"Gamma-secretase complex, APH1B-PSEN1 variant",-0.5924591072913779,-1.4532809917819893,0.06,0.2159662068201664,1.0,5/5,40.86%,Q9NZ42;Q92542;Q8WW43;P49768-PRO_0000236055;P49768-PRO_0000025591
prerank,"Polycomb repressive complex 2.1, EZH1-RBBP7-PCL2-EPOP variant",0.7443150305047143,1.4528676913808967,0.02528735632183908,0.028174033656927437,1.0,6/6,25.69%,Q9Y483;A6NHQ4;Q92800;Q15022;O75530;Q16576
prerank,"Polycomb repressive complex 2.1, EZH2-RBBP7-PCL1-EPOP variant",0.7443150305047143,1.4523383832979961,0.017123287671232876,0.028294959155608895,1.0,6/6,25.69%,O43189;A6NHQ4;Q15910;Q15022;O75530;Q16576
prerank,"SCF E3 ubiquitin ligase complex, FBXL2 variant",0.8248337028824835,1.4522233641614215,0.008793969849246231,0.028268600948775813,1.0,4/4,17.61%,Q9UKC9;Q13616;P63208;P62877
prerank,"CRL4-DCAF10 E3 ubiquitin ligase complex, CUL4A variant ",0.8248337028824835,1.451838659875288,0.01653944020356234,0.02835294518947559,1.0,4/4,17.61%,Q5QP82;Q13619;Q16531;P62877
prerank,DNA-directed RNA polymerase II complex,0.6481378543635355,1.4518229732575534,0.009193054136874362,0.028277996880753737,1.0,14/14,35.44%,P52435;O15514;P62487;P19387;P24928;P36954;P30876;P62875;P61218;P52434;P53803;P19388;CHEBI:18420;CHEBI:29105
prerank,"Polycomb repressive complex 2.1, EZH2-RBBP7-PCL1-PALI1 variant",0.7443150305047143,1.4515774643770236,0.023755656108597284,0.028294762491552605,1.0,6/6,25.69%,O43189;Q96JN0;Q15910;Q15022;O75530;Q16576
prerank,"Polycomb repressive complex 2.1,EZH2-RBBP7-PCL3-PALI1 variant",0.7443150305047143,1.4515675942879094,0.022935779816513763,0.028218558106437915,1.0,6/6,25.69%,Q5T6S3;Q96JN0;Q15910;Q15022;O75530;Q16576
prerank,Embryonic stem cell-specific SWI/SNF ATP-dependent chromatin remodeling complex,0.6512920255626565,1.4513134556669216,0.010277492291880781,0.028240954705117435,1.0,13/13,35.11%,Q92785;Q8WUZ0;Q9BQE9;Q4VC05;O14497;Q8WUB8;Q969G3;Q12824;P51532;Q96GM5;Q92922;P60709;O96019
prerank,"Polycomb repressive complex 2.1, EZH1-RBBP4-PCL3-EPOP variant",0.7365501941209094,1.4510871673513994,0.027586206896551724,0.028259529014452306,1.0,6/6,26.47%,Q5T6S3;A6NHQ4;Q92800;Q15022;O75530;Q09028
prerank,"SCF E3 ubiquitin ligase complex, FBXO44 variant",0.8248337028824835,1.4509105668354711,0.011335012594458438,0.028254057446040936,1.0,4/4,17.61%,Q9H4M3;Q13616;P63208;P62877
prerank,U1 small nuclear ribonucleoprotein complex ,0.666203832268814,1.4506431714927823,0.015739769150052464,0.028270651946498995,1.0,11/11,33.58%,P09234;P09012;P08621;M14387;P62316;P62314;P62306;P62308;P62304;P62318;P14678
prerank,"CRL4-DCAF7 E3 ubiquitin ligase complex, CUL4B variant ",0.8248337028824835,1.4501639094892929,0.01509433962264151,0.028413491038302027,1.0,4/4,17.61%,P61962;Q13620;Q16531;P62877
prerank,"Polycomb repressive complex 2.2, EZH2-RBBP7 variant",0.7443150305047143,1.4500426405587719,0.017321016166281754,0.028380241704186217,1.0,6/6,25.69%,Q6ZN18;Q92833;Q15910;Q15022;O75530;Q16576
prerank,"SCF E3 ubiquitin ligase complex, FBXO42 variant",0.8248337028824835,1.4494168794205256,0.01,0.02856383550490248,1.0,4/4,17.61%,Q6P3S6;Q13616;P63208;P62877
prerank,C9orf72-SMCR8 complex,-0.7680798004987531,-1.4493291218769104,0.0823045267489712,0.2197085732667671,1.0,3/3,23.28%,Q9HAD4;Q96LT7-1;Q8TEV9
prerank,"SCF E3 ubiquitin ligase complex, FBXO16 variant",0.8248337028824835,1.4480061808773248,0.019925280199252802,0.029091334233256157,1.0,4/4,17.61%,Q8IX29;Q13616;P63208;P62877
prerank,"Polycomb repressive complex 2.1, EZH1-RBBP4-PCL2-EPOP variant",0.7365501941209094,1.4472833821865736,0.029545454545454545,0.02931171878977489,1.0,6/6,26.47%,Q9Y483;A6NHQ4;Q92800;Q15022;O75530;Q09028
prerank,Apoptosome,0.7526344980587909,1.4458114076504684,0.016910935738444193,0.029863037819294457,1.0,6/6,24.86%,CHEBI:18248;O14727;P99999;P55211;P55211-PRO_0000004643;CHEBI:30413
prerank,"DNA replication factor C complex, RAD17 variant",-0.5996784030474736,-1.4453564029238195,0.0410958904109589,0.22365467102288084,1.0,4/5,12.15%,P35249;P40938;P40937;P35250
prerank,"Polycomb repressive complex 2.1, EZH1-RBBP4-PCL3-PALI1 variant",0.7365501941209094,1.445310399960043,0.02408256880733945,0.02999721556047871,1.0,6/6,26.47%,Q5T6S3;Q96JN0;Q92800;Q15022;O75530;Q09028
prerank,"Polycomb repressive complex 2.1, EZH1-RBBP4-PCL1-PALI1 variant",0.7365501941209094,1.4444199887214166,0.02164009111617312,0.030227584527560403,1.0,6/6,26.47%,O43189;Q96JN0;Q92800;Q15022;O75530;Q09028
prerank,"Polycomb repressive complex 2.1, EZH1-RBBP7-PCL2-PALI1 variant",0.7443150305047143,1.44261508614359,0.020785219399538105,0.03090601026521478,1.0,6/6,25.69%,Q9Y483;Q96JN0;Q92800;Q15022;O75530;Q16576
prerank,"SCF E3 ubiquitin ligase complex, KDM2B variant",0.8248337028824835,1.4418502023677684,0.016149068322981366,0.031134360202041994,1.0,4/4,17.61%,Q8NHM5;Q13616;P63208;P62877
prerank,Translocon-associated protein complex,-0.6577050997782705,-1.4417987136049306,0.05235602094240838,0.22705803990286236,1.0,4/4,34.33%,Q9UNL2;P51571;P43308;P43307
prerank,GPR88-Gi1 signaling complex,-0.6901330376940134,-1.4407275963658341,0.10416666666666667,0.22708278064695347,1.0,4/4,31.09%,Q9GZN0;P63211;P63096;P62873
prerank,"Polycomb repressive complex 2.1,EZH2-RBBP7-PCL2-PALI1 variant",0.7443150305047143,1.4399552313173498,0.021889400921658985,0.031861704241680285,1.0,6/6,25.69%,Q9Y483;Q96JN0;Q15910;Q15022;O75530;Q16576
prerank,Interleukin-5 receptor-ligand complex,-0.5476982806433722,-1.4387312081756882,0.06206896551724138,0.22826929171000518,1.0,6/6,45.35%,P32927;O60674;P29597;P05113;Q01344;P23458
prerank,"Polycomb repressive complex 2.1, EZH2-RBBP4-PCL3-EPOP variant",0.7365501941209094,1.4386948532783352,0.02422145328719723,0.03234890640157043,1.0,6/6,26.47%,Q5T6S3;A6NHQ4;Q15910;Q15022;O75530;Q09028
prerank,"Polycomb repressive complex 2.1, EZH2-RBBP7-PCL2-EPOP variant",0.7443150305047143,1.4382710504734346,0.02199074074074074,0.03246693631350251,1.0,6/6,25.69%,Q9Y483;A6NHQ4;Q15910;Q15022;O75530;Q16576
prerank,"Polycomb repressive complex 2.1,EZH2-RBBP4-PCL3-PALI1 variant",0.7365501941209094,1.4372489762257898,0.021839080459770115,0.03281031568650391,1.0,6/6,26.47%,Q5T6S3;Q96JN0;Q15910;Q15022;O75530;Q09028
prerank,"Muscle cell-specific SWI/SNF ATP-dependent chromatin remodeling complex, ACTL6A-ARID1A-SMARCA4 variant",0.6511111111111112,1.4360100731997187,0.012345679012345678,0.03329795759725616,1.0,12/12,35.11%,Q92784;Q6STE5;Q92925;Q8TAQ2;O14497;Q969G3;Q12824;P51532;Q96GM5;Q92922;P60709;O96019
prerank,"Muscle-type nicotinic acetylcholine receptor complex, alpha1-beta1-delta-gamma",-0.6590419981739923,-1.4353247575593437,0.07657657657657657,0.23184333778863156,1.0,3/4,4.79%,Q07001;P11230-PRO_0000000315;P02708-PRO_0000000305
prerank,"Polycomb repressive complex 2.1, EZH1-RBBP4-PCL2-PALI1 variant",0.7365501941209094,1.4333494388847112,0.026345933562428408,0.034402789051647245,1.0,6/6,26.47%,Q9Y483;Q96JN0;Q92800;Q15022;O75530;Q09028
prerank,"Polycomb repressive complex 2.2, EZH2-RBBP4 variant",0.7365501941209095,1.4316257571546558,0.02668213457076566,0.03511984316593487,1.0,6/6,26.47%,Q6ZN18;Q92833;Q15910;Q15022;O75530;Q09028
prerank,"Muscle cell-specific SWI/SNF ATP-dependent chromatin remodeling complex, ACTL6A-ARID1B-SMARCA4 variant",0.6511111111111112,1.4299864137488218,0.014418125643666324,0.035785846966620856,1.0,12/12,35.11%,Q92784;Q8NFD5;Q6STE5;Q92925;Q8TAQ2;Q969G3;Q12824;P51532;Q96GM5;Q92922;P60709;O96019
prerank,"Polycomb repressive complex 2.1, EZH2-RBBP4-PCL1-PALI1 variant",0.7365501941209094,1.429541106862883,0.0286368843069874,0.035915285395295815,1.0,6/6,26.47%,O43189;Q96JN0;Q15910;Q15022;O75530;Q09028
prerank,"Polycomb repressive complex 2.1, EZH2-RBBP4-PCL1-EPOP variant",0.7365501941209094,1.4290662157926524,0.03452243958573072,0.036035339268311865,1.0,6/6,26.47%,O43189;A6NHQ4;Q15910;Q15022;O75530;Q09028
prerank,"Muscle cell-specific SWI/SNF ATP-dependent chromatin remodeling complex, ACTL6A-ARID1A-SMARCA2 variant",0.6511111111111111,1.4283401133549314,0.014462809917355372,0.036307187982339964,1.0,12/12,35.11%,Q92784;Q6STE5;Q92925;Q8TAQ2;O14497;P51531;Q969G3;Q12824;Q96GM5;Q92922;P60709;O96019
prerank,"Phagocyte NADPH oxidase complex, RAC2 variant",0.6872918978912321,1.4277878486531121,0.027502750275027504,0.036468733880488186,1.0,8/8,31.42%,P15153;P04839;Q15080;P14598;P13498;P19878;CHEBI:37565;CHEBI:57692
prerank,Interleukin-37 receptor-ligand complex,-0.7467442504848989,-1.427665397830141,0.07279693486590039,0.24160083787394207,1.0,3/3,25.42%,Q13478-PRO_0000015448;Q9NZH6-1;Q6IA17-PRO_0000099065
prerank,"Phagocyte NADPH oxidase complex, RAC1 variant",0.6872918978912321,1.4275145631688684,0.023307436182019976,0.036498465021021595,1.0,8/8,31.42%,P63000;P04839;Q15080;P14598;P13498;P19878;CHEBI:37565;CHEBI:57692
prerank,"DNA replication factor C complex, ATAD5 variant",-0.5996784030474734,-1.4272250675612737,0.07534246575342465,0.2408789829566571,1.0,4/5,12.15%,P35249;P40938;P40937;P35250
prerank,"GBAF (SWI/SNF) ATP-dependent chromatin remodeling complex, ACTL6A-BICRAL-SMARCA2 variant",0.6509302971396835,1.4268574038413813,0.02089864158829676,0.036723934816394514,1.0,11/11,35.11%,Q6AI39;Q9H8M2;Q15532;Q8WUZ0;Q9BQE9;Q4VC05;P51531;Q96GM5;Q92922;P60709;O96019
prerank,"Phagocyte NADPH oxidase complex, RAC3 variant",0.6872918978912321,1.425801127745244,0.02954048140043764,0.0370887351815995,1.0,8/8,31.42%,P60763;P04839;Q15080;P14598;P13498;P19878;CHEBI:37565;CHEBI:57692
prerank,Myb-MuvB transcriptional activation complex,0.7365501941209094,1.424577360298595,0.026651216685979143,0.03756098775716655,1.0,6/6,26.47%,P10244;Q5TKA1;Q6MZP7;Q96GY3;Q52LA3;Q09028
prerank,"Polycomb repressive complex 2.1, EZH2-RBBP4-PCL2-PALI1 variant",0.7365501941209094,1.424271572540322,0.022988505747126436,0.037647171637000584,1.0,6/6,26.47%,Q9Y483;Q96JN0;Q15910;Q15022;O75530;Q09028
prerank,U4 small nuclear ribonucleoprotein complex,0.6531519022493748,1.4230784779091032,0.020042194092827006,0.03813755098798624,1.0,11/11,34.88%,URS0000715A86_9606;O43395;O43172;P62316;P62314;P62306;P62308;P62304;P62318;P14678;P55769
prerank,"Casein kinase II complex, CSNK2A1-CNSK2A2 variant",-0.7564422277639236,-1.4227722756231458,0.06463878326996197,0.24543748421351522,1.0,3/3,24.45%,P19784;P68400;P67870
prerank,Mitochondrial respiratory chain complex II,0.6741604218706633,1.4212231353992892,0.02577873254564984,0.03900857761122925,1.0,9/9,32.75%,Q99643;CHEBI:26355;CHEBI:21137;P31040;P21912;O14521;CHEBI:190135;CHEBI:57692;CHEBI:49883
prerank,"Polycomb repressive complex 2.1, EZH2-RBBP4-PCL2-EPOP variant",0.7365501941209094,1.420918419000173,0.028968713789107765,0.03906152009317514,1.0,6/6,26.47%,Q9Y483;A6NHQ4;Q15910;Q15022;O75530;Q09028
prerank,"GBAF (SWI/SNF) ATP-dependent chromatin remodeling complex, ACTL6A-BICRA-SMARCA2 variant",0.6509302971396835,1.4204134348601187,0.019791666666666666,0.03921370755707959,1.0,11/11,35.11%,Q9NZM4;Q9H8M2;Q15532;Q8WUZ0;Q9BQE9;Q4VC05;P51531;Q96GM5;Q92922;P60709;O96019
prerank,"Platelet-activating factor acetylhydrolase IB complex, alpha1-alpha2 variant",-0.7475755056802439,-1.4203835964508442,0.05514705882352941,0.24724087540842987,1.0,3/3,25.33%,P68402;Q15102;P43034
prerank,Signal recognition particle receptor complex,0.8725408700471043,1.4202630349297802,0.01790633608815427,0.03916657349975886,1.0,3/3,12.82%,P08240;Q9Y5M8;CHEBI:15996
prerank,"GBAF (SWI/SNF) ATP-dependent chromatin remodeling complex, ACTL6A-BICRAL-SMARCA4 variant",0.6509302971396836,1.4199782243853714,0.022058823529411766,0.03919184044308594,1.0,11/11,35.11%,Q6AI39;Q9H8M2;Q15532;Q8WUZ0;Q9BQE9;Q4VC05;P51532;Q96GM5;Q92922;P60709;O96019
prerank,"Muscle cell-specific SWI/SNF ATP-dependent chromatin remodeling complex, ACTL6A-ARID1B-SMARCA2 variant",0.6511111111111111,1.4183624339620782,0.014477766287487074,0.03998518131380726,1.0,12/12,35.11%,Q92784;Q8NFD5;Q6STE5;Q92925;Q8TAQ2;P51531;Q969G3;Q12824;Q96GM5;Q92922;P60709;O96019
prerank,MTERF4-NSUN4 mitochondiral ribosomal assembly complex,-0.7575505680243836,-1.4182300312683127,0.06060606060606061,0.2491564056379812,1.0,3/3,24.34%,Q96CB9;Q7Z6M4;CHEBI:15414
prerank,"Dystrophin glycoprotein complex, CNS variant",-0.4794672586015538,-1.415438687322348,0.06329113924050633,0.25171058621966924,1.0,8/8,52.19%,Q14118-PRO_0000021066;Q14118-PRO_0000021065;Q13424;O60941;Q96LD1;Q9NSN8;P11532-4;O43556
prerank,"Little elongation complex, ELL variant",-0.6560421286031042,-1.4153892498936351,0.07042253521126761,0.2502950077464619,1.0,3/4,2.69%,Q9Y2F5;Q8N5P1;Q659A1
prerank,GARP tethering complex,-0.6537759227859659,-1.4149035892327504,0.04926108374384237,0.24959204144181382,1.0,3/4,5.32%,Q9UID3;Q5VIR6;Q8N1B4
prerank,"GBAF (SWI/SNF) ATP-dependent chromatin remodeling complex, ACTL6A-BICRA-SMARCA4 variant",0.6509302971396836,1.4145818859280896,0.027225130890052355,0.04185444012934702,1.0,11/11,35.11%,Q9NZM4;Q9H8M2;Q15532;Q8WUZ0;Q9BQE9;Q4VC05;P51532;Q96GM5;Q92922;P60709;O96019
prerank,"Dynein-2 complex, light-chain variant 7",-0.4772475027746948,-1.4135089064339705,0.08333333333333333,0.2504266935401895,1.0,8/8,52.41%,Q96FJ2;Q8TF09;P51808;Q8WVS4;Q96EX3;Q8NCM8;Q8WW35;Q8TCX1
prerank,Mitochondrial isocitrate dehydrogenase complex (NAD+),0.7985033259423504,1.413062223465609,0.02214022140221402,0.04256517841830366,1.0,4/4,20.24%,O43837;P51553;P50213;CHEBI:60240
prerank,PCAF-containing ATAC complex,0.6465852304275402,1.4112940471316702,0.03484688489968321,0.04338849098563853,1.0,10/10,35.52%,Q9H8E8;Q9NS73;Q8IYH5;Q9ULM3;Q01658;O75478;Q92831;Q96ES7;O75528;P61964
prerank,"Neural progenitor-specific SWI/SNF ATP-dependent chromatin remodeling complex, ARID1A-SMARCA2 variant",0.6509302971396834,1.4103778547332135,0.026041666666666668,0.04383652691243836,1.0,11/11,35.11%,Q6STE5;Q8TAQ2;O14497;Q8WUB8;P51531;Q969G3;Q12824;Q96GM5;Q92922;P60709;O96019
prerank,"SWI/SNF ATP-dependent chromatin remodeling complex, ACTL6A-ARID1A-SMARCA4 variant",0.6509302971396835,1.4103134056165598,0.015657620041753653,0.04375357509891337,1.0,11/11,35.11%,Q6STE5;Q92925;Q8TAQ2;O14497;Q969G3;Q12824;P51532;Q96GM5;Q92922;P60709;O96019
prerank,AP-5 Adaptor complex,-0.6582594235033259,-1.4102873646758605,0.08256880733944955,0.2540073539254787,1.0,4/4,34.27%,Q2VPB7;O43299;Q9NUS5;Q9H0R1
prerank,"SWI/SNF ATP-dependent chromatin remodeling complex, ACTL6A-ARID1A-SMARCA2 variant",0.6509302971396834,1.4102330063972799,0.01780104712041885,0.04367599238505228,1.0,11/11,35.11%,Q6STE5;Q92925;Q8TAQ2;O14497;P51531;Q969G3;Q12824;Q96GM5;Q92922;P60709;O96019
prerank,U6 small nuclear ribonucleoprotein complex,0.6697196780460729,1.409907199303407,0.038751345532831,0.043720439376375764,1.0,9/9,33.19%,Q15020;P62312;Q9Y4Y9;Q9UK45;O95777;P62310;Q9Y4Z0;Q9Y333;URS00006767A8_9606
prerank,"Histone-lysine N-methyltransferase complex, SET1B variant",0.6467647875590113,1.4090435331841102,0.023933402705515087,0.04406140805718093,1.0,11/11,35.52%,Q9UPS6;Q8NFC6;Q96IK1;Q9P0U4;Q6UXN9;Q9Y5Z7;Q9UBL3;Q9C005;Q15291;P51610;P61964
prerank,"Dynein-2 complex, light-chain variant 3",-0.4772475027746948,-1.4084172409111562,0.08433734939759036,0.25525060272557726,1.0,8/8,52.41%,Q96FJ2;Q9NP97;P51808;Q8WVS4;Q96EX3;Q8NCM8;Q8WW35;Q8TCX1
prerank,"Neural progenitor-specific SWI/SNF ATP-dependent chromatin remodeling complex, ARID1A-SMARCA4 variant",0.6509302971396834,1.408012818250252,0.025,0.044441524591219264,1.0,11/11,35.11%,Q6STE5;Q8TAQ2;O14497;Q8WUB8;Q969G3;Q12824;P51532;Q96GM5;Q92922;P60709;O96019
prerank,"SWI/SNF ATP-dependent chromatin remodeling complex, ACTL6A-ARID1B-SMARCA4 variant",0.6509302971396836,1.4061539271918477,0.03128258602711158,0.0453645230301478,1.0,11/11,35.11%,Q8NFD5;Q6STE5;Q92925;Q8TAQ2;Q969G3;Q12824;P51532;Q96GM5;Q92922;P60709;O96019
prerank,GCN5-containing ATAC complex,0.64658523042754,1.4046259704903703,0.03418803418803419,0.04612827903142976,1.0,10/10,35.52%,Q9H8E8;Q9NS73;Q8IYH5;Q9ULM3;Q01658;O75478;Q96ES7;Q92830;O75528;P61964
prerank,"miRNA RISC complex, TNRC6B variant",-0.5835874688106459,-1.4037235662942635,0.07926829268292683,0.26075194411069536,1.0,5/5,41.75%,Q9UL18;Q9UKV8;Q9HCK5;Q9H9G7;Q9UPQ9
prerank,Ribosome biogenesis complex,-0.7284566361873096,-1.4032972088838362,0.0989399293286219,0.2599684919288686,1.0,3/3,27.24%,Q14978;Q13428;P61328
prerank,"Neural progenitor-specific SWI/SNF ATP-dependent chromatin remodeling complex, ARID1B-SMARCA4 variant",0.6509302971396835,1.4032964090457056,0.03134796238244514,0.04669017976712605,1.0,11/11,35.11%,Q8NFD5;Q6STE5;Q8TAQ2;Q8WUB8;Q969G3;Q12824;P51532;Q96GM5;Q92922;P60709;O96019
prerank,"Neural progenitor-specific SWI/SNF ATP-dependent chromatin remodeling complex, ARID1B-SMARCA2 variant",0.6509302971396835,1.4026012738992448,0.038622129436325675,0.04695461984922499,1.0,11/11,35.11%,Q8NFD5;Q6STE5;Q8TAQ2;Q8WUB8;P51531;Q969G3;Q12824;Q96GM5;Q92922;P60709;O96019
prerank,"Dynein-2 complex, light-chain variant 6",-0.4772475027746948,-1.402230986208462,0.08791208791208792,0.26034463782927286,1.0,8/8,52.41%,Q96FJ2;P63172;Q8TF09;Q8WVS4;Q96EX3;Q8NCM8;Q8WW35;Q8TCX1
prerank,"SWI/SNF ATP-dependent chromatin remodeling complex, ACTL6A-ARID1B-SMARCA2 variant",0.6509302971396835,1.3994133700624152,0.032460732984293195,0.048692023637634085,1.0,11/11,35.11%,Q8NFD5;Q6STE5;Q92925;Q8TAQ2;P51531;Q969G3;Q12824;Q96GM5;Q92922;P60709;O96019
prerank,"STRIPAK complex, STRIP1-STRN4 variant",0.694936158449877,1.3993151488583238,0.04097452934662237,0.04865213578167958,1.0,6/7,18.41%,Q9NRL3;Q5VSL9;CHEBI:17401;Q9Y3A3;P30153;P67775
prerank,"Dynein-2 complex, light-chain variant 2",-0.4772475027746948,-1.3975861833973613,0.09195402298850575,0.26567275552417496,1.0,8/8,52.41%,Q96FJ2;P63172;Q9NP97;Q8WVS4;Q96EX3;Q8NCM8;Q8WW35;Q8TCX1
prerank,"Gamma-secretase complex, APH1B-PSEN2 variant",-0.5960632104241752,-1.3970527210638433,0.07741935483870968,0.2647504415624313,1.0,5/5,40.50%,Q9NZ42;Q92542;Q8WW43;P49810-PRO_0000025604;P49810-PRO_0000025603
prerank,"STRIPAK complex, STRIP1-STRN3 variant",0.694936158449877,1.396843349710495,0.034103410341034104,0.04995565221684063,1.0,6/7,18.41%,Q13033;Q5VSL9;CHEBI:17401;Q9Y3A3;P30153;P67775
prerank,"STRIPAK complex, STRIP2-STRN4 variant",0.694936158449877,1.3961807883176034,0.034482758620689655,0.050206105774568785,1.0,6/7,18.41%,Q9NRL3;Q9ULQ0;CHEBI:17401;Q9Y3A3;P30153;P67775
prerank,"Little elongation complex, ELL2 variant",-0.6560421286031042,-1.3961312600825726,0.06976744186046512,0.26463906079511695,1.0,3/4,2.69%,Q9Y2F5;Q8N5P1;Q659A1
prerank,CMG helicase complex,-0.7400942089221392,-1.3953968357172117,0.10424710424710425,0.26421292568569316,1.0,3/3,26.08%,CPX-2940;O75419;CPX-787
prerank,PCAF histone acetylase complex,0.6468628539700165,1.3950875833664687,0.02833158447009444,0.05076226577101383,1.0,10/10,35.49%,Q9Y6J9;O75529;O75486;O75478;Q16514;Q12962;Q16594;Q9Y4A5;Q92831;O75528
prerank,"STRIPAK complex, STRIP1-STRN variant",0.694936158449877,1.3948894426954894,0.038845726970033294,0.05074634213526194,1.0,6/7,18.41%,O43815;Q5VSL9;CHEBI:17401;Q9Y3A3;P30153;P67775
prerank,RB1-E2F2-DP1 transcriptional repressor complex,0.8401219174286505,1.3933615345816848,0.02349869451697128,0.051479762435760114,1.0,3/3,16.06%,Q14209;P06400;Q14186
prerank,"Little elongation complex, ELL3 variant",-0.6560421286031042,-1.392605963330992,0.10212765957446808,0.2670296199903978,1.0,3/4,2.69%,Q9Y2F5;Q8N5P1;Q659A1
prerank,"Signal peptidase complex, SEC11C variant",-0.6186252771618626,-1.3901438979154126,0.057291666666666664,0.2694767229618281,1.0,4/4,38.23%,Q9Y6A9;Q15005;P61009;Q9BY50
prerank,"STRIPAK complex, STRIP2-STRN variant",0.694936158449877,1.3891633426865615,0.03487064116985377,0.053739302153014895,1.0,6/7,18.41%,O43815;Q9ULQ0;CHEBI:17401;Q9Y3A3;P30153;P67775
prerank,ALYREF-binding exon junction complex,0.7443859162739117,1.3882989145912632,0.02976190476190476,0.05409290805021926,1.0,5/5,25.66%,Q86V81;CHEBI:33699;P61326;Q9Y5S9;P38919
prerank,"STRIPAK complex, STRIP2-STRN3 variant",0.694936158449877,1.38691921302414,0.03262092238470191,0.05481743699549732,1.0,6/7,18.41%,Q13033;Q9ULQ0;CHEBI:17401;Q9Y3A3;P30153;P67775
prerank,"Histone-lysine N-methyltransferase complex, KMT2D variant",0.6465852304275405,1.3861917977564169,0.042598509052183174,0.05516351664237946,1.0,10/10,35.52%,O14686;Q9BTK6;Q14686;O15550;Q6ZW49;Q9UBL3;Q9C005;Q15291;CHEBI:29105;P61964
prerank,"miRNA RISC complex, TNRC6C variant",-0.5833102301081231,-1.385754550012136,0.09036144578313253,0.27464260017482883,1.0,5/5,41.78%,Q9UL18;Q9UKV8;Q9HCK5;Q9H9G7;Q9HCJ0-1
prerank,"CRL3 E3 ubiquitin ligase complex, KLHL41 variant ",0.8246051537822112,1.3856050832070868,0.024691358024691357,0.05536491120785048,1.0,3/3,17.61%,O60662;Q13618;P62877
prerank,Shieldin complex,0.7807649667405765,1.3840172383155742,0.04294478527607362,0.056198600009356045,1.0,4/4,22.01%,Q8IYI0;Q86V20;Q6ZNX1;Q9UI95
prerank,"FTS-Hook-FHIP cargo adaptor complex, FHIP2B-HOOK1/2/3 variant",-0.5752703077349598,-1.3829423010937498,0.08917197452229299,0.2777773691684721,1.0,5/5,42.58%,Q9H8T0;Q9UJC3;Q96ED9;Q86VS8;Q8N612
prerank,RB1-E2F3-DP1 transcriptional repressor complex,0.8401219174286505,1.3818705340220179,0.02607561929595828,0.0574363582961162,1.0,3/3,16.06%,O00716;P06400;Q14186
prerank,"Phosphorylase kinase, liver variant",0.826267664172901,1.3816983482242053,0.028846153846153848,0.05740302334592105,1.0,3/3,17.44%,P15735;P46019;Q93100
prerank,NineTeen Core complex,0.6826629680998613,1.3796124401707435,0.04928806133625411,0.058636539756971265,1.0,7/7,31.87%,Q8WYA6;P11142;O75934;Q9UMS4;Q99459;Q9P013;O43660
prerank,"Mitochondrial calcium uniporter complex, MICU1-MICU2 variant",-0.6305432372505543,-1.379563903039707,0.07317073170731707,0.2815618151605886,1.0,4/4,37.04%,Q9H4I9;Q9BPX6;Q8NE86;Q8IYU8
prerank,"CRL3 E3 ubiquitin ligase complex, KLHL5 variant ",0.8246051537822112,1.3789654563434985,0.03074866310160428,0.05893112195801347,1.0,3/3,17.61%,Q96PQ7;Q13618;P62877
prerank,"Histone-lysine N-methyltransferase complex, KMT2C variant",0.6465852304275405,1.3787194786332637,0.0417558886509636,0.058950176849001744,1.0,10/10,35.52%,Q8NEZ4;Q9BTK6;Q14686;O15550;Q6ZW49;Q9UBL3;Q9C005;Q15291;CHEBI:29105;P61964
prerank,"CRL3 E3 ubiquitin ligase complex, KLHL32 variant ",0.8246051537822112,1.3786634252550585,0.031767955801104975,0.05883164331381027,1.0,3/3,17.61%,Q96NJ5;Q13618;P62877
prerank,EARP tethering complex,-0.6537759227859659,-1.377968572652112,0.09767441860465116,0.28283143716344356,1.0,3/4,5.32%,Q9UID3;Q5VIR6;Q8N1B4
prerank,Mitochondrial 2-oxoisovalerate dehydrogenase complex,0.6871012482662968,1.377853704684366,0.04799107142857143,0.059242310992985235,1.0,7/7,31.42%,P21953;P12694;P11182;CHEBI:83088;P09622;CHEBI:58937;CHEBI:57692
prerank,"CRL3 E3 ubiquitin ligase complex, SPOP variant",0.8246051537822111,1.3762259833129473,0.03260869565217391,0.06027217027633903,1.0,3/3,17.61%,O43791;Q13618;P62877
prerank,"Cleavage stimulation factor complex, CSTF2T variant",0.8359656414519258,1.3760878560529233,0.02888583218707015,0.060223421107020725,1.0,3/3,16.47%,Q9H0L4;Q12996;Q05048
prerank,"CRL3 E3 ubiquitin ligase complex, KLHL30 variant ",0.8246051537822112,1.3758792921761538,0.02699055330634278,0.0602345816674237,1.0,3/3,17.61%,Q0D2K2;Q13618;P62877
prerank,"CRL3 E3 ubiquitin ligase complex, KLHL16 variant ",0.8246051537822112,1.3755685561566409,0.020718232044198894,0.06031438440717881,1.0,3/3,17.61%,Q9H2C0;Q13618;P62877
prerank,"miRNA RISC complex, TNRC6A variant",-0.5761020238425284,-1.3753483950732546,0.10256410256410256,0.2853061522076941,1.0,5/5,42.50%,Q9UL18;Q9UKV8;Q9HCK5;Q9H9G7;Q8NDV7
prerank,RB1-E2F1-DP1 transcriptional repressor complex,0.8401219174286505,1.3750621594880685,0.02677376171352075,0.06049584608434839,1.0,3/3,16.06%,Q01094;P06400;Q14186
prerank,"CRL3 E3 ubiquitin ligase complex, KBTBD3 variant",0.8246051537822112,1.3750296819167702,0.034528552456839307,0.06037713937482661,1.0,3/3,17.61%,Q8NAB2;Q13618;P62877
prerank,"CRL3 E3 ubiquitin ligase complex, KLHL40 variant ",0.8246051537822112,1.3747633240879498,0.027247956403269755,0.06044997821619533,1.0,3/3,17.61%,Q2TBA0;Q13618;P62877
prerank,B-WICH chromatin remodelling complex,0.6508465167915625,1.3747626408582092,0.046236559139784944,0.060309255165680246,1.0,9/9,35.08%,Q03468;O00159-3;Q9UIG0;Q9BQG0;P35659;Q9NR30;CHEBI:18111;O60264;O75533
prerank,COP9 signalosome variant 2,0.6472384124340826,1.3745266033060457,0.04477611940298507,0.060323074331889576,1.0,9/9,35.44%,Q9H9Q2;Q99627;Q9UNS2;P61201;Q9BT78;Q7L5N1;Q92905;Q13098;CHEBI:29105
prerank,"CRL3 E3 ubiquitin ligase complex, KLHL2 variant ",0.8246051537822112,1.372966682340698,0.04126547455295736,0.06123537912994814,1.0,3/3,17.61%,O95198;Q13618;P62877
prerank,"CRL3 E3 ubiquitin ligase complex, KBTBD13 variant",0.8246051537822112,1.3729663161922954,0.02257636122177955,0.06109230581422397,1.0,3/3,17.61%,C9JR72;Q13618;P62877
prerank,GLUK1-GLUK2-GLUK3-GLUK5 glutamate ionotropic kainate-type receptor complex,-0.6200110864745011,-1.372466775499793,0.07389162561576355,0.2883087601606061,1.0,4/4,38.10%,P39086;Q13002;Q13003;Q16478
prerank,"CRL3 E3 ubiquitin ligase complex, KLHL4 variant ",0.8246051537822112,1.3723201099136335,0.03346720214190094,0.06140082539492333,1.0,3/3,17.61%,Q9C0H6;Q13618;P62877
prerank,"Phosphorylase kinase, muscle variant",0.8262676641729011,1.372001770007887,0.03112313937753721,0.061495675563351615,1.0,3/3,17.44%,Q16816;P46020;Q93100
prerank,"CRL3 E3 ubiquitin ligase complex, ENC1 variant ",0.8246051537822112,1.3712157679035026,0.03274215552523874,0.06193304800913444,1.0,3/3,17.61%,O14682;Q13618;P62877
prerank,"CRL3 E3 ubiquitin ligase complex, IPP variant ",0.8246051537822112,1.370783039171081,0.036585365853658534,0.06209763614265266,1.0,3/3,17.61%,Q9Y573;Q13618;P62877
prerank,"CRL3 E3 ubiquitin ligase complex, KLHL10 variant ",0.8246051537822112,1.370678283630694,0.03713527851458886,0.0620076567125367,1.0,3/3,17.61%,Q6JEL2;Q13618;P62877
prerank,"CRL3 E3 ubiquitin ligase complex, KLHL6 variant ",0.8246051537822112,1.370022163336737,0.0343878954607978,0.0623401294871162,1.0,3/3,17.61%,Q8WZ60;Q13618;P62877
prerank,"CRL3 E3 ubiquitin ligase complex, KLHL8 variant ",0.8246051537822112,1.3695966298914346,0.03439153439153439,0.06251003385708938,1.0,3/3,17.61%,Q9P2G9;Q13618;P62877
prerank,"CRL3 E3 ubiquitin ligase complex, KLHL38 variant ",0.8246051537822112,1.3694201988693033,0.036885245901639344,0.062484585476185926,1.0,3/3,17.61%,Q2WGJ6;Q13618;P62877
prerank,Fukutin-FKRP-TMEM5 multienzyme complex,-0.7184815738431699,-1.3690379157171604,0.08846153846153847,0.29263064669728117,1.0,3/3,28.24%,Q9H9S5;O75072;Q9Y2B1
prerank,COP9 signalosome variant 1,0.6472384124340826,1.369010895602714,0.03503184713375796,0.06263867501274513,1.0,9/9,35.44%,Q9UBW8;Q99627;Q9UNS2;P61201;Q9BT78;Q7L5N1;Q92905;Q13098;CHEBI:29105
prerank,"CRL3 E3 ubiquitin ligase complex, SPOPL variant",0.8246051537822111,1.3689579575321449,0.02509907529722589,0.06253528170718367,1.0,3/3,17.61%,Q6IQ16;Q13618;P62877
prerank,"CRL3 E3 ubiquitin ligase complex, KLHL42 variant ",0.8246051537822112,1.3683777801731933,0.02763157894736842,0.06279395942256007,1.0,3/3,17.61%,Q9P2K6;Q13618;P62877
prerank,U7 small nuclear ribonucleoprotein complex,0.6656492785793562,1.3682768283083508,0.05482456140350877,0.0627257385354901,1.0,8/8,33.58%,Q969L4;P83369;M17910;P62306;P62308;P62304;P62318;P14678
prerank,"CRL3 E3 ubiquitin ligase complex, KLHL25 variant ",0.8246051537822112,1.368274877314119,0.03462050599201065,0.06258350330071576,1.0,3/3,17.61%,Q9H0H3;Q13618;P62877
prerank,"CRL3 E3 ubiquitin ligase complex, KLHL23 variant ",0.8246051537822112,1.3678109076672438,0.02054794520547945,0.06273417191588442,1.0,3/3,17.61%,Q8NBE8;Q13618;P62877
prerank,NSL histone acetyltransferase complex,0.6464057729669722,1.3673717240117942,0.047058823529411764,0.06290302004681927,1.0,9/9,35.52%,Q7Z3B3;Q9P2N6;Q9BVI0;Q9H9L4;Q9H7Z6;Q96EZ8;O15294;P51610;P61964
prerank,"CRL3 E3 ubiquitin ligase complex, KLHL36 variant ",0.8246051537822112,1.3668091473957025,0.03087248322147651,0.0631695363366592,1.0,3/3,17.61%,Q8N4N3;Q13618;P62877
prerank,"CRL3 E3 ubiquitin ligase complex, KBTBD8 variant",0.8246051537822112,1.3660618833070395,0.036834924965893585,0.06355183732077056,1.0,3/3,17.61%,Q8NFY9;Q13618;P62877
prerank,"CRL3 E3 ubiquitin ligase complex, KLHL7 variant ",0.8246051537822112,1.3658515206179178,0.028416779431664412,0.06357505831542877,1.0,3/3,17.61%,Q8IXQ5;Q13618;P62877
prerank,"Alpha-beta T cell receptor complex, TRBC1 variant",-0.5488075429839158,-1.3652421778473565,0.104,0.297156406080124,1.0,6/6,45.24%,P20963;P07766;P09693;P01848;P04234;P01850
prerank,"CRL3 E3 ubiquitin ligase complex, KLHL9 variant ",0.8246051537822112,1.3651226463180304,0.025885558583106268,0.06393892613809231,1.0,3/3,17.61%,Q9P2J3;Q13618;P62877
prerank,"CRL3 E3 ubiquitin ligase complex, KLHL20 variant ",0.8246051537822112,1.3638037093913842,0.016150740242261104,0.06475018603945316,1.0,3/3,17.61%,Q9Y2M5;Q13618;P62877
prerank,"CRL3 E3 ubiquitin ligase complex, KLHL14 variant ",0.8246051537822112,1.3636694246941912,0.036535859269282815,0.0646990148312892,1.0,3/3,17.61%,Q9P2G3;Q13618;P62877
prerank,"CRL3 E3 ubiquitin ligase complex, KLHL35 variant ",0.8246051537822112,1.36334823523067,0.026881720430107527,0.06479374558010281,1.0,3/3,17.61%,Q6PF15;Q13618;P62877
prerank,"CRL3 E3 ubiquitin ligase complex, KLHL11 variant ",0.8246051537822112,1.36298376583002,0.028985507246376812,0.06492653164084368,1.0,3/3,17.61%,Q9NVR0;Q13618;P62877
prerank,"CRL3 E3 ubiquitin ligase complex, KLHL29 variant ",0.8246051537822112,1.3628802570933958,0.030013642564802184,0.06486962247036543,1.0,3/3,17.61%,Q96CT2;Q13618;P62877
prerank,"CRL3 E3 ubiquitin ligase complex, KBTBD4 variant",0.8246051537822112,1.3628368543471332,0.028493894165535955,0.06475905306135286,1.0,3/3,17.61%,Q9NVX7;Q13618;P62877
prerank,"CRL3 E3 ubiquitin ligase complex, KLHL15 variant ",0.8246051537822112,1.3625976605032777,0.036193029490616625,0.06479619299272832,1.0,3/3,17.61%,Q96M94;Q13618;P62877
prerank,"CRL3 E3 ubiquitin ligase complex, KLHL18 variant ",0.8246051537822112,1.3622608047413463,0.0291005291005291,0.06487695677971529,1.0,3/3,17.61%,O94889;Q13618;P62877
prerank,SRCAP chromatin remodeling complex,0.6505689703025257,1.3606001660842884,0.04843918191603875,0.06593125468907794,1.0,9/9,35.11%,Q6ZRS2;O43257;Q9GZN1;Q15906;O95619;Q9NPF5;Q9Y230;Q9Y265;O96019
prerank,"CRL3 E3 ubiquitin ligase complex, KLHL31 variant ",0.8246051537822112,1.360113235175926,0.02288021534320323,0.06613152990438853,1.0,3/3,17.61%,Q9H511;Q13618;P62877
prerank,"CRL3 E3 ubiquitin ligase complex, KLHL12 variant ",0.8246051537822112,1.3600793135637277,0.024193548387096774,0.0660081864465391,1.0,3/3,17.61%,Q53G59;Q13618;P62877
prerank,"CRL3 E3 ubiquitin ligase complex, KEAP1 variant ",0.8246051537822112,1.359999952453641,0.02706359945872801,0.06591758452921986,1.0,3/3,17.61%,Q14145;Q13618;P62877
prerank,"CRL3 E3 ubiquitin ligase complex, KLHL1 variant ",0.8246051537822112,1.3598356512990664,0.019973368841544607,0.06589164470800929,1.0,3/3,17.61%,Q9NR64;Q13618;P62877
prerank,"RAG guanosine triphosphatase complex, RAGB-RAGC variant",0.7585920177383592,1.359490058734194,0.048628428927680795,0.06600383367774038,1.0,4/4,24.22%,Q5VZM2;Q9HB90;CHEBI:58189;CHEBI:37565
prerank,"CRL3 E3 ubiquitin ligase complex, KLHL34 variant ",0.8246051537822112,1.359406234698456,0.037037037037037035,0.06591661167820326,1.0,3/3,17.61%,Q8N239;Q13618;P62877
prerank,"CRL3 E3 ubiquitin ligase complex, KLHL17 variant ",0.8246051537822112,1.3582480020400776,0.030707610146862484,0.06663068948900162,1.0,3/3,17.61%,Q6TDP4;Q13618;P62877
prerank,"CRL3 E3 ubiquitin ligase complex, KLHL3 variant ",0.8246051537822112,1.3580517506574228,0.03137789904502047,0.06660482151277454,1.0,3/3,17.61%,Q9UH77;Q13618;P62877
prerank,"CRL3 E3 ubiquitin ligase complex, KLHL24 variant ",0.8246051537822112,1.3579703612042637,0.03877005347593583,0.06651272345500454,1.0,3/3,17.61%,Q6TFL4;Q13618;P62877
prerank,"CRL3 E3 ubiquitin ligase complex, KLHL28 variant ",0.8246051537822112,1.3569853836881351,0.025503355704697986,0.06714645113798563,1.0,3/3,17.61%,Q9NXS3;Q13618;P62877
prerank,"CRL3 E3 ubiquitin ligase complex, KLHL26 variant ",0.8246051537822112,1.3564200236663286,0.04217687074829932,0.06745130723751133,1.0,3/3,17.61%,Q53HC5;Q13618;P62877
prerank,BRCC E3 ubiquitin ligase complex,0.7057681641708264,1.3559138939493658,0.056451612903225805,0.06769443746293491,1.0,6/6,29.54%,Q99728;Q06609;P51587;P38398;Q9NXR7;P46736
prerank,"CRL3 E3 ubiquitin ligase complex, KLHL13 variant ",0.8246051537822112,1.3557860714795884,0.029931972789115645,0.06764328164492378,1.0,3/3,17.61%,Q9P2N7;Q13618;P62877
prerank,"Histone-lysine N-methyltransferase complex, KMT2A variant",0.6464057729669717,1.355358818284026,0.060085836909871244,0.06781112878691774,1.0,9/9,35.52%,Q03164;Q9Y5Z7;Q9UBL3;Q9C005;Q15291;O00255;P51610;CHEBI:29105;P61964
prerank,"Cav1.1 voltage-gated calcium channel complex, CACNA2D4-CACNB1-CACNG1 variant",-0.5497643471028556,-1.3544418927966586,0.08029197080291971,0.31292349210357123,1.0,5/5,45.13%,Q13698;Q06432;Q02641;Q7Z3S7-PRO_0000304657;Q7Z3S7-PRO_0000304656
prerank,"Nucleosome, variant H3.1-H2A.2-H2B.1",-0.570557249792071,-1.3536844533711194,0.0880503144654088,0.31279675492083975,1.0,5/5,43.05%,P62805;P06899;CHEBI:4705;P68431;P04908
prerank,"Histone-lysine N-methyltransferase complex, SET1A variant",0.6464057729669723,1.353192507826995,0.05938494167550371,0.0692622621920025,1.0,9/9,35.52%,O15047;Q9P0U4;Q6UXN9;Q9Y5Z7;Q9UBL3;Q9C005;Q15291;P51610;P61964
prerank,BRCA1-PALB2-BRCA2 homologous recombination DNA repair complex,0.829592684954281,1.35313776344867,0.036535859269282815,0.06916181498271405,1.0,3/3,17.11%,Q86YC2;P51587;P38398
prerank,"Histone-lysine N-methyltransferase complex, KMT2B variant",0.6464057729669718,1.3523557852014425,0.05627705627705628,0.06963246127930366,1.0,9/9,35.52%,Q9UMN6;Q9Y5Z7;Q9UBL3;Q9C005;Q15291;O00255;P51610;CHEBI:29105;P61964
prerank,"CRL3 E3 ubiquitin ligase complex, KLHL21 variant ",0.8246051537822112,1.352277188878996,0.03678474114441417,0.06954657144248665,1.0,3/3,17.61%,Q9UJP4;Q13618;P62877
prerank,"AP-2 Adaptor complex, alpha2 variant",-0.6197339246119734,-1.3515460272142703,0.11,0.31475199280743016,1.0,4/4,38.12%,Q96CW1;P63010;P53680;O94973
prerank,"CRL3 E3 ubiquitin ligase complex, KBTBD2 variant",0.8246051537822112,1.3507641587835248,0.03768506056527591,0.07064763670471562,1.0,3/3,17.61%,Q8IY47;Q13618;P62877
prerank,"RAG guanosine triphosphatase complex, RAGB-RAGD variant",0.7585920177383592,1.350610312009697,0.05449936628643853,0.07062073275629413,1.0,4/4,24.22%,Q5VZM2;Q9NQL2;CHEBI:58189;CHEBI:37565
prerank,"CRL3 E3 ubiquitin ligase complex, KLHL22 variant ",0.8246051537822112,1.3494765831836482,0.034759358288770054,0.07144276656193858,1.0,3/3,17.61%,Q53GT1;Q13618;P62877
prerank,"Gamma-secretase complex, APH1A-PSEN2 variant",-0.5960632104241752,-1.347722975046638,0.08974358974358974,0.3199338891903498,1.0,5/5,40.50%,Q9NZ42;Q92542;Q96BI3;P49810-PRO_0000025604;P49810-PRO_0000025603
prerank,pre-mRNA cleavage and polyadenylation specificity factor complex,0.6470588235294118,1.3460586371814869,0.05758582502768549,0.07415579307536571,1.0,8/8,35.44%,O95639;Q9C0J8;Q10570;Q6UN15;Q92797;Q9P2I0;Q9UKF6;CHEBI:29105
prerank,"Signal peptidase complex, SEC11A variant",-0.6128048780487805,-1.345770106413004,0.09595959595959595,0.32212692021291267,1.0,4/4,38.82%,Q9Y6A9;Q15005;P61009;P67812
prerank,Sm complex,0.6654646324549237,1.3450975094318167,0.06800445930880714,0.07484894353718581,1.0,7/7,33.58%,P62316;P62314;P62306;P62308;P62304;P62318;P14678
prerank,"RAG guanosine triphosphatase complex, RAGA-RAGC variant",0.7585920177383592,1.3445286734743154,0.047619047619047616,0.07516430818616257,1.0,4/4,24.22%,Q9HB90;Q7L523;CHEBI:58189;CHEBI:37565
prerank,"Brain-specific SWI/SNF ATP-dependent chromatin remodeling complex, ARID1B-SMARCA4 variant",0.6520532741398446,1.344128643241055,0.061027837259100645,0.0753407394686761,1.0,8/8,34.94%,O94805;Q8NFD5;Q92925;Q8TAQ2;Q969G3;Q12824;P51532;P60709
prerank,"RAG guanosine triphosphatase complex, RAGA-RAGD variant",0.7585920177383592,1.341559779649958,0.050188205771643665,0.07732181436792293,1.0,4/4,24.22%,Q7L523;Q9NQL2;CHEBI:58189;CHEBI:37565
prerank,"Brain-specific SWI/SNF ATP-dependent chromatin remodeling complex, ARID1A-SMARCA4 variant",0.6520532741398446,1.341004618044347,0.05382131324004306,0.0775941741060208,1.0,8/8,34.94%,O94805;Q92925;Q8TAQ2;O14497;Q969G3;Q12824;P51532;P60709
prerank,"Brain-specific SWI/SNF ATP-dependent chromatin remodeling complex, ARID1A-SMARCA2 variant",0.6520532741398445,1.3384273986335076,0.05370569280343716,0.0797151101963885,1.0,8/8,34.94%,O94805;Q92925;Q8TAQ2;O14497;P51531;Q969G3;Q12824;P60709
prerank,"Alpha-beta T cell receptor complex, TRBC2 variant",-0.5463117027176928,-1.337578759545461,0.08450704225352113,0.33475060165129994,1.0,6/6,45.49%,P20963;P07766;P09693;P01848;P04234;A0A5B9
prerank,"Cav1.1 voltage-gated calcium channel complex, CACNA2D2-CACNB4-CACNG1 variant",-0.550873301912947,-1.3368187778072171,0.07947019867549669,0.334469607001045,1.0,5/5,45.02%,Q13698;Q06432;O00305;Q9NY47-PRO_0000304639;Q9NY47-PRO_0000304637
prerank,"Cav1.1 voltage-gated calcium channel complex, CACNA2D2-CACNB1-CACNG1 variant",-0.550873301912947,-1.336758760256135,0.09433962264150944,0.33297588464634215,1.0,5/5,45.02%,Q13698;Q06432;Q02641;Q9NY47-PRO_0000304639;Q9NY47-PRO_0000304637
prerank,GLUK1-GLUK2-GLUK3-GLUK4 glutamate ionotropic kainate-type receptor complex,-0.6158536585365854,-1.336086055666999,0.1099476439790576,0.3324194282620889,1.0,4/4,38.51%,P39086;Q13002;Q13003;Q16099
prerank,PSAP splicing-associated complex,0.8057633693543917,1.3359494265519416,0.05096418732782369,0.08180609828647291,1.0,3/3,19.49%,O00422;Q15287;Q9H307
prerank,"Brain-specific SWI/SNF ATP-dependent chromatin remodeling complex, ARID1B-SMARCA2 variant",0.6520532741398446,1.3338207884168856,0.06109324758842444,0.08355127192853455,1.0,8/8,34.94%,O94805;Q8NFD5;Q92925;Q8TAQ2;P51531;Q969G3;Q12824;P60709
prerank,Methylcrotonyl-CoA carboxylase complex,0.8063175394846216,1.3332910522323655,0.05563093622795115,0.08388250493426123,1.0,3/3,19.44%,Q96RQ3;Q9HCC0;CHEBI:57586
prerank,Retention and splicing complex,0.8060404544195068,1.3320006701280538,0.05096418732782369,0.08488403553241902,1.0,3/3,19.46%,Q9BRD0;Q9Y388;Q8TAD8
prerank,"Cav1.1 voltage-gated calcium channel complex, CACNA2D2-CACNB2-CACNG1 variant",-0.550873301912947,-1.3298109877746376,0.136986301369863,0.341423694645256,1.0,5/5,45.02%,Q13698;Q06432;Q08289;Q9NY47-PRO_0000304639;Q9NY47-PRO_0000304637
prerank,"Cav1.1 voltage-gated calcium channel complex, CACNA2D4-CACNB4-CACNG1 variant",-0.5497643471028556,-1.329569426341205,0.05714285714285714,0.34017743071871975,1.0,5/5,45.13%,Q13698;Q06432;O00305;Q7Z3S7-PRO_0000304657;Q7Z3S7-PRO_0000304656
prerank,Mitochondrial 2-oxoglutarate dehydrogenase complex,0.6869107043815864,1.3292229614131708,0.0735632183908046,0.08724306148639682,1.0,6/6,31.42%,P36957;P82909;Q02218;P09622;CHEBI:58937;CHEBI:57692
prerank,BCDX2 complex,-0.6047671840354767,-1.3274660298040595,0.11574074074074074,0.3425565847768513,1.0,4/4,39.62%,O43502;O15315;O75771;O43543
prerank,"Septin complex, octamer variant, SEPT2-SEPT6-SEPT-7-SEPT9",-0.6166851441241685,-1.3259251894385973,0.11682242990654206,0.34372655085008486,1.0,4/4,38.43%,Q16181;Q15019;Q14141;Q9UHD8
prerank,Peroxisomal receptor export module complex,-0.71571072319202,-1.3250454752422711,0.13043478260869565,0.3438019154949896,1.0,3/3,28.52%,Q7Z412;Q13608;O43933
prerank,"Cav1.1 voltage-gated calcium channel complex, CACNA2D1-CACNB3-CACNG1 variant",-0.5519822567230386,-1.3244019401336076,0.10526315789473684,0.34310108992696414,1.0,5/5,44.91%,Q13698;Q06432;P54284;P54289-PRO_0000005001;P54289-PRO_0000005002
prerank,ABCB10-ABCB7-FECH ABC transporter ,0.7486141906873615,1.3233276715632414,0.07178217821782178,0.09274815730174489,1.0,4/4,25.22%,O75027;P22830;Q9NRK6;CHEBI:190135
prerank,"Cav1.1 voltage-gated calcium channel complex, CACNA2D4-CACNB3-CACNG1 variant",-0.5497643471028556,-1.323035891129967,0.07246376811594203,0.34366108240773957,1.0,5/5,45.13%,Q13698;Q06432;P54284;Q7Z3S7-PRO_0000304657;Q7Z3S7-PRO_0000304656
prerank,Condensin I complex,-0.5505960632104242,-1.3226703589699318,0.12994350282485875,0.3426073560741437,1.0,5/5,45.04%,Q9NTJ3;O95347;Q15003;Q15021;Q9BPX3
prerank,Condensin II complex,-0.5494871084003327,-1.3212725916417125,0.10344827586206896,0.3433078092438187,1.0,5/5,45.16%,Q9NTJ3;O95347;P42695;Q86XI2;Q6IBW4
prerank,Cardiac Troponin complex,-0.6655583264062067,-1.3184568236836205,0.11328125,0.3464635193822096,1.0,3/3,33.53%,P63316;P19429;P45379
prerank,"Septin complex, octamer variant, SEPT2-SEPT6-SEPT-7-SEPT3",-0.616130820399113,-1.3148379114938162,0.15625,0.35110536671611237,1.0,4/4,38.48%,Q16181;Q15019;Q14141;Q9UH03
prerank,NuRF chromatin remodeling complex,0.7361419068736141,1.31459923807755,0.07904642409033877,0.10123873674976384,1.0,4/4,26.47%,Q12830;P28370;Q16576;Q09028
prerank,"Cav1.1 voltage-gated calcium channel complex, CACNA2D1-CACNB1-CACNG1 variant",-0.5519822567230386,-1.3138736145776522,0.15,0.351344780927612,1.0,5/5,44.91%,Q13698;Q06432;Q02641;P54289-PRO_0000005001;P54289-PRO_0000005002
prerank,"Exon junction core complex, MAGOHB variant",0.7441796008869179,1.3137449939005865,0.07240948813982521,0.10192775760371461,1.0,4/4,25.66%,Q96A72;O15234;Q9Y5S9;P38919
prerank,"AP-2 Adaptor complex, alpha1 variant",-0.6067073170731707,-1.3114207426643598,0.12886597938144329,0.3540452175499085,1.0,4/4,39.42%,Q96CW1;P63010;P53680;O95782
prerank,"Exon junction core complex, MAGOH variant",0.744179600886918,1.3109282807622453,0.0686641697877653,0.10459808388903918,1.0,4/4,25.66%,O15234;P61326;Q9Y5S9;P38919
prerank,SF3B complex,0.6482662968099859,1.3085680965159643,0.09361233480176212,0.10695056899029275,1.0,7/7,35.30%,Q7RTV0;Q9Y3B4;Q13435;Q15427;O75533;Q15393;Q9BWJ5
prerank,"Cav1.1 voltage-gated calcium channel complex, CACNA2D1-CACNB2-CACNG1 variant",-0.5519822567230386,-1.3083743477445258,0.11392405063291139,0.3578537009697855,1.0,5/5,44.91%,Q13698;Q06432;Q08289;P54289-PRO_0000005001;P54289-PRO_0000005002
prerank,CENP-A recruiting complex,-0.6647270712108618,-1.3063265295949704,0.11191335740072202,0.35997719340488826,1.0,3/3,33.61%,Q6P0N0;Q9NYP9;O43482
prerank,"Cav1.1 voltage-gated calcium channel complex, CACNA2D4-CACNB2-CACNG1 variant",-0.5497643471028556,-1.305046465337657,0.08633093525179857,0.3602996123044609,1.0,5/5,45.13%,Q13698;Q06432;Q08289;Q7Z3S7-PRO_0000304657;Q7Z3S7-PRO_0000304656
prerank,Collagen type IX trimer,-0.6738708783596564,-1.3013367122280408,0.1134453781512605,0.365261365110212,1.0,3/3,32.70%,P20849;Q14055;Q14050
prerank,SHOC2-MRAS-PPP1CC complex,0.6892154144718605,1.2991760160164725,0.07398568019093078,0.116961586271933,1.0,5/5,31.17%,P36873;O14807;Q9UQ13;CHEBI:37565;CHEBI:29035
prerank,Collagen type VI trimer,-0.6630645608201718,-1.2989867003622446,0.13503649635036497,0.3672545415138112,1.0,3/3,33.78%,P12110;P12109;P12111
prerank,BRCA1-A complex,0.646879334257975,1.2968148526229828,0.09550561797752809,0.11931982673927645,1.0,7/7,35.44%,Q6UWZ7;Q96RL1;Q9NWV8;Q9NXR7;P46736;CPX-715;CHEBI:29105
prerank,"Cav1.1 voltage-gated calcium channel complex, CACNA2D1-CACNB4-CACNG1 variant",-0.5519822567230386,-1.2950377501368835,0.10191082802547771,0.3721983629411403,1.0,5/5,44.91%,Q13698;Q06432;O00305;P54289-PRO_0000005001;P54289-PRO_0000005002
prerank,Cyclin-dependent protein kinase-activating kinase complex,0.7819340537545025,1.294341305615605,0.08176943699731903,0.12189875306191754,1.0,3/3,21.87%,P51946;P50613;P51948
prerank,SHOC2-MRAS-PPP1CA complex,0.6892154144718603,1.2924253507880834,0.07919621749408984,0.12375753317240058,1.0,5/5,31.17%,O14807;P62136;Q9UQ13;CHEBI:37565;CHEBI:29035
prerank,SHOC2-MRAS-PPP1CB complex,0.6892154144718605,1.291005155262728,0.08490566037735849,0.12503959405939044,1.0,5/5,31.17%,P62140;O14807;Q9UQ13;CHEBI:37565;CHEBI:29035
prerank,"Cav1.1 voltage-gated calcium channel complex, CACNA2D2-CACNB3-CACNG1 variant",-0.550873301912947,-1.2906672256880931,0.10638297872340426,0.3785874138979106,1.0,5/5,45.02%,Q13698;Q06432;P54284;Q9NY47-PRO_0000304639;Q9NY47-PRO_0000304637
prerank,SHOC2-KRAS-PPP1CA complex,0.6892154144718605,1.2905427675314793,0.0895170789163722,0.1252998041786198,1.0,5/5,31.17%,P01116;P62136;Q9UQ13;CHEBI:37565;CHEBI:29035
prerank,Intron-binding complex ,0.6831161630163568,1.2900348238386126,0.09568261376896149,0.12564364019621777,1.0,5/5,31.78%,Q96NB3;Q9ULR0;Q9HCS7;O60306;Q9UNP9
prerank,"CRL4-DCAF13 E3 ubiquitin ligase complex, CUL4B variant ",0.7267184035476719,1.289299305371959,0.09673366834170855,0.12621142903351262,1.0,4/4,27.41%,Q13620;Q16531;P62877;Q9NV06
prerank,CPLANE complex,-0.6796896647270713,-1.2884952033737107,0.15384615384615385,0.38042764656754696,1.0,3/3,32.12%,Q9BT04;O95876;Q9ULD6
prerank,SMARCA3 - Annexin A2 - S100-A10 complex,0.7788861180382377,1.2863826654056023,0.09479305740987984,0.12928891317398292,1.0,3/3,22.18%,Q14527;P60903;P07355
prerank,"WASH complex, variant WASH3P/WASHC2A",-0.546714721375104,-1.283844951600838,0.14857142857142858,0.38701749034350463,1.0,5/5,45.43%,Q9Y3C0;Q2M389;Q12768;Q641Q2;C4AMC7
prerank,"CRL4-DCAF13 E3 ubiquitin ligase complex, CUL4A variant ",0.7267184035476719,1.2838118270827439,0.09632446134347275,0.13209915263639985,1.0,4/4,27.41%,Q13619;Q16531;P62877;Q9NV06
prerank,"WASH complex, variant WASHC1/WASHC2A",-0.5469919600776268,-1.281619053935336,0.14285714285714285,0.38956761888129504,1.0,5/5,45.40%,Q9Y3C0;Q2M389;Q12768;Q641Q2;A8K0Z3
prerank,ISCA2-IBA57 mitochondrial iron-sulfur protein assembly complex,0.7752840121917427,1.2815274904261267,0.06933333333333333,0.13447701954975183,1.0,3/3,22.54%,Q5T440;CHEBI:49601;Q86U28
prerank,"Phosphatidylinositol 3-kinase complex, class III, UVRAG variant",0.6892154144718603,1.2814302404787603,0.09733487833140209,0.13432048518358025,1.0,5/5,31.17%,Q9P2Y5;Q99570;Q8NEB9;Q14457;CHEBI:29035
prerank,SNIP1/SkIP associated RNA-processing complex,0.6814527308012197,1.281316656778011,0.10739856801909307,0.13419372349772427,1.0,5/5,31.95%,Q9Y2W1;Q9NYF8;Q8TAD8;Q9H307;Q13573
prerank,SHOC2-NRAS-PPP1CA complex,0.6892154144718605,1.2796967031132434,0.09869203329369798,0.13580194251837638,1.0,5/5,31.17%,P01111;P62136;Q9UQ13;CHEBI:37565;CHEBI:29035
prerank,"Cav1.1 voltage-gated calcium channel complex, CACNA2D3-CACNB1-CACNG1 variant",-0.5500415858053784,-1.2787490439199227,0.1497005988023952,0.3933687912692366,1.0,5/5,45.10%,Q13698;Q06432;Q02641;Q8IZS8-PRO_0000304647;Q8IZS8-PRO_0000304648
prerank,"WASH complex, variant WASHC1/WASHC2C",-0.5469919600776268,-1.278663339692065,0.14772727272727273,0.39179933892271235,1.0,5/5,45.40%,Q9Y3C0;Q2M389;Q12768;Q9Y4E1;A8K0Z3
prerank,"mTNF-TNR1A receptor-ligand core complex, BIRC2 variant",-0.4676837725381415,-1.277550430046335,0.13333333333333333,0.39203712987011907,1.0,7/7,53.35%,Q12933;Q13546;CPX-8931;Q13490;Q15628;P19438-PRO_0000034543;O00463
prerank,SHOC2-HRAS-PPP1CA complex,0.6892154144718602,1.276066770657982,0.09176470588235294,0.13996951885229308,1.0,5/5,31.17%,P62136;P01112;Q9UQ13;CHEBI:37565;CHEBI:29035
prerank,GTPase HRAS - Son of sevenless homolog 1 complex,0.7797173732335828,1.2760181383783484,0.09735744089012517,0.139764377631212,1.0,3/3,22.09%,Q07889;CHEBI:15996;P01112
prerank,"Cav1.1 voltage-gated calcium channel complex, CACNA2D3-CACNB4-CACNG1 variant",-0.5500415858053784,-1.2759169055193347,0.1524390243902439,0.3935517547685382,1.0,5/5,45.10%,Q13698;Q06432;O00305;Q8IZS8-PRO_0000304647;Q8IZS8-PRO_0000304648
prerank,"Methyltransferase complex, METTL3-METTL14",0.7711277362150181,1.2744576986868525,0.10148849797023005,0.14142645753619806,1.0,3/3,22.95%,Q9HCE5;Q86U44;CHEBI:67040
prerank,"WASH complex, variant WASH2P/WASHC2A",-0.5464374826725811,-1.2742348511345194,0.14285714285714285,0.39486681375373145,1.0,5/5,45.46%,Q9Y3C0;Q2M389;Q12768;Q641Q2;Q6VEQ5
prerank,PAQosome co-chaperone complex,0.6944829498197947,1.273593688007756,0.09501187648456057,0.14217576325885353,1.0,5/5,30.65%,CPX-6144;Q96MX6;L0R819;CPX-6143;P19388
prerank,"WASH complex, variant WASH4P/WASHC2A",-0.548932630995287,-1.2735247003094083,0.15483870967741936,0.394312418028496,1.0,5/5,45.21%,Q9Y3C0;Q2M389;Q12768;Q641Q2;A8MWX3
prerank,BLOC-2 complex,-0.6602937101690219,-1.2712951254902964,0.1371841155234657,0.39658184221708137,1.0,3/3,34.05%,Q9UPZ3;Q969F9;Q86YV9
prerank,"Cav1.1 voltage-gated calcium channel complex, CACNA2D3-CACNB2-CACNG1 variant",-0.5500415858053784,-1.2703130951823864,0.15822784810126583,0.3967944371390391,1.0,5/5,45.10%,Q13698;Q06432;Q08289;Q8IZS8-PRO_0000304647;Q8IZS8-PRO_0000304648
prerank,"Phosphatidylinositol 3-kinase complex, class III, ATG14 variant",0.6892154144718603,1.268152657098239,0.10823529411764705,0.14881778183004857,1.0,5/5,31.17%,Q6ZNE5;Q99570;Q8NEB9;Q14457;CHEBI:29035
prerank,"WASH complex, variant WASH6P/WASHC2A",-0.5458830052675353,-1.2672916927890088,0.18120805369127516,0.4005130264479259,1.0,5/5,45.51%,Q9Y3C0;Q2M389;Q12768;Q641Q2;Q9NQA3
prerank,"XPC complex, RAD23A variant",0.7639235245220284,1.2671554151183975,0.0953020134228188,0.14982612010214352,1.0,3/3,23.67%,P54725;Q01831;P41208
prerank,"Calcineurin-Calmodulin-AKAP5 complex, alpha-R2 variant",0.646699944536883,1.2666552010926349,0.1156930126002291,0.15025524873920007,1.0,6/6,35.44%,Q08209;Q96LZ3;P24588;CHEBI:29034;CHEBI:29108;CHEBI:29105
prerank,DUOX1-DUOXA1 dual oxidase complex,0.6717493762129191,1.2661424296994643,0.12276519666269368,0.15063538481100244,1.0,5/5,32.92%,Q9NRD9;Q1HG43;CHEBI:30413;CHEBI:57692;CHEBI:29108
prerank,Mitochondrial CCA tRNA nucleotidyltransferase 1 complex,0.681175492098697,1.2656166711912615,0.1141826923076923,0.15099167457024232,1.0,5/5,31.98%,Q96Q11;Q99714;CHEBI:10668;Q7L0Y3;CHEBI:18420
prerank,"XPC complex, RAD23B variant",0.7639235245220284,1.265532708636403,0.1008174386920981,0.15080812560777895,1.0,3/3,23.67%,P54727;Q01831;P41208
prerank,DNA polymerase zeta complex,0.6734128084280565,1.2631641321456133,0.11473429951690821,0.15366904453117952,1.0,5/5,32.75%,O60673;P49005;Q15054;Q9UI95;CHEBI:49883
prerank,"ESCRT-I complex, VPS37B-MVB12A variant",-0.5665188470066519,-1.26193527388057,0.14492753623188406,0.4088113951232305,1.0,4/4,43.44%,Q99816;Q9UK41;Q96EY5;Q9H9H4
prerank,"ERF1-ERF3 translation release factor complex, GSPT1 variant",0.7583818232197286,1.2616880855798154,0.1077762619372442,0.15535100943720376,1.0,3/3,24.22%,P15170;P62495;CHEBI:37565
prerank,"Calcineurin-Calmodulin-AKAP5 complex, beta-R2 variant",0.646699944536883,1.2613149010207236,0.11880046136101499,0.15558079212127832,1.0,6/6,35.44%,P16298;Q96LZ3;P24588;CHEBI:29034;CHEBI:29108;CHEBI:29105
prerank,"Calcineurin-Calmodulin-AKAP5 complex, gamma-R2 variant",0.646699944536883,1.2609492670359066,0.13988439306358383,0.155723511035854,1.0,6/6,35.44%,P48454;Q96LZ3;P24588;CHEBI:29034;CHEBI:29108;CHEBI:29105
prerank,BTR double Holliday Junction dissolution complex,0.6466999445368831,1.260549645142888,0.12514619883040937,0.15595538928068395,1.0,6/6,35.44%,Q9H9A7;P54132;Q13472;Q96E14;CHEBI:18420;CHEBI:29105
prerank,"WASH complex, variant WASH2P/WASHC2C",-0.5464374826725811,-1.2603716370091467,0.15384615384615385,0.4099764796544998,1.0,5/5,45.46%,Q9Y3C0;Q2M389;Q12768;Q9Y4E1;Q6VEQ5
prerank,"RNA decapping and exonuclease complex, DCP1A variant",-0.4889073765945647,-1.259356647999615,0.125,0.410055354901472,1.0,6/6,51.22%,P26196;Q96F86;Q8IZH2;Q8IU60;Q6P2E9;Q9NPI6
prerank,DNA polymerase alpha:primase complex,0.6734128084280566,1.2586968568492543,0.11966824644549763,0.15810706878460984,1.0,5/5,32.75%,Q14181;P09884;P49643;P49642;CHEBI:49883
prerank,"ESCRT-I complex, VPS37C-MVB12A variant",-0.5667960088691796,-1.2586834178083068,0.14659685863874344,0.4094223885321183,1.0,4/4,43.41%,Q99816;Q9UK41;Q96EY5;A5D8V6
prerank,BRISC-SHMT2 complex,0.646699944536883,1.2573270657382385,0.14020857473928158,0.1595025922759606,1.0,6/6,35.44%,P34897-3;Q15018;Q9NWV8;Q9NXR7;P46736;CHEBI:29105
prerank,"Box C/D snoRNA-Guided RNP methyltransferase complex, FBLL1 variant",0.6522462562396008,1.257245645360987,0.12895927601809956,0.15931542910812135,1.0,6/6,34.88%,A6NHQ2;CHEBI:133335;CHEBI:67040;Q9Y2X3;O00567;P55769
prerank,"Prefoldin co-chaperone complex, URI1 variant",-0.5325755475464374,-1.2569281299357367,0.14935064935064934,0.4107079991010609,1.0,5/5,46.84%,O15212;Q9UHV9;Q9NUG6;O94763;Q9UBK9
prerank,"WASH complex, variant WASH6P/WASHC2C",-0.5458830052675353,-1.2566374727827991,0.17857142857142858,0.4095195746045541,1.0,5/5,45.51%,Q9Y3C0;Q2M389;Q12768;Q9Y4E1;Q9NQA3
prerank,Mitochondrial ribonuclease P complex,0.681175492098697,1.256616050823004,0.11070559610705596,0.15985702368120763,1.0,5/5,31.98%,O15091;Q99714;CHEBI:10668;Q7L0Y3;CHEBI:18420
prerank,"ESCRT-I complex, VPS37C-MVB12B variant",-0.5667960088691796,-1.2564854138727817,0.1452513966480447,0.4081521252107403,1.0,4/4,43.41%,Q99816;Q9UK41;Q9H7P6-1;A5D8V6
prerank,"ESCRT-I complex, VPS37C-UBAP1 variant",-0.5667960088691796,-1.255421918986649,0.14736842105263157,0.4084560990424591,1.0,4/4,43.41%,Q99816;Q9UK41;Q9NZ09;A5D8V6
prerank,"Calcineurin-Calmodulin-AKAP5 complex, alpha-R1 variant",0.646699944536883,1.2550808223665901,0.12009237875288684,0.16152247701773506,1.0,6/6,35.44%,Q08209;P63098;P24588;CHEBI:29034;CHEBI:29108;CHEBI:29105
prerank,"Box C/D snoRNA-guided RNP methyltransferase complex, FBL variant",0.6522462562396006,1.2546769054803146,0.12585034013605442,0.16171160555106065,1.0,6/6,34.88%,CHEBI:133335;CHEBI:67040;P22087;Q9Y2X3;O00567;P55769
prerank,DUOX2-DUOXA2 dual oxidase complex,0.6717493762129191,1.2546692789509528,0.12650602409638553,0.16141497756366435,1.0,5/5,32.92%,Q1HG44;Q9NRD8;CHEBI:30413;CHEBI:57692;CHEBI:29108
prerank,"WASH complex, variant WASH3P/WASHC2C",-0.546714721375104,-1.2546610048022286,0.16363636363636364,0.4081128178391799,1.0,5/5,45.43%,Q9Y3C0;Q2M389;Q12768;Q9Y4E1;C4AMC7
prerank,"WASH complex, variant WASH4P/WASHC2C",-0.548932630995287,-1.2545331339255636,0.16363636363636364,0.4066536449802849,1.0,5/5,45.21%,Q9Y3C0;Q2M389;Q12768;Q9Y4E1;A8MWX3
prerank,"Ubiquitous AP-1 Adaptor complex, sigma1a variant",-0.572339246119734,-1.2544408175819455,0.16111111111111112,0.4051752432897122,1.0,4/4,42.86%,O43747;Q10567;Q9BXS5;P61966
prerank,"Calcineurin-Calmodulin-AKAP5 complex, gamma-R1 variant",0.646699944536883,1.2542996774709343,0.1408614668218859,0.16159391360811823,1.0,6/6,35.44%,P48454;P63098;P24588;CHEBI:29034;CHEBI:29108;CHEBI:29105
prerank,"Calcineurin-Calmodulin-AKAP5 complex, beta-R1 variant",0.646699944536883,1.2526768610145544,0.13704994192799072,0.1634646527650987,1.0,6/6,35.44%,P16298;P63098;P24588;CHEBI:29034;CHEBI:29108;CHEBI:29105
prerank,IkappaB kinase complex,-0.6616791354945969,-1.252230408006967,0.16666666666666666,0.4079831103048012,1.0,3/3,33.91%,Q9Y6K9;O15111;O14920
prerank,"ERF1-ERF3 translation release factor complex, GSPT2 variant",0.7583818232197286,1.2513543652898849,0.13774104683195593,0.1649811070786769,1.0,3/3,24.22%,Q8IYD1;P62495;CHEBI:37565
prerank,"Soluble guanylate cyclase complex, SGCalpha1-SGCbeta1 variant",0.7520088667220838,1.2502538677949215,0.1241565452091768,0.16615248805636945,1.0,3/3,24.86%,Q02108;Q02153;CHEBI:30413
prerank,LIFT actin modulation complex,-0.5626385809312638,-1.2497337329214337,0.17587939698492464,0.41085047718224577,1.0,4/4,43.83%,Q9UM54;Q9NZN5;O14908;Q9P0V3
prerank,DNA polymerase delta complex,0.6734128084280566,1.2492958063893518,0.13507109004739337,0.167171733301591,1.0,5/5,32.75%,Q9HCU8;P28340;P49005;Q15054;CHEBI:49883
prerank,Catalase complex,0.7520088667220837,1.2478494080670472,0.11989100817438691,0.16885383780241459,1.0,3/3,24.86%,CHEBI:16474;P04040;CHEBI:30413
prerank,Embryonic hemoglobin Gower-1 complex,0.7520088667220839,1.2478166198234604,0.10724233983286909,0.16857649943437653,1.0,3/3,24.86%,P02100;P02008;CHEBI:30413
prerank,"ESCRT-I complex, VPS37B-MVB12B variant",-0.5665188470066519,-1.2474826126777303,0.16923076923076924,0.41349121615310924,1.0,4/4,43.44%,Q99816;Q9UK41;Q9H7P6-1;Q9H9H4
prerank,Hemoglobin Portland-2 complex,0.7520088667220839,1.2467735306319976,0.12465753424657534,0.1696440897697533,1.0,3/3,24.86%,P68871;P02008;CHEBI:30413
prerank,DNA polymerase epsilon complex,0.6734128084280566,1.2453064811223244,0.13981042654028436,0.17129435958378655,1.0,5/5,32.75%,Q07864;Q9NR33;P56282;Q9NRF9;CHEBI:49883
prerank,Hemoglobin Portland-1 Variant 2 complex,0.7520088667220839,1.2437616205561488,0.1273972602739726,0.17301825743011678,1.0,3/3,24.86%,P69892;P02008;CHEBI:30413
prerank,"Cav1.1 voltage-gated calcium channel complex, CACNA2D3-CACNB3-CACNG1 variant",-0.5500415858053784,-1.2435091821440638,0.17177914110429449,0.419258590507228,1.0,5/5,45.10%,Q13698;Q06432;P54284;Q8IZS8-PRO_0000304647;Q8IZS8-PRO_0000304648
prerank,Microprocessor complex,0.7520088667220837,1.2432872468921865,0.13112582781456952,0.17332212001772687,1.0,3/3,24.86%,Q8WYQ5;Q9NRR4;CHEBI:30413
prerank,"mTNF-TNR1A receptor-ligand core complex, BIRC3 variant",-0.4676837725381415,-1.2431115603450074,0.22115384615384615,0.4182956696611057,1.0,7/7,53.35%,Q12933;Q13546;CPX-8931;Q13489;Q15628;P19438-PRO_0000034543;O00463
prerank,CIAO1-CIAO2B-CIAO3-MMS19 cytosolic iron-sulfur protein assembly complex,0.6734128084280566,1.2422959856623788,0.13309352517985612,0.17438374753723787,1.0,5/5,32.75%,Q96T76;Q9Y3D0;Q9H6Q4;O76071;CHEBI:49883
prerank,Hemoglobin HbF Variant 1 complex,0.7520088667220834,1.2422087982948669,0.13835616438356163,0.17416675351555144,1.0,3/3,24.86%,P69891;P69905;CHEBI:30413
prerank,Hemoglobin HbA complex,0.7520088667220834,1.2412449541981814,0.1436388508891929,0.17518157634812861,1.0,3/3,24.86%,P68871;P69905;CHEBI:30413
prerank,Hemoglobin Portland-1 Variant 1 complex,0.7520088667220839,1.241138928866063,0.1276005547850208,0.1749957540079272,1.0,3/3,24.86%,P69891;P02008;CHEBI:30413
prerank,Hemoglobin HbA2 complex,0.7520088667220837,1.2404590226769376,0.1414965986394558,0.17560042818258267,1.0,3/3,24.86%,P02042;P69905;CHEBI:30413
prerank,"RNA decapping and exonuclease complex, DCP1B variant",-0.48946200776483645,-1.2403848337873589,0.17647058823529413,0.42176262347473087,1.0,6/6,51.16%,P26196;Q96F86;Q8IZH2;Q8IU60;Q6P2E9;Q8IZD4
prerank,"Soluble guanylate cyclase complex, SGCalpha2-SGCbeta1 variant",0.7520088667220838,1.2403045473359438,0.13067400275103164,0.17550616337279173,1.0,3/3,24.86%,P33402;Q02153;CHEBI:30413
prerank,Hemoglobin E complex,0.7520088667220834,1.2393570802596539,0.14030261348005502,0.17645601404604375,1.0,3/3,24.86%,P02100;P69905;CHEBI:30413
prerank,"ESCRT-I complex, VPS37B-UBAP1 variant",-0.5665188470066519,-1.2388367172786732,0.15841584158415842,0.4230350878601302,1.0,4/4,43.44%,Q99816;Q9UK41;Q9NZ09;Q9H9H4
prerank,"Neuronal AP-3 Adaptor complex, sigma3a variant",-0.5734478935698448,-1.2382834798873559,0.15196078431372548,0.42245852688816127,1.0,4/4,42.75%,O14617;Q92572;Q13367;P53677
prerank,Hemoglobin HbF Variant 2 complex,0.7520088667220834,1.237081303426656,0.14594594594594595,0.17924967545859802,1.0,3/3,24.86%,P69892;P69905;CHEBI:30413
prerank,"ESCRT-I complex, VPS37A-MVB12A variant",-0.5673503325942351,-1.234287215621586,0.1708542713567839,0.42860706747894217,1.0,4/4,43.36%,Q99816;Q9UK41;Q96EY5;Q8NEZ2
prerank,"ESCRT-I complex, VPS37D-MVB12B variant",-0.5676274944567627,-1.2331345705243724,0.15508021390374332,0.42905484052442067,1.0,4/4,43.33%,Q99816;Q9UK41;Q9H7P6-1;Q86XT2
prerank,"TREX-2 transcription-export complex, CETN3 variant",0.6517881896312724,1.2295270901673385,0.1568862275449102,0.18959462098731142,1.0,5/5,34.91%,O15182;O60318;Q5JVF3;P60896;Q9NPA8
prerank,"Beta-catenin destruction core complex, APC-AXIN1-GSK3B variant",-0.5681818181818182,-1.2291799921827236,0.167420814479638,0.434518160189052,1.0,4/4,43.27%,P49841;P48729;P25054;O15169
prerank,"TREX-2 transcription-export complex, CETN2 variant",0.6517881896312726,1.2288346320082264,0.1471652593486128,0.19034110522093883,1.0,5/5,34.91%,O60318;Q5JVF3;P41208;P60896;Q9NPA8
prerank,MSL histone acetyltransferase complex,0.6873614190687363,1.2281358119191397,0.15900621118012423,0.1910208494825224,1.0,4/4,31.34%,Q68DK7;Q9HCI7;Q8N5Y2;Q9H7Z6
prerank,"ESCRT-I complex, VPS37D-MVB12A variant",-0.5676274944567627,-1.2276817134871152,0.16097560975609757,0.4359437432137915,1.0,4/4,43.33%,Q99816;Q9UK41;Q96EY5;Q86XT2
prerank,RNA polymerase I selectivity factor 1 complex,0.6492930413085666,1.226622424288873,0.15384615384615385,0.1928359028617798,1.0,5/5,35.16%,Q15573;Q9H5J8;Q15572;Q53T94;P20226
prerank,"Neuronal AP-3 Adaptor complex, sigma3b variant",-0.5734478935698448,-1.2260377491053915,0.1813953488372093,0.4377212098513254,1.0,4/4,42.75%,O14617;P59780;Q13367;P53677
prerank,"sTNF-TNR1A receptor-ligand core complex, BIRC2 variant",-0.4479889042995839,-1.2256692423716455,0.16,0.43676987662097067,1.0,7/7,55.32%,Q12933;Q13546;Q13490;Q15628;P19438-PRO_0000034543;O00463;CPX-8826
prerank,"Beta-catenin destruction core complex, APC2-AXIN2-GSK3B variant",-0.5670731707317073,-1.2250162632094421,0.14285714285714285,0.4360398150384745,1.0,4/4,43.38%,P49841;P48729;Q9Y2T1;O95996
prerank,GLUK1-GLUK2-GLUK5 glutamate ionotropic kainate-type receptor complex,-0.6198392906622333,-1.2241049676883886,0.15714285714285714,0.43612951654171406,1.0,3/3,38.10%,P39086;Q13002;Q16478
prerank,"ESCRT-I complex, VPS37A-UBAP1 variant",-0.5673503325942351,-1.2235126116506772,0.1958762886597938,0.43548460790179555,1.0,4/4,43.36%,Q99816;Q9UK41;Q9NZ09;Q8NEZ2
prerank,"Beta-catenin destruction core complex, APC-AXIN2-GSK3B variant",-0.5679046563192904,-1.22310353363864,0.17475728155339806,0.4344693157218317,1.0,4/4,43.30%,P49841;P48729;P25054;Q9Y2T1
prerank,Chromatin assembly factor 1 complex,0.7359379329454143,1.2225295438454384,0.1763085399449036,0.19849817403478878,1.0,3/3,26.47%,Q13112;Q13111;Q09028
prerank,Calprotectin heterodimer,0.6465206542833379,1.2221433536514246,0.1646919431279621,0.19837019435458442,1.0,5/5,35.44%,P05109;P06702;CHEBI:29035;CHEBI:29108;CHEBI:29105
prerank,Calprotectin heterotetramer,0.6465206542833379,1.2221433536514246,0.1646919431279621,0.19837019435458442,1.0,5/5,35.44%,P05109;P06702;CHEBI:29035;CHEBI:29108;CHEBI:29105
prerank,"FTS-Hook-FHIP cargo adaptor complex, FHIP1B-HOOK1/3 variant",-0.575110864745011,-1.2213790549789247,0.17258883248730963,0.436183734981982,1.0,4/4,42.58%,Q9H8T0;Q9UJC3;Q86VS8;Q8N612
prerank,"Nuclear meiotic cohesin complex, RAD21 variant",-0.5656873614190687,-1.2209779312298283,0.20725388601036268,0.4353548300921599,1.0,4/4,43.52%,Q9UQE7;O60216;Q9UJ98;Q8NDV3
prerank,"Ribonucleoside-diphosphate reductase RR1 complex, RRM2B variant",0.6809866962305986,1.2188593387706343,0.1564039408866995,0.20294666522587626,1.0,4/4,31.98%,Q7LG56;P23921;CHEBI:29034;CHEBI:18420
prerank,"Calcineurin-Calmodulin complex, alpha-R2 variant",0.6465206542833379,1.2173706988524278,0.17018779342723006,0.20483465115907662,1.0,5/5,35.44%,Q08209;Q96LZ3;CHEBI:29034;CHEBI:29108;CHEBI:29105
prerank,Mitochondrial electron transfer flavoprotein complex,0.686529933481153,1.216760368114426,0.163727959697733,0.2054063750492903,1.0,4/4,31.42%,CHEBI:456215;P13804;P38117;CHEBI:57692
prerank,"Ribonucleoside-diphosphate reductase RR1 complex, RRM2 variant",0.6809866962305986,1.2166371047238183,0.15375153751537515,0.20521172484758346,1.0,4/4,31.98%,P31350;P23921;CHEBI:29034;CHEBI:18420
prerank,Histone pre-RNA core cleavage complex,0.6465206542833379,1.2150603795626125,0.17023809523809524,0.20726772750163547,1.0,5/5,35.44%,P33240;Q92797;Q9P2I0;Q9UKF6;CHEBI:29105
prerank,HBO1-5.1 histone acetyltransferase complex,0.6465206542833379,1.2133501420352366,0.18618266978922718,0.2094422052213348,1.0,5/5,35.44%,Q6IE81;O95251;Q8WYH8;Q9HAF1;CHEBI:29105
prerank,"Calcineurin-Calmodulin complex, beta-R2 variant",0.6465206542833379,1.212770417858435,0.16216216216216217,0.20995602197209073,1.0,5/5,35.44%,P16298;Q96LZ3;CHEBI:29034;CHEBI:29108;CHEBI:29105
prerank,"sTNF-TNR1A receptor-ligand core complex, BIRC3 variant",-0.4479889042995839,-1.2126640212438418,0.1951219512195122,0.4497163792998364,1.0,7/7,55.32%,Q12933;Q13546;Q13489;Q15628;P19438-PRO_0000034543;O00463;CPX-8826
prerank,"ESCRT-I complex, VPS37A-MVB12B variant",-0.5673503325942351,-1.2125205195195443,0.21052631578947367,0.4481990923800129,1.0,4/4,43.36%,Q99816;Q9UK41;Q9H7P6-1;Q8NEZ2
prerank,"ESCRT-I complex, VPS37D-UBAP1 variant",-0.5676274944567627,-1.2118974469142823,0.18137254901960784,0.4478734651687813,1.0,4/4,43.33%,Q99816;Q9UK41;Q9NZ09;Q86XT2
prerank,Mitochondrial propionyl-CoA carboxylase complex,0.6809866962305988,1.2118347693245044,0.18079800498753118,0.2110127008535258,1.0,4/4,31.98%,P05166;P05165;CHEBI:57586;CHEBI:18420
prerank,HBO1-5.2 histone acetyltransferase complex,0.6465206542833379,1.2118012333475285,0.17229336437718276,0.2106949640477978,1.0,5/5,35.44%,Q9NQC1;O95251;Q8WYH8;Q9HAF1;CHEBI:29105
prerank,"Gamma-delta T cell receptor complex, TRGC2 variant",-0.5034654837815359,-1.210045879281857,0.20253164556962025,0.44970498343219556,1.0,5/5,49.75%,P20963;P07766;P09693;B7Z8K6;P03986
prerank,"Beta-catenin destruction core complex, APC2-AXIN1-GSK3B variant",-0.5670731707317073,-1.20998887538094,0.17766497461928935,0.4481574752786175,1.0,4/4,43.38%,P49841;P48729;O15169;O95996
prerank,GLUK1-GLUK3-GLUK5 glutamate ionotropic kainate-type receptor complex,-0.6198392906622333,-1.209213851552768,0.18548387096774194,0.44813446369160687,1.0,3/3,38.10%,P39086;Q13003;Q16478
prerank,"CoREST transcriptional corepressor complex, RCOR2-HDAC1 variant",0.6865299334811531,1.2088243920388506,0.1751269035532995,0.214880528658352,1.0,4/4,31.42%,Q8IZ40;O60341;Q13547;CHEBI:57692
prerank,"CoREST transcriptional corepressor complex, RCOR1-HDAC2 variant",0.6865299334811532,1.2087933520017602,0.18613607188703465,0.21453442150140858,1.0,4/4,31.42%,Q9UKL0;O60341;Q92769;CHEBI:57692
prerank,"CoREST transcriptional corepressor complex, RCOR2-HDAC2 variant",0.6865299334811532,1.2079375892246966,0.1888466413181242,0.21542624280239064,1.0,4/4,31.42%,Q8IZ40;O60341;Q92769;CHEBI:57692
prerank,"CoREST transcriptional corepressor complex, RCOR1-HDAC1 variant",0.6865299334811531,1.2079077969479588,0.1858974358974359,0.21510863045010814,1.0,4/4,31.42%,Q9UKL0;O60341;Q13547;CHEBI:57692
prerank,"Mitochondrial calcium uniporter complex, MICU1-MICU3 variant",-0.5590354767184036,-1.2078224636080632,0.16939890710382513,0.44896787716695297,1.0,4/4,44.19%,Q9H4I9;Q9BPX6;Q8NE86;Q86XE3
prerank,HBO1-4.2 histone acetyltransferase complex,0.6465206542833379,1.2075072727498264,0.18536009445100354,0.2153186805551746,1.0,5/5,35.44%,Q9NQC1;Q9UNL4;O95251;Q9HAF1;CHEBI:29105
prerank,"Calcineurin-Calmodulin complex, gamma-R2 variant",0.6465206542833379,1.2071157414948839,0.18906064209274673,0.2155167395609714,1.0,5/5,35.44%,P48454;Q96LZ3;CHEBI:29034;CHEBI:29108;CHEBI:29105
prerank,HBO1-4.3 histone acetyltransferase complex,0.6465206542833379,1.207063811889441,0.18021201413427562,0.21520063479662294,1.0,5/5,35.44%,Q92613;Q9UNL4;O95251;Q9HAF1;CHEBI:29105
prerank,HBO1-5.3 histone acetyltransferase complex,0.646520654283338,1.2069169048911117,0.18256772673733804,0.2150437801821812,1.0,5/5,35.44%,Q92613;O95251;Q8WYH8;Q9HAF1;CHEBI:29105
prerank,HBO1-4.1 histone acetyltransferase complex,0.6465206542833379,1.2062793031822374,0.1981242672919109,0.21560293139656722,1.0,5/5,35.44%,Q6IE81;Q9UNL4;O95251;Q9HAF1;CHEBI:29105
prerank,Pyruvate dehydrogenase E1 heterotetramer,0.6809866962305986,1.2059555212365811,0.16936488169364883,0.21569070063479578,1.0,4/4,31.98%,P08559;P11177;CHEBI:58937;CHEBI:18420
prerank,Mitochondrial RNase Z complex,0.6465206542833379,1.2056874403953513,0.17857142857142858,0.2156844406972452,1.0,5/5,35.44%,Q9BQ52;Q99714;CHEBI:10668;Q7L0Y3;CHEBI:29105
prerank,"Cav1.2 voltage-gated calcium channel complex, CACNA2D1-CACNB1 variant",-0.551829268292683,-1.2056145397505564,0.1641025641025641,0.4512697685763884,1.0,4/4,44.91%,Q13936;Q02641;P54289-PRO_0000005001;P54289-PRO_0000005002
prerank,"CoREST transcriptional corepressor complex, RCOR3-HDAC1 variant",0.6865299334811531,1.2054288609788084,0.18773466833541927,0.21567151945881305,1.0,4/4,31.42%,Q9P2K3;O60341;Q13547;CHEBI:57692
prerank,BRISC complex,0.6465206542833379,1.205168377388987,0.17724550898203592,0.21565530721213702,1.0,5/5,35.44%,Q15018;Q9NWV8;Q9NXR7;P46736;CHEBI:29105
prerank,"Dynein-1 complex, variant 11",-0.46006655574043265,-1.2040033752920993,0.1875,0.4529544867714155,1.0,6/6,54.10%,Q96FJ2;P63172;Q9NP97;Q14204;O43237;Q13409
prerank,Chromosomal passenger complex,0.646520654283338,1.2039409715685807,0.1903030303030303,0.21707991246541875,1.0,5/5,35.44%,O15392;Q9NQS7;Q96GD4;Q53HL2;CHEBI:29105
prerank,"MiDAC histone deacetylase complex, HDAC2 variant",0.7245774452756998,1.2038017803967995,0.17569352708058125,0.2169028735663708,1.0,3/3,27.60%,Q6PJG2;Q9H147;Q92769
prerank,"Calcineurin-Calmodulin complex, gamma-R1 variant",0.6465206542833379,1.203402805208184,0.18549346016646848,0.21713019424659802,1.0,5/5,35.44%,P48454;P63098;CHEBI:29034;CHEBI:29108;CHEBI:29105
prerank,Coagulation factor VIIa - tissue factor complex,0.6715631929046564,1.2033869060523132,0.20073891625615764,0.21677920359487843,1.0,4/4,32.92%,P08709-PRO_0000027731;P08709-PRO_0000027730;P13726-PRO_0000033638;CHEBI:29108
prerank,"Calcineurin-Calmodulin complex, beta-R1 variant",0.6465206542833379,1.2029382098349877,0.17514792899408285,0.21708532721578477,1.0,5/5,35.44%,P16298;P63098;CHEBI:29034;CHEBI:29108;CHEBI:29105
prerank,Nucleolar ribonuclease P complex,0.5512357678422665,1.202863531287077,0.21443514644351463,0.21681374966747585,1.0,11/11,45.04%,Q9H633;O95059;URS000013F331_9606;O75817;P78345;O75818;Q969H6;O95707;P78346;Q99575;Q9BUL9
prerank,"GABA-A receptor, alpha1-alpha3-beta2-gamma2",-0.5537694013303769,-1.2027034762975208,0.18134715025906736,0.4539089760010878,1.0,4/4,44.71%,P47870;P18507;P34903;P14867
prerank,"Dynein-1 complex, variant 16",-0.45978924015529676,-1.2026590777518795,0.216,0.45237044028114326,1.0,6/6,54.13%,Q96FJ2;Q9NP97;P51808;Q14204;Q13409;Q9Y6G9
prerank,"CoREST transcriptional corepressor complex, RCOR3-HDAC2 variant",0.6865299334811532,1.2022611748059389,0.19423558897243107,0.2173505725283202,1.0,4/4,31.42%,Q9P2K3;O60341;Q92769;CHEBI:57692
prerank,"Calcineurin-Calmodulin complex, alpha-R1 variant",0.6465206542833379,1.2019516682188534,0.17044100119189512,0.21743261517183965,1.0,5/5,35.44%,Q08209;P63098;CHEBI:29034;CHEBI:29108;CHEBI:29105
prerank,"Ubiquitous AP-3 Adaptor complex, sigma3b variant",-0.5720620842572062,-1.2014184536802055,0.1978021978021978,0.4527534384860819,1.0,4/4,42.88%,O14617;P59780;Q9Y2T2;O00203
prerank,MRN double-strand break repair complex,0.646520654283338,1.201138073367173,0.17391304347826086,0.21826435613155418,1.0,5/5,35.44%,O60934;Q92878;P49959;CHEBI:29035;CHEBI:29105
prerank,C-to-U editosome complex,0.6465206542833379,1.200131288296543,0.16985645933014354,0.21933482019370343,1.0,5/5,35.44%,Q9NQ94;P41238;Q99729;O60506-1;CHEBI:29105
prerank,"MiDAC histone deacetylase complex, HDAC1 variant",0.7248545303408147,1.199549389656677,0.18469656992084432,0.21979715757313134,1.0,3/3,27.57%,Q6PJG2;Q9H147;Q13547
prerank,"Cav1.2 voltage-gated calcium channel complex, CACNA2D2-CACNB2 variant",-0.550720620842572,-1.1994887682873887,0.17326732673267325,0.454764254836365,1.0,4/4,45.02%,Q13936;Q08289;Q9NY47-PRO_0000304639;Q9NY47-PRO_0000304637
prerank,"GABA-A receptor, alpha1-beta2-beta3-gamma2",-0.5537694013303769,-1.1969838090003424,0.20652173913043478,0.4581496327851701,1.0,4/4,44.71%,P28472;P47870;P18507;P14867
prerank,CHRAC chromatin remodeling complex,0.680709534368071,1.196840834847099,0.1709090909090909,0.223541051073869,1.0,4/4,32.00%,Q9NRL2;Q9NRG0;Q9NRF9;O60264
prerank,CKM complex variant 2,-0.5570953436807096,-1.1965479963537153,0.15270935960591134,0.4573052533369483,1.0,4/4,44.38%,P24863;Q93074;Q9UHV7;Q9BWU1
prerank,"Cav1.2 voltage-gated calcium channel complex, CACNA2D4-CACNB4 variant",-0.5496119733924612,-1.196084331574277,0.19689119170984457,0.4566380510208838,1.0,4/4,45.13%,Q13936;O00305;Q7Z3S7-PRO_0000304657;Q7Z3S7-PRO_0000304656
prerank,"MON1-CCZ1 guanyl-nucleotide exchange factor complex, MON1B variant",-0.6068162926018288,-1.1960597382978946,0.19921875,0.45507734140102307,1.0,3/3,39.40%,Q96DM3;P86791;Q7L1V2
prerank,"GABA-A receptor, alpha1-beta1-beta2-gamma2",-0.5537694013303769,-1.1953804407263353,0.17204301075268819,0.45472686613849217,1.0,4/4,44.71%,P47870;P18507;P18505;P14867
prerank,CKM complex variant 1,-0.5598669623059866,-1.195364721459168,0.20618556701030927,0.453174711481086,1.0,4/4,44.10%,P24863;Q93074;Q9UHV7;P49336
prerank,"Ubiquitous AP-3 Adaptor complex, sigma3a variant",-0.5720620842572062,-1.1952971318539285,0.21354166666666666,0.4517755142917688,1.0,4/4,42.88%,O14617;Q92572;Q9Y2T2;O00203
prerank,Classical and lectin pathway C3 convertase complex C4b2a-A,-0.5396341463414634,-1.194123690166353,0.1793478260869565,0.4527421534029209,1.0,4/4,46.12%,P06681-PRO_0000027612;P0C0L4-PRO_0000005972;P0C0L4-PRO_0000005970;P0C0L4-PRO_0000005966
prerank,"GABA-A receptor, alpha1-alpha2-beta1-beta2-gamma2",-0.49320765178818965,-1.1925371730913266,0.17142857142857143,0.4543288947208613,1.0,5/5,50.78%,P47870;P18507;P18505;P14867;P47869
prerank,CIAO1-CIAO2A-CIAO3 cytosolic iron-sulfur protein assembly complex,0.6732261640798225,1.1919332355722876,0.2129514321295143,0.23058681628143923,1.0,4/4,32.75%,Q9H5X1;Q9H6Q4;O76071;CHEBI:49883
prerank,"Cav1.2 voltage-gated calcium channel complex, CACNA2D4-CACNB2 variant",-0.5496119733924612,-1.191745312451099,0.20634920634920634,0.4543388708980563,1.0,4/4,45.13%,Q13936;Q08289;Q7Z3S7-PRO_0000304657;Q7Z3S7-PRO_0000304656
prerank,Interleukin-17A-F receptor-ligand complex,-0.5037427224840588,-1.1901441848319485,0.22727272727272727,0.45597070171912024,1.0,5/5,49.72%,Q96F46;O43734;Q96PD4;Q8NAC3;Q16552
prerank,"Dynein-1 complex, variant 12",-0.45978924015529676,-1.1899896118613658,0.21929824561403508,0.45479548614256776,1.0,6/6,54.13%,Q96FJ2;P63172;Q9NP97;Q14204;Q13409;Q9Y6G9
prerank,AHNAK - Annexin A2 - S100-A10 complex,0.6715631929046563,1.1884235169867,0.20099255583126552,0.23567856176418425,1.0,4/4,32.92%,Q09666;P60903;P07355;CHEBI:29108
prerank,"Dynein-1 complex, variant 9",-0.46034387132556853,-1.186427485434963,0.1941747572815534,0.4594101586613091,1.0,6/6,54.07%,Q96FJ2;P63172;Q9NP97;Q14204;O43237;O14576
prerank,"GABA-A receptor, alpha1-alpha2-beta2-beta3-gamma2",-0.49320765178818965,-1.1859337750327776,0.2206896551724138,0.45883006620887223,1.0,5/5,50.78%,P28472;P47870;P18507;P14867;P47869
prerank,GLUK1-GLUK2-GLUK4 glutamate ionotropic kainate-type receptor complex,-0.6156830146855085,-1.1857803215072111,0.2056451612903226,0.45762249771144153,1.0,3/3,38.51%,P39086;Q13002;Q16099
prerank,"Dynein-1 complex, variant 10",-0.45978924015529676,-1.185042032571264,0.23148148148148148,0.4574660597648547,1.0,6/6,54.13%,Q96FJ2;P63172;Q9NP97;Q14204;O14576;Q9Y6G9
prerank,"Dynein-1 complex, variant 14",-0.45978924015529676,-1.1842491737106406,0.23529411764705882,0.45746531019527925,1.0,6/6,54.13%,Q96FJ2;Q9NP97;P51808;Q14204;O14576;Q9Y6G9
prerank,"Cav1.2 voltage-gated calcium channel complex, CACNA2D4-CACNB3 variant",-0.5496119733924612,-1.1835869787099529,0.193717277486911,0.45721625071243366,1.0,4/4,45.13%,Q13936;P54284;Q7Z3S7-PRO_0000304657;Q7Z3S7-PRO_0000304656
prerank,"Cav1.2 voltage-gated calcium channel complex, CACNA2D1-CACNB2 variant",-0.551829268292683,-1.1830552957847449,0.20918367346938777,0.45670428789395734,1.0,4/4,44.91%,Q13936;Q08289;P54289-PRO_0000005001;P54289-PRO_0000005002
prerank,"Dynein-1 complex, variant 15",-0.46006655574043265,-1.1823035824282937,0.23333333333333334,0.45645089187578675,1.0,6/6,54.10%,Q96FJ2;Q9NP97;P51808;Q14204;O43237;Q13409
prerank,CL-LK-MASP2 lectin-protease complex,-0.5471175166297118,-1.181315581237832,0.20707070707070707,0.45680957040338904,1.0,4/4,45.38%,O00187-PRO_0000027599;O00187-PRO_0000027600;Q9BWP8;Q9Y6Z7
prerank,"MON1-CCZ1 guanyl-nucleotide exchange factor complex, MON1A variant",-0.6070933776669438,-1.1803839926073159,0.22509225092250923,0.45715743928628616,1.0,3/3,39.37%,Q96DM3;P86791;Q86VX9
prerank,Interleukin-23 receptor-ligand complex,-0.5407427937915743,-1.1793249654758908,0.19672131147540983,0.45731773837790546,1.0,4/4,46.01%,P42701-PRO_0000010917;P29460-PRO_0000010930;Q5VWK5-PRO_0000268662;Q9NPF7-PRO_0000259488
prerank,Mitochondrial BOLA1-GLRX5 iron-sulfur cluster assembly complex,-0.541019955654102,-1.1790273709449388,0.22826086956521738,0.45639407483938993,1.0,4/4,45.99%,CHEBI:33737;CHEBI:16856;Q86SX6;Q9Y3E2
prerank,"Cav1.2 voltage-gated calcium channel complex, CACNA2D4-CACNB1 variant",-0.5496119733924612,-1.1782822554757428,0.21621621621621623,0.45629642846935814,1.0,4/4,45.13%,Q13936;Q02641;Q7Z3S7-PRO_0000304657;Q7Z3S7-PRO_0000304656
prerank,"Cav1.2 voltage-gated calcium channel complex, CACNA2D1-CACNB3 variant",-0.551829268292683,-1.1779655516910923,0.2,0.45541543940073315,1.0,4/4,44.91%,Q13936;P54284;P54289-PRO_0000005001;P54289-PRO_0000005002
prerank,"Cav1.2 voltage-gated calcium channel complex, CACNA2D2-CACNB4 variant",-0.550720620842572,-1.177824622461209,0.2268041237113402,0.4542325645895051,1.0,4/4,45.02%,Q13936;O00305;Q9NY47-PRO_0000304639;Q9NY47-PRO_0000304637
prerank,"Cleavage stimulation factor complex, CSTF2 variant",0.71293987254087,1.177569750636648,0.22252747252747251,0.2527159019107066,1.0,3/3,28.77%,Q12996;Q05048;P33240
prerank,USP46 deubiquitinase complex,0.7162648933222497,1.1764687921015373,0.20789473684210527,0.2541005663236784,1.0,3/3,28.43%,P62068;Q8TBZ3;Q8TAF3
prerank,"LKB1-STRAD-MO25 serine/threonine protein kinase complex, CAB39L-STRADB variant",-0.6112496536436687,-1.1750401918425923,0.23846153846153847,0.4576811161119934,1.0,3/3,38.95%,Q15831;Q9C0K7;Q9H9S4
prerank,"Gamma-delta T cell receptor complex, TRGC1 variant",-0.505406154699196,-1.1746624353757225,0.21301775147928995,0.45686199104372044,1.0,5/5,49.56%,P20963;P07766;P09693;B7Z8K6;P0CF51
prerank,"Cav1.2 voltage-gated calcium channel complex, CACNA2D2-CACNB3 variant",-0.550720620842572,-1.1718190655304719,0.21568627450980393,0.4606340386967008,1.0,4/4,45.02%,Q13936;P54284;Q9NY47-PRO_0000304639;Q9NY47-PRO_0000304637
prerank,iNOS-S100A8/A9 complex,0.6935439179828206,1.1717424422629437,0.23609226594301222,0.2614483354844661,1.0,3/3,30.70%,P35228;P05109;P06702
prerank,GLUK1-GLUK3-GLUK4 glutamate ionotropic kainate-type receptor complex,-0.6156830146855085,-1.1711885581583934,0.23949579831932774,0.46036057895816834,1.0,3/3,38.51%,P39086;Q13003;Q16099
prerank,R2SP co-chaperone complex,0.6502217294900222,1.1706735956594216,0.21092757306226176,0.2627662553348868,1.0,4/4,35.05%,Q8WWB5;Q07617;Q9Y230;Q9Y265
prerank,PDGF receptor alpha-beta - PDGF-AB complex,-0.5584811529933481,-1.1689850612551258,0.23684210526315788,0.4630584957194669,1.0,4/4,44.24%,P09619;P16234;P04085;P01127
prerank,"Cav1.2 voltage-gated calcium channel complex, CACNA2D3-CACNB3 variant",-0.549889135254989,-1.1686707581102274,0.2315270935960591,0.4621837721466052,1.0,4/4,45.10%,Q13936;P54284;Q8IZS8-PRO_0000304647;Q8IZS8-PRO_0000304648
prerank,"Cav1.2 voltage-gated calcium channel complex, CACNA2D3-CACNB4 variant",-0.549889135254989,-1.1686602151447751,0.24757281553398058,0.46072929430732845,1.0,4/4,45.10%,Q13936;O00305;Q8IZS8-PRO_0000304647;Q8IZS8-PRO_0000304648
prerank,"SREBP-SCAP-INSIG sequestering complex, INSIG1-SREBF1 variant",-0.6115267387087836,-1.168351594135627,0.23048327137546468,0.45981881678792674,1.0,3/3,38.93%,CHEBI:42977;O15503;CPX-25745
prerank,BRCA1-B complex,0.6732261640798225,1.167976173564897,0.21375,0.2668474899802511,1.0,4/4,32.75%,Q9BX63;Q92547;CPX-715;CHEBI:49883
prerank,SNARE complex STX1A-SNAP25-VAMP2,-0.6123579939041286,-1.1645055719457975,0.23904382470119523,0.4655541064124104,1.0,3/3,38.84%,P60880;P63027;Q16623
prerank,MORF3 histone acetyltransferase complex,0.6471729490022173,1.162557160187916,0.2471626733921816,0.27556968144538413,1.0,4/4,35.35%,Q9ULD4;Q8WYB5;Q8WYH8;Q9HAF1
prerank,MOZ3 histone acetyltransferase complex,0.6471729490022173,1.1624332066828083,0.25524044389642414,0.27531241461532135,1.0,4/4,35.35%,Q9ULD4;Q92794;Q8WYH8;Q9HAF1
prerank,"Dynein-1 complex, variant 13",-0.46034387132556853,-1.1615576053014898,0.24107142857142858,0.4695785002194456,1.0,6/6,54.07%,Q96FJ2;Q9NP97;P51808;Q14204;O43237;O14576
prerank,CL-LK-MASP1 lectin-protease complex,-0.5471175166297118,-1.1608376941040541,0.2596685082872928,0.4694596742472285,1.0,4/4,45.38%,P48740-PRO_0000027594;P48740-PRO_0000027593;Q9BWP8;Q9Y6Z7
prerank,"Cav1.2 voltage-gated calcium channel complex, CACNA2D3-CACNB2 variant",-0.549889135254989,-1.1603046321249912,0.23618090452261306,0.46901348964448847,1.0,4/4,45.10%,Q13936;Q08289;Q8IZS8-PRO_0000304647;Q8IZS8-PRO_0000304648
prerank,"Cav1.2 voltage-gated calcium channel complex, CACNA2D3-CACNB1 variant",-0.549889135254989,-1.158610233341288,0.27230046948356806,0.4707000854047862,1.0,4/4,45.10%,Q13936;Q02641;Q8IZS8-PRO_0000304647;Q8IZS8-PRO_0000304648
prerank,R2SD co-chaperone complex,0.6502217294900222,1.158442887673779,0.2296954314720812,0.28183951118400324,1.0,4/4,35.05%,Q9NVR5;Q07617;Q9Y230;Q9Y265
prerank,"Cav1.2 voltage-gated calcium channel complex, CACNA2D2-CACNB1 variant",-0.550720620842572,-1.1572224728776683,0.22395833333333334,0.4714696113999727,1.0,4/4,45.02%,Q13936;Q02641;Q9NY47-PRO_0000304639;Q9NY47-PRO_0000304637
prerank,"ILK-PINCH-Parvin complex, LIMS2-PARVB variant",-0.6059850374064838,-1.1566035985676888,0.2563176895306859,0.4712195625689454,1.0,3/3,39.48%,Q13418;Q7Z4I7;Q9HBI1
prerank,"MON1-CCZ1B guanyl-nucleotide exchange factor complex, MON1B variant",-0.6034912718204489,-1.154849039816563,0.23507462686567165,0.472907513604936,1.0,3/3,39.73%,Q96DM3;Q7L1V2;P86790
prerank,"ILK-PINCH-Parvin complex, LIMS1-PARVB variant",-0.6059850374064838,-1.1536389492275214,0.2518796992481203,0.4738050210192865,1.0,3/3,39.48%,Q13418;P48059;Q9HBI1
prerank,"SREBP-SCAP-INSIG sequestering complex, INSIG2-SREBF2 variant",-0.6101413133832086,-1.153462672989314,0.251063829787234,0.47268601039622293,1.0,3/3,39.06%,CHEBI:42977;Q9Y5U4;CPX-25721
prerank,SNARE complex STX1A-SNAP25-VAMP1,-0.602937101690219,-1.1532967458893477,0.25,0.47155032811596614,1.0,3/3,39.78%,P60880;Q16623;P23763
prerank,SNARE complex STX1B-SNAP25-VAMP1,-0.602937101690219,-1.1526868741037948,0.27459016393442626,0.4713038340795867,1.0,3/3,39.78%,P60880;P61266;P23763
prerank,"Ubiquitous AP-1 Adaptor complex, sigma1b variant",-0.5332594235033259,-1.1510153474304001,0.24022346368715083,0.4730671488957795,1.0,4/4,46.76%,O43747;Q10567;Q9BXS5;P56377
prerank,"LKB1-STRAD-MO25 serine/threonine protein kinase complex, CAB39-STRADB variant",-0.6043225270157939,-1.150781818371736,0.2546816479400749,0.47202597547542646,1.0,3/3,39.65%,Q15831;Q9C0K7;Q9Y376
prerank,"Cav1.2 voltage-gated calcium channel complex, CACNA2D1-CACNB4 variant",-0.551829268292683,-1.1498451407239862,0.25263157894736843,0.4724224698558226,1.0,4/4,44.91%,Q13936;O00305;P54289-PRO_0000005001;P54289-PRO_0000005002
prerank,"SREBP-SCAP-INSIG sequestering complex, INSIG2-SREBF1 variant",-0.6115267387087836,-1.1497497734142095,0.26666666666666666,0.4712197768478022,1.0,3/3,38.93%,CHEBI:42977;Q9Y5U4;CPX-25745
prerank,"SREBP-SCAP-INSIG sequestering complex, INSIG1-SREBF2 variant",-0.6101413133832086,-1.1497066227033597,0.26199261992619927,0.4698781576788465,1.0,3/3,39.06%,CHEBI:42977;O15503;CPX-25721
prerank,"ILK-PINCH-Parvin complex, LIMS2-PARVA variant",-0.6057079523413689,-1.1496050008433332,0.2517985611510791,0.46865189996490697,1.0,3/3,39.51%,Q13418;Q7Z4I7;Q9NVD7
prerank,MORF2 histone acetyltransferase complex,0.6471729490022173,1.1489356698463111,0.27329974811083124,0.29815514045900754,1.0,4/4,35.35%,O95696;Q8WYB5;Q8WYH8;Q9HAF1
prerank,R2TP core co-chaperone complex,0.6502217294900222,1.1479756440167075,0.2649350649350649,0.29940535560246256,1.0,4/4,35.05%,Q9NWS0;Q9H6T3;Q9Y230;Q9Y265
prerank,"Endothelial AP-1 Adaptor complex, sigma1a variant",-0.5216186252771619,-1.1476491326905436,0.25125628140703515,0.4709420714494045,1.0,4/4,47.92%,O43747;Q10567;P61966;Q9Y6Q5
prerank,MORF1 histone acetyltransferase complex,0.6471729490022173,1.146336021233321,0.27057356608478805,0.3018334042906233,1.0,4/4,35.35%,P55201;Q8WYB5;Q8WYH8;Q9HAF1
prerank,"ILK-PINCH-Parvin complex, LIMS1-PARVA variant",-0.6057079523413689,-1.1460668405427923,0.25384615384615383,0.47246402613404537,1.0,3/3,39.51%,Q13418;P48059;Q9NVD7
prerank,GET complex,0.646341463414634,1.1459330690566492,0.2618757612667479,0.3020827661214203,1.0,4/4,35.44%,O00258;O43681;P49069;CHEBI:29105
prerank,"MON1-CCZ1B guanyl-nucleotide exchange factor complex, MON1A variant",-0.6034912718204489,-1.145493574329976,0.273972602739726,0.47212259326379624,1.0,3/3,39.73%,Q96DM3;Q86VX9;P86790
prerank,Dehydrodolichyl diphosphate synthase complex,0.6807980049875313,1.1429685197528086,0.2563758389261745,0.30690762256984244,1.0,3/3,31.98%,Q86SQ9;Q96E22;CHEBI:18420
prerank,USP12-WDR20 deubiquitinase complex,0.6463414634146343,1.140726974727138,0.2729528535980149,0.3104301313741069,1.0,4/4,35.44%,Q8TBZ3;O75317;Q8TAF3;CHEBI:29105
prerank,SNARE complex STX1B-SNAP25-VAMP2,-0.6054308672762538,-1.1406939323140883,0.2558139534883721,0.47975471230371913,1.0,3/3,39.53%,P60880;P63027;P61266
prerank,C3PO endoribonuclease complex,0.6807980049875311,1.139372541932138,0.27399165507649514,0.3122829785080841,1.0,3/3,31.98%,Q15631;Q99598;CHEBI:18420
prerank,MOZ2 histone acetyltransferase complex,0.6471729490022173,1.1386939870433208,0.26081582200247216,0.31297438346433804,1.0,4/4,35.35%,O95696;Q92794;Q8WYH8;Q9HAF1
prerank,USP12-DMWD deubiquitinase complex,0.646341463414634,1.138031469244715,0.2683544303797468,0.3136128630777636,1.0,4/4,35.44%,Q09019;O75317;Q8TAF3;CHEBI:29105
prerank,BRCA1-C complex,0.687448046550291,1.1373654393815735,0.27236315086782376,0.31428612449762905,1.0,3/3,31.31%,CPX-4442;Q99708;CPX-715
prerank,"LKB1-STRAD-MO25 serine/threonine protein kinase complex, CAB39L-STRADA variant",-0.6106954835134387,-1.1365511357507216,0.29277566539923955,0.48617087736413467,1.0,3/3,39.01%,Q15831;Q9H9S4;Q7RTN6
prerank,MOZ1 histone acetyltransferase complex,0.6471729490022173,1.13623912115464,0.2693726937269373,0.31575764170611614,1.0,4/4,35.35%,P55201;Q92794;Q8WYH8;Q9HAF1
prerank,"Mitochondrial succinyl-CoA synthetase complex, ATP-specific variant",0.6807980049875313,1.1361623165912482,0.2862796833773087,0.3153603629409816,1.0,3/3,31.98%,Q9P2R7;P53597;CHEBI:18420
prerank,ASCC DNA alkylation repair complex,-0.57467442504849,-1.1351097722833499,0.24380165289256198,0.48755498930975777,1.0,3/3,42.61%,Q9H1I8;Q8N3C0;Q8N9N2
prerank,"Poly(A) tail exosome targeting complex, RBM26 variant",-0.49098974216800667,-1.1341890016144476,0.2222222222222222,0.48788697277619647,1.0,5/5,51.00%,P42285;Q8IXZ2;Q86U42;O60293;Q5T8P6
prerank,Mitochondrial BOLA3-GLRX5 iron-sulfur cluster assembly complex,-0.516629711751663,-1.133143702970141,0.2564102564102564,0.4885315643485961,1.0,4/4,48.42%,CHEBI:33737;CHEBI:16856;Q86SX6;Q53S33
prerank,"LKB1-STRAD-MO25 serine/threonine protein kinase complex, CAB39-STRADA variant",-0.6043225270157939,-1.131916478318315,0.27099236641221375,0.4895532441144531,1.0,3/3,39.65%,Q15831;Q7RTN6;Q9Y376
prerank,Telomerase holoenzyme complex,0.5656033287101248,1.1312235453266506,0.28135593220338984,0.32386442171299845,1.0,7/7,43.55%,O60832;Q9NY12;Q9BUR4;Q9NX24;URS00004A7003_9606;Q9NPE3;O14746
prerank,"FTS-Hook-FHIP cargo adaptor complex, FHIP1A-HOOK1/3 variant",-0.5315964523281597,-1.1310504269204174,0.24761904761904763,0.48969785133843297,1.0,4/4,46.93%,Q9H8T0;Q9UJC3;Q86VS8;Q05DH4
prerank,"Ubiquitous AP-1 Adaptor complex, sigma1c variant",-0.530210643015521,-1.1298695008194748,0.2826086956521739,0.49035389282853814,1.0,4/4,47.07%,O43747;Q10567;Q9BXS5;Q96PC3
prerank,"Poly(A) tail exosome targeting complex, RBM27 variant",-0.49126698087052956,-1.129331228941131,0.26956521739130435,0.4898513148002915,1.0,5/5,50.97%,P42285;Q8IXZ2;Q86U42;O60293;Q9P2N5
prerank,Mitochondrial pyruvate dehydrogenase serine/threonine phosphatase complex,0.6807980049875311,1.1278240543459477,0.2918918918918919,0.3294696463639078,1.0,3/3,31.98%,Q9P0J1;Q8NCN5;CHEBI:18420
prerank,"Mitochondrial succinyl-CoA synthetase complex, GTP-specific variant",0.6807980049875313,1.127418240977895,0.2779973649538867,0.32967483614027293,1.0,3/3,31.98%,Q96I99;P53597;CHEBI:18420
prerank,MUS81-EME2 structure-specific endonuclease complex,0.6807980049875312,1.1258178144675346,0.2849673202614379,0.3320087646612256,1.0,3/3,31.98%,A4GXA9;Q96NY9;CHEBI:18420
prerank,RQT ribosome-associated quality control trigger complex,-0.5743973399833749,-1.1251127344976508,0.2793522267206478,0.4965412423551496,1.0,3/3,42.64%,Q9H1I8;Q8N3C0;Q15650
prerank,KIF3 complex variant AC-KAP3,-0.5811582156321808,-1.1242910509081345,0.29118773946360155,0.4967892958449215,1.0,2/3,1.97%,Q92845;Q9Y496
prerank,KIF3 complex variant AB-KAP3,-0.5811582156321807,-1.1232940665760323,0.29296875,0.49724143388099457,1.0,2/3,1.97%,Q92845;Q9Y496
prerank,2-(3-amino-3-carboxypropyl)histidine synthase complex,0.6730396231643114,1.1228136627390857,0.32270916334661354,0.33706209829946016,1.0,3/3,32.75%,Q9BZG8;Q9BQC3;CHEBI:49883
prerank,Collagen type IV trimer variant 3,-0.5807702964810197,-1.1218101480334883,0.265625,0.49875217046273373,1.0,3/3,42.00%,P29400;P53420;Q01955
prerank,"Replication protein A complex, RPA2 variant",-0.5818786367414797,-1.1215448262814447,0.3025830258302583,0.49782420384396736,1.0,3/3,41.89%,P35244;P27694;P15927
prerank,U4/U6 small nuclear ribonucleoprotein complex,0.6735937932945414,1.1207784644254368,0.2980132450331126,0.34029998518997967,1.0,3/3,32.70%,CPX-26417;CPX-26415;Q8WWY3
prerank,Complement factor I complex,0.6713771127736217,1.119647709859756,0.308843537414966,0.34180909329932674,1.0,3/3,32.92%,P05156-PRO_0000027569;P05156-PRO_0000027570;CHEBI:29108
prerank,MUS81-EME1 structure-specific endonuclease complex,0.6807980049875312,1.1196005415407058,0.2853333333333333,0.3413469344879841,1.0,3/3,31.98%,Q96AY2;Q96NY9;CHEBI:18420
prerank,"AMPK complex, alpha1-beta1-gamma3 variant",-0.572734829592685,-1.118598568559363,0.27530364372469635,0.5018498431434983,1.0,3/3,42.80%,Q13131;Q9Y478;Q9UGI9
prerank,Lactose synthase complex,0.6713771127736216,1.118048118932953,0.3034013605442177,0.34368881189126893,1.0,3/3,32.92%,P00709;P15291-2;CHEBI:29108
prerank,Coagulation factor IXa complex,0.6713771127736216,1.1180355186145008,0.30405405405405406,0.3431651885424471,1.0,3/3,32.92%,P00740-PRO_0000027759;P00740-PRO_0000027757;CHEBI:29108
prerank,Interleukin-18 receptor-ligand complex,-0.5816015516763647,-1.1160408645086037,0.27636363636363637,0.5053738145777161,1.0,3/3,41.92%,Q14116;O95256;Q13478
prerank,"AMPK complex, alpha1-beta2-gamma3 variant",-0.572734829592685,-1.115354944101515,0.2737226277372263,0.5052744117567582,1.0,3/3,42.80%,Q13131;O43741;Q9UGI9
prerank,Classical and lectin pathway C3 convertase complex C4b2a-B,-0.5138580931263859,-1.1139252384272516,0.2932692307692308,0.506719718603694,1.0,4/4,48.70%,P06681-PRO_0000027612;P0C0L5-PRO_0000042703;P0C0L5-PRO_0000042706;P0C0L5-PRO_0000042699
prerank,Cubam cobalamin uptake receptor complex,0.6713771127736216,1.1136316515793072,0.31643835616438354,0.3507536216043646,1.0,3/3,32.92%,O60494;Q9BXJ7;CHEBI:29108
prerank,NLGN1(-SSA-SSB) - NRXN1-beta(-SS4) complex,0.6713771127736216,1.1135856868603438,0.310719131614654,0.34972478447763594,1.0,3/3,32.92%,P58400-1;Q8N2Q7;CHEBI:29108
prerank,NLGN1(+SSA+SSB) - NRXN1-beta(-SS4) complex,0.6713771127736216,1.1135856868603438,0.310719131614654,0.34972478447763594,1.0,3/3,32.92%,P58400-1;Q8N2Q7;CHEBI:29108
prerank,Annexin A2 - S100-A10 complex,0.6713771127736216,1.113469372078646,0.3071808510638298,0.34937247496761614,1.0,3/3,32.92%,P60903;P07355;CHEBI:29108
prerank,"SEC61 protein-conducting channel complex, SEC1A2 variant",-0.5793848711554448,-1.1128990854749212,0.2708333333333333,0.5073150610777732,1.0,3/3,42.14%,P60468;P60059;Q9H9S3
prerank,Collagen type XI trimer variant 3,-0.5633139373787753,-1.1127503694619776,0.2867647058823529,0.5061491171159116,1.0,3/3,43.74%,P12107;P05997;P20908
prerank,ISCA1-ISCA2 mitochondrial iron-sulfur protein assembly complex,0.6730396231643112,1.111613746833034,0.3194630872483222,0.35219062252560324,1.0,3/3,32.75%,Q9BUE6;Q86U28;CHEBI:49883
prerank,NUBP1-NUBP2 iron-sulfur cluster assembly scaffold complex,0.6730396231643114,1.111581831244027,0.3012379642365887,0.3516881420113834,1.0,3/3,32.75%,P53384;Q9Y5Y2;CHEBI:49883
prerank,"TAK1-TAB complex, TAB2 variant",-0.5774452756996399,-1.1096174958559175,0.3054545454545455,0.510413433011401,1.0,3/3,42.33%,O43318;Q15750;Q9NYJ8
prerank,SF3A complex,0.6722083679689665,1.1091080181858282,0.30851063829787234,0.3557687933189062,1.0,3/3,32.83%,Q15459;Q15428;Q12874
prerank,PDGF receptor alpha-beta - PDGF-BB complex,-0.5854644434664973,-1.1082837329153068,0.3048327137546468,0.5116000702845365,1.0,2/3,0.36%,P09619;P16234
prerank,"AMPK complex, alpha2-beta2-gamma2 variant",-0.57245774452757,-1.1067772041560737,0.2900763358778626,0.5130434150315094,1.0,3/3,42.83%,P54646;O43741;Q9UGJ0
prerank,"AMPK complex, alpha1-beta1-gamma2 variant",-0.57245774452757,-1.1032811774353883,0.2915129151291513,0.5182184108871707,1.0,3/3,42.83%,Q13131;Q9Y478;Q9UGJ0
prerank,Chitinase 3-like-1-tmem219-interleukin-13 receptor-ligand alpha-2 signalling complex,0.620011086474501,1.1026428870539178,0.31203007518796994,0.36732016207960894,1.0,4/4,38.07%,Q14627;Q86XT9;P36222;P35225
prerank,"SEC61 protein-conducting channel complex, SEC1A1 variant",-0.5804932114159047,-1.1023211310018135,0.3162393162393162,0.5185245581274781,1.0,3/3,42.03%,P60468;P60059;P61619
prerank,"RAVE complex, DMXL2 variant",-0.5771681906345248,-1.100877292336598,0.30739299610894943,0.5199863833757215,1.0,3/3,42.36%,Q9GZN7;Q9Y4E6;Q8TDJ6
prerank,BOLA2-GLRX3 iron-sulfur cluster assembly complex,-0.5169068736141906,-1.0993984734991924,0.32460732984293195,0.5213909344457655,1.0,4/4,48.39%,CHEBI:33737;CHEBI:16856;Q9H3K6;O76003
prerank,"RAVE complex, DMXL1 variant",-0.5813244666112497,-1.0986547816379355,0.31007751937984496,0.5213770897122274,1.0,3/3,41.94%,Q9GZN7;Q9Y4E6;Q9Y485
prerank,"Replication protein A complex, RPA4 variant",-0.5730119146578,-1.0983260847122733,0.3172690763052209,0.52064238359216,1.0,3/3,42.77%,P35244;P27694;Q13156
prerank,"TAK1-TAB complex, TAB3 variant",-0.5777223607647548,-1.0981409534397182,0.31095406360424027,0.5195975539399109,1.0,3/3,42.30%,O43318;Q15750;Q8N5C8
prerank,"AMPK complex, alpha1-beta1-gamma1 variant",-0.5768911055694098,-1.0975512904372433,0.30996309963099633,0.5193171853370898,1.0,3/3,42.39%,Q13131;Q9Y478;P54619
prerank,LMAN1-MCFD2 cargo receptor complex,0.6713771127736217,1.0962880641573969,0.3183673469387755,0.37872593704557095,1.0,3/3,32.92%,Q8NI22;P49257;CHEBI:29108
prerank,"AMPK complex, alpha1-beta2-gamma2 variant",-0.57245774452757,-1.0958534855963153,0.2965779467680608,0.5212391475225315,1.0,3/3,42.83%,Q13131;O43741;Q9UGJ0
prerank,COPII vesicle coat complex,0.5167654685109506,1.0942030208973332,0.36095965103598693,0.38202141988587884,1.0,8/9,41.89%,O95487;O94979;O94855;O95486;Q9NQW1;Q9Y6B6;P53992;Q9NR31
prerank,Interleukin-17F receptor-ligand complex,-0.5049889135254989,-1.0934231847777796,0.3080568720379147,0.5249094248270151,1.0,4/4,49.58%,Q96F46;O43734;Q96PD4;Q8NAC3
prerank,"Nucleosome, variant H3.2-H2A.2-H2B.1",-0.4546714721375104,-1.0929214556300193,0.31756756756756754,0.5245410796398777,1.0,5/5,54.62%,P62805;P06899;CHEBI:4705;P04908;Q71DI3
prerank,"PAR cell polarity complex, PARD6B-PRKCZ variant",-0.5646993627043503,-1.0910391399993733,0.2947761194029851,0.526743484429137,1.0,3/3,43.60%,Q8TEW0;Q05513;Q9BYG5
prerank,"PAR cell polarity complex, PARD6B-PRKCI variant",-0.5646993627043503,-1.0908647242415477,0.2867647058823529,0.5256098146777413,1.0,3/3,43.60%,Q8TEW0;P41743;Q9BYG5
prerank,"PAR cell polarity complex, PARD6G-PRKCZ variant",-0.5591576614020505,-1.0885706338541734,0.30165289256198347,0.5283730289335035,1.0,3/3,44.16%,Q8TEW0;Q05513;Q9BYG4
prerank,CCM endothelial permeability complex,-0.5785536159600998,-1.0879543235553464,0.30278884462151395,0.5281428594120067,1.0,3/3,42.22%,O00522;Q9BSQ5;Q9BUL8
prerank,"General transcription factor TFIII3B complex, BRF2 variant",0.6489332224993074,1.0869251068400967,0.36155913978494625,0.39513251565602975,1.0,3/3,35.16%,Q9HAW0;A6H8Y1;P20226
prerank,R2T co-chaperone complex,0.6500415627597673,1.0864347097622826,0.34408602150537637,0.39548039672582097,1.0,3/3,35.05%,Q9H6T3-2;Q9Y230;Q9Y265
prerank,SNARE complex STX17-SNAP47-VAMP7,-0.5574951510113605,-1.086132175400038,0.32905982905982906,0.5302510191791286,1.0,3/3,44.32%,P56962;Q5SQN1;P51809
prerank,"GABA-A receptor, alpha1-alpha2-beta2-gamma2",-0.49307095343680707,-1.0842628031483077,0.29444444444444445,0.5328441108264987,1.0,4/4,50.78%,P47870;P18507;P14867;P47869
prerank,"GABA-A receptor, alpha3-beta3-gamma2",-0.5566638958160156,-1.0824059788447842,0.35856573705179284,0.5349355191529516,1.0,3/3,44.41%,P28472;P18507;P34903
prerank,"AMPK complex, alpha1-beta2-gamma1 variant",-0.5768911055694098,-1.081357072378239,0.33807829181494664,0.5356301335889715,1.0,3/3,42.39%,Q13131;O43741;P54619
prerank,"Nucleosome, variant H3.1-H2A.V-H2B.1",-0.45245356251732743,-1.0807772136069047,0.3263888888888889,0.5353569683803652,1.0,5/5,54.84%,P62805;P06899;CHEBI:4705;P68431;Q71UI9
prerank,"GABA-A receptor, alpha3-beta1-gamma2 complex",-0.5566638958160156,-1.0806648458692085,0.33969465648854963,0.5342043183914156,1.0,3/3,44.41%,P18507;P18505;P34903
prerank,[Cu-Zn] Superoxide dismutase complex,0.6461623718481574,1.0798366291260848,0.3713490959666203,0.40759180042294724,1.0,3/3,35.44%,CHEBI:29036;P00441;CHEBI:29105
prerank,SLX1-SLX4 structure-specific endonuclease complex,0.6461623718481573,1.0788038702196696,0.37466666666666665,0.4088890831130086,1.0,3/3,35.44%,Q9BQ83;Q8IY92;CHEBI:29105
prerank,"General transcription factor TFIII3B complex, BRF1 variant",0.6489332224993074,1.078639654136919,0.377027027027027,0.4085629768395214,1.0,3/3,35.16%,Q92994;A6H8Y1;P20226
prerank,"AMPK complex, alpha2-beta2-gamma3 variant",-0.572734829592685,-1.0782097830123603,0.32661290322580644,0.5377458693937656,1.0,3/3,42.80%,P54646;O43741;Q9UGI9
prerank,"m-AAA protease complex, AFG3L2-SPG7 variant",0.6461623718481574,1.0777355527972634,0.3713490959666203,0.40968241576691306,1.0,3/3,35.44%,Q9UQ90;Q9Y4W6;CHEBI:29105
prerank,"GABA-A receptor, alpha1-beta1-gamma2",-0.5536159600997507,-1.0776856852221144,0.316,0.5373957438610293,1.0,3/3,44.71%,P18507;P18505;P14867
prerank,"AMPK complex, alpha2-beta1-gamma1 variant",-0.5768911055694098,-1.0776277635265452,0.3358208955223881,0.5361266814711783,1.0,3/3,42.39%,P54646;Q9Y478;P54619
prerank,"AMPK complex, alpha2-beta2-gamma1 variant",-0.5768911055694098,-1.077277694942356,0.34191176470588236,0.5354897511245565,1.0,3/3,42.39%,P54646;O43741;P54619
prerank,"PAR cell polarity complex, PARD6A-PRKCZ variant",-0.5616514269880853,-1.077161507209373,0.3178294573643411,0.5343118241784738,1.0,3/3,43.91%,Q8TEW0;Q05513;Q9NPB6
prerank,"Katanin complex, KATNAL2-KATNBL1 variant",-0.5599889165973955,-1.0770329922498292,0.2964426877470356,0.5332127951142961,1.0,3/3,44.08%,CHEBI:15422;Q9H079;Q8IYT4
prerank,NLRC4 inflammasome,-0.49584257206208426,-1.0763586003689238,0.30917874396135264,0.5332948457328693,1.0,4/4,50.50%,Q9ULZ3;P29466;Q9NPP4;Q13075
prerank,Mitochondrial processing peptidase complex,0.6461623718481573,1.0750132165931157,0.37158469945355194,0.41429538451820463,1.0,3/3,35.44%,O75439;Q10713;CHEBI:29105
prerank,"PAR cell polarity complex, PARD6G-PRKCI variant",-0.5591576614020505,-1.074958811947701,0.33969465648854963,0.534403985553111,1.0,3/3,44.16%,Q8TEW0;P41743;Q9BYG4
prerank,Interleukin-17A receptor-ligand complex,-0.5036031042128604,-1.0733344266617226,0.3472222222222222,0.5361907067381048,1.0,4/4,49.72%,Q96F46;O43734;Q8NAC3;Q16552
prerank,"GABA-A receptor, alpha1-alpha2-beta3-gamma2",-0.49307095343680707,-1.0730216815202607,0.3333333333333333,0.5354388550472086,1.0,4/4,50.78%,P28472;P18507;P14867;P47869
prerank,"AMPK complex, alpha2-beta1-gamma3 variant",-0.572734829592685,-1.0725696203861343,0.33195020746887965,0.5349915004311216,1.0,3/3,42.80%,P54646;Q9Y478;Q9UGI9
prerank,"PAR cell polarity complex, PARD6A-PRKCI variant",-0.5616514269880853,-1.072040038680598,0.32432432432432434,0.5346181337173674,1.0,3/3,43.91%,Q8TEW0;P41743;Q9NPB6
prerank,"Katanin complex, KATNAL2-KATNB1 variant",-0.5599889165973955,-1.0708048929567024,0.32677165354330706,0.5358009288844617,1.0,3/3,44.08%,CHEBI:15422;Q9BVA0;Q8IYT4
prerank,ERAP1-ERAP2 endoplasmic reticulum aminopeptidase complex,0.6461623718481573,1.0698296129238518,0.3921832884097035,0.42377831902155133,1.0,3/3,35.44%,Q9NZ08;Q6P179;CHEBI:29105
prerank,"AMPK complex, alpha2-beta1-gamma2 variant",-0.57245774452757,-1.0691160527694443,0.32452830188679244,0.5376523780993449,1.0,3/3,42.83%,P54646;Q9Y478;Q9UGJ0
prerank,"Nucleosome, variant H3.1-H2A.Z-H2B.1",-0.4549487108400333,-1.0688059582374811,0.34394904458598724,0.5369257251789745,1.0,5/5,54.60%,P62805;P06899;CHEBI:4705;P68431;P0C0S5
prerank,General transcription factor TFIIB-TBP complex,0.6461623718481573,1.0687688747274773,0.385558583106267,0.42523674475438944,1.0,3/3,35.44%,Q00403;P20226;CHEBI:29105
prerank,SNARE complex STX17-SNAP29-VAMP8,-0.5572180659462456,-1.0669261043236757,0.32608695652173914,0.5393652858869415,1.0,3/3,44.35%,P56962;O95721;Q9BV40
prerank,Piccolo NuA4 histone acetyltransferase complex ,0.6558603491271822,1.066612849023722,0.3748326639892905,0.4288018666765867,1.0,3/3,34.47%,Q92993;Q9NXR8;Q9H2F5
prerank,PDGF receptor beta - PDGF-AB complex,-0.5583264062067055,-1.0652670214768267,0.3657587548638132,0.541206757270304,1.0,3/3,44.24%,P09619;P04085;P01127
prerank,PDGF receptor alpha - PDGF-AB complex,-0.5583264062067055,-1.0651079990372159,0.3453815261044177,0.5400849301212943,1.0,3/3,44.24%,P16234;P04085;P01127
prerank,TGF-beta-1-TGFR complex,-0.5356054308672763,-1.0649501506763843,0.3293172690763052,0.5390455691905395,1.0,3/3,46.51%,P37173;P36897;P01137-PRO_0000033763
prerank,"LINC complex, SUN2-SYNE4 variant",0.6461623718481575,1.0644094476171893,0.40346205059920104,0.43215999658274484,1.0,3/3,35.44%,Q8N205;Q9UH99;CHEBI:29105
prerank,tRNA-guanine transglycosylase complex,0.6461623718481573,1.0617878008514645,0.38934426229508196,0.43649966281963865,1.0,3/3,35.44%,Q9BXR0;Q9H974;CHEBI:29105
prerank,"LINC complex, SUN1-SYNE4 variant",0.6461623718481575,1.0617752629407335,0.3801089918256131,0.43585281133064496,1.0,3/3,35.44%,Q8N205;O94901;CHEBI:29105
prerank,"Katanin complex, KATNAL1-KATNB1 variant",-0.5605430867276254,-1.061503235757104,0.35984848484848486,0.5442927368248144,1.0,3/3,44.02%,CHEBI:15422;Q9BVA0;Q9BW62
prerank,"Katanin complex, KATNA1-KATNB1 variant",-0.5586034912718205,-1.0612990585156645,0.34765625,0.54326721519918,1.0,3/3,44.21%,CHEBI:15422;Q9BVA0;O75449
prerank,"Nucleosome complex, H2A type 1 variant ",-0.4527308012198503,-1.0601021526205276,0.32666666666666666,0.5443386688134588,1.0,5/5,54.82%,P62805;P06899;CHEBI:4705;P68431;P0C0S8
prerank,"Nucleosome, variant H3.1t-H2A.2-H2B.1",-0.45217632381480455,-1.057553048817075,0.3780487804878049,0.5481385152421412,1.0,5/5,54.87%,P62805;P06899;CHEBI:4705;P04908;Q16695
prerank,ATG12-ATG5-ATG16L2 complex,-0.5478763408937973,-1.0571564922601027,0.3515625,0.5476172615506787,1.0,2/3,2.44%,Q9H1Y0;O94817
prerank,SNARE complex STX17-SNAP29-VAMP7,-0.5574951510113605,-1.0564720155615452,0.33969465648854963,0.547540373345323,1.0,3/3,44.32%,P56962;O95721;P51809
prerank,"Katanin complex, KATNA1-KATNBL1 variant",-0.5586034912718205,-1.0558591767583636,0.3682170542635659,0.5474638620429348,1.0,3/3,44.21%,CHEBI:15422;Q9H079;O75449
prerank,"LIN-10-LIN-2-LIN-7 complex, LIN7C variant",-0.5380991964533112,-1.0550822738304642,0.3360655737704918,0.5477205979145544,1.0,3/3,46.26%,Q02410;O14936;Q9NUP9
prerank,"GABA-A receptor, alpha3-beta2-gamma2",-0.5566638958160156,-1.0544504317682197,0.35019455252918286,0.5476440202659112,1.0,3/3,44.41%,P47870;P18507;P34903
prerank,"GABA-A receptor, alpha1-beta3-gamma2",-0.5536159600997507,-1.0542730250814012,0.37349397590361444,0.5466803066428203,1.0,3/3,44.71%,P28472;P18507;P14867
prerank,"GABA-A receptor, alpha1-beta2-gamma2",-0.5536159600997507,-1.0516731231605285,0.3512396694214876,0.5504597881119184,1.0,3/3,44.71%,P47870;P18507;P14867
prerank,"Nuclear meiotic cohesin complex, RAD21L1 variant",-0.4825388026607539,-1.0514248959180936,0.3582887700534759,0.5495561214833844,1.0,4/4,51.83%,Q9UQE7;Q9UJ98;Q8NDV3;Q9H4I0
prerank,PDGF receptor alpha-beta - PDGF-DD complex,-0.5527847049044057,-1.0513226583230544,0.3609022556390977,0.5483651961865017,1.0,2/3,0.36%,P09619;P16234
prerank,CENP-A nucleosome complex,-0.45162184640975883,-1.0508800154984739,0.36470588235294116,0.5480280155082049,1.0,5/5,54.93%,P62805;P06899;P04908;P49450;CHEBI:75909
prerank,"Nuclear mitotic cohesin complex, STAG1 variant",-0.48198447893569846,-1.0501816366715655,0.34594594594594597,0.5480629522757431,1.0,4/4,51.88%,Q9UQE7;O60216;Q14683;Q8WVM7
prerank,Membrane bound interleukin-6 mIL6R receptor-ligand cluster-signalling complex,0.6251039068994182,1.047095482018672,0.4311050477489768,0.4633526476648835,1.0,3/3,37.54%,P08887-1;P05231-PRO_0000015582;P40189-1
prerank,"Nucleosome complex, H2BC12 variant ",-0.45300803992237315,-1.0466240952204175,0.38405797101449274,0.5535987191238074,1.0,5/5,54.79%,P62805;CHEBI:4705;P68431;P04908;O60814
prerank,SNARE complex STX17-SNAP47-VAMP8,-0.5572180659462456,-1.0448388770527566,0.38016528925619836,0.5555621063754743,1.0,3/3,44.35%,P56962;Q5SQN1;Q9BV40
prerank,"Katanin complex, KATNAL1-KATNBL1 variant",-0.5605430867276254,-1.0441895050233843,0.37065637065637064,0.5553703671311606,1.0,3/3,44.02%,CHEBI:15422;Q9H079;Q9BW62
prerank,ATG5-ATG12-TECPR1 complex,-0.5478763408937974,-1.0403536635249997,0.37349397590361444,0.5612895555981137,1.0,2/3,2.44%,Q9H1Y0;O94817
prerank,ATG12-ATG5-ATG16L1 complex,-0.5478763408937974,-1.038510985371068,0.35797665369649806,0.563537967311538,1.0,2/3,2.44%,Q9H1Y0;O94817
prerank,"Neuronal nicotinic acetylcholine receptor complex, alpha3-alpha6-beta4",-0.5375450263230812,-1.0355080195448136,0.41544117647058826,0.5678818750063487,1.0,3/3,46.32%,P32297-PRO_0000000346;Q15825-PRO_0000000360;P30926-PRO_0000000389
prerank,"Neuronal nicotinic acetylcholine receptor complex, alpha3-alpha6-beta2-beta3",-0.4808758314855876,-1.0326961537477615,0.3736842105263158,0.5721505893446435,1.0,4/4,51.99%,P17787-PRO_0000000379;P32297-PRO_0000000346;Q15825-PRO_0000000360;Q05901-PRO_0000000383
prerank,PDGF receptor alpha-beta - PDGF-CC complex,-0.5527847049044057,-1.0325518099675557,0.37453183520599254,0.5711101575813167,1.0,2/3,0.36%,P09619;P16234
prerank,"Beta-catenin destruction core complex, APC2-AXIN1-GSK3A variant",-0.48004434589800443,-1.0320982799591965,0.3694581280788177,0.5706488187176808,1.0,4/4,52.08%,P48729;O15169;O95996;P49840
prerank,CRUMBS1-PALS1-PATJ cell polarity complex,-0.5414242172346911,-1.0288531218868744,0.40069686411149824,0.5757975347071983,1.0,3/3,45.93%,Q8NI35;Q8N3R9;P82279
prerank,Mitotic Checkpoint Complex,-0.4634146341463415,-1.0282272299409532,0.3862433862433862,0.5756702835997839,1.0,4/4,53.74%,Q12834;Q13257;O43684;O60566
prerank,TMEM219-Interleukin-13 decoy-receptor-ligand alpha 2 complex,0.6198392906622334,1.026746103507276,0.4578313253012048,0.5024966669965413,1.0,3/3,38.07%,Q14627;Q86XT9;P35225
prerank,TGF-beta-2-TGFR complex,-0.5231366029371017,-1.0267402456273007,0.375,0.57711610149992,1.0,3/3,47.76%,P37173;P36897;P61812-PRO_0000033785
prerank,"Beta-catenin destruction core complex, APC-AXIN1-GSK3A variant",-0.48004434589800443,-1.026239148457916,0.3981042654028436,0.5768067354446426,1.0,4/4,52.08%,P48729;P25054;O15169;P49840
prerank,Fibrinogen complex,-0.5250761983929066,-1.0259591791831562,0.4024390243902439,0.5760149227902048,1.0,3/3,47.56%,P02679-PRO_0000009099;P02671-PRO_0000009021;P02675-PRO_0000009070
prerank,"LIN-10-LIN-2-LIN-7 complex, LIN7B variant",-0.5383762815184262,-1.0254232174373246,0.3817427385892116,0.5758108678363619,1.0,3/3,46.23%,Q02410;O14936;Q9HAP6
prerank,"Nuclear meiotic cohesin complex, REC8 variant",-0.4803215077605322,-1.0254132390804804,0.3945945945945946,0.5744898647855147,1.0,4/4,52.05%,Q9UQE7;Q9UJ98;Q8NDV3;O95072
prerank,Interleukin-17C receptor-ligand complex,-0.4670177383592018,-1.0234026768835083,0.38497652582159625,0.5771260121109507,1.0,4/4,53.38%,Q96F46;O43734;Q8NFR9;Q9P0M4
prerank,"Nuclear mitotic cohesin complex, STAG2 variant",-0.48059866962305986,-1.0227122717991524,0.3595505617977528,0.57727593773695,1.0,4/4,52.02%,Q9UQE7;O60216;Q14683;Q8N3U4
prerank,"Beta-catenin destruction core complex, APC-AXIN2-GSK3A variant",-0.48004434589800443,-1.0222522601759998,0.37254901960784315,0.5768877981437465,1.0,4/4,52.08%,P48729;P25054;Q9Y2T1;P49840
prerank,"BOS complex, NOMO2 variant",-0.5134386256580771,-1.0207336981317088,0.42168674698795183,0.5788345465173252,1.0,3/3,48.73%,Q9BVK8;Q969V3;Q5JPE7
prerank,"Beta-catenin destruction core complex, APC2-AXIN2-GSK3A variant",-0.48004434589800443,-1.020589474906912,0.39487179487179486,0.5777392322746584,1.0,4/4,52.08%,P48729;Q9Y2T1;O95996;P49840
prerank,Ribonuclease MRP complex,0.4851512628365253,1.018860470266421,0.4865735767991407,0.5172774795571043,1.0,9/9,51.61%,O75817;P78345;O75818;Q969H6;O95707;P78346;Q99575;Q9BUL9;URS000075C8FA_9606
prerank,CRUMBS3-PALS1-PATJ cell polarity complex,-0.5417013022998061,-1.0187141535531816,0.44329896907216493,0.5802909496832046,1.0,3/3,45.90%,Q8NI35;Q8N3R9;Q9BUF7
prerank,CRUMBS2-PALS1-PATJ cell polarity complex,-0.5301428967264379,-1.0179589971336853,0.376271186440678,0.5805899467386972,1.0,2/3,4.21%,Q8NI35;Q8N3R9
prerank,"BOS complex, NOMO1 variant",-0.5195344970906068,-1.0109710927131927,0.4128787878787879,0.5935154487730085,1.0,3/3,48.12%,Q9BVK8;Q969V3;Q15155
prerank,Interleukin-35 receptor ligand type 2 complex,0.6087558880576336,1.010460402923747,0.5019815059445178,0.5327752463862222,1.0,3/3,39.17%,CPX-25744;Q99665;Q6UWB1
prerank,IL11-sIL11RA-sIL-6ST receptor-ligand buffering complex,0.6084788029925187,1.0093241564406619,0.4837837837837838,0.5341693835951388,1.0,3/3,39.20%,P40189-2;Q14626-PRO_0000450688;P20809
prerank,"PRMT5 methylosome complex, CLNS1A variant",-0.5358825159323913,-1.0078219025116424,0.39015151515151514,0.5988624033121178,1.0,3/3,46.48%,Q9BQA1;O14744;P54105
prerank,"BOS complex, NOMO3 variant",-0.5142698808534221,-1.0072313194081777,0.4358974358974359,0.5986349823485715,1.0,3/3,48.64%,Q9BVK8;Q969V3;P69849
prerank,"LIN-10-LIN-2-LIN-7 complex, LIN7A variant",-0.5297866444998615,-1.0060538378557282,0.421259842519685,0.5999800057402407,1.0,3/3,47.09%,Q02410;O14936;O14910
prerank,Interleukin-17B receptor-ligand complex,-0.4611973392461197,-1.0055074660342904,0.42786069651741293,0.5997221644271968,1.0,4/4,53.96%,Q96F46;O43734;Q9NRM6;Q9UHF5
prerank,39S mitochondrial large ribosomal subunit,-0.6804384485666105,-1.0,1.0,0.6099310751143885,1.0,54/54,33.00%,Q9NRX2;Q9Y6G3;URS000047A7F4_9606;Q9NWU5;Q9Y3B7;Q9P0M9;Q9P0J6;Q9P015;Q9NZE8;Q9NYK5;Q9NX20;Q9NVS2;Q16540;Q9NQ50;Q9NP92;Q9HD33;Q9H9J2;Q9H2W6;Q6P1L8;Q6P161;Q5T653;Q4U2R6;Q8N5N7;Q7Z2W9;Q9H0U6;Q9BZE1;Q96DV4;Q9BYD3;Q9BYD2;Q9BYD1;Q9BYC9;URS000080E36F_9606;Q96A35;Q8TCC3;Q8TAE8;Q8N983;Q8IXM3;Q86TS9;Q7Z7H8;Q7Z7F7;Q13405;Q13084;Q14197;P52815;P49406;O75394;P09001;Q9BRJ2;Q9BYC8;Q9BQC6;Q9BQ48;Q96GC5;Q96EL3;Q9BYD6
prerank,NRZ tethering complex,-0.5228595178719867,-0.9989676084494004,0.46062992125984253,0.6106715247806687,1.0,3/3,47.79%,O43264;A2RRP1;Q6NUQ1
prerank,Interleukin-25 receptor-ligand complex,-0.4636917960088692,-0.9980020390450062,0.44878048780487806,0.6112879807713979,1.0,4/4,53.71%,Q96F46;O43734;Q9NRM6;Q9H293
prerank,MBL2-MASP2 lectin-protease complex,-0.5045719035743974,-0.9956204260689296,0.4247104247104247,0.6149979759429641,1.0,3/3,49.61%,O00187-PRO_0000027599;O00187-PRO_0000027600;P11226
prerank,"NMDA receptor complex, GluN1-GluN2A-GluN2B",-0.5264616237184816,-0.9917238309173875,0.4627450980392157,0.6217636774616299,1.0,3/3,47.43%,Q05586;Q12879;Q13224
prerank,"PRMT5 methylosome complex, COPR5 variant",-0.5220282626766418,-0.9904025615648369,0.44150943396226416,0.6233560509366664,1.0,3/3,47.87%,Q9BQA1;O14744;Q9NQ92
prerank,RZZ complex,-0.5128844555278471,-0.9900245214494446,0.4151624548736462,0.622930769646585,1.0,3/3,48.78%,O43264;P50748;Q9H900
prerank,Granulocyte-macrophage colony-stimulating factor-receptor complex,-0.4620288248337029,-0.988284257648011,0.43601895734597157,0.625388717238618,1.0,4/4,53.88%,P32927;O60674;P15509;P04141
prerank,"Dynein-2 complex, light-chain variant 8",0.4764150943396225,0.9849720766392964,0.5388768898488121,0.5798726871883595,1.0,8/8,52.46%,P63167;Q8TCX1;Q8WW35;Q8NCM8;Q96EX3;Q8WVS4;P51808;Q8TF09
prerank,Laminin-522 complex,-0.5065114990302023,-0.9839825033133981,0.44106463878326996,0.6338126093924484,1.0,3/3,49.42%,P55268;O15230;Q13753
prerank,TGF-beta-3-TGFR complex,-0.5098365198115822,-0.9839242684741617,0.45517241379310347,0.6325240501730122,1.0,3/3,49.09%,P37173;P36897;P10600-PRO_0000033797
prerank,FCN2-MASP2 lectin-protease complex,-0.5029093931837074,-0.9830670492226912,0.44696969696969696,0.6329969549607835,1.0,3/3,49.78%,O00187-PRO_0000027599;O00187-PRO_0000027600;Q15485
prerank,"PRMT5 methylosome complex, RIOK1 variant",-0.513161540592962,-0.982983657658861,0.4699248120300752,0.6317496357029296,1.0,3/3,48.75%,Q9BQA1;O14744;Q9BRS2
prerank,FCN3-MASP1 lectin-protease complex,-0.5056802438348573,-0.9829319968122051,0.4186046511627907,0.630496533269245,1.0,3/3,49.50%,P48740-PRO_0000027594;P48740-PRO_0000027593;O75636
prerank,Fibrin complex,-0.5078969243557773,-0.982528831342127,0.4708171206225681,0.6299948571919932,1.0,3/3,49.28%,P02679-PRO_0000009099;P02671-PRO_0000009022;P02675-PRO_0000009071
prerank,Laminin-321 complex,-0.5067885840953174,-0.9800772876945154,0.396,0.6343978656362466,1.0,3/3,49.39%,P55268;P11047;Q16787-1
prerank,"Scribble cell polarity complex, DLG1-LLGL2-SCRIB variant",-0.5023552230534775,-0.9799393085764224,0.4961832061068702,0.6333202916816018,1.0,3/3,49.83%,Q14160;Q6P1M3;Q12959
prerank,Laminin-511 complex,-0.5070656691604323,-0.9797740170345897,0.4396887159533074,0.6322808257476085,1.0,3/3,49.36%,P07942;P11047;O15230
prerank,FCN3-MASP2 lectin-protease complex,-0.5056802438348573,-0.9792059292063084,0.44727272727272727,0.6321354786913134,1.0,3/3,49.50%,O00187-PRO_0000027599;O00187-PRO_0000027600;O75636
prerank,"Sodium:potassium-exchanging ATPase complex, FXYD3 variant",-0.4939872540870048,-0.9771258940700562,0.46153846153846156,0.6351920189605273,1.0,2/3,4.01%,P05026;P05023
prerank,"Sodium:potassium-exchanging ATPase complex, FXYD4 variant",-0.4939872540870047,-0.9765288273190466,0.463768115942029,0.6350908496527586,1.0,2/3,4.01%,P05026;P05023
prerank,"Scribble cell polarity complex, DLG1-LLGL1-SCRIB variant",-0.5023552230534775,-0.9741096888139336,0.48314606741573035,0.6386471671099444,1.0,3/3,49.83%,Q14160;Q15334;Q12959
prerank,FCN1-MASP1 lectin-protease complex,-0.5037406483790524,-0.9733811308042758,0.4653846153846154,0.6389303973963041,1.0,3/3,49.70%,P48740-PRO_0000027594;P48740-PRO_0000027593;O00602
prerank,"GABA-A receptor, alpha2-beta1-gamma2 complex",-0.4929343308395678,-0.9733427690227722,0.4517374517374517,0.6376282451518197,1.0,3/3,50.78%,P18507;P18505;P47869
prerank,FCN2-MASP1 lectin-protease complex,-0.5029093931837074,-0.9723030458669535,0.4435483870967742,0.6386863680177641,1.0,3/3,49.78%,P48740-PRO_0000027594;P48740-PRO_0000027593;Q15485
prerank,"Dynein-2 complex, light-chain variant 4",0.4678135405105437,0.9675557749973481,0.5597826086956522,0.61185865183318,1.0,8/8,53.32%,P63167;Q8TCX1;Q8WW35;Q8NCM8;Q96EX3;Q8WVS4;P51808;Q9NP97
prerank,"GABA-A receptor, alpha4-beta1-gamma2 complex",-0.49210307564422284,-0.9658742241235055,0.4749034749034749,0.6514117470481724,1.0,3/3,50.86%,P18507;P18505;P48169
prerank,FCN1-MASP2 lectin-protease complex,-0.5037406483790524,-0.9658692371989779,0.4609375,0.6500530920005718,1.0,3/3,49.70%,O00187-PRO_0000027599;O00187-PRO_0000027600;O00602
prerank,"Scribble cell polarity complex, DLG5-LLGL1-SCRIB variant",-0.5009697977279025,-0.9655807299949277,0.5,0.6492783168961223,1.0,3/3,49.97%,Q14160;Q15334;Q8TDM6
prerank,GATOR2 complex,-0.4019961186581647,-0.9639631415714893,0.4713375796178344,0.6515381968533324,1.0,5/5,59.88%,P55735;Q96EE3;Q96S15;Q6PJI9;Q9NXC5
prerank,"GABA-A receptor, alpha4-beta2-gamma2",-0.49210307564422284,-0.9631433608474296,0.47547169811320755,0.652056091685307,1.0,3/3,50.86%,P47870;P18507;P48169
prerank,"Scribble cell polarity complex, DLG2-LLGL1-SCRIB variant",-0.5018010529232475,-0.9629694559294705,0.48148148148148145,0.6510923170089109,1.0,3/3,49.89%,Q14160;Q15334;Q15700
prerank,"Scribble cell polarity complex, DLG3-LLGL1-SCRIB variant",-0.49875311720698257,-0.9627511604994796,0.45774647887323944,0.6502299433813274,1.0,3/3,50.19%,Q14160;Q15334;Q92796
prerank,"Sodium:potassium-exchanging ATPase complex, FXYD2 variant",-0.4939872540870048,-0.9620995650475698,0.5172413793103449,0.6502238537600746,1.0,2/3,4.01%,P05026;P05023
prerank,mTORC1 complex,-0.48933222499307294,-0.9618858535262694,0.48698884758364314,0.6493669166324996,1.0,3/3,51.14%,P42345;Q9BVC4;Q8N122
prerank,"Scribble cell polarity complex, DLG4-LLGL2-SCRIB variant",-0.4945968412302577,-0.961190251692507,0.468503937007874,0.6497442124221026,1.0,3/3,50.61%,Q14160;Q6P1M3;P78352
prerank,Laminin-311 complex variant A,-0.5067885840953174,-0.9597183618178161,0.4495798319327731,0.6516912294318059,1.0,3/3,49.39%,P07942;P11047;Q16787-1
prerank,"GABA-A receptor, alpha2-beta2-gamma2",-0.4929343308395678,-0.9594135714291726,0.5,0.6511041718510432,1.0,3/3,50.78%,P47870;P18507;P47869
prerank,"GABA-A receptor, alpha4-beta3-gamma2",-0.49210307564422284,-0.9584003014597156,0.4653846153846154,0.6522018091138205,1.0,3/3,50.86%,P28472;P18507;P48169
prerank,VCP-NPL4-UFD1-UBXN1 AAA ATPase complex,-0.4304323725055432,-0.9581423702689901,0.4896907216494845,0.6514669047224655,1.0,4/4,57.03%,P55072;Q8TAT6;Q92890;Q04323
prerank,"GABA-A receptor, alpha5-beta3-gamma2",-0.4926572457744528,-0.9580768814287783,0.48249027237354086,0.6502563896988469,1.0,3/3,50.80%,P28472;P18507;P31644
prerank,"Dynein-2 complex, light-chain variant 5",0.46698113207547154,0.9573794359884028,0.5836956521739131,0.6300771146136843,1.0,8/8,53.41%,P63167;Q8TCX1;Q8WW35;Q8NCM8;Q96EX3;Q8WVS4;Q8TF09;P63172
prerank,"Sodium:potassium-exchanging ATPase complex, FXYD5 variant",-0.4939872540870047,-0.956996105321172,0.4852941176470588,0.6513277454959696,1.0,2/3,4.01%,P05026;P05023
prerank,MBL2-MASP1 lectin-protease complex,-0.5045719035743974,-0.956228633837311,0.5057034220532319,0.6516002168562448,1.0,3/3,49.61%,P48740-PRO_0000027594;P48740-PRO_0000027593;P11226
prerank,"Dynein-2 complex, light-chain variant 1 ",0.46698113207547154,0.9549341767597864,0.5917030567685589,0.6335161621874533,1.0,8/8,53.41%,P63167;Q8TCX1;Q8WW35;Q8NCM8;Q96EX3;Q8WVS4;Q9NP97;P63172
prerank,"Sodium:potassium-exchanging ATPase complex, FXYD6 variant",-0.49398725408700483,-0.9545862540064289,0.515625,0.65393821508264,1.0,2/3,4.01%,P05026;P05023
prerank,"GABA-A receptor, alpha4-beta3-delta",-0.49210307564422284,-0.9539473492265806,0.49049429657794674,0.6539721207150814,1.0,3/3,50.86%,P28472;O14764;P48169
prerank,"GABA-A receptor, alpha4-beta2-delta",-0.49210307564422284,-0.9529786517415851,0.5230769230769231,0.6545375395794658,1.0,3/3,50.86%,P47870;O14764;P48169
prerank,"Sodium:potassium-exchanging ATPase complex, FXYD7 variant",-0.4939872540870048,-0.9525324856227863,0.516245487364621,0.6542181219881471,1.0,2/3,4.01%,P05026;P05023
prerank,"Scribble cell polarity complex, DLG2-LLGL2-SCRIB variant",-0.5018010529232475,-0.9525254286638808,0.5204460966542751,0.6528987101571622,1.0,3/3,49.89%,Q14160;Q6P1M3;Q15700
prerank,"Scribble cell polarity complex, DLG5-LLGL2-SCRIB variant",-0.5009697977279025,-0.9524404816278089,0.5223880597014925,0.651746856058667,1.0,3/3,49.97%,Q14160;Q6P1M3;Q8TDM6
prerank,"GABA-A receptor, alpha1-beta2-delta",-0.49321141590468276,-0.951859872097501,0.4883720930232558,0.6516491228344968,1.0,3/3,50.75%,P47870;P14867;O14764
prerank,"Neuronal nicotinic acetylcholine receptor complex, alpha3-alpha5-beta4",-0.5081740094208923,-0.9510922116537651,0.48659003831417624,0.6519060998781575,1.0,3/3,49.25%,P32297-PRO_0000000346;P30926-PRO_0000000389;P30532-PRO_0000000356
prerank,"GABA-A receptor, alpha5-beta1-gamma2 complex",-0.4926572457744528,-0.9506169673142117,0.4785992217898833,0.6515796422116412,1.0,3/3,50.80%,P18507;P18505;P31644
prerank,"Neuronal nicotinic acetylcholine receptor complex, alpha3-alpha5-beta2",-0.5081740094208923,-0.9505406735672457,0.5419847328244275,0.6503982452542735,1.0,3/3,49.25%,P17787-PRO_0000000379;P32297-PRO_0000000346;P30532-PRO_0000000356
prerank,PPP4C-PPP4R2-PPP4R3A protein phosphatase 4 complex,-0.49127182044887785,-0.9495182021749284,0.4878048780487805,0.6511740881043191,1.0,3/3,50.94%,P60510;Q9NY27;Q6IN85
prerank,"Sodium:potassium-exchanging ATPase complex, FXYD1 variant",-0.4939872540870048,-0.9477120938853894,0.5225563909774437,0.6537919852122294,1.0,2/3,4.01%,P05026;P05023
prerank,"Scribble cell polarity complex, DLG4-LLGL1-SCRIB variant",-0.4945968412302577,-0.947495022616542,0.48736462093862815,0.6529588608824289,1.0,3/3,50.61%,Q14160;Q15334;P78352
prerank,"GABA-A receptor, alpha5-beta2-gamma2",-0.4926572457744528,-0.9431517262836251,0.5403225806451613,0.6606281687503027,1.0,3/3,50.80%,P47870;P18507;P31644
prerank,GABA-A receptor alpha6-beta1-gamma2 complex,-0.4923801607093378,-0.9421607632776017,0.5059288537549407,0.6614595458084819,1.0,3/3,50.83%,P18507;P18505;Q16445
prerank,"GABA-A receptor, alpha2-beta3-gamma2",-0.4929343308395678,-0.9421346445004096,0.5172413793103449,0.6602315585889702,1.0,3/3,50.78%,P28472;P18507;P47869
prerank,Laminin-521 complex,-0.5070656691604323,-0.9412705828742933,0.5443548387096774,0.6607687398000174,1.0,3/3,49.36%,P55268;P11047;O15230
prerank,"GABA-A receptor, alpha6-beta2-delta",-0.4923801607093378,-0.9412443720364798,0.5234375,0.659495939521054,1.0,3/3,50.83%,P47870;O14764;Q16445
prerank,VCP-NPL4-UFD1-FAF2 AAA ATPase complex,-0.43015521064301554,-0.9390659269441346,0.5162790697674419,0.662876449443362,1.0,4/4,57.06%,P55072;Q8TAT6;Q92890;Q96CS3
prerank,"CARD-BCL10-MALT1 complex, CARD14 variant",-0.48379052369077313,-0.9387486483510468,0.5234375,0.6621386179943162,1.0,3/3,51.69%,Q9UDY8;O95999;Q9BXL6
prerank,DISP septin regulator complex,-0.487115544472153,-0.9373298284612083,0.5147058823529411,0.6634242017371657,1.0,3/3,51.36%,Q9UM54;Q96II8;Q96N67
prerank,"Scribble cell polarity complex, DLG3-LLGL2-SCRIB variant",-0.49875311720698257,-0.9372851414510105,0.5263157894736842,0.6622423381703852,1.0,3/3,50.19%,Q14160;Q6P1M3;Q92796
prerank,Laminin-311 complex variant B,-0.4782488223884733,-0.9367507778177014,0.515748031496063,0.6619753234529469,1.0,3/3,52.24%,P07942;P11047;Q16787-2
prerank,"CARD-BCL10-MALT1 complex, CARD10 variant",-0.4843446938210031,-0.9362920565302327,0.532319391634981,0.6616286105635476,1.0,3/3,51.63%,Q9UDY8;O95999;Q9BWT7
prerank,"CARD-BCL10-MALT1 complex, CARD9 variant",-0.48656137434192304,-0.9320341281666036,0.49606299212598426,0.6693119382083708,1.0,3/3,51.41%,Q9UDY8;O95999;Q9H257
prerank,GABA-A receptor alpha6-beta2-gamma2,-0.4923801607093378,-0.9312588084214395,0.541501976284585,0.6696710797744587,1.0,3/3,50.83%,P47870;P18507;Q16445
prerank,VCP-NPL4-UFD1-FAF1 AAA ATPase complex,-0.43098669623059865,-0.929658294432131,0.5603864734299517,0.6717246112721055,1.0,4/4,56.98%,P55072;Q8TAT6;Q92890;Q9UNN5
prerank,SNARE priming complex STX17-SNAP29-YKT6,-0.486838459407038,-0.929041671592607,0.5522388059701493,0.6717020977186334,1.0,3/3,51.38%,P56962;O95721;O15498
prerank,"GABA-A receptor, alpha-6/beta-3/delta",-0.4923801607093378,-0.9289223341605549,0.5247148288973384,0.6706001865797689,1.0,3/3,50.83%,P28472;O14764;Q16445
prerank,Hexasome complex,-0.43458980044345896,-0.9287505574762378,0.5233160621761658,0.6696621679073189,1.0,4/4,56.62%,P62805;P68431;P62807;Q93077
prerank,Interleukin-13 receptor-ligand alpha 1 complex,0.5641451925741203,0.9259769895779028,0.6507503410641201,0.6843392988363283,1.0,3/3,43.63%,P78552;P35225;P24394
prerank,"GABA-A receptor, alpha6-beta3-gamma2",-0.4923801607093378,-0.9256127996793827,0.547244094488189,0.6752841349460611,1.0,3/3,50.83%,P28472;P18507;Q16445
prerank,PPP4C-PPP4R2-PPP4R3B protein phosphatase 4 complex,-0.4835134386256581,-0.9254180315617048,0.5703971119133574,0.6743953398969487,1.0,3/3,51.72%,P60510;Q9NY27;Q5MIZ7
prerank,Interleukin-4 receptor-ligand type-2 complex,0.5641451925741203,0.9252955844696044,0.6586985391766268,0.684478593912765,1.0,3/3,43.63%,P78552;P05112;P24394
prerank,VCP-NPL4-UFD1-UBXN7 AAA ATPase complex,-0.4298780487804878,-0.9247901314837106,0.5560975609756098,0.6744670683084305,1.0,4/4,57.09%,P55072;Q8TAT6;Q92890;O94888
prerank,"Neuronal nicotinic acetylcholine receptor complex, alpha4-alpha5-beta2",-0.4812967581047382,-0.9224131956716906,0.5517241379310345,0.6781664818271624,1.0,3/3,51.94%,P17787-PRO_0000000379;P30532-PRO_0000000356;P43681-PRO_0000000351
prerank,VCP-NPL4-UFD1 AAA ATPase complex,-0.4757550568024384,-0.9218603191495663,0.582089552238806,0.6780479039475773,1.0,3/3,52.49%,P55072;Q8TAT6;Q92890
prerank,"CARD-BCL10-MALT1 complex, CARD11 variant",-0.48489886395123305,-0.9191382185812192,0.5697674418604651,0.6824362309557317,1.0,3/3,51.58%,Q9UDY8;O95999;Q9BXL7
prerank,Interleukin-6 sIL6R-sIL6ST buffering receptor-ligand complex,0.5591576614020504,0.9185113400488618,0.6439290586630286,0.6950588423840558,1.0,3/3,44.13%,P08887-PRO_0000450730;P40189-2;P05231
prerank,Fanconi anemia FANCM-FAAP24-MHF anchoring complex,-0.43070953436807097,-0.9159091171151097,0.5700483091787439,0.6878165545303523,1.0,4/4,57.00%,A8MT69;Q8N2Z9;Q9BTP7;Q8IYD8
prerank,"Nav1.5 voltage-gated sodium channel complex, SCN3B-SCN4B variant",-0.45746744250484905,-0.915317010709745,0.5601503759398496,0.687685117063522,1.0,3/3,54.32%,Q8IWT1;Q9NY72;Q14524
prerank,ALKBH8-TRM112 methyltransferase complex,-0.43597560975609756,-0.9150656248239395,0.5518867924528302,0.6868678673524332,1.0,4/4,56.48%,CHEBI:59789;Q9UI30;CHEBI:29033;Q96BT7
prerank,Interleukin-6 sIL6R-mIL6ST receptor-ligand trans-signalling complex,0.5591576614020503,0.9148065914397004,0.6428571428571429,0.7001148355940191,1.0,3/3,44.13%,P40189-1;P08887-PRO_0000450730;P05231
prerank,STING-TRAF3-TBK1 complex,-0.4815738431698532,-0.914380602477644,0.549618320610687,0.6870665622337333,1.0,3/3,51.91%,Q9UHD2;Q13114;Q86WV6
prerank,"FTS-Hook-FHIP cargo adaptor complex, FHIP2A-HOOK2 variant",-0.4646716541978388,-0.9143309331930899,0.5657370517928287,0.6858384896799864,1.0,3/3,53.60%,Q9H8T0;Q96ED9;Q5W0V3
prerank,"Nav1.1 voltage-gated sodium channel complex, SCN1B-SCN2B variant",-0.45857578276530897,-0.9121405104036803,0.5483870967741935,0.6892408223607593,1.0,3/3,54.21%,Q07699;O60939;P35498
prerank,Laminin-523 complex,-0.4785259074535883,-0.9086391331027773,0.5714285714285714,0.6952330980812274,1.0,3/3,52.21%,P55268;O15230;Q9Y6N6
prerank,"Interleukin-24 receptor-ligand complex, type 2",0.545303408146301,0.9079807920270417,0.659400544959128,0.7099985155575812,1.0,3/3,45.51%,Q13007;Q6UXL0;Q8N6P7
prerank,"Nav1.1 voltage-gated sodium channel complex, SCN1B-SCN4B variant",-0.45857578276530897,-0.9076281841634739,0.5688405797101449,0.6960457451956451,1.0,3/3,54.21%,Q8IWT1;Q07699;P35498
prerank,"Dynein-1 complex, variant 3",0.46672212978369376,0.9071931614824805,0.6497747747747747,0.7100815348965468,1.0,6/6,53.41%,P63167;O14576;O43237;Q14204;Q9NP97;P63172
prerank,"Nav1.6 voltage-gated sodium channel complex, SCN3B-SCN4B variant",-0.45691327237461904,-0.9070732725989792,0.5714285714285714,0.6957599613108568,1.0,3/3,54.37%,Q8IWT1;Q9NY72;Q9UQD0
prerank,"Dynein-1 complex, variant 1",0.46672212978369376,0.9068753294939714,0.6527149321266968,0.7095128707115153,1.0,6/6,53.41%,P63167;Q13409;O43237;Q14204;Q9NP97;P63172
prerank,"Dynein-1 complex, variant 5",0.46672212978369376,0.9058838736536969,0.6614173228346457,0.7100410076432707,1.0,6/6,53.41%,P63167;O14576;O43237;Q14204;Q8TF09;P63172
prerank,"Dynein-1 complex, variant 7",0.46672212978369376,0.9039562767758652,0.6711864406779661,0.7120555098966349,1.0,6/6,53.41%,P63167;Q13409;O43237;Q14204;Q8TF09;P63172
prerank,TIM9-TIM10-TIM10B mitochondrial intermembrane space protein transporter complex,-0.4724300360210585,-0.9034636713495685,0.5719844357976653,0.7021318156154758,1.0,3/3,52.82%,P62072;Q9Y5J7;Q9Y5J6
prerank,"Nav1.2 voltage-gated sodium channel complex, SCN3B-SCN4B variant",-0.458298697700194,-0.9031051420955357,0.5984848484848485,0.701618382530061,1.0,3/3,54.24%,Q8IWT1;Q9NY72;Q99250
prerank,"Nav1.2 voltage-gated sodium channel complex, SCN1B-SCN2B variant",-0.458298697700194,-0.9030904848122062,0.5714285714285714,0.700350219991265,1.0,3/3,54.24%,Q07699;O60939;Q99250
prerank,Interleukin-20 receptor-ligand Type 1 complex,0.5455804932114158,0.902822195611137,0.6622516556291391,0.7127921313963157,1.0,3/3,45.49%,Q9NYY1;Q6UXL0;Q9UHF4
prerank,"Dynein-1 complex, variant 2",0.46672212978369376,0.9023900446573384,0.674233825198638,0.7123948377545293,1.0,6/6,53.41%,P63167;Q9Y6G9;Q13409;Q14204;Q9NP97;P63172
prerank,"Dynein-1 complex, variant 4",0.46672212978369376,0.9013944952809401,0.6681715575620768,0.7127996769018332,1.0,6/6,53.41%,P63167;Q9Y6G9;O14576;Q14204;Q9NP97;P63172
prerank,"Dynein-1 complex, variant 8",0.46672212978369376,0.8998619046216191,0.6746575342465754,0.7139731712782075,1.0,6/6,53.41%,P63167;Q9Y6G9;Q13409;Q14204;Q8TF09;P63172
prerank,Interleukin-20 receptor-ligand type 2 complex,0.5453034081463008,0.8997931311014162,0.6802721088435374,0.7130178767795577,1.0,3/3,45.51%,Q9NYY1-PRO_0000015381;Q6UXL0;Q8N6P7
prerank,Interleukin-19 receptor-ligand complex,0.5455804932114158,0.8979996429969596,0.6776406035665294,0.7146640243069414,1.0,3/3,45.49%,Q9UHD0-PRO_0000015379;Q6UXL0;Q9UHF4
prerank,"Nav1.7 voltage-gated sodium channel complex, SCN1B-SCN4B variant",-0.45663618730950406,-0.8970291162157819,0.5812274368231047,0.7115266048446963,1.0,3/3,54.40%,Q8IWT1;Q07699;Q15858
prerank,"4EHP-GIGYF2 co-translational mRNA decay complex, DDX6 variant",-0.45580493211415907,-0.8966630060682343,0.5668016194331984,0.7110321006089512,1.0,3/3,54.49%,P26196;O60573;Q6Y7W6
prerank,"Nav1.1 voltage-gated sodium channel complex, SCN3B-SCN4B variant",-0.45857578276530897,-0.8964788658328207,0.5929824561403508,0.7101560422942083,1.0,3/3,54.21%,Q8IWT1;Q9NY72;P35498
prerank,Alternative pathway fluid-phase C3 convertase complex C3(H2O)Bb,0.5450263230811858,0.8963779211227197,0.6856763925729443,0.7159954278053261,1.0,3/3,45.54%,P01024-PRO_0000005909;P01024-PRO_0000005908;P00751-PRO_0000027547
prerank,"Dynein-1 complex, variant 6",0.46672212978369376,0.8962562887955898,0.6723940435280642,0.7151304656903825,1.0,6/6,53.41%,P63167;Q9Y6G9;O14576;Q14204;Q8TF09;P63172
prerank,"Nav1.7 voltage-gated sodium channel complex, SCN3B-SCN4B variant",-0.45663618730950406,-0.8958464400990962,0.5871886120996441,0.7100964529843254,1.0,3/3,54.40%,Q8IWT1;Q9NY72;Q15858
prerank,"Nav1.3 voltage-gated sodium channel complex, SCN3B-SCN4B variant",-0.458021612635079,-0.8952358775516027,0.5745454545454546,0.7101516773864577,1.0,3/3,54.26%,Q8IWT1;Q9NY72;Q9NY46
prerank,"Nav1.8 voltage-gated sodium channel complex, SCN3B-SCN4B variant",-0.459129952895539,-0.8950339520330283,0.5876288659793815,0.7092201729195987,1.0,3/3,54.15%,Q8IWT1;Q9NY72;Q9Y5Y9
prerank,"Interleukin-24 receptor-ligand complex, type 1",0.5455804932114159,0.8941050824662102,0.6754507628294036,0.7172586520099705,1.0,3/3,45.49%,Q13007;Q6UXL0;Q9UHF4
prerank,"Nav1.5 voltage-gated sodium channel complex, SCN1B-SCN2B variant",-0.45746744250484905,-0.8933557651028889,0.582089552238806,0.7116648248193607,1.0,3/3,54.32%,Q07699;O60939;Q14524
prerank,"Nav1.4 voltage-gated sodium channel complex, SCN3B-SCN4B variant",-0.458852867830424,-0.8930614124170302,0.5939849624060151,0.7109856215226779,1.0,3/3,54.18%,Q8IWT1;Q9NY72;P35499
prerank,"Nav1.2 voltage-gated sodium channel complex, SCN2B-SCN3B variant",-0.458298697700194,-0.8902918000439547,0.6086956521739131,0.715564960310324,1.0,3/3,54.24%,Q9NY72;O60939;Q99250
prerank,"Nav1.5 voltage-gated sodium channel complex, SCN1B-SCN4B variant",-0.45746744250484905,-0.890157826148668,0.6162361623616236,0.7144884272741986,1.0,3/3,54.32%,Q8IWT1;Q07699;Q14524
prerank,"Nav1.1 voltage-gated sodium channel complex, SCN2B-SCN3B variant",-0.45857578276530897,-0.8887386758126478,0.6306620209059234,0.7162396157037145,1.0,3/3,54.21%,Q9NY72;O60939;P35498
prerank,"Nav1.6 voltage-gated sodium channel complex, SCN1B-SCN4B variant",-0.45691327237461904,-0.8881925128441674,0.6096654275092936,0.7161037517002117,1.0,3/3,54.37%,Q8IWT1;Q07699;Q9UQD0
prerank,"Nav1.3 voltage-gated sodium channel complex, SCN1B-SCN4B variant",-0.458021612635079,-0.8877200916687983,0.6334519572953736,0.7157707872951143,1.0,3/3,54.26%,Q8IWT1;Q07699;Q9NY46
prerank,"Nav1.3 voltage-gated sodium channel complex, SCN1B-SCN2B variant",-0.458021612635079,-0.8874000165942031,0.5904059040590406,0.7150821355659525,1.0,3/3,54.26%,Q07699;O60939;Q9NY46
prerank,"Nav1.4 voltage-gated sodium channel complex, SCN1B-SCN4B variant",-0.458852867830424,-0.8868766658302092,0.6395348837209303,0.7149069396240038,1.0,3/3,54.18%,Q8IWT1;Q07699;P35499
prerank,"Nav1.7 voltage-gated sodium channel complex, SCN1B-SCN2B variant",-0.45663618730950406,-0.886779074785669,0.6312056737588653,0.713852728571072,1.0,3/3,54.40%,Q07699;O60939;Q15858
prerank,Laminin-213 complex,-0.44804655029093937,-0.8859916563448973,0.5888501742160279,0.7142828994755175,1.0,3/3,55.26%,P07942;Q9Y6N6;P24043
prerank,"Nav1.9 voltage-gated sodium channel complex, SCN1B-SCN2B variant",-0.45774452756996403,-0.8859631778870896,0.6064981949458483,0.7130378425332515,1.0,3/3,54.29%,Q07699;O60939;Q9UI33
prerank,"4EHP-GIGYF1 co-translational mRNA decay complex, DDX6 variant",-0.4560820171792741,-0.8856433278684683,0.6108949416342413,0.7124953333340314,1.0,3/3,54.46%,P26196;O60573;O75420
prerank,"Nav1.9 voltage-gated sodium channel complex, SCN1B-SCN4B variant",-0.45774452756996403,-0.8848150749206511,0.6603053435114504,0.7129999477854688,1.0,3/3,54.29%,Q8IWT1;Q07699;Q9UI33
prerank,"Nav1.9 voltage-gated sodium channel complex, SCN3B-SCN4B variant",-0.45774452756996403,-0.8846958992054005,0.61328125,0.7120004244970132,1.0,3/3,54.29%,Q8IWT1;Q9NY72;Q9UI33
prerank,"Nav1.2 voltage-gated sodium channel complex, SCN1B-SCN4B variant",-0.458298697700194,-0.883246532130606,0.6264591439688716,0.7136982454587393,1.0,3/3,54.24%,Q8IWT1;Q07699;Q99250
prerank,"Nav1.3 voltage-gated sodium channel complex, SCN2B-SCN3B variant",-0.458021612635079,-0.8830778426463112,0.6102941176470589,0.712733402338359,1.0,3/3,54.26%,Q9NY72;O60939;Q9NY46
prerank,"Nav1.5 voltage-gated sodium channel complex, SCN2B-SCN3B variant",-0.45746744250484905,-0.8828660151040754,0.6,0.7119149895756651,1.0,3/3,54.32%,Q9NY72;O60939;Q14524
prerank,"Nav1.6 voltage-gated sodium channel complex, SCN1B-SCN2B variant",-0.45691327237461904,-0.8825904144755286,0.6079136690647482,0.7112007880568769,1.0,3/3,54.37%,Q07699;O60939;Q9UQD0
prerank,"Nav1.7 voltage-gated sodium channel complex, SCN2B-SCN3B variant",-0.45663618730950406,-0.8811865883112746,0.6268115942028986,0.7130211543239936,1.0,3/3,54.40%,Q9NY72;O60939;Q15858
prerank,"Nax cation channel complex, SCN3B-SCN4B variant",-0.457190357439734,-0.8777558885773119,0.6401515151515151,0.7188303817268361,1.0,3/3,54.35%,Q8IWT1;Q9NY72;Q01118
prerank,"Nax cation channel complex, SCN1B-SCN2B variant",-0.457190357439734,-0.8775545775429054,0.6301369863013698,0.7179428313929652,1.0,3/3,54.35%,Q07699;O60939;Q01118
prerank,Laminin-211 complex,-0.44804655029093937,-0.8772257889906242,0.5931558935361216,0.7173235444877566,1.0,3/3,55.26%,P07942;P11047;P24043
prerank,"Nax cation channel complex, SCN2B-SCN3B variant",-0.457190357439734,-0.8769956818062506,0.631768953068592,0.7164737621156144,1.0,3/3,54.35%,Q9NY72;O60939;Q01118
prerank,"Nav1.4 voltage-gated sodium channel complex, SCN2B-SCN3B variant",-0.458852867830424,-0.8757223817633473,0.6269230769230769,0.7180636856921685,1.0,3/3,54.18%,Q9NY72;O60939;P35499
prerank,"Nav1.4 voltage-gated sodium channel complex, SCN1B-SCN2B variant",-0.458852867830424,-0.8736124649908314,0.6156716417910447,0.7211619671559107,1.0,3/3,54.18%,Q07699;O60939;P35499
prerank,"Nav1.9 voltage-gated sodium channel complex, SCN2B-SCN3B variant",-0.45774452756996403,-0.8711435484968543,0.6434108527131783,0.7250208408034922,1.0,3/3,54.29%,Q9NY72;O60939;Q9UI33
prerank,"Nav1.8 voltage-gated sodium channel complex, SCN1B-SCN4B variant",-0.459129952895539,-0.8694939820208569,0.6411149825783972,0.7272396651582617,1.0,3/3,54.15%,Q8IWT1;Q07699;Q9Y5Y9
prerank,"Nav1.6 voltage-gated sodium channel complex, SCN2B-SCN3B variant",-0.45691327237461904,-0.8685106540127805,0.6310344827586207,0.7281074968995498,1.0,3/3,54.37%,Q9NY72;O60939;Q9UQD0
prerank,"4EHP-GIGYF2 co-translational mRNA decay complex, ZNF598 variant",0.5159323912441119,0.8676505195705777,0.7014725568942436,0.7549638827498787,1.0,3/3,48.45%,Q86UK7;Q6Y7W6;O60573
prerank,SKI complex,-0.45109448600720425,-0.8658599051848584,0.6091954022988506,0.7322724091577674,1.0,3/3,54.96%,Q9GZS3;Q6PGP7;Q15477
prerank,Laminin-221 complex,-0.44804655029093937,-0.8656914832914095,0.6307692307692307,0.7313076909318723,1.0,3/3,55.26%,P55268;P11047;P24043
prerank,"Nax cation channel complex, SCN1B-SCN4B variant",-0.457190357439734,-0.8639572738801796,0.6385964912280702,0.733657417169626,1.0,3/3,54.35%,Q8IWT1;Q07699;Q01118
prerank,"Nav1.8 voltage-gated sodium channel complex, SCN1B-SCN2B variant",-0.459129952895539,-0.8632836445602814,0.6382978723404256,0.733650205044488,1.0,3/3,54.15%,Q07699;O60939;Q9Y5Y9
prerank,"Nav1.8 voltage-gated sodium channel complex, SCN2B-SCN3B variant",-0.459129952895539,-0.8616016058323077,0.6544117647058824,0.736041437970957,1.0,3/3,54.15%,Q9NY72;O60939;Q9Y5Y9
prerank,eIF4E-CYFIP1-FMRP translational repressor complex,-0.44638403990024944,-0.8605547331985074,0.6666666666666666,0.7369296163779093,1.0,3/3,55.43%,P06730;Q06787;Q7L576
prerank,"GABA-A receptor, alpha3-beta3-gamma3",-0.44195067885840955,-0.8599465916079304,0.6541666666666667,0.7368810116226595,1.0,3/3,55.87%,P28472;P34903;Q99928
prerank,AIM2 inflammasome,-0.4508174009420893,-0.8570686072176305,0.65748031496063,0.7416980851031568,1.0,3/3,54.98%,Q9ULZ3;P29466;O14862
prerank,"GABA-A receptor, alpha5-beta3-gamma3",-0.44195067885840955,-0.8564636576573754,0.6848249027237354,0.7416680962758035,1.0,3/3,55.87%,P28472;P31644;Q99928
prerank,Interleukin-3 receptor-ligand complex,-0.4350235522305348,-0.8559260353052062,0.6559139784946236,0.7416915421835316,1.0,3/3,56.56%,P32927;P08700;P26951
prerank,Laminin-421 complex,-0.44832363535605435,-0.8547414463365652,0.6613545816733067,0.7427441917063646,1.0,3/3,55.23%,P55268;P11047;Q16363
prerank,Interleukin-27 receptor-ligand complex,0.48281596452328157,0.8544143271659002,0.7471980074719801,0.7720533923125561,1.0,4/4,51.77%,Q8NEV9;Q14213;Q6UWB1;P40189
prerank,Interleukin-1 beta ligand-membrane bound receptor type 1 complex,-0.4197838736492103,-0.8539015326332003,0.6541353383458647,0.7431421598248583,1.0,3/3,58.08%,Q9NPH3;P01584-PRO_0000015302;P14778-PRO_0000015435
prerank,Laminin-423 complex,-0.44832363535605435,-0.8534748081202773,0.676,0.7427650306113498,1.0,3/3,55.23%,P55268;Q9Y6N6;Q16363
prerank,NLRP3 inflammasome,-0.45414242172346914,-0.8512310479083083,0.667953667953668,0.7460216746453996,1.0,3/3,54.65%,Q9ULZ3;P29466;Q96P20
prerank,Laminin-411 complex,-0.44832363535605435,-0.8506716443098601,0.6419753086419753,0.7458347698585711,1.0,3/3,55.23%,P07942;P11047;Q16363
prerank,"4EHP-GIGYF1 co-translational mRNA decay complex, ZNF598 variant",0.5159323912441119,0.8499704423796056,0.722972972972973,0.7766470913004911,1.0,3/3,48.45%,Q86UK7;O75420;O60573
prerank,"TRAMP complex, TENT4B-ZCCHC7 variant",-0.4339152119700749,-0.8494157746483298,0.702928870292887,0.7469416897986535,1.0,3/3,56.67%,P42285;Q8N3Z6;Q8NDF8
prerank,Collagen type XI trimer variant 1,-0.4325297866444999,-0.8480232985764719,0.7136929460580913,0.7484663679505259,1.0,3/3,56.81%,P12107;P13942;P02458
prerank,Pyrin inflammasome,-0.4533111665281242,-0.8477736675180314,0.6889763779527559,0.7475836433365591,1.0,3/3,54.73%,Q9ULZ3;P29466;O15553
prerank,uPA-uPAR-vitronectin complex,-0.4449986145746745,-0.8458969640721348,0.6747967479674797,0.7500078872494881,1.0,3/3,55.56%,P00749;P04004;Q03405
prerank,Dolichol-phosphate mannosyltransferase complex,-0.4375173178165697,-0.8451846632203018,0.6603053435114504,0.750108493061277,1.0,3/3,56.31%,O94777;O60762;Q9P2X0
prerank,NLRP1 inflammasome,-0.4516486561374342,-0.8413921123771403,0.7160493827160493,0.7565587340071852,1.0,3/3,54.90%,Q9ULZ3;P29466;Q9C000
prerank,Nuclear exosome targeting complex,-0.4319756165142699,-0.8402219754997294,0.6910569105691057,0.7575230206725155,1.0,3/3,56.87%,P42285;Q6NZY4;Q9Y580
prerank,mRNA cap guanine-N7 methyltransferase complex,-0.42532557495151013,-0.8341252196594203,0.7091633466135459,0.7687808762855742,1.0,3/3,57.53%,CHEBI:59789;O43148;Q9BTL3
prerank,"GABA-A receptor, alpha3-beta3-theta",-0.42781934053754506,-0.8334036258559884,0.7380952380952381,0.7689705873100348,1.0,3/3,57.28%,P28472;P34903;Q9UN88
prerank,Laminin-111 complex,-0.43142144638403995,-0.8320498863343339,0.6452830188679245,0.7704895301777517,1.0,3/3,56.92%,P07942;P11047;P25391
prerank,Precursor interleukin-1 alpha-membrane-bound receptor type 1 complex,-0.4197838736492103,-0.8299698442283062,0.6984732824427481,0.7734218068720731,1.0,3/3,58.08%,Q9NPH3;P01583;P14778-PRO_0000015435
prerank,BUD23-TRM112 methyltransferase complex,-0.42587974508174015,-0.8260358951747606,0.6988847583643123,0.7800700301473531,1.0,3/3,57.48%,CHEBI:59789;Q9UI30;O43709
prerank,Laminin-121 complex,-0.43142144638403995,-0.823772692256446,0.7094339622641509,0.7834246349287555,1.0,3/3,56.92%,P55268;P11047;P25391
prerank,Ripoptosome,0.49321141590468276,0.8234773598534781,0.7746288798920378,0.8095508305506799,1.0,3/3,50.72%,Q13158;Q14790;Q13546
prerank,"TRAMP complex, TENT4A-ZCCHC7 variant",-0.43336104183984486,-0.8231750720511213,0.7136563876651982,0.7833601794786266,1.0,3/3,56.73%,P42285;Q8N3Z6;Q5XG87
prerank,TRMT11-TRM112 methyltransferase complex,-0.4239401496259352,-0.8218565865824612,0.7401574803149606,0.7846018051174518,1.0,3/3,57.67%,CHEBI:59789;Q9UI30;Q7Z4G4
prerank,METTL1-WDR4 tRNA (guanine-N(7)-)-methyltransferase complex,-0.42227763923524525,-0.8217837574402698,0.6705882352941176,0.7834463361567656,1.0,3/3,57.83%,CHEBI:59789;P57081;Q9UBP6
prerank,Interleukin-1 beta ligand-soluble receptor type 1 complex,-0.41922970351898037,-0.8212492798359203,0.7481203007518797,0.7831766648203596,1.0,3/3,58.14%,Q9NPH3;P01584-PRO_0000015302;P14778-PRO_0000415344
prerank,Precursor interleukin-1 alpha-soluble receptor type 1 complex,-0.41922970351898037,-0.8200510106450013,0.7425373134328358,0.7842328829557976,1.0,3/3,58.14%,Q9NPH3;P01583;P14778-PRO_0000415344
prerank,Interleukin-12-receptor ligand complex,-0.4267110002770851,-0.8196844891694272,0.6723404255319149,0.7837281122413833,1.0,3/3,57.39%,P42701-PRO_0000010917;Q99665-PRO_0000010920;CPX-381
prerank,THUMPD3-TRM112 methyltransferase complex,-0.4244943197561652,-0.8168231926860626,0.73828125,0.7881623459901546,1.0,3/3,57.61%,CHEBI:59789;Q9UI30;Q9BV44
prerank,Laminin-332 complex variant A,0.4937655860349126,0.8123533618590189,0.7994791666666666,0.8219254018164966,1.0,3/3,50.66%,Q13751;Q13753;Q16787-1
prerank,RXRalpha-RARalpha-NCOA2 retinoic acid receptor complex,-0.4275422554724301,-0.812235816654077,0.7099236641221374,0.795720565557906,1.0,3/3,57.31%,P19793;Q15596;P10276
prerank,Interferon epsilon receptor-ligand complex,-0.4125796619562206,-0.8113912221114923,0.6904761904761905,0.7961036885471846,1.0,3/3,58.80%,P17181;P48551;Q86WN2
prerank,Interleukin-2 receptor-ligand complex,0.4556541019955655,0.809432509029172,0.7971938775510204,0.824272517685607,1.0,4/4,54.49%,P01589;P60568;P14784;P31785
prerank,Laminin-332 complex variant B,0.49404267110002764,0.8074461286258472,0.8127490039840638,0.8254390450445885,1.0,3/3,50.64%,Q13751;Q16787-2;Q13753
prerank,Interferon beta receptor-ligand complex,-0.41285674702133557,-0.8058011990445452,0.7372549019607844,0.8052855087632819,1.0,3/3,58.78%,P17181;P48551;P01574
prerank,Interferon kappa receptor-ligand complex,-0.4117484067608756,-0.8052697234865889,0.7490494296577946,0.8051014621796491,1.0,3/3,58.89%,P17181;P48551;Q9P0W0
prerank,Interleukin 11-mIL11RA-IL-6ST receptor-ligand complex,0.4826821834303131,0.8020573000104312,0.793800539083558,0.830504542815102,1.0,3/3,51.77%,Q14626-PRO_0000010913;P20809;P40189
prerank,"Interferon alpha receptor-ligand complex, IFNA6 variant",-0.41202549182599063,-0.8008307259585511,0.7611336032388664,0.8125525215187713,1.0,3/3,58.86%,P17181;P48551;P05013
prerank,Interleukin-15 receptor-ligand complex,0.4556541019955655,0.800826803183417,0.8055207026348808,0.8307336352369447,1.0,4/4,54.49%,Q13261;P40933;P14784;P31785
prerank,Interferon omega receptor-ligand complex,-0.41036298143530064,-0.8006453096072149,0.7433962264150943,0.8116021208579872,1.0,3/3,59.03%,P17181;P48551;P05000
prerank,"Interferon alpha receptor-ligand complex, IFNA4 variant",-0.4087004710446107,-0.7999662633694797,0.7649253731343284,0.811501268661617,1.0,3/3,59.19%,P17181;P48551;P05014
prerank,"Interferon alpha receptor-ligand complex, IFNA5 variant",-0.41091715156553066,-0.799224127756139,0.731404958677686,0.81157311937316,1.0,3/3,58.97%,P17181;P48551;P01569
prerank,"Interferon alpha receptor-ligand complex, IFNA21 variant",-0.4092546411748407,-0.7989489406362332,0.7546468401486989,0.8107590955540728,1.0,3/3,59.14%,P17181;P48551;P01568
prerank,METTL5-TRM112 methyltransferase complex,-0.4247714048212802,-0.7973363315891927,0.7473309608540926,0.8124997405492792,1.0,3/3,57.59%,CHEBI:59789;Q9UI30;Q9NRN9
prerank,Interleukin-1 alpha-membrane-bound receptor type 1 complex,-0.4070379606539208,-0.7971074556718653,0.7519685039370079,0.8116199203580408,1.0,3/3,59.36%,Q9NPH3;P14778-PRO_0000015435;P01583-PRO_0000015266
prerank,THUMPD2-TRM112 methyltransferase complex,-0.42310889443059024,-0.796588482774351,0.7560975609756098,0.8113193694049117,1.0,3/3,57.75%,CHEBI:59789;Q9UI30;Q9BTF0
prerank,Interleukin-35 receptor ligand type 1 complex,0.482682183430313,0.7959119235605158,0.8139841688654353,0.83510650498978,1.0,3/3,51.77%,CPX-25744;Q99665;P40189
prerank,"Eukaryotic translation initiation factor 4F, EIF4A1 and EIF4G1 variant",-0.4145192574120255,-0.7948783877766853,0.7799227799227799,0.8131381995702514,1.0,3/3,58.61%,P06730;P60842;Q04637
prerank,IL33 receptor-ligand complex,-0.4078692158492658,-0.7944858057053568,0.748062015503876,0.8126030155965778,1.0,3/3,59.27%,Q9NPH3;O95760;Q01638
prerank,"Interferon alpha receptor-ligand complex, IFNA10 variant",-0.4089775561097257,-0.7943093173010103,0.7611940298507462,0.811662217422742,1.0,3/3,59.16%,P17181;P48551;P01566
prerank,Interleukin-1 alpha-soluble receptor type 1 complex,-0.4070379606539208,-0.7933530731198233,0.8060836501901141,0.8121354177534432,1.0,3/3,59.36%,Q9NPH3;P14778-PRO_0000415344;P01583-PRO_0000015266
prerank,Interleukin 11-sIL11RA-IL-6ST receptor-ligand trans-signalling complex,0.4826821834303131,0.7931076565201572,0.8205128205128205,0.8370755679206987,1.0,3/3,51.77%,Q14626-PRO_0000450688;P20809;P40189
prerank,Interleukin-36B receptor ligand complex,-0.40759213078415074,-0.7920295528886396,0.8045112781954887,0.8131457057307763,1.0,3/3,59.30%,Q9NPH3;Q9HB29;Q9NZH7-PRO_0000153646
prerank,"Interferon alpha receptor-ligand complex, IFNA16 variant",-0.4106400665004157,-0.7917552968562633,0.752,0.8124278137984088,1.0,3/3,59.00%,P17181;P48551;P05015
prerank,"Interferon alpha receptor-ligand complex, IFNA2 variant",-0.41008589637018567,-0.7916808060475846,0.7791666666666667,0.8112372959276477,1.0,3/3,59.05%,P17181;P48551;P01563
prerank,"Eukaryotic translation initiation factor 4F, EIF4A2 and EIF4G1 variant",-0.41313383208645055,-0.7911828448395558,0.767175572519084,0.8109659579466958,1.0,3/3,58.75%,P06730;Q04637;Q14240
prerank,Interleukin-6-mIL6R-mIL6ST receptor-ligand classical signalling complex,0.48268218343031305,0.7907847502183022,0.810958904109589,0.8385098823873103,1.0,3/3,51.77%,P08887-PRO_0000010895;P05231;P40189
prerank,"Interferon alpha receptor-ligand complex, IFNA8 variant",-0.41119423663064564,-0.7897605263987694,0.765625,0.8123421402382333,1.0,3/3,58.94%,P17181;P48551;P32881
prerank,Lymphotoxin-alpha-beta-LTBR receptor complex,0.4715987808257134,0.7896025792710111,0.8164116828929068,0.8386996802132642,1.0,3/3,52.88%,Q06643;P36941;P01374
prerank,TBK1-IKKepsilon-TANK complex,-0.3973399833748961,-0.789371774992059,0.7971014492753623,0.8117328795164281,1.0,3/3,60.33%,Q9UHD2;Q14164;Q92844
prerank,Interleukin-36G receptor ligand complex,-0.4067608755888058,-0.7884084029168824,0.7977941176470589,0.8121883651678735,1.0,3/3,59.39%,Q9NPH3;Q9HB29;Q9NZH8-PRO_0000153648
prerank,"Interferon alpha receptor-ligand complex, IFNA17 variant",-0.4114713216957606,-0.7883732569451258,0.7700729927007299,0.8109667536585679,1.0,3/3,58.91%,P17181;P48551;P01571
prerank,"Interferon alpha receptor-ligand complex, IFNA1 variant",-0.4123025768911056,-0.7883365544239145,0.7451737451737451,0.8097613038496192,1.0,3/3,58.83%,P17181;P48551;P01562
prerank,N6AMT1-TRM112 methyltransferase complex,-0.42255472430036023,-0.7868501986107347,0.7566539923954373,0.8111611331079622,1.0,3/3,57.81%,CHEBI:59789;Q9UI30;Q9Y5N5
prerank,"Interferon alpha receptor-ligand complex, IFNA14 variant",-0.4095317262399557,-0.7859885837648325,0.748062015503876,0.8113781439301415,1.0,3/3,59.11%,P17181;P48551;P01570
prerank,Interleukin-1 alpha decoy receptor-ligand type 2 complex,-0.4064837905236908,-0.7858348309590056,0.7509433962264151,0.8104179598586426,1.0,3/3,59.41%,Q9NPH3;P01583;P27930
prerank,"Retromer complex, VPS26B variant",-0.40814630091438076,-0.7827856164967099,0.7896825396825397,0.8146999771472515,1.0,3/3,59.25%,Q9UBQ0;Q96QK1;Q4G0F5
prerank,Interleukin-36A receptor ligand complex,-0.40731504571903576,-0.7819677842345679,0.7908745247148289,0.8149874727202404,1.0,3/3,59.33%,Q9NPH3;Q9HB29;Q9UHA7-PRO_0000153644
prerank,"Interferon alpha receptor-ligand complex, IFNA7 variant",-0.4098088113050707,-0.7802563637524859,0.7790697674418605,0.8168542226048598,1.0,3/3,59.08%,P17181;P48551;P01567
prerank,"Retromer complex, VPS26A variant",-0.40842338597949573,-0.7795469140922897,0.8305785123966942,0.8166398464398479,1.0,3/3,59.22%,Q9UBQ0;Q96QK1;O75436
prerank,"Eukaryotic translation initiation factor 4F, EIF4A1 and EIF4G3 variant",-0.41479634247714053,-0.7784855179871213,0.800711743772242,0.8173833765829608,1.0,3/3,58.58%,P06730;P60842;O43432
prerank,TBK1-IKKepsilon-SINTBAD complex,-0.3948462177888612,-0.771789973662405,0.8716981132075472,0.8285327482447702,1.0,3/3,60.58%,Q9UHD2;Q14164;A7MCY6
prerank,Interleukin-1 beta ligand-decoy receptor type 2 complex,-0.4064837905236908,-0.7716965818908772,0.7851851851851852,0.8274273696376289,1.0,3/3,59.41%,Q9NPH3;P01584-PRO_0000015302;P27930
prerank,"Eukaryotic translation initiation factor 4F, EIF4A2 and EIF4G3 variant",-0.41313383208645055,-0.7707217003162485,0.8210116731517509,0.8278208877959032,1.0,3/3,58.75%,P06730;O43432;Q14240
prerank,TBK1-IKKepsilon-NAP1 complex,-0.3937378775284012,-0.7638288245263852,0.8404669260700389,0.8385846050107166,1.0,3/3,60.69%,Q9UHD2;Q14164;Q9H6S1
prerank,Interleukin-7 sIL7RA-IL2RG receptor-ligand potentiating complex,0.4555278470490439,0.7611622515473089,0.8258503401360544,0.8680353851008552,1.0,3/3,54.49%,P16871-4;P13232-PRO_0000015623;P31785
prerank,Interleukin-21 receptor-ligand complex,0.4555278470490441,0.7601050471589555,0.844804318488529,0.8678682637365507,1.0,3/3,54.49%,Q9HBE5;Q9HBE4;P31785
prerank,Interleukin-7 mIL7R-IL2RG receptor-ligand signalling complex,0.45552784704904403,0.7556700103618478,0.8508655126498003,0.8711205456248764,1.0,3/3,54.49%,P16871-1;P13232-PRO_0000015623;P31785
prerank,Interleukin-4 receptor-ligand type-1 complex,0.45552784704904403,0.7495003391708376,0.8528252299605782,0.8760153308668648,1.0,3/3,54.49%,P05112;P24394;P31785
prerank,"mTNF-TNR1B receptor-ligand core complex, BIRC3 variant",0.41796008869179613,0.7443080387460024,0.8523153942428036,0.8797903294356402,1.0,4/4,58.25%,P20333-PRO_0000034548;Q13489;CPX-8931;Q12933
prerank,ISGF3 complex,0.44943197561651416,0.7393821387262477,0.8633288227334236,0.8832428267273104,1.0,3/3,55.09%,Q00978;P52630;P42224
prerank,"mTNF-TNR1B receptor-ligand core complex, BIRC2 variant",0.4179600886917961,0.7392684932011016,0.8638676844783715,0.8820751257702376,1.0,4/4,58.25%,P20333-PRO_0000034548;Q13490;CPX-8931;Q12933
prerank,Complement factor I-H-C3b complex,0.4397339983374895,0.7266437915237975,0.8822733423545331,0.8928667155606034,1.0,3/3,56.06%,CPX-6165;P08603;CPX-973
prerank,Alternative pathway pathogen cell-bound C5 convertase complex C3bBbC3bP,0.4397339983374895,0.7240658825298956,0.8833333333333333,0.8939879055136193,1.0,3/3,56.06%,CPX-5601;P27918;CPX-973
prerank,"Interferon lambda receptor-ligand complex, IFNL4 variant",0.42920476586311995,0.7236381350360477,0.8802631578947369,0.8931093943554053,1.0,3/3,57.12%,K9M1U5;Q8IU57;Q08334
prerank,Interleukin-22 receptor-ligand complex,0.42920476586311995,0.7223274995260771,0.889487870619946,0.893094010224189,1.0,3/3,57.12%,Q9GZX6;Q8N6P7;Q08334
prerank,"Interferon lambda receptor-ligand complex, IFNL2 variant",0.42920476586311995,0.7200854110654453,0.8804204993429697,0.8939029994793999,1.0,3/3,57.12%,Q8IZJ0;Q8IU57;Q08334
prerank,"Interferon lambda receptor-ligand complex, IFNL3 variant",0.42920476586311995,0.7198720007783523,0.8925170068027211,0.8928405533112456,1.0,3/3,57.12%,Q8IZI9;Q8IU57;Q08334
prerank,"Interferon lambda receptor-ligand complex, IFNL1 variant",0.42920476586311995,0.7198382649295938,0.8909825033647375,0.8915981804258175,1.0,3/3,57.12%,Q8IU54;Q8IU57;Q08334
prerank,Collagen type V trimer variant 2,0.4369631476863397,0.7167311332006968,0.8788694481830417,0.8931596133618249,1.0,3/3,56.34%,P25940;P20908;P05997
prerank,Interleukin-26 receptor-ligand complex,0.42920476586311995,0.7159116766587755,0.8930987821380244,0.8926171032633592,1.0,3/3,57.12%,Q9NPH9;Q9UHF4;Q08334
prerank,Interleukin-10 receptor-ligand complex,0.42920476586312,0.7128639005624087,0.8926174496644296,0.8941259456611597,1.0,3/3,57.12%,Q13651;P22301;Q08334
prerank,E3 ligase (RANBP2) complex,0.3931369701937556,0.6476756802528205,0.9475806451612904,0.9439852119204208,1.0,2/3,38.62%,P63279;P46060
