Name,Term,ES,NES,NOM p-val,FDR q-val,FWER p-val,Tag %,Gene %,Lead_genes
prerank,BBSome complex,-0.9343283582089553,-2.202939460659779,0.0,0.0,0.0,8/8,100.00%,Q8TAM2;A8MTZ0;Q3SYG4;Q8IWZ6;Q8N3I7;Q8NFJ9;Q96RK4;Q9BXC9
prerank,Complement C1 complex,-0.9932212581344902,-2.176756908784089,0.0,0.0,0.0,5/5,100.00%,CPX-1919;P00736-PRO_0000027578;P09871-PRO_0000027587;P09871-PRO_0000027588;P00736-PRO_0000027579
prerank,Elongator holoenzyme complex,-0.9671819907784107,-2.165163526217408,0.0,0.0,0.0,6/6,100.00%,Q6IA86;Q8TE02;Q96EB1;Q9H9T3;O95163;Q0PNE2
prerank,Glycoprotein Ib-IX-V-Filamin-A complex,-0.938177874186551,-2.109946697985365,0.0,0.0,0.0,5/5,100.00%,P07359;P13224;P14770;P40197;P21333
prerank,Glycoprotein Ib-IX-V complex,-0.9837354296557331,-2.066138444750202,0.0,0.0,0.0,4/4,100.00%,P07359;P13224;P14770;P40197
prerank,USH2 complex,-0.9522905936568175,-2.0362282640023053,0.0,9.036961171190169e-05,0.001,4/4,100.00%,Q9P202;O75445;Q8WXG9;Q9H5P4
prerank,General transcription factor TFIIIC complex,-0.858963927312178,-1.9927638823344342,0.0,0.00015491933436326003,0.002,6/6,100.00%,Q12789;Q8WUA4;Q969F1;Q9UKN8;Q9Y5Q8;Q9Y5Q9
prerank,CCAAT-binding factor complex,-0.981029810298103,-1.9400197016985488,0.0,0.0007455492966231889,0.01,3/3,100.00%,P23511;P25208;Q13952
prerank,LDLR-PCSK9 complex,-0.9734417344173442,-1.9288895733617564,0.0,0.0010241889327348857,0.015,3/3,100.00%,Q8NBP7-PRO_0000027121;P01130;Q8NBP7-PRO_0000027120
prerank,BAT3 complex,-0.9888888888888889,-1.920232781753564,0.0,0.0009759918064885382,0.016,3/3,100.00%,P11441;P46379;Q7L5D6
prerank,NALCN channelosome complex,-0.8739495798319327,-1.892307640111688,0.0,0.0019224081036895448,0.036,4/4,100.00%,B1AL88;Q8IZF0;Q8N2C7;Q9P2D8
prerank,Actin junctional complex,-0.9262872628726287,-1.8657241226335934,0.0035335689045936395,0.003659969274332018,0.07,3/3,100.00%,P11171;Q00013;P04921
prerank,Eukaryotic translation initiation factor 2 complex,-0.9246612466124661,-1.8626529111611214,0.0,0.003586978434103174,0.072,3/3,100.00%,P05198;P20042;P41091
prerank,"PtdIns(3,5)P2 regulatory complex",-0.9712737127371274,-1.860313313426432,0.0,0.0034469551895825357,0.074,3/3,100.00%,Q08AM6;Q92562;Q9Y2I7
prerank,CENP-A recruiting complex,-0.9439024390243902,-1.8523980861948703,0.0038461538461538464,0.0037593758472151103,0.085,3/3,100.00%,O43482;Q6P0N0;Q9NYP9
prerank,RNase H2 complex,-0.9626016260162602,-1.8519182031827284,0.0,0.003558303461156129,0.086,3/3,100.00%,O75792;Q5TBB1;Q8TDP1
prerank,Subcortical maternal complex,-0.8358654367878459,-1.8507084857391098,0.0,0.003380886649927616,0.087,7/7,100.00%,Q9H808-1;Q8WX94;Q6TGC4;Q587J8;P59047;A6NGQ2;Q9NX02
prerank,p53-MDM2-MDM4 transcriptional regulation complex,-0.9357723577235773,-1.8501118312292282,0.0,0.003283429225532428,0.087,3/3,100.00%,Q00987;O15151;P04637
prerank,Syndecan-1-syntenin-1-ALIX complex,-0.9409214092140922,-1.849141013740736,0.0,0.003167692705269817,0.089,3/3,100.00%,O00560;P18827;Q8WUM4
prerank,AP-4 Adaptor complex,-0.8926538357278394,-1.8481165093448333,0.0,0.003063529837033467,0.091,4/4,100.00%,O00189;Q9UPM8;Q9Y587;Q9Y6B7
prerank,NPHP transition zone complex,-0.9536585365853658,-1.8466513138024772,0.0,0.002969287241962484,0.093,3/3,100.00%,O15259;O75161;Q68CZ1
prerank,SMG1C protein kinase complex,-0.9235772357723577,-1.8262520701850882,0.0,0.0046827889705258145,0.155,3/3,100.00%,Q8ND04;Q96Q15;Q9H0W8
prerank,PeBoW complex,-0.9292682926829269,-1.822488041417052,0.0,0.004974257757707284,0.169,3/3,100.00%,O00541;Q14137;Q9GZL7
prerank,Kinetochore MIS12 complex,-0.8793711032800215,-1.8069950844824045,0.0,0.006619574057896798,0.225,4/4,100.00%,Q6P1K2;Q96IY1;Q9H081;Q9H410
prerank,Complement component C1q complex,-0.9341463414634147,-1.7917398843257957,0.0037313432835820895,0.008241708588125434,0.27,3/3,100.00%,P02746;P02747;P02745
prerank,Signal recognition particle,-0.7381985892566468,-1.765209606476977,0.0,0.012679551674039127,0.383,7/7,100.00%,P09132;P37108;P49458;P61011;Q9UHB9;URS00000478B7_9606;O76094
prerank,XRCC1 DNA repair complex,-0.764514378730331,-1.7626010503333926,0.0,0.012651745639666236,0.392,7/7,100.00%,Q9NUW8;P06746;Q96T60;Q8IW19;Q7Z2E3;P49916;P18887
prerank,Eukaryotic translation initiation factor 2B complex,-0.803416485900217,-1.7554407808924077,0.0,0.013594171590376068,0.427,5/5,100.00%,Q9UI10;Q9NR50;Q14232;Q13144;P49770
prerank,Kinetochore SKA complex,-0.9165311653116531,-1.7545704440744914,0.0,0.013256287180083785,0.43,3/3,100.00%,Q8IX90;Q8WVK7;Q96BD8
prerank,CSL-NOTCH1-MAML transcriptional activation complex,-0.9002710027100271,-1.7468560480838564,0.003676470588235294,0.014441063951561889,0.472,3/3,100.00%,Q92585;Q06330;P46531
prerank,MKS transition zone complex,-0.6795324816526229,-1.73973556019485,0.0,0.015374494586082886,0.506,14/14,100.00%,Q6UX40;Q2MV58;Q5HYA8;Q6NUS6;Q9P2K1;Q9UPM9;Q86X19;Q8N157;Q96GX1;Q96Q45;Q9BPU9;Q9H6L2;Q9NXB0;Q9P0N5
prerank,"Amiloride-sensitive sodium channel complex, delta-alpha-beta-gamma",-0.8091623746272701,-1.7370854489876837,0.01098901098901099,0.015520980811519114,0.522,4/4,100.00%,P51170;P51168;P37088;P51172
prerank,SPATA5-SPATA5L1 ATPase complex,-0.8072648414204391,-1.7187518359927147,0.005988023952095809,0.01907620349045779,0.598,4/4,100.00%,Q9NX04;Q9BW66;Q9BVQ7;Q8NB90
prerank,KMN complex,-0.8856368563685637,-1.7172015529858677,0.0033222591362126247,0.018818142674125408,0.602,3/3,100.00%,CPX-5643;CPX-5644;CPX-550
prerank,Myddosome core complex,-0.8107888316616969,-1.6969303457340346,0.005555555555555556,0.023563230756651846,0.685,4/4,100.00%,Q9NWZ3;Q99836;P51617;O43187
prerank,UTP-A complex,-0.747491185245457,-1.6942834651572518,0.0,0.023737084676326174,0.696,6/6,100.00%,Q15061;Q8IWA0;Q8TED0;Q969X6;Q9H583;Q9H8H0
prerank,CCDC36-MEI4-REC114 meiotic recombination initiation complex,-0.8691056910569106,-1.6914696903258901,0.00784313725490196,0.024033431871489527,0.713,3/3,100.00%,A8MW99;Q7Z4M0;Q8IYA8
prerank,SNAPc snRNA activating protein complex ,-0.7678958785249458,-1.6883750250443474,0.00819672131147541,0.024542484022811194,0.727,5/5,100.00%,Q92966;Q5SXM2;Q16533;Q13487;O75971
prerank,Piccolo NuA4 histone acetyltransferase complex ,-0.8411924119241192,-1.673520876961443,0.011583011583011582,0.028223124888486214,0.78,3/3,100.00%,Q92993;Q9H2F5;Q9NXR8
prerank,Vault ribonucleoprotein complex,-0.6961475854584916,-1.6655578093306291,0.0,0.030052414374792905,0.812,7/7,100.00%,URS0000A76E3A_9606;URS00005CCF67_9606;URS000058CD99_9606;Q99973;URS0000000A8C_9606;Q9UKK3;Q14764
prerank,C5b6 complement complex,-0.8428184281842819,-1.6641092829095954,0.01838235294117647,0.029901320792284348,0.818,3/3,100.00%,P13671;P01031-PRO_0000005985;P01031-PRO_0000005989
prerank,HUSH epigenetic repressor complex,-0.8623306233062331,-1.6456443693028693,0.01818181818181818,0.035076319288748124,0.87,3/3,100.00%,Q8NEY8;Q99549;Q9UK61
prerank,CST complex,-0.8482384823848238,-1.6432338927613026,0.014388489208633094,0.03519370971459315,0.88,3/3,100.00%,Q2NKJ3;Q86WV5;Q9H668
prerank,Synaptonemal complex,-0.7221920781334781,-1.6253652579702567,0.0,0.041516621162372286,0.907,7/7,100.00%,A1L190;Q15431;Q6PIF2;Q8IZU3;Q8N0S2;Q9BX26;Q9BXU0
prerank,"Amiloride-sensitive sodium channel complex, delta-beta-gamma",-0.8089430894308943,-1.6225722142769734,0.02214022140221402,0.041630267795282706,0.914,3/3,100.00%,P51170;P51168;P51172
prerank,Cyclin-dependent protein kinase-activating kinase complex,-0.8203252032520325,-1.622529572205773,0.013605442176870748,0.040748836654962275,0.914,3/3,100.00%,P50613;P51948;P51946
prerank,"Amiloride-sensitive sodium channel complex, alpha-beta-gamma",-0.8186991869918699,-1.6150116750645191,0.034482758620689655,0.042846732497617376,0.924,3/3,100.00%,P51170;P51168;P37088
prerank,MCM complex,-0.7336588011933822,-1.6015393724097102,0.012048192771084338,0.04735367653703648,0.948,6/6,100.00%,P49736;P33992;P33993;Q14566;P33991;P25205
prerank,GINS complex,-0.7609108159392789,-1.5971376692182855,0.02185792349726776,0.04827950398763596,0.955,4/4,100.00%,Q14691;Q9Y248;Q9BRX5;Q9BRT9
prerank,Hydrogen:potassium-exchanging ATPase complex,-0.8398373983739837,-1.590631114817105,0.010238907849829351,0.04997078049221316,0.961,3/3,100.00%,P20648;CHEBI:39128;P51164
prerank,UTP-B complex,-0.6867371847030106,-1.570647808967855,0.0,0.057815288057567214,0.976,6/6,100.00%,Q15269;Q12788;Q8NI36;Q9NYH9;Q9UNX4;Q9Y5J1
prerank,UFM1 ribosome E3 ligase complex,-0.7997289972899729,-1.5664149322198808,0.043478260869565216,0.05877848090999882,0.977,3/3,100.00%,Q96JB5;Q96HY6;O94874
prerank,GPR88-Gi1 signaling complex,-0.7712117104906479,-1.5641769258222056,0.005847953216374269,0.05871296622052118,0.978,4/4,100.00%,Q9GZN0;P63211;P63096;P62873
prerank,"Short transient receptor potential channel complex,TRPC1-TRPC4-TRPC5 variant",-0.7867208672086721,-1.5597440143174535,0.03558718861209965,0.05968410800172707,0.98,3/3,100.00%,Q9UL62;Q9UBN4;P48995
prerank,Interferon gamma receptor-ligand complex,-0.7921409214092141,-1.5309934322394543,0.039285714285714285,0.07256844128850634,0.99,3/3,100.00%,P38484;P15260;CPX-6024
prerank,FERRY RAB5 effector complex,-0.6936008676789588,-1.5204662838676168,0.019417475728155338,0.07680126001058615,0.992,5/5,100.00%,O95825;Q6ZMI0;Q8NB37;Q8TEA7;Q9NQ89
prerank,Outer dynein arm-docking complex,-0.6908893709327549,-1.5191327913279138,0.0707070707070707,0.07605316269859515,0.993,5/5,100.00%,A5D8V7;Q5T2S8;Q96M63;Q96NG3;Q9HAE3
prerank,CatSpermasome complex,-0.7033414832925835,-1.5068094517518333,0.0,0.08120177041340462,0.996,12/12,100.00%,Q9H7T0;Q96P56;Q8NEC5;Q86XQ3;Q86XM0;Q9NTU4;Q5SY80;Q2WGJ8;E9PQX1;A8MZ26;Q7RTX7;Q6ZRH7
prerank,Interleukin-37 receptor-ligand complex,-0.770189701897019,-1.5050426753618924,0.028225806451612902,0.0807996230004447,0.997,3/3,100.00%,Q13478-PRO_0000015448;Q6IA17-PRO_0000099065;Q9NZH6-1
prerank,"Platelet-activating factor acetylhydrolase IB complex, alpha1-alpha2 variant",-0.781029810298103,-1.5038087112844498,0.043795620437956206,0.0801488086272856,0.998,3/3,100.00%,P43034;P68402;Q15102
prerank,MPP10 complex,-0.7525745257452574,-1.4727470894807957,0.0625,0.09706585179284914,0.999,3/3,100.00%,O00566;Q96G21;Q9NV31
prerank,PEX2-PEX10-PEX12 E3 ubiquitin ligase complex,-0.7420054200542006,-1.4722295645876702,0.04713804713804714,0.0958500913899138,0.999,3/3,100.00%,O00623;O60683;P28328
prerank,Tubulin polyglutamylase complex,-0.6824837310195228,-1.4688705036294183,0.038461538461538464,0.09630818619582665,0.999,5/5,100.00%,Q8IUZ0;Q68CL5;Q6ZTW0;Q9BSH3;O95922
prerank,Glutamate decarboxylase 1/2 complex,-0.7338753387533875,-1.4547050382769187,0.05423728813559322,0.10369065728830919,1.0,3/3,100.00%,CHEBI:18405;Q99259;Q05329
prerank,Cardiac Troponin complex,-0.7295392953929539,-1.4473999802575335,0.0390625,0.10690029914658646,1.0,3/3,100.00%,P19429;P45379;P63316
prerank,Ribosome quality control complex,-0.695310382217403,-1.4306150566939921,0.03783783783783784,0.11670824581629774,1.0,4/4,100.00%,O94822;CPX-137;O60524;Q9BQ70
prerank,SHU complex,-0.6774193548387096,-1.4149213728664551,0.04522613065326633,0.1257216642935277,1.0,4/4,100.00%,Q14159;Q6NVH7;Q9NTI5;Q19AV6
prerank,ESCRT-II complex,-0.7222222222222222,-1.4121821101155025,0.07142857142857142,0.12579449950296714,1.0,3/3,100.00%,Q86VN1;Q96H20;Q9BRG1
prerank,ESCRT-III complex,-0.5977729494839761,-1.4104453700736943,0.0,0.1251736995616419,1.0,11/11,100.00%,Q96CF2;Q96FZ7;Q8WUX9;Q9BY43;O43633;Q7LBR1;Q9H444;Q9HD42;Q9NZZ3;Q9UQN3;Q9Y3E7
prerank,Rixosome RNA degradation complex,-0.6052631578947368,-1.3985164400531336,0.023809523809523808,0.13203774867780652,1.0,7/7,100.00%,Q9NU22;Q5SY16;Q8IZL8;Q9BV38;Q9H4L4;Q9NXF1;Q9Y4W2
prerank,Peroxisomal receptor export module complex,-0.7086720867208672,-1.3930416253499025,0.08239700374531835,0.13423323930085318,1.0,3/3,100.00%,Q7Z412;O43933;Q13608
prerank,Translocon-associated protein complex,-0.6375711574952561,-1.330046781948499,0.09090909090909091,0.1852049884025665,1.0,4/4,100.00%,P43307;P43308;P51571;Q9UNL2
prerank,Ribosome biogenesis complex,-0.6799457994579946,-1.320514959451673,0.12418300653594772,0.19167766026060282,1.0,3/3,100.00%,P61328;Q13428;Q14978
prerank,Fanconi anemia ubiquitin ligase complex,-0.5361020629750272,-1.317225489601649,0.045454545454545456,0.1921062551239977,1.0,9/9,100.00%,Q9NW38;O15287;O15360;Q00597;Q0VG06;Q6NZ36;Q8NB91;Q9HB96;Q9NPI8
prerank,ULK1-ATG13-RB1CC1-ATG101 autophagy initiation complex,-0.6169693683925183,-1.312948436998655,0.10650887573964497,0.1939042684579932,1.0,4/4,100.00%,O75143;O75385;Q8TDY2;Q9BSB4
prerank,HAUS complex,-0.5614654002713705,-1.2850636056221387,0.07407407407407407,0.21967663533324983,1.0,8/8,100.00%,Q9NVX0;O94927;Q68CZ6;Q7Z4H7;Q96CS2;Q99871;Q9BT25;Q9H6D7
prerank,GPI-anchor transamidase complex,-0.5902928416485901,-1.2836697088599363,0.08823529411764706,0.21840809430049418,1.0,5/5,100.00%,Q969N2;O43292;Q92643;Q96S52;Q9H490
prerank,COG tethering complex,-0.5345997286295794,-1.27161411470151,0.06060606060606061,0.2285934085795519,1.0,8/8,100.00%,Q14746;Q8WTW3;P83436;Q96JB2;Q96MW5;Q9H9E3;Q9UP83;Q9Y2V7
prerank,Mitochondrial complex I intermediate assembly (MCIA) complex,-0.5771630051532411,-1.251058623511373,0.16216216216216217,0.24944071886928934,1.0,6/6,100.00%,Q8IUX1;Q96B77;Q9BQ95;Q9GZY4;Q9H845;Q9Y375
prerank,N-acetylglucosamine-1-phosphotransferase complex,-0.6325203252032521,-1.2480852006904855,0.19011406844106463,0.24950146097538936,1.0,3/3,100.00%,Q3T906-PRO_0000225008;Q3T906-PRO_0000225009;Q9UJJ9
prerank,Fukutin-FKRP-TMEM5 multienzyme complex,-0.6211382113821138,-1.243088522183133,0.17870722433460076,0.2521646869027656,1.0,3/3,100.00%,Q9H9S5;Q9Y2B1;O75072
prerank,Membrane attack complex,-0.5294436906377206,-1.2377226514843434,0.15384615384615385,0.25512663868392454,1.0,8/8,100.00%,P13671;P01031-PRO_0000005985;P01031-PRO_0000005989;P07357;P02748;P07358;P07360;P10643
prerank,Anaphase-promoting core complex,-0.5275890187550965,-1.2344187229712542,0.0,0.25571115984860004,1.0,14/14,100.00%,Q9UJX4;P30260;Q96DE5;Q9UJX5;P60006;Q13042;Q8NHZ8;Q9BS18;Q9H1A4;Q9NYG5;Q9UJX2;Q9UJX3;Q9UJX6;Q9UM13
prerank,MTERF4-NSUN4 mitochondiral ribosomal assembly complex,-0.6314363143631436,-1.2096607653960256,0.241635687732342,0.2816885346782627,1.0,3/3,100.00%,CHEBI:15414;Q7Z6M4;Q96CB9
prerank,"CRL3 E3 ubiquitin ligase complex, KLHL31 variant ",0.9964633403123391,1.19993153740875,0.009523809523809525,0.1468349689047839,0.103,1/3,0.11%,P62877
prerank,"CRL3 E3 ubiquitin ligase complex, KLHL4 variant ",0.9964633403123391,1.1981545488238496,0.005509641873278237,0.18957051955617624,0.217,1/3,0.11%,P62877
prerank,"CRL3 E3 ubiquitin ligase complex, KLHL17 variant ",0.9964633403123391,1.1980635453981565,0.008174386920980926,0.1336855687043555,0.23,1/3,0.11%,P62877
prerank,"CRL3 E3 ubiquitin ligase complex, KLHL38 variant ",0.9964633403123391,1.197769569743235,0.005457025920873124,0.11259173921616826,0.252,1/3,0.11%,P62877
prerank,"m-AAA protease complex, AFG3L2-SPG7 variant",1.0,1.1972911804869408,0.0014005602240896359,0.11176990170364147,0.296,1/3,0.03%,CHEBI:29105
prerank,ERAP1-ERAP2 endoplasmic reticulum aminopeptidase complex,1.0,1.1972476286124731,0.001379310344827586,0.094054737544731,0.297,1/3,0.03%,CHEBI:29105
prerank,"CRL3 E3 ubiquitin ligase complex, KLHL15 variant ",0.9964633403123391,1.196076877006551,0.006868131868131868,0.12257119472542197,0.396,1/3,0.11%,P62877
prerank,NUBP1-NUBP2 iron-sulfur cluster assembly scaffold complex,0.9981029810298103,1.1957604972757832,0.004195804195804196,0.11807065596634675,0.419,1/3,0.22%,CHEBI:49883
prerank,"CRL3 E3 ubiquitin ligase complex, KLHL11 variant ",0.9964633403123391,1.1955964608443246,0.011111111111111112,0.11067411835360577,0.44,1/3,0.11%,P62877
prerank,"CRL3 E3 ubiquitin ligase complex, KLHL36 variant ",0.9964633403123391,1.1955474747092458,0.006915629322268326,0.10037375486327019,0.443,1/3,0.11%,P62877
prerank,"CRL3 E3 ubiquitin ligase complex, KLHL1 variant ",0.9964633403123391,1.1944931135260886,0.00684931506849315,0.12193080185851797,0.53,1/3,0.11%,P62877
prerank,"CRL3 E3 ubiquitin ligase complex, KLHL16 variant ",0.9964633403123391,1.1940788034454843,0.006983240223463687,0.1271108686041413,0.574,1/3,0.11%,P62877
prerank,"CRL3 E3 ubiquitin ligase complex, KLHL23 variant ",0.9964633403123391,1.1935152995061162,0.008287292817679558,0.13756295594294335,0.63,1/3,0.11%,P62877
prerank,[Cu-Zn] Superoxide dismutase complex,1.0,1.1935101536645025,0.0,0.1277370305184474,0.63,1/3,0.03%,CHEBI:29105
prerank,"CRL3 E3 ubiquitin ligase complex, KLHL12 variant ",0.9964633403123391,1.1928738369847107,0.008253094910591471,0.14303625329132683,0.694,1/3,0.11%,P62877
prerank,"CRL3 E3 ubiquitin ligase complex, KLHL13 variant ",0.9964633403123391,1.1926846276461263,0.008368200836820083,0.14067118756083308,0.712,1/3,0.11%,P62877
prerank,"CRL3 E3 ubiquitin ligase complex, KBTBD2 variant",0.9964633403123391,1.1925429348251315,0.011157601115760111,0.13793978641625879,0.734,1/3,0.11%,P62877
prerank,Mitochondrial processing peptidase complex,1.0,1.192535334583824,0.001430615164520744,0.13045909550702817,0.734,1/3,0.03%,CHEBI:29105
prerank,"General transcription factor TFIII3B complex, BRF2 variant",0.9932155862228413,1.1923352583666382,0.011235955056179775,0.1300521818068687,0.753,1/3,0.70%,P20226
prerank,"General transcription factor TFIII3B complex, BRF1 variant",0.9932155862228413,1.1922172540159335,0.024423337856173677,0.12749439277665378,0.761,1/3,0.70%,P20226
prerank,"CRL3 E3 ubiquitin ligase complex, SPOPL variant",0.9964633403123391,1.1914298390543843,0.008310249307479225,0.15179208405970732,0.833,1/3,0.11%,P62877
prerank,"CRL3 E3 ubiquitin ligase complex, KLHL42 variant ",0.9964633403123391,1.1911513921424708,0.008333333333333333,0.1559000857096247,0.855,1/3,0.11%,P62877
prerank,"CRL3 E3 ubiquitin ligase complex, KLHL28 variant ",0.9964633403123391,1.1909306796596215,0.011004126547455296,0.15788808791383965,0.867,1/3,0.11%,P62877
prerank,"CRL3 E3 ubiquitin ligase complex, KLHL35 variant ",0.9964633403123391,1.190853731910938,0.008344923504867872,0.15395756068001595,0.872,1/3,0.11%,P62877
prerank,General transcription factor TFIIB-TBP complex,0.9934959349593494,1.1903476571533986,0.024423337856173677,0.1646743218433651,0.897,2/3,0.70%,CHEBI:29105;P20226
prerank,"CRL3 E3 ubiquitin ligase complex, KLHL6 variant ",0.9964633403123391,1.1901912304655653,0.012838801711840228,0.16495753969383586,0.905,1/3,0.11%,P62877
prerank,"CRL3 E3 ubiquitin ligase complex, KLHL9 variant ",0.9964633403123391,1.1901496561451368,0.006963788300835654,0.16002495367373215,0.906,1/3,0.11%,P62877
prerank,"CRL3 E3 ubiquitin ligase complex, KLHL3 variant ",0.9964633403123391,1.1900940581864192,0.008310249307479225,0.15587518154257843,0.91,1/3,0.11%,P62877
prerank,"CRL3 E3 ubiquitin ligase complex, KLHL34 variant ",0.9964633403123391,1.1899734596715434,0.008333333333333333,0.15461880925331337,0.913,1/3,0.11%,P62877
prerank,"CRL3 E3 ubiquitin ligase complex, SPOP variant",0.9964633403123391,1.1898099044182913,0.004048582995951417,0.15406713901501953,0.919,1/3,0.11%,P62877
prerank,"CRL3 E3 ubiquitin ligase complex, ENC1 variant ",0.9964633403123391,1.1897756267470325,0.008321775312066574,0.14994557970488523,0.921,1/3,0.11%,P62877
prerank,"CRL3 E3 ubiquitin ligase complex, KLHL20 variant ",0.9964633403123391,1.1896609971468446,0.0107095046854083,0.1488210762267236,0.927,1/3,0.11%,P62877
prerank,Cubam cobalamin uptake receptor complex,0.997289972899729,1.1894841270299246,0.013477088948787063,0.14955782450184232,0.929,1/3,0.30%,CHEBI:29108
prerank,"CRL3 E3 ubiquitin ligase complex, KLHL7 variant ",0.9964633403123391,1.1893778592412185,0.01227830832196453,0.14818858363129858,0.931,1/3,0.11%,P62877
prerank,"CRL3 E3 ubiquitin ligase complex, KBTBD8 variant",0.9964633403123391,1.1891001961205883,0.006887052341597796,0.1523451937506777,0.942,1/3,0.11%,P62877
prerank,"CRL3 E3 ubiquitin ligase complex, KLHL25 variant ",0.9964633403123391,1.189041824552018,0.009749303621169917,0.14984837311738208,0.942,1/3,0.11%,P62877
prerank,Mitochondrial pyruvate dehydrogenase serine/threonine phosphatase complex,0.9978319783197832,1.189008001980795,0.008264462809917356,0.14671650583991516,0.942,1/3,0.24%,CHEBI:18420
prerank,tRNA-guanine transglycosylase complex,1.0,1.1889509384981698,0.0,0.1446434022047125,0.945,1/3,0.03%,CHEBI:29105
prerank,"CRL3 E3 ubiquitin ligase complex, KLHL8 variant ",0.9964633403123391,1.1887264258742225,0.008391608391608392,0.1473969090842894,0.952,1/3,0.11%,P62877
prerank,"CRL3 E3 ubiquitin ligase complex, KLHL41 variant ",0.9964633403123391,1.1886420497264574,0.00980392156862745,0.14667060140227856,0.954,1/3,0.11%,P62877
prerank,"CRL3 E3 ubiquitin ligase complex, IPP variant ",0.9964633403123391,1.1885084122770162,0.005657708628005658,0.1469953274438135,0.959,1/3,0.11%,P62877
prerank,"CRL3 E3 ubiquitin ligase complex, KLHL14 variant ",0.9964633403123391,1.1884720456978783,0.008275862068965517,0.1444346815666105,0.96,1/3,0.11%,P62877
prerank,"CRL3 E3 ubiquitin ligase complex, KLHL18 variant ",0.9964633403123391,1.1881504346733933,0.009749303621169917,0.14976555228278635,0.965,1/3,0.11%,P62877
prerank,2-(3-amino-3-carboxypropyl)histidine synthase complex,0.9981029810298103,1.1880286642087983,0.008310249307479225,0.1494000981105493,0.967,1/3,0.22%,CHEBI:49883
prerank,"CRL3 E3 ubiquitin ligase complex, KLHL26 variant ",0.9964633403123391,1.1877109082326642,0.005657708628005658,0.15474895976615285,0.973,1/3,0.11%,P62877
prerank,"CRL3 E3 ubiquitin ligase complex, KLHL40 variant ",0.9964633403123391,1.1876044025697141,0.006934812760055479,0.15438634546916036,0.977,1/3,0.11%,P62877
prerank,"CRL3 E3 ubiquitin ligase complex, KLHL2 variant ",0.9964633403123391,1.1875908560432529,0.011157601115760111,0.15138130408046394,0.977,1/3,0.11%,P62877
prerank,"CRL3 E3 ubiquitin ligase complex, KBTBD4 variant",0.9964633403123391,1.1875017181147127,0.009523809523809525,0.15037343597260752,0.977,1/3,0.11%,P62877
prerank,"CRL3 E3 ubiquitin ligase complex, KBTBD13 variant",0.9964633403123391,1.1874770761870426,0.006954102920723227,0.14802020395686333,0.978,1/3,0.11%,P62877
prerank,NLGN1(+SSA+SSB) - NRXN1-beta(-SS4) complex,0.997289972899729,1.1873352869961264,0.018465909090909092,0.14597553098318727,0.981,1/3,0.30%,CHEBI:29108
prerank,NLGN1(-SSA-SSB) - NRXN1-beta(-SS4) complex,0.997289972899729,1.1873352869961264,0.018465909090909092,0.14597553098318727,0.981,1/3,0.30%,CHEBI:29108
prerank,Complement factor I complex,0.997289972899729,1.186643215772935,0.008368200836820083,0.16129088002256256,0.988,1/3,0.30%,CHEBI:29108
prerank,"CRL3 E3 ubiquitin ligase complex, KLHL24 variant ",0.9964633403123391,1.1865828604013413,0.006993006993006993,0.1599223436325688,0.988,1/3,0.11%,P62877
prerank,"CRL3 E3 ubiquitin ligase complex, KLHL10 variant ",0.9964633403123391,1.186568819527896,0.015130674002751032,0.157265203014383,0.988,1/3,0.11%,P62877
prerank,LMAN1-MCFD2 cargo receptor complex,0.997289972899729,1.1865188263093192,0.01818181818181818,0.1558602390423507,0.989,1/3,0.30%,CHEBI:29108
prerank,"CRL3 E3 ubiquitin ligase complex, KLHL30 variant ",0.9964633403123391,1.18626301190084,0.010899182561307902,0.1591038289132193,0.99,1/3,0.11%,P62877
prerank,Coagulation factor IXa complex,0.997289972899729,1.1856771340980858,0.017735334242837655,0.1709422026055693,0.997,1/3,0.30%,CHEBI:29108
prerank,"LINC complex, SUN1-SYNE4 variant",0.9910311036438143,1.1856622567931465,0.027777777777777776,0.1683727795778994,0.997,1/3,0.03%,CHEBI:29105
prerank,"Mitochondrial succinyl-CoA synthetase complex, ATP-specific variant",0.9978270260866162,1.185344662224331,0.009668508287292817,0.17402525406499178,0.997,1/3,0.24%,CHEBI:18420
prerank,"CRL3 E3 ubiquitin ligase complex, KLHL29 variant ",0.9964633403123391,1.1853189011330412,0.009562841530054645,0.17167272483892645,0.997,1/3,0.11%,P62877
prerank,"CRL3 E3 ubiquitin ligase complex, KEAP1 variant ",0.9964633403123391,1.1850701529166299,0.007082152974504249,0.1750738447450482,0.998,1/3,0.11%,P62877
prerank,"CRL3 E3 ubiquitin ligase complex, KLHL5 variant ",0.9964633403123391,1.1848002594117133,0.004137931034482759,0.17970846940585494,0.998,1/3,0.11%,P62877
prerank,"CRL3 E3 ubiquitin ligase complex, KLHL22 variant ",0.9964633403123391,1.1845508826424247,0.00823045267489712,0.18285667236389402,0.999,1/3,0.11%,P62877
prerank,"CRL3 E3 ubiquitin ligase complex, KLHL21 variant ",0.9964633403123391,1.1845276296250222,0.015256588072122053,0.18058167176291462,0.999,1/3,0.11%,P62877
prerank,Lactose synthase complex,0.997289972899729,1.1844623978943165,0.016042780748663103,0.17959046196815875,0.999,1/3,0.30%,CHEBI:29108
prerank,MUS81-EME1 structure-specific endonuclease complex,0.9978270260866162,1.1836619054413433,0.015089163237311385,0.19797152523978326,0.999,1/3,0.24%,CHEBI:18420
prerank,"CRL3 E3 ubiquitin ligase complex, KBTBD3 variant",0.9964633403123391,1.1836360791869291,0.009859154929577466,0.19570363532130142,0.999,1/3,0.11%,P62877
prerank,C3PO endoribonuclease complex,0.9978319783197832,1.1829963814354323,0.005641748942172073,0.2091173607854895,1.0,1/3,0.24%,CHEBI:18420
prerank,Chromatin assembly factor 1 complex,0.9899728997289973,1.1829280751323574,0.03225806451612903,0.2076271234545906,1.0,1/3,1.03%,Q09028
prerank,"CRL3 E3 ubiquitin ligase complex, KLHL32 variant ",0.9964633403123391,1.1828548121616447,0.009575923392612859,0.20672735600816378,1.0,1/3,0.11%,P62877
prerank,Chromosomal passenger complex,1.0,1.182595964898143,0.002229654403567447,0.21043670391178562,1.0,1/5,0.03%,CHEBI:29105
prerank,"CRL3 E3 ubiquitin ligase complex, SPOP-SPOPL variant",0.9964631199252071,1.182419594945561,0.007263922518159807,0.21247543541456135,1.0,1/4,0.11%,P62877
prerank,Catalase complex,0.99159891598916,1.1818862735063846,0.027700831024930747,0.22394509313948793,1.0,1/3,0.87%,CHEBI:30413
prerank,Coagulation factor VIIa - tissue factor complex,0.9972892382759555,1.1818569377529913,0.01717791411042945,0.22197016779777234,1.0,1/4,0.30%,CHEBI:29108
prerank,MUS81-EME2 structure-specific endonuclease complex,0.9978270260866162,1.1818471456057396,0.016901408450704224,0.21918589089647444,1.0,1/3,0.24%,CHEBI:18420
prerank,"Mitochondrial succinyl-CoA synthetase complex, GTP-specific variant",0.9978270260866162,1.1815136477114982,0.009628610729023384,0.22444815013165464,1.0,1/3,0.24%,CHEBI:18420
prerank,ISCA2-IBA57 mitochondrial iron-sulfur protein assembly complex,0.9907859078590785,1.1812580566447568,0.03945578231292517,0.2275671629924791,1.0,2/3,0.97%,CHEBI:49601;Q86U28
prerank,GET complex,1.0,1.180375341619872,0.0,0.24798420121577167,1.0,1/4,0.03%,CHEBI:29105
prerank,BRCA1-C complex,0.989159891598916,1.1801697325732876,0.03081232492997199,0.25044891352208376,1.0,1/3,1.11%,CPX-715
prerank,CIAO1-CIAO2A-CIAO3 cytosolic iron-sulfur protein assembly complex,0.9980893628718571,1.179706138799783,0.009900990099009901,0.2594404054128276,1.0,1/4,0.22%,CHEBI:49883
prerank,"Soluble guanylate cyclase complex, SGCalpha2-SGCbeta1 variant",0.9915872509620776,1.179624194424149,0.023876404494382022,0.2583884195763196,1.0,1/3,0.87%,CHEBI:30413
prerank,"LINC complex, SUN2-SYNE4 variant",0.9910311036438143,1.1795951862044491,0.037921348314606744,0.25609258683029473,1.0,1/3,0.03%,CHEBI:29105
prerank,"Soluble guanylate cyclase complex, SGCalpha1-SGCbeta1 variant",0.9915872509620776,1.1794830672226055,0.017980636237897647,0.2561492597276225,1.0,1/3,0.87%,CHEBI:30413
prerank,Hemoglobin Portland-1 Variant 1 complex,0.991577530314055,1.1789338481236962,0.026243093922651933,0.2671885068503717,1.0,1/3,0.87%,CHEBI:30413
prerank,"ERF1-ERF3 translation release factor complex, GSPT2 variant",0.9888653042560275,1.1789228578731301,0.03234501347708895,0.26441896814802657,1.0,1/3,1.14%,CHEBI:37565
prerank,Hemoglobin HbA2 complex,0.9915493415034953,1.1782941413008887,0.0260989010989011,0.2775899542311369,1.0,1/3,0.87%,CHEBI:30413
prerank,"ERF1-ERF3 translation release factor complex, GSPT1 variant",0.9888653042560275,1.1780836130748291,0.038926174496644296,0.2801426812815409,1.0,1/3,1.14%,CHEBI:37565
prerank,ISCA1-ISCA2 mitochondrial iron-sulfur protein assembly complex,0.9907859078590786,1.1779045946077247,0.038461538461538464,0.28203969179896166,1.0,2/3,0.97%,CHEBI:49883;Q86U28
prerank,Hemoglobin Portland-2 complex,0.991577530314055,1.1773443821727272,0.03244005641748942,0.2941008638460987,1.0,1/3,0.87%,CHEBI:30413
prerank,Hemoglobin HbA complex,0.9915483695038826,1.1770989532522516,0.03212290502793296,0.2975660563874725,1.0,1/3,0.87%,CHEBI:30413
prerank,CHRAC chromatin remodeling complex,0.9951206288967201,1.1769707822022712,0.025735294117647058,0.29778815655365803,1.0,2/4,0.54%,O60264;Q9NRF9
prerank,Hemoglobin HbF Variant 1 complex,0.9915483695038826,1.1769629655700795,0.026027397260273973,0.29478954253677814,1.0,1/3,0.87%,CHEBI:30413
prerank,"RAG guanosine triphosphatase complex, RAGB-RAGD variant",0.9888387087781386,1.1766646280025144,0.0387409200968523,0.2999736377264398,1.0,1/4,1.14%,CHEBI:37565
prerank,"RAG guanosine triphosphatase complex, RAGA-RAGD variant",0.9888387087781386,1.176496432022788,0.03654080389768575,0.30113059040555556,1.0,1/4,1.14%,CHEBI:37565
prerank,Non-canonical FBXO45-MYCBP2-SKP1 E3 ubiquitin ligase complex,0.9902439024390244,1.176388942161668,0.02949438202247191,0.30072908949611354,1.0,1/3,1.00%,P63208
prerank,"Phosphatidylinositol 3-kinase complex, class III, UVRAG variant",0.9945662878523693,1.1757832260943417,0.032879818594104306,0.3126977591065419,1.0,1/5,0.57%,CHEBI:29035
prerank,Hemoglobin E complex,0.9915483695038826,1.1756689061636174,0.0319001386962552,0.3124451123225506,1.0,1/3,0.87%,CHEBI:30413
prerank,USP12-DMWD deubiquitinase complex,0.9939897798389135,1.1756208765310014,0.03201970443349754,0.3105986724213438,1.0,1/4,0.03%,CHEBI:29105
prerank,Hemoglobin Portland-1 Variant 2 complex,0.991577530314055,1.1754055112842858,0.029577464788732393,0.3126635158768533,1.0,1/3,0.87%,CHEBI:30413
prerank,Embryonic hemoglobin Gower-1 complex,0.991577530314055,1.1748266940031797,0.03221288515406162,0.3242532511090642,1.0,1/3,0.87%,CHEBI:30413
prerank,Hemoglobin HbF Variant 2 complex,0.9915483695038826,1.174810432887204,0.03089887640449438,0.3214333991238386,1.0,1/3,0.87%,CHEBI:30413
prerank,MOZ1 histone acetyltransferase complex,0.984256393570834,1.1744966607504463,0.04854368932038835,0.3258236590513017,1.0,1/4,0.35%,Q9HAF1
prerank,"CRL3 E3 ubiquitin ligase complex, KBTBD6-KBTBD7 variant",0.9964631199252071,1.174493215322761,0.017878426698450536,0.3227347932687672,1.0,1/4,0.11%,P62877
prerank,Dehydrodolichyl diphosphate synthase complex,0.9978319783197832,1.1744877175506512,0.011267605633802818,0.3197896197782072,1.0,1/3,0.24%,CHEBI:18420
prerank,"RAG guanosine triphosphatase complex, RAGB-RAGC variant",0.9888387087781386,1.173825525048358,0.0413625304136253,0.33277374935798465,1.0,1/4,1.14%,CHEBI:37565
prerank,HBO1-4.2 histone acetyltransferase complex,0.9970144341105333,1.1734719132036882,0.014689265536723164,0.33865908063367506,1.0,2/5,0.35%,CHEBI:29105;Q9HAF1
prerank,MORF1 histone acetyltransferase complex,0.984256393570834,1.1734469167714823,0.0535279805352798,0.33598560885954454,1.0,1/4,0.35%,Q9HAF1
prerank,"Exon junction core complex, MAGOH variant",0.9887237267010018,1.1734388339679815,0.044171779141104296,0.33308769998446314,1.0,3/4,0.95%,Q9Y5S9;P38919;P61326
prerank,Microprocessor complex,0.99159891598916,1.1733850056075994,0.023977433004231313,0.33132869404106996,1.0,1/3,0.87%,CHEBI:30413
prerank,DNA polymerase alpha:primase complex,0.9981019522776573,1.1730917806499492,0.00228310502283105,0.3355189001141131,1.0,1/5,0.22%,CHEBI:49883
prerank,HBO1-4.3 histone acetyltransferase complex,0.9970144341105333,1.1729468315717861,0.01580135440180587,0.33544791201993795,1.0,2/5,0.35%,CHEBI:29105;Q9HAF1
prerank,"Exon junction core complex, MAGOHB variant",0.9874448157230147,1.172887538941289,0.05365853658536585,0.3338617056840915,1.0,2/4,0.92%,Q9Y5S9;P38919
prerank,"MiDAC histone deacetylase complex, HDAC2 variant",0.9878048780487805,1.1726752280401,0.05518169582772544,0.33577517060474493,1.0,1/3,1.25%,Q92769
prerank,Mitochondrial RNase Z complex,0.9976734820183453,1.1726357718165028,0.01463963963963964,0.33371409075911806,1.0,1/5,0.03%,CHEBI:29105
prerank,CIAO1-CIAO2B-CIAO3-MMS19 cytosolic iron-sulfur protein assembly complex,0.9980888483563456,1.1725443635656296,0.010416666666666666,0.33289898174084587,1.0,1/5,0.22%,CHEBI:49883
prerank,DNA polymerase delta complex,0.9980364361052136,1.172341866787531,0.010078387458006719,0.3351113305389352,1.0,1/5,0.22%,CHEBI:49883
prerank,SOSS1 complex,0.9735824609418579,1.1722919014014062,0.08757062146892655,0.33346466818821474,1.0,1/3,2.65%,Q68E01
prerank,Calprotectin heterodimer,0.9926156589635874,1.172180283870822,0.03464203233256351,0.33044774201160637,1.0,3/5,0.57%,CHEBI:29105;CHEBI:29108;CHEBI:29035
prerank,Calprotectin heterotetramer,0.9926156589635874,1.172180283870822,0.03464203233256351,0.33044774201160637,1.0,3/5,0.57%,CHEBI:29105;CHEBI:29108;CHEBI:29035
prerank,"Polycomb repressive complex 1, RING1-PCGF2-CBX8-PHC3 variant",0.9815568725656597,1.172164255677614,0.05896510228640193,0.32814145569610753,1.0,1/4,1.81%,Q06587
prerank,"Polycomb repressive complex 1, RING1-PCGF4-CBX8-PHC3 variant",0.9815568725656597,1.1721616198281057,0.06490384615384616,0.3254476549606031,1.0,1/4,1.81%,Q06587
prerank,MRN double-strand break repair complex,0.9948481561822126,1.1721061979961702,0.02870264064293915,0.3242261259802355,1.0,2/5,0.57%,CHEBI:29105;CHEBI:29035
prerank,"SCF E3 ubiquitin ligase complex, FBXL6 variant",0.9862787621718461,1.1720610675306522,0.035842293906810034,0.3224632043731075,1.0,2/4,1.00%,P62877;P63208
prerank,"SCF E3 ubiquitin ligase complex, FBXO17 variant",0.9862787621718461,1.171956530525038,0.03601440576230492,0.32203658743549196,1.0,2/4,1.00%,P62877;P63208
prerank,Mitochondrial electron transfer flavoprotein complex,0.9959338574139334,1.1718958641041144,0.023809523809523808,0.32082783235685264,1.0,1/4,0.43%,CHEBI:57692
prerank,RNA polymerase I selectivity factor 1 complex,0.9932212581344902,1.1718736024960865,0.026755852842809364,0.3188033813143549,1.0,1/5,0.70%,P20226
prerank,"Phosphatidylinositol 3-kinase complex, class III, ATG14 variant",0.9945662878523693,1.1717096096639206,0.02927927927927928,0.31965812245765857,1.0,1/5,0.57%,CHEBI:29035
prerank,"SCF E3 ubiquitin ligase complex, FBXL22 variant",0.9862787621718461,1.1715660827112329,0.03841536614645858,0.3200115422475354,1.0,2/4,1.00%,P62877;P63208
prerank,"RAG guanosine triphosphatase complex, RAGA-RAGC variant",0.9888387087781386,1.1714374248298705,0.03907203907203907,0.32040195488369455,1.0,1/4,1.14%,CHEBI:37565
prerank,"SCF E3 ubiquitin ligase complex, FBXL12 variant",0.9862787621718461,1.1713678295176155,0.041916167664670656,0.3194292756380993,1.0,2/4,1.00%,P62877;P63208
prerank,KLHDC10-Elongin C-Elongin B E3 ubiquitin ligase complex,0.9989562991325039,1.1712818891666603,0.00340522133938706,0.3187474834844306,1.0,1/5,0.11%,P62877
prerank,HBO1-5.2 histone acetyltransferase complex,0.994560400314341,1.1711051317403607,0.017977528089887642,0.32014306737974846,1.0,2/5,0.35%,CHEBI:29105;Q9HAF1
prerank,"MiDAC histone deacetylase complex, HDAC1 variant",0.9875338753387534,1.170949700669312,0.0534045393858478,0.32078439649353385,1.0,1/3,1.27%,Q13547
prerank,"SCF E3 ubiquitin ligase complex, FBXO34 variant",0.9862787621718461,1.1708739482939325,0.029797377830750895,0.3197152360921328,1.0,2/4,1.00%,P62877;P63208
prerank,MORF3 histone acetyltransferase complex,0.984256393570834,1.170825071856434,0.046987951807228916,0.3182398355914794,1.0,1/4,0.35%,Q9HAF1
prerank,"SCF E3 ubiquitin ligase complex, FBXO47 variant",0.9862787621718461,1.170733497804788,0.04431137724550898,0.3177368853577784,1.0,2/4,1.00%,P62877;P63208
prerank,"Polycomb repressive complex 1, RING1-PCGF2-CBX7-PHC3 variant",0.9815568725656597,1.1707144917082564,0.06594724220623502,0.31571357950809625,1.0,1/4,1.81%,Q06587
prerank,"SCF E3 ubiquitin ligase complex, FBXO36 variant",0.9862787621718461,1.170644368327504,0.03681710213776722,0.31483126119974997,1.0,2/4,1.00%,P62877;P63208
prerank,MOZ3 histone acetyltransferase complex,0.984256393570834,1.1703043107650664,0.044794188861985475,0.31969282153955225,1.0,1/4,0.35%,Q9HAF1
prerank,"SCF E3 ubiquitin ligase complex, FBXO5 variant",0.9862787621718461,1.1702195651527219,0.03575685339690107,0.3190686304586096,1.0,2/4,1.00%,P62877;P63208
prerank,"Polycomb repressive complex 1, RING1-PCGF2-CBX8-PHC1 variant",0.9815568725656597,1.1700499397557174,0.06658595641646489,0.3201086254465994,1.0,1/4,1.81%,Q06587
prerank,"XPC complex, RAD23A variant",0.973853463651885,1.1699155247595214,0.09686609686609686,0.32051662988544244,1.0,1/3,2.63%,P41208
prerank,APPBP2-Elongin C-Elongin B E3 ubiquitin ligase complex,0.9989562991325039,1.169714306095758,0.0034482758620689655,0.3224285036325327,1.0,1/5,0.11%,P62877
prerank,"CoREST transcriptional corepressor complex, RCOR2-HDAC2 variant",0.988060297443215,1.169690713201951,0.050970873786407765,0.3206536028041969,1.0,2/4,1.25%,CHEBI:57692;Q92769
prerank,"Polycomb repressive complex 1, RING1-PCGF4-CBX7-PHC3 variant",0.9815568725656597,1.169616912598075,0.07221542227662178,0.31978736717317735,1.0,1/4,1.81%,Q06587
prerank,"Polycomb repressive complex 1, RING1-PCGF2-CBX6-PHC3 variant",0.9815568725656597,1.169581964583566,0.06909090909090909,0.31833256855078224,1.0,1/4,1.81%,Q06587
prerank,"SCF E3 ubiquitin ligase complex, FBXO41 variant",0.9862787621718461,1.1694968604454525,0.03975903614457831,0.317970983531448,1.0,2/4,1.00%,P62877;P63208
prerank,ALYREF-binding exon junction complex,0.9905097613882863,1.1694815252168134,0.03374578177727784,0.31611128466063676,1.0,5/5,1.08%,CHEBI:33699;Q9Y5S9;P38919;P61326;Q86V81
prerank,DUOX2-DUOXA2 dual oxidase complex,0.9921366594360085,1.1694678204750462,0.028216704288939052,0.31428390244144744,1.0,3/5,0.87%,CHEBI:29108;CHEBI:57692;CHEBI:30413
prerank,GAIT complex,0.9850908105177554,1.1694671404517278,0.05421686746987952,0.31221059209217183,1.0,3/4,1.57%,O60506;P40429;P07814
prerank,"XPC complex, RAD23B variant",0.973853463651885,1.1693988489824916,0.09517426273458444,0.3112097282535167,1.0,1/3,2.63%,P41208
prerank,"SCF E3 ubiquitin ligase complex, FBXO38 variant",0.9862787621718461,1.1693713201847713,0.03659976387249114,0.3096669328998916,1.0,2/4,1.00%,P62877;P63208
prerank,FEM1A-Elongin C-Elongin B E3 ubiquitin ligase complex,0.9989562991325039,1.169354191835936,0.004576659038901602,0.30795809325611173,1.0,1/5,0.11%,P62877
prerank,HBO1-4.1 histone acetyltransferase complex,0.9970144341105333,1.1692689323205705,0.015748031496062992,0.30757357849768313,1.0,2/5,0.35%,CHEBI:29105;Q9HAF1
prerank,"CoREST transcriptional corepressor complex, RCOR2-HDAC1 variant",0.9877892212708106,1.1690832818575032,0.048484848484848485,0.3089896960000669,1.0,2/4,1.27%,CHEBI:57692;Q13547
prerank,ZYG11B-Elongin C-Elongin B E3 ubiquitin ligase complex,0.9989562991325039,1.1689799581398603,0.003416856492027335,0.3089266136831418,1.0,1/5,0.11%,P62877
prerank,"SCF E3 ubiquitin ligase complex, FBH1 variant",0.9862787621718461,1.168961717978583,0.039192399049881234,0.30728696529950184,1.0,2/4,1.00%,P62877;P63208
prerank,"SCF E3 ubiquitin ligase complex, FBXW11 variant",0.9862787621718461,1.168869800158261,0.0430622009569378,0.3069580447631653,1.0,2/4,1.00%,P62877;P63208
prerank,MORF2 histone acetyltransferase complex,0.984256393570834,1.1688238442050418,0.052311435523114354,0.3058544973244302,1.0,1/4,0.35%,Q9HAF1
prerank,HBO1-5.3 histone acetyltransferase complex,0.994560400314341,1.168764504469721,0.021396396396396396,0.30494280902306004,1.0,2/5,0.35%,CHEBI:29105;Q9HAF1
prerank,"SCF E3 ubiquitin ligase complex, FBXO21 variant",0.9862787621718461,1.1686813688971431,0.03766707168894289,0.3044576186158199,1.0,2/4,1.00%,P62877;P63208
prerank,"SCF E3 ubiquitin ligase complex, FBXO10 variant",0.9862787621718461,1.1686604641851372,0.045012165450121655,0.302977332190118,1.0,2/4,1.00%,P62877;P63208
prerank,"Polycomb repressive complex 1, RING1-PCGF4-CBX8-PHC1 variant",0.9815568725656597,1.168566968187638,0.07159904534606205,0.3029336768055751,1.0,1/4,1.81%,Q06587
prerank,"SCF E3 ubiquitin ligase complex, FBXO24 variant",0.9862787621718461,1.168452585308601,0.04062126642771804,0.3029239618327351,1.0,2/4,1.00%,P62877;P63208
prerank,R2T co-chaperone complex,0.9799457994579945,1.1684477300477065,0.07407407407407407,0.3011345468122353,1.0,2/3,2.06%,Q9Y265;Q9Y230
prerank,"SCF E3 ubiquitin ligase complex, FBXL8 variant",0.9862787621718461,1.1684103896171856,0.041916167664670656,0.30006640808778823,1.0,2/4,1.00%,P62877;P63208
prerank,"SCF E3 ubiquitin ligase complex, KDM2B variant",0.9845023733731473,1.1682835220110264,0.05060240963855422,0.30040867733344007,1.0,2/4,1.00%,P62877;P63208
prerank,"SCF E3 ubiquitin ligase complex, FBXO6 variant",0.9862787621718461,1.16828297940229,0.038834951456310676,0.29862053044455056,1.0,2/4,1.00%,P62877;P63208
prerank,HBO1-5.1 histone acetyltransferase complex,0.994560400314341,1.1682698317462141,0.0221483942414175,0.29709993421293396,1.0,2/5,0.35%,CHEBI:29105;Q9HAF1
prerank,"SCF E3 ubiquitin ligase complex, FBXO25 variant",0.9862787621718461,1.1682666677097957,0.04353083434099154,0.295403853816389,1.0,2/4,1.00%,P62877;P63208
prerank,"SCF E3 ubiquitin ligase complex, FBXL20 variant",0.9862787621718461,1.1682663249843983,0.04910179640718563,0.2936763458993341,1.0,2/4,1.00%,P62877;P63208
prerank,"SCF E3 ubiquitin ligase complex, SKP2 variant",0.9862787621718461,1.1682586639724086,0.0421179302045728,0.2921027127856795,1.0,2/4,1.00%,P62877;P63208
prerank,C-to-U editosome complex,1.0,1.168185228744516,0.0011325028312570782,0.2915670472187478,1.0,1/5,0.03%,CHEBI:29105
prerank,"SCF E3 ubiquitin ligase complex, FBXO46 variant",0.9862787621718461,1.1681072318623593,0.04052443384982122,0.2912075740747175,1.0,2/4,1.00%,P62877;P63208
prerank,"Polycomb repressive complex 1, RING1-PCGF2-CBX8-PHC2 variant",0.9815568725656597,1.1680441936978982,0.0773955773955774,0.29062679090604004,1.0,1/4,1.81%,Q06587
prerank,"SCF E3 ubiquitin ligase complex, FBXL21 variant",0.9862787621718461,1.16801151550474,0.04081632653061224,0.28955452420517236,1.0,2/4,1.00%,P62877;P63208
prerank,"SCF E3 ubiquitin ligase complex, FBXO40 variant",0.9862787621718461,1.1678529788555851,0.03730445246690734,0.29049402335437957,1.0,2/4,1.00%,P62877;P63208
prerank,"SCF E3 ubiquitin ligase complex, FBXW2 variant",0.9862787621718461,1.1677648628298725,0.04326923076923077,0.29033333906957143,1.0,2/4,1.00%,P62877;P63208
prerank,"SCF E3 ubiquitin ligase complex, FBXL19 variant",0.9862787621718461,1.1676439892793782,0.042067307692307696,0.2909090535030533,1.0,2/4,1.00%,P62877;P63208
prerank,"SCF E3 ubiquitin ligase complex, TSPAN17 variant",0.9862787621718461,1.1674501382584288,0.03588516746411483,0.29231238399257914,1.0,2/4,1.00%,P62877;P63208
prerank,"Polycomb repressive complex 1, RING1-PCGF2-CBX7-PHC1 variant",0.9815568725656597,1.1674148720067545,0.07125603864734299,0.2912967495597667,1.0,1/4,1.81%,Q06587
prerank,"SCF E3 ubiquitin ligase complex, FBXO9 variant",0.9862787621718461,1.1673237986303249,0.04295942720763723,0.2912857059050945,1.0,2/4,1.00%,P62877;P63208
prerank,"SCF E3 ubiquitin ligase complex, FBXO22 variant",0.9862787621718461,1.1672804410770405,0.04311377245508982,0.2903286967750327,1.0,2/4,1.00%,P62877;P63208
prerank,"SCF E3 ubiquitin ligase complex, FBXO42 variant",0.9862787621718461,1.1672680753747142,0.047225501770956316,0.2889116177189236,1.0,2/4,1.00%,P62877;P63208
prerank,ZER1-Elongin C-Elongin B E3 ubiquitin ligase complex,0.9989562991325039,1.1672525896864594,0.0034482758620689655,0.28762832150126283,1.0,1/5,0.11%,P62877
prerank,"SCF E3 ubiquitin ligase complex, FBXW7 variant",0.9862787621718461,1.1672437548644563,0.04101326899879373,0.2861703023009901,1.0,2/4,1.00%,P62877;P63208
prerank,"Polycomb repressive complex 1, RING1-PCGF4-CBX8-PHC2 variant",0.9815568725656597,1.1672109049369799,0.07946210268948656,0.2851732219937829,1.0,1/4,1.81%,Q06587
prerank,"SCF E3 ubiquitin ligase complex, FBXW4 variant",0.9862787621718461,1.1672076286894233,0.04970414201183432,0.2837262867714779,1.0,2/4,1.00%,P62877;P63208
prerank,"SCF E3 ubiquitin ligase complex, KDM2A variant",0.9862787621718461,1.1671790857520052,0.05238095238095238,0.28266572194518813,1.0,2/4,1.00%,P62877;P63208
prerank,"SCF E3 ubiquitin ligase complex, FBXO33 variant",0.9862787621718461,1.1671181995791364,0.04945717732207479,0.2822161181612999,1.0,2/4,1.00%,P62877;P63208
prerank,"SCF E3 ubiquitin ligase complex, FBXO7 variant",0.9862787621718461,1.167073888873352,0.04311377245508982,0.28151305341833405,1.0,2/4,1.00%,P62877;P63208
prerank,"SCF E3 ubiquitin ligase complex, FBXL4 variant",0.9862787621718461,1.1670675859494077,0.046172539489671933,0.2801210332627722,1.0,2/4,1.00%,P62877;P63208
prerank,KLHDC2-Elongin C-Elongin B E3 ubiquitin ligase complex,0.9989562991325039,1.1670601180209044,0.002285714285714286,0.27874343818654257,1.0,1/5,0.11%,P62877
prerank,"SCF E3 ubiquitin ligase complex, BTRC variant",0.9862787621718461,1.1670233033579258,0.03900709219858156,0.27802395904874877,1.0,2/4,1.00%,P62877;P63208
prerank,"CoREST transcriptional corepressor complex, RCOR3-HDAC1 variant",0.9877892212708106,1.1670155443294032,0.05441354292623942,0.2767218219956823,1.0,2/4,1.27%,CHEBI:57692;Q13547
prerank,"SCF E3 ubiquitin ligase complex, FBXL18 variant",0.9862787621718461,1.1669456870721742,0.04096385542168675,0.2762436281051735,1.0,2/4,1.00%,P62877;P63208
prerank,MOZ2 histone acetyltransferase complex,0.984256393570834,1.1669046706675992,0.05555555555555555,0.2755867313579634,1.0,1/4,0.35%,Q9HAF1
prerank,"Polycomb repressive complex 1, RING1-PCGF2-CBX2-PHC3 variant",0.9815568725656597,1.1668540774700997,0.06295399515738499,0.2749309356720886,1.0,1/4,1.81%,Q06587
prerank,USP12-WDR20 deubiquitinase complex,0.9927990470592066,1.166853117935385,0.041463414634146344,0.2735658925282595,1.0,1/4,0.03%,CHEBI:29105
prerank,FEB1B-Elongin C-Elongin B E3 ubiquitin ligase complex,0.9989562991325039,1.166795232828285,0.003436426116838488,0.2730034638278945,1.0,1/5,0.11%,P62877
prerank,"SCF E3 ubiquitin ligase complex, FBXW12 variant",0.9862787621718461,1.1667022697507416,0.04066985645933014,0.27310628210641025,1.0,2/4,1.00%,P62877;P63208
prerank,"SCF E3 ubiquitin ligase complex, FBXO28 variant",0.9862787621718461,1.166661820413985,0.05149700598802395,0.27237268319451746,1.0,2/4,1.00%,P62877;P63208
prerank,Pyruvate dehydrogenase E1 heterotetramer,0.9791271347248576,1.1666497710141903,0.06341463414634146,0.2712144760551416,1.0,4/4,2.19%,CHEBI:18420;CHEBI:58937;P11177;P08559
prerank,"Polycomb repressive complex 1, RING1-PCGF4-CBX6-PHC3 variant",0.9815568725656597,1.1666058843942633,0.07484662576687116,0.27057254366665845,1.0,1/4,1.81%,Q06587
prerank,"CoREST transcriptional corepressor complex, RCOR3-HDAC2 variant",0.988060297443215,1.1664750101411843,0.059113300492610835,0.27119836120688445,1.0,2/4,1.25%,CHEBI:57692;Q92769
prerank,"Calcineurin-Calmodulin complex, gamma-R1 variant",0.9888059405242056,1.166438036040945,0.048752834467120185,0.2705467813891543,1.0,2/5,0.30%,CHEBI:29105;CHEBI:29108
prerank,"Polycomb repressive complex 1, RING2-PCGF4-CBX8-PHC3 variant",0.9818285708240226,1.1664223048242222,0.05378973105134474,0.26941977584573423,1.0,1/4,1.79%,Q99496
prerank,"SCF E3 ubiquitin ligase complex, CCNF variant",0.9862787621718461,1.1663502137354804,0.0423728813559322,0.2690991034606903,1.0,2/4,1.00%,P62877;P63208
prerank,"Calcineurin-Calmodulin complex, beta-R1 variant",0.9888059405242056,1.1660932218811513,0.05125284738041002,0.27147639273444285,1.0,2/5,0.30%,CHEBI:29105;CHEBI:29108
prerank,"SCF E3 ubiquitin ligase complex, LMO7 variant",0.9862787621718461,1.1660559175455458,0.036101083032490974,0.2708306819852523,1.0,2/4,1.00%,P62877;P63208
prerank,"SCF E3 ubiquitin ligase complex, FBXO30 variant",0.9862787621718461,1.166011636991131,0.03753026634382567,0.27020147828913493,1.0,2/4,1.00%,P62877;P63208
prerank,"SCF E3 ubiquitin ligase complex, FBXO2 variant",0.9862787621718461,1.1660082472974531,0.04939759036144578,0.26898896848682974,1.0,2/4,1.00%,P62877;P63208
prerank,LRR1-Elongin C-Elongin B E3 ubiquitin ligase complex,0.9989562991325039,1.1659167650419993,0.004509582863585118,0.2689659394674484,1.0,1/5,0.11%,P62877
prerank,"Polycomb repressive complex 1, RING1-PCGF2-CBX7-PHC2 variant",0.9815568725656597,1.1658933399314753,0.08466257668711656,0.26808288453793977,1.0,1/4,1.81%,Q06587
prerank,"SCF E3 ubiquitin ligase complex, FBXL15 variant",0.9862787621718461,1.1658772741194443,0.04567307692307692,0.2670908207377716,1.0,2/4,1.00%,P62877;P63208
prerank,"SCF E3 ubiquitin ligase complex, FBXO16 variant",0.9862787621718461,1.1658409860050583,0.04054054054054054,0.26642247311955974,1.0,2/4,1.00%,P62877;P63208
prerank,"SCF E3 ubiquitin ligase complex, FBXO3 variant",0.9862787621718461,1.1658273014268083,0.0496969696969697,0.2653916578086465,1.0,2/4,1.00%,P62877;P63208
prerank,SLX1-SLX4 structure-specific endonuclease complex,0.9788617886178863,1.1657581959791432,0.08640226628895184,0.2651393584756107,1.0,2/3,2.17%,CHEBI:29105;Q8IY92
prerank,"Calcineurin-Calmodulin complex, beta-R2 variant",0.9888059405242056,1.16573052187034,0.05429864253393665,0.26428893401317677,1.0,2/5,0.30%,CHEBI:29105;CHEBI:29108
prerank,"SCF E3 ubiquitin ligase complex, FBXO44 variant",0.9862787621718461,1.1657032877664233,0.04431137724550898,0.26348110651608425,1.0,2/4,1.00%,P62877;P63208
prerank,PRAME-Elongin C-Elongin B E3 ubiquitin ligase complex,0.9989562991325039,1.165561900889335,0.004576659038901602,0.2641631200898282,1.0,1/5,0.11%,P62877
prerank,"SCF E3 ubiquitin ligase complex, FBXO39 variant",0.9862787621718461,1.1655563776898237,0.03952095808383234,0.26303736361893015,1.0,2/4,1.00%,P62877;P63208
prerank,"SCF E3 ubiquitin ligase complex, FBXW5 variant",0.9862787621718461,1.165488742829681,0.046762589928057555,0.2628897274749327,1.0,2/4,1.00%,P62877;P63208
prerank,FEB1C-Elongin C-Elongin B E3 ubiquitin ligase complex,0.9989562991325039,1.1652812358922837,0.0033975084937712344,0.2646757060432214,1.0,1/5,0.11%,P62877
prerank,"Polycomb repressive complex 1, RING1-PCGF2-CBX6-PHC1 variant",0.9815568725656597,1.1652752899113548,0.0745721271393643,0.2635626814988091,1.0,1/4,1.81%,Q06587
prerank,"SCF E3 ubiquitin ligase complex, FBXO11 variant",0.9862787621718461,1.1652237820876883,0.051682692307692304,0.26316740216764484,1.0,2/4,1.00%,P62877;P63208
prerank,"SCF E3 ubiquitin ligase complex, FBXL7 variant",0.9862787621718461,1.1651764074541622,0.041666666666666664,0.2626790606852101,1.0,2/4,1.00%,P62877;P63208
prerank,SOSS2 complex,0.9735824609418579,1.1651533945859762,0.0905109489051095,0.26183454785063587,1.0,1/3,2.65%,Q68E01
prerank,Hydride transfer complex,-0.5959349593495935,-1.1651323586405222,0.22614840989399293,0.33414642357831764,1.0,3/3,100.00%,P48163;P11498;P40925
prerank,"SCF E3 ubiquitin ligase complex, FBXW9 variant",0.9862787621718461,1.1650484043858975,0.043583535108958835,0.2620596984631231,1.0,2/4,1.00%,P62877;P63208
prerank,"SCF E3 ubiquitin ligase complex, FBXL5 variant",0.9862787621718461,1.1649839108632207,0.038869257950530034,0.26182552080244337,1.0,2/4,1.00%,P62877;P63208
prerank,"SCF E3 ubiquitin ligase complex, FBXL14 variant",0.9862787621718461,1.1648765326672754,0.04247572815533981,0.2619870936758516,1.0,2/4,1.00%,P62877;P63208
prerank,"Polycomb repressive complex 1, RING1-PCGF2-CBX2-PHC1 variant",0.9815568725656597,1.1648718264954578,0.06951219512195123,0.2609523030436312,1.0,1/4,1.81%,Q06587
prerank,"Polycomb repressive complex 1, RING2-PCGF2-CBX8-PHC3 variant",0.9818285708240226,1.1648640711299205,0.05128205128205128,0.25993580060009963,1.0,1/4,1.79%,Q99496
prerank,"SCF E3 ubiquitin ligase complex, FBXL17 variant",0.9862787621718461,1.164786490598461,0.04374240583232078,0.2597849449853869,1.0,2/4,1.00%,P62877;P63208
prerank,"SCF E3 ubiquitin ligase complex, FBXO27 variant",0.9862787621718461,1.1645817590528582,0.04374240583232078,0.26145390731851825,1.0,2/4,1.00%,P62877;P63208
prerank,"Polycomb repressive complex 1, RING1-PCGF4-CBX4-PHC3 variant",0.9815568725656597,1.1643896579072286,0.08261405672009864,0.26278370541788354,1.0,1/4,1.81%,Q06587
prerank,mCRD-poly(A)-bridging complex,0.9964750542299349,1.1643056543552899,0.018285714285714287,0.2627614496450587,1.0,1/5,0.38%,O60506
prerank,"SCF E3 ubiquitin ligase complex, FBXO8 variant",0.9862787621718461,1.1643023443197633,0.042067307692307696,0.26167582646755905,1.0,2/4,1.00%,P62877;P63208
prerank,"Polycomb repressive complex 1, RING1-PCGF4-CBX7-PHC1 variant",0.9815568725656597,1.1642648888641052,0.0757020757020757,0.26121824512524694,1.0,1/4,1.81%,Q06587
prerank,VHL-Elongin C-Elongin B E3 ubiquitin ligase complex,0.9989562991325039,1.163972127105752,0.00340522133938706,0.26374135506171775,1.0,1/5,0.11%,P62877
prerank,"Polycomb repressive complex 1, RING2-PCGF4-CBX8-PHC2 variant",0.9818285708240226,1.16394954986732,0.06419753086419754,0.2629107080876113,1.0,1/4,1.79%,Q99496
prerank,KLHDC3-Elongin C-Elongin B E3 ubiquitin ligase complex,0.9989562991325039,1.1639266267920467,0.005701254275940707,0.2621593744504833,1.0,1/5,0.11%,P62877
prerank,"Polycomb repressive complex 1, RING1-PCGF4-CBX7-PHC2 variant",0.9815568725656597,1.1638189764111468,0.08571428571428572,0.26263627108139626,1.0,1/4,1.81%,Q06587
prerank,"Polycomb repressive complex 1, RING2-PCGF2-CBX7-PHC3 variant",0.9818285708240226,1.163629393522711,0.06487148102815178,0.26394456898216495,1.0,1/4,1.79%,Q99496
prerank,"SCF E3 ubiquitin ligase complex, FBXL2 variant",0.9862787621718461,1.1635382552695201,0.05125148986889154,0.26413298579472794,1.0,2/4,1.00%,P62877;P63208
prerank,"Polycomb repressive complex 1, RING2-PCGF4-CBX8-PHC1 variant",0.9818285708240226,1.163482699496759,0.06107784431137724,0.2638343407423356,1.0,1/4,1.79%,Q99496
prerank,"CoREST transcriptional corepressor complex, RCOR1-HDAC2 variant",0.988060297443215,1.1634668161927695,0.05860349127182045,0.26289484024196597,1.0,2/4,1.25%,CHEBI:57692;Q92769
prerank,"SCF E3 ubiquitin ligase complex, FBXO43 variant",0.9862787621718461,1.1633859745117783,0.04801920768307323,0.26278475387106154,1.0,2/4,1.00%,P62877;P63208
prerank,"CRL4-DCAF13 E3 ubiquitin ligase complex, CUL4A variant ",0.9772393047157865,1.1633688557503514,0.09166666666666666,0.2619318272856422,1.0,3/4,1.87%,Q9NV06;P62877;Q16531
prerank,"Polycomb repressive complex 1, RING1-PCGF2-CBX6-PHC2 variant",0.9815568725656597,1.1633447321948034,0.08635794743429287,0.2611953024479098,1.0,1/4,1.81%,Q06587
prerank,"SCF E3 ubiquitin ligase complex, FBXL16 variant",0.9862787621718461,1.1632564295631767,0.03864734299516908,0.2613203177945696,1.0,2/4,1.00%,P62877;P63208
prerank,"Polycomb repressive complex 1, RING1-PCGF4-CBX2-PHC3 variant",0.9815568725656597,1.1632166464735936,0.07045735475896168,0.2607007736827,1.0,1/4,1.81%,Q06587
prerank,"Polycomb repressive complex 1, RING1-PCGF2-CBX4-PHC3 variant",0.9815568725656597,1.163196903600011,0.0779537149817296,0.25998217932507106,1.0,1/4,1.81%,Q06587
prerank,"SCF E3 ubiquitin ligase complex, FBXO31 variant",0.9862787621718461,1.1631197565560083,0.04860267314702309,0.25991204523464906,1.0,2/4,1.00%,P62877;P63208
prerank,"Polycomb repressive complex 1, RING2-PCGF2-CBX7-PHC1 variant",0.9818285708240226,1.1629701823530005,0.06837606837606838,0.26087808391104844,1.0,1/4,1.79%,Q99496
prerank,"Polycomb repressive complex 1, RING1-PCGF4-CBX6-PHC1 variant",0.9815568725656597,1.1629694663721681,0.07682926829268293,0.25988043091432633,1.0,1/4,1.81%,Q06587
prerank,"SCF E3 ubiquitin ligase complex, FBXO15 variant",0.9862787621718461,1.162913119570944,0.036101083032490974,0.2595983239958118,1.0,2/4,1.00%,P62877;P63208
prerank,"Non-canonical polycomb repressive complex 1.2, RING1-YAF2 variant",0.9701425726257416,1.1629098470399908,0.10041265474552957,0.2586261067198602,1.0,2/3,3.01%,Q06587;Q8IY57
prerank,"CRL4-DCAF13 E3 ubiquitin ligase complex, CUL4B variant ",0.9772393047157865,1.162799092770459,0.09254807692307693,0.2590829536916456,1.0,3/4,1.87%,Q9NV06;P62877;Q16531
prerank,"Polycomb repressive complex 1, RING2-PCGF2-CBX8-PHC2 variant",0.9818285708240226,1.1625926529391761,0.06551297898640297,0.2606320698059914,1.0,1/4,1.79%,Q99496
prerank,"Polycomb repressive complex 1, RING2-PCGF2-CBX8-PHC1 variant",0.9818285708240226,1.1625763025113625,0.059322033898305086,0.2598308044713006,1.0,1/4,1.79%,Q99496
prerank,BRCA1-B complex,0.9894280292762265,1.1625685434576005,0.04187192118226601,0.2589436433235128,1.0,2/4,1.11%,CHEBI:49883;CPX-715
prerank,"Calcineurin-Calmodulin complex, alpha-R1 variant",0.9888059405242056,1.1624699393930586,0.05688282138794084,0.2591631784749835,1.0,2/5,0.30%,CHEBI:29105;CHEBI:29108
prerank,"SCF E3 ubiquitin ligase complex, FBXO32 variant",0.9862787621718461,1.1623956741767938,0.05078597339782346,0.2589618303360885,1.0,2/4,1.00%,P62877;P63208
prerank,"SCF E3 ubiquitin ligase complex, FBXW10 variant",0.9862787621718461,1.162358921167469,0.041463414634146344,0.2584270642535139,1.0,2/4,1.00%,P62877;P63208
prerank,"Polycomb repressive complex 1, RING2-PCGF2-CBX6-PHC1 variant",0.9818285708240226,1.162350159244065,0.06934306569343066,0.2575832380113996,1.0,1/4,1.79%,Q99496
prerank,"Polycomb repressive complex 1, RING2-PCGF2-CBX2-PHC3 variant",0.9818285708240226,1.1622757141619666,0.052825552825552825,0.25750908725838967,1.0,1/4,1.79%,Q99496
prerank,"Polycomb repressive complex 1, RING2-PCGF2-CBX6-PHC3 variant",0.9818285708240226,1.1622324230236127,0.06666666666666667,0.25708385789867433,1.0,1/4,1.79%,Q99496
prerank,"CRL4-AMBRA1 E3 ubiquitin ligase complex, CUL4B variant ",0.9722660111354825,1.1620777761722345,0.0979689366786141,0.25797754482439006,1.0,2/4,1.87%,P62877;Q16531
prerank,"SCF E3 ubiquitin ligase complex, FBXO4 variant",0.9862787621718461,1.1620499403821456,0.05275779376498801,0.25736704126857024,1.0,2/4,1.00%,P62877;P63208
prerank,"Polycomb repressive complex 1, RING2-PCGF4-CBX7-PHC3 variant",0.9818285708240226,1.161962545539371,0.0685785536159601,0.25750908725838967,1.0,1/4,1.79%,Q99496
prerank,"TREX-2 transcription-export complex, CETN3 variant",0.9929321606709658,1.1619521937370125,0.02367531003382187,0.2567073928221503,1.0,2/5,0.76%,Q9NPA8;P60896
prerank,"Serine palmitoyltransferase complex, SPTLC1-SPTLC2-SPTSSB variant",0.9773441047587594,1.1617810860800333,0.09023485784919653,0.2579024453840435,1.0,1/4,2.27%,CHEBI:597326
prerank,"Polycomb repressive complex 1, RING2-PCGF2-CBX7-PHC2 variant",0.9818285708240226,1.1617657980960314,0.07823960880195599,0.2571891505138537,1.0,1/4,1.79%,Q99496
prerank,"CRL4-DCAF9 E3 ubiquitin ligase complex, CUL4B variant ",0.9722660111354825,1.1617443332553126,0.09975961538461539,0.2564969819096294,1.0,2/4,1.87%,P62877;Q16531
prerank,"CRL4-DCAF1 E3 ubiquitin ligase complex, CUL4B variant ",0.9722660111354825,1.1615037690005707,0.10449574726609964,0.2582951927051544,1.0,2/4,1.87%,P62877;Q16531
prerank,"Polycomb repressive complex 1, RING2-PCGF2-CBX2-PHC1 variant",0.9818285708240226,1.161317136788259,0.06234718826405868,0.25958197706134534,1.0,1/4,1.79%,Q99496
prerank,"Polycomb repressive complex 1, RING1-PCGF2-CBX2-PHC2 variant",0.9815568725656597,1.1612930017350456,0.07777777777777778,0.2589320289467454,1.0,1/4,1.81%,Q06587
prerank,"SCF E3 ubiquitin ligase complex, FBXL3 variant",0.9862787621718461,1.161240034005045,0.04374240583232078,0.2586402184584265,1.0,2/4,1.00%,P62877;P63208
prerank,"Polycomb repressive complex 1, RING1-PCGF4-CBX2-PHC1 variant",0.9815568725656597,1.1612322859925344,0.072992700729927,0.25779868714375626,1.0,1/4,1.81%,Q06587
prerank,SHOC2-MRAS-PPP1CC complex,0.9890357222701845,1.1611212346833584,0.049944506104328525,0.25818761502673915,1.0,2/5,1.14%,CHEBI:29035;CHEBI:37565
prerank,"CRL4-DCAF5 E3 ubiquitin ligase complex, CUL4A variant ",0.9722660111354825,1.160997482161825,0.11124401913875598,0.25872532906179807,1.0,2/4,1.87%,P62877;Q16531
prerank,"Polycomb repressive complex 1, RING1-PCGF4-CBX6-PHC2 variant",0.9815568725656597,1.1609810606482598,0.08635794743429287,0.2580085786087593,1.0,1/4,1.81%,Q06587
prerank,"Polycomb repressive complex 1, RING2-PCGF4-CBX4-PHC3 variant",0.9818285708240226,1.1609452435554457,0.07549504950495049,0.2575322376108552,1.0,1/4,1.79%,Q99496
prerank,"Calcineurin-Calmodulin complex, gamma-R2 variant",0.9888059405242056,1.160875603954625,0.052995391705069124,0.25740912105803554,1.0,2/5,0.30%,CHEBI:29105;CHEBI:29108
prerank,"Non-canonical polycomb repressive complex 1.2, RING1-RYBP variant",0.9704136805818413,1.1608550595639833,0.10689170182841069,0.25674280519542764,1.0,2/3,2.98%,Q06587;Q8N488
prerank,"CRL4-DCAF9 E3 ubiquitin ligase complex, CUL4A variant ",0.9722660111354825,1.1608240325326988,0.10787878787878788,0.256191856402075,1.0,2/4,1.87%,P62877;Q16531
prerank,"Serine palmitoyltransferase complex, SPTLC1-SPTLC3-SPTSSA variant",0.9773441047587594,1.1608108438493308,0.08024691358024691,0.25546590788696893,1.0,1/4,2.27%,CHEBI:597326
prerank,"CRL4-DCAF5 E3 ubiquitin ligase complex, CUL4B variant ",0.9722660111354825,1.1608030379174679,0.10204081632653061,0.25465777556556324,1.0,2/4,1.87%,P62877;Q16531
prerank,"CoREST transcriptional corepressor complex, RCOR1-HDAC1 variant",0.9877892212708106,1.160779353209488,0.057387057387057384,0.2540328090444833,1.0,2/4,1.27%,CHEBI:57692;Q13547
prerank,"Serine palmitoyltransferase complex, SPTLC1-SPTLC2-SPTSSA variant",0.9773441047587594,1.1606998537637607,0.08497536945812807,0.25413889448078847,1.0,1/4,2.27%,CHEBI:597326
prerank,"Non-canonical polycomb repressive complex 1.4, RNF2-YAF2 variant",0.9701428381586733,1.160642279115522,0.1095890410958904,0.2538764903993672,1.0,2/3,3.01%,Q99496;Q8IY57
prerank,"Polycomb repressive complex 1, RING2-PCGF4-CBX7-PHC2 variant",0.9818285708240226,1.1605074286711627,0.07930607187112763,0.25453962657604035,1.0,1/4,1.79%,Q99496
prerank,"CRL4-CDT2 E3 ubiquitin ligase complex, CUL4A variant ",0.9722660111354825,1.1604840310705138,0.1180637544273908,0.25394965494789956,1.0,2/4,1.87%,P62877;Q16531
prerank,"Non-canonical polycomb repressive complex 1.2, RNF2-YAF2 variant",0.9701428381586733,1.1604309047226227,0.1009549795361528,0.25383542714589713,1.0,2/3,3.01%,Q99496;Q8IY57
prerank,"Non-canonical polycomb repressive complex 1.4, RING1-RYBP variant",0.9704136805818413,1.1602287540433351,0.10841654778887304,0.255361944207644,1.0,2/3,2.98%,Q06587;Q8N488
prerank,R2SD co-chaperone complex,0.9799202706840583,1.1602092270540363,0.09047044632086852,0.25478623166133124,1.0,2/4,2.06%,Q9Y265;Q9Y230
prerank,"CRL4-AMBRA1 E3 ubiquitin ligase complex, CUL4A variant ",0.9722660111354825,1.1600788330538736,0.10431654676258993,0.25540944869171056,1.0,2/4,1.87%,P62877;Q16531
prerank,"Polycomb repressive complex 1, RING2-PCGF4-CBX4-PHC2 variant",0.9818285708240226,1.1600518816040675,0.08445532435740515,0.2548191040512786,1.0,1/4,1.79%,Q99496
prerank,R2SP co-chaperone complex,0.9799202706840583,1.1600499410011869,0.08214285714285714,0.25399527531594185,1.0,2/4,2.06%,Q9Y265;Q9Y230
prerank,DNA polymerase epsilon complex,0.9951193058568332,1.1600186837697526,0.030751708428246014,0.25352276576905713,1.0,2/5,0.54%,CHEBI:49883;Q9NRF9
prerank,"Polycomb repressive complex 1, RING2-PCGF2-CBX6-PHC2 variant",0.9818285708240226,1.1599893048268606,0.07673267326732673,0.25293364750873726,1.0,1/4,1.79%,Q99496
prerank,"CRL4-ERCC8 E3 ubiquitin ligase complex, CUL4B variant",0.9722660111354825,1.159933757417658,0.09569377990430622,0.2527426105080694,1.0,2/4,1.87%,P62877;Q16531
prerank,"CRL4-DCAF1 E3 ubiquitin ligase complex, CUL4A variant ",0.9722660111354825,1.1599290930584936,0.11097708082026538,0.2519508703973533,1.0,2/4,1.87%,P62877;Q16531
prerank,"Polycomb repressive complex 1, RING1-PCGF4-CBX2-PHC2 variant",0.9815568725656597,1.15986800038386,0.08010012515644556,0.2518361629642704,1.0,1/4,1.81%,Q06587
prerank,DUOX1-DUOXA1 dual oxidase complex,0.9921366594360085,1.1597518788096166,0.03459821428571429,0.25234529774612996,1.0,3/5,0.87%,CHEBI:29108;CHEBI:57692;CHEBI:30413
prerank,"Serine palmitoyltransferase complex, SPTLC1-SPTLC3-SPTSSB variant",0.9773441047587594,1.1597458335334607,0.08722358722358722,0.2515875739759492,1.0,1/4,2.27%,CHEBI:597326
prerank,"Non-canonical polycomb repressive complex 1.4, RING1-YAF2 variant",0.9701425726257416,1.1596886284607981,0.10518934081346423,0.251411124070204,1.0,2/3,3.01%,Q06587;Q8IY57
prerank,SHOC2-KRAS-PPP1CA complex,0.9890023196581142,1.1596506505672586,0.05432372505543237,0.25100531164685097,1.0,2/5,1.14%,CHEBI:29035;CHEBI:37565
prerank,Mitochondrial CCA tRNA nucleotidyltransferase 1 complex,0.9897424003040812,1.1596099533440793,0.04072398190045249,0.250644534788166,1.0,1/5,0.24%,CHEBI:18420
prerank,BTR double Holliday Junction dissolution complex,0.9981014374830485,1.1596043905641933,0.006622516556291391,0.24988793167598702,1.0,2/6,0.24%,CHEBI:29105;CHEBI:18420
prerank,"CRL4-DCAF12 E3 ubiquitin ligase complex, CUL4A variant ",0.9722660111354825,1.1595636459489789,0.1125748502994012,0.24950846395268034,1.0,2/4,1.87%,P62877;Q16531
prerank,"Polycomb repressive complex 1, RING1-PCGF4-CBX4-PHC1 variant",0.9815568725656597,1.159557717545068,0.08722358722358722,0.24876732679500582,1.0,1/4,1.81%,Q06587
prerank,"Polycomb repressive complex 1, RING1-PCGF2-CBX4-PHC1 variant",0.9815568725656597,1.159521062013281,0.08497536945812807,0.24835545755411054,1.0,1/4,1.81%,Q06587
prerank,RB1-E2F3-DP1 transcriptional repressor complex,0.9666666666666666,1.1594406018916479,0.11448275862068966,0.24838103801872724,1.0,2/3,3.38%,Q14186;P06400
prerank,"Polycomb repressive complex 1, RING2-PCGF4-CBX6-PHC1 variant",0.9818285708240226,1.1594391024557524,0.0745721271393643,0.24761582808860536,1.0,1/4,1.79%,Q99496
prerank,"CRL4-DCAF12 E3 ubiquitin ligase complex, CUL4B variant ",0.9722660111354825,1.1593046581716364,0.10340632603406326,0.24826924847401924,1.0,2/4,1.87%,P62877;Q16531
prerank,"Polycomb repressive complex 1, RING2-PCGF4-CBX7-PHC1 variant",0.9818285708240226,1.1592035887513066,0.07274969173859433,0.24853262302303436,1.0,1/4,1.79%,Q99496
prerank,"Polycomb repressive complex 1, RING2-PCGF4-CBX6-PHC2 variant",0.9818285708240226,1.1591021568908804,0.07855361596009976,0.24889052793161986,1.0,1/4,1.79%,Q99496
prerank,Mitochondrial isocitrate dehydrogenase complex (NAD+),0.9834643534833288,1.159051100646549,0.07682926829268293,0.24872569884325973,1.0,1/4,1.68%,CHEBI:60240
prerank,SHOC2-MRAS-PPP1CA complex,0.988997891449061,1.1589578868524992,0.05239687848383501,0.24885205742757807,1.0,2/5,1.14%,CHEBI:29035;CHEBI:37565
prerank,"Polycomb repressive complex 1, RING2-PCGF4-CBX6-PHC3 variant",0.9818285708240226,1.1589038966535976,0.07178841309823678,0.24869858075763682,1.0,1/4,1.79%,Q99496
prerank,"Polycomb repressive complex 1, RING2-PCGF2-CBX4-PHC3 variant",0.9818285708240226,1.158881213383002,0.07160493827160494,0.24816609237913792,1.0,1/4,1.79%,Q99496
prerank,"CRL4-DCAF6 E3 ubiquitin ligase complex, CUL4A variant ",0.9722660111354825,1.1588017894885352,0.11650485436893204,0.2481881646883329,1.0,2/4,1.87%,P62877;Q16531
prerank,"Polycomb repressive complex 1, RING1-PCGF4-CBX4-PHC2 variant",0.9815568725656597,1.1586383055015583,0.0945273631840796,0.24915078902842505,1.0,1/4,1.81%,Q06587
prerank,"CRL4-DCAF7 E3 ubiquitin ligase complex, CUL4A variant ",0.9722660111354825,1.1586328618481998,0.11786148238153099,0.24845038747818657,1.0,2/4,1.87%,P62877;Q16531
prerank,Mitochondrial ribonuclease P complex,0.9897424003040812,1.1584672344304834,0.04519774011299435,0.24931584477876495,1.0,1/5,0.24%,CHEBI:18420
prerank,"Calcineurin-Calmodulin complex, alpha-R2 variant",0.9888059405242056,1.158133721480232,0.0593607305936073,0.25216046182117274,1.0,2/5,0.30%,CHEBI:29105;CHEBI:29108
prerank,"CRL4-CDT2 E3 ubiquitin ligase complex, CUL4B variant ",0.9722660111354825,1.1581290798234773,0.1117717003567182,0.25143731507870853,1.0,2/4,1.87%,P62877;Q16531
prerank,"Polycomb repressive complex 1, RING2-PCGF4-CBX4-PHC1 variant",0.9818285708240226,1.1580045754594543,0.08220858895705521,0.2520102471745742,1.0,1/4,1.79%,Q99496
prerank,"CRL4-ERCC8 E3 ubiquitin ligase complex, CUL4A variant ",0.9722660111354825,1.1577724042134743,0.10153482880755609,0.25360597979708427,1.0,2/4,1.87%,P62877;Q16531
prerank,"CRL4-DCAF6 E3 ubiquitin ligase complex, CUL4B variant ",0.9722660111354825,1.1577403405666986,0.10784313725490197,0.25320846766472543,1.0,2/4,1.87%,P62877;Q16531
prerank,Histone pre-RNA core cleavage complex,0.9892154938897592,1.157656675036052,0.06111111111111111,0.2532970671741684,1.0,1/5,0.03%,CHEBI:29105
prerank,"Polycomb repressive complex 1, RING2-PCGF4-CBX2-PHC3 variant",0.9818285708240226,1.1576285887757647,0.0617906683480454,0.25280443658787716,1.0,1/4,1.79%,Q99496
prerank,"Polycomb repressive complex 1, RING2-PCGF2-CBX2-PHC2 variant",0.9818285708240226,1.1574984839722644,0.06592039800995025,0.25336800749377714,1.0,1/4,1.79%,Q99496
prerank,SF3B complex,0.9954206763157638,1.1573663364513278,0.020127118644067795,0.2538760436514261,1.0,3/7,0.41%,Q15393;Q9BWJ5;O75533
prerank,"Polycomb repressive complex 1, RING1-PCGF2-CBX4-PHC2 variant",0.9815568725656597,1.1572957540277495,0.09339975093399751,0.2537957798823043,1.0,1/4,1.81%,Q06587
prerank,SHOC2-MRAS-PPP1CB complex,0.9890357222701845,1.1572759246666953,0.05823068309070549,0.25325887432378374,1.0,2/5,1.14%,CHEBI:29035;CHEBI:37565
prerank,"Polycomb repressive complex 1, RING2-PCGF2-CBX4-PHC1 variant",0.9818285708240226,1.1572464664907613,0.0785276073619632,0.2528350379246091,1.0,1/4,1.79%,Q99496
prerank,"CRL4-DCAF7 E3 ubiquitin ligase complex, CUL4B variant ",0.9722660111354825,1.1571876841556616,0.11070559610705596,0.25269408630264456,1.0,2/4,1.87%,P62877;Q16531
prerank,"Polycomb repressive complex 1, RING2-PCGF4-CBX2-PHC1 variant",0.9818285708240226,1.1571735871688964,0.0665024630541872,0.2520976527673043,1.0,1/4,1.79%,Q99496
prerank,R2TP core co-chaperone complex,0.979940363242071,1.1567826855150696,0.08585247883917775,0.2555161713410733,1.0,2/4,2.06%,Q9Y265;Q9Y230
prerank,"CRL4-DCAF17 E3 ubiquitin ligase complex, CUL4A variant ",0.9722660111354825,1.156777303077136,0.11672683513838748,0.25483831501165544,1.0,2/4,1.87%,P62877;Q16531
prerank,"Polycomb repressive complex 1, RING2-PCGF2-CBX4-PHC2 variant",0.9818285708240226,1.1566946959927462,0.08261405672009864,0.2548811184683331,1.0,1/4,1.79%,Q99496
prerank,Retention and splicing complex,0.9644986449864499,1.1565729478168092,0.1366120218579235,0.2554223346178869,1.0,1/3,3.57%,Q8TAD8
prerank,"SCF E3 ubiquitin ligase complex, FBXL13 variant",0.9813309497004185,1.1563975831689546,0.06257521058965103,0.25647347698248885,1.0,3/4,1.54%,P62877;P63208;Q8NEE6
prerank,"Polycomb repressive complex 1, RING2-PCGF4-CBX2-PHC2 variant",0.9818285708240226,1.1562354114752627,0.06926952141057935,0.25733224614138106,1.0,1/4,1.79%,Q99496
prerank,SHOC2-NRAS-PPP1CA complex,0.9890023196581142,1.1561983124658366,0.05855855855855856,0.2570304692434316,1.0,2/5,1.14%,CHEBI:29035;CHEBI:37565
prerank,"CRL4-DCAF16 E3 ubiquitin ligase complex, CUL4A variant ",0.9722660111354825,1.1559163331984228,0.12287104622871046,0.2590507194213339,1.0,2/4,1.87%,P62877;Q16531
prerank,"CRL4-DCAF16 E3 ubiquitin ligase complex, CUL4B variant ",0.9722660111354825,1.1558749516628877,0.1166464155528554,0.25872384137214355,1.0,2/4,1.87%,P62877;Q16531
prerank,"CRL4-DCAF4 E3 ubiquitin ligase complex, CUL4B variant ",0.9722660111354825,1.1556896748618108,0.1071863580998782,0.2597630917561839,1.0,2/4,1.87%,P62877;Q16531
prerank,GTPase HRAS - Son of sevenless homolog 1 complex,0.9655826558265583,1.1555577348600532,0.12448132780082988,0.2604415529280875,1.0,2/3,3.49%,P01112;CHEBI:15996
prerank,"CRL4-DCAF14 E3 ubiquitin ligase complex, CUL4B variant ",0.9722660111354825,1.1554588052275687,0.11366384522370013,0.2607188322553781,1.0,2/4,1.87%,P62877;Q16531
prerank,"CRL4-DCAF14 E3 ubiquitin ligase complex, CUL4A variant ",0.9722660111354825,1.15506715658351,0.11750599520383694,0.26378353033896135,1.0,2/4,1.87%,P62877;Q16531
prerank,"CRL4-DCAF17 E3 ubiquitin ligase complex, CUL4B variant ",0.9722660111354825,1.1550615935166324,0.11380145278450363,0.2630960389867407,1.0,2/4,1.87%,P62877;Q16531
prerank,"CRL4-DCAF8 E3 ubiquitin ligase complex, CUL4A variant ",0.9722660111354825,1.1549645449597845,0.11244019138755981,0.2633912276570364,1.0,2/4,1.87%,P62877;Q16531
prerank,"CRL4-DCAF4 E3 ubiquitin ligase complex, CUL4A variant ",0.9722660111354825,1.1547072852239342,0.1070559610705596,0.26515501533945113,1.0,2/4,1.87%,P62877;Q16531
prerank,L3MBTL1 complex,0.9663956639566396,1.154562318868149,0.11773049645390071,0.26586213966690203,1.0,1/3,3.38%,P06400
prerank,"CRL4-DCAF10 E3 ubiquitin ligase complex, CUL4A variant ",0.9722660111354825,1.1542056892615562,0.1136094674556213,0.26849133932922103,1.0,2/4,1.87%,P62877;Q16531
prerank,"Polycomb repressive complex 2.1, EZH1-RBBP4-PCL2-PALI1 variant",0.9896593919949692,1.1542002599540948,0.04550379198266522,0.26779118769289134,1.0,1/6,1.03%,Q09028
prerank,"CRL4-DCAF11 E3 ubiquitin ligase complex, CUL4B variant ",0.9722660111354825,1.1540812197881327,0.11404561824729892,0.2683455043210696,1.0,2/4,1.87%,P62877;Q16531
prerank,"Non-canonical polycomb repressive complex 1.2, RNF2-RYBP variant",0.9704139459391854,1.1540291917643555,0.10906515580736544,0.2681218398142603,1.0,2/3,2.98%,Q99496;Q8N488
prerank,"CRL4-DCAF11 E3 ubiquitin ligase complex, CUL4A variant ",0.9722660111354825,1.1539581602883924,0.11799761620977355,0.26806845408600644,1.0,2/4,1.87%,P62877;Q16531
prerank,"Polycomb repressive complex 2.2, EZH1-RBBP4 variant",0.9896681837387117,1.1535642261442873,0.04525862068965517,0.27124551425348004,1.0,1/6,1.03%,Q09028
prerank,"Ribonucleoside-diphosphate reductase RR1 complex, RRM2B variant",0.9745156606455575,1.1532856225530195,0.10840438489646773,0.27338743832233164,1.0,2/4,2.60%,CHEBI:18420;CHEBI:29034
prerank,Apoptosome,0.9915920802820721,1.153135666601497,0.042826552462526764,0.27412547412368515,1.0,1/6,0.87%,CHEBI:30413
prerank,Myb-MuvB transcriptional activation complex,0.9893788907517947,1.1530395052749274,0.05393743257820928,0.274363847506214,1.0,1/6,1.03%,Q09028
prerank,"CRL4-CRBN E3 ubiquitin ligase complex, CUL4B variant ",0.9722660111354825,1.1528682250496016,0.11259079903147699,0.27527090161426726,1.0,2/4,1.87%,P62877;Q16531
prerank,MSL histone acetyltransferase complex,0.9723502304147466,1.1527139865924252,0.1021377672209026,0.2760720729523549,1.0,1/4,2.79%,Q9H7Z6
prerank,"CRL4-DDB2 E3 ubiquitin ligase complex, CUL4B variant ",0.9722660111354825,1.152593240506008,0.10727056019070322,0.2764987165568462,1.0,2/4,1.87%,P62877;Q16531
prerank,"CRL4-DDB2 E3 ubiquitin ligase complex, CUL4A variant ",0.9722660111354825,1.1525735221435265,0.11785714285714285,0.27593951341532436,1.0,2/4,1.87%,P62877;Q16531
prerank,"Non-canonical polycomb repressive complex 1.4, RNF2-RYBP variant",0.9704139459391854,1.1525419909721386,0.11598302687411598,0.2754981972548091,1.0,2/3,2.98%,Q99496;Q8N488
prerank,RB1-E2F1-DP1 transcriptional repressor complex,0.9666666666666666,1.1524897955989468,0.1215323645970938,0.27530308122934477,1.0,2/3,3.38%,Q14186;P06400
prerank,"Polycomb repressive complex 2.1, EZH1-RBBP4-PCL1-PALI1 variant",0.9896593919949692,1.1524202033824011,0.04333694474539545,0.275240854195331,1.0,1/6,1.03%,Q09028
prerank,Annexin A2 - S100-A10 complex,0.9686903226519685,1.1520551674934123,0.12727272727272726,0.27808059334972657,1.0,1/3,0.30%,CHEBI:29108
prerank,"Polycomb repressive complex 2.2, EZH2-RBBP4 variant",0.9896681837387117,1.1518183251126017,0.054466230936819175,0.27960835625658303,1.0,1/6,1.03%,Q09028
prerank,"Calcineurin-Calmodulin-AKAP5 complex, beta-R2 variant",0.9888048042467101,1.1517353158137962,0.06385281385281386,0.2796950668626934,1.0,2/6,0.30%,CHEBI:29105;CHEBI:29108
prerank,BRISC complex,0.9820236264478434,1.151730659819903,0.09920182440136831,0.2790189085739053,1.0,1/5,0.03%,CHEBI:29105
prerank,"Polycomb repressive complex 2.1, EZH2-RBBP4-PCL2-PALI1 variant",0.9896593919949692,1.1517130870449783,0.05194805194805195,0.2784619683605235,1.0,1/6,1.03%,Q09028
prerank,CRD-mediated mRNA stability complex,0.9967453213995119,1.1513884065535132,0.010822510822510822,0.28084638897375525,1.0,2/6,0.38%,CHEBI:33699;O60506
prerank,Signal recognition particle receptor complex,0.9653116531165311,1.1512134283890287,0.14207650273224043,0.2817054791845061,1.0,1/3,3.49%,CHEBI:15996
prerank,"CRL4-DCAF10 E3 ubiquitin ligase complex, CUL4B variant ",0.9722660111354825,1.1511847976465421,0.1141826923076923,0.28128356999424275,1.0,2/4,1.87%,P62877;Q16531
prerank,3M complex,0.9650406504065041,1.151132707507215,0.14644351464435146,0.28103266611999156,1.0,1/3,3.52%,Q14999
prerank,"CRL4-DCAF8 E3 ubiquitin ligase complex, CUL4B variant ",0.9722660111354825,1.150808317658696,0.10814094775212636,0.28328853200896914,1.0,2/4,1.87%,P62877;Q16531
prerank,"Calcineurin-Calmodulin-AKAP5 complex, gamma-R1 variant",0.9888048042467101,1.1507179198311526,0.05844155844155844,0.2834208057485845,1.0,2/6,0.30%,CHEBI:29105;CHEBI:29108
prerank,"CRL4-CRBN E3 ubiquitin ligase complex, CUL4A variant ",0.9722660111354825,1.150642057553366,0.12408759124087591,0.2834161309175239,1.0,2/4,1.87%,P62877;Q16531
prerank,"Ribonucleoside-diphosphate reductase RR1 complex, RRM2 variant",0.9745156606455575,1.1505739734161713,0.125,0.2833831654305505,1.0,2/4,2.60%,CHEBI:18420;CHEBI:29034
prerank,"Polycomb repressive complex 2.1, EZH2-RBBP4-PCL1-PALI1 variant",0.9896593919949692,1.150465156390033,0.049891540130151846,0.28364973336130317,1.0,1/6,1.03%,Q09028
prerank,"Calcineurin-Calmodulin-AKAP5 complex, beta-R1 variant",0.9888048042467101,1.1502609939863957,0.06222707423580786,0.2848107125245748,1.0,2/6,0.30%,CHEBI:29105;CHEBI:29108
prerank,"Polycomb repressive complex 2.1, EZH2-RBBP4-PCL2-EPOP variant",0.9896593919949692,1.1500735137801794,0.06256742179072276,0.2859292118368797,1.0,1/6,1.03%,Q09028
prerank,"Non-canonical polycomb repressive complex 1.3, RING1-YAF2-CKIIA1 variant",0.9702477468266558,1.1499315170040263,0.1266816143497758,0.2865235246571611,1.0,2/5,3.01%,Q06587;Q8IY57
prerank,"Methyltransferase complex, METTL3-METTL14",0.9661246612466124,1.1499178017852025,0.13131313131313133,0.2859463424112294,1.0,1/3,3.41%,CHEBI:67040
prerank,"Polycomb repressive complex 2.1, EZH1-RBBP4-PCL2-EPOP variant",0.9896593919949692,1.1498290912007532,0.055314533622559656,0.28604685465690216,1.0,1/6,1.03%,Q09028
prerank,"Non-canonical polycomb repressive complex 1.3, RING1-YAF2-CKIIA2 variant",0.9702477468266558,1.1493267747712004,0.12641083521444696,0.2900794395737909,1.0,2/5,3.01%,Q06587;Q8IY57
prerank,"CRL4-DCAF15 E3 ubiquitin ligase complex, CUL4A variant ",0.9722610811474278,1.1491773111652723,0.12989921612541994,0.29068774261643265,1.0,2/5,1.87%,P62877;Q16531
prerank,"Polycomb repressive complex 2.1, EZH1-RBBP4-PCL1-EPOP variant",0.9896593919949692,1.1486924461413397,0.05268817204301075,0.2945388165265153,1.0,1/6,1.03%,Q09028
prerank,RB1-E2F2-DP1 transcriptional repressor complex,0.9666666666666666,1.1485956717613073,0.1306179775280899,0.29485956658504736,1.0,2/3,3.38%,Q14186;P06400
prerank,"Polycomb repressive complex 2.1, EZH1-RBBP4-PCL3-PALI1 variant",0.9896593919949692,1.1485308366509226,0.04673913043478261,0.294749201812618,1.0,1/6,1.03%,Q09028
prerank,U4/U6 small nuclear ribonucleoprotein complex,0.9642276422764228,1.1482680605047149,0.1523545706371191,0.296446471561162,1.0,1/3,3.60%,Q8WWY3
prerank,Methylcrotonyl-CoA carboxylase complex,0.964769647696477,1.1480934844825037,0.14226519337016574,0.29727232557281014,1.0,1/3,3.55%,CHEBI:57586
prerank,"Calcineurin-Calmodulin-AKAP5 complex, gamma-R2 variant",0.9888048042467101,1.1479654172534526,0.0611353711790393,0.29779073903613595,1.0,2/6,0.30%,CHEBI:29105;CHEBI:29108
prerank,"Non-canonical polycomb repressive complex 1.3, RING2-YAF2-CKIIA2 variant",0.9702479112239242,1.1478215329717898,0.1266816143497758,0.2984047031802445,1.0,2/5,3.01%,Q99496;Q8IY57
prerank,"CRL4-DCAF15 E3 ubiquitin ligase complex, CUL4B variant ",0.9722610811474278,1.1476141824451886,0.1262683201803833,0.29954583810591306,1.0,2/5,1.87%,P62877;Q16531
prerank,"Polycomb repressive complex 2.1,EZH2-RBBP4-PCL3-PALI1 variant",0.9896593919949692,1.1472318677735986,0.05343511450381679,0.30255283501592156,1.0,1/6,1.03%,Q09028
prerank,"Calcineurin-Calmodulin-AKAP5 complex, alpha-R1 variant",0.9888048042467101,1.1471661114788843,0.06573275862068965,0.30238750312762963,1.0,2/6,0.30%,CHEBI:29105;CHEBI:29108
prerank,"Polycomb repressive complex 2.1, EZH2-RBBP4-PCL1-EPOP variant",0.9896593919949692,1.1470753347183162,0.061356297093649086,0.30261973482611554,1.0,1/6,1.03%,Q09028
prerank,"Non-canonical polycomb repressive complex 1.3, RING2-YAF2-CKIIA1 variant",0.9702479112239242,1.1466672621234133,0.12457912457912458,0.3055350906931239,1.0,2/5,3.01%,Q99496;Q8IY57
prerank,Mitochondrial propionyl-CoA carboxylase complex,0.9731028375352975,1.146629434777958,0.12045169385194479,0.3051434340628828,1.0,1/4,0.24%,CHEBI:18420
prerank,"Polycomb repressive complex 2.1, EZH1-RBBP7-PCL2-PALI1 variant",0.9817750340773123,1.146521443446855,0.08884073672806067,0.30533507401019233,1.0,1/6,1.73%,Q16576
prerank,Myb-MuvB-FOXM1 transcriptional activation complex,0.989376168218149,1.1462143670608544,0.056485355648535567,0.30743137310062585,1.0,1/7,1.03%,Q09028
prerank,"Polycomb repressive complex 2.1, EZH1-RBBP4-PCL3-EPOP variant",0.9896593919949692,1.146068194982094,0.05501618122977346,0.3080884204299889,1.0,1/6,1.03%,Q09028
prerank,KEOPS tRNA N6-adenosine threonylcarbamoyltransferase complex,0.9834553837808516,1.1460188819813666,0.08991228070175439,0.3078379909785974,1.0,1/6,1.68%,CHEBI:60240
prerank,"SCF E3 ubiquitin ligase complex, FBXW8-CUL7 variant",0.9763027125092968,1.1456770947805186,0.11577752553916004,0.3102022042843195,1.0,2/5,1.00%,P62877;P63208
prerank,"Calcineurin-Calmodulin-AKAP5 complex, alpha-R2 variant",0.9888048042467101,1.1453065953279646,0.0681081081081081,0.3129837810588686,1.0,2/6,0.30%,CHEBI:29105;CHEBI:29108
prerank,"Non-canonical polycomb repressive complex 1.3, RING1-RYBP-CKIIA1 variant",0.9705189616614347,1.145283525212961,0.1328125,0.31241443419969656,1.0,2/5,2.98%,Q06587;Q8N488
prerank,"TREX-2 transcription-export complex, CETN2 variant",0.9744945802943146,1.145175828098066,0.1156930126002291,0.312556396030135,1.0,3/5,2.63%,Q9NPA8;P60896;P41208
prerank,"Non-canonical polycomb repressive complex 1.3, RING1-YAF2-CKIIA1-A2 variant",0.9702477468266558,1.1451294387503206,0.12263099219620958,0.3122535825372716,1.0,2/5,3.01%,Q06587;Q8IY57
prerank,ABCB10-ABCB7-FECH ABC transporter ,0.9728923827595555,1.1451081408162924,0.12836185819070906,0.31167171834711604,1.0,1/4,2.73%,CHEBI:190135
prerank,Shieldin complex,0.9734345351043643,1.145079443935769,0.1288782816229117,0.311181549532334,1.0,1/4,2.68%,Q9UI95
prerank,DNA polymerase zeta complex,0.9736353460911659,1.1450296769735013,0.10698198198198199,0.3109154805327487,1.0,2/5,2.68%,CHEBI:49883;Q9UI95
prerank,NELF negative elongation factor complex ,-0.5565193819463269,-1.1449149199526656,0.27439024390243905,0.35754211469094643,1.0,4/4,100.00%,Q8WX92;Q8IXH7;P18615;Q9H3P2
prerank,"Non-canonical polycomb repressive complex 1.3, RING1-RYBP-CKIIA2 variant",0.9705189616614347,1.144895496974936,0.13280363223609534,0.3113326119505233,1.0,2/5,2.98%,Q06587;Q8N488
prerank,"Polycomb repressive complex 2.1, EZH2-RBBP4-PCL3-EPOP variant",0.9896593919949692,1.1448400896843123,0.06290672451193059,0.3111531351929573,1.0,1/6,1.03%,Q09028
prerank,PAQosome co-chaperone complex,0.9750542299349241,1.1446159665581823,0.12457912457912458,0.31263242982437,1.0,1/5,2.52%,P19388
prerank,RFX gene regulatory complex,-0.581029810298103,-1.1445757767150893,0.23591549295774647,0.35399958243007,1.0,3/3,100.00%,O00287;O14593;P48382
prerank,"Polycomb repressive complex 2.2, EZH1-RBBP7 variant",0.9818077705936632,1.1443740723039952,0.09081081081081081,0.31401429283664567,1.0,1/6,1.73%,Q16576
prerank,"Box C/D snoRNA-Guided RNP methyltransferase complex, FBLL1 variant",0.9867848889821286,1.1443320760010238,0.0697928026172301,0.31366218274174856,1.0,1/6,0.05%,P55769
prerank,"Non-canonical polycomb repressive complex 1.5, RING1-RYBP-CKIIA1-A2 variant",0.9705189616614347,1.1442872363979002,0.11950394588500564,0.31326799730234245,1.0,2/5,2.98%,Q06587;Q8N488
prerank,"Brain-specific SWI/SNF ATP-dependent chromatin remodeling complex, ARID1A-SMARCA4 variant",0.9893718044891302,1.143986769108854,0.05268595041322314,0.31512368208661334,1.0,1/8,0.84%,P60709
prerank,pre-mRNA cleavage and polyadenylation specificity factor complex,0.9999660118188214,1.1439164986788826,0.0010319917440660474,0.31502235168643167,1.0,1/8,0.03%,CHEBI:29105
prerank,"Polycomb repressive complex 2.1,EZH2-RBBP7-PCL2-PALI1 variant",0.9817750340773123,1.143546601492231,0.08676789587852494,0.3176213608242176,1.0,1/6,1.73%,Q16576
prerank,"Non-canonical polycomb repressive complex 1.5, RING1-RYBP-CKIIA2 variant",0.9705189616614347,1.143510982243676,0.11877828054298642,0.3172343765020797,1.0,2/5,2.98%,Q06587;Q8N488
prerank,"Non-canonical polycomb repressive complex 1.5, RING1-RYBP-CKIIA1 variant",0.9705189616614347,1.143494611753601,0.12263099219620958,0.31661528522040816,1.0,2/5,2.98%,Q06587;Q8N488
prerank,"Non-canonical polycomb repressive complex 1.5, RING1-YAF2-CKIIA1 variant",0.9702477468266558,1.1434097291317389,0.12053571428571429,0.3166078286298753,1.0,2/5,3.01%,Q06587;Q8IY57
prerank,"Non-canonical polycomb repressive complex 1.5, RING1-YAF2-CKIIA2 variant",0.9702477468266558,1.1433084833827651,0.11664779161947905,0.31680792203445557,1.0,2/5,3.01%,Q06587;Q8IY57
prerank,B-WICH chromatin remodelling complex,0.995656894679696,1.143260640888318,0.029561671763506627,0.31642637867102347,1.0,2/9,0.49%,O75533;O60264
prerank,"Polycomb repressive complex 2.1, EZH1-RBBP7-PCL3-PALI1 variant",0.9817750340773123,1.1430931951673695,0.08620689655172414,0.3171650442596436,1.0,1/6,1.73%,Q16576
prerank,"Polycomb repressive complex 2.1, EZH1-RBBP7-PCL1-PALI1 variant",0.9817750340773123,1.1430312305695154,0.08756756756756756,0.31699051970172665,1.0,1/6,1.73%,Q16576
prerank,"Polycomb repressive complex 2.1, EZH2-RBBP7-PCL1-PALI1 variant",0.9817750340773123,1.142796867804802,0.08639308855291576,0.3184065573704424,1.0,1/6,1.73%,Q16576
prerank,"Non-canonical polycomb repressive complex 1.5, RING1-YAF2-CKIIA1-A2 variant",0.9702477468266558,1.1427809683613992,0.11586051743532058,0.31781970191435005,1.0,2/5,3.01%,Q06587;Q8IY57
prerank,"Non-canonical polycomb repressive complex 1.3, RING1-RYBP-CKIIA1-A2 variant",0.9705189616614347,1.142723099697415,0.12935883014623173,0.3176199178633094,1.0,2/5,2.98%,Q06587;Q8N488
prerank,"Brain-specific SWI/SNF ATP-dependent chromatin remodeling complex, ARID1A-SMARCA2 variant",0.9895484479246107,1.1427164936639633,0.06198347107438017,0.3169553339978265,1.0,1/8,0.84%,P60709
prerank,AHNAK - Annexin A2 - S100-A10 complex,0.968689588028195,1.1425699074772948,0.13653136531365315,0.3175460879467403,1.0,1/4,0.30%,CHEBI:29108
prerank,"Polycomb repressive complex 2.2, EZH2-RBBP7 variant",0.9818077705936632,1.1425051615512007,0.09617486338797815,0.31732348745366423,1.0,1/6,1.73%,Q16576
prerank,SHOC2-HRAS-PPP1CA complex,0.9751817390697705,1.1424798366707258,0.11023622047244094,0.316812486394069,1.0,3/5,2.55%,CHEBI:29035;CHEBI:37565;P01112
prerank,"Non-canonical polycomb repressive complex 1.5, RING2-YAF2-CKIIA2 variant",0.9702479112239242,1.142048501498968,0.12040133779264214,0.3198231273598568,1.0,2/5,3.01%,Q99496;Q8IY57
prerank,"Box C/D snoRNA-guided RNP methyltransferase complex, FBL variant",0.9862722167394713,1.141910773007873,0.06608884073672806,0.3203922769434721,1.0,1/6,0.05%,P55769
prerank,"Polycomb repressive complex 2.1, EZH2-RBBP7-PCL2-EPOP variant",0.9817750340773123,1.1417717398896565,0.09924487594390508,0.3209048221933027,1.0,1/6,1.73%,Q16576
prerank,BRISC-SHMT2 complex,0.9820236264478434,1.141371784478205,0.10173160173160173,0.32361644654342936,1.0,1/6,0.03%,CHEBI:29105
prerank,"Brain-specific SWI/SNF ATP-dependent chromatin remodeling complex, ARID1B-SMARCA4 variant",0.9894047244993502,1.1412978889805776,0.061076604554865424,0.32354470976790717,1.0,1/8,0.84%,P60709
prerank,"Polycomb repressive complex 2.1,EZH2-RBBP7-PCL3-PALI1 variant",0.9817750340773123,1.1408156342352604,0.08714596949891068,0.3269802873521898,1.0,1/6,1.73%,Q16576
prerank,"Non-canonical polycomb repressive complex 1.3, RING2-YAF2-CKIIA1-A2 variant",0.9702479112239242,1.1407021658555592,0.12598425196850394,0.32730318143333026,1.0,2/5,3.01%,Q99496;Q8IY57
prerank,"Polycomb repressive complex 2.1, EZH1-RBBP7-PCL2-EPOP variant",0.9817750340773123,1.1405151056230074,0.09782608695652174,0.3281834688234417,1.0,1/6,1.73%,Q16576
prerank,"Brain-specific SWI/SNF ATP-dependent chromatin remodeling complex, ARID1B-SMARCA2 variant",0.9895813795952604,1.1403614536194175,0.0703205791106515,0.32882470409024855,1.0,1/8,0.84%,P60709
prerank,"Non-canonical polycomb repressive complex 1.5, RING2-YAF2-CKIIA1 variant",0.9702479112239242,1.1399391287385017,0.12057522123893805,0.3317320813257085,1.0,2/5,3.01%,Q99496;Q8IY57
prerank,"Non-canonical polycomb repressive complex 1.3, RING2-RYBP-CKIIA2 variant",0.9705191259499797,1.1396258300845974,0.1323529411764706,0.3337167160998593,1.0,2/5,2.98%,Q99496;Q8N488
prerank,"Polycomb repressive complex 2.1, EZH2-RBBP7-PCL1-EPOP variant",0.9817750340773123,1.1393900507562063,0.09925293489861259,0.33503034056454173,1.0,1/6,1.73%,Q16576
prerank,Mitochondrial 2-oxoglutarate dehydrogenase complex,0.9785733658801193,1.1393369498995694,0.10871905274488698,0.3347762316378808,1.0,3/6,2.22%,CHEBI:57692;CHEBI:58937;P09622
prerank,"Non-canonical polycomb repressive complex 1.3, RING2-RYBP-CKIIA1 variant",0.9705191259499797,1.1389737919689602,0.1329608938547486,0.3370073300820957,1.0,2/5,2.98%,Q99496;Q8N488
prerank,COP9 signalosome variant 1,0.9999975216170289,1.1389663865517923,0.0,0.336326534638796,1.0,1/9,0.03%,CHEBI:29105
prerank,tRNA-splicing ligase complex,0.994572591587517,1.138945695706559,0.047569803516028956,0.3357585226922027,1.0,1/8,0.57%,CHEBI:29035
prerank,"STRIPAK complex, STRIP1-STRN variant",0.9845185747132504,1.1384962093884705,0.08421052631578947,0.33864708005309835,1.0,3/7,1.62%,CHEBI:29035;P30153;P67775
prerank,"Non-canonical polycomb repressive complex 1.5, RING2-YAF2-CKIIA1-A2 variant",0.9702479112239242,1.1382956586868476,0.12008978675645342,0.3395525972580258,1.0,2/5,3.01%,Q99496;Q8IY57
prerank,COP9 signalosome variant 2,0.9999975216170289,1.1382050454400112,0.0,0.3396359147006758,1.0,1/9,0.03%,CHEBI:29105
prerank,"Polycomb repressive complex 2.1, EZH1-RBBP7-PCL1-EPOP variant",0.9817750340773123,1.1381923019373654,0.09646302250803858,0.33903489516050583,1.0,1/6,1.73%,Q16576
prerank,"STRIPAK complex, STRIP1-STRN4 variant",0.9845185747132504,1.1381076464221997,0.08668076109936575,0.33903158993776983,1.0,3/7,1.62%,CHEBI:29035;P30153;P67775
prerank,iNOS-S100A8/A9 complex,0.9520325203252032,1.1379677065682798,0.16184971098265896,0.33937706438439025,1.0,2/3,4.85%,P05109;P06702
prerank,"Cleavage stimulation factor complex, CSTF2T variant",0.9531165311653116,1.137874703941521,0.1829608938547486,0.3394012566754354,1.0,2/3,4.74%,Q12996;Q05048
prerank,Sm complex,0.9807379272924577,1.1377628708921204,0.09717868338557993,0.33961775271406264,1.0,7/7,2.11%,P62304;P62318;P62306;P14678;P62308;P62314;P62316
prerank,"Phagocyte NADPH oxidase complex, RAC3 variant",0.9891240122754731,1.1375503574695858,0.05846153846153846,0.3406270640594951,1.0,2/8,1.14%,CHEBI:57692;CHEBI:37565
prerank,"Non-canonical polycomb repressive complex 1.5, RING2-RYBP-CKIIA2 variant",0.9705191259499797,1.1372500947680784,0.12260967379077616,0.3423049617207472,1.0,2/5,2.98%,Q99496;Q8N488
prerank,"STRIPAK complex, STRIP1-STRN3 variant",0.9845185747132504,1.137201004937443,0.08148148148148149,0.341991652092206,1.0,3/7,1.62%,CHEBI:29035;P30153;P67775
prerank,"Polycomb repressive complex 2.1, EZH1-RBBP7-PCL3-EPOP variant",0.9817750340773123,1.1371967981909437,0.09344790547798067,0.34128649370167113,1.0,1/6,1.73%,Q16576
prerank,"Non-canonical polycomb repressive complex 1.5, RING2-RYBP-CKIIA1 variant",0.9705191259499797,1.1370509561346,0.12513842746400886,0.34168474977024227,1.0,2/5,2.98%,Q99496;Q8N488
prerank,"Non-canonical polycomb repressive complex 1.5, RING2-RYBP-CKIIA1-A2 variant",0.9705191259499797,1.1370314235074823,0.1245753114382786,0.3411129551993799,1.0,2/5,2.98%,Q99496;Q8N488
prerank,"Polycomb repressive complex 2.1, EZH2-RBBP7-PCL3-EPOP variant",0.9817750340773123,1.1368955683008706,0.09782608695652174,0.34144285538021707,1.0,1/6,1.73%,Q16576
prerank,"Phagocyte NADPH oxidase complex, RAC2 variant",0.9891240122754731,1.136595001315977,0.057971014492753624,0.34312091021244207,1.0,2/8,1.14%,CHEBI:57692;CHEBI:37565
prerank,CoQ biosynthetic complex,0.9959294436906377,1.1360585002684336,0.018480492813141684,0.346665796005307,1.0,1/8,0.43%,CHEBI:57692
prerank,General transcription factor TFIIH complex,0.9980988593155894,1.1354595129350424,0.012096774193548387,0.35060472721687347,1.0,1/11,0.22%,CHEBI:49883
prerank,"STRIPAK complex, STRIP2-STRN4 variant",0.9845185747132504,1.1351856374448692,0.09263157894736843,0.35204447175372905,1.0,3/7,1.62%,CHEBI:29035;P30153;P67775
prerank,"Non-canonical polycomb repressive complex 1.3, RING2-RYBP-CKIIA1-A2 variant",0.9705191259499797,1.1351070556996765,0.13340935005701254,0.3519637819131372,1.0,2/5,2.98%,Q99496;Q8N488
prerank,Eukaryotic translation initiation factor 3 complex,-0.43179347826086956,-1.135,0.0,0.3630393765044487,1.0,13/13,100.00%,Q9UBQ5;Q14152;O00303;Q99613;Q9Y262;Q7L2H7;P60228;Q13347;P55884;O15371;O15372;O75821;O75822
prerank,NuRF chromatin remodeling complex,0.9639468690702087,1.134960798413782,0.16160388821385177,0.35235141908595885,1.0,3/4,3.68%,Q09028;Q16576;P28370
prerank,"STRIPAK complex, STRIP2-STRN variant",0.9845185747132504,1.134877804196139,0.08986415882967608,0.3523000423761349,1.0,3/7,1.62%,CHEBI:29035;P30153;P67775
prerank,"STRIPAK complex, STRIP2-STRN3 variant",0.9845185747132504,1.1345821426459104,0.08709338929695698,0.35386072614057446,1.0,3/7,1.62%,CHEBI:29035;P30153;P67775
prerank,"Histone-lysine N-methyltransferase complex, KMT2D variant",0.9951527494896104,1.1343950402279384,0.024266936299292215,0.35460502062242266,1.0,2/10,0.14%,CHEBI:29105;P61964
prerank,"Phagocyte NADPH oxidase complex, RAC1 variant",0.9891240122754731,1.1338683958672708,0.058823529411764705,0.35794759295598017,1.0,2/8,1.14%,CHEBI:57692;CHEBI:37565
prerank,SMARCA3 - Annexin A2 - S100-A10 complex,0.9514905149051491,1.1337632050378652,0.18862690707350901,0.35803421837826277,1.0,2/3,4.90%,P07355;P60903
prerank,ASAP splicing-associated complex,0.9523035230352304,1.1335038213669362,0.1700960219478738,0.3593853730361944,1.0,2/3,4.82%,Q15287;O00422
prerank,SNIP1/SkIP associated RNA-processing complex,0.9650216919739698,1.1329160584991829,0.1723744292237443,0.3631768032427358,1.0,3/5,3.57%,Q13573;Q9H307;Q8TAD8
prerank,Intron-binding complex ,0.9689347244838273,1.1326765104024579,0.16308040770101925,0.3642985638178115,1.0,3/5,3.09%,Q9UNP9;O60306;Q9HCS7
prerank,"Cleavage stimulation factor complex, CSTF2 variant",0.9533875338753388,1.1325965303300551,0.18457300275482094,0.3642079097777146,1.0,3/3,4.74%,P33240;Q12996;Q05048
prerank,"Histone-lysine N-methyltransferase complex, KMT2C variant",0.9951527494896104,1.1324376341921667,0.02327935222672065,0.3647862772268848,1.0,2/10,0.14%,CHEBI:29105;P61964
prerank,AP-1 transcription factor complex FOS-JUN-NFATC2,0.9495934959349595,1.1313452733770364,0.1693548387096774,0.3725730342260896,1.0,2/3,5.09%,P05412;P01100
prerank,BRCA1-PALB2-BRCA2 homologous recombination DNA repair complex,0.9517615176151762,1.1311915550772276,0.18169209431345354,0.3730696866485368,1.0,2/3,4.87%,P38398;P51587
prerank,Mitochondrial NIAUFX iron-sulfur cluster assembly complex ,0.9777536625067825,1.1311636426750649,0.1297071129707113,0.3725463348536183,1.0,2/7,2.27%,O14561;CHEBI:597326
prerank,Shelterin complex,0.9772172497965825,1.130267996059792,0.1180327868852459,0.3786907475737751,1.0,1/6,2.30%,Q15554
prerank,"Non-canonical polycomb repressive complex 1.1, RING1-PCGF1-YAF2 variant",0.961678127100762,1.1301764167372261,0.18743228602383533,0.3787093668835505,1.0,3/6,3.01%,P63208;Q06587;Q8IY57
prerank,PSAP splicing-associated complex,0.9525745257452576,1.1294640271253695,0.16620498614958448,0.38343801212811746,1.0,3/3,4.82%,Q9H307;Q15287;O00422
prerank,SF3A complex,0.942818428184282,1.1292140732580263,0.2030178326474623,0.38456042638476245,1.0,3/3,5.79%,Q12874;Q15428;Q15459
prerank,"Non-canonical polycomb repressive complex 1.6, RING1-YAF2 variant",0.9704333364033865,1.1287730110226215,0.18211206896551724,0.3872427947244638,1.0,2/6,3.01%,Q06587;Q8IY57
prerank,"Non-canonical polycomb repressive complex 1.6, RING1-RYBP variant",0.9707045607230733,1.1282504474573414,0.17818574514038876,0.39057100371543024,1.0,2/6,2.98%,Q06587;Q8N488
prerank,Gamma tubulin ring complex,0.9918544664675536,1.1282248969596347,0.05358948432760364,0.38996299547730506,1.0,1/10,0.84%,P60709
prerank,U7 small nuclear ribonucleoprotein complex,0.9812754409769333,1.1277666580341161,0.11637487126673532,0.39284598616090277,1.0,5/8,2.00%,P62304;P62318;P62306;P14678;P62308
prerank,"Non-canonical polycomb repressive complex 1.6, RING2-YAF2 variant",0.9704333391861725,1.1275459154274041,0.1790722761596548,0.3938118755577507,1.0,2/6,3.01%,Q99496;Q8IY57
prerank,Dynactin complex,0.9918544664675536,1.1269886062478216,0.06008146639511202,0.3973859408152332,1.0,1/10,0.84%,P60709
prerank,KICSTOR complex,-0.5467606397397669,-1.126317503897252,0.26785714285714285,0.370931717466009,1.0,4/4,100.00%,Q969R8;Q96MD2;Q9Y664;Q5T011
prerank,BRCA1-A complex,0.9724509051950666,1.1262553286822459,0.17157894736842105,0.4024112160874162,1.0,2/7,1.11%,CHEBI:29105;CPX-715
prerank,"Non-canonical polycomb repressive complex 1.1, RING2-PCGF1-YAF2 variant",0.9616800313012356,1.126189739615428,0.194206008583691,0.4021112619707246,1.0,3/6,3.01%,P63208;Q99496;Q8IY57
prerank,Mitochondrial 2-oxoisovalerate dehydrogenase complex,0.9723277265328271,1.125504192582978,0.1357370095440085,0.4068474663462591,1.0,4/7,2.87%,CHEBI:57692;CHEBI:58937;P09622;CHEBI:83088
prerank,"Non-canonical polycomb repressive complex 1.1, RING1-PCGF1-RYBP variant",0.9619501047780284,1.1250805606166565,0.191512513601741,0.40944258263799455,1.0,3/6,2.98%,P63208;Q06587;Q8N488
prerank,"Exosome complex, DIS3 variant",0.997818571217187,1.1241744247445034,0.010131712259371834,0.4155693643395235,1.0,1/11,0.24%,CHEBI:18420
prerank,USP46 deubiquitinase complex,0.9493224932249323,1.1238690014903783,0.20383036935704515,0.41723081281015534,1.0,2/3,5.12%,Q8TAF3;Q8TBZ3
prerank,"Non-canonical polycomb repressive complex 1.6, RING2-RYBP variant",0.9707045635040185,1.1238257767715187,0.17768147345612134,0.41677797429387275,1.0,2/6,2.98%,Q99496;Q8N488
prerank,"Cytoplasmic exosome complex, DIS3L variant",0.997818571217187,1.122646833910776,0.0070921985815602835,0.42544485491924267,1.0,1/11,0.24%,CHEBI:18420
prerank,Interleukin-21 receptor-ligand complex,0.9387533875338754,1.121763131897271,0.22268326417704012,0.43183494899756536,1.0,1/3,6.15%,P31785
prerank,"Mitochondrial pyruvate dehydrogenase complex, somatic variant",0.9728609117036772,1.1213656252896165,0.13431269674711438,0.4342207066835427,1.0,6/8,2.87%,CHEBI:16238;CHEBI:58937;P11177;P08559;P09622;CHEBI:83088
prerank,E3 ligase (RANBP2) complex,0.9349593495934959,1.121285067471508,0.2225201072386059,0.43404319594789603,1.0,1/3,6.53%,P49792
prerank,Interleukin-35 receptor ligand type 1 complex,0.9344173441734417,1.1209345377497584,0.2220609579100145,0.4360621967437215,1.0,1/3,6.58%,P40189
prerank,"Nucleolar exosome complex, EXOSC10 variant",0.9978183296479002,1.1208261050926402,0.010131712259371834,0.4361408858145002,1.0,1/11,0.24%,CHEBI:18420
prerank,"GBAF (SWI/SNF) ATP-dependent chromatin remodeling complex, ACTL6B-BICRA-SMARCA2 variant",0.989037084655597,1.1202911648789957,0.06854838709677419,0.4394006453500024,1.0,1/11,0.84%,P60709
prerank,"GBAF (SWI/SNF) ATP-dependent chromatin remodeling complex, ACTL6B-BICRA-SMARCA4 variant",0.988860619886557,1.1200120765023924,0.06659939455095863,0.44078837190528763,1.0,1/11,0.84%,P60709
prerank,"GBAF (SWI/SNF) ATP-dependent chromatin remodeling complex, ACTL6B-BICRAL-SMARCA4 variant",0.988860619886557,1.1195283167557226,0.06767676767676768,0.4439463842876816,1.0,1/11,0.84%,P60709
prerank,"GBAF (SWI/SNF) ATP-dependent chromatin remodeling complex, ACTL6B-BICRAL-SMARCA2 variant",0.989037084655597,1.1193419075763997,0.07171717171717172,0.44453823235275236,1.0,1/11,0.84%,P60709
prerank,Mitochondrial respiratory chain complex II,0.9755264691836757,1.1180651204990528,0.15061475409836064,0.4538982817105654,1.0,2/9,0.43%,CHEBI:49883;CHEBI:57692
prerank,"DREAM transcriptional repressor complex, RBL1 variant",0.9816024040630185,1.1177641448372662,0.11448834853090173,0.4553357675725935,1.0,2/10,1.84%,Q09028;Q14186
prerank,"DREAM transcriptional repressor complex, RBL2 variant",0.9816024040630185,1.116940905395962,0.12246963562753037,0.4608596586179785,1.0,2/10,1.84%,Q09028;Q14186
prerank,"SWI/SNF ATP-dependent chromatin remodeling complex, ACTL6B-ARID1A-SMARCA4 variant",0.9867480982080347,1.1168405370890861,0.08032128514056225,0.46072671013962885,1.0,1/11,0.84%,P60709
prerank,"SWI/SNF ATP-dependent chromatin remodeling complex, ACTL6B-ARID1A-SMARCA2 variant",0.986923815894957,1.1166310983620333,0.08341708542713568,0.46145419716065333,1.0,1/11,0.84%,P60709
prerank,"Nuclear exosome complex, DIS3-EXOSC10 variant",0.9978177393919342,1.1164760314301854,0.011099899091826439,0.4617726866012613,1.0,1/12,0.24%,CHEBI:18420
prerank,"Histone-lysine N-methyltransferase complex, KMT2A variant",0.9773677674438461,1.1162532633646878,0.1558974358974359,0.46261602653271916,1.0,3/9,0.68%,CHEBI:29105;P61964;O00255
prerank,"Non-canonical polycomb repressive complex 1.1, RING2-PCGF1-RYBP variant",0.9619521128425356,1.1161904250114754,0.20783460282916214,0.4622400185039803,1.0,3/6,2.98%,P63208;Q99496;Q8N488
prerank,Interleukin-7 mIL7R-IL2RG receptor-ligand signalling complex,0.9339456952261831,1.1158145473295886,0.24475524475524477,0.4642040698670142,1.0,1/3,6.15%,P31785
prerank,"Histone-lysine N-methyltransferase complex, KMT2B variant",0.9773677674438461,1.1154966333508725,0.15934627170582227,0.465629358166491,1.0,3/9,0.68%,CHEBI:29105;P61964;O00255
prerank,"Cytoplasmic exosome complex, DIS3L-EXOSC10 variant",0.9978177393919342,1.1154416982189976,0.00808080808080808,0.4651424913020659,1.0,1/12,0.24%,CHEBI:18420
prerank,Interferon omega receptor-ligand complex,0.9322493224932249,1.1150488680090058,0.2356948228882834,0.46732276238627807,1.0,2/3,6.82%,P17181;P48551
prerank,Interferon beta receptor-ligand complex,0.9322493224932249,1.1150243391578538,0.2544951590594744,0.46664746033358995,1.0,2/3,6.82%,P17181;P48551
prerank,"Mitochondrial pyruvate dehydrogenase complex, testis-specific variant",0.9725893987318944,1.1149049110649494,0.153125,0.4666805853904854,1.0,5/8,2.87%,CHEBI:16238;CHEBI:58937;P11177;P09622;CHEBI:83088
prerank,Mitochondrial respiratory chain complex III,0.9921217060581364,1.114868737470882,0.04627766599597585,0.46606021299172634,1.0,1/12,0.81%,CHEBI:49601
prerank,Interleukin-7 sIL7RA-IL2RG receptor-ligand potentiating complex,0.9339456952261831,1.1146263484085606,0.24753867791842477,0.46699383370392744,1.0,1/3,6.15%,P31785
prerank,Nexin-dynein regulatory complex,0.9847908745247148,1.1140296598487087,0.08726178535606821,0.4705420220076953,1.0,1/11,1.54%,Q8NEE6
prerank,"Interferon alpha receptor-ligand complex, IFNA4 variant",0.9322493224932249,1.11355226968757,0.24691358024691357,0.47317676678483994,1.0,2/3,6.82%,P17181;P48551
prerank,"Neural progenitor-specific SWI/SNF ATP-dependent chromatin remodeling complex, ARID1A-SMARCA4 variant",0.9848939834124384,1.1135175338593686,0.10909090909090909,0.4725306490392356,1.0,2/11,1.22%,P60709;O96019
prerank,"Neural progenitor-specific SWI/SNF ATP-dependent chromatin remodeling complex, ARID1A-SMARCA2 variant",0.9850184880689012,1.113487478446928,0.10898082744702321,0.47187271972333666,1.0,2/11,1.22%,P60709;O96019
prerank,Multiaminoacyl-tRNA synthetase complex,0.9845192829983704,1.113448931959914,0.09879032258064516,0.47126380866193424,1.0,1/11,1.57%,P07814
prerank,NSL histone acetyltransferase complex,0.9733984799131379,1.11341092019966,0.15843621399176955,0.47064905754282454,1.0,5/9,2.79%,P61964;O15294;Q96EZ8;P51610;Q9H7Z6
prerank,"SWI/SNF ATP-dependent chromatin remodeling complex, ACTL6B-ARID1B-SMARCA4 variant",0.9867808457042564,1.1132850468134625,0.0898989898989899,0.47062784974562777,1.0,1/11,0.84%,P60709
prerank,GCN5-containing ATAC complex,0.9852189858713273,1.1131665491308258,0.1062753036437247,0.4706248486869323,1.0,4/10,1.16%,P61964;O75528;Q96ES7;Q92830
prerank,"SWI/SNF ATP-dependent chromatin remodeling complex, ACTL6B-ARID1B-SMARCA2 variant",0.9869565749600624,1.113133979352404,0.09384460141271443,0.46998047352448635,1.0,1/11,0.84%,P60709
prerank,METTL1-WDR4 tRNA (guanine-N(7)-)-methyltransferase complex,0.9314363143631436,1.1131029316969858,0.24859550561797752,0.46936655571959607,1.0,1/3,6.88%,CHEBI:59789
prerank,PCAF-containing ATAC complex,0.9849259773371605,1.1130509224961134,0.10141987829614604,0.46891113688529545,1.0,4/10,1.19%,P61964;O75528;Q96ES7;Q92831
prerank,Complement factor I-H-C3b complex,0.9252032520325203,1.1129684833558606,0.25925925925925924,0.4686713378614373,1.0,1/3,7.50%,CPX-973
prerank,"Muscle cell-specific SWI/SNF ATP-dependent chromatin remodeling complex, ACTL6B-ARID1A-SMARCA2 variant",0.9868215379450747,1.1127916653436567,0.0811623246492986,0.46919087812912963,1.0,1/12,0.84%,P60709
prerank,PCAF histone acetylase complex,0.9842149698027637,1.1127274654406722,0.08934010152284264,0.46878408647872755,1.0,6/10,1.44%,Q9Y4A5;O75528;Q92831;Q16594;Q12962;Q16514
prerank,"GBAF (SWI/SNF) ATP-dependent chromatin remodeling complex, ACTL6A-BICRAL-SMARCA2 variant",0.9864363646172625,1.1125202312244036,0.10425101214574899,0.4692677281146536,1.0,2/11,1.22%,P60709;O96019
prerank,"Interferon alpha receptor-ligand complex, IFNA10 variant",0.9322493224932249,1.1124898512471348,0.254421768707483,0.46861611689524946,1.0,2/3,6.82%,P17181;P48551
prerank,"Muscle cell-specific SWI/SNF ATP-dependent chromatin remodeling complex, ACTL6B-ARID1A-SMARCA4 variant",0.98664585559363,1.1124099928113287,0.07715430861723446,0.4683393890252947,1.0,1/12,0.84%,P60709
prerank,"GBAF (SWI/SNF) ATP-dependent chromatin remodeling complex, ACTL6A-BICRA-SMARCA2 variant",0.9864363646172625,1.1123860477076237,0.09605662285136501,0.46763642334330424,1.0,2/11,1.22%,P60709;O96019
prerank,"GBAF (SWI/SNF) ATP-dependent chromatin remodeling complex, ACTL6A-BICRAL-SMARCA4 variant",0.9863115054964959,1.1117815074554276,0.10393541876892028,0.4710308641466075,1.0,2/11,1.22%,P60709;O96019
prerank,"Interferon alpha receptor-ligand complex, IFNA5 variant",0.9322493224932249,1.111459486285476,0.24859550561797752,0.47256839470307616,1.0,2/3,6.82%,P17181;P48551
prerank,"SWI/SNF ATP-dependent chromatin remodeling complex, ACTL6A-ARID1A-SMARCA2 variant",0.9849402518001846,1.1113985749039592,0.11189516129032258,0.4721173710801034,1.0,2/11,1.22%,P60709;O96019
prerank,"GBAF (SWI/SNF) ATP-dependent chromatin remodeling complex, ACTL6A-BICRA-SMARCA4 variant",0.9863115054964959,1.1111367198642272,0.09879032258064516,0.4731231171876366,1.0,2/11,1.22%,P60709;O96019
prerank,"Interferon alpha receptor-ligand complex, IFNA21 variant",0.9322493224932249,1.1109192299436823,0.2442953020134228,0.4737508559390484,1.0,2/3,6.82%,P17181;P48551
prerank,"SWI/SNF ATP-dependent chromatin remodeling complex, ACTL6A-ARID1A-SMARCA4 variant",0.9848157666878559,1.1107832823170483,0.10786290322580645,0.4738441151391879,1.0,2/11,1.22%,P60709;O96019
prerank,"Muscle cell-specific SWI/SNF ATP-dependent chromatin remodeling complex, ACTL6B-ARID1B-SMARCA2 variant",0.9868542904218937,1.1103691067889387,0.09054325955734406,0.4758942164040965,1.0,1/12,0.84%,P60709
prerank,"Neural progenitor-specific SWI/SNF ATP-dependent chromatin remodeling complex, ARID1B-SMARCA4 variant",0.984917187605926,1.1103571652628774,0.11550151975683891,0.4751215216548033,1.0,2/11,1.22%,P60709;O96019
prerank,Interleukin-10 receptor-ligand complex,0.9355013550135501,1.1103281926804114,0.26366120218579236,0.4744722442362399,1.0,1/3,6.47%,Q08334
prerank,"Interferon alpha receptor-ligand complex, IFNA16 variant",0.9322493224932249,1.1102757389017028,0.2547945205479452,0.4739593278212041,1.0,2/3,6.82%,P17181;P48551
prerank,"Neuron-specific SWI/SNF ATP-dependent chromatin remodeling complex, ARID1A-SMARCA2 variant",0.986961711875937,1.1098370783801415,0.08124373119358075,0.4761498663432121,1.0,1/12,0.84%,P60709
prerank,"Neuron-specific SWI/SNF ATP-dependent chromatin remodeling complex, ARID1A-SMARCA4 variant",0.9867859800242889,1.1098092127048842,0.07931726907630522,0.4755002774480007,1.0,1/12,0.84%,P60709
prerank,BRCC E3 ubiquitin ligase complex,0.9522647138595063,1.109755023262923,0.23333333333333334,0.47501725074422396,1.0,4/6,4.87%,P46736;Q9NXR7;P38398;P51587
prerank,"Muscle cell-specific SWI/SNF ATP-dependent chromatin remodeling complex, ACTL6B-ARID1B-SMARCA4 variant",0.9866785965050547,1.1097135111323502,0.08761329305135952,0.47450698689811793,1.0,1/12,0.84%,P60709
prerank,"Neural progenitor-specific SWI/SNF ATP-dependent chromatin remodeling complex, ARID1B-SMARCA2 variant",0.9850416980607518,1.1096832093531306,0.11526794742163801,0.4738752650437342,1.0,2/11,1.22%,P60709;O96019
prerank,"Interferon alpha receptor-ligand complex, IFNA1 variant",0.9322493224932249,1.1096119107107136,0.25314685314685315,0.47352258923516427,1.0,2/3,6.82%,P17181;P48551
prerank,U4 small nuclear ribonucleoprotein complex,0.9809885931558942,1.1095974835743851,0.1350806451612903,0.47279117480717237,1.0,8/11,2.11%,P55769;P62304;P62318;P62306;P14678;P62308;P62314;P62316
prerank,"SWI/SNF ATP-dependent chromatin remodeling complex, ACTL6A-ARID1B-SMARCA4 variant",0.9848389672390476,1.1094429861237638,0.11639676113360324,0.4730220860561454,1.0,2/11,1.22%,P60709;O96019
prerank,Interleukin-1 alpha decoy receptor-ligand type 2 complex,0.9276871762894583,1.1094276961119447,0.256198347107438,0.4722883609509893,1.0,1/3,6.66%,Q9NPH3
prerank,"Interferon alpha receptor-ligand complex, IFNA17 variant",0.9322493224932249,1.1090921740234945,0.2627939142461964,0.4737602132607313,1.0,2/3,6.82%,P17181;P48551
prerank,"SWI/SNF ATP-dependent chromatin remodeling complex, ACTL6A-ARID1B-SMARCA2 variant",0.9849634581483737,1.1089714079500592,0.12246963562753037,0.47375192640952185,1.0,2/11,1.22%,P60709;O96019
prerank,"Interferon alpha receptor-ligand complex, IFNA14 variant",0.9322493224932249,1.1086487993740837,0.2600276625172891,0.4750962759048016,1.0,2/3,6.82%,P17181;P48551
prerank,Interferon kappa receptor-ligand complex,0.9322493224932249,1.108415538729116,0.2612859097127223,0.47576368258395796,1.0,2/3,6.82%,P17181;P48551
prerank,"Neuron-specific SWI/SNF ATP-dependent chromatin remodeling complex, ARID1B-SMARCA2 variant",0.9869944735820502,1.1082896761077108,0.08853118712273642,0.4758031596456921,1.0,1/12,0.84%,P60709
prerank,Chaperonin-containing T-complex,-0.4420624151967436,-1.1081960424738977,0.17391304347826086,0.39295117028647164,1.0,8/8,100.00%,P17987;P40227;P48643;P49368;P50990;P50991;P78371;Q99832
prerank,"Muscle cell-specific SWI/SNF ATP-dependent chromatin remodeling complex, ACTL6A-ARID1A-SMARCA2 variant",0.9848661912501591,1.108102014975053,0.10742971887550201,0.47624371980947117,1.0,2/12,1.22%,P60709;O96019
prerank,"Neuron-specific SWI/SNF ATP-dependent chromatin remodeling complex, ARID1B-SMARCA4 variant",0.9868187301601196,1.1076549027368645,0.08669354838709678,0.47856637459335033,1.0,1/12,0.84%,P60709
prerank,"Histone-lysine N-methyltransferase complex, SET1A variant",0.9669273508143353,1.1076331268112214,0.20756646216768918,0.4779011068253808,1.0,2/9,2.14%,P61964;P51610
prerank,NineTeen Core complex,0.9620184481823114,1.107579143032396,0.2108626198083067,0.4774320524948503,1.0,5/7,3.93%,Q99459;O43660;Q9P013;O75934;Q9UMS4
prerank,"Polybromo-associated SWI/SNF ATP-dependent chromatin remodeling complex, ACTL6B variant",0.9871886296679521,1.1074559608299226,0.09018036072144289,0.47741006293725213,1.0,1/13,0.84%,P60709
prerank,MBD2/NuRD nucleosome remodeling and deacetylase complex,0.9836921510313017,1.1072585757795483,0.13039117352056168,0.4779379167027288,1.0,4/12,1.73%,Q09028;Q92769;Q13547;Q16576
prerank,"Muscle cell-specific SWI/SNF ATP-dependent chromatin remodeling complex, ACTL6A-ARID1A-SMARCA4 variant",0.9847417238449563,1.107149784958876,0.1035175879396985,0.477872055517535,1.0,2/12,1.22%,P60709;O96019
prerank,"Interferon alpha receptor-ligand complex, IFNA8 variant",0.9322493224932249,1.1069946192997848,0.26164383561643834,0.47813552810704524,1.0,2/3,6.82%,P17181;P48551
prerank,"Interferon alpha receptor-ligand complex, IFNA6 variant",0.9322493224932249,1.1066536983716606,0.25828729281767954,0.4795368216477358,1.0,2/3,6.82%,P17181;P48551
prerank,U1 small nuclear ribonucleoprotein complex ,0.980717001629549,1.1065883493948119,0.13052208835341367,0.47919276784826526,1.0,7/11,2.11%,P62304;P62318;P62306;P14678;P62308;P62314;P62316
prerank,"Muscle cell-specific SWI/SNF ATP-dependent chromatin remodeling complex, ACTL6A-ARID1B-SMARCA4 variant",0.9847649210962013,1.1065725619396707,0.11178247734138973,0.4784833809208522,1.0,2/12,1.22%,P60709;O96019
prerank,"Interferon alpha receptor-ligand complex, IFNA7 variant",0.9322493224932249,1.10651526617529,0.26265389876880985,0.47804570138260866,1.0,2/3,6.82%,P17181;P48551
prerank,"Muscle cell-specific SWI/SNF ATP-dependent chromatin remodeling complex, ACTL6A-ARID1B-SMARCA2 variant",0.9848893942971648,1.1064496066525897,0.11782477341389729,0.4776558559269834,1.0,2/12,1.22%,P60709;O96019
prerank,Interleukin-6-mIL6R-mIL6ST receptor-ligand classical signalling complex,0.9271002710027101,1.1059483616580519,0.2517482517482518,0.4801789275330429,1.0,2/3,7.34%,P40189;P05231
prerank,Interleukin-1 beta ligand-decoy receptor type 2 complex,0.9276871762894583,1.1059345488149088,0.25100671140939596,0.47945233617253463,1.0,1/3,6.66%,Q9NPH3
prerank,Interferon epsilon receptor-ligand complex,0.9322493224932249,1.1056119748902522,0.2613941018766756,0.48072605887062847,1.0,2/3,6.82%,P17181;P48551
prerank,Interleukin-1 alpha-membrane-bound receptor type 1 complex,0.9276871762894583,1.105036803063706,0.2822902796271638,0.4837266536756758,1.0,1/3,6.66%,Q9NPH3
prerank,"Interferon alpha receptor-ligand complex, IFNA2 variant",0.9322493224932249,1.1050365426977742,0.2465753424657534,0.4829168703362033,1.0,2/3,6.82%,P17181;P48551
prerank,"CCR4-NOT mRNA deadenylase complex, CNOT6-CNOT7 variant",0.9836859464919263,1.1044168126441452,0.1170534813319879,0.4862304591701128,1.0,2/12,1.68%,CHEBI:18420;CHEBI:60240
prerank,Interleukin-1 alpha-soluble receptor type 1 complex,0.9276871762894583,1.1044102988401654,0.289437585733882,0.4854576778566189,1.0,1/3,6.66%,Q9NPH3
prerank,MBD3/NuRD nucleosome remodeling and deacetylase complex,0.9836921510313017,1.103951213429643,0.13239719157472418,0.4875650514216446,1.0,4/12,1.73%,Q09028;Q92769;Q13547;Q16576
prerank,"CCR4-NOT mRNA deadenylase complex, CNOT6-CNOT8 variant",0.9836859464919263,1.1037270790977294,0.11971830985915492,0.48822079269165625,1.0,2/12,1.68%,CHEBI:18420;CHEBI:60240
prerank,Precursor interleukin-1 alpha-membrane-bound receptor type 1 complex,0.9241703737885545,1.1032176575299633,0.28416779431664413,0.49080519134128164,1.0,1/3,6.66%,Q9NPH3
prerank,"CCR4-NOT mRNA deadenylase complex, CNOT6L-CNOT7 variant",0.9836859464919263,1.1026784403796928,0.12072434607645875,0.49352480276059735,1.0,2/12,1.68%,CHEBI:18420;CHEBI:60240
prerank,eNoSc complex,-0.5558265582655827,-1.102569616170305,0.3018867924528302,0.3969331268183574,1.0,3/3,100.00%,O43159;O43463;Q96EB6
prerank,"CCR4-NOT mRNA deadenylase complex, CNOT6L-CNOT8 variant",0.9836859464919263,1.1022227519442607,0.12236710130391174,0.49565933533281525,1.0,2/12,1.68%,CHEBI:18420;CHEBI:60240
prerank,"Polybromo-associated SWI/SNF ATP-dependent chromatin remodeling complex, ACTL6A variant",0.9851246210907152,1.10181792417044,0.12048192771084337,0.4974547993318528,1.0,2/13,1.22%,P60709;O96019
prerank,Embryonic stem cell-specific SWI/SNF ATP-dependent chromatin remodeling complex,0.9853938719338233,1.1015284188960266,0.1185929648241206,0.4985615009326068,1.0,2/13,1.22%,P60709;O96019
prerank,Interleukin-26 receptor-ligand complex,0.9249322493224932,1.1013506634687689,0.27860026917900405,0.49885446599207783,1.0,2/3,7.55%,Q08334;Q9UHF4
prerank,mRNA cap guanine-N7 methyltransferase complex,0.9314363143631436,1.1008448736561258,0.2933709449929478,0.5013253957523299,1.0,1/3,6.88%,CHEBI:59789
prerank,Ripoptosome,0.9227642276422763,1.1001722241913146,0.2708618331053352,0.5049092126576507,1.0,1/3,7.74%,Q13546
prerank,Precursor interleukin-1 alpha-soluble receptor type 1 complex,0.9241703737885545,1.0999578023165038,0.296398891966759,0.5054674060077654,1.0,1/3,6.66%,Q9NPH3
prerank,Interleukin-1 beta ligand-membrane bound receptor type 1 complex,0.9241703737885545,1.0993687377809505,0.2813738441215324,0.5085782018776351,1.0,1/3,6.66%,Q9NPH3
prerank,Nuclear exosome targeting complex,0.9243902439024391,1.0991416241551002,0.2868965517241379,0.5092182344938407,1.0,1/3,7.58%,P42285
prerank,Interleukin-1 beta ligand-soluble receptor type 1 complex,0.9241703737885545,1.0976887024437036,0.29906542056074764,0.51743534367127,1.0,1/3,6.66%,Q9NPH3
prerank,TMEM219-Interleukin-13 decoy-receptor-ligand alpha 2 complex,0.9262872628726287,1.097029563188251,0.26855600539811064,0.5207384138644372,1.0,1/3,7.39%,P35225
prerank,"Retromer complex, VPS26B variant",0.9162307057853187,1.0963304692403304,0.27977839335180055,0.5242716544352404,1.0,1/3,7.31%,Q9UBQ0
prerank,Membrane bound interleukin-6 mIL6R receptor-ligand cluster-signalling complex,0.9235772357723577,1.0961840244816838,0.29499323410013534,0.524318969780497,1.0,1/3,7.66%,P40189-1
prerank,Mitochondrial respiratory chain complex IV,0.9915692140331792,1.0947478032771247,0.064,0.532413735198596,1.0,1/16,0.87%,CHEBI:30413
prerank,DNA-directed RNA polymerase II complex,0.985411808214061,1.0931982612239974,0.10732196589769308,0.5408143708851239,1.0,2/14,0.24%,CHEBI:29105;CHEBI:18420
prerank,"Retromer complex, VPS26A variant",0.9162307057853187,1.092548232768811,0.29428571428571426,0.5439163574275915,1.0,1/3,7.31%,Q9UBQ0
prerank,VCP-NPL4-UFD1 AAA ATPase complex,0.9117363378358192,1.0920855736905433,0.30196629213483145,0.5458647413574451,1.0,1/3,6.09%,P55072
prerank,DNA-directed RNA polymerase I complex,0.983390558470085,1.0920055048696835,0.13013013013013014,0.5454084885552695,1.0,1/14,0.03%,CHEBI:29105
prerank,"Nav1.3 voltage-gated sodium channel complex, SCN1B-SCN4B variant",0.9077875586316693,1.0916150361498251,0.29567642956764295,0.5468188307717606,1.0,2/3,9.13%,Q8IWT1;Q07699
prerank,Interleukin-22 receptor-ligand complex,0.9157181571815717,1.0915044290641363,0.31179775280898875,0.5465809631007659,1.0,3/3,8.50%,Q08334;Q8N6P7;Q9GZX6
prerank,Interleukin-3 receptor-ligand complex,0.9181571815718157,1.0915002719361466,0.2869318181818182,0.5457264915445053,1.0,1/3,8.20%,P32927
prerank,Alternative pathway pathogen cell-bound C5 convertase complex C3bBbC3bP,0.9252032520325203,1.090504531636137,0.2862957937584803,0.5507364971765969,1.0,1/3,7.50%,CPX-973
prerank,"DNA-directed RNA polymerase II complex, Pol II(G) variant",0.9854112908973267,1.0895244296033209,0.11122244488977956,0.5557480033242664,1.0,2/15,0.24%,CHEBI:29105;CHEBI:18420
prerank,"Nax cation channel complex, SCN1B-SCN4B variant",0.9077875586316693,1.0892128612560474,0.296875,0.5566211823127833,1.0,2/3,9.13%,Q8IWT1;Q07699
prerank,"Histone-lysine N-methyltransferase complex, SET1B variant",0.9669159976397813,1.0891207668769396,0.24263959390862944,0.5562682134496224,1.0,2/11,2.14%,P61964;P51610
prerank,N6AMT1-TRM112 methyltransferase complex,0.9121951219512195,1.0890719105334312,0.30952380952380953,0.555631953585937,1.0,2/3,8.83%,CHEBI:59789;Q9UI30
prerank,BUD23-TRM112 methyltransferase complex,0.9121951219512195,1.0889525091213916,0.30919220055710306,0.5554820216889244,1.0,2/3,8.83%,CHEBI:59789;Q9UI30
prerank,GATOR2 complex,0.9276030368763558,1.0889037853539028,0.3314543404735062,0.5548872950715704,1.0,2/5,7.28%,P55735;Q96EE3
prerank,"Nax cation channel complex, SCN1B-SCN2B variant",0.9077875586316693,1.0887447264442816,0.2957142857142857,0.5549109401538953,1.0,2/3,9.13%,O60939;Q07699
prerank,VCP-NPL4-UFD1-UBXN1 AAA ATPase complex,0.9117198822632939,1.0887163970117033,0.3125748502994012,0.5542080337902873,1.0,1/4,6.09%,P55072
prerank,INO80 chromatin remodeling complex,0.9804241435562807,1.0884778420310044,0.134,0.5547277705143606,1.0,4/15,2.06%,O96019;Q96EZ8;Q9Y265;Q9Y230
prerank,"Nav1.8 voltage-gated sodium channel complex, SCN1B-SCN2B variant",0.9077875586316693,1.088236770659096,0.29254571026722925,0.5552406825956924,1.0,2/3,9.13%,O60939;Q07699
prerank,Interleukin-2 receptor-ligand complex,0.9197794390650313,1.0881480129019014,0.30666666666666664,0.5549288474610716,1.0,1/4,6.15%,P31785
prerank,"Nav1.5 voltage-gated sodium channel complex, SCN1B-SCN4B variant",0.9077875586316693,1.0880286642884451,0.3062937062937063,0.5547213687278214,1.0,2/3,9.13%,Q8IWT1;Q07699
prerank,Dolichol-phosphate mannosyltransferase complex,0.9102981029810298,1.0876535412885178,0.30503597122302156,0.556004256303201,1.0,1/3,8.99%,O94777
prerank,"Nav1.8 voltage-gated sodium channel complex, SCN1B-SCN4B variant",0.9077875586316693,1.0875810492186868,0.2966101694915254,0.555610249273431,1.0,2/3,9.13%,Q8IWT1;Q07699
prerank,METTL5-TRM112 methyltransferase complex,0.9121951219512195,1.087377316745891,0.30694444444444446,0.5559822944943268,1.0,2/3,8.83%,CHEBI:59789;Q9UI30
prerank,"Nav1.3 voltage-gated sodium channel complex, SCN1B-SCN2B variant",0.9077875586316693,1.087359125527006,0.2969613259668508,0.5552454085934806,1.0,2/3,9.13%,O60939;Q07699
prerank,Interleukin-13 receptor-ligand alpha 1 complex,0.9128596354490472,1.0872158808324237,0.3026315789473684,0.5551894895596637,1.0,2/3,7.39%,P24394;P35225
prerank,"Nav1.4 voltage-gated sodium channel complex, SCN1B-SCN4B variant",0.9077875586316693,1.0870087980491103,0.2995658465991317,0.5555263150874916,1.0,2/3,9.13%,Q8IWT1;Q07699
prerank,IL33 receptor-ligand complex,0.9113821138211382,1.0869717051056644,0.3302139037433155,0.554873672506336,1.0,2/3,8.91%,Q9NPH3;O95760
prerank,"Nav1.9 voltage-gated sodium channel complex, SCN1B-SCN4B variant",0.9077875586316693,1.0868949796575422,0.2885714285714286,0.5544459567947719,1.0,2/3,9.13%,Q8IWT1;Q07699
prerank,Chitinase 3-like-1-tmem219-interleukin-13 receptor-ligand alpha-2 signalling complex,0.9262672811059908,1.0867188804769727,0.29830917874396135,0.5546464573430318,1.0,1/4,7.39%,P35225
prerank,"Nav1.5 voltage-gated sodium channel complex, SCN1B-SCN2B variant",0.9077875586316693,1.0865575151302806,0.3025568181818182,0.554658052391368,1.0,2/3,9.13%,O60939;Q07699
prerank,19S proteasome regulatory complex,0.9926461820947763,1.0865227072148975,0.052,0.553980301205452,1.0,1/19,0.76%,P60896
prerank,"Nax cation channel complex, SCN3B-SCN4B variant",0.9080585613416964,1.086255638055406,0.3058659217877095,0.5546168762263257,1.0,2/3,9.10%,Q9NY72;Q8IWT1
prerank,"Nav1.4 voltage-gated sodium channel complex, SCN1B-SCN2B variant",0.9077875586316693,1.0861363704260198,0.29898403483309144,0.5544241646654439,1.0,2/3,9.13%,O60939;Q07699
prerank,Integrator core complex,0.973626971179989,1.0857694178330992,0.21121121121121122,0.5557678285737992,1.0,1/15,2.65%,Q68E01
prerank,"Nav1.1 voltage-gated sodium channel complex, SCN1B-SCN2B variant",0.9077875586316693,1.0853006907751181,0.30725462304409673,0.557654414541978,1.0,2/3,9.13%,O60939;Q07699
prerank,Interleukin-20 receptor-ligand type 2 complex,0.9089430894308945,1.0852373941810332,0.30955585464333785,0.5571890270000551,1.0,2/3,9.15%,Q8N6P7;Q6UXL0
prerank,"Nax cation channel complex, SCN2B-SCN3B variant",0.9083295640517235,1.0852002256394437,0.30385164051355207,0.5565455107546561,1.0,2/3,9.07%,O60939;Q9NY72
prerank,"Nav1.5 voltage-gated sodium channel complex, SCN2B-SCN3B variant",0.9083295640517235,1.0851344234022196,0.3111111111111111,0.5560430297547367,1.0,2/3,9.07%,O60939;Q9NY72
prerank,"Nav1.8 voltage-gated sodium channel complex, SCN3B-SCN4B variant",0.9080585613416964,1.0851126421326283,0.30726256983240224,0.5553446747497726,1.0,2/3,9.10%,Q9NY72;Q8IWT1
prerank,"Nav1.3 voltage-gated sodium channel complex, SCN3B-SCN4B variant",0.9080585613416964,1.084924147812557,0.3110181311018131,0.5556072593072023,1.0,2/3,9.10%,Q9NY72;Q8IWT1
prerank,"Nav1.1 voltage-gated sodium channel complex, SCN1B-SCN4B variant",0.9077875586316693,1.0849236566240028,0.30942334739803096,0.5547615861575719,1.0,2/3,9.13%,Q8IWT1;Q07699
prerank,"Nav1.8 voltage-gated sodium channel complex, SCN2B-SCN3B variant",0.9083295640517235,1.0848107028001799,0.30392156862745096,0.5545096735483092,1.0,2/3,9.07%,O60939;Q9NY72
prerank,"Nav1.5 voltage-gated sodium channel complex, SCN3B-SCN4B variant",0.9080585613416964,1.0847271271305945,0.3168044077134986,0.5541421296654743,1.0,2/3,9.10%,Q9NY72;Q8IWT1
prerank,"Nav1.2 voltage-gated sodium channel complex, SCN1B-SCN4B variant",0.9077875586316693,1.0845886776865534,0.3045325779036827,0.5540463248338843,1.0,2/3,9.13%,Q8IWT1;Q07699
prerank,SIN3B histone deacetylase complex,0.9771505127369368,1.0844013088090663,0.19859578736208625,0.5542840208540647,1.0,4/15,1.73%,Q09028;Q92769;Q13547;Q16576
prerank,"Nav1.2 voltage-gated sodium channel complex, SCN1B-SCN2B variant",0.9077875586316693,1.0843123542600908,0.30392156862745096,0.55389862030075,1.0,2/3,9.13%,O60939;Q07699
prerank,Interleukin-36G receptor ligand complex,0.9140921409214092,1.0842201552096953,0.3166441136671177,0.5536069371964679,1.0,2/3,8.64%,Q9NPH3;Q9HB29
prerank,VCP-NPL4-UFD1-FAF1 AAA ATPase complex,0.9117198822632939,1.0838911800882733,0.3308550185873606,0.5545637414097093,1.0,1/4,6.09%,P55072
prerank,Interleukin-4 receptor-ligand type-1 complex,0.9092275441865543,1.0837508032365155,0.30563002680965146,0.5544960354192685,1.0,2/3,6.85%,P31785;P24394
prerank,Laminin-121 complex,0.9056177009569426,1.0836405449005468,0.308659217877095,0.5543001977631793,1.0,2/3,9.37%,P11047;P55268
prerank,Interleukin-19 receptor-ligand complex,0.9089430894308943,1.0833119386892878,0.30013831258644535,0.5552089449444756,1.0,2/3,9.15%,Q9UHF4;Q6UXL0
prerank,VCP-NPL4-UFD1-UBXN7 AAA ATPase complex,0.9117198822632939,1.0832554242028278,0.32521315468940315,0.5546861879457663,1.0,1/4,6.09%,P55072
prerank,Interleukin-36A receptor ligand complex,0.9140921409214092,1.0831721452643892,0.3288409703504043,0.5543271500287477,1.0,2/3,8.64%,Q9NPH3;Q9HB29
prerank,Interleukin-15 receptor-ligand complex,0.9197794390650313,1.083170672130027,0.32572115384615385,0.5535079735611677,1.0,1/4,6.15%,P31785
prerank,"Sodium:potassium-exchanging ATPase complex, FXYD6 variant",0.9073170731707317,1.082624940701957,0.32833787465940056,0.5556715734970904,1.0,2/3,9.31%,P05026;P05023
prerank,THUMPD3-TRM112 methyltransferase complex,0.9121951219512195,1.082544197083873,0.33520336605890605,0.5553208252302948,1.0,2/3,8.83%,CHEBI:59789;Q9UI30
prerank,COPII vesicle coat complex,0.9481541802388708,1.0825048561498158,0.35516888433981575,0.554671529207373,1.0,1/9,5.20%,P55735
prerank,"Nav1.4 voltage-gated sodium channel complex, SCN3B-SCN4B variant",0.9080585613416964,1.0824092072566542,0.31622746185852985,0.5543769565954356,1.0,2/3,9.10%,Q9NY72;Q8IWT1
prerank,TRMT11-TRM112 methyltransferase complex,0.9121951219512195,1.082357473370991,0.3380084151472651,0.5538592299730077,1.0,2/3,8.83%,CHEBI:59789;Q9UI30
prerank,"Nav1.7 voltage-gated sodium channel complex, SCN1B-SCN2B variant",0.9077875586316693,1.0820993458451522,0.32011331444759206,0.5544242296046016,1.0,2/3,9.13%,O60939;Q07699
prerank,"Nav1.9 voltage-gated sodium channel complex, SCN1B-SCN2B variant",0.9077875586316693,1.0820914100647587,0.30385164051355207,0.5536473701326612,1.0,2/3,9.13%,O60939;Q07699
prerank,SIN3A histone deacetylase complex,0.9771505127369368,1.082045941486173,0.20983935742971888,0.5530732110358658,1.0,4/15,1.73%,Q09028;Q92769;Q13547;Q16576
prerank,"Interleukin-24 receptor-ligand complex, type 1",0.9060919204516344,1.0819092148937435,0.29958960328317374,0.5530252344235405,1.0,2/3,9.15%,Q9UHF4;Q6UXL0
prerank,"Nav1.2 voltage-gated sodium channel complex, SCN3B-SCN4B variant",0.9080585613416964,1.0816748586797422,0.32689655172413795,0.5534995074562684,1.0,2/3,9.10%,Q9NY72;Q8IWT1
prerank,"Nav1.4 voltage-gated sodium channel complex, SCN2B-SCN3B variant",0.9083295640517235,1.0816173392674688,0.3200568990042674,0.5530117669705868,1.0,2/3,9.07%,O60939;Q9NY72
prerank,"Sodium:potassium-exchanging ATPase complex, FXYD5 variant",0.9073170731707317,1.0815194947554931,0.3257372654155496,0.552690949015734,1.0,2/3,9.31%,P05026;P05023
prerank,Fanconi anemia FANCM-FAAP24-MHF anchoring complex,0.9127134724857686,1.0815135715469062,0.3308641975308642,0.551902595039943,1.0,2/4,8.77%,A8MT69;Q8N2Z9
prerank,Interleukin-36B receptor ligand complex,0.9140921409214092,1.0814437147172156,0.3251700680272109,0.5514770012420901,1.0,2/3,8.64%,Q9NPH3;Q9HB29
prerank,"Nav1.6 voltage-gated sodium channel complex, SCN1B-SCN4B variant",0.9077875586316693,1.0814185900974977,0.33146067415730335,0.5508110978117411,1.0,2/3,9.13%,Q8IWT1;Q07699
prerank,THUMPD2-TRM112 methyltransferase complex,0.9121951219512195,1.0813568080264122,0.33100558659217877,0.5503420127131197,1.0,2/3,8.83%,CHEBI:59789;Q9UI30
prerank,"Nav1.9 voltage-gated sodium channel complex, SCN3B-SCN4B variant",0.9080585613416964,1.0812099162930957,0.3084507042253521,0.5503224957244798,1.0,2/3,9.10%,Q9NY72;Q8IWT1
prerank,Interleukin-20 receptor-ligand Type 1 complex,0.9089430894308943,1.0805393012865172,0.31837307152875177,0.553177874056758,1.0,2/3,9.15%,Q9UHF4;Q6UXL0
prerank,"Nav1.7 voltage-gated sodium channel complex, SCN1B-SCN4B variant",0.9077875586316693,1.080537018835337,0.32172701949860727,0.5523829553959356,1.0,2/3,9.13%,Q8IWT1;Q07699
prerank,"TRAMP complex, TENT4A-ZCCHC7 variant",0.9088863679334468,1.0805269788628382,0.32574679943101,0.5516379836015232,1.0,1/3,7.58%,P42285
prerank,"Nav1.1 voltage-gated sodium channel complex, SCN3B-SCN4B variant",0.9080585613416964,1.080478037249904,0.3224043715846995,0.5511044927706323,1.0,2/3,9.10%,Q9NY72;Q8IWT1
prerank,"Nav1.3 voltage-gated sodium channel complex, SCN2B-SCN3B variant",0.9083295640517235,1.0802474124534132,0.31275720164609055,0.5515495645244725,1.0,2/3,9.07%,O60939;Q9NY72
prerank,"Interleukin-24 receptor-ligand complex, type 2",0.9054940206794889,1.0801565031365779,0.3189771197846568,0.5512090681901085,1.0,2/3,9.15%,Q8N6P7;Q6UXL0
prerank,SRCAP chromatin remodeling complex,0.9514115092290987,1.080122782639505,0.32889344262295084,0.5505916599293216,1.0,6/9,5.01%,O96019;Q9Y265;Q9Y230;Q9NPF5;O95619;Q15906
prerank,VCP-NPL4-UFD1-FAF2 AAA ATPase complex,0.9117198822632939,1.0800539877052175,0.32160194174757284,0.5501573450523846,1.0,1/4,6.09%,P55072
prerank,"TRAMP complex, TENT4B-ZCCHC7 variant",0.9088863679334468,1.079651994646519,0.33468286099865047,0.5514073132658817,1.0,1/3,7.58%,P42285
prerank,"Sodium:potassium-exchanging ATPase complex, FXYD3 variant",0.9073170731707317,1.0795574213480048,0.3351278600269179,0.5510516815222576,1.0,2/3,9.31%,P05026;P05023
prerank,"Nav1.1 voltage-gated sodium channel complex, SCN2B-SCN3B variant",0.9083295640517235,1.079552127357336,0.32684283727399166,0.5502888973323268,1.0,2/3,9.07%,O60939;Q9NY72
prerank,"Nav1.7 voltage-gated sodium channel complex, SCN2B-SCN3B variant",0.9083295640517235,1.0790564346691203,0.3295774647887324,0.5520819881718496,1.0,2/3,9.07%,O60939;Q9NY72
prerank,ALKBH8-TRM112 methyltransferase complex,0.9121713201409596,1.0790212147978624,0.34610630407911,0.551474886572467,1.0,2/4,8.83%,CHEBI:59789;Q9UI30
prerank,Alternative pathway fluid-phase C3 convertase complex C3(H2O)Bb,0.9037940379403793,1.0787271111439662,0.3203230148048452,0.5521575705417412,1.0,2/3,9.67%,P00751-PRO_0000027547;P01024-PRO_0000005908
prerank,SKI complex,0.9056910569105691,1.0785434057476606,0.34776725304465494,0.5522295410146442,1.0,1/3,9.45%,Q9GZS3
prerank,"GABA-A receptor, alpha2-beta3-gamma2",0.8988436538899902,1.0781735111976452,0.3240611961057024,0.5533565632471892,1.0,2/3,9.96%,P28472;P18507
prerank,eIF4E-CYFIP1-FMRP translational repressor complex,0.910840108401084,1.0781459571119134,0.33187134502923976,0.5527106313413028,1.0,2/3,8.96%,P06730;Q06787
prerank,"Nav1.2 voltage-gated sodium channel complex, SCN2B-SCN3B variant",0.9083295640517235,1.0779331233933085,0.3277545327754533,0.5529773532041153,1.0,2/3,9.07%,O60939;Q9NY72
prerank,RXRalpha-RARalpha-NCOA2 retinoic acid receptor complex,0.9037956534557895,1.0777485327328067,0.33986013986013985,0.5532076211564797,1.0,2/3,8.48%,P19793;Q15596
prerank,"Nav1.7 voltage-gated sodium channel complex, SCN3B-SCN4B variant",0.9080585613416964,1.077483518005938,0.3405994550408719,0.5537472188600497,1.0,2/3,9.10%,Q9NY72;Q8IWT1
prerank,"Nav1.6 voltage-gated sodium channel complex, SCN1B-SCN2B variant",0.9077875586316693,1.0770734704097655,0.3432624113475177,0.5550049804935059,1.0,2/3,9.13%,O60939;Q07699
prerank,"Nav1.6 voltage-gated sodium channel complex, SCN3B-SCN4B variant",0.9080585613416964,1.0770733452657482,0.34106412005457026,0.554222180803106,1.0,2/3,9.10%,Q9NY72;Q8IWT1
prerank,"Nav1.9 voltage-gated sodium channel complex, SCN2B-SCN3B variant",0.9083295640517235,1.0766477750799617,0.3166904422253923,0.555463383630914,1.0,2/3,9.07%,O60939;Q9NY72
prerank,Integrator-PP2A complex,0.9741566920565831,1.076205768946872,0.22822822822822822,0.5569214846491573,1.0,3/17,2.65%,P30153;P67775;Q68E01
prerank,Laminin-221 complex,0.9001825812266453,1.0760129029733478,0.3333333333333333,0.557055009380368,1.0,2/3,9.37%,P11047;P55268
prerank,"Sodium:potassium-exchanging ATPase complex, FXYD2 variant",0.9073170731707317,1.0753057268050201,0.3453815261044177,0.559799289879108,1.0,2/3,9.31%,P05026;P05023
prerank,"DNA-directed RNA polymerase III complex, POLR3GL variant",0.9851299293094868,1.07520821710168,0.121,0.5594802745642363,1.0,2/19,0.24%,CHEBI:29105;CHEBI:18420
prerank,Telomerase holoenzyme complex,0.9340748779164406,1.0750619365908598,0.3589473684210526,0.5593705803210216,1.0,1/7,6.61%,O14746
prerank,"SIN3A histone deacetylase complex, ES cell-specific variant",0.9800759090621897,1.0750354661057124,0.174,0.5587301354716951,1.0,5/18,1.73%,O15294;Q09028;Q92769;Q13547;Q16576
prerank,"DNA-directed RNA polymerase III complex, POLR3G variant",0.9851299293094868,1.0747152523918073,0.116,0.5595250123406841,1.0,2/19,0.24%,CHEBI:29105;CHEBI:18420
prerank,U5 small nuclear ribonucleoprotein complete complex,0.9689279354764264,1.0745124496028113,0.253,0.5597178939307008,1.0,12/15,3.36%,P62304;P62318;P62306;P14678;P62308;P62314;P62316;Q96DI7;Q15029;Q6P2Q9;URS000075BAAE_9606;O75643
prerank,Interleukin-17A receptor-ligand complex,0.9083762537272974,1.0741991292879254,0.33087330873308735,0.5604177436603308,1.0,2/4,9.21%,Q96F46;O43734
prerank,"Sodium:potassium-exchanging ATPase complex, FXYD7 variant",0.9073170731707317,1.07371863572442,0.3534136546184739,0.562024236390672,1.0,2/3,9.31%,P05026;P05023
prerank,"Sodium:potassium-exchanging ATPase complex, FXYD4 variant",0.9073170731707317,1.0735424847898067,0.35802469135802467,0.5621961311767075,1.0,2/3,9.31%,P05026;P05023
prerank,Pyrin inflammasome,0.8986449864498645,1.0733750071088521,0.3510028653295129,0.5622506864786367,1.0,2/3,10.18%,Q9ULZ3;P29466
prerank,"Interferon lambda receptor-ligand complex, IFNL4 variant",0.903141804451636,1.0733104140882614,0.35131396957123096,0.5618488933725928,1.0,1/3,6.47%,Q08334
prerank,Laminin-421 complex,0.9001825812266453,1.073146343786738,0.32599724896836313,0.5618402100370893,1.0,2/3,9.37%,P11047;P55268
prerank,"Sodium:potassium-exchanging ATPase complex, FXYD1 variant",0.9073170731707317,1.0726440051231438,0.3507362784471218,0.5634880727958068,1.0,2/3,9.31%,P05026;P05023
prerank,"GABA-A receptor, alpha6-beta3-gamma2",0.8918393224155117,1.0723191388243765,0.3267605633802817,0.5643148411772697,1.0,2/3,9.96%,P28472;P18507
prerank,Classical and lectin pathway C3 convertase complex C4b2a-A,0.9032258064516129,1.0723149049199705,0.3402187120291616,0.5635567043946331,1.0,1/4,9.69%,P06681-PRO_0000027612
prerank,NLRP1 inflammasome,0.8986449864498645,1.07213485062453,0.3557422969187675,0.5636495814622512,1.0,2/3,10.18%,Q9ULZ3;P29466
prerank,Interleukin-17F receptor-ligand complex,0.9083762537272974,1.0717228878663627,0.34857849196538937,0.5649597407786945,1.0,2/4,9.21%,Q96F46;O43734
prerank,"Interferon lambda receptor-ligand complex, IFNL2 variant",0.903141804451636,1.0716507944981122,0.3488700564971751,0.5645205626229126,1.0,1/3,6.47%,Q08334
prerank,"Nav1.6 voltage-gated sodium channel complex, SCN2B-SCN3B variant",0.9083295640517235,1.0715346247307578,0.355021216407355,0.5642834546794652,1.0,2/3,9.07%,O60939;Q9NY72
prerank,Small ribosomal subunit processome,0.9980070341150816,1.0714567696805466,0.014,0.563901788308331,1.0,2/29,0.08%,P55769;Q9NV06
prerank,"GABA-A receptor, alpha-6/beta-3/delta",0.894292521045013,1.071330273769978,0.3309659090909091,0.5638037050011792,1.0,1/3,8.10%,P28472
prerank,"GABA-A receptor, alpha4-beta3-gamma2",0.8918393224155117,1.0712403399583164,0.3407202216066482,0.5634804621310285,1.0,2/3,9.96%,P28472;P18507
prerank,"Interferon lambda receptor-ligand complex, IFNL1 variant",0.903141804451636,1.0711412046012063,0.3417015341701534,0.563123809014197,1.0,1/3,6.47%,Q08334
prerank,"GABA-A receptor, alpha4-beta3-delta",0.894292521045013,1.0707137277611503,0.3512396694214876,0.5645472841711783,1.0,1/3,8.10%,P28472
prerank,U6 small nuclear ribonucleoprotein complex,0.9381107491856674,1.0703060201796817,0.3719262295081967,0.5657453608621228,1.0,8/9,6.39%,URS00006767A8_9606;P62312;O95777;Q9Y333;Q9Y4Z0;Q9UK45;P62310;Q9Y4Y9
prerank,Interleukin-17C receptor-ligand complex,0.9083762537272974,1.0700967740742982,0.3490909090909091,0.5659869483063126,1.0,2/4,9.21%,Q96F46;O43734
prerank,"TREX transcription-export complex, DX39B variant",0.9659706572880848,1.0700372694400766,0.284,0.565520590103878,1.0,2/16,3.44%,Q86V81;Q53F19
prerank,"Eukaryotic translation initiation factor 4F, EIF4A1 and EIF4G3 variant",0.8987472515860797,1.0698768200756754,0.34535367545076284,0.5655648835079532,1.0,1/3,8.26%,P06730
prerank,Laminin-111 complex,0.8958541408462122,1.0693266022124028,0.3490304709141274,0.5673688173974998,1.0,2/3,10.32%,P11047;P07942
prerank,NLRP3 inflammasome,0.8986449864498645,1.0691800237969176,0.3573487031700288,0.5673440446764356,1.0,2/3,10.18%,Q9ULZ3;P29466
prerank,"Eukaryotic translation initiation factor 4F, EIF4A1 and EIF4G1 variant",0.8987472515860797,1.0691715759316274,0.3562585969738652,0.5666084805296985,1.0,1/3,8.26%,P06730
prerank,"Interferon lambda receptor-ligand complex, IFNL3 variant",0.903141804451636,1.0690926392321145,0.3472803347280335,0.5662681385371992,1.0,1/3,6.47%,Q08334
prerank,"SAGA complex, KAT2B variant",0.9869216543203266,1.068642976611775,0.1,0.5676407797707756,1.0,10/21,1.44%,Q15393;Q9BWJ5;Q9Y4A5;O75528;Q96ES7;Q9NPA8;Q92831;Q16594;Q12962;Q16514
prerank,"SAGA complex, KAT2A variant",0.9869256061573404,1.06776155390636,0.098,0.5709251585458797,1.0,10/21,1.44%,Q15393;Q9BWJ5;Q9Y4A5;O75528;Q96ES7;Q9NPA8;Q92830;Q16594;Q12962;Q16514
prerank,"General transcription factor complex TFIID, TAF4B variant",0.9592262526907487,1.0675863901938127,0.3530591775325978,0.5710234121620444,1.0,4/14,1.44%,P20226;Q16594;Q12962;Q16514
prerank,"Eukaryotic translation initiation factor 4F, EIF4A2 and EIF4G1 variant",0.8987472515860797,1.066985207653205,0.3629943502824859,0.5730346290775599,1.0,1/3,8.26%,P06730
prerank,DISP septin regulator complex,0.8962059620596206,1.066977614649046,0.36737588652482267,0.5723149156660426,1.0,1/3,10.40%,Q9UM54
prerank,STING-TRAF3-TBK1 complex,0.8991869918699187,1.066954575860419,0.3666191155492154,0.5716774789359587,1.0,3/3,10.15%,Q9UHD2;Q86WV6;Q13114
prerank,Interleukin-12-receptor ligand complex,0.9016260162601626,1.0669343612743318,0.34965986394557824,0.5710417397737312,1.0,1/3,9.86%,P42701-PRO_0000010917
prerank,AIM2 inflammasome,0.8986449864498645,1.0669013719792646,0.37073863636363635,0.570438291740061,1.0,2/3,10.18%,Q9ULZ3;P29466
prerank,ISGF3 complex,0.8943089430894309,1.0668415881795408,0.36427566807313644,0.5699208494572136,1.0,2/3,10.61%,P42224;P52630
prerank,"TREX transcription-export complex, DX39A variant",0.9659706572880848,1.066610402064613,0.29458917835671344,0.5702782091344948,1.0,2/16,3.44%,Q86V81;Q53F19
prerank,"Eukaryotic translation initiation factor 4F, EIF4A2 and EIF4G3 variant",0.8987472515860797,1.0664294371284544,0.3574408901251738,0.5703661189586489,1.0,1/3,8.26%,P06730
prerank,"NMDA receptor complex, GluN1-GluN2A-GluN2B",0.8897018970189702,1.0661999871408223,0.37517053206002726,0.5706335278777184,1.0,1/3,11.05%,Q05586
prerank,General transcription factor complex TFIID,0.9559641356807257,1.0660261342291142,0.36773547094188375,0.5706440167561082,1.0,4/14,1.44%,P20226;Q16594;Q12962;Q16514
prerank,TFTC histone acetylation complex,0.973924526416267,1.0656264909315818,0.219,0.5717545981828099,1.0,7/18,1.44%,Q9Y4A5;O75528;Q9NPA8;Q92830;Q16594;Q12962;Q16514
prerank,Hexasome complex,0.9032258064516129,1.0653524944466595,0.3450789793438639,0.5722356787705538,1.0,2/4,9.72%,P62805;P68431
prerank,NuA4 histone acetyltransferase complex,0.9742378542975677,1.0651549631144803,0.243,0.5723478292064103,1.0,6/19,2.06%,Q9Y4A5;Q9HAF1;P60709;O96019;Q9Y265;Q9Y230
prerank,Collagen type XI trimer variant 1,0.8934959349593496,1.063715143355596,0.37551020408163266,0.5781661098857882,1.0,1/3,10.67%,P12107
prerank,Interleukin-17A-F receptor-ligand complex,0.908351409978308,1.0635746648371902,0.3724137931034483,0.5780472876822187,1.0,2/5,9.21%,Q96F46;O43734
prerank,Interleukin 11-mIL11RA-IL-6ST receptor-ligand complex,0.8915989159891599,1.0632232798283239,0.3693820224719101,0.5788234991241007,1.0,2/3,10.89%,P40189;P20809
prerank,Classical and lectin pathway C3 convertase complex C4b2a-B,0.9032258064516129,1.0628605628403707,0.3751522533495737,0.5797009461396982,1.0,1/4,9.69%,P06681-PRO_0000027612
prerank,NLRC4 inflammasome,0.8986175115207373,1.0628167831727235,0.36386449184441655,0.5791437026401757,1.0,2/4,10.18%,Q9ULZ3;P29466
prerank,NatC N-alpha-acetyltransferase complex,-0.5536585365853659,-1.0621623454418045,0.322463768115942,0.4565767467201725,1.0,3/3,100.00%,Q147X3;Q5VZE5;Q9BRA0
prerank,RZZ complex,0.8821138211382114,1.0617282885954986,0.34825174825174826,0.5831312664601211,1.0,1/3,11.81%,O43264
prerank,Survival motor neuron complex,-0.43621064060803477,-1.0613897869086106,0.2631578947368421,0.4529033424124022,1.0,9/9,100.00%,Q8WXD5;Q9H840;Q9UHI6;Q9Y3F4;Q9NWZ8;O14893;P57678;Q16637;Q8TEQ6
prerank,Fibrin complex,0.8829268292682927,1.0612791347167265,0.35294117647058826,0.5844368355053513,1.0,1/3,11.72%,P02679-PRO_0000009099
prerank,Lymphotoxin-alpha-beta-LTBR receptor complex,0.8894308943089431,1.0601742724437353,0.36277173913043476,0.5886339843411179,1.0,2/3,11.10%,P01374;P36941
prerank,Laminin-211 complex,0.8891220117602054,1.0599950760934742,0.36834733893557425,0.5886308765490866,1.0,2/3,10.32%,P11047;P07942
prerank,"Nucleosome, variant H3.1-H2A.Z-H2B.1",0.898047722342733,1.0588108488175336,0.3649717514124294,0.5931290271359475,1.0,4/5,10.29%,P62805;P06899;P68431;CHEBI:4705
prerank,U2 small nuclear ribonucleoprotein complex,0.9763363089451694,1.0585411702648795,0.195,0.5935279958604526,1.0,13/23,2.49%,Q15393;Q9BWJ5;O75533;P62304;P62318;P62306;P14678;P62308;P62314;P62316;URS00006A1489_9606;P09661;P08579
prerank,Glycosylphosphatidylinositol-N-acetylglucosaminyltransferase complex,0.9102007596310363,1.0584033985964687,0.41028331584470096,0.5933567481849403,1.0,1/7,8.99%,O94777
prerank,Laminin-411 complex,0.8891220117602054,1.0583442893085935,0.3665283540802213,0.5928287153750712,1.0,2/3,10.32%,P11047;P07942
prerank,Interleukin-25 receptor-ligand complex,0.893224738590245,1.0570343567096403,0.38253382533825336,0.5976563785541616,1.0,2/4,9.21%,Q96F46;O43734
prerank,"Nucleosome complex, H2A type 1 variant ",0.898047722342733,1.0566586235776758,0.37388392857142855,0.598586147575502,1.0,4/5,10.29%,P62805;P06899;P68431;CHEBI:4705
prerank,"Radial spoke complex, ciliiar variant",0.9369155803097355,1.0566474629318074,0.4567404426559356,0.5978754936276618,1.0,1/12,5.42%,Q96FJ2
prerank,Fibrinogen complex,0.8829268292682927,1.0563390691689956,0.37309292649098474,0.5985148914050852,1.0,1/3,11.72%,P02679-PRO_0000009099
prerank,Interleukin-17B receptor-ligand complex,0.893224738590245,1.0559737992611975,0.386977886977887,0.5993385624558376,1.0,2/4,9.21%,Q96F46;O43734
prerank,Laminin-321 complex,0.8804878048780488,1.0557927652607586,0.3592896174863388,0.5993836458925704,1.0,3/3,12.02%,P11047;P55268;Q16787-1
prerank,"Nucleosome, variant H3.1-H2A.V-H2B.1",0.898047722342733,1.0553381124895722,0.384,0.6004822515673203,1.0,4/5,10.29%,P62805;P06899;P68431;CHEBI:4705
prerank,20S immunoproteasome complex,0.9524108726032007,1.0549785849950841,0.40320962888665995,0.6012427145634426,1.0,11/14,5.04%,P49720;P25788;P20618;P25787;P49721;P60900;P28066;P25789;P25786;P28070;O14818
prerank,Interleukin-27 receptor-ligand complex,0.8876325884265097,1.054932292836536,0.39568345323741005,0.6006616304897103,1.0,2/4,8.58%,P40189;Q14213
prerank,NRZ tethering complex,0.8821138211382114,1.0548942260386873,0.38651994497936726,0.6000596391804057,1.0,1/3,11.81%,O43264
prerank,"Poly(A) tail exosome targeting complex, RBM27 variant",0.9012723177039881,1.054408705137075,0.3840909090909091,0.6014424955194675,1.0,1/5,7.58%,P42285
prerank,"Poly(A) tail exosome targeting complex, RBM26 variant",0.9012723177039881,1.053906749570075,0.38504464285714285,0.6028162450482386,1.0,1/5,7.58%,P42285
prerank,20S thymoproteasome complex,0.9524108726032007,1.053737833603367,0.40480961923847697,0.6027979491371964,1.0,11/14,5.04%,P49720;P25788;P20618;P25787;P49721;P60900;P28066;P25789;P25786;P28070;O14818
prerank,"GABA-A receptor, alpha5-beta3-gamma3",0.8779197508785855,1.0536842927946266,0.37796373779637377,0.6022116188996074,1.0,1/3,8.10%,P28472
prerank,Interleukin-23 receptor-ligand complex,0.8896719978313907,1.0530787766986343,0.38405797101449274,0.6040352752390957,1.0,2/4,11.08%,P42701-PRO_0000010917;P29460-PRO_0000010930
prerank,"GABA-A receptor, alpha3-beta3-gamma2",0.8764227642276423,1.0529738349903979,0.3813559322033898,0.6036960739884264,1.0,3/3,12.43%,P28472;P18507;P34903
prerank,GATOR1 complex,-0.5425474254742547,-1.0529067303012707,0.35447761194029853,0.46228671009108097,1.0,3/3,100.00%,Q8WTW4;Q12980;O75140
prerank,Laminin-311 complex variant A,0.8804878048780487,1.0525915406327084,0.3748271092669433,0.6046449301445095,1.0,3/3,12.02%,P11047;P07942;Q16787-1
prerank,"GABA-A receptor, alpha3-beta2-gamma2",0.8764227642276421,1.0511143266017227,0.3894297635605007,0.6101546113861874,1.0,3/3,12.43%,P18507;P47870;P34903
prerank,"GABA-A receptor, alpha2-beta2-gamma2",0.8800848819519382,1.0508315688581644,0.3983402489626556,0.6105643949546146,1.0,2/3,11.59%,P18507;P47870
prerank,PAF1 complex,0.9056143205858421,1.0507683191429382,0.43047830923248054,0.6100639073862694,1.0,1/6,9.45%,Q9GZS3
prerank,"Radial spoke complex, flagellar variant",0.9369008897128986,1.0506380389214407,0.477432296890672,0.6098282757310143,1.0,1/13,5.42%,Q96FJ2
prerank,20S spermatoproteasome complex,0.9475400924164176,1.0505922070455451,0.44344344344344344,0.6092527859321765,1.0,13/14,5.58%,P49720;P25788;P20618;P25787;P49721;P60900;P28066;P25789;P25786;P28070;P28072;Q99436;P28074
prerank,"60S cytosolic large ribosomal subunit, testis-specific variant",0.9940698701731586,1.050432156733504,0.024,0.6092046079666444,1.0,1/47,0.60%,P40429
prerank,"GABA-A receptor, alpha1-beta3-gamma2",0.8723092807918189,1.050389407367454,0.3840782122905028,0.6086519681020759,1.0,2/3,9.96%,P28472;P18507
prerank,20S proteasome complex,0.9478119054090788,1.05016502086893,0.4408817635270541,0.6088147575880684,1.0,14/14,5.58%,P49720;P25788;P20618;P25787;P49721;P60900;P28066;P25789;P25786;P28070;O14818;P28072;Q99436;P28074
prerank,60S cytosolic large ribosomal subunit,0.9940685640501509,1.0499461144167517,0.027,0.6089154246338561,1.0,1/47,0.60%,P40429
prerank,LIFT actin modulation complex,0.8961778259690973,1.049906815406546,0.41504854368932037,0.6083364543350072,1.0,1/4,10.40%,Q9UM54
prerank,Interleukin-6 sIL6R-mIL6ST receptor-ligand trans-signalling complex,0.8807543158306417,1.0496442272961963,0.40160642570281124,0.6086481421112155,1.0,2/3,7.66%,P05231;P40189-1
prerank,"GABA-A receptor, alpha3-beta3-gamma3",0.874366228390179,1.0493320190780195,0.393646408839779,0.609192692203264,1.0,2/3,12.43%,P28472;P34903
prerank,Major Spliceosomal Pre-B complex,0.9757980588640578,1.0493131785613647,0.212,0.6085186521976588,1.0,14/26,2.57%,Q15393;Q9BWJ5;O75533;P62304;P62318;P62306;P14678;P62308;P62314;P62316;URS00006A1489_9606;P09661;P08579;CHEBI:139356
prerank,"GABA-A receptor, alpha5-beta3-gamma2",0.8721564062378673,1.0491329087999628,0.3804195804195804,0.6084609633996123,1.0,2/3,9.96%,P28472;P18507
prerank,"60S cytosolic large ribosomal subunit, striated muscle variant",0.9940676369365512,1.0486715705545449,0.026,0.6095441215890516,1.0,1/48,0.60%,P40429
prerank,PA200-20S-PA200 double-capped proteasome complex,0.9477977161500819,1.048131729558992,0.45090180360721444,0.6102114676240938,1.0,14/15,5.58%,P49720;P25788;P20618;P25787;P49721;P60900;P28066;P25789;P25786;P28070;O14818;P28072;Q99436;P28074
prerank,PA200-20S single-capped proteasome,0.9477977161500819,1.048131729558992,0.45090180360721444,0.6102114676240938,1.0,14/15,5.58%,P49720;P25788;P20618;P25787;P49721;P60900;P28066;P25789;P25786;P28070;O14818;P28072;Q99436;P28074
prerank,"Nucleosome complex, H2BC12 variant ",0.8872017353579177,1.0477545474988457,0.391705069124424,0.6109656698530117,1.0,4/5,11.37%,P62805;P68431;CHEBI:4705;P04908
prerank,Condensin I complex,0.8872017353579176,1.0473834452640645,0.41430192962542567,0.6117518698313649,1.0,2/5,11.32%,O95347;Q9NTJ3
prerank,PA28-gamma single-capped 20S proteasome complex,0.9477977161500819,1.047296227632237,0.45845845845845845,0.6106323653494259,1.0,14/15,5.58%,P49720;P25788;P20618;P25787;P49721;P60900;P28066;P25789;P25786;P28070;O14818;P28072;Q99436;P28074
prerank,PA28-gamma double-capped 20S proteasome complex,0.9477977161500819,1.047296227632237,0.45845845845845845,0.6106323653494259,1.0,14/15,5.58%,P49720;P25788;P20618;P25787;P49721;P60900;P28066;P25789;P25786;P28070;O14818;P28072;Q99436;P28074
prerank,"Nucleosome, variant H3.1-H2A.2-H2B.1",0.8874728850325377,1.0444620716426791,0.40914285714285714,0.6214724473832403,1.0,5/5,11.37%,P62805;P06899;P68431;CHEBI:4705;P04908
prerank,Condensin II complex,0.8872017353579176,1.043282333875104,0.43555555555555553,0.6255305536305275,1.0,2/5,11.32%,O95347;Q9NTJ3
prerank,CENP-A nucleosome complex,0.8869305856832971,1.0426262038130971,0.416289592760181,0.627455777131499,1.0,3/5,11.37%,P62805;P06899;P04908
prerank,"Dynein-2 complex, light-chain variant 7",0.9029381937797801,1.0425320466129666,0.45087900723888313,0.6270825259795102,1.0,1/8,5.42%,Q96FJ2
prerank,"GABA-A receptor, alpha3-beta3-theta",0.8761517615176151,1.0419014850459096,0.4049586776859504,0.628905784974105,1.0,2/3,12.43%,P28472;P34903
prerank,Mitotic Checkpoint Complex,0.8891298454865817,1.0417791109655796,0.42435424354243545,0.6286362885292938,1.0,2/4,11.13%,Q12834;Q13257
prerank,Granulocyte-macrophage colony-stimulating factor-receptor complex,0.8807264841420439,1.0410202942093123,0.42891566265060244,0.6310238548913412,1.0,2/4,11.97%,P32927;O60674
prerank,PA28-alphabeta double-capped 20S proteasome complex,0.9477835191732393,1.0409369053163817,0.4879759519038076,0.6298148436446048,1.0,14/16,5.58%,P49720;P25788;P20618;P25787;P49721;P60900;P28066;P25789;P25786;P28070;O14818;P28072;Q99436;P28074
prerank,PA28-alphabeta single-capped 20S proteasome complex,0.9477835191732393,1.0409369053163817,0.4879759519038076,0.6298148436446048,1.0,14/16,5.58%,P49720;P25788;P20618;P25787;P49721;P60900;P28066;P25789;P25786;P28070;O14818;P28072;Q99436;P28074
prerank,"Nucleosome, variant H3.2-H2A.2-H2B.1",0.8872017353579177,1.0400659546320228,0.42298850574712643,0.6325779765522782,1.0,4/5,11.37%,P62805;P06899;CHEBI:4705;P04908
prerank,Mitochondrial respiratory chain complex I,0.985455543358946,1.0397820871738674,0.089,0.6330481718551747,1.0,3/49,1.52%,CHEBI:16238;CHEBI:49601;O14561
prerank,"Nucleosome, variant H3.1t-H2A.2-H2B.1",0.8872017353579177,1.0393757775409946,0.41743119266055045,0.6339858949206554,1.0,4/5,11.37%,P62805;P06899;CHEBI:4705;P04908
prerank,Interleukin 11-sIL11RA-IL-6ST receptor-ligand trans-signalling complex,0.8703653467273651,1.0389699842664732,0.4136947218259629,0.6349186822909527,1.0,2/3,10.89%,P40189;P20809
prerank,BLOC-1 complex,0.9025780189959294,1.0376372573339312,0.47107438016528924,0.6393875924124677,1.0,3/8,9.80%,Q6QNY1;O95295;P78537
prerank,Mitochondrial glutamyl-tRNA(Gln) amidotransferase complex,-0.5238482384823848,-1.0369988066614495,0.36303630363036304,0.48450287993683644,1.0,3/3,100.00%,O75879;Q9H0R6;O43716
prerank,"RNA decapping and exonuclease complex, DCP1B variant",0.8892859644683836,1.0369839447757263,0.455531453362256,0.6412309252904433,1.0,1/6,7.91%,P26196
prerank,GABA-A receptor alpha6-beta2-gamma2,0.8643735181850366,1.0367057312928831,0.4221598877980365,0.6414956882946606,1.0,2/3,11.59%,P18507;P47870
prerank,BORC complex,0.9025780189959294,1.0362765644372487,0.46974358974358976,0.6424453380734068,1.0,3/8,9.80%,Q6QNY1;O95295;P78537
prerank,"Dynein-1 complex, variant 12",0.8815736294094616,1.036246538299878,0.43797195253505933,0.6417893370642751,1.0,3/6,9.64%,Q96FJ2;P63172;Q9NP97
prerank,"GABA-A receptor, alpha4-beta2-gamma2",0.8643735181850366,1.0361843941872828,0.42105263157894735,0.6412471355572774,1.0,2/3,11.59%,P18507;P47870
prerank,Interleukin-6 sIL6R-sIL6ST buffering receptor-ligand complex,0.8750677506775069,1.0358178695569218,0.4260027662517289,0.6418996011198301,1.0,3/3,12.56%,P05231;P40189-2;P08887-PRO_0000450730
prerank,"Dynein-1 complex, variant 11",0.8815736294094616,1.035674403096127,0.4443254817987152,0.6416522719998714,1.0,3/6,9.64%,Q96FJ2;P63172;Q9NP97
prerank,"RNA decapping and exonuclease complex, DCP1A variant",0.8892859644683836,1.0355130096624983,0.46195652173913043,0.6414686790852449,1.0,1/6,7.91%,P26196
prerank,"GABA-A receptor, alpha1-alpha2-beta3-gamma2",0.870423602826548,1.0346384929593921,0.44106925880923453,0.644070970928298,1.0,2/4,9.96%,P28472;P18507
prerank,"Dynein-1 complex, variant 10",0.8815736294094616,1.0338865903168364,0.4533762057877814,0.6461840976737473,1.0,3/6,9.64%,Q96FJ2;P63172;Q9NP97
prerank,"Dynein-1 complex, variant 9",0.8815736294094616,1.032997117765714,0.46595744680851064,0.6488846261186287,1.0,3/6,9.64%,Q96FJ2;P63172;Q9NP97
prerank,"CARD-BCL10-MALT1 complex, CARD10 variant",0.865040650406504,1.0322641558529184,0.4450402144772118,0.651003971830469,1.0,2/3,13.54%,Q9UDY8;O95999
prerank,"CARD-BCL10-MALT1 complex, CARD14 variant",0.865040650406504,1.0320119897004882,0.42344827586206896,0.6512039076188296,1.0,2/3,13.54%,Q9UDY8;O95999
prerank,U4/U6.U5 small nuclear ribonucleoprotein complex,0.9653981454537406,1.0315424562197089,0.364,0.6522967110351375,1.0,14/32,3.60%,P55769;P62304;P62318;P62306;P14678;P62308;P62314;P62316;URS00006767A8_9606;Q96DI7;Q15029;Q6P2Q9;O75643;Q8WWY3
prerank,PDGF receptor beta - PDGF-AB complex,0.8607046070460704,1.0308350148103396,0.4309859154929577,0.6542517986826847,1.0,1/3,13.95%,P09619
prerank,"Intron Lariat Spliceosome, type 1 complex",0.9661294728216334,1.0305945257772096,0.318,0.6543794058522354,1.0,31/32,4.20%,Q13573;P62304;P62318;P62306;P14678;P62308;P62314;P62316;URS00006767A8_9606;Q96DI7;Q15029;Q6P2Q9;URS00006A1489_9606;P09661;P08579;CHEBI:139356;Q99459;O43660;Q9P013;Q9UNP9;O60306;Q9HCS7;URS000075BAAE_9606;Q9NW64;P41223;Q9BZJ0;Q9Y3C6;O75934;Q9UMS4;O60508;O95926
prerank,BOLA2-GLRX3 iron-sulfur cluster assembly complex,0.8750338845215506,1.0297792805885753,0.4409937888198758,0.6569572562923064,1.0,2/4,12.54%,CHEBI:16856;CHEBI:33737
prerank,Major Spliceosomal Pre-B-act complex,0.9724239834825188,1.029373412302085,0.242,0.6577117842837059,1.0,30/41,3.36%,Q15393;Q9BWJ5;O75533;Q13573;P62304;P62318;P62306;P14678;P62308;P62314;P62316;URS00006767A8_9606;Q96DI7;Q15029;Q6P2Q9;URS00006A1489_9606;P09661;P08579;CHEBI:139356;Q99459;O43660;Q9P013;Q9UNP9;O60306;Q9HCS7;URS000075BAAE_9606;Q9NW64;P41223;Q9BZJ0;O75643
prerank,"Intron Lariat Spliceosome, type 2 complex",0.9661202185792351,1.0293087011457884,0.32,0.6571882742548828,1.0,31/33,4.20%,Q13573;P62304;P62318;P62306;P14678;P62308;P62314;P62316;URS00006767A8_9606;Q96DI7;Q15029;Q6P2Q9;URS00006A1489_9606;P09661;P08579;CHEBI:139356;Q99459;O43660;Q9P013;Q9UNP9;O60306;Q9HCS7;URS000075BAAE_9606;Q9NW64;P41223;Q9BZJ0;Q9Y3C6;O75934;Q9UMS4;O60508;O95926
prerank,Laminin-423 complex,0.8614724228901993,1.0292989218926802,0.4281767955801105,0.6564494402031031,1.0,1/3,9.37%,P55268
prerank,"CARD-BCL10-MALT1 complex, CARD9 variant",0.865040650406504,1.0292340050556434,0.4421199442119944,0.6559105263885091,1.0,2/3,13.54%,Q9UDY8;O95999
prerank,"Neuronal nicotinic acetylcholine receptor complex, alpha4-alpha5-beta2",0.8587346992305998,1.0288036830909302,0.42579750346740636,0.6567895117426498,1.0,1/3,8.80%,P17787-PRO_0000000379
prerank,"CARD-BCL10-MALT1 complex, CARD11 variant",0.865040650406504,1.0288008010754266,0.4397834912043302,0.656020164598378,1.0,2/3,13.54%,Q9UDY8;O95999
prerank,PDGF receptor alpha-beta - PDGF-DD complex,0.8569105691056911,1.0269453941381994,0.4295676429567643,0.662428784616046,1.0,2/3,14.35%,P09619;P16234
prerank,Interleukin-5 receptor-ligand complex,0.8806617846487661,1.0269228112035365,0.4681081081081081,0.6617409867727949,1.0,2/6,11.97%,P32927;O60674
prerank,Major Spliceosomal Pre-C*-I complex,0.9663580295281032,1.0263161638023164,0.31,0.6632090304575065,1.0,36/39,4.20%,Q9Y5S9;P38919;P61326;Q13573;P62304;P62318;P62306;P14678;P62308;P62314;P62316;URS00006767A8_9606;Q96DI7;Q15029;Q6P2Q9;URS00006A1489_9606;P09661;P08579;CHEBI:139356;Q99459;O43660;Q9P013;Q9UNP9;O60306;Q9HCS7;URS000075BAAE_9606;Q9NW64;P41223;Q9BZJ0;Q9UQ35;Q9HCG8;Q9Y3C6;O75934;Q9UMS4;O60508;O95926
prerank,Interleukin-35 receptor ligand type 2 complex,0.8588075880758808,1.0261650022579294,0.4366998577524893,0.6630582478804641,1.0,1/3,14.13%,Q6UWB1
prerank,Major Spliceosomal B complex,0.9700093532660542,1.026092293291572,0.276,0.6625288550770366,1.0,19/45,2.57%,P55769;Q15393;Q9BWJ5;O75533;P62304;P62318;P62306;P14678;P62308;P62314;P62316;URS00006767A8_9606;Q96DI7;Q15029;Q6P2Q9;URS00006A1489_9606;P09661;P08579;CHEBI:139356
prerank,tRNA-intron splicing endonuclease complex,0.8815075921908894,1.0259472094530133,0.46258503401360546,0.6622983856024326,1.0,1/5,11.86%,Q92989
prerank,"Dynein-2 complex, light-chain variant 2",0.8874844394767757,1.0256045614866052,0.48712667353244077,0.6628771561662165,1.0,3/8,9.64%,Q96FJ2;P63172;Q9NP97
prerank,Major Post-catalytic P Spliceosome complex,0.9666238127401016,1.0253102249835584,0.315,0.6631627069345147,1.0,37/41,4.20%,Q9Y5S9;P38919;P61326;Q13573;P62304;P62318;P62306;P14678;P62308;P62314;P62316;URS00006767A8_9606;Q96DI7;Q15029;Q6P2Q9;URS00006A1489_9606;P09661;P08579;CHEBI:139356;Q99459;O43660;Q9P013;Q9UNP9;O60306;Q9HCS7;URS000075BAAE_9606;Q9NW64;P41223;Q9BZJ0;O75643;Q9UQ35;Q9HCG8;Q9Y3C6;O75934;Q9UMS4;O60508;O95926
prerank,"sTNF-TNR1A receptor-ligand core complex, BIRC2 variant",0.8852095019122498,1.0248069606065524,0.4690451206715635,0.6643400729616092,1.0,2/7,7.74%,Q12933;Q13546
prerank,Major Spliceosomal Pre-C*-II complex,0.966322117020133,1.0246872970296936,0.309,0.6640140588391161,1.0,36/43,4.20%,Q9Y5S9;P38919;P61326;Q13573;P62304;P62318;P62306;P14678;P62308;P62314;P62316;URS00006767A8_9606;Q96DI7;Q15029;Q6P2Q9;URS00006A1489_9606;P09661;P08579;CHEBI:139356;Q99459;O43660;Q9P013;Q9UNP9;O60306;Q9HCS7;URS000075BAAE_9606;Q9NW64;P41223;Q9BZJ0;Q9UQ35;Q9HCG8;Q9Y3C6;O75934;Q9UMS4;O60508;O95926
prerank,"sTNF-TNR1A receptor-ligand core complex, BIRC3 variant",0.8852095019122498,1.024591165171475,0.4831223628691983,0.6636441560216216,1.0,2/7,7.74%,Q12933;Q13546
prerank,Major Spliceosomal B-act-II complex,0.9682401998206416,1.0243800820677205,0.304,0.6636828467827857,1.0,33/43,3.87%,Q15393;Q9BWJ5;O75533;Q13573;P62304;P62318;P62306;P14678;P62308;P62314;P62316;URS00006767A8_9606;Q96DI7;Q15029;Q6P2Q9;URS00006A1489_9606;P09661;P08579;CHEBI:139356;Q99459;O43660;Q9P013;Q9UNP9;O60306;Q9HCS7;URS000075BAAE_9606;Q9NW64;P41223;Q9BZJ0;O75643;Q9UQ35;Q9HCG8;Q9Y3C6
prerank,PDGF receptor alpha-beta - PDGF-BB complex,0.8569105691056911,1.0241632124207616,0.43988684582743987,0.6637863546976425,1.0,2/3,14.35%,P09619;P16234
prerank,Major Spliceosomal Post-B-act complex,0.9671428275910723,1.0240211622449622,0.303,0.6635209714438913,1.0,35/41,3.95%,Q15393;Q9BWJ5;O75533;Q13573;P62304;P62318;P62306;P14678;P62308;P62314;P62316;URS00006767A8_9606;Q96DI7;Q15029;Q6P2Q9;URS00006A1489_9606;P09661;P08579;CHEBI:139356;Q99459;O43660;Q9P013;Q9UNP9;O60306;Q9HCS7;URS000075BAAE_9606;Q9NW64;P41223;Q9BZJ0;Q9UQ35;Q9HCG8;Q9Y3C6;O75934;Q9UMS4;O60508
prerank,PDGF receptor alpha - PDGF-AB complex,0.856639566395664,1.0239661249063106,0.4689265536723164,0.6629794004684714,1.0,1/3,14.35%,P16234
prerank,Major Spliceosomal B-act-I complex,0.9691292927783156,1.0238104291454373,0.291,0.6628385874759357,1.0,32/44,3.74%,Q15393;Q9BWJ5;O75533;Q13573;P62304;P62318;P62306;P14678;P62308;P62314;P62316;URS00006767A8_9606;Q96DI7;Q15029;Q6P2Q9;URS00006A1489_9606;P09661;P08579;CHEBI:139356;Q99459;O43660;Q9P013;Q9UNP9;O60306;Q9HCS7;URS000075BAAE_9606;Q9NW64;P41223;Q9BZJ0;O75643;Q9UQ35;Q9HCG8
prerank,Major Spliceosomal C complex,0.9667921547493646,1.0236384970882826,0.312,0.662704434070377,1.0,34/43,4.20%,Q13573;P62304;P62318;P62306;P14678;P62308;P62314;P62316;URS00006767A8_9606;Q96DI7;Q15029;Q6P2Q9;URS00006A1489_9606;P09661;P08579;CHEBI:139356;Q99459;O43660;Q9P013;Q9UNP9;O60306;Q9HCS7;URS000075BAAE_9606;Q9NW64;P41223;Q9BZJ0;O75643;Q9UQ35;Q9HCG8;Q9Y3C6;O75934;Q9UMS4;O60508;O95926
prerank,Major Spliceosomal C* complex,0.9665971449614749,1.02334841608393,0.318,0.6629894176113231,1.0,37/44,4.20%,Q9Y5S9;P38919;P61326;Q13573;P62304;P62318;P62306;P14678;P62308;P62314;P62316;URS00006767A8_9606;Q96DI7;Q15029;Q6P2Q9;URS00006A1489_9606;P09661;P08579;CHEBI:139356;Q99459;O43660;Q9P013;Q9UNP9;O60306;Q9HCS7;URS000075BAAE_9606;Q9NW64;P41223;Q9BZJ0;O75643;Q9UQ35;Q9HCG8;Q9Y3C6;O75934;Q9UMS4;O60508;O95926
prerank,Commander complex,0.9268425346750068,1.023318397692233,0.5635635635635635,0.6623397369507025,1.0,1/16,7.31%,Q9UBQ0
prerank,Laminin-311 complex variant B,0.856639566395664,1.0233125554838103,0.46238030095759236,0.6615956090858405,1.0,3/3,14.41%,P11047;P07942;Q16787-2
prerank,"GABA-A receptor, alpha1-beta2-beta3-gamma2",0.8601074584024961,1.0231088520697267,0.4608695652173913,0.6615946444724754,1.0,3/4,11.59%,P28472;P18507;P47870
prerank,Major Spliceosomal B-act-IV complex,0.9668068998776392,1.0230343991124793,0.309,0.661155368736598,1.0,35/43,3.95%,Q15393;Q9BWJ5;O75533;Q13573;P62304;P62318;P62306;P14678;P62308;P62314;P62316;URS00006767A8_9606;Q96DI7;Q15029;Q6P2Q9;URS00006A1489_9606;P09661;P08579;CHEBI:139356;Q99459;O43660;Q9P013;Q9UNP9;O60306;Q9HCS7;URS000075BAAE_9606;Q9NW64;P41223;Q9BZJ0;Q9UQ35;Q9HCG8;Q9Y3C6;O75934;Q9UMS4;O60508
prerank,Major Spliceosomal B-act-III complex,0.9682299105164294,1.0226377551637107,0.293,0.6618632080217932,1.0,36/46,3.95%,Q15393;Q9BWJ5;O75533;Q13573;P62304;P62318;P62306;P14678;P62308;P62314;P62316;URS00006767A8_9606;Q96DI7;Q15029;Q6P2Q9;URS00006A1489_9606;P09661;P08579;CHEBI:139356;Q99459;O43660;Q9P013;Q9UNP9;O60306;Q9HCS7;URS000075BAAE_9606;Q9NW64;P41223;Q9BZJ0;O75643;Q9UQ35;Q9HCG8;Q9Y3C6;O75934;Q9UMS4;O60508
prerank,Interleukin-4 receptor-ligand type-2 complex,0.8559919158570115,1.0219431522022422,0.4423337856173677,0.6637267821542504,1.0,2/3,12.19%,P24394;P05112
prerank,Collagen type IV trimer variant 3,0.8544715447154472,1.0218839443339618,0.47390691114245415,0.6631961997612404,1.0,1/3,14.57%,P29400
prerank,"DNA replication factor C complex, RFC1 variant",0.8644251626898048,1.0207616637427397,0.4854586129753915,0.6666989130415725,1.0,4/5,13.65%,P40938;P35249;P35250;P40937
prerank,"Gamma-delta T cell receptor complex, TRGC2 variant",0.8677347837182594,1.0207514116118306,0.47193585337915234,0.665978298113012,1.0,3/5,11.45%,P09693;P07766;P20963
prerank,"Gamma-delta T cell receptor complex, TRGC1 variant",0.8677347837182594,1.0202073984060342,0.47171945701357465,0.6672319886329257,1.0,3/5,11.45%,P09693;P07766;P20963
prerank,"DNA replication factor C complex, ATAD5 variant",0.8644251626898048,1.0198595206650674,0.48873873873873874,0.66779811169918,1.0,4/5,13.65%,P40938;P35249;P35250;P40937
prerank,"Phosphorylase kinase, muscle variant",0.8547425474254743,1.0189232153118257,0.4557823129251701,0.6705320470846022,1.0,1/3,14.54%,Q93100
prerank,CCM endothelial permeability complex,0.8542005420054201,1.0187720793074402,0.4733969986357435,0.6703314398534094,1.0,1/3,14.60%,O00522
prerank,BCDX2 complex,0.8617511520737328,1.0186807149471586,0.4776839565741858,0.6699382812531336,1.0,1/4,13.84%,O43502
prerank,PDGF receptor alpha-beta - PDGF-CC complex,0.8569105691056911,1.0181562143953045,0.4647887323943662,0.6711517544600047,1.0,2/3,14.35%,P09619;P16234
prerank,"4EHP-GIGYF1 co-translational mRNA decay complex, DDX6 variant",0.8535309370268412,1.0180852700783256,0.4616477272727273,0.6706541969948658,1.0,2/3,10.91%,P26196;O60573
prerank,PDGF receptor alpha-beta - PDGF-AB complex,0.8568717809704527,1.0179909660100332,0.47335811648079307,0.6702136104987892,1.0,2/4,14.35%,P09619;P16234
prerank,"4EHP-GIGYF2 co-translational mRNA decay complex, DDX6 variant",0.8535309370268412,1.0179838022160634,0.4675862068965517,0.6694802417844248,1.0,2/3,10.91%,P26196;O60573
prerank,Laminin-332 complex variant A,0.8525381575505832,1.0177669321009104,0.47183098591549294,0.6694901961933375,1.0,2/3,12.21%,Q16787-1;Q13753
prerank,"DNA replication factor C complex, RAD17 variant",0.8644251626898048,1.0177668744438875,0.5063145809414467,0.6687345639177242,1.0,4/5,13.65%,P40938;P35249;P35250;P40937
prerank,TIM9-TIM10-TIM10B mitochondrial intermembrane space protein transporter complex,0.8536585365853658,1.0176328923163245,0.48226950354609927,0.6684908479759509,1.0,2/3,14.68%,P62072;Q9Y5J7
prerank,Interleukin-18 receptor-ligand complex,0.8536585365853658,1.0170913028950708,0.48641304347826086,0.6697173633424839,1.0,1/3,14.65%,Q14116
prerank,"Dynein-1 complex, variant 15",0.8684336822787107,1.0163118529869228,0.48504273504273504,0.6717632650574317,1.0,2/6,9.64%,Q96FJ2;Q9NP97
prerank,Laminin-521 complex,0.8515357605236623,1.0161403872140533,0.46657381615598886,0.6715969967161504,1.0,2/3,9.37%,P11047;P55268
prerank,"Casein kinase II complex, CSNK2A1-CNSK2A2 variant",-0.5059620596205963,-1.0143236314452098,0.4166666666666667,0.5190322167665753,1.0,3/3,100.00%,P19784;P67870;P68400
prerank,"Phosphorylase kinase, liver variant",0.8547425474254743,1.0137136481282314,0.4806094182825485,0.6796943657099671,1.0,1/3,14.54%,Q93100
prerank,"Dynein-1 complex, variant 16",0.8684336822787107,1.0134738783340806,0.49075081610446136,0.6797787831566765,1.0,2/6,9.64%,Q96FJ2;Q9NP97
prerank,"Dynein-1 complex, variant 13",0.8684336822787107,1.0134578454303962,0.5079533404029692,0.6790764526053271,1.0,2/6,9.64%,Q96FJ2;Q9NP97
prerank,"Dynein-1 complex, variant 14",0.8684336822787107,1.0117385374653938,0.5102702702702703,0.6844270158573659,1.0,2/6,9.64%,Q96FJ2;Q9NP97
prerank,IL11-sIL11RA-sIL-6ST receptor-ligand buffering complex,0.8506775067750677,1.0116570793061461,0.4965229485396384,0.6839561342798811,1.0,3/3,15.00%,P40189-2;P20809;Q14626-PRO_0000450688
prerank,Kinetochore CCAN complex,0.9124286102801196,1.0115736958079937,0.593,0.6835119861996126,1.0,2/16,8.77%,A8MT69;Q8N2Z9
prerank,"GABA-A receptor, alpha1-alpha2-beta2-beta3-gamma2",0.8584597041342955,1.0103562221436613,0.5113636363636364,0.6871697701173713,1.0,3/5,11.59%,P28472;P18507;P47870
prerank,"Dynein-2 complex, light-chain variant 6",0.8747160516855546,1.0102423253790207,0.5284384694932782,0.6868584801798391,1.0,2/8,9.61%,Q96FJ2;P63172
prerank,"Dynein-2 complex, light-chain variant 3",0.8744446812649304,1.0097355890199446,0.52218782249742,0.6879483889620687,1.0,2/8,9.64%,Q96FJ2;Q9NP97
prerank,"mTNF-TNR1B receptor-ligand core complex, BIRC3 variant",0.8533477907291949,1.009364717023733,0.4993788819875776,0.6885147698649875,1.0,4/4,14.76%,Q12933;P20333-PRO_0000034548;CPX-8931;Q13489
prerank,30S proteasome complex,0.9478099625189219,1.0087342039062055,0.618,0.6891991336757801,1.0,15/33,5.58%,P60896;P49720;P25788;P20618;P25787;P49721;P60900;P28066;P25789;P25786;P28070;O14818;P28072;Q99436;P28074
prerank,26S proteasome complex,0.9478099625189219,1.0087342039062055,0.618,0.6891991336757801,1.0,15/33,5.58%,P60896;P49720;P25788;P20618;P25787;P49721;P60900;P28066;P25789;P25786;P28070;O14818;P28072;Q99436;P28074
prerank,19S-20S-PA28-gamma hybrid proteasome complex,0.9477957002089056,1.0078074476388341,0.62,0.6917960605446317,1.0,15/34,5.58%,P60896;P49720;P25788;P20618;P25787;P49721;P60900;P28066;P25789;P25786;P28070;O14818;P28072;Q99436;P28074
prerank,"mTNF-TNR1B receptor-ligand core complex, BIRC2 variant",0.8530767145567903,1.0074853691973604,0.5018587360594795,0.6921750687546862,1.0,4/4,14.78%,Q12933;P20333-PRO_0000034548;CPX-8931;Q13490
prerank,"LIN-10-LIN-2-LIN-7 complex, LIN7A variant",0.8398373983739837,1.0067248898311236,0.48342541436464087,0.6940231631200147,1.0,2/3,16.06%,O14936;Q02410
prerank,CRUMBS1-PALS1-PATJ cell polarity complex,0.8392953929539295,1.006357801103566,0.4863013698630137,0.6945682028422206,1.0,2/3,16.11%,Q8NI35;Q8N3R9
prerank,19S-20S-PA28-alphabeta hybrid proteasome complex,0.9477814301010161,1.006117578503234,0.625,0.6946408659536678,1.0,15/35,5.58%,P60896;P49720;P25788;P20618;P25787;P49721;P60900;P28066;P25789;P25786;P28070;O14818;P28072;Q99436;P28074
prerank,TTT complex,-0.5121951219512195,-1.0059942023288946,0.3769230769230769,0.528595150039952,1.0,3/3,100.00%,O43156;Q6NXR4;Q9Y4R8
prerank,Checkpoint clamp complex,-0.5159891598915989,-1.0054845986133851,0.4357142857142857,0.5243134214857132,1.0,3/3,100.00%,O60921;Q99638;O60671
prerank,CRUMBS2-PALS1-PATJ cell polarity complex,0.8392953929539295,1.0051604536657,0.47638326585695007,0.6971740543123616,1.0,2/3,16.11%,Q8NI35;Q8N3R9
prerank,"Scribble cell polarity complex, DLG2-LLGL1-SCRIB variant",0.8410922587849065,1.005147129780419,0.49793672627235214,0.6964528944806663,1.0,2/3,15.57%,Q14160;Q15334
prerank,"Scribble cell polarity complex, DLG5-LLGL1-SCRIB variant",0.8410922587849065,1.004416857552966,0.5136612021857924,0.6982427839029686,1.0,2/3,15.57%,Q14160;Q15334
prerank,"BOS complex, NOMO2 variant",0.8382113821138211,1.0042837717113087,0.49930651872399445,0.6979273898001809,1.0,2/3,16.22%,Q9BVK8;Q969V3
prerank,"Neuronal nicotinic acetylcholine receptor complex, alpha3-alpha5-beta2",0.8383190211423939,1.0039862342758232,0.48226950354609927,0.6981834078459378,1.0,2/3,13.89%,P17787-PRO_0000000379;P32297-PRO_0000000346
prerank,TBK1-IKKepsilon-SINTBAD complex,0.8403794037940379,1.0039432076848376,0.5067750677506775,0.6975759206728914,1.0,2/3,16.00%,Q9UHD2;Q14164
prerank,ATG5-ATG12-TECPR1 complex,0.8379403794037941,1.0038167686923354,0.5041782729805014,0.6972586947270932,1.0,2/3,16.25%,Q9H1Y0;O94817
prerank,"Scribble cell polarity complex, DLG2-LLGL2-SCRIB variant",0.8413632614949335,1.0030701761924925,0.49386084583901774,0.6989696607632644,1.0,2/3,15.54%,Q14160;Q6P1M3
prerank,"Scribble cell polarity complex, DLG3-LLGL1-SCRIB variant",0.8410922587849065,1.002939165982091,0.49860335195530725,0.6986587835204152,1.0,2/3,15.57%,Q14160;Q15334
prerank,"Scribble cell polarity complex, DLG5-LLGL2-SCRIB variant",0.8413632614949335,1.0029107269815491,0.5013774104683195,0.6979853148010938,1.0,2/3,15.54%,Q14160;Q6P1M3
prerank,TOM40 mitochondrial outer membrane translocase complex,-0.43326098752034725,-1.0027907625758739,0.35185185185185186,0.5237001152897167,1.0,7/7,100.00%,O94826;O96008;Q15388;Q9NS69;Q9P0U1;Q96B49;Q8N4H5
prerank,"Scribble cell polarity complex, DLG1-LLGL1-SCRIB variant",0.8410922587849065,1.0026463749562784,0.5130315500685871,0.6981536526350008,1.0,2/3,15.57%,Q14160;Q15334
prerank,TBK1-IKKepsilon-NAP1 complex,0.8403794037940379,1.0025523490203787,0.5172413793103449,0.6977147103809471,1.0,2/3,16.00%,Q9UHD2;Q14164
prerank,"LIN-10-LIN-2-LIN-7 complex, LIN7B variant",0.8398373983739837,1.0023813203781105,0.505586592178771,0.6975447128423999,1.0,2/3,16.06%,O14936;Q02410
prerank,PPP4C-PPP4R2-PPP4R3A protein phosphatase 4 complex,0.8383130081300814,1.0020486678827056,0.4993045897079277,0.6978355276290873,1.0,1/3,9.94%,P60510
prerank,"PRMT5 methylosome complex, CLNS1A variant",0.840650406504065,1.001918779776344,0.49514563106796117,0.6975421653502206,1.0,2/3,15.98%,O14744;Q9BQA1
prerank,"Scribble cell polarity complex, DLG4-LLGL1-SCRIB variant",0.8410922587849065,1.0017959556635883,0.5240715268225584,0.6971449653571117,1.0,2/3,15.57%,Q14160;Q15334
prerank,ATG12-ATG5-ATG16L2 complex,0.8379403794037941,1.0017160496129494,0.5150684931506849,0.696613431054568,1.0,2/3,16.25%,Q9H1Y0;O94817
prerank,"Scribble cell polarity complex, DLG3-LLGL2-SCRIB variant",0.8413632614949335,1.0015160906461409,0.505464480874317,0.6965509751216127,1.0,2/3,15.54%,Q14160;Q6P1M3
prerank,PPP4C-PPP4R2-PPP4R3B protein phosphatase 4 complex,0.8383130081300814,1.0014482184358837,0.5006993006993007,0.6960330638129577,1.0,1/3,9.94%,P60510
prerank,ATG12-ATG5-ATG16L1 complex,0.8379403794037941,1.001177116416264,0.5174825174825175,0.6961865063145372,1.0,2/3,16.25%,Q9H1Y0;O94817
prerank,"LIN-10-LIN-2-LIN-7 complex, LIN7C variant",0.8398373983739837,1.0001820723862038,0.5106382978723404,0.6987035817706087,1.0,2/3,16.06%,O14936;Q02410
prerank,28S mitochondrial small ribosomal subunit,-0.45439650464227194,-1.0,1.0,0.49861820560377657,1.0,31/31,100.00%,P82933;Q92552;Q92665;Q96BP2;Q96EL2;Q96EY7;Q9BYN8;Q9NWT8;Q9Y291;Q9Y2Q9;P82650;P82912;P82914;P82921;P82930;P82932;P82663;P82664;P82673;P82675;URS000044DFF6_9606;O15235;O60783;P51398;Q9Y676;Q9Y2R5;Q9Y2R9;Q9Y399;Q9Y3D3;Q9Y3D5;Q9Y3D9
prerank,Mitochondrial proton-transporting ATP synthase complex,-0.5215141612200436,-1.0,1.0,0.49861820560377657,1.0,21/21,100.00%,P06576;O75947;O75964;P00846;P03928;P05496;P18859;P24539;P30049;Q7Z4Y8;Q96IX5;Q5VTU8;P36542;P48047;P48201;P56134;P56378;P56381;P56385;Q06055;P25705
prerank,Core mediator complex,-0.3725115898554677,-1.0,1.0,0.49861820560377657,1.0,26/26,100.00%,Q9ULK4;Q9Y2X0;Q9P086;Q15528;Q9NX70;A0JLT2;O43513;O60244;O75448;O75586;O95402;Q13503;Q9Y3C7;Q9NWA0;Q9H944;Q9NPJ6;Q15648;Q9BTT4;Q9BUE0;Q9H204;Q9NVC6;Q6P2C8;Q71SY5;Q96G25;Q96HR3;Q96RN5
prerank,39S mitochondrial large ribosomal subunit,-0.45864248419895576,-1.0,1.0,0.49861820560377657,1.0,54/54,100.00%,Q9H0U6;Q9H2W6;Q9H9J2;Q9NYK5;Q9HD33;Q9NP92;Q9NQ50;Q9NRX2;Q9NVS2;Q9NWU5;Q9NZE8;Q9P015;Q9P0J6;Q9P0M9;Q9Y3B7;Q9Y6G3;URS000047A7F4_9606;URS000080E36F_9606;Q9BZE1;Q9NX20;P52815;O75394;P09001;Q7Z7F7;Q13084;Q13405;Q14197;Q16540;Q4U2R6;Q5T653;Q6P161;Q6P1L8;Q7Z2W9;Q8N983;Q7Z7H8;Q86TS9;Q8IXM3;Q8N5N7;Q8TAE8;Q8TCC3;Q96A35;Q96DV4;Q96GC5;Q9BYD2;P49406;Q9BQ48;Q9BQC6;Q9BRJ2;Q9BYC8;Q9BYC9;Q9BYD1;Q9BYD3;Q9BYD6;Q96EL3
prerank,40S cytosolic small ribosomal subunit,-0.5579234972677596,-1.0,1.0,0.49861820560377657,1.0,33/33,100.00%,P62280;P62851;P62861;P62979;P63220;P62277;P62857;URS0000704D22_9606;[P62701];P62269;P61247;P62081;P62241;P62244;P62249;P62263;P62266;P62273;P62847;P25398;P62753;P62841;P60866;P08708;P08865;P15880;P23396;P39019;P46781;P46782;P46783;P62854;P63244
prerank,Intraflagellar transport complex B,-0.3511014413924395,-1.0,1.0,0.49861820560377657,1.0,16/16,100.00%,Q9UG01;Q9Y366;Q9Y547;Q9NQC8;Q9NWB7;Q13099;Q9H7X7;Q96LB3;Q9BW83;Q96AJ1;Q8WYA0;Q8TDR0;Q8N4P2;Q8IY31;Q9P2H3;A0AVF1
prerank,"Scribble cell polarity complex, DLG4-LLGL2-SCRIB variant",0.8413632614949335,0.9994515594984053,0.5279672578444747,0.7003494633301911,1.0,2/3,15.54%,Q14160;Q6P1M3
prerank,CRUMBS3-PALS1-PATJ cell polarity complex,0.8392953929539295,0.9991700113962272,0.49239280774550487,0.7004824521644885,1.0,2/3,16.11%,Q8NI35;Q8N3R9
prerank,"Scribble cell polarity complex, DLG1-LLGL2-SCRIB variant",0.8413632614949335,0.9988103573684353,0.5096153846153846,0.7008976343675721,1.0,2/3,15.54%,Q14160;Q6P1M3
prerank,TIM22 mitochondrial inner membrane twin-pore carrier translocase complex,0.8535394629780308,0.9987603795657207,0.5332618025751072,0.700310200928342,1.0,2/6,14.68%,P62072;Q9Y5J7
prerank,"Neuronal nicotinic acetylcholine receptor complex, alpha3-alpha6-beta2-beta3",0.8393125882157257,0.9987480068980729,0.5153751537515375,0.699587787851678,1.0,2/4,13.89%,P17787-PRO_0000000379;P32297-PRO_0000000346
prerank,TBK1-IKKepsilon-TANK complex,0.8403794037940379,0.9985843972447564,0.5284552845528455,0.6993256489891654,1.0,2/3,16.00%,Q9UHD2;Q14164
prerank,"DNA replication factor C complex, CHTF18 variant",0.8643516006511123,0.9981867194808413,0.5631578947368421,0.6997988902744573,1.0,4/7,13.65%,P40938;P35249;P35250;P40937
prerank,"BOS complex, NOMO1 variant",0.8382113821138211,0.9981287726827188,0.5145631067961165,0.6992490916589461,1.0,2/3,16.22%,Q9BVK8;Q969V3
prerank,TGF-beta-3-TGFR complex,0.8387533875338753,0.9977951934387472,0.5237430167597765,0.699585747251768,1.0,2/3,16.17%,P37173;P36897
prerank,mTORC1 complex,0.8384823848238483,0.9971567788078312,0.5167597765363129,0.7008749464506064,1.0,2/3,16.19%,Q9BVC4;P42345
prerank,"BOS complex, NOMO3 variant",0.8382113821138211,0.996896410294582,0.5242587601078167,0.7009197453482353,1.0,2/3,16.22%,Q9BVK8;Q969V3
prerank,Laminin-511 complex,0.834959349593496,0.9968344417589067,0.5076708507670851,0.7003734253562226,1.0,3/3,16.57%,P11047;P07942;O15230
prerank,"PRMT5 methylosome complex, RIOK1 variant",0.840650406504065,0.996285381649634,0.5213675213675214,0.7013060019754522,1.0,2/3,15.98%,O14744;Q9BQA1
prerank,"PRMT5 methylosome complex, COPR5 variant",0.840650406504065,0.99556007846293,0.5274261603375527,0.702819387835796,1.0,2/3,15.98%,O14744;Q9BQA1
prerank,TGF-beta-1-TGFR complex,0.8387533875338753,0.9955141309724342,0.521557719054242,0.7022332827786583,1.0,2/3,16.17%,P37173;P36897
prerank,"ESCRT-I complex, VPS37B-MVB12B variant",0.8345184531141794,0.9941599105445548,0.5316301703163017,0.7056809950606501,1.0,2/4,12.08%,Q9UK41;Q99816
prerank,"Alpha-beta T cell receptor complex, TRBC2 variant",0.8569953398920037,0.9936380267668594,0.5547128927410617,0.7065587849848187,1.0,3/6,11.45%,P09693;P07766;P20963
prerank,"ESCRT-I complex, VPS37A-MVB12B variant",0.8345184531141794,0.9934654358745632,0.5312883435582823,0.7063725274334789,1.0,2/4,12.08%,Q9UK41;Q99816
prerank,Laminin-522 complex,0.8349593495934959,0.9934408191977205,0.5242047026279392,0.7057099338471737,1.0,3/3,16.57%,P55268;Q13753;O15230
prerank,TSC1-TSC2 complex,-0.5151761517615177,-0.9928935456300846,0.44696969696969696,0.5060476594554747,1.0,3/3,100.00%,P49815;Q92574;Q9P0N9
prerank,"ESCRT-I complex, VPS37B-MVB12A variant",0.8345184531141794,0.9927219563369382,0.526060606060606,0.7072668902987285,1.0,2/4,12.08%,Q9UK41;Q99816
prerank,"ESCRT-I complex, VPS37D-MVB12B variant",0.8345184531141794,0.9923698836483945,0.5373317013463892,0.7076058509682593,1.0,2/4,12.08%,Q9UK41;Q99816
prerank,"ESCRT-I complex, VPS37A-MVB12A variant",0.8345184531141794,0.992178975227711,0.5261875761266748,0.7074746413801022,1.0,2/4,12.08%,Q9UK41;Q99816
prerank,"Dystrophin glycoprotein complex, CNS variant",0.8647056847165018,0.9920711650945754,0.5708418891170431,0.7070648648607859,1.0,3/8,8.37%,Q13424;Q14118-PRO_0000021065;Q14118-PRO_0000021066
prerank,"ESCRT-I complex, VPS37B-UBAP1 variant",0.8345184531141794,0.9917301081836877,0.5268948655256723,0.7073822509957883,1.0,2/4,12.08%,Q9UK41;Q99816
prerank,"Alpha-beta T cell receptor complex, TRBC1 variant",0.8569953398920037,0.9916484609907228,0.5633802816901409,0.7068906439856225,1.0,3/6,11.45%,P09693;P07766;P20963
prerank,"ESCRT-I complex, VPS37A-UBAP1 variant",0.8345184531141794,0.9913232244402282,0.528415961305925,0.7071937639239839,1.0,2/4,12.08%,Q9UK41;Q99816
prerank,TGF-beta-2-TGFR complex,0.8387533875338753,0.9912892723728491,0.5454545454545454,0.7065599566858994,1.0,2/3,16.17%,P37173;P36897
prerank,"ESCRT-I complex, VPS37D-UBAP1 variant",0.8345184531141794,0.9904776563047207,0.5252774352651048,0.7083161914101063,1.0,2/4,12.08%,Q9UK41;Q99816
prerank,Collagen type XI trimer variant 3,0.8306233062330621,0.9902774328996466,0.5344129554655871,0.7081737491084432,1.0,3/3,17.01%,P12107;P05997;P20908
prerank,"ESCRT-I complex, VPS37D-MVB12A variant",0.8345184531141794,0.9898367967436464,0.5341463414634147,0.7087339120902096,1.0,2/4,12.08%,Q9UK41;Q99816
prerank,Nuclear pore complex,0.9273422562141492,0.9890295351485259,0.751,0.7104561054414993,1.0,3/32,7.28%,P55735;P49792;Q96EE3
prerank,Ribonuclease MRP complex,0.8645494028230186,0.9886811546588933,0.5928205128205128,0.7108004159384705,1.0,9/9,13.76%,URS000075C8FA_9606;O95707;P78345;Q99575;P78346;O75818;O75817;Q969H6;Q9BUL9
prerank,"ESCRT-I complex, VPS37C-MVB12A variant",0.8345184531141794,0.9880215978934948,0.5420219244823387,0.7121588352393312,1.0,2/4,12.08%,Q9UK41;Q99816
prerank,Collagen type V trimer variant 2,0.8303523035230352,0.9879062132150762,0.5483870967741935,0.7117591267013076,1.0,2/3,17.01%,P05997;P20908
prerank,"ESCRT-I complex, VPS37C-MVB12B variant",0.8345184531141794,0.98734975135539,0.5528255528255528,0.7128030866003779,1.0,2/4,12.08%,Q9UK41;Q99816
prerank,"Endothelial AP-1 Adaptor complex, sigma1a variant",0.8321866925364678,0.9868650331664832,0.5536791314837153,0.7134402137272378,1.0,2/4,14.11%,O43747;Q10567
prerank,"GABA-A receptor, alpha5-beta2-gamma2",0.8216716257878395,0.9865040868446993,0.5424200278164116,0.7138500505526356,1.0,2/3,11.59%,P18507;P47870
prerank,"ESCRT-I complex, VPS37C-UBAP1 variant",0.8345184531141794,0.9863365167329662,0.5422276621787026,0.7136033838066345,1.0,2/4,12.08%,Q9UK41;Q99816
prerank,"GABA-A receptor, alpha1-beta2-gamma2",0.8219953200180417,0.9838968072941218,0.5396600566572238,0.7201279671639996,1.0,2/3,11.59%,P18507;P47870
prerank,Laminin-213 complex,0.8242560222524782,0.9832469360077093,0.5690376569037657,0.7213786306925108,1.0,1/3,10.32%,P07942
prerank,"GABA-A receptor, alpha3-beta1-gamma2 complex",0.8201081123729727,0.9829913808004649,0.5321477428180574,0.7213895746007991,1.0,2/3,12.43%,P18507;P34903
prerank,"GABA-A receptor, alpha1-alpha3-beta2-gamma2",0.8270948150242277,0.9826711635371229,0.5415117719950434,0.7216072262052112,1.0,3/4,12.43%,P18507;P47870;P34903
prerank,Laminin-332 complex variant B,0.822908052677285,0.9825988926224765,0.5583684950773559,0.7210525285669523,1.0,2/3,14.41%,Q13753;Q16787-2
prerank,"mTNF-TNR1A receptor-ligand core complex, BIRC2 variant",0.8460161992250643,0.981414436270134,0.5820271682340648,0.7238483265338712,1.0,2/7,7.74%,Q12933;Q13546
prerank,"mTNF-TNR1A receptor-ligand core complex, BIRC3 variant",0.8460161992250643,0.980409607467513,0.587117212249208,0.7260426229713935,1.0,2/7,7.74%,Q12933;Q13546
prerank,"Nuclear mitotic cohesin complex, STAG1 variant",0.8290566300730685,0.979868238824563,0.5594660194174758,0.7269971260709135,1.0,2/4,14.84%,Q9UQE7;O60216
prerank,mTORC2 complex,0.8383947939262473,0.9796405770904177,0.5956719817767654,0.7269303117297347,1.0,2/5,16.19%,Q9BVC4;P42345
prerank,"Nuclear mitotic cohesin complex, STAG2 variant",0.8290566300730685,0.9778110589576885,0.5669099756690997,0.7315779727117959,1.0,2/4,14.84%,Q9UQE7;O60216
prerank,Nucleolar ribonuclease P complex,0.8642042368278111,0.9776170115735854,0.6401209677419355,0.7313854758529483,1.0,8/11,13.76%,O95707;P78345;Q99575;P78346;O75818;O75817;Q969H6;Q9BUL9
prerank,"GABA-A receptor, alpha2-beta1-gamma2 complex",0.8153524049302402,0.9755062746758206,0.5404312668463612,0.7367462379680217,1.0,1/3,9.96%,P18507
prerank,Mitochondrial BOLA1-GLRX5 iron-sulfur cluster assembly complex,0.8274148369433194,0.9755036382940068,0.5624242424242424,0.7359981653382281,1.0,2/4,12.54%,CHEBI:16856;CHEBI:33737
prerank,"FTS-Hook-FHIP cargo adaptor complex, FHIP2A-HOOK2 variant",0.8168021680216803,0.9750418144830144,0.5708502024291497,0.7365128883860874,1.0,2/3,18.36%,Q9H8T0;Q96ED9
prerank,"Prefoldin co-chaperone complex, URI1 variant",0.834598698481562,0.9748004881341052,0.6047565118912798,0.7364546547353596,1.0,3/5,16.60%,Q9UHV9;O15212;Q9NUG6
prerank,Mitochondrial BOLA3-GLRX5 iron-sulfur cluster assembly complex,0.8274148369433194,0.9724892974762712,0.5847665847665847,0.7423932196491874,1.0,2/4,12.54%,CHEBI:16856;CHEBI:33737
prerank,SNARE priming complex STX17-SNAP29-YKT6,0.8170731707317075,0.9687466198795905,0.6038781163434903,0.7522770071090973,1.0,2/3,18.33%,P56962;O95721
prerank,FCN2-MASP2 lectin-protease complex,0.8073170731707318,0.968590313413497,0.561141304347826,0.7519133943031052,1.0,3/3,19.33%,O00187-PRO_0000027600;O00187-PRO_0000027599;Q15485
prerank,MBL2-MASP2 lectin-protease complex,0.8075880758807589,0.9677477179770044,0.5706521739130435,0.753496230537544,1.0,3/3,19.31%,O00187-PRO_0000027600;O00187-PRO_0000027599;P11226
prerank,MBL2-MASP1 lectin-protease complex,0.8075880758807588,0.967186224520187,0.5716292134831461,0.7542267907558609,1.0,3/3,19.31%,P48740-PRO_0000027594;P48740-PRO_0000027593;P11226
prerank,"GABA-A receptor, alpha1-alpha2-beta2-gamma2",0.818036488069146,0.967181503998323,0.5826193390452876,0.7534848341968383,1.0,2/4,11.59%,P18507;P47870
prerank,FCN3-MASP1 lectin-protease complex,0.8051490514905149,0.9671710141545672,0.5700280112044818,0.7527532523138467,1.0,3/3,19.55%,P48740-PRO_0000027594;P48740-PRO_0000027593;O75636
prerank,"Mitochondrial calcium uniporter complex, MICU1 variant",0.8043360433604335,0.966049231742882,0.5860215053763441,0.7550855817991711,1.0,3/3,19.63%,Q9BPX6;Q9H4I9;Q8NE86
prerank,"4EHP-GIGYF2 co-translational mRNA decay complex, ZNF598 variant",0.8088753387046375,0.9656115452911033,0.5918367346938775,0.755485063552442,1.0,2/3,16.65%,O60573;Q6Y7W6
prerank,FCN3-MASP2 lectin-protease complex,0.805149051490515,0.9652816616644625,0.5716234652114598,0.755621679899593,1.0,3/3,19.55%,O00187-PRO_0000027600;O00187-PRO_0000027599;O75636
prerank,"GABA-A receptor, alpha1-beta1-gamma2",0.8040650406504065,0.9637981726921616,0.5782967032967034,0.7590111276309786,1.0,3/3,19.66%,P18507;P14867;P18505
prerank,FCN2-MASP1 lectin-protease complex,0.8073170731707316,0.9635542924529644,0.5857142857142857,0.758912181238673,1.0,3/3,19.33%,P48740-PRO_0000027594;P48740-PRO_0000027593;Q15485
prerank,Oligosaccharyltransferase complex A,0.8439196525515742,0.9632030809560833,0.6327568667344863,0.7591397436636664,1.0,6/9,15.73%,P04843;P61165;P39656;P61803;P0C6T2;P04844
prerank,AP-5 Adaptor complex,-0.4605584169151531,-0.9627571073762397,0.46808510638297873,0.555043398528017,1.0,4/4,100.00%,O43299;Q2VPB7;Q9H0R1;Q9NUS5
prerank,"Little elongation complex, ELL2 variant",0.8194632691786392,0.9617120401868174,0.6166253101736973,0.7624108136812716,1.0,3/4,18.12%,Q659A1;Q8N5P1;Q9Y2F5
prerank,"GABA-A receptor, alpha5-beta1-gamma2 complex",0.8040650406504064,0.9616879037053198,0.5857338820301783,0.7617212536787326,1.0,3/3,19.66%,P18507;P31644;P18505
prerank,"4EHP-GIGYF1 co-translational mRNA decay complex, ZNF598 variant",0.8086043359946103,0.9614862970242768,0.596045197740113,0.7615386540182413,1.0,2/3,16.68%,O60573;O75420
prerank,"Little elongation complex, ELL variant",0.8194632691786392,0.9610035672534067,0.607795371498173,0.7621667290187193,1.0,3/4,18.12%,Q659A1;Q8N5P1;Q9Y2F5
prerank,"Nuclear meiotic cohesin complex, RAD21L1 variant",0.8097045269720791,0.9607826983108783,0.6139315230224321,0.7620498618156685,1.0,3/4,19.09%,Q9UQE7;Q8NDV3;Q9UJ98
prerank,FCN1-MASP1 lectin-protease complex,0.8046070460704606,0.9606077451522484,0.592436974789916,0.7617337957773174,1.0,3/3,19.60%,P48740-PRO_0000027594;P48740-PRO_0000027593;O00602
prerank,SNARE complex STX17-SNAP47-VAMP8,0.8069678427977827,0.9605897849773682,0.6013888888888889,0.7610187998781407,1.0,1/3,12.10%,P56962
prerank,FCN1-MASP2 lectin-protease complex,0.8046070460704607,0.9605495735983189,0.5851351351351352,0.760353349347427,1.0,3/3,19.60%,O00187-PRO_0000027600;O00187-PRO_0000027599;O00602
prerank,"Dystrophin glycoprotein complex, retinal outer plexiform layer variant",0.8506246605105918,0.9602181784380955,0.6736947791164659,0.7605173451580778,1.0,10/11,15.16%,Q13424;Q14118-PRO_0000021065;Q14118-PRO_0000021066;O60941;Q16585;Q13326;Q16586;Q92629;Q13884;Q14714
prerank,"Ubiquitous AP-1 Adaptor complex, sigma1b variant",0.8099756031444836,0.9601249241378577,0.6050119331742243,0.7600119752464246,1.0,3/4,19.06%,O43747;Q10567;Q9BXS5
prerank,Laminin-523 complex,0.8056382929024825,0.9599593875560597,0.6229050279329609,0.759720225725896,1.0,2/3,16.57%,P55268;O15230
prerank,SNARE complex STX17-SNAP47-VAMP7,0.8069678427977827,0.9598654216361888,0.6045197740112994,0.7592210098824891,1.0,1/3,12.10%,P56962
prerank,uPA-uPAR-vitronectin complex,0.805420054200542,0.9595138204787063,0.6027586206896551,0.75942465272077,1.0,2/3,19.50%,P00749;P04004
prerank,"Dynein-1 complex, variant 1",0.8203969543744766,0.959396832207537,0.6172707889125799,0.7590017295914943,1.0,4/6,12.37%,P63172;Q9NP97;P63167;Q14204
prerank,"Dynein-1 complex, variant 4",0.8203969543744766,0.9590984582155753,0.6272630457933972,0.759030338609417,1.0,4/6,12.37%,P63172;Q9NP97;P63167;Q14204
prerank,"Nuclear meiotic cohesin complex, RAD21 variant",0.8099756031444836,0.959067936275234,0.6147342995169082,0.7583742976155495,1.0,4/4,19.09%,Q9UQE7;O60216;Q8NDV3;Q9UJ98
prerank,"Dystrophin glycoprotein complex, skeletal muscle variant",0.8503530689842473,0.9590440957715509,0.6696696696696697,0.7576870386013916,1.0,9/11,15.16%,Q13424;Q14118-PRO_0000021065;Q14118-PRO_0000021066;Q16585;Q13326;Q16586;Q92629;Q13884;Q14714
prerank,"Dynein-1 complex, variant 2",0.8203969543744766,0.9588263126133083,0.6209850107066381,0.757563105749978,1.0,4/6,12.37%,P63172;Q9NP97;P63167;Q14204
prerank,HOPS tethering complex,0.8204502305397342,0.9581248551187251,0.6433941997851772,0.7587093580107503,1.0,4/6,18.03%,Q9P253;Q9H270;Q9H269;Q96AX1
prerank,"Dynein-1 complex, variant 3",0.8203969543744766,0.958123051890057,0.6328042328042328,0.7579676078550202,1.0,4/6,12.37%,P63172;Q9NP97;P63167;Q14204
prerank,"Little elongation complex, ELL3 variant",0.8194632691786392,0.9576923123911094,0.6351351351351351,0.7584062310180588,1.0,3/4,18.12%,Q659A1;Q8N5P1;Q9Y2F5
prerank,"Dystrophin glycoprotein complex, retinal inner limiting membrane variant",0.8487441580931885,0.9575765979417539,0.6763527054108216,0.7579509704604716,1.0,9/11,15.16%,Q13424;Q14118-PRO_0000021065;Q14118-PRO_0000021066;Q16585;Q13326;Q16586;Q92629;Q13884;Q14714
prerank,CORVET tethering complex,0.8204502305397342,0.9573666603046187,0.6289445048966268,0.7577842887382579,1.0,4/6,18.03%,Q9P253;Q9H270;Q9H269;Q96AX1
prerank,"Dystrophin glycoprotein complex, neuromuscular junction variant",0.8487441580931885,0.9573227278534184,0.6803607214428857,0.7571486205944616,1.0,9/11,15.16%,Q13424;Q14118-PRO_0000021065;Q14118-PRO_0000021066;Q16585;Q13326;Q16586;Q92629;Q13884;Q14714
prerank,GABA-A receptor alpha6-beta1-gamma2 complex,0.794696612756156,0.9572824785303384,0.5892116182572614,0.7565174261369634,1.0,1/3,9.96%,P18507
prerank,"miRNA RISC complex, TNRC6C variant",0.8120932754880694,0.9572383007787051,0.6160714285714286,0.7558960636948723,1.0,4/5,18.87%,Q9H9G7;Q9HCK5;Q9UL18;Q9UKV8
prerank,CL-LK-MASP1 lectin-protease complex,0.8056383843860123,0.9568421688937653,0.5968137254901961,0.7562096417419243,1.0,4/4,19.52%,P48740-PRO_0000027594;P48740-PRO_0000027593;Q9Y6Z7;Q9BWP8
prerank,"Ubiquitous AP-1 Adaptor complex, sigma1c variant",0.8099756031444836,0.9562519038223456,0.6233292831105711,0.7570351153713863,1.0,3/4,19.06%,O43747;Q10567;Q9BXS5
prerank,"Oligosaccharyltransferase complex B, TUCS3 variant",0.829676293842541,0.9553661349313818,0.6539256198347108,0.7587094658656279,1.0,6/8,15.73%,P04843;P61165;P39656;P61803;P0C6T2;P04844
prerank,"Oligosaccharyltransferase complex B, MAGT1 variant",0.829676293842541,0.9552582353857368,0.651186790505676,0.7582703071144995,1.0,6/8,15.73%,P04843;P61165;P39656;P61803;P0C6T2;P04844
prerank,"miRNA RISC complex, TNRC6A variant",0.8120932754880694,0.9550073088862917,0.6269487750556793,0.7581420317672857,1.0,4/5,18.87%,Q9H9G7;Q9HCK5;Q9UL18;Q9UKV8
prerank,CL-LK-MASP2 lectin-protease complex,0.8056383843860123,0.9549785624260729,0.6097560975609756,0.7574864070787238,1.0,4/4,19.52%,O00187-PRO_0000027600;O00187-PRO_0000027599;Q9Y6Z7;Q9BWP8
prerank,"Dynein-1 complex, variant 8",0.8150257662055872,0.9545702012762903,0.6239224137931034,0.7578424845146614,1.0,6/6,18.63%,P63172;P63167;Q14204;Q8TF09;Q9Y6G9;Q13409
prerank,"GABA-A receptor, alpha1-beta1-beta2-gamma2",0.8042830035239902,0.9543167538111373,0.6088560885608856,0.7577832196567897,1.0,4/4,19.66%,P18507;P47870;P14867;P18505
prerank,"WASH complex, variant WASH6P/WASHC2A",0.8070759658074299,0.9543010546588994,0.6368909512761021,0.7570925835677662,1.0,4/5,19.25%,Q9Y3C0;Q12768;Q2M389;Q641Q2
prerank,"Mitochondrial calcium uniporter complex, MICU1-MICU3 variant",0.8042830035239903,0.9542231703005624,0.6260454002389486,0.7565745711598435,1.0,3/4,19.63%,Q9BPX6;Q9H4I9;Q8NE86
prerank,"Dynein-1 complex, variant 7",0.8150257662055872,0.9539332746567972,0.6129032258064516,0.7565772901612159,1.0,6/6,18.63%,P63172;P63167;Q14204;Q8TF09;O43237;Q13409
prerank,"Mitochondrial calcium uniporter complex, MICU1-MICU2 variant",0.8042830035239903,0.9538129790593433,0.6150178784266984,0.7561637761090836,1.0,3/4,19.63%,Q9BPX6;Q9H4I9;Q8NE86
prerank,"Dynein-1 complex, variant 6",0.8147545429888798,0.9537734658235902,0.630901287553648,0.7555505756822636,1.0,6/6,18.66%,P63172;P63167;Q14204;Q8TF09;Q9Y6G9;O14576
prerank,"Nuclear meiotic cohesin complex, REC8 variant",0.8097045269720791,0.9534362040049594,0.6378244746600742,0.7556507145321144,1.0,3/4,19.09%,Q9UQE7;Q8NDV3;Q9UJ98
prerank,"WASH complex, variant WASH6P/WASHC2C",0.8073471154820503,0.9532938010022826,0.6387614678899083,0.7553356385501644,1.0,4/5,19.23%,Q9Y3C0;Q12768;Q2M389;Q9Y4E1
prerank,"Dynein-1 complex, variant 5",0.8147545429888798,0.9526921311793817,0.6310160427807486,0.7561328197620867,1.0,6/6,18.66%,P63172;P63167;Q14204;Q8TF09;O43237;O14576
prerank,"miRNA RISC complex, TNRC6B variant",0.8120932754880694,0.9519545239072886,0.6487093153759821,0.7574314460195181,1.0,4/5,18.87%,Q9H9G7;Q9HCK5;Q9UL18;Q9UKV8
prerank,"WASH complex, variant WASHC1/WASHC2C",0.8073471154820503,0.9506754604913511,0.6398158803222095,0.7601664455462982,1.0,4/5,19.23%,Q9Y3C0;Q12768;Q2M389;Q9Y4E1
prerank,"WASH complex, variant WASHC1/WASHC2A",0.8070759658074299,0.9505556529449282,0.6345707656612529,0.7597701920908265,1.0,4/5,19.25%,Q9Y3C0;Q12768;Q2M389;Q641Q2
prerank,"SEC61 protein-conducting channel complex, SEC1A2 variant",0.7921409214092141,0.9502109192955132,0.6063977746870653,0.7599225923362487,1.0,2/3,20.82%,P60468;P60059
prerank,"WASH complex, variant WASH2P/WASHC2A",0.8070759658074299,0.9498634791805685,0.6394399066511085,0.7600525946461842,1.0,4/5,19.25%,Q9Y3C0;Q12768;Q2M389;Q641Q2
prerank,"WASH complex, variant WASH4P/WASHC2A",0.8070759658074299,0.9492457863514945,0.6443941109852774,0.7608858782004136,1.0,4/5,19.25%,Q9Y3C0;Q12768;Q2M389;Q641Q2
prerank,"GABA-A receptor, alpha4-beta1-gamma2 complex",0.794696612756156,0.9489574685238291,0.6168741355463347,0.7609170011795368,1.0,1/3,9.96%,P18507
prerank,"FTS-Hook-FHIP cargo adaptor complex, FHIP1B-HOOK1/3 variant",0.8023854703171593,0.9489284298067315,0.6206896551724138,0.760273171150967,1.0,3/4,19.82%,Q9H8T0;Q9UJC3;Q86VS8
prerank,"WASH complex, variant WASH4P/WASHC2C",0.8073471154820503,0.9487387908037133,0.6520763187429854,0.7600437203568198,1.0,4/5,19.23%,Q9Y3C0;Q12768;Q2M389;Q9Y4E1
prerank,"FTS-Hook-FHIP cargo adaptor complex, FHIP1A-HOOK1/3 variant",0.8023854703171593,0.9482361271628919,0.6308243727598566,0.7606758305715802,1.0,3/4,19.82%,Q9H8T0;Q9UJC3;Q86VS8
prerank,"WASH complex, variant WASH2P/WASHC2C",0.8073471154820503,0.9480661205561046,0.6486796785304249,0.7603857310743437,1.0,4/5,19.23%,Q9Y3C0;Q12768;Q2M389;Q9Y4E1
prerank,"WASH complex, variant WASH3P/WASHC2A",0.8070759658074299,0.9478434717451398,0.6512166859791425,0.7602352493104556,1.0,4/5,19.25%,Q9Y3C0;Q12768;Q2M389;Q641Q2
prerank,"SEC61 protein-conducting channel complex, SEC1A1 variant",0.7921409214092141,0.9475637438916805,0.6200814111261872,0.7601947372465498,1.0,2/3,20.82%,P60468;P60059
prerank,"TAK1-TAB complex, TAB2 variant",0.7953929539295392,0.9475461553050942,0.6325648414985591,0.7595124863863164,1.0,2/3,20.50%,O43318;Q15750
prerank,"Replication protein A complex, RPA2 variant",0.7978319783197831,0.9475317379820866,0.6337047353760445,0.7588315338150654,1.0,2/3,20.25%,P27694;P35244
prerank,"WASH complex, variant WASH3P/WASHC2C",0.8073471154820503,0.9468998135700958,0.6602272727272728,0.7596924305592565,1.0,4/5,19.23%,Q9Y3C0;Q12768;Q2M389;Q9Y4E1
prerank,"FTS-Hook-FHIP cargo adaptor complex, FHIP2B-HOOK1/2/3 variant",0.8026030368763558,0.9453324093934933,0.6358574610244989,0.763002375732551,1.0,4/5,19.82%,Q9H8T0;Q96ED9;Q9UJC3;Q86VS8
prerank,"Mitochondrial calcium uniporter complex, MICUB variant",0.804229934924078,0.9452666301076041,0.6508287292817679,0.7624385695277816,1.0,3/5,19.63%,Q9BPX6;Q9H4I9;Q8NE86
prerank,"TAK1-TAB complex, TAB3 variant",0.7953929539295392,0.944992907960042,0.6394366197183099,0.7623837355226111,1.0,2/3,20.50%,O43318;Q15750
prerank,Caspase-2 PIDDosome,-0.4823848238482385,-0.943792631927252,0.5112781954887218,0.585585042825155,1.0,3/3,100.00%,P42575;Q9HB75;P78560
prerank,ASCC DNA alkylation repair complex,0.7940379403794038,0.943732943665815,0.6565517241379311,0.7647997062754381,1.0,2/3,20.63%,Q9H1I8;Q8N3C0
prerank,"Beta-catenin destruction core complex, APC-AXIN2-GSK3B variant",0.7990678216399703,0.9434017599834246,0.6592865928659286,0.7648992826932742,1.0,2/4,14.16%,P49841;P48729
prerank,"Replication protein A complex, RPA4 variant",0.7978319783197831,0.9432901367445162,0.6449864498644986,0.7644538863370516,1.0,2/3,20.25%,P27694;P35244
prerank,"RAVE complex, DMXL2 variant",0.791869918699187,0.9419308660524491,0.6481994459833795,0.7671621657695646,1.0,2/3,20.85%,Q9GZN7;Q9Y4E6
prerank,RQT ribosome-associated quality control trigger complex,0.7940379403794038,0.9417079023869419,0.670299727520436,0.7670400749619715,1.0,2/3,20.63%,Q9H1I8;Q8N3C0
prerank,"RAVE complex, DMXL1 variant",0.791869918699187,0.9406808092981497,0.6434540389972145,0.7688732735636457,1.0,2/3,20.85%,Q9GZN7;Q9Y4E6
prerank,"Cav1.2 voltage-gated calcium channel complex, CACNA2D1-CACNB4 variant",0.7885605855245323,0.940655956134425,0.6473429951690821,0.7682081006609982,1.0,4/4,21.23%,Q13936;O00305;P54289-PRO_0000005002;P54289-PRO_0000005001
prerank,"Beta-catenin destruction core complex, APC-AXIN1-GSK3B variant",0.7990678216399703,0.9405575363280005,0.6714628297362111,0.7677689024677703,1.0,2/4,14.16%,P49841;P48729
prerank,"Cav1.2 voltage-gated calcium channel complex, CACNA2D1-CACNB2 variant",0.7885605855245325,0.9401870712912686,0.6551297898640297,0.7679422735473881,1.0,4/4,21.23%,Q13936;Q08289;P54289-PRO_0000005002;P54289-PRO_0000005001
prerank,"GABA-A receptor, alpha1-alpha2-beta1-beta2-gamma2",0.800244589797528,0.9392963336887643,0.6492622020431328,0.7695053691000002,1.0,4/5,19.66%,P18507;P47870;P14867;P18505
prerank,"Beta-catenin destruction core complex, APC2-AXIN2-GSK3B variant",0.7990678216399703,0.9390878147302602,0.6699147381242387,0.7692717778449973,1.0,2/4,14.16%,P49841;P48729
prerank,"GABA-A receptor, alpha6-beta2-delta",0.7806375794052706,0.9385833536442657,0.6624649859943977,0.7698509624216611,1.0,1/3,11.59%,P47870
prerank,"Cav1.2 voltage-gated calcium channel complex, CACNA2D4-CACNB2 variant",0.788289509352128,0.9385060863589032,0.6683417085427136,0.769286082371833,1.0,4/4,21.26%,Q13936;Q08289;Q7Z3S7-PRO_0000304657;Q7Z3S7-PRO_0000304656
prerank,"Neuronal nicotinic acetylcholine receptor complex, alpha3-alpha6-beta4",0.788605009149075,0.9384104489718185,0.6548797736916548,0.7688134890182191,1.0,2/3,14.38%,P32297-PRO_0000000346;P30926-PRO_0000000389
prerank,"Dynein-2 complex, light-chain variant 1 ",0.8116689280868385,0.937550189833987,0.6796714579055442,0.770304972177433,1.0,8/8,19.01%,P63172;Q9NP97;P63167;Q8WVS4;Q96EX3;Q8WW35;Q8NCM8;Q8TCX1
prerank,"Cav1.2 voltage-gated calcium channel complex, CACNA2D1-CACNB1 variant",0.7885605855245325,0.9371103750637158,0.6633906633906634,0.7707091413148391,1.0,4/4,21.23%,Q13936;Q02641;P54289-PRO_0000005002;P54289-PRO_0000005001
prerank,SNARE complex STX17-SNAP29-VAMP7,0.7905244981634563,0.9368554451865566,0.6671348314606742,0.770662794582571,1.0,2/3,18.33%,P56962;O95721
prerank,"Dynein-2 complex, light-chain variant 5",0.8116689280868391,0.9366301229800112,0.6803699897225077,0.7704888800727727,1.0,8/8,19.01%,P63172;P63167;Q8TF09;Q8WVS4;Q96EX3;Q8WW35;Q8NCM8;Q8TCX1
prerank,SNARE complex STX17-SNAP29-VAMP8,0.7905244981634563,0.9363417899044518,0.6712707182320442,0.7704999605493581,1.0,2/3,18.33%,P56962;O95721
prerank,"Cav1.2 voltage-gated calcium channel complex, CACNA2D1-CACNB3 variant",0.7885605855245325,0.9360145163452571,0.6638452237001209,0.7706883844138068,1.0,4/4,21.23%,Q13936;P54284;P54289-PRO_0000005002;P54289-PRO_0000005001
prerank,"Cav1.1 voltage-gated calcium channel complex, CACNA2D1-CACNB4-CACNG1 variant",0.7937965207415225,0.9359376522467417,0.6692563817980022,0.7701656246109192,1.0,3/5,15.19%,Q06432;Q13698;O00305
prerank,"GABA-A receptor, alpha4-beta2-delta",0.7806375794052706,0.935822669271785,0.6657496561210454,0.7697354052176036,1.0,1/3,11.59%,P47870
prerank,"Neuronal nicotinic acetylcholine receptor complex, alpha3-alpha5-beta4",0.7855954328831842,0.9357320811518001,0.6680911680911681,0.7692683736302578,1.0,2/3,14.38%,P32297-PRO_0000000346;P30926-PRO_0000000389
prerank,"Cav1.2 voltage-gated calcium channel complex, CACNA2D3-CACNB3 variant",0.7880184331797235,0.935546841396177,0.6473429951690821,0.7690357852622657,1.0,4/4,21.28%,Q13936;P54284;Q8IZS8-PRO_0000304647;Q8IZS8-PRO_0000304648
prerank,"Dynein-2 complex, light-chain variant 8",0.8116689280868384,0.935235337570968,0.6776859504132231,0.7690877195931125,1.0,8/8,19.01%,P63167;Q8TF09;P51808;Q8WVS4;Q96EX3;Q8WW35;Q8NCM8;Q8TCX1
prerank,"Beta-catenin destruction core complex, APC2-AXIN1-GSK3B variant",0.7990678216399703,0.9350948878345979,0.6814903846153846,0.7687391559665812,1.0,2/4,14.16%,P49841;P48729
prerank,"Dynein-2 complex, light-chain variant 4",0.811668928086839,0.9350681080765658,0.6880165289256198,0.7680894404814015,1.0,8/8,19.01%,Q9NP97;P63167;P51808;Q8WVS4;Q96EX3;Q8WW35;Q8NCM8;Q8TCX1
prerank,"Cav1.2 voltage-gated calcium channel complex, CACNA2D3-CACNB2 variant",0.7880184331797235,0.9350392340013702,0.6687268232385661,0.7674449720547356,1.0,4/4,21.28%,Q13936;Q08289;Q8IZS8-PRO_0000304647;Q8IZS8-PRO_0000304648
prerank,"Cav1.2 voltage-gated calcium channel complex, CACNA2D4-CACNB3 variant",0.788289509352128,0.9342090298236777,0.6760048721071864,0.76881029186919,1.0,4/4,21.26%,Q13936;P54284;Q7Z3S7-PRO_0000304657;Q7Z3S7-PRO_0000304656
prerank,"Cav1.1 voltage-gated calcium channel complex, CACNA2D1-CACNB2-CACNG1 variant",0.7918984730191796,0.9340809841587863,0.6893854748603352,0.7684491298236076,1.0,3/5,15.38%,Q06432;Q13698;Q08289
prerank,"Cav1.1 voltage-gated calcium channel complex, CACNA2D3-CACNB3-CACNG1 variant",0.792711922043041,0.9333919100867083,0.6648291069459757,0.7694639116363952,1.0,3/5,15.30%,Q06432;Q13698;P54284
prerank,"Cav1.2 voltage-gated calcium channel complex, CACNA2D4-CACNB1 variant",0.788289509352128,0.933378563908021,0.6847960444993819,0.7687882917243113,1.0,4/4,21.26%,Q13936;Q02641;Q7Z3S7-PRO_0000304657;Q7Z3S7-PRO_0000304656
prerank,"Cav1.1 voltage-gated calcium channel complex, CACNA2D1-CACNB3-CACNG1 variant",0.792711922043041,0.9332026011885325,0.6813186813186813,0.7685419541317027,1.0,3/5,15.30%,Q06432;Q13698;P54284
prerank,"Cav1.1 voltage-gated calcium channel complex, CACNA2D3-CACNB4-CACNG1 variant",0.7937965207415225,0.9329694417200112,0.6659242761692651,0.7684057479076335,1.0,3/5,15.19%,Q06432;Q13698;O00305
prerank,"Cav1.1 voltage-gated calcium channel complex, CACNA2D1-CACNB1-CACNG1 variant",0.7935253710669021,0.9329039170868034,0.6813559322033899,0.7678706851904302,1.0,3/5,15.22%,Q06432;Q13698;Q02641
prerank,"Cav1.1 voltage-gated calcium channel complex, CACNA2D4-CACNB2-CACNG1 variant",0.7918984730191796,0.9326837430205696,0.6946651532349603,0.7676911510231783,1.0,3/5,15.38%,Q06432;Q13698;Q08289
prerank,"Cav1.2 voltage-gated calcium channel complex, CACNA2D4-CACNB4 variant",0.788289509352128,0.9325779708840658,0.6843434343434344,0.7672490379462424,1.0,4/4,21.26%,Q13936;O00305;Q7Z3S7-PRO_0000304657;Q7Z3S7-PRO_0000304656
prerank,"Cav1.2 voltage-gated calcium channel complex, CACNA2D3-CACNB4 variant",0.7880184331797235,0.9325758431196425,0.6629901960784313,0.7665570972285427,1.0,4/4,21.28%,Q13936;O00305;Q8IZS8-PRO_0000304647;Q8IZS8-PRO_0000304648
prerank,"Cav1.2 voltage-gated calcium channel complex, CACNA2D2-CACNB2 variant",0.7891027378693414,0.9323989702856808,0.6679151061173533,0.7663031322165568,1.0,4/4,21.18%,Q13936;Q08289;Q9NY47-PRO_0000304639;Q9NY47-PRO_0000304637
prerank,"Cav1.1 voltage-gated calcium channel complex, CACNA2D4-CACNB1-CACNG1 variant",0.7935253710669021,0.9323772426506414,0.6905574516496018,0.7656583513508356,1.0,3/5,15.22%,Q06432;Q13698;Q02641
prerank,"Cav1.1 voltage-gated calcium channel complex, CACNA2D3-CACNB1-CACNG1 variant",0.7935253710669021,0.9316247592238341,0.6727066817667045,0.7667674005711949,1.0,3/5,15.22%,Q06432;Q13698;Q02641
prerank,"Cav1.1 voltage-gated calcium channel complex, CACNA2D4-CACNB4-CACNG1 variant",0.7937965207415225,0.9312942456528523,0.6990846681922197,0.7668595546392506,1.0,3/5,15.19%,Q06432;Q13698;O00305
prerank,"Cav1.2 voltage-gated calcium channel complex, CACNA2D3-CACNB1 variant",0.7880184331797235,0.9310266096654234,0.6642066420664207,0.7668178113693819,1.0,4/4,21.28%,Q13936;Q02641;Q8IZS8-PRO_0000304647;Q8IZS8-PRO_0000304648
prerank,"Cav1.1 voltage-gated calcium channel complex, CACNA2D3-CACNB2-CACNG1 variant",0.7918984730191796,0.9309838164707323,0.6877113866967306,0.7662257597076297,1.0,3/5,15.38%,Q06432;Q13698;Q08289
prerank,"Cav1.2 voltage-gated calcium channel complex, CACNA2D2-CACNB4 variant",0.7891027378693413,0.9308107035764849,0.6546583850931676,0.7659565463416822,1.0,4/4,21.18%,Q13936;O00305;Q9NY47-PRO_0000304639;Q9NY47-PRO_0000304637
prerank,"Cav1.1 voltage-gated calcium channel complex, CACNA2D4-CACNB3-CACNG1 variant",0.792711922043041,0.930635569996177,0.7012401352874859,0.765689812533802,1.0,3/5,15.30%,Q06432;Q13698;P54284
prerank,"Cav1.1 voltage-gated calcium channel complex, CACNA2D2-CACNB2-CACNG1 variant",0.7918984730191796,0.9300343368640225,0.6858757062146893,0.7664487466946172,1.0,3/5,15.38%,Q06432;Q13698;Q08289
prerank,"Cav1.2 voltage-gated calcium channel complex, CACNA2D2-CACNB3 variant",0.7891027378693414,0.9299222601234045,0.6621951219512195,0.7660598550582766,1.0,4/4,21.18%,Q13936;P54284;Q9NY47-PRO_0000304639;Q9NY47-PRO_0000304637
prerank,"Cav1.1 voltage-gated calcium channel complex, CACNA2D2-CACNB1-CACNG1 variant",0.7935253710669021,0.9298128156371971,0.6865839909808342,0.7656250177388028,1.0,3/5,15.22%,Q06432;Q13698;Q02641
prerank,"Cav1.2 voltage-gated calcium channel complex, CACNA2D2-CACNB1 variant",0.7891027378693413,0.9289831440267855,0.6779026217228464,0.7669402541786974,1.0,4/4,21.18%,Q13936;Q02641;Q9NY47-PRO_0000304639;Q9NY47-PRO_0000304637
prerank,"Cav1.1 voltage-gated calcium channel complex, CACNA2D2-CACNB4-CACNG1 variant",0.7937965207415225,0.9288991743675357,0.685456595264938,0.7664628043741125,1.0,3/5,15.19%,Q06432;Q13698;O00305
prerank,"Cav1.1 voltage-gated calcium channel complex, CACNA2D2-CACNB3-CACNG1 variant",0.792711922043041,0.9283515669846312,0.6845637583892618,0.7671027877388585,1.0,3/5,15.30%,Q06432;Q13698;P54284
prerank,"Ubiquitous AP-1 Adaptor complex, sigma1a variant",0.7861660793111502,0.928224064138146,0.6931407942238267,0.7667041820233549,1.0,3/4,19.06%,O43747;Q10567;Q9BXS5
prerank,"TRAPP III complex, TRAPPC2B variant",0.8187129094618315,0.9256440109565462,0.7363636363636363,0.7723019789944584,1.0,5/10,12.84%,Q9UL33;Q9Y296;Q9Y5R8;Q8IUR0;O43617
prerank,"TRAPP III complex, TRAPPC2 variant",0.8187129094618315,0.9253899909348098,0.7325933400605449,0.7722113602688524,1.0,5/10,12.84%,Q9UL33;Q9Y296;Q9Y5R8;Q8IUR0;O43617
prerank,"TRAPP II complex, TRAPPC2B variant",0.8187129094618315,0.9243589427398972,0.727547931382442,0.7739721966156751,1.0,5/10,12.84%,Q9UL33;Q9Y296;Q9Y5R8;Q8IUR0;O43617
prerank,"TRAPP II complex, TRAPPC2 variant",0.8187129094618315,0.9236545402699067,0.731041456016178,0.7750105118130196,1.0,5/10,12.84%,Q9UL33;Q9Y296;Q9Y5R8;Q8IUR0;O43617
prerank,CKM complex variant 1,0.7872323122797507,0.922758446655448,0.7198986058301647,0.7764525881153239,1.0,1/4,11.29%,P24863
prerank,CKM complex variant 2,0.7872323122797507,0.9222780138035168,0.7151515151515152,0.77689564046234,1.0,1/4,11.29%,P24863
prerank,"PAR cell polarity complex, PARD6G-PRKCZ variant",0.7676829269267682,0.9215251385539784,0.6914749661705006,0.7780169889440475,1.0,2/3,20.77%,Q8TEW0;Q05513
prerank,"GABA-A receptor, alpha1-beta2-delta",0.7660064459478428,0.9210094161021655,0.7004160887656034,0.7785648709323102,1.0,2/3,18.71%,P47870;P14867
prerank,"AMPK complex, alpha2-beta1-gamma2 variant",0.765040650406504,0.9203294734063823,0.6892265193370166,0.779494364149344,1.0,3/3,23.56%,Q9Y478;P54646;Q9UGJ0
prerank,"Katanin complex, KATNAL1-KATNB1 variant",0.7747289973874728,0.9195361718798094,0.6994459833795014,0.7806446836937698,1.0,2/3,20.06%,CHEBI:15422;Q9BVA0
prerank,"PAR cell polarity complex, PARD6A-PRKCZ variant",0.7676829269267682,0.9192194179830027,0.6759002770083102,0.7806628900790981,1.0,2/3,20.77%,Q8TEW0;Q05513
prerank,"Katanin complex, KATNAL2-KATNB1 variant",0.7747289973874728,0.9189790349972078,0.6941340782122905,0.7805196315844919,1.0,2/3,20.06%,CHEBI:15422;Q9BVA0
prerank,"Septin complex, hexamer variant, SEPT2-SEPT6-SEPT-7",0.7739837398373985,0.9189389849718751,0.7125171939477304,0.7799152462172474,1.0,3/3,22.66%,Q15019;Q14141;Q16181
prerank,CPAP-STIL complex,-0.4715447154471545,-0.9183692040759781,0.5440613026819924,0.6302161160246325,1.0,3/3,100.00%,Q15468;Q6UVJ0;Q9HC77
prerank,"AMPK complex, alpha2-beta2-gamma2 variant",0.765040650406504,0.9179167402850491,0.7077131258457375,0.7816431635481041,1.0,3/3,23.56%,P54646;O43741;Q9UGJ0
prerank,"AMPK complex, alpha2-beta1-gamma1 variant",0.7663956639566396,0.9175827046383961,0.6884561891515995,0.7817404286416312,1.0,3/3,23.42%,Q9Y478;P54646;P54619
prerank,C9orf72-SMCR8 complex,-0.4750677506775068,-0.9172988021822724,0.5563380281690141,0.626557164256354,1.0,3/3,100.00%,Q8TEV9;Q96LT7-1;Q9HAD4
prerank,"PAR cell polarity complex, PARD6G-PRKCI variant",0.7649728998264972,0.9169533946509184,0.6944818304172274,0.7825082492641953,1.0,2/3,21.04%,Q8TEW0;P41743
prerank,"PAR cell polarity complex, PARD6B-PRKCZ variant",0.7676829269267682,0.9161739761673395,0.6986842105263158,0.7836837973229992,1.0,2/3,20.77%,Q8TEW0;Q05513
prerank,"AMPK complex, alpha1-beta2-gamma2 variant",0.765040650406504,0.9158455568943293,0.7123834886817576,0.7837848299751806,1.0,3/3,23.56%,O43741;Q13131;Q9UGJ0
prerank,Prefoldin co-chaperone complex,0.7869347901471406,0.915842606305323,0.7180616740088106,0.7831000640362943,1.0,3/6,16.60%,Q9UHV9;O15212;Q9NUG6
prerank,"AMPK complex, alpha1-beta2-gamma1 variant",0.7663956639566395,0.915226746512043,0.7088948787061995,0.7837648697478756,1.0,3/3,23.42%,O43741;Q13131;P54619
prerank,"AMPK complex, alpha2-beta2-gamma1 variant",0.7663956639566396,0.914937038784403,0.7119341563786008,0.7837025049038767,1.0,3/3,23.42%,P54646;O43741;P54619
prerank,GLUK1-GLUK2-GLUK5 glutamate ionotropic kainate-type receptor complex,0.7642276422764227,0.914074199688448,0.7008196721311475,0.7849939792513273,1.0,2/3,23.61%,P39086;Q13002
prerank,"AP-2 Adaptor complex, alpha1 variant",0.7720249390078613,0.91390962630576,0.7212713936430318,0.784725239119952,1.0,3/4,22.85%,P53680;Q96CW1;P63010
prerank,GLUK1-GLUK3-GLUK5 glutamate ionotropic kainate-type receptor complex,0.7639566395663955,0.9138209512178822,0.7004160887656034,0.7842595004698976,1.0,2/3,23.64%,P39086;Q13003
prerank,"AMPK complex, alpha1-beta1-gamma1 variant",0.7663956639566395,0.9135859689602399,0.694560669456067,0.7841698389752836,1.0,3/3,23.42%,Q9Y478;Q13131;P54619
prerank,"Septin complex, octamer variant, SEPT2-SEPT6-SEPT-7-SEPT3",0.7739224722146925,0.9132695183500307,0.7186358099878197,0.7842001567208756,1.0,3/4,22.66%,Q15019;Q14141;Q16181
prerank,"AMPK complex, alpha2-beta1-gamma3 variant",0.7658536585365854,0.9131837477214477,0.7116477272727273,0.7837090791849607,1.0,3/3,23.48%,Q9Y478;P54646;Q9UGI9
prerank,"AMPK complex, alpha1-beta1-gamma2 variant",0.765040650406504,0.9131326235165488,0.7170068027210884,0.7831397691845816,1.0,3/3,23.56%,Q9Y478;Q13131;Q9UGJ0
prerank,"Katanin complex, KATNA1-KATNB1 variant",0.7747289973874728,0.9131276944526054,0.7122708039492243,0.7824644843980522,1.0,2/3,20.06%,CHEBI:15422;Q9BVA0
prerank,"Septin complex, octamer variant, SEPT2-SEPT6-SEPT-7-SEPT9",0.7739224722146925,0.9130629197286464,0.7284848484848485,0.7819425250411173,1.0,3/4,22.66%,Q15019;Q14141;Q16181
prerank,"AMPK complex, alpha1-beta2-gamma3 variant",0.7658536585365854,0.9128763734654067,0.7191316146540027,0.781681237697548,1.0,3/3,23.48%,O43741;Q13131;Q9UGI9
prerank,GLUK1-GLUK2-GLUK4 glutamate ionotropic kainate-type receptor complex,0.7642276422764227,0.9123961918258858,0.7115646258503401,0.7820951806052175,1.0,2/3,23.61%,P39086;Q13002
prerank,"AMPK complex, alpha2-beta2-gamma3 variant",0.7658536585365854,0.9123355535515492,0.7202216066481995,0.781548987270555,1.0,3/3,23.48%,P54646;O43741;Q9UGI9
prerank,GLUK1-GLUK3-GLUK4 glutamate ionotropic kainate-type receptor complex,0.7639566395663955,0.9113376795222935,0.7183673469387755,0.7831569359885626,1.0,2/3,23.64%,P39086;Q13003
prerank,"PAR cell polarity complex, PARD6B-PRKCI variant",0.7649728998264972,0.9113312206471172,0.7019867549668874,0.7824794288414163,1.0,2/3,21.04%,Q8TEW0;P41743
prerank,"Muscle-type nicotinic acetylcholine receptor complex, alpha1-beta1-delta-epsilon",0.7736513960422879,0.9111801189463234,0.7195571955719557,0.7821124925302453,1.0,3/4,22.69%,P02708-PRO_0000000305;Q07001;P11230-PRO_0000000315
prerank,"AMPK complex, alpha1-beta1-gamma3 variant",0.7658536585365854,0.9108029076097436,0.7120786516853933,0.7823031804831294,1.0,3/3,23.48%,Q9Y478;Q13131;Q9UGI9
prerank,"Signal peptidase complex, SEC11C variant",0.7725670913526703,0.9099193369373595,0.7226890756302521,0.7836610325673293,1.0,3/4,22.80%,P61009;Q9Y6A9;Q15005
prerank,"AP-2 Adaptor complex, alpha2 variant",0.7720249390078613,0.9098896309860759,0.7347188264058679,0.7830427694768629,1.0,3/4,22.85%,P53680;Q96CW1;P63010
prerank,"Signal peptidase complex, SEC11A variant",0.7725670913526703,0.9088222316842701,0.7356881851400731,0.7847135562263063,1.0,3/4,22.80%,P61009;Q9Y6A9;Q15005
prerank,"PAR cell polarity complex, PARD6A-PRKCI variant",0.7649728998264972,0.9085124546689249,0.7180555555555556,0.7847267923353577,1.0,2/3,21.04%,Q8TEW0;P41743
prerank,"Katanin complex, KATNAL1-KATNBL1 variant",0.7655149052465514,0.9083675922641539,0.7414500683994528,0.7843893547530773,1.0,2/3,20.99%,CHEBI:15422;Q9H079
prerank,"Katanin complex, KATNAL2-KATNBL1 variant",0.7655149052465514,0.907912892096926,0.7448559670781894,0.7846732252675717,1.0,2/3,20.99%,CHEBI:15422;Q9H079
prerank,GLUK1-GLUK2-GLUK3-GLUK5 glutamate ionotropic kainate-type receptor complex,0.7641637300081324,0.9075449757408401,0.723170731707317,0.784805362020187,1.0,3/4,23.64%,P39086;Q13002;Q13003
prerank,GARP tethering complex,0.7703984819734346,0.9073440589570374,0.7315035799522673,0.7845751763704878,1.0,3/4,23.02%,Q5VIR6;Q9UID3;Q8N1B4
prerank,"Muscle-type nicotinic acetylcholine receptor complex, alpha1-beta1-delta-gamma",0.7736513960422879,0.907142191817486,0.7236363636363636,0.7843339950284999,1.0,3/4,22.69%,P02708-PRO_0000000305;Q07001;P11230-PRO_0000000315
prerank,GLUK1-GLUK2-GLUK3-GLUK4 glutamate ionotropic kainate-type receptor complex,0.7641637300081324,0.9059134396818415,0.7311435523114356,0.7863436192873507,1.0,3/4,23.64%,P39086;Q13002;Q13003
prerank,EARP tethering complex,0.7703984819734346,0.9055628847863535,0.7377830750893921,0.7864454165576726,1.0,3/4,23.02%,Q5VIR6;Q9UID3;Q8N1B4
prerank,"Katanin complex, KATNA1-KATNBL1 variant",0.7655149052465514,0.905174114079218,0.7530864197530864,0.7865830272875975,1.0,2/3,20.99%,CHEBI:15422;Q9H079
prerank,"Vacuolar proton translocating ATPase complex, ATP6V0A2 variant",0.782514254683682,0.8939096440187041,0.7776649746192893,0.8103365187130157,1.0,9/10,21.93%,Q6P5S7;Q99437;Q16864;Q15904;P38606;P27449;Q9UI12;O75787;Q9Y5K8
prerank,"COPI vesicle coat complex, COPG1-COPZ2 variant",0.7698894465437885,0.8928578293502091,0.7692307692307693,0.8118875349808086,1.0,5/7,19.98%,O14579;P48444;P35606;P53621;P53618
prerank,"Vacuolar proton translocating ATPase complex, ATP6V0A3 variant",0.782514254683682,0.8924693507079008,0.7830957230142567,0.812042531874603,1.0,9/10,21.93%,Q6P5S7;Q99437;Q16864;Q15904;P38606;P27449;Q9UI12;O75787;Q9Y5K8
prerank,"Vacuolar proton translocating ATPase complex, ATP6V0A1 variant",0.782514254683682,0.8923608225387026,0.7804878048780488,0.8115403580488346,1.0,9/10,21.93%,Q6P5S7;Q99437;Q16864;Q15904;P38606;P27449;Q9UI12;O75787;Q9Y5K8
prerank,"Vacuolar proton translocating ATPase complex, ATP6V0A4 variant",0.782514254683682,0.8917589728054393,0.7807106598984772,0.8121716094821405,1.0,9/10,21.93%,Q6P5S7;Q99437;Q16864;Q15904;P38606;P27449;Q9UI12;O75787;Q9Y5K8
prerank,KIF3 complex variant AB-KAP3,0.7439024390243902,0.8915111490949865,0.7405329593267882,0.812038590050102,1.0,2/3,25.64%,Q9Y496;Q92845
prerank,"Neuronal AP-3 Adaptor complex, sigma3b variant",0.7444138946000899,0.8897517783924306,0.7529691211401425,0.8151583176225631,1.0,2/4,19.47%,O14617;P59780
prerank,"COPI vesicle coat complex, COPG2-COPZ1 variant",0.7698894465437885,0.8890550968706161,0.7892518440463646,0.8159691929380436,1.0,5/7,19.98%,O14579;P48444;P35606;P53621;P53618
prerank,Nuclear origin recognition complex,-0.4011391375101709,-0.8868678792724367,0.65,0.6864866493146157,1.0,6/6,100.00%,O43913;O43929;Q13415;Q13416;Q9UBD5;Q9Y5N6
prerank,"Beta-catenin destruction core complex, APC-AXIN2-GSK3A variant",0.750067769043101,0.8865330819737757,0.7783132530120482,0.8205876052750195,1.0,4/4,25.07%,P48729;P25054;Q9Y2T1;P49840
prerank,KIF3 complex variant AC-KAP3,0.7439024390243902,0.8864227645817405,0.7582872928176796,0.8201060433772761,1.0,2/3,25.64%,Q9Y496;Q92845
prerank,"Neuronal AP-3 Adaptor complex, sigma3a variant",0.7433295899104722,0.8863125511445742,0.7811735941320294,0.8196206152184414,1.0,2/4,19.58%,O14617;Q92572
prerank,Mitochondrial 3-oxoacyl-[acyl-carrier-protein] reductase,-0.4142043914339929,-0.8852032181633548,0.601123595505618,0.6840172735057815,1.0,4/4,100.00%,Q92506;CHEBI:57540;CHEBI:58349;Q8N4T8
prerank,"Beta-catenin destruction core complex, APC2-AXIN2-GSK3A variant",0.750067769043101,0.884124029942209,0.7880239520958083,0.8235857040989027,1.0,4/4,25.07%,P48729;Q9Y2T1;O95996;P49840
prerank,SNARE complex STX1B-SNAP25-VAMP2,0.7336043360433604,0.8841170856649634,0.7681755829903978,0.8228939600642459,1.0,3/3,26.70%,P60880;P63027;P61266
prerank,"Beta-catenin destruction core complex, APC-AXIN1-GSK3A variant",0.750067769043101,0.882643990456623,0.7861409796893668,0.8252624203501151,1.0,4/4,25.07%,P48729;P25054;O15169;P49840
prerank,"Gamma-secretase complex, APH1B-PSEN1 variant",0.7471131735280736,0.8817885487093584,0.7922222222222223,0.8263982899853711,1.0,3/5,21.58%,Q9NZ42;Q92542;Q8WW43
prerank,"Gamma-secretase complex, APH1B-PSEN2 variant",0.7471131735280736,0.8811810111206576,0.7823596792668958,0.8269810616532006,1.0,3/5,21.58%,Q9NZ42;Q92542;Q8WW43
prerank,"ILK-PINCH-Parvin complex, LIMS2-PARVA variant",0.7355013550135502,0.8810662694878565,0.7800829875518672,0.8265454607529937,1.0,3/3,26.51%,Q13418;Q7Z4I7;Q9NVD7
prerank,"Beta-catenin destruction core complex, APC2-AXIN1-GSK3A variant",0.750067769043101,0.8797094463931976,0.7892857142857143,0.8286574815810829,1.0,4/4,25.07%,P48729;O95996;O15169;P49840
prerank,"Ubiquitous AP-3 Adaptor complex, sigma3b variant",0.7444138946000899,0.87957530490113,0.7829268292682927,0.8282342410114653,1.0,2/4,19.47%,O14617;P59780
prerank,SNARE complex STX1A-SNAP25-VAMP2,0.7319783197831978,0.8793748628874029,0.7869507323568575,0.8279830230565849,1.0,3/3,26.86%,P60880;P63027;Q16623
prerank,"ILK-PINCH-Parvin complex, LIMS2-PARVB variant",0.7341463414634146,0.8793376058199971,0.7755102040816326,0.8273629396059029,1.0,3/3,26.65%,Q13418;Q7Z4I7;Q9HBI1
prerank,"Gamma-secretase complex, APH1A-PSEN2 variant",0.7457574251549717,0.8789329555864756,0.7930258717660292,0.8275552896000746,1.0,3/5,21.72%,Q9NZ42;Q92542;Q96BI3
prerank,"Gamma-secretase complex, APH1A-PSEN1 variant",0.7457574251549717,0.8788982187866184,0.7896512935883014,0.8269319764744839,1.0,3/5,21.72%,Q9NZ42;Q92542;Q96BI3
prerank,SNARE complex STX1B-SNAP25-VAMP1,0.7327913279132792,0.8788391495584865,0.7946927374301676,0.8263626060052888,1.0,3/3,26.78%,P60880;P61266;P23763
prerank,SNARE complex STX1A-SNAP25-VAMP1,0.7319783197831978,0.877749852972451,0.7986666666666666,0.8280089421047685,1.0,3/3,26.86%,P60880;P23763;Q16623
prerank,"Ubiquitous AP-3 Adaptor complex, sigma3a variant",0.7433295899104722,0.8768898399230706,0.8067331670822943,0.8291902836447665,1.0,2/4,19.58%,O14617;Q92572
prerank,"SREBP-SCAP-INSIG sequestering complex, INSIG2-SREBF1 variant",0.7317073170731707,0.8761788717224606,0.8025210084033614,0.8300512601885718,1.0,3/3,26.89%,CHEBI:42977;Q9Y5U4;CPX-25745
prerank,"SREBP-SCAP-INSIG sequestering complex, INSIG1-SREBF1 variant",0.7317073170731707,0.8759561016076036,0.8125836680053548,0.8298307203560655,1.0,3/3,26.89%,CHEBI:42977;O15503;CPX-25745
prerank,"SREBP-SCAP-INSIG sequestering complex, INSIG2-SREBF2 variant",0.732520325203252,0.8747352177961384,0.8035961272475796,0.8318095105848998,1.0,3/3,26.81%,CHEBI:42977;Q9Y5U4;CPX-25721
prerank,"SREBP-SCAP-INSIG sequestering complex, INSIG1-SREBF2 variant",0.7325203252032519,0.874630240144391,0.8136729222520107,0.8313441485323927,1.0,3/3,26.81%,CHEBI:42977;O15503;CPX-25721
prerank,"ILK-PINCH-Parvin complex, LIMS1-PARVB variant",0.7330623306233063,0.8739452544296292,0.8082191780821918,0.8320888055842645,1.0,3/3,26.75%,Q13418;Q9HBI1;P48059
prerank,"ILK-PINCH-Parvin complex, LIMS1-PARVA variant",0.7330623306233063,0.8732933220676758,0.8217687074829932,0.8328100916399168,1.0,3/3,26.75%,Q13418;Q9NVD7;P48059
prerank,"LKB1-STRAD-MO25 serine/threonine protein kinase complex, CAB39-STRADB variant",0.7306233062330623,0.8725137847093528,0.8148648648648649,0.8338156216169137,1.0,3/3,27.00%,Q15831;Q9Y376;Q9C0K7
prerank,"MON1-CCZ1 guanyl-nucleotide exchange factor complex, MON1A variant",0.7333333333333333,0.8712210370921357,0.8208744710860366,0.835826001237055,1.0,3/3,26.73%,Q96DM3;P86791;Q86VX9
prerank,"MON1-CCZ1 guanyl-nucleotide exchange factor complex, MON1B variant",0.7344173441734416,0.8702650237032522,0.8249299719887955,0.8370727620738744,1.0,3/3,26.62%,Q96DM3;Q7L1V2;P86791
prerank,MICOS mitochondrial contact site and cristae organizing system complex,-0.39120998372219207,-0.8698023891635309,0.6956521739130435,0.7125891800117347,1.0,7/7,100.00%,Q5TGZ0;Q5XKP0;Q6UXV4;Q9BRQ6;Q9BUR5;Q9NX63;Q16891
prerank,"MON1-CCZ1B guanyl-nucleotide exchange factor complex, MON1A variant",0.7308943089430894,0.8697659161148229,0.8074277854195323,0.8373897369046502,1.0,3/3,26.97%,Q96DM3;Q86VX9;P86790
prerank,"LKB1-STRAD-MO25 serine/threonine protein kinase complex, CAB39L-STRADB variant",0.7306233062330624,0.8695120052220804,0.8401122019635343,0.8372087648967487,1.0,3/3,27.00%,Q15831;Q9H9S4;Q9C0K7
prerank,"LKB1-STRAD-MO25 serine/threonine protein kinase complex, CAB39L-STRADA variant",0.7322493224932249,0.8685803513805551,0.8402282453637661,0.8384796648445981,1.0,3/3,26.83%,Q15831;Q7RTN6;Q9H9S4
prerank,"LKB1-STRAD-MO25 serine/threonine protein kinase complex, CAB39-STRADA variant",0.7311653116531165,0.8681027670168444,0.819327731092437,0.8387241203231869,1.0,3/3,26.94%,Q15831;Q7RTN6;Q9Y376
prerank,"MON1-CCZ1B guanyl-nucleotide exchange factor complex, MON1B variant",0.7308943089430894,0.8668101066285681,0.8131868131868132,0.840572936120619,1.0,3/3,26.97%,Q96DM3;Q7L1V2;P86790
prerank,"COPI vesicle coat complex, COPG1-COPZ1 variant",0.7405333859282681,0.8569870102761318,0.8412197686645636,0.8599731512688779,1.0,5/7,19.98%,O14579;P48444;P35606;P53621;P53618
prerank,Ragulator complex,-0.3901843817787419,-0.8454714354525389,0.7297297297297297,0.7611356764958153,1.0,5/5,100.00%,Q6IAA8;Q9UHA4;Q9Y2Q5;Q0VGL1;O43504
prerank,"GID E3 ubiquitin ligase complex, RMND5B-RANBP10 variant",0.7309895544574476,0.8363280833389554,0.8672114402451481,0.9007019267258003,1.0,7/9,23.59%,Q8IUR7;P62699;Q9UL63;Q9NWU2;Q9H7D7;Q7L5Y9;Q8IVV7
prerank,"GID E3 ubiquitin ligase complex, RMND5A-RANBP10 variant",0.7309895544574476,0.8357628989654682,0.873598369011213,0.9010772591790239,1.0,7/9,23.59%,Q8IUR7;P62699;Q9UL63;Q9NWU2;Q9H7D7;Q7L5Y9;Q8IVV7
prerank,"GID E3 ubiquitin ligase complex, RMND5A-RANBP9 variant",0.7309895544574476,0.8349846668021642,0.8713272543059777,0.9018141864074828,1.0,7/9,23.59%,Q8IUR7;P62699;Q9UL63;Q9NWU2;Q9H7D7;Q7L5Y9;Q8IVV7
prerank,"GID E3 ubiquitin ligase complex, RMND5B-RANBP9 variant",0.7309895544574476,0.8349598198852148,0.8761514841351075,0.9011040368908388,1.0,7/9,23.59%,Q8IUR7;P62699;Q9UL63;Q9NWU2;Q9H7D7;Q7L5Y9;Q8IVV7
prerank,"SMC5-SMC6 SUMO ligase complex, EID3 variant",0.7245590230664859,0.8336175186921799,0.8717683557394003,0.9029865090947977,1.0,7/8,27.67%,Q96SB8;Q8IX21;Q8IY18;Q8WV22;Q96MF7;Q96MG7;Q9BQI6
prerank,"SMC5-SMC6 SUMO ligase complex, NSE4EA variant",0.7245590230664859,0.8333178109847861,0.8790983606557377,0.9028126256657926,1.0,7/8,27.67%,Q96SB8;Q8IX21;Q8IY18;Q8WV22;Q96MF7;Q96MG7;Q9BQI6
prerank,"Exocyst, EXOC6B variant",0.7221166892808686,0.8324813371805692,0.8894575230296827,0.9036866179098987,1.0,7/8,27.92%,O00471;O60645;Q8IYI6;Q96KP1;Q9NV70;Q9UPT5;Q96A65
prerank,"Exocyst, EXOC6 variant",0.7221166892808686,0.831881240884443,0.8826530612244898,0.9040785061932609,1.0,7/8,27.92%,O00471;O60645;Q8IYI6;Q96KP1;Q9NV70;Q9UPT5;Q96A65
prerank,SAM mitochondrial sorting and assembly machinery complex,-0.43333333333333335,-0.8291653889488034,0.7342192691029901,0.7913266128028856,1.0,3/3,100.00%,O75431;Q13505;Q9Y512
prerank,"Endoplasmic reticulum membrane complex, EMC8 variant",0.7155266015200868,0.8213047883481993,0.9196337741607324,0.9232878041725414,1.0,8/9,28.59%,Q5J8M3;Q15006;Q9NPA0;Q9BV81;Q9P0I2;Q8N766;Q8N4V1;Q5UCC4
prerank,"Endoplasmic reticulum membrane complex, EMC9 variant",0.7155266015200868,0.8202430298763221,0.9117647058823529,0.9245363600082671,1.0,8/9,28.59%,Q5J8M3;Q15006;Q9NPA0;Q9BV81;Q9P0I2;Q8N766;Q8N4V1;Q5UCC4
prerank,"Actin-related protein 2/3 complex, ARPC1A-ACTR3-ARPC5L variant",0.7088985349972869,0.8199299384215588,0.9100418410041841,0.9243435584647306,1.0,7/7,29.24%,O15144;P59998;O15145;P61160;Q9BPX5;P61158;Q92747
prerank,"Actin-related protein 2/3 complex, ARPC1A-ACTR3-ARPC5 variant",0.7088985349972869,0.8185861896965347,0.915625,0.926108995934305,1.0,7/7,29.24%,O15144;P59998;O15145;P61160;P61158;O15511;Q92747
prerank,"Actin-related protein 2/3 complex, ARPC1B-ACTR3B-ARPC5L variant",0.7088985349972869,0.8171050752916141,0.9135416666666667,0.9281493092201649,1.0,7/7,29.24%,O15144;P59998;O15145;P61160;Q9BPX5;Q9P1U1;Q92747
prerank,"Actin-related protein 2/3 complex, ARPC1B-ACTR3-ARPC5 variant",0.7083559413998914,0.8168018810887354,0.9129533678756476,0.927916031236626,1.0,7/7,29.30%,O15144;P59998;O15145;P61160;P61158;O15511;O15143
prerank,"Actin-related protein 2/3 complex, ARPC1B-ACTR3-ARPC5L variant",0.7083559413998912,0.8167178419236658,0.9118257261410788,0.9273082408587773,1.0,7/7,29.30%,O15144;P59998;O15145;P61160;Q9BPX5;P61158;O15143
prerank,"Actin-related protein 2/3 complex, ARPC1A-ACTR3B-ARPC5 variant",0.7088985349972869,0.8160959009620861,0.9164054336468129,0.9277241227349206,1.0,7/7,29.24%,O15144;P59998;O15145;P61160;O15511;Q9P1U1;Q92747
prerank,CMG helicase complex,-0.42710027100271003,-0.8156147539641204,0.7215189873417721,0.8163460969156956,1.0,3/3,100.00%,CPX-2940;CPX-787;O75419
prerank,"Actin-related protein 2/3 complex, ARPC1B-ACTR3B-ARPC5 variant",0.7083559413998914,0.8153716174800185,0.9120992761116856,0.9283187940126316,1.0,7/7,29.30%,O15144;P59998;O15145;P61160;O15511;Q9P1U1;O15143
prerank,Intraflagellar transport complex A,-0.34960672633577433,-0.8083869888786689,1.0,0.8257418997546118,1.0,6/6,100.00%,Q7Z4L5;Q8NEZ3;Q96RY7;Q96FT9;Q9P2L0;Q9HBG6
prerank,WMM N6-adenosine-methyltransferase complex,-0.375,-0.8038645836286821,0.8617886178861789,0.8291243388850228,1.0,5/5,100.00%,Q75N03;CPX-21210;Q15007;Q5T200;Q69YN4
prerank,Collagen type VI trimer,-0.4157181571815718,-0.8021021938521296,0.7294117647058823,0.8261756972572444,1.0,3/3,100.00%,P12109;P12110;P12111
prerank,"TIM23 mitochondrial inner membrane pre-sequence translocase complex, TIM17A variant",0.7008964955175224,0.7879333277758666,0.9707955689828801,0.9741081435758155,1.0,11/12,30.11%,Q3ZCQ8;P60602;Q9Y5T4;P38646;Q9HAV7;Q9BVV7;Q9Y3D7;O14925;O43615;Q96DA6;Q8TAA5
prerank,LUBAC ubiquitin ligase complex,-0.4021680216802168,-0.7868450235652902,0.803921568627451,0.8535906859053529,1.0,3/3,100.00%,Q96EP0;Q9H0F6;Q9BYM8
prerank,"TIM23 mitochondrial inner membrane pre-sequence translocase complex, TIM17B variant",0.7008964955175224,0.7867676113422775,0.9688128772635815,0.975177850950054,1.0,11/12,30.11%,Q3ZCQ8;P60602;Q9Y5T4;P38646;Q9HAV7;Q9BVV7;Q9Y3D7;O14925;O43615;Q96DA6;Q8TAA5
prerank,Mitochondrial transcription initiation complex,-0.4059620596205962,-0.7818135913842348,0.7906137184115524,0.8582140624576003,1.0,3/3,100.00%,O00411;Q00059;Q9H5Q4
prerank,IkappaB kinase complex,-0.38834688346883467,-0.760997274913957,0.8269896193771626,0.8962946977729076,1.0,3/3,100.00%,O15111;Q9Y6K9;O14920
prerank,Ndc80 complex,-0.35267010029818374,-0.7305763908387145,0.9835164835164835,0.9501064230752558,1.0,4/4,100.00%,Q9HBM1;Q9BZD4;Q8NBT2;O14777
prerank,Collagen type IX trimer,-0.3677506775067751,-0.7242851696530688,0.9198606271777003,0.9531093462584551,1.0,3/3,100.00%,P20849;Q14050;Q14055
prerank,CPLANE complex,-0.3650406504065041,-0.7092925815620509,0.9032258064516129,0.9683530439497545,1.0,3/3,100.00%,O95876;Q9BT04;Q9ULD6
prerank,BLOC-2 complex,-0.3604336043360434,-0.6980210672540575,0.9479553903345725,0.9770504219400205,1.0,3/3,100.00%,Q86YV9;Q969F9;Q9UPZ3
