Name,Term,ES,NES,NOM p-val,FDR q-val,FWER p-val,Tag %,Gene %,Lead_genes
prerank,30S proteasome complex,-0.8058588235834926,-3.729000627040098,0.0,0.0,0.0,32/33,16.63%,Q15008;Q16186;O00231;P43686;Q9UNM6;P17980;P55036;Q13200;P62191;O00232;P62195;P51665;P48556;P62333;P35998;Q99460;O00487;O43242;Q99436;P28074;P28072;O14818;P20618;P25786;P25787;P25788;P25789;P60900;P49721;P49720;P28070;P28066
prerank,26S proteasome complex,-0.8058588235834926,-3.729000627040098,0.0,0.0,0.0,32/33,16.63%,Q15008;Q16186;O00231;P43686;Q9UNM6;P17980;P55036;Q13200;P62191;O00232;P62195;P51665;P48556;P62333;P35998;Q99460;O00487;O43242;Q99436;P28074;P28072;O14818;P20618;P25786;P25787;P25788;P25789;P60900;P49721;P49720;P28070;P28066
prerank,19S-20S-PA28-alphabeta hybrid proteasome complex,-0.8083307657336596,-3.7103204834891566,0.0,0.0,0.0,34/35,16.63%,Q06323;Q9UL46;Q15008;Q16186;O00231;P43686;Q9UNM6;P17980;P55036;Q13200;P62191;O00232;P62195;P51665;P48556;P62333;P35998;Q99460;O00487;O43242;Q99436;P28074;P28072;O14818;P20618;P25786;P25787;P25788;P25789;P60900;P49721;P49720;P28070;P28066
prerank,19S-20S-PA28-gamma hybrid proteasome complex,-0.8071240375475768,-3.63368775065043,0.0,0.0,0.0,33/34,16.63%,P61289;Q15008;Q16186;O00231;P43686;Q9UNM6;P17980;P55036;Q13200;P62191;O00232;P62195;P51665;P48556;P62333;P35998;Q99460;O00487;O43242;Q99436;P28074;P28072;O14818;P20618;P25786;P25787;P25788;P25789;P60900;P49721;P49720;P28070;P28066
prerank,PA28-gamma single-capped 20S proteasome complex,-0.8374116367591081,-3.502676728352962,0.0,0.0,0.0,15/15,16.63%,P61289;Q99436;P28074;P28072;O14818;P20618;P25786;P25787;P25788;P25789;P60900;P49721;P49720;P28070;P28066
prerank,PA28-gamma double-capped 20S proteasome complex,-0.8374116367591081,-3.502676728352962,0.0,0.0,0.0,15/15,16.63%,P61289;Q99436;P28074;P28072;O14818;P20618;P25786;P25787;P25788;P25789;P60900;P49721;P49720;P28070;P28066
prerank,PA200-20S single-capped proteasome,-0.8374116367591081,-3.3796495152830883,0.0,0.0,0.0,15/15,16.63%,Q14997;Q99436;P28074;P28072;O14818;P20618;P25786;P25787;P25788;P25789;P60900;P49721;P49720;P28070;P28066
prerank,PA200-20S-PA200 double-capped proteasome complex,-0.8374116367591081,-3.3796495152830883,0.0,0.0,0.0,15/15,16.63%,Q14997;Q99436;P28074;P28072;O14818;P20618;P25786;P25787;P25788;P25789;P60900;P49721;P49720;P28070;P28066
prerank,20S proteasome complex,-0.8371840173960315,-3.3558832894082884,0.0,0.0,0.0,14/14,16.63%,Q99436;P28074;P28072;O14818;P20618;P25786;P25787;P25788;P25789;P60900;P49721;P49720;P28070;P28066
prerank,20S immunoproteasome complex,-0.8371840173960315,-3.24123452396589,0.0,0.0,0.0,14/14,16.63%,P28062;P40306;P28065;O14818;P20618;P25786;P25787;P25788;P25789;P60900;P49721;P49720;P28070;P28066
prerank,20S spermatoproteasome complex,-0.8371840173960315,-3.2351982729677187,0.0,0.0,0.0,14/14,16.63%,Q8TAA3;Q99436;P28074;P28072;P20618;P25786;P25787;P25788;P25789;P60900;P49721;P49720;P28070;P28066
prerank,"TREX transcription-export complex, DX39B variant",-0.8532106705228085,-3.222945525560687,0.0,0.0,0.0,15/16,7.93%,Q13838;Q86W42;Q6I9Y2;Q9BY77;O75152;Q9Y3Y2;Q9P127;Q8NI27;Q96J01;Q96FV9;P82979;P84090;Q13769;Q96QD9;Q53F19
prerank,PA28-alphabeta double-capped 20S proteasome complex,-0.8376393799292902,-3.197047970870037,0.0,0.0,0.0,16/16,16.63%,Q06323;Q9UL46;Q99436;P28074;P28072;O14818;P20618;P25786;P25787;P25788;P25789;P60900;P49721;P49720;P28070;P28066
prerank,PA28-alphabeta single-capped 20S proteasome complex,-0.8376393799292902,-3.197047970870037,0.0,0.0,0.0,16/16,16.63%,Q06323;Q9UL46;Q99436;P28074;P28072;O14818;P20618;P25786;P25787;P25788;P25789;P60900;P49721;P49720;P28070;P28066
prerank,Integrator-PP2A complex,-0.8016866158868335,-3.182916089601705,0.0,0.0,0.0,17/17,20.23%,Q9NV88;Q96CB8;Q6P9B9;Q5TA45;Q8N201;Q96SY0;Q96N11;Q9NVR2;Q9H0H0;Q9UL03;Q96HW7;Q9NVH2;Q9NVM9;Q75QN2;Q68E01;P30153;P67775
prerank,20S thymoproteasome complex,-0.8371840173960315,-3.1712377370369627,0.0,0.0,0.0,14/14,16.63%,A5LHX3;P40306;P28065;O14818;P20618;P25786;P25787;P25788;P25789;P60900;P49721;P49720;P28070;P28066
prerank,19S proteasome regulatory complex,-0.7830524430515804,-3.1420864076965533,0.0,0.0,0.0,18/19,16.00%,Q15008;Q16186;O00231;P43686;Q9UNM6;P17980;P55036;Q13200;P62191;O00232;P62195;P51665;P48556;P62333;P35998;Q99460;O00487;O43242
prerank,Multiaminoacyl-tRNA synthetase complex,-0.9502987506789787,-3.0919482675256154,0.0,0.0,0.0,11/11,5.28%,Q12904;P41252;P14868;Q13155;Q15046;O43324;P47897;P54136;P56192;Q9P2J5;P07814
prerank,Integrator core complex,-0.8752039151712887,-3.0652387394739256,0.0,0.0,0.0,15/15,12.86%,Q9NV88;Q96CB8;Q6P9B9;Q5TA45;Q8N201;Q96SY0;Q96N11;Q9NVR2;Q9H0H0;Q9UL03;Q96HW7;Q9NVH2;Q9NVM9;Q75QN2;Q68E01
prerank,Nexin-dynein regulatory complex,-0.878598587724063,-2.971960643328882,0.0,0.0,0.0,11/11,12.43%,Q96DY2;Q5VUJ9;Q86XH1;Q5JU00;Q9H095;Q9H069;Q96MC2;Q8IY82;O95995;Q8IXS2;Q8NEE6
prerank,SIN3B histone deacetylase complex,-0.710984230560087,-2.947544554539366,0.0,0.0,0.0,15/15,29.22%,O75182;P29374;Q9UK53;Q9H7L9;Q5PSV4;Q9H160;Q9H0E3;O75446;Q9HCU9;Q4LE39;Q9HAJ7;Q16576;Q09028;Q92769;Q13547
prerank,"TREX transcription-export complex, DX39A variant",-0.8532106705228085,-2.9141322426874225,0.0,0.0,0.0,15/16,7.93%,O00148;Q86W42;Q6I9Y2;Q9BY77;O75152;Q9Y3Y2;Q9P127;Q8NI27;Q96J01;Q96FV9;P82979;P84090;Q13769;Q96QD9;Q53F19
prerank,Mitochondrial respiratory chain complex IV,-0.7595865148859755,-2.890452445428108,0.0,0.0,0.0,15/16,17.11%,P00414;P14854;P14406;P15954;P00403;P20674;P00395;P10606;P12074;P24311;P13073;P09669;O00483;CHEBI:23378;P10176
prerank,U2 small nuclear ribonucleoprotein complex,-0.6367847411444142,-2.8858365021941315,0.0,0.0,0.0,23/23,36.75%,Q7L014;O43719;CPX-26447;Q7RTV0;Q9Y3B4;Q15459;Q15428;Q15427;Q13435;Q12874;P08579;P09661;URS00006A1489_9606;P62316;P62314;P62308;P14678;P62304;P62306;P62318;O75533;Q15393;Q9BWJ5
prerank,"DNA-directed RNA polymerase III complex, POLR3GL variant",-0.6347305389221557,-2.849482549506698,0.0,0.0,0.0,19/19,36.88%,Q9BT43;Q9Y2Y1;P05423;Q9NVU0;Q9H1D9;Q9BUI4;O75575;Q9Y535;Q9NW08;O14802;O15160;P0DPB6;P52434;P53803;P61218;P62875;P19388;CHEBI:18420;CHEBI:29105
prerank,Mitochondrial respiratory chain complex III,-0.8330071412201624,-2.689562736418517,0.0,0.0,0.0,11/12,7.50%,P07919;P31930;Q9UDW1;P47985-PRO_0000030664;P14927;P08574;O14949;P00156;P22695;O14957;P47985-PRO_0000307241
prerank,"SAGA complex, KAT2B variant",-0.6345315904139435,-2.6740627390971694,0.0,0.0,0.0,21/21,36.93%,Q96BN2;Q86TJ2;O94864;Q8NEM7;Q9Y6J9;O15265;Q9UPT9;CHEBI:27363;Q14CW9;O75486;O75529;Q9NPA8;Q12962;Q16514;Q16594;Q15393;Q9BWJ5;Q9Y4A5;Q92831;Q96ES7;O75528
prerank,"SIN3A histone deacetylase complex, ES cell-specific variant",-0.6587755102040816,-2.6322370209296007,0.0,0.0,0.0,18/18,34.47%,Q9NP50;Q96ST3;Q8NFU7;P29374;Q9UK53;Q9H7L9;Q5PSV4;Q9H160;Q9H0E3;O75446;Q9HCU9;Q4LE39;Q9HAJ7;Q16576;Q09028;Q92769;Q13547;O15294
prerank,"DNA-directed RNA polymerase III complex, POLR3G variant",-0.6347305389221557,-2.613150465226559,0.0,0.0,0.0,19/19,36.88%,O15318;Q9Y2Y1;P05423;Q9NVU0;Q9H1D9;Q9BUI4;O75575;Q9Y535;Q9NW08;O14802;O15160;P0DPB6;P52434;P53803;P61218;P62875;P19388;CHEBI:18420;CHEBI:29105
prerank,SIN3A histone deacetylase complex,-0.710984230560087,-2.573361335738092,0.0,0.0,0.0,15/15,29.22%,Q96ST3;P29374;Q9UK53;Q9H7L9;Q5PSV4;Q9H160;Q9H0E3;O75446;Q9HCU9;Q4LE39;Q9HAJ7;Q16576;Q09028;Q92769;Q13547
prerank,NuA4 histone acetyltransferase complex,-0.6355470876428961,-2.5668816348782078,0.0,0.0,0.0,19/19,36.80%,Q15014;Q05BQ5;Q9UBU8;Q96L91;Q9NXR8;Q92993;Q9H2F5;Q52LR7;Q9H0E9;Q9NV56;O95619;Q9NPF5;Q15906;P60709;Q9Y230;Q9Y265;O96019;Q9Y4A5;Q9HAF1
prerank,TFTC histone acetylation complex,-0.6340136054421769,-2.5097751171000264,0.0,0.0,0.0,18/18,36.93%,O15265;Q9UPT9;CHEBI:27363;Q14CW9;O75486;O75529;O00268;P49848;Q15542;Q15545;Q6P1X5;Q9NPA8;Q12962;Q16514;Q16594;Q9Y4A5;Q92830;O75528
prerank,40S cytosolic small ribosomal subunit,0.8666666666666663,2.4875311761281362,0.0,0.0,0.0,33/33,14.11%,URS0000704D22_9606;P63244;P63220;P62979;P62861;P62857;P62854;P62851;P62847;P62841;P62753;P62280;P62277;[P62701];P62266;P62263;P62249;P62244;P62241;P62081;P61247;P60866;P46783;P46782;P46781;P39019;P25398;P23396;P62273;P62269;P15880;P08865;P08708
prerank,Core mediator complex,0.8734345828700882,2.4676231287224635,0.0,0.0,0.0,23/26,1.73%,Q9Y3C7;Q9Y2X0;Q9ULK4;Q9P086;Q9NX70;Q9BUE0;Q9BTT4;Q96RN5;Q96HR3;Q96G25;Q71SY5;Q6P2C8;Q15648;Q15528;Q13503;O95402;O75586;O75448;O60244;Q9H944;Q9H204;O43513;A0JLT2
prerank,DNA-directed RNA polymerase II complex,-0.6338678988855667,-2.452196444617215,0.0,0.0,0.0,14/14,36.88%,P62487;O15514;P52435;P36954;P30876;P24928;P19387;P52434;P53803;P61218;P62875;P19388;CHEBI:18420;CHEBI:29105
prerank,"Non-canonical polycomb repressive complex 1.6, RING2-YAF2 variant",-0.9419582316246271,-2.4490939088320602,0.0,0.0,0.0,6/6,5.98%,Q9BYE7;CPX-2551;Q969R5;CPX-2552;Q8IY57;Q99496
prerank,"DNA-directed RNA polymerase II complex, Pol II(G) variant",-0.6340402392604676,-2.4425159988311105,0.0,0.0,0.0,15/15,36.88%,P62487;O15514;P0CAP2;P52435;P36954;P30876;P24928;P19387;P52434;P53803;P61218;P62875;P19388;CHEBI:18420;CHEBI:29105
prerank,U5 small nuclear ribonucleoprotein complete complex,-0.6522566612289287,-2.4331062639405197,0.0,0.0,0.0,15/15,35.07%,O95400;URS000075BAAE_9606;O94906;Q9BUQ8;O75643;Q15029;Q96DI7;Q6P2Q9;P62316;P62314;P62308;P14678;P62304;P62306;P62318
prerank,MBD2/NuRD nucleosome remodeling and deacetylase complex,-0.7104047813094267,-2.422156983041987,0.0,0.0,0.0,12/12,29.22%,Q9UBB5;Q8WXI9;Q9BTC8;O94776;Q14839;Q86YP4;Q12873;Q13330;Q16576;Q09028;Q92769;Q13547
prerank,"Non-canonical polycomb repressive complex 1.6, RING1-YAF2 variant",-0.9422294548413345,-2.415901174001277,0.0,0.0,0.0,6/6,5.96%,Q9BYE7;CPX-2551;Q969R5;CPX-2552;Q8IY57;Q06587
prerank,"Cytoplasmic exosome complex, DIS3L-EXOSC10 variant",-0.6878632912545496,-2.4089727041196234,0.0,0.0,0.0,11/12,21.61%,Q8TF46;Q9Y3B2;Q9NQT4;Q9NPD3;Q96B26;Q15024;Q13868;Q5RKV6;Q01780;Q9NQT5;Q06265
prerank,ESCRT-III complex,0.9679521998913636,2.4078901092619027,0.0,0.0,0.0,11/11,3.49%,Q7LBR1;O43633;Q9Y3E7;Q9UQN3;Q9NZZ3;Q9HD42;Q9H444;Q9BY43;Q96FZ7;Q96CF2;Q8WUX9
prerank,"CCR4-NOT mRNA deadenylase complex, CNOT6L-CNOT7 variant",-0.6839022930361525,-2.399918054884926,0.0,0.0,0.0,11/12,22.01%,Q96LI5;Q9UIV1;A5YKK6;O95628;O75175;Q9C0C2;Q9UKZ1;Q9NZN8;Q9H9A5;Q92600;CHEBI:60240
prerank,"Nuclear exosome complex, DIS3-EXOSC10 variant",-0.6878632912545496,-2.3872329475911385,0.0,0.0,0.0,11/12,21.61%,Q9Y2L1;Q9Y3B2;Q9NQT4;Q9NPD3;Q96B26;Q15024;Q13868;Q5RKV6;Q01780;Q9NQT5;Q06265
prerank,MKS transition zone complex,0.9116607773851587,2.378768002146146,0.0,0.0,0.0,14/14,9.18%,Q9UPM9;Q9P2K1;Q9P0N5;Q9NXB0;Q9H6L2;Q9BPU9;Q96Q45;Q96GX1;Q8N157;Q86X19;Q6UX40;Q6NUS6;Q5HYA8;Q2MV58
prerank,"CCR4-NOT mRNA deadenylase complex, CNOT6L-CNOT8 variant",-0.6839022930361525,-2.374248523438432,0.0,0.0,0.0,11/12,22.01%,Q96LI5;Q9UFF9;A5YKK6;O95628;O75175;Q9C0C2;Q9UKZ1;Q9NZN8;Q9H9A5;Q92600;CHEBI:60240
prerank,General transcription factor TFIIH complex,-0.6596958174904942,-2.3644987418140846,0.0,0.0,0.0,11/11,34.25%,Q13888;Q92759;P18074;P32780;P51946;P51948;P19447;P50613;Q6ZYL4;Q13889;CHEBI:49883
prerank,"CCR4-NOT mRNA deadenylase complex, CNOT6-CNOT8 variant",-0.6839022930361525,-2.357635793644909,0.0,0.0,0.0,11/12,22.01%,Q9ULM6;Q9UFF9;A5YKK6;O95628;O75175;Q9C0C2;Q9UKZ1;Q9NZN8;Q9H9A5;Q92600;CHEBI:60240
prerank,"Non-canonical polycomb repressive complex 1.6, RING2-RYBP variant",-0.9419582316246271,-2.3548242697931,0.0,0.0,0.0,6/6,5.98%,Q9BYE7;CPX-2551;Q969R5;CPX-2552;Q8N488;Q99496
prerank,MBD3/NuRD nucleosome remodeling and deacetylase complex,-0.7104047813094267,-2.34683160449705,0.0,0.0,0.0,12/12,29.22%,O95983;Q8WXI9;Q9BTC8;O94776;Q14839;Q86YP4;Q12873;Q13330;Q16576;Q09028;Q92769;Q13547
prerank,"Nucleolar exosome complex, EXOSC10 variant",-0.6788492145402291,-2.3352324785382206,0.0,0.0,0.0,10/11,21.61%,Q9Y3B2;Q9NQT4;Q9NPD3;Q96B26;Q15024;Q13868;Q5RKV6;Q01780;Q9NQT5;Q06265
prerank,"Polybromo-associated SWI/SNF ATP-dependent chromatin remodeling complex, ACTL6B variant",-0.6448420559933241,-2.3259265452551863,0.0,0.0,0.0,12/13,26.70%,O94805;Q68CP9;Q86U86;Q9NPI1;Q92925;Q8TAQ2;Q8WUB8;Q969G3;Q12824;P51532;Q92922;Q96GM5
prerank,"Non-canonical polycomb repressive complex 1.6, RING1-RYBP variant",-0.9422294548413345,-2.3168973380166284,0.0,0.0,0.0,6/6,5.96%,Q9BYE7;CPX-2551;Q969R5;CPX-2552;Q8N488;Q06587
prerank,Anaphase-promoting core complex,0.8926338678988853,2.2989053943674036,0.0,0.0,0.0,14/14,11.08%,Q9UM13;Q9UJX6;Q9UJX5;Q9UJX2;Q9NYG5;Q9H1A4;Q9BS18;Q96DE5;Q8NHZ8;Q13042;P60006;P30260;Q9UJX3;Q9UJX4
prerank,"Neuron-specific SWI/SNF ATP-dependent chromatin remodeling complex, ARID1B-SMARCA2 variant",-0.6384134745992937,-2.2982425758282883,0.0,0.0,0.0,12/12,36.39%,Q92782;O94805;Q8NFD5;Q92784;Q6STE5;Q8TAQ2;P51531;Q969G3;Q12824;Q92922;Q96GM5;P60709
prerank,"Exosome complex, DIS3 variant",-0.6788479391353832,-2.291706651177637,0.0,0.0,0.0,10/11,21.61%,Q9Y2L1;Q9Y3B2;Q9NQT4;Q9NPD3;Q96B26;Q15024;Q13868;Q5RKV6;Q9NQT5;Q06265
prerank,"SWI/SNF ATP-dependent chromatin remodeling complex, ACTL6B-ARID1A-SMARCA2 variant",-0.6382400869092884,-2.2862329814766666,0.0,0.0,0.0,11/11,36.39%,O94805;Q6STE5;Q92925;Q8TAQ2;O14497;P51531;Q969G3;Q12824;Q92922;Q96GM5;P60709
prerank,"SWI/SNF ATP-dependent chromatin remodeling complex, ACTL6B-ARID1B-SMARCA2 variant",-0.6382400869092884,-2.285430250213195,0.0,0.0,0.0,11/11,36.39%,O94805;Q8NFD5;Q6STE5;Q92925;Q8TAQ2;P51531;Q969G3;Q12824;Q92922;Q96GM5;P60709
prerank,"Muscle cell-specific SWI/SNF ATP-dependent chromatin remodeling complex, ACTL6B-ARID1A-SMARCA2 variant",-0.6384134745992937,-2.2811739395802326,0.0,0.0,0.0,12/12,36.39%,O94805;Q92784;Q6STE5;Q92925;Q8TAQ2;O14497;P51531;Q969G3;Q12824;Q92922;Q96GM5;P60709
prerank,"Non-canonical polycomb repressive complex 1.1, RING2-PCGF1-RYBP variant",-0.8708977488473013,-2.2779391094491745,0.0,0.0,0.0,6/6,13.08%,Q5H9F3;Q9BSM1;Q8N488;Q99496;Q8NHM5;P63208
prerank,"Non-canonical polycomb repressive complex 1.1, RING2-PCGF1-YAF2 variant",-0.8708977488473013,-2.26467836093964,0.0,0.0,0.0,6/6,13.08%,Q6W2J9;Q9BSM1;Q8IY57;Q99496;Q8NHM5;P63208
prerank,"CCR4-NOT mRNA deadenylase complex, CNOT6-CNOT7 variant",-0.6839022930361525,-2.259120062241232,0.0,0.0,0.0,11/12,22.01%,Q9ULM6;Q9UIV1;A5YKK6;O95628;O75175;Q9C0C2;Q9UKZ1;Q9NZN8;Q9H9A5;Q92600;CHEBI:60240
prerank,"SWI/SNF ATP-dependent chromatin remodeling complex, ACTL6B-ARID1A-SMARCA4 variant",-0.6382400869092884,-2.25208048337964,0.0,5.449126518271646e-05,0.001,11/11,36.39%,O94805;Q6STE5;Q92925;Q8TAQ2;O14497;Q969G3;Q12824;P51532;Q92922;Q96GM5;P60709
prerank,"Non-canonical polycomb repressive complex 1.3, RING1-YAF2-CKIIA2 variant",-0.9419739696312365,-2.250641809734236,0.0,5.356768441690771e-05,0.001,5/5,5.96%,CPX-2428;Q3KNV8;Q8WXX7;Q8IY57;Q06587
prerank,"Muscle cell-specific SWI/SNF ATP-dependent chromatin remodeling complex, ACTL6B-ARID1B-SMARCA2 variant",-0.6384134745992937,-2.2476496833218538,0.0,5.267488967662591e-05,0.001,12/12,36.39%,O94805;Q8NFD5;Q92784;Q6STE5;Q92925;Q8TAQ2;P51531;Q969G3;Q12824;Q92922;Q96GM5;P60709
prerank,"Non-canonical polycomb repressive complex 1.3, RING1-RYBP-CKIIA2 variant",-0.9419739696312365,-2.2453249327345683,0.0,5.1811366895041884e-05,0.001,5/5,5.96%,CPX-2428;Q3KNV8;Q8WXX7;Q8N488;Q06587
prerank,"Non-canonical polycomb repressive complex 1.5, RING1-RYBP-CKIIA2 variant",-0.9419739696312365,-2.2450100606576893,0.0,5.097569968705733e-05,0.001,5/5,5.96%,CPX-2428;Q86SE9;Q8WXX7;Q8N488;Q06587
prerank,General transcription factor complex TFIID,-0.6357705898341941,-2.2449854333024306,0.0,5.0166561596786585e-05,0.001,14/14,36.69%,Q15543;Q7Z7C8;Q5VWG9;P21675;Q15544;O00268;P49848;Q15542;Q15545;Q6P1X5;P20226;Q12962;Q16514;Q16594
prerank,"Muscle cell-specific SWI/SNF ATP-dependent chromatin remodeling complex, ACTL6B-ARID1A-SMARCA4 variant",-0.6384134745992937,-2.242461972326079,0.0,4.938270907183679e-05,0.001,12/12,36.39%,O94805;Q92784;Q6STE5;Q92925;Q8TAQ2;O14497;Q969G3;Q12824;P51532;Q92922;Q96GM5;P60709
prerank,Mitochondrial NIAUFX iron-sulfur cluster assembly complex ,-0.8562126966901791,-2.23970065067925,0.0,4.862297508611623e-05,0.001,7/7,14.57%,Q9HD34;Q9Y697;Q9H1K1;Q16595;Q6P4F2;CHEBI:597326;O14561
prerank,"SWI/SNF ATP-dependent chromatin remodeling complex, ACTL6A-ARID1A-SMARCA2 variant",-0.6366105377512221,-2.237185722988327,0.0,4.788626334238719e-05,0.001,11/11,36.56%,Q6STE5;Q92925;Q8TAQ2;O14497;P51531;Q969G3;Q12824;Q92922;Q96GM5;P60709;O96019
prerank,"Neural progenitor-specific SWI/SNF ATP-dependent chromatin remodeling complex, ARID1A-SMARCA2 variant",-0.6366105377512221,-2.2351189375310536,0.0,4.7171542993993356e-05,0.001,11/11,36.56%,Q6STE5;Q8TAQ2;O14497;Q8WUB8;P51531;Q969G3;Q12824;Q92922;Q96GM5;P60709;O96019
prerank,"SAGA complex, KAT2A variant",-0.6345315904139435,-2.233940556088207,0.0,4.6477843832316985e-05,0.001,21/21,36.93%,Q96BN2;Q86TJ2;O94864;Q8NEM7;Q9Y6J9;O15265;Q9UPT9;CHEBI:27363;Q14CW9;O75486;O75529;Q9NPA8;Q12962;Q16514;Q16594;Q15393;Q9BWJ5;Q9Y4A5;Q96ES7;Q92830;O75528
prerank,"Non-canonical polycomb repressive complex 1.5, RING1-YAF2-CKIIA1-A2 variant",-0.9419739696312365,-2.2270468017453964,0.0,9.160850378543638e-05,0.002,5/5,5.96%,CPX-2437;Q86SE9;Q8WXX7;Q8IY57;Q06587
prerank,"Neuron-specific SWI/SNF ATP-dependent chromatin remodeling complex, ARID1A-SMARCA2 variant",-0.6384134745992937,-2.2266033363955464,0.0,9.029981087421585e-05,0.002,12/12,36.39%,Q92782;O94805;Q92784;Q6STE5;Q8TAQ2;O14497;P51531;Q969G3;Q12824;Q92922;Q96GM5;P60709
prerank,"DREAM transcriptional repressor complex, RBL1 variant",-0.7211512354059191,-2.222644038207918,0.0,8.90279825520438e-05,0.002,10/10,28.11%,P28749;Q15329;Q16254;Q14188;Q6MZP7;Q96GY3;Q52LA3;Q5TKA1;Q14186;Q09028
prerank,"Non-canonical polycomb repressive complex 1.5, RING1-RYBP-CKIIA1 variant",-0.9419739696312365,-2.220090012101325,0.0,8.779148279437653e-05,0.002,5/5,5.96%,CPX-914;Q86SE9;Q8WXX7;Q8N488;Q06587
prerank,INO80 chromatin remodeling complex,-0.6373028820010875,-2.2186490004166513,0.0,8.658885974239877e-05,0.002,15/15,36.56%,P25490;Q8NBZ0;Q6PI98;Q9Y5K5;Q9H981;Q6P4R8;Q9ULG1;Q9C086;Q9H9F9;P0C1Z6;Q53TQ3;Q96EZ8;Q9Y230;Q9Y265;O96019
prerank,"Non-canonical polycomb repressive complex 1.3, RING1-RYBP-CKIIA1 variant",-0.9419739696312365,-2.215704580117392,0.0,8.541874001615013e-05,0.002,5/5,5.96%,CPX-914;Q3KNV8;Q8WXX7;Q8N488;Q06587
prerank,"Non-canonical polycomb repressive complex 1.5, RING1-RYBP-CKIIA1-A2 variant",-0.9419739696312365,-2.210332519595147,0.0,0.0001264197352239022,0.002,5/5,5.96%,CPX-2437;Q86SE9;Q8WXX7;Q8N488;Q06587
prerank,"Muscle cell-specific SWI/SNF ATP-dependent chromatin remodeling complex, ACTL6A-ARID1A-SMARCA2 variant",-0.6367834827492529,-2.2091324926228055,0.0,0.00012475631765516664,0.002,12/12,36.56%,Q92784;Q6STE5;Q92925;Q8TAQ2;O14497;P51531;Q969G3;Q12824;Q92922;Q96GM5;P60709;O96019
prerank,"Neuron-specific SWI/SNF ATP-dependent chromatin remodeling complex, ARID1B-SMARCA4 variant",-0.6384134745992937,-2.2083989102924075,0.0,0.00012313610573756707,0.002,12/12,36.39%,Q92782;O94805;Q8NFD5;Q92784;Q6STE5;Q8TAQ2;Q969G3;Q12824;P51532;Q92922;Q96GM5;P60709
prerank,"Cytoplasmic exosome complex, DIS3L variant",-0.6788479391353832,-2.204796846935073,0.0,0.00012155743771529057,0.002,10/11,21.61%,Q8TF46;Q9Y3B2;Q9NQT4;Q9NPD3;Q96B26;Q15024;Q13868;Q5RKV6;Q9NQT5;Q06265
prerank,"Non-canonical polycomb repressive complex 1.3, RING2-YAF2-CKIIA2 variant",-0.9417028199566161,-2.198059738149666,0.0,0.00012001873597205904,0.002,5/5,5.98%,CPX-2428;Q3KNV8;Q8WXX7;Q8IY57;Q99496
prerank,"Non-canonical polycomb repressive complex 1.1, RING1-PCGF1-YAF2 variant",-0.8708977488473013,-2.1906198370883025,0.0,0.00015802466902987774,0.003,6/6,13.08%,Q6W2J9;Q9BSM1;Q8IY57;Q06587;Q8NHM5;P63208
prerank,"Non-canonical polycomb repressive complex 1.3, RING2-RYBP-CKIIA2 variant",-0.9417028199566161,-2.190335965099462,0.0,0.00015607374719000272,0.003,5/5,5.98%,CPX-2428;Q3KNV8;Q8WXX7;Q8N488;Q99496
prerank,"Neuron-specific SWI/SNF ATP-dependent chromatin remodeling complex, ARID1A-SMARCA4 variant",-0.6384134745992937,-2.188843321298143,0.0,0.0001541704088096368,0.003,12/12,36.39%,Q92782;O94805;Q92784;Q6STE5;Q8TAQ2;O14497;Q969G3;Q12824;P51532;Q92922;Q96GM5;P60709
prerank,"Non-canonical polycomb repressive complex 1.5, RING1-YAF2-CKIIA1 variant",-0.9419739696312365,-2.1878739349881684,0.0,0.00015231293400470142,0.003,5/5,5.96%,CPX-914;Q86SE9;Q8WXX7;Q8IY57;Q06587
prerank,"General transcription factor complex TFIID, TAF4B variant",-0.6357705898341941,-2.187431295452056,0.0,0.00015049968479035976,0.003,14/14,36.69%,Q92750;Q15543;Q7Z7C8;Q5VWG9;P21675;Q15544;P49848;Q15542;Q15545;Q6P1X5;P20226;Q12962;Q16514;Q16594
prerank,"Non-canonical polycomb repressive complex 1.3, RING2-RYBP-CKIIA1 variant",-0.9417028199566161,-2.1839474534295253,0.0,0.00014872910026341436,0.003,5/5,5.98%,CPX-914;Q3KNV8;Q8WXX7;Q8N488;Q99496
prerank,"Non-canonical polycomb repressive complex 1.1, RING1-PCGF1-RYBP variant",-0.8708977488473013,-2.1831968738369927,0.0,0.0001469996921208165,0.003,6/6,13.08%,Q6W2J9;Q9BSM1;Q8N488;Q06587;Q8NHM5;P63208
prerank,"Non-canonical polycomb repressive complex 1.3, RING2-YAF2-CKIIA1-A2 variant",-0.9417028199566161,-2.178962667400891,0.0,0.0001453100404872439,0.003,5/5,5.98%,CPX-2437;Q3KNV8;Q8WXX7;Q8IY57;Q99496
prerank,DNA-directed RNA polymerase I complex,-0.6338678988855667,-2.1789079900676613,0.0,0.0001436587900271616,0.003,14/14,36.88%,Q9GZS1;Q3B726;O95602;Q9P1U0;O15446;Q9H9Y6;O15160;P0DPB6;P52434;P53803;P61218;P62875;P19388;CHEBI:29105
prerank,"Non-canonical polycomb repressive complex 1.3, RING2-RYBP-CKIIA1-A2 variant",-0.9417028199566161,-2.1779006452011784,0.0,0.00014204464631899122,0.003,5/5,5.98%,CPX-2437;Q3KNV8;Q8WXX7;Q8N488;Q99496
prerank,"DREAM transcriptional repressor complex, RBL2 variant",-0.7211512354059191,-2.1776161844603834,0.0,0.00014046637247100245,0.003,10/10,28.11%,Q08999;Q15329;Q16254;Q14188;Q6MZP7;Q96GY3;Q52LA3;Q5TKA1;Q14186;Q09028
prerank,"Non-canonical polycomb repressive complex 1.5, RING1-YAF2-CKIIA2 variant",-0.9419739696312365,-2.1709673219632872,0.0,0.00013892278596033206,0.003,5/5,5.96%,CPX-2428;Q86SE9;Q8WXX7;Q8IY57;Q06587
prerank,"Non-canonical polycomb repressive complex 1.5, RING2-RYBP-CKIIA2 variant",-0.9417028199566161,-2.1702293852683097,0.0,0.00013741275567815455,0.003,5/5,5.98%,CPX-2428;Q86SE9;Q8WXX7;Q8N488;Q99496
prerank,"GBAF (SWI/SNF) ATP-dependent chromatin remodeling complex, ACTL6B-BICRA-SMARCA4 variant",-0.6382400869092884,-2.1697238571819484,0.0,0.00013593519916548625,0.003,11/11,36.39%,O94805;Q9NZM4;Q15532;Q9H8M2;Q9BQE9;Q4VC05;Q8WUZ0;P51532;Q92922;Q96GM5;P60709
prerank,"Vacuolar proton translocating ATPase complex, ATP6V0A3 variant",0.8915935733053266,2.1602790268083383,0.0,0.0,0.0,9/10,2.38%,Q99437;Q6P5S7;Q16864;Q15904;P38606;Q9Y5K8;Q9UI12;P27449;O75787
prerank,"Vacuolar proton translocating ATPase complex, ATP6V0A1 variant",0.8915935733053266,2.155041968604238,0.0,0.0,0.0,9/10,2.38%,Q99437;Q6P5S7;Q16864;Q15904;P38606;Q9Y5K8;Q9UI12;P27449;O75787
prerank,"Non-canonical polycomb repressive complex 1.5, RING2-RYBP-CKIIA1 variant",-0.9417028199566161,-2.1521872883644138,0.0,0.0001681113500317848,0.004,5/5,5.98%,CPX-914;Q86SE9;Q8WXX7;Q8N488;Q99496
prerank,"Non-canonical polycomb repressive complex 1.3, RING1-RYBP-CKIIA1-A2 variant",-0.9419739696312365,-2.150288554023727,0.0,0.00016634175687355553,0.004,5/5,5.96%,CPX-2437;Q3KNV8;Q8WXX7;Q8N488;Q06587
prerank,"Vacuolar proton translocating ATPase complex, ATP6V0A4 variant",0.8915935733053266,2.1495311898691902,0.0,0.0,0.0,9/10,2.38%,Q99437;Q6P5S7;Q16864;Q15904;P38606;Q9Y5K8;Q9UI12;P27449;O75787
prerank,"Polybromo-associated SWI/SNF ATP-dependent chromatin remodeling complex, ACTL6A variant",-0.6369565217391304,-2.1494771765585545,0.0,0.00016460903023945598,0.004,13/13,36.56%,Q68CP9;Q86U86;Q9NPI1;Q92925;Q8TAQ2;Q8WUB8;Q969G3;Q12824;P51532;Q92922;Q96GM5;P60709;O96019
prerank,"Vacuolar proton translocating ATPase complex, ATP6V0A2 variant",0.8915935733053266,2.1463388549722437,0.0,0.0,0.0,9/10,2.38%,Q99437;Q6P5S7;Q16864;Q15904;P38606;Q9Y5K8;Q9UI12;P27449;O75787
prerank,"Non-canonical polycomb repressive complex 1.5, RING2-YAF2-CKIIA1-A2 variant",-0.9417028199566161,-2.1452569479569052,0.0,0.000162912029927709,0.004,5/5,5.98%,CPX-2437;Q86SE9;Q8WXX7;Q8IY57;Q99496
prerank,Dynactin complex,-0.6380667933749661,-2.1442856799441374,0.0,0.00016124966227538544,0.004,10/10,36.39%,O00399;CPX-8695;Q9NZ32;Q9BTE1;Q14203;Q9UJW0;P61163;Q13561;O75935;P60709
prerank,"Muscle cell-specific SWI/SNF ATP-dependent chromatin remodeling complex, ACTL6A-ARID1B-SMARCA2 variant",-0.6367834827492529,-2.1414098298492763,0.0,0.0001596208778079573,0.004,12/12,36.56%,Q8NFD5;Q92784;Q6STE5;Q92925;Q8TAQ2;P51531;Q969G3;Q12824;Q92922;Q96GM5;P60709;O96019
prerank,39S mitochondrial large ribosomal subunit,0.7133827974718323,2.139511572597494,0.0,0.0,0.0,54/54,29.70%,Q13084;P52815;P49406;P09001;O75394;Q8TCC3;Q8TAE8;Q8N983;Q8N5N7;Q8IXM3;Q86TS9;Q7Z7H8;Q7Z7F7;Q7Z2W9;Q6P1L8;Q6P161;Q5T653;Q16540;Q14197;Q13405;Q9H2W6;Q9H0U6;Q9BZE1;Q9BYD6;Q9BYD3;Q9BYD2;Q9BYD1;Q9BYC9;Q9BYC8;Q9BRJ2;Q9BQC6;Q9BQ48;Q96EL3;Q96DV4;Q96A35;URS000047A7F4_9606;Q9Y6G3;Q9Y3B7;Q9P0M9;Q9P0J6;Q9P015;Q9NZE8;Q9NYK5;Q9NX20;Q9NWU5;Q9NVS2;Q9NRX2;Q4U2R6;Q9NQ50;Q9NP92;Q9HD33;Q9H9J2;URS000080E36F_9606;Q96GC5
prerank,"Muscle cell-specific SWI/SNF ATP-dependent chromatin remodeling complex, ACTL6B-ARID1B-SMARCA4 variant",-0.6384134745992937,-2.139298048469813,0.0,0.0001580246690298777,0.004,12/12,36.39%,O94805;Q8NFD5;Q92784;Q6STE5;Q92925;Q8TAQ2;Q969G3;Q12824;P51532;Q92922;Q96GM5;P60709
prerank,"Non-canonical polycomb repressive complex 1.5, RING2-YAF2-CKIIA2 variant",-0.9417028199566161,-2.135270016475256,0.0,0.0001564600683464136,0.004,5/5,5.98%,CPX-2428;Q86SE9;Q8WXX7;Q8IY57;Q99496
prerank,"SWI/SNF ATP-dependent chromatin remodeling complex, ACTL6B-ARID1B-SMARCA4 variant",-0.6382400869092884,-2.130482984028021,0.0,0.0001859113753292679,0.005,11/11,36.39%,O94805;Q8NFD5;Q6STE5;Q92925;Q8TAQ2;Q969G3;Q12824;P51532;Q92922;Q96GM5;P60709
prerank,"Non-canonical polycomb repressive complex 1.5, RING2-RYBP-CKIIA1-A2 variant",-0.9417028199566161,-2.1296315787065203,0.0,0.00018410641052024593,0.005,5/5,5.98%,CPX-2437;Q86SE9;Q8WXX7;Q8N488;Q99496
prerank,Mitochondrial proton-transporting ATP synthase complex,0.7777777777777779,2.1295214430822518,0.0,0.0,0.0,21/21,22.66%,P30049;P25705;P24539;P18859;P06576;Q5VTU8;Q06055;P56385;P56381;P56378;P56134;P48201;P48047;P36542;P05496;P03928;P00846;O75964;O75947;Q96IX5;Q7Z4Y8
prerank,"Mitochondrial pyruvate dehydrogenase complex, somatic variant",-0.7199457259158752,-2.124962641513946,0.0,0.0002127255160017585,0.005,8/8,28.19%,P10515;O00330;CHEBI:16238;CHEBI:83088;P09622;P08559;P11177;CHEBI:58937
prerank,"Neural progenitor-specific SWI/SNF ATP-dependent chromatin remodeling complex, ARID1B-SMARCA2 variant",-0.6366105377512221,-2.1238413272283436,0.0,0.00021069955870650365,0.005,11/11,36.56%,Q8NFD5;Q6STE5;Q8TAQ2;Q8WUB8;P51531;Q969G3;Q12824;Q92922;Q96GM5;P60709;O96019
prerank,U4 small nuclear ribonucleoprotein complex,-0.6387832699619771,-2.122461313646913,0.0,0.00020871182702059327,0.005,11/11,36.34%,O43395;O43172;URS0000715A86_9606;P62316;P62314;P62308;P14678;P62304;P62306;P62318;P55769
prerank,"Non-canonical polycomb repressive complex 1.3, RING1-YAF2-CKIIA1 variant",-0.9419739696312365,-2.1217584357571795,0.0,0.00020676124919797087,0.005,5/5,5.96%,CPX-914;Q3KNV8;Q8WXX7;Q8IY57;Q06587
prerank,U1 small nuclear ribonucleoprotein complex ,-0.6515480717001629,-2.114690569477984,0.0,0.00023411062078500404,0.006,11/11,35.07%,P09012;P08621;M14387;P09234;P62316;P62314;P62308;P14678;P62304;P62306;P62318
prerank,"Non-canonical polycomb repressive complex 1.3, RING2-YAF2-CKIIA1 variant",-0.9417028199566161,-2.111475409836066,0.0,0.00023196281692459118,0.006,5/5,5.98%,CPX-914;Q3KNV8;Q8WXX7;Q8IY57;Q99496
prerank,"Non-canonical polycomb repressive complex 1.5, RING2-YAF2-CKIIA1 variant",-0.9417028199566161,-2.099513693600101,0.0,0.00022985406404345854,0.006,5/5,5.98%,CPX-914;Q86SE9;Q8WXX7;Q8IY57;Q99496
prerank,mCRD-poly(A)-bridging complex,-0.9208242950108461,-2.0994608583135643,0.0,0.00022778330670973369,0.006,5/5,8.07%,Q9H074;O75534;P11940;Q14103;O60506
prerank,"GBAF (SWI/SNF) ATP-dependent chromatin remodeling complex, ACTL6B-BICRAL-SMARCA4 variant",-0.6382400869092884,-2.090847275438453,0.0,0.0002539682180837321,0.007,11/11,36.39%,O94805;Q6AI39;Q15532;Q9H8M2;Q9BQE9;Q4VC05;Q8WUZ0;P51532;Q92922;Q96GM5;P60709
prerank,"Neural progenitor-specific SWI/SNF ATP-dependent chromatin remodeling complex, ARID1A-SMARCA4 variant",-0.6366105377512221,-2.088285908874126,0.0,0.00025172071172900877,0.007,11/11,36.56%,Q6STE5;Q8TAQ2;O14497;Q8WUB8;Q969G3;Q12824;P51532;Q92922;Q96GM5;P60709;O96019
prerank,"Non-canonical polycomb repressive complex 1.3, RING1-YAF2-CKIIA1-A2 variant",-0.9419739696312365,-2.0872066267832494,0.0,0.0002495126353103333,0.007,5/5,5.96%,CPX-2437;Q3KNV8;Q8WXX7;Q8IY57;Q06587
prerank,"SWI/SNF ATP-dependent chromatin remodeling complex, ACTL6A-ARID1B-SMARCA2 variant",-0.6366105377512221,-2.0809833102241537,0.0,0.0002473429602206782,0.007,11/11,36.56%,Q8NFD5;Q6STE5;Q92925;Q8TAQ2;P51531;Q969G3;Q12824;Q92922;Q96GM5;P60709;O96019
prerank,"Mitochondrial pyruvate dehydrogenase complex, testis-specific variant",-0.7199457259158752,-2.0788774669960426,0.0,0.00024521069332222406,0.007,8/8,28.19%,P29803;P10515;O00330;CHEBI:16238;CHEBI:83088;P09622;P11177;CHEBI:58937
prerank,"GBAF (SWI/SNF) ATP-dependent chromatin remodeling complex, ACTL6B-BICRA-SMARCA2 variant",-0.6382400869092884,-2.077869358438795,0.0,0.00024311487543058114,0.007,11/11,36.39%,O94805;Q9NZM4;Q15532;Q9H8M2;Q9BQE9;Q4VC05;Q8WUZ0;P51531;Q92922;Q96GM5;P60709
prerank,GCN5-containing ATAC complex,-0.6323649199022536,-2.0765460608589,0.0,0.00024105457987608466,0.007,10/10,36.96%,Q9ULM3;Q9H8E8;Q9NS73;Q8IYH5;Q01658;O75478;Q96ES7;Q92830;O75528;P61964
prerank,28S mitochondrial small ribosomal subunit,0.7176406335335879,2.07530449496567,0.0,0.0,0.0,31/31,28.84%,P82650;P51398;O60783;O15235;Q9BYN8;Q96EY7;Q96EL2;Q96BP2;Q92665;Q92552;P82933;P82932;P82930;P82921;P82914;P82912;P82673;P82664;P82663;URS000044DFF6_9606;Q9Y676;Q9Y3D9;Q9Y3D5;Q9Y3D3;Q9Y399;Q9Y2R9;Q9Y2Q9;Q9Y291;Q9NWT8;P82675;Q9Y2R5
prerank,Signal recognition particle,0.9169831795984806,2.0718820884969644,0.0,0.0,0.0,7/7,8.48%,P49458;P37108;P09132;O76094;URS00000478B7_9606;Q9UHB9;P61011
prerank,"SWI/SNF ATP-dependent chromatin remodeling complex, ACTL6A-ARID1A-SMARCA4 variant",-0.6366105377512221,-2.068635867224946,0.024390243902439025,0.00026558767904181135,0.008,11/11,36.56%,Q6STE5;Q92925;Q8TAQ2;O14497;Q969G3;Q12824;P51532;Q92922;Q96GM5;P60709;O96019
prerank,PCAF-containing ATAC complex,-0.6323649199022536,-2.068524942787451,0.0,0.00026337444838312954,0.008,10/10,36.96%,Q9ULM3;Q9H8E8;Q9NS73;Q8IYH5;Q01658;O75478;Q92831;Q96ES7;O75528;P61964
prerank,MCM complex,0.9571467317602386,2.061166007630534,0.0,8.200871431729529e-05,0.002,6/6,4.44%,Q14566;P49736;P33993;P33992;P33991;P25205
prerank,Embryonic stem cell-specific SWI/SNF ATP-dependent chromatin remodeling complex,-0.6369565217391304,-2.0534134644899047,0.0,0.00028731758005432314,0.009,13/13,36.56%,Q92785;Q9BQE9;Q4VC05;Q8WUZ0;O14497;Q8WUB8;Q969G3;Q12824;P51532;Q92922;Q96GM5;P60709;O96019
prerank,Nuclear origin recognition complex,0.9601301871440194,2.052671344406525,0.0,7.654146669614227e-05,0.002,6/6,4.14%,O43929;O43913;Q13415;Q9Y5N6;Q9UBD5;Q13416
prerank,"GBAF (SWI/SNF) ATP-dependent chromatin remodeling complex, ACTL6A-BICRA-SMARCA4 variant",-0.6366105377512221,-2.049020372507829,0.0,0.00033677388481777223,0.01,11/11,36.56%,Q9NZM4;Q15532;Q9H8M2;Q9BQE9;Q4VC05;Q8WUZ0;P51532;Q92922;Q96GM5;P60709;O96019
prerank,"Muscle cell-specific SWI/SNF ATP-dependent chromatin remodeling complex, ACTL6A-ARID1A-SMARCA4 variant",-0.6367834827492529,-2.0475352255156984,0.0,0.0003340358857542131,0.01,12/12,36.56%,Q92784;Q6STE5;Q92925;Q8TAQ2;O14497;Q969G3;Q12824;P51532;Q92922;Q96GM5;P60709;O96019
prerank,CRD-mediated mRNA stability complex,-0.8215351234065636,-2.0474295262454922,0.0,0.00033134204796587263,0.01,6/6,18.01%,Q08211;Q00839;Q9NZI8;P67809;O60506;CHEBI:33699
prerank,"Neural progenitor-specific SWI/SNF ATP-dependent chromatin remodeling complex, ARID1B-SMARCA4 variant",-0.6366105377512221,-2.04494527923168,0.0,0.00035397525862692616,0.01,11/11,36.56%,Q8NFD5;Q6STE5;Q8TAQ2;Q8WUB8;Q969G3;Q12824;P51532;Q92922;Q96GM5;P60709;O96019
prerank,HAUS complex,0.8616010854816825,2.0365138000219587,0.0,0.00010763643754145006,0.002,8/8,14.03%,Q9NVX0;Q9H6D7;Q9BT25;Q99871;Q96CS2;Q7Z4H7;Q68CZ6;O94927
prerank,"GBAF (SWI/SNF) ATP-dependent chromatin remodeling complex, ACTL6A-BICRAL-SMARCA4 variant",-0.6366105377512221,-2.0345170158078054,0.0,0.0005016656159678658,0.016,11/11,36.56%,Q6AI39;Q15532;Q9H8M2;Q9BQE9;Q4VC05;Q8WUZ0;P51532;Q92922;Q96GM5;P60709;O96019
prerank,Intraflagellar transport complex B,0.7582268153385913,2.026827700795081,0.0,0.00010130488239195298,0.002,16/16,24.51%,Q9NWB7;Q8WYA0;Q8TDR0;Q8N4P2;Q8IY31;Q13099;A0AVF1;Q9Y547;Q9Y366;Q9UG01;Q9P2H3;Q9NQC8;Q9H7X7;Q9BW83;Q96LB3;Q96AJ1
prerank,"Polycomb repressive complex 1, RING1-PCGF4-CBX7-PHC2 variant",-0.9417186229330441,-2.0253430227982276,0.0,0.0005474870423082379,0.018,4/4,5.96%,O95931;Q8IXK0;P35226;Q06587
prerank,"Serine palmitoyltransferase complex, SPTLC1-SPTLC2-SPTSSB variant",-0.9398210897262129,-2.021761237972649,0.0,0.0005925925088620416,0.018,4/4,6.15%,O15270;Q8NFR3;O15269;CHEBI:597326
prerank,"Polycomb repressive complex 1, RING2-PCGF2-CBX4-PHC3 variant",-0.9414475467606397,-2.018551281957554,0.0,0.0006369986658568714,0.02,4/4,5.98%,O00257;Q8NDX5;P35227;Q99496
prerank,UTP-B complex,0.921074043938161,2.017205068262562,0.0,9.567683337017782e-05,0.002,6/6,8.04%,Q9Y5J1;Q9UNX4;Q9NYH9;Q8NI36;Q15269;Q12788
prerank,PCAF histone acetylase complex,-0.6326364376866684,-2.0154122740856772,0.0,0.0006564101636625691,0.021,10/10,36.93%,Q9Y6J9;O75486;O75529;O75478;Q12962;Q16514;Q16594;Q9Y4A5;Q92831;O75528
prerank,"Polycomb repressive complex 1, RING2-PCGF2-CBX4-PHC1 variant",-0.9414475467606397,-2.0149641155085054,0.0,0.0006513993990544579,0.021,4/4,5.98%,O00257;P78364;P35227;Q99496
prerank,"Polycomb repressive complex 1, RING1-PCGF4-CBX2-PHC2 variant",-0.9417186229330441,-2.0108628497735666,0.0,0.0006704076867934207,0.021,4/4,5.96%,Q14781;Q8IXK0;P35226;Q06587
prerank,"Polycomb repressive complex 1, RING2-PCGF2-CBX2-PHC3 variant",-0.9414475467606397,-2.0105360657635756,0.0,0.0006653670274942221,0.021,4/4,5.98%,Q14781;Q8NDX5;P35227;Q99496
prerank,"Polycomb repressive complex 1, RING2-PCGF4-CBX6-PHC3 variant",-0.9414475467606397,-2.0081750136569707,0.0,0.000660401601915907,0.021,4/4,5.98%,O95503;Q8NDX5;P35226;Q99496
prerank,"Polycomb repressive complex 1, RING2-PCGF2-CBX2-PHC1 variant",-0.9414475467606397,-2.0051698426942566,0.0,0.0006789208002765118,0.022,4/4,5.98%,Q14781;P78364;P35227;Q99496
prerank,Fanconi anemia ubiquitin ligase complex,0.8393051031487515,2.0041219957052268,0.0,9.06412105612211e-05,0.002,9/9,16.27%,O15360;O15287;Q0VG06;Q00597;Q9NW38;Q9NPI8;Q9HB96;Q8NB91;Q6NZ36
prerank,"SWI/SNF ATP-dependent chromatin remodeling complex, ACTL6A-ARID1B-SMARCA4 variant",-0.6366105377512221,-2.0039469804489687,0.02040816326530612,0.0006739287355685962,0.022,11/11,36.56%,Q8NFD5;Q6STE5;Q92925;Q8TAQ2;Q969G3;Q12824;P51532;Q92922;Q96GM5;P60709;O96019
prerank,"GBAF (SWI/SNF) ATP-dependent chromatin remodeling complex, ACTL6A-BICRA-SMARCA2 variant",-0.6366105377512221,-2.0031250861400234,0.0,0.0006690095477177306,0.022,11/11,36.56%,Q9NZM4;Q15532;Q9H8M2;Q9BQE9;Q4VC05;Q8WUZ0;P51531;Q92922;Q96GM5;P60709;O96019
prerank,Mitochondrial respiratory chain complex II,-0.6593376764386537,-2.0011366614177875,0.0,0.0006641616524444137,0.022,9/9,34.25%,CHEBI:21137;O14521;Q99643;P21912;P31040;CHEBI:26355;CHEBI:190135;CHEBI:57692;CHEBI:49883
prerank,Synaptonemal complex,0.8974498100922408,2.0005142196107273,0.0,8.610915003316005e-05,0.002,7/7,10.43%,Q9BXU0;Q9BX26;Q8N0S2;Q8IZU3;Q6PIF2;Q15431;A1L190
prerank,"Polycomb repressive complex 1, RING2-PCGF2-CBX6-PHC2 variant",-0.9414475467606397,-1.9905658055283053,0.0,0.0006821208735102636,0.023,4/4,5.98%,O95503;Q8IXK0;P35227;Q99496
prerank,"Polycomb repressive complex 1, RING1-PCGF2-CBX2-PHC3 variant",-0.9417186229330441,-1.9894801710561543,0.0,0.0006998235342751728,0.024,4/4,5.96%,Q14781;Q8NDX5;P35227;Q06587
prerank,"Polycomb repressive complex 1, RING2-PCGF4-CBX8-PHC3 variant",-0.9414475467606397,-1.9872643745810652,0.0,0.0007396899401398533,0.024,4/4,5.98%,Q9HC52;Q8NDX5;P35226;Q99496
prerank,"Polycomb repressive complex 1, RING2-PCGF4-CBX8-PHC2 variant",-0.9414475467606397,-1.9869858284286328,0.0,0.0007344808560543613,0.024,4/4,5.98%,Q9HC52;Q8IXK0;P35226;Q99496
prerank,"Polycomb repressive complex 1, RING1-PCGF4-CBX8-PHC2 variant",-0.9417186229330441,-1.9861013605381732,0.0,0.0007514459786036145,0.024,4/4,5.96%,Q9HC52;Q8IXK0;P35226;Q06587
prerank,"Polycomb repressive complex 1, RING1-PCGF4-CBX6-PHC1 variant",-0.9417186229330441,-1.984002946004482,0.0,0.0007681754744507946,0.025,4/4,5.96%,O95503;P78364;P35226;Q06587
prerank,"Polycomb repressive complex 1, RING2-PCGF4-CBX4-PHC3 variant",-0.9414475467606397,-1.98306481439426,0.0,0.000784674218631117,0.026,4/4,5.98%,O00257;Q8NDX5;P35226;Q99496
prerank,Shelterin complex,-0.8166531055058314,-1.9814349622561533,0.0,0.0007792997376815889,0.026,6/6,18.49%,Q9NYB0;P54274;Q96AP0;Q9BSI4;Q9NUX5;Q15554
prerank,"Histone-lysine N-methyltransferase complex, KMT2C variant",-0.6323649199022536,-1.9813775386169377,0.0,0.0007739983789218501,0.026,10/10,36.96%,Q8NEZ4;Q9BTK6;Q14686;O15550;Q6ZW49;Q9UBL3;Q15291;Q9C005;CHEBI:29105;P61964
prerank,"Polycomb repressive complex 1, RING1-PCGF2-CBX2-PHC1 variant",-0.9417186229330441,-1.9798527159672321,0.0,0.0007901233451493887,0.027,4/4,5.96%,Q14781;P78364;P35227;Q06587
prerank,"Polycomb repressive complex 1, RING2-PCGF4-CBX7-PHC2 variant",-0.9414475467606397,-1.9795559549802777,0.0,0.0007848205039067753,0.027,4/4,5.98%,O95931;Q8IXK0;P35226;Q99496
prerank,"Muscle cell-specific SWI/SNF ATP-dependent chromatin remodeling complex, ACTL6A-ARID1B-SMARCA4 variant",-0.6367834827492529,-1.979155806340132,0.0,0.0007795883672140634,0.027,12/12,36.56%,Q8NFD5;Q92784;Q6STE5;Q92925;Q8TAQ2;Q969G3;Q12824;P51532;Q92922;Q96GM5;P60709;O96019
prerank,"Serine palmitoyltransferase complex, SPTLC1-SPTLC3-SPTSSB variant",-0.9398210897262129,-1.978628752109121,0.0,0.0007744255303450962,0.027,4/4,6.15%,Q9NUV7;Q8NFR3;O15269;CHEBI:597326
prerank,"GBAF (SWI/SNF) ATP-dependent chromatin remodeling complex, ACTL6B-BICRAL-SMARCA2 variant",-0.6382400869092884,-1.9778059160538985,0.0,0.0007901233451493887,0.027,11/11,36.39%,O94805;Q6AI39;Q15532;Q9H8M2;Q9BQE9;Q4VC05;Q8WUZ0;P51531;Q92922;Q96GM5;P60709
prerank,"Histone-lysine N-methyltransferase complex, SET1B variant",-0.6325366648560564,-1.9776907920181024,0.0,0.0007849591402791312,0.027,11/11,36.96%,Q8NFC6;Q96IK1;Q9UPS6;Q9P0U4;Q6UXN9;Q9Y5Z7;Q9UBL3;Q15291;Q9C005;P51610;P61964
prerank,"Polycomb repressive complex 1, RING2-PCGF4-CBX6-PHC2 variant",-0.9414475467606397,-1.9771013500902146,0.0,0.0007798620030045915,0.027,4/4,5.98%,O95503;Q8IXK0;P35226;Q99496
prerank,"Polycomb repressive complex 1, RING2-PCGF2-CBX6-PHC1 variant",-0.9414475467606397,-1.9767350859094297,0.0,0.0007748306352432714,0.027,4/4,5.98%,O95503;P78364;P35227;Q99496
prerank,"Polycomb repressive complex 1, RING1-PCGF4-CBX6-PHC2 variant",-0.9417186229330441,-1.9766082889912657,0.00510204081632653,0.0007698637721968402,0.027,4/4,5.96%,O95503;Q8IXK0;P35226;Q06587
prerank,"GBAF (SWI/SNF) ATP-dependent chromatin remodeling complex, ACTL6A-BICRAL-SMARCA2 variant",-0.6366105377512221,-1.9744355180006241,0.0,0.0007850907123777366,0.028,11/11,36.56%,Q6AI39;Q15532;Q9H8M2;Q9BQE9;Q4VC05;Q8WUZ0;P51531;Q92922;Q96GM5;P60709;O96019
prerank,XRCC1 DNA repair complex,0.8741182854042322,1.9731562338943054,0.0,0.00016401742863459057,0.004,7/7,12.75%,Q9NUW8;Q96T60;Q8IW19;Q7Z2E3;P49916;P18887;P06746
prerank,"Polycomb repressive complex 1, RING2-PCGF4-CBX2-PHC2 variant",-0.9414475467606397,-1.9717282261741915,0.0,0.0008201280291424035,0.029,4/4,5.98%,Q14781;Q8IXK0;P35226;Q99496
prerank,tRNA-splicing ligase complex,-0.6746268656716419,-1.9716815176174516,0.0,0.000814969991223269,0.029,8/8,32.71%,Q92499;Q8IWT0;Q52LJ0;Q9Y3I0;Q9BVC5;Q8NCA5;Q9Y224;CHEBI:29035
prerank,"Polycomb repressive complex 1, RING1-PCGF4-CBX2-PHC3 variant",-0.9417186229330441,-1.9714846262356582,0.0,0.0008296295124068582,0.03,4/4,5.96%,Q14781;Q8NDX5;P35226;Q06587
prerank,"Polycomb repressive complex 1, RING2-PCGF2-CBX8-PHC3 variant",-0.9414475467606397,-1.9703791386205884,0.0,0.0008244765340689273,0.03,4/4,5.98%,Q9HC52;Q8NDX5;P35227;Q99496
prerank,"Polycomb repressive complex 1, RING1-PCGF2-CBX6-PHC2 variant",-0.9417186229330441,-1.96970331932307,0.0,0.0008388963911462646,0.031,4/4,5.96%,O95503;Q8IXK0;P35227;Q06587
prerank,"Polycomb repressive complex 1, RING2-PCGF2-CBX4-PHC2 variant",-0.9414475467606397,-1.9686124532618543,0.0,0.0008337497875196004,0.031,4/4,5.98%,O00257;Q8IXK0;P35227;Q99496
prerank,"Polycomb repressive complex 1, RING2-PCGF4-CBX7-PHC3 variant",-0.9414475467606397,-1.9675267767156828,0.0,0.0008286659473517979,0.031,4/4,5.98%,O95931;Q8NDX5;P35226;Q99496
prerank,"Polycomb repressive complex 1, RING2-PCGF2-CBX7-PHC1 variant",-0.9414475467606397,-1.966201830401334,0.0,0.0008427982348260147,0.031,4/4,5.98%,O95931;P78364;P35227;Q99496
prerank,"Polycomb repressive complex 1, RING2-PCGF4-CBX6-PHC1 variant",-0.9414475467606397,-1.965012838055995,0.0,0.0008377211370258579,0.031,4/4,5.98%,O95503;P78364;P35226;Q99496
prerank,"Polycomb repressive complex 1, RING1-PCGF2-CBX4-PHC3 variant",-0.9417186229330441,-1.9644253090216452,0.0,0.0008327048427921702,0.031,4/4,5.96%,O00257;Q8NDX5;P35227;Q06587
prerank,"Polycomb repressive complex 1, RING1-PCGF2-CBX4-PHC2 variant",-0.9417186229330441,-1.9642003480427668,0.0,0.0008277482663469787,0.031,4/4,5.96%,O00257;Q8IXK0;P35227;Q06587
prerank,"Polycomb repressive complex 1, RING1-PCGF4-CBX4-PHC2 variant",-0.9417186229330441,-1.9632185886402755,0.0,0.0008228503476111977,0.031,4/4,5.96%,O00257;Q8IXK0;P35226;Q06587
prerank,"Polycomb repressive complex 1, RING1-PCGF2-CBX7-PHC2 variant",-0.9417186229330441,-1.9624822422409036,0.0,0.0008180100514487789,0.031,4/4,5.96%,O95931;Q8IXK0;P35227;Q06587
prerank,"Polycomb repressive complex 1, RING2-PCGF4-CBX2-PHC3 variant",-0.9414475467606397,-1.9599022244849782,0.0,0.0008317087843677776,0.032,4/4,5.98%,Q14781;Q8NDX5;P35226;Q99496
prerank,U6 small nuclear ribonucleoprotein complex,-0.6552660152008687,-1.959199757685066,0.0,0.0008452482296946948,0.033,9/9,34.66%,Q15020;Q9UK45;O95777;P62310;Q9Y4Y9;P62312;Q9Y333;Q9Y4Z0;URS00006767A8_9606
prerank,KEOPS tRNA N6-adenosine threonylcarbamoyltransferase complex,-0.7813940873338758,-1.9583148909263355,0.0,0.0008951686453715618,0.034,6/6,22.01%,Q14657;Q96S44;Q9NPF4;Q9Y3C4;Q9BXV9;CHEBI:60240
prerank,"Polycomb repressive complex 1, RING1-PCGF4-CBX2-PHC1 variant",-0.9417186229330441,-1.957956983218794,0.0,0.0008900239979843689,0.034,4/4,5.96%,Q14781;P78364;P35226;Q06587
prerank,"Polycomb repressive complex 1, RING1-PCGF2-CBX6-PHC1 variant",-0.9417186229330441,-1.957504491683142,0.0,0.0008849381465673154,0.034,4/4,5.96%,O95503;P78364;P35227;Q06587
prerank,"Histone-lysine N-methyltransferase complex, KMT2B variant",-0.6321932681867536,-1.9572068427731668,0.0,0.0008799100889163646,0.034,9/9,36.96%,Q9UMN6;Q9Y5Z7;Q9UBL3;Q15291;Q9C005;O00255;P51610;CHEBI:29105;P61964
prerank,"Polycomb repressive complex 1, RING1-PCGF4-CBX6-PHC3 variant",-0.9417186229330441,-1.956761762086476,0.0,0.0008749388454761592,0.034,4/4,5.96%,O95503;Q8NDX5;P35226;Q06587
prerank,"Polycomb repressive complex 1, RING1-PCGF4-CBX7-PHC1 variant",-0.9417186229330441,-1.9554886610805708,0.0,0.0008700234587038212,0.034,4/4,5.96%,O95931;P78364;P35226;Q06587
prerank,"Polycomb repressive complex 1, RING2-PCGF4-CBX4-PHC2 variant",-0.9414475467606397,-1.9527508879122124,0.0,0.0008651629924540794,0.034,4/4,5.98%,O00257;Q8IXK0;P35226;Q99496
prerank,Gamma tubulin ring complex,-0.6380667933749661,-1.9515861221670938,0.0,0.0008954731245026405,0.036,10/10,36.39%,Q96CW5;Q6P582;Q9UGJ1;Q08AG7;P23258;Q96RT8;Q9BSJ2;Q96RT7;Q6NZ67;P60709
prerank,"Polycomb repressive complex 1, RING1-PCGF2-CBX2-PHC2 variant",-0.9417186229330441,-1.9514552259650295,0.0,0.0008905257591738967,0.036,4/4,5.96%,Q14781;Q8IXK0;P35227;Q06587
prerank,"Polycomb repressive complex 1, RING1-PCGF4-CBX8-PHC3 variant",-0.9417186229330441,-1.9514480458185912,0.0,0.000885632760497117,0.036,4/4,5.96%,Q9HC52;Q8NDX5;P35226;Q06587
prerank,"Polycomb repressive complex 1, RING2-PCGF2-CBX7-PHC3 variant",-0.9414475467606397,-1.9498870227745553,0.0,0.0009153341484790732,0.038,4/4,5.98%,O95931;Q8NDX5;P35227;Q99496
prerank,"Polycomb repressive complex 1, RING1-PCGF2-CBX8-PHC2 variant",-0.9417186229330441,-1.9492151310724577,0.0,0.0009103595063677738,0.038,4/4,5.96%,Q9HC52;Q8IXK0;P35227;Q06587
prerank,"Polycomb repressive complex 1, RING1-PCGF2-CBX6-PHC3 variant",-0.9417186229330441,-1.9480927941875628,0.0,0.0009396061401776516,0.039,4/4,5.96%,O95503;Q8NDX5;P35227;Q06587
prerank,B-WICH chromatin remodelling complex,-0.6365363735070576,-1.946617118139315,0.0,0.0009685382940540895,0.041,9/9,36.53%,Q03468;O00159-3;CHEBI:18111;P35659;Q9NR30;Q9BQG0;Q9UIG0;O60264;O75533
prerank,"Polycomb repressive complex 1, RING2-PCGF2-CBX2-PHC2 variant",-0.9414475467606397,-1.9465043242982076,0.0,0.0009633589448880248,0.041,4/4,5.98%,Q14781;Q8IXK0;P35227;Q99496
prerank,"Polycomb repressive complex 1, RING2-PCGF2-CBX8-PHC2 variant",-0.9414475467606397,-1.9463137844879057,0.0,0.0009582346951811736,0.041,4/4,5.98%,Q9HC52;Q8IXK0;P35227;Q99496
prerank,"Polycomb repressive complex 1, RING1-PCGF4-CBX7-PHC3 variant",-0.9417186229330441,-1.9460571781336367,0.0,0.0009531646703389451,0.041,4/4,5.96%,O95931;Q8NDX5;P35226;Q06587
prerank,Rixosome RNA degradation complex,0.8700488334237655,1.9437024808671526,0.0,0.00023484313645407283,0.006,7/7,13.16%,Q9Y4W2;Q9NXF1;Q9NU22;Q9H4L4;Q9BV38;Q8IZL8;Q5SY16
prerank,"Polycomb repressive complex 1, RING1-PCGF2-CBX8-PHC3 variant",-0.9417186229330441,-1.9427307736302273,0.0,0.0009980505412413331,0.042,4/4,5.96%,Q9HC52;Q8NDX5;P35227;Q06587
prerank,"Polycomb repressive complex 1, RING2-PCGF2-CBX6-PHC3 variant",-0.9414475467606397,-1.942459180991786,0.0,0.0009928251457374518,0.042,4/4,5.98%,O95503;Q8NDX5;P35227;Q99496
prerank,"Polycomb repressive complex 1, RING2-PCGF4-CBX2-PHC1 variant",-0.9414475467606397,-1.941934905138517,0.0,0.000987654181436736,0.042,4/4,5.98%,Q14781;P78364;P35226;Q99496
prerank,"Polycomb repressive complex 1, RING1-PCGF4-CBX8-PHC1 variant",-0.9417186229330441,-1.941602817542813,0.0,0.000982536802258307,0.042,4/4,5.96%,Q9HC52;P78364;P35226;Q06587
prerank,"Polycomb repressive complex 1, RING2-PCGF2-CBX7-PHC2 variant",-0.9414475467606397,-1.9400911331889148,0.0,0.000993763382559025,0.043,4/4,5.98%,O95931;Q8IXK0;P35227;Q99496
prerank,"Brain-specific SWI/SNF ATP-dependent chromatin remodeling complex, ARID1A-SMARCA4 variant",-0.6377204884667572,-1.9384246215813772,0.0,0.0009886671600843634,0.043,8/8,36.39%,O94805;Q92925;Q8TAQ2;O14497;Q969G3;Q12824;P51532;P60709
prerank,BBSome complex,0.8217096336499321,1.9349824704819154,0.0,0.00027455091314920597,0.007,8/8,18.01%,A8MTZ0;Q9BXC9;Q96RK4;Q8TAM2;Q8NFJ9;Q8N3I7;Q8IWZ6;Q3SYG4
prerank,SRCAP chromatin remodeling complex,-0.6362649294245386,-1.9348376057337275,0.0,0.0010319978385624669,0.043,9/9,36.56%,Q9GZN1;Q6ZRS2;O43257;O95619;Q9NPF5;Q15906;Q9Y230;Q9Y265;O96019
prerank,"Polycomb repressive complex 1, RING1-PCGF4-CBX4-PHC1 variant",-0.9417186229330441,-1.9344323781606678,0.0,0.001026759270854028,0.043,4/4,5.96%,O00257;P78364;P35226;Q06587
prerank,"Serine palmitoyltransferase complex, SPTLC1-SPTLC2-SPTSSA variant",-0.9398210897262129,-1.9340647362076473,0.0,0.0010215736179709268,0.043,4/4,6.15%,Q969W0;O15270;O15269;CHEBI:597326
prerank,GAIT complex,-0.9205746814854974,-1.9339546278321789,0.0,0.0010164400822022287,0.043,4/4,8.07%,P04406;P07814;P40429;O60506
prerank,"Serine palmitoyltransferase complex, SPTLC1-SPTLC3-SPTSSA variant",-0.9398210897262129,-1.9335379456041597,0.0,0.0010113578817912174,0.043,4/4,6.15%,Q969W0;Q9NUV7;O15269;CHEBI:597326
prerank,"Polycomb repressive complex 1, RING2-PCGF4-CBX7-PHC1 variant",-0.9414475467606397,-1.9313436564179276,0.0,0.0010220500982031893,0.043,4/4,5.98%,O95931;P78364;P35226;Q99496
prerank,"Polycomb repressive complex 1, RING1-PCGF2-CBX7-PHC1 variant",-0.9417186229330441,-1.9287336597183669,0.0,0.0010169904442516886,0.043,4/4,5.96%,O95931;P78364;P35227;Q06587
prerank,"Polycomb repressive complex 1, RING1-PCGF4-CBX4-PHC3 variant",-0.9417186229330441,-1.9272710720148396,0.0,0.0010119806391075915,0.043,4/4,5.96%,O00257;Q8NDX5;P35226;Q06587
prerank,"Polycomb repressive complex 1, RING2-PCGF4-CBX8-PHC1 variant",-0.9414475467606397,-1.926588200984572,0.0,0.0010070199497002013,0.043,4/4,5.98%,Q9HC52;P78364;P35226;Q99496
prerank,"Polycomb repressive complex 1, RING1-PCGF2-CBX8-PHC1 variant",-0.9417186229330441,-1.9254036659959888,0.0,0.001017524698143603,0.044,4/4,5.96%,Q9HC52;P78364;P35227;Q06587
prerank,GPI-anchor transamidase complex,0.9387201735357917,1.9250996083631402,0.0,0.00035878812513816683,0.01,5/5,6.26%,Q9H490;Q96S52;Q969N2;Q92643;O43292
prerank,UTP-A complex,0.8866286954163275,1.9240696900437657,0.0,0.0003444366001326402,0.01,6/6,11.48%,Q9H8H0;Q9H583;Q969X6;Q8TED0;Q8IWA0;Q15061
prerank,"Polycomb repressive complex 1, RING1-PCGF2-CBX4-PHC1 variant",-0.9417186229330441,-1.9190032427345345,0.0,0.0011046384631214754,0.049,4/4,5.96%,O00257;P78364;P35227;Q06587
prerank,"Polycomb repressive complex 1, RING2-PCGF2-CBX8-PHC1 variant",-0.9414475467606397,-1.9163005878483055,0.0,0.0011298382133537153,0.05,4/4,5.98%,Q9HC52;P78364;P35227;Q99496
prerank,"Histone-lysine N-methyltransferase complex, SET1A variant",-0.6321932681867536,-1.9159997739202297,0.0,0.0011396009785808491,0.051,9/9,36.96%,O15047;Q9P0U4;Q6UXN9;Q9Y5Z7;Q9UBL3;Q15291;Q9C005;P51610;P61964
prerank,Mitochondrial complex I intermediate assembly (MCIA) complex,0.8904258204502304,1.9138457891025782,0.0,0.0004415853847854362,0.014,6/6,11.10%,Q96B77;Q9Y375;Q9H845;Q9GZY4;Q9BQ95;Q8IUX1
prerank,"Histone-lysine N-methyltransferase complex, KMT2D variant",-0.6323649199022536,-1.910920965325544,0.0,0.0011946362539100805,0.053,10/10,36.96%,O14686;Q9BTK6;Q14686;O15550;Q6ZW49;Q9UBL3;Q15291;Q9C005;CHEBI:29105;P61964
prerank,Myb-MuvB-FOXM1 transcriptional activation complex,-0.7205642973412913,-1.9090081792322966,0.0,0.0012039974783228779,0.053,7/7,28.11%,Q08050;P10244;Q6MZP7;Q96GY3;Q52LA3;Q5TKA1;Q09028
prerank,"STRIPAK complex, STRIP2-STRN variant",-0.6744438415626696,-1.907799174037564,0.0,0.0012282486123649267,0.053,7/7,32.71%,O43815;Q9ULQ0;CHEBI:17401;Q9Y3A3;P30153;P67775;CHEBI:29035
prerank,ZYG11B-Elongin C-Elongin B E3 ubiquitin ligase complex,-0.806941431670282,-1.9022357929201426,0.0,0.0012820869374122158,0.056,5/5,19.44%,Q9C0D3;Q15370;Q13617;Q15369;P62877
prerank,"STRIPAK complex, STRIP1-STRN variant",-0.6744438415626696,-1.9006279475307313,0.0,0.0013057437440966424,0.056,7/7,32.71%,O43815;Q5VSL9;CHEBI:17401;Q9Y3A3;P30153;P67775;CHEBI:29035
prerank,"Polycomb repressive complex 1, RING2-PCGF4-CBX4-PHC1 variant",-0.9414475467606397,-1.898896692778384,0.0,0.0013144107984728148,0.057,4/4,5.98%,O00257;P78364;P35226;Q99496
prerank,APPBP2-Elongin C-Elongin B E3 ubiquitin ligase complex,-0.806941431670282,-1.898860398860398,0.0,0.0013082972598752669,0.057,5/5,19.44%,Q92624;Q15370;Q13617;Q15369;P62877
prerank,"Polycomb repressive complex 1, RING1-PCGF2-CBX7-PHC3 variant",-0.9417186229330441,-1.8980212182620089,0.0,0.0013461360695137732,0.059,4/4,5.96%,O95931;Q8NDX5;P35227;Q06587
prerank,General transcription factor TFIIIC complex,0.8795768917819364,1.8921501865055212,0.0,0.0005740610002210669,0.019,6/6,12.19%,Q9Y5Q9;Q9Y5Q8;Q9UKN8;Q969F1;Q8WUA4;Q12789
prerank,CoQ biosynthetic complex,-0.6721845318860245,-1.8914999982945762,0.0,0.0014273195912376056,0.065,8/8,32.95%,Q9NZJ6;O75208;Q9Y2Z9;Q99807;Q5HYK3;CHEBI:24875;Q9Y3A0;CHEBI:57692
prerank,"Brain-specific SWI/SNF ATP-dependent chromatin remodeling complex, ARID1A-SMARCA2 variant",-0.6377204884667572,-1.8904380884238923,0.0,0.001420772253663121,0.065,8/8,36.39%,O94805;Q92925;Q8TAQ2;O14497;P51531;Q969G3;Q12824;P60709
prerank,NSL histone acetyltransferase complex,-0.6321932681867536,-1.889741214393031,0.0,0.0014431476623733128,0.066,9/9,36.96%,Q9P2N6;Q9H9L4;Q7Z3B3;Q9BVI0;Q9H7Z6;Q96EZ8;O15294;P51610;P61964
prerank,FEM1A-Elongin C-Elongin B E3 ubiquitin ligase complex,-0.806941431670282,-1.8865342602827988,0.0,0.0014796855372797642,0.069,5/5,19.44%,Q9BSK4;Q15370;Q13617;Q15369;P62877
prerank,"CRL4-DCAF15 E3 ubiquitin ligase complex, CUL4B variant ",-0.806941431670282,-1.8860402143227517,0.0,0.001472990127608815,0.069,5/5,19.44%,Q66K64;Q9BW61;Q13620;Q16531;P62877
prerank,"STRIPAK complex, STRIP1-STRN3 variant",-0.6744438415626696,-1.8857440857156398,0.0,0.0014663550369439107,0.069,7/7,32.71%,Q13033;Q5VSL9;CHEBI:17401;Q9Y3A3;P30153;P67775;CHEBI:29035
prerank,U7 small nuclear ribonucleoprotein complex,-0.6510176390773407,-1.8845082150760748,0.0,0.0015022973019880755,0.072,8/8,35.07%,Q969L4;P83369;M17910;P62308;P14678;P62304;P62306;P62318
prerank,Outer dynein arm-docking complex,0.9189262472885031,1.8838841606424157,0.0,0.0006150653573797146,0.022,5/5,8.23%,Q9HAE3;Q96NG3;Q96M63;Q5T2S8;A5D8V7
prerank,"STRIPAK complex, STRIP2-STRN4 variant",-0.6744438415626696,-1.8793855881241193,0.011363636363636364,0.0015238093085023926,0.073,7/7,32.71%,Q9NRL3;Q9ULQ0;CHEBI:17401;Q9Y3A3;P30153;P67775;CHEBI:29035
prerank,FERRY RAB5 effector complex,0.9143167028199566,1.8791356742028968,0.0,0.0006730370347419406,0.025,5/5,8.69%,Q9NQ89;Q8TEA7;Q8NB37;Q6ZMI0;O95825
prerank,"Brain-specific SWI/SNF ATP-dependent chromatin remodeling complex, ARID1B-SMARCA4 variant",-0.6377204884667572,-1.8782913582058536,0.0,0.0015310834599339264,0.073,8/8,36.39%,O94805;Q8NFD5;Q92925;Q8TAQ2;Q969G3;Q12824;P51532;P60709
prerank,COG tethering complex,0.8067842605156038,1.8769363613936725,0.0,0.000746279300287387,0.03,8/8,19.50%,Q9Y2V7;Q9UP83;Q9H9E3;Q96MW5;Q96JB2;Q8WTW3;Q14746;P83436
prerank,ZER1-Elongin C-Elongin B E3 ubiquitin ligase complex,-0.806941431670282,-1.8769294989881753,0.0,0.0015522777223288874,0.074,5/5,19.44%,Q7Z7L7;Q15370;Q13617;Q15369;P62877
prerank,COP9 signalosome variant 1,-0.6330076004343106,-1.8760758978437273,0.0,0.0015454394944772185,0.074,9/9,36.88%,Q9UBW8;Q92905;Q99627;Q13098;Q9BT78;Q7L5N1;Q9UNS2;P61201;CHEBI:29105
prerank,"Polycomb repressive complex 2.1, EZH1-RBBP7-PCL2-PALI1 variant",-0.7279631136425279,-1.8722032368302268,0.008403361344537815,0.0015941085033715737,0.078,6/6,27.35%,Q9Y483;Q96JN0;Q92800;O75530;Q15022;Q16576
prerank,FEB1C-Elongin C-Elongin B E3 ubiquitin ligase complex,-0.806941431670282,-1.8686166031355214,0.0,0.001711358861109593,0.086,5/5,19.44%,Q96JP0;Q15370;Q13617;Q15369;P62877
prerank,"Phagocyte NADPH oxidase complex, RAC1 variant",-0.6721845318860245,-1.8684871278166324,0.014285714285714285,0.0017039181704091165,0.086,8/8,32.95%,P63000;P13498;P04839;Q15080;P19878;P14598;CHEBI:37565;CHEBI:57692
prerank,"Amiloride-sensitive sodium channel complex, delta-alpha-beta-gamma",0.9639468690702087,1.8676082809383663,0.0,0.0008518324519409381,0.036,4/4,3.71%,P37088;P51172;P51170;P51168
prerank,"STRIPAK complex, STRIP1-STRN4 variant",-0.6744438415626696,-1.864803572674621,0.0,0.0018059962174843168,0.09,7/7,32.71%,Q9NRL3;Q5VSL9;CHEBI:17401;Q9Y3A3;P30153;P67775;CHEBI:29035
prerank,COP9 signalosome variant 2,-0.6330076004343106,-1.864181105455372,0.0,0.0018118345673253224,0.091,9/9,36.88%,Q9H9Q2;Q92905;Q99627;Q13098;Q9BT78;Q7L5N1;Q9UNS2;P61201;CHEBI:29105
prerank,Tubulin polyglutamylase complex,0.9078091106290673,1.8607462643250303,0.0,0.0008969703128454172,0.04,5/5,9.34%,Q9BSH3;Q6ZTW0;Q68CL5;O95922;Q8IUZ0
prerank,"Histone-lysine N-methyltransferase complex, KMT2A variant",-0.6321932681867536,-1.8580517017225817,0.0,0.001899008898213123,0.096,9/9,36.96%,Q03164;Q9Y5Z7;Q9UBL3;Q15291;Q9C005;O00255;P51610;CHEBI:29105;P61964
prerank,KLHDC2-Elongin C-Elongin B E3 ubiquitin ligase complex,-0.806941431670282,-1.857908145699924,0.0,0.0018908934755711866,0.096,5/5,19.44%,Q9Y2U9;Q15370;Q13617;Q15369;P62877
prerank,"Polycomb repressive complex 2.1,EZH2-RBBP7-PCL2-PALI1 variant",-0.7279631136425279,-1.8571265259953187,0.0,0.001896296028358533,0.096,6/6,27.35%,Q9Y483;Q96JN0;Q15910;O75530;Q15022;Q16576
prerank,VHL-Elongin C-Elongin B E3 ubiquitin ligase complex,-0.806941431670282,-1.8552683176978062,0.0,0.0019418285601129045,0.099,5/5,19.44%,P40337;Q15370;Q13617;Q15369;P62877
prerank,Apoptosome,-0.7360998101437484,-1.8534964506872074,0.0,0.0020003122662009837,0.102,6/6,26.54%,P55211-PRO_0000004643;P55211;CHEBI:18248;P99999;O14727;CHEBI:30413
prerank,"CRL4-DCAF15 E3 ubiquitin ligase complex, CUL4A variant ",-0.806941431670282,-1.8496048649656507,0.007692307692307693,0.002137980816286581,0.109,5/5,19.44%,Q66K64;Q9BW61;Q13619;Q16531;P62877
prerank,KLHDC3-Elongin C-Elongin B E3 ubiquitin ligase complex,-0.806941431670282,-1.8477715521773745,0.0,0.002168706754887025,0.112,5/5,19.44%,Q9BQ90;Q15370;Q13617;Q15369;P62877
prerank,"Brain-specific SWI/SNF ATP-dependent chromatin remodeling complex, ARID1B-SMARCA2 variant",-0.6377204884667572,-1.8453164668614912,0.0,0.002199176643999132,0.114,8/8,36.39%,O94805;Q8NFD5;Q92925;Q8TAQ2;P51531;Q969G3;Q12824;P60709
prerank,PRAME-Elongin C-Elongin B E3 ubiquitin ligase complex,-0.806941431670282,-1.8433430735623697,0.0,0.002321192233882851,0.123,5/5,19.44%,P78395;Q15370;Q13617;Q15369;P62877
prerank,Membrane attack complex,0.7877883310719133,1.839455767244181,0.0,0.0015308293339228454,0.066,8/8,21.39%,P13671;P01031-PRO_0000005989;P01031-PRO_0000005985;P10643;P07360;P07358;P07357;P02748
prerank,"STRIPAK complex, STRIP2-STRN3 variant",-0.6744438415626696,-1.8390882735179441,0.0,0.002403019760454339,0.126,7/7,32.71%,Q13033;Q9ULQ0;CHEBI:17401;Q9Y3A3;P30153;P67775;CHEBI:29035
prerank,"Polycomb repressive complex 2.1, EZH1-RBBP7-PCL2-EPOP variant",-0.7279631136425279,-1.835805436673116,0.0,0.0025231922462383774,0.133,6/6,27.35%,Q9Y483;A6NHQ4;Q92800;O75530;Q15022;Q16576
prerank,LRR1-Elongin C-Elongin B E3 ubiquitin ligase complex,-0.806941431670282,-1.8315383109072088,0.0,0.0027200967619896987,0.143,5/5,19.44%,Q96L50;Q15370;Q13617;Q15369;P62877
prerank,ULK1-ATG13-RB1CC1-ATG101 autophagy initiation complex,0.9512062889671997,1.8308554199713292,0.0,0.0018403720301204793,0.081,4/4,4.98%,O75385;O75143;Q9BSB4;Q8TDY2
prerank,"Polycomb repressive complex 2.1, EZH2-RBBP4-PCL1-PALI1 variant",-0.7203688635747221,-1.8301113960877402,0.0,0.002734794272190537,0.144,6/6,28.11%,O43189;Q96JN0;Q15910;O75530;Q15022;Q09028
prerank,Elongator holoenzyme complex,0.8413344182262,1.823018855388297,0.0,0.0021650300579765954,0.097,6/6,16.00%,Q9H9T3;Q96EB1;Q8TE02;Q6IA86;Q0PNE2;O95163
prerank,USH2 complex,0.9436161561398753,1.8210738614403443,0.0,0.0022165133064091197,0.1,4/4,5.74%,Q9P202;Q9H5P4;Q8WXG9;O75445
prerank,KLHDC10-Elongin C-Elongin B E3 ubiquitin ligase complex,-0.806941431670282,-1.8188696343988573,0.0,0.003237578585002373,0.172,5/5,19.44%,Q6PID8;Q15370;Q13617;Q15369;P62877
prerank,"Polycomb repressive complex 2.1, EZH1-RBBP7-PCL1-PALI1 variant",-0.7279631136425279,-1.8168576830606191,0.0,0.003314039617711606,0.174,6/6,27.35%,O43189;Q96JN0;Q92800;O75530;Q15022;Q16576
prerank,"Polycomb repressive complex 2.1, EZH1-RBBP4-PCL2-EPOP variant",-0.7203688635747221,-1.815849269067584,0.00980392156862745,0.003326164404580491,0.176,6/6,28.11%,Q9Y483;A6NHQ4;Q92800;O75530;Q15022;Q09028
prerank,"Polycomb repressive complex 2.1, EZH2-RBBP7-PCL2-EPOP variant",-0.7279631136425279,-1.815450338198648,0.0,0.0033128063146022567,0.176,6/6,27.35%,Q9Y483;A6NHQ4;Q15910;O75530;Q15022;Q16576
prerank,"Polycomb repressive complex 2.1, EZH1-RBBP7-PCL3-PALI1 variant",-0.7279631136425279,-1.8144510279556214,0.0,0.0033248390363886274,0.177,6/6,27.35%,Q5T6S3;Q96JN0;Q92800;O75530;Q15022;Q16576
prerank,Eukaryotic translation initiation factor 3 complex,0.701086956521739,1.8111689969297875,0.0,0.0024669107847337746,0.115,13/13,30.14%,Q9UBQ5;O75821;O15372;O15371;O00303;Q9Y262;Q99613;Q7L2H7;Q14152;Q13347;P60228;P55884;O75822
prerank,"Polycomb repressive complex 2.1,EZH2-RBBP7-PCL3-PALI1 variant",-0.7279631136425279,-1.8101968027901154,0.0,0.003487875165041923,0.183,6/6,27.35%,Q5T6S3;Q96JN0;Q15910;O75530;Q15022;Q16576
prerank,"Polycomb repressive complex 2.1, EZH1-RBBP4-PCL2-PALI1 variant",-0.7203688635747221,-1.809682560926644,0.0,0.003474034390577471,0.183,6/6,28.11%,Q9Y483;Q96JN0;Q92800;O75530;Q15022;Q09028
prerank,"Polycomb repressive complex 2.1, EZH1-RBBP4-PCL1-PALI1 variant",-0.7203688635747221,-1.807633895656229,0.0,0.003597715785028046,0.191,6/6,28.11%,O43189;Q96JN0;Q92800;O75530;Q15022;Q09028
prerank,FEB1B-Elongin C-Elongin B E3 ubiquitin ligase complex,-0.806941431670282,-1.8070214175314636,0.0,0.003620880211629482,0.193,5/5,19.44%,Q9UK73;Q15370;Q13617;Q15369;P62877
prerank,"Polycomb repressive complex 2.1, EZH2-RBBP7-PCL3-EPOP variant",-0.7279631136425279,-1.805535000739974,0.0,0.003643862956453652,0.196,6/6,27.35%,Q5T6S3;A6NHQ4;Q15910;O75530;Q15022;Q16576
prerank,Sm complex,-0.6508410200759631,-1.8041124537709508,0.0,0.003679011825851841,0.198,7/7,35.07%,P62316;P62314;P62308;P14678;P62304;P62306;P62318
prerank,"Polycomb repressive complex 2.1, EZH2-RBBP4-PCL2-PALI1 variant",-0.7203688635747221,-1.8032712683880265,0.0,0.0037261848028056774,0.2,6/6,28.11%,Q9Y483;Q96JN0;Q15910;O75530;Q15022;Q09028
prerank,"Polycomb repressive complex 2.1, EZH1-RBBP7-PCL1-EPOP variant",-0.7279631136425279,-1.801852083429316,0.0,0.0037852420721110245,0.205,6/6,27.35%,O43189;A6NHQ4;Q92800;O75530;Q15022;Q16576
prerank,"Polycomb repressive complex 2.1, EZH1-RBBP7-PCL3-EPOP variant",-0.7279631136425279,-1.8018387263180955,0.0,0.00377062723785577,0.205,6/6,27.35%,Q5T6S3;A6NHQ4;Q92800;O75530;Q15022;Q16576
prerank,"Polycomb repressive complex 2.1, EZH2-RBBP4-PCL3-EPOP variant",-0.7203688635747221,-1.8002554811126468,0.009615384615384616,0.0038290592880316533,0.208,6/6,28.11%,Q5T6S3;A6NHQ4;Q15910;O75530;Q15022;Q09028
prerank,"Polycomb repressive complex 2.2, EZH2-RBBP7 variant",-0.7279631136425279,-1.8001449179895925,0.0,0.0038386069028713598,0.209,6/6,27.35%,Q6ZN18;Q92833;Q15910;O75530;Q15022;Q16576
prerank,"Phagocyte NADPH oxidase complex, RAC3 variant",-0.6721845318860245,-1.797859741048066,0.014925373134328358,0.003968711153498456,0.214,8/8,32.95%,P60763;P13498;P04839;Q15080;P19878;P14598;CHEBI:37565;CHEBI:57692
prerank,"Polycomb repressive complex 2.2, EZH2-RBBP4 variant",-0.7203688635747221,-1.7961318245345121,0.0,0.004073791847994567,0.217,6/6,28.11%,Q6ZN18;Q92833;Q15910;O75530;Q15022;Q09028
prerank,AP-1 transcription factor complex FOS-JUN-NFATC2,-0.9311653116531166,-1.7912885384152017,0.004201680672268907,0.0044653940566776055,0.238,3/3,6.99%,Q13469;P01100;P05412
prerank,"Polycomb repressive complex 2.1, EZH1-RBBP4-PCL3-PALI1 variant",-0.7203688635747221,-1.7906295265367702,0.0,0.0045320282438757395,0.242,6/6,28.11%,Q5T6S3;Q96JN0;Q92800;O75530;Q15022;Q09028
prerank,"Polycomb repressive complex 2.1, EZH2-RBBP4-PCL2-EPOP variant",-0.7203688635747221,-1.7877629778100212,0.011111111111111112,0.004669450746521951,0.248,6/6,28.11%,Q9Y483;A6NHQ4;Q15910;O75530;Q15022;Q09028
prerank,"SCF E3 ubiquitin ligase complex, FBXW8-CUL7 variant",-0.806941431670282,-1.787068504118602,0.0,0.00468747332852671,0.249,5/5,19.44%,Q8N3Y1;Q14999;Q13616;P63208;P62877
prerank,Ndc80 complex,0.9295201951748442,1.7860542667747712,0.0,0.004033533869974339,0.18,4/4,7.15%,Q9HBM1;Q9BZD4;Q8NBT2;O14777
prerank,"Polycomb repressive complex 2.1, EZH1-RBBP4-PCL3-EPOP variant",-0.7203688635747221,-1.7834970362547533,0.00909090909090909,0.0048704618141298135,0.258,6/6,28.11%,Q5T6S3;A6NHQ4;Q92800;O75530;Q15022;Q09028
prerank,Translocon-associated protein complex,0.9249119002439685,1.783353766987748,0.0011947431302270011,0.00416562212980928,0.19,4/4,7.61%,P43307;Q9UNL2;P51571;P43308
prerank,"Polycomb repressive complex 2.1, EZH2-RBBP7-PCL1-PALI1 variant",-0.7279631136425279,-1.7831453942568347,0.0,0.004864105054153857,0.258,6/6,27.35%,O43189;Q96JN0;Q15910;O75530;Q15022;Q16576
prerank,pre-mRNA cleavage and polyadenylation specificity factor complex,-0.6328358208955225,-1.7820564697158456,0.018518518518518517,0.004892911974406586,0.262,8/8,36.88%,Q10570;Q6UN15;Q9C0J8;O95639;Q9UKF6;Q92797;Q9P2I0;CHEBI:29105
prerank,Subcortical maternal complex,0.7867607162235486,1.7759975510094936,0.003260869565217391,0.0047934093518459085,0.217,7/7,21.47%,Q8WX94;Q6TGC4;Q587J8;P59047;A6NGQ2;Q9H808-1;Q9NX02
prerank,"Non-canonical polycomb repressive complex 1.4, RNF2-YAF2 variant",-0.9411924119241193,-1.7759727708038864,0.0,0.005364675110977399,0.289,3/3,5.98%,P35226;Q8IY57;Q99496
prerank,"CRL4-DDB2 E3 ubiquitin ligase complex, CUL4A variant ",-0.8067226890756302,-1.7752015638828647,0.005434782608695652,0.00540304934550685,0.292,4/4,19.44%,Q92466;Q13619;Q16531;P62877
prerank,Vault ribonucleoprotein complex,0.7794357026587087,1.7740175389580821,0.0,0.0049005207335944745,0.225,7/7,22.20%,URS0000A76E3A_9606;URS00005CCF67_9606;URS000058CD99_9606;URS0000000A8C_9606;Q9UKK3;Q99973;Q14764
prerank,"Polycomb repressive complex 2.1,EZH2-RBBP4-PCL3-PALI1 variant",-0.7203688635747221,-1.7737509208451818,0.0,0.005441142450113006,0.294,6/6,28.11%,Q5T6S3;Q96JN0;Q15910;O75530;Q15022;Q09028
prerank,Syndecan-1-syntenin-1-ALIX complex,0.9983739837398373,1.7726904206245646,0.0,0.004920522859037717,0.23,3/3,0.24%,Q8WUM4;P18827;O00560
prerank,Ribosome quality control complex,0.9170506912442397,1.770860538657224,0.001199040767386091,0.005019696187979562,0.234,4/4,8.39%,Q9BQ70;O94822;O60524;CPX-137
prerank,"Non-canonical polycomb repressive complex 1.4, RING1-YAF2 variant",-0.9414634146341463,-1.7708219945898962,0.0,0.0055597000344818305,0.298,3/3,5.96%,P35226;Q8IY57;Q06587
prerank,"Non-canonical polycomb repressive complex 1.4, RING1-RYBP variant",-0.9414634146341463,-1.7702304570519214,0.0,0.005562468349851696,0.299,3/3,5.96%,P35226;Q8N488;Q06587
prerank,"Polycomb repressive complex 2.1, EZH2-RBBP7-PCL1-EPOP variant",-0.7279631136425279,-1.7685728313393114,0.0,0.005714080423616595,0.305,6/6,27.35%,O43189;A6NHQ4;Q15910;O75530;Q15022;Q16576
prerank,NineTeen Core complex,-0.6676614215952252,-1.765573228866758,0.0,0.005830368655181771,0.309,7/7,33.39%,Q8WYA6;P11142;Q9UMS4;O75934;Q9P013;Q99459;O43660
prerank,"Non-canonical polycomb repressive complex 1.2, RING1-RYBP variant",-0.9414634146341463,-1.7623010702803723,0.004273504273504274,0.006127719180367201,0.323,3/3,5.96%,P35227;Q8N488;Q06587
prerank,"Polycomb repressive complex 2.1, EZH1-RBBP4-PCL1-EPOP variant",-0.7203688635747221,-1.7591205489740875,0.010309278350515464,0.0063323146944589,0.332,6/6,28.11%,O43189;A6NHQ4;Q92800;O75530;Q15022;Q09028
prerank,"Polycomb repressive complex 2.1, EZH2-RBBP4-PCL1-EPOP variant",-0.7203688635747221,-1.7576066726407953,0.010416666666666666,0.006445149001147156,0.336,6/6,28.11%,O43189;A6NHQ4;Q15910;O75530;Q15022;Q09028
prerank,Nucleolar ribonuclease P complex,-0.5391091797935904,-1.7575259301890094,0.0,0.006433459835237728,0.336,11/11,46.28%,URS000013F331_9606;Q9H633;O95059;Q99575;P78345;Q9BUL9;O95707;Q969H6;O75817;O75818;P78346
prerank,LDLR-PCSK9 complex,0.9964769647696476,1.757304457140417,0.0,0.006445139411572888,0.294,3/3,0.43%,Q8NBP7-PRO_0000027121;Q8NBP7-PRO_0000027120;P01130
prerank,"Non-canonical polycomb repressive complex 1.4, RNF2-RYBP variant",-0.9411924119241193,-1.7571558489244874,0.0,0.0064890981112268944,0.339,3/3,5.98%,P35226;Q8N488;Q99496
prerank,N-acetylglucosamine-1-phosphotransferase complex,0.9796747967479673,1.7569001048735404,0.0,0.0063656986468958315,0.295,3/3,2.11%,Q9UJJ9;Q3T906-PRO_0000225009;Q3T906-PRO_0000225008
prerank,"Phagocyte NADPH oxidase complex, RAC2 variant",-0.6721845318860245,-1.7540629536522327,0.016666666666666666,0.006711860500844984,0.349,8/8,32.95%,P15153;P13498;P04839;Q15080;P19878;P14598;CHEBI:37565;CHEBI:57692
prerank,BAT3 complex,0.986991869918699,1.7501810621558487,0.0,0.007200721676685993,0.324,3/3,1.38%,Q7L5D6;P46379;P11441
prerank,"CRL4-DCAF11 E3 ubiquitin ligase complex, CUL4A variant ",-0.8067226890756302,-1.747226537177244,0.010416666666666666,0.007389322551819635,0.374,4/4,19.44%,Q8TEB1;Q13619;Q16531;P62877
prerank,"Polycomb repressive complex 2.2, EZH1-RBBP7 variant",-0.7279631136425279,-1.7470665821613935,0.0,0.007363395104269391,0.374,6/6,27.35%,Q6ZN18;Q92833;Q92800;O75530;Q15022;Q16576
prerank,Mitochondrial 2-oxoisovalerate dehydrogenase complex,-0.6720021703743896,-1.7447579574919865,0.0,0.007459206405256467,0.377,7/7,32.95%,P12694;P11182;P21953;CHEBI:83088;P09622;CHEBI:58937;CHEBI:57692
prerank,BRCC E3 ubiquitin ligase complex,-0.6902630865202062,-1.7407415242285784,0.0,0.007862690849291478,0.392,6/6,31.11%,Q06609;Q99728;P51587;P38398;Q9NXR7;P46736
prerank,"CRL4-CDT2 E3 ubiquitin ligase complex, CUL4A variant ",-0.8067226890756302,-1.7403508771929819,0.0,0.00789025951614459,0.392,4/4,19.44%,Q9NZJ0;Q13619;Q16531;P62877
prerank,"CRL4-CRBN E3 ubiquitin ligase complex, CUL4A variant ",-0.8067226890756302,-1.7363135010488013,0.011904761904761904,0.008234780330761103,0.409,4/4,19.44%,Q96SW2;Q13619;Q16531;P62877
prerank,"CRL4-DDB2 E3 ubiquitin ligase complex, CUL4B variant ",-0.8067226890756302,-1.7356522194990895,0.011235955056179775,0.00830446881384599,0.41,4/4,19.44%,Q92466;Q13620;Q16531;P62877
prerank,"CRL4-DCAF6 E3 ubiquitin ligase complex, CUL4A variant ",-0.8067226890756302,-1.7329030447593659,0.006024096385542169,0.00849314716023123,0.42,4/4,19.44%,Q58WW2;Q13619;Q16531;P62877
prerank,"Non-canonical polycomb repressive complex 1.2, RNF2-RYBP variant",-0.9411924119241193,-1.731208455602897,0.0,0.008648062366772076,0.423,3/3,5.98%,P35227;Q8N488;Q99496
prerank,"CRL4-DCAF10 E3 ubiquitin ligase complex, CUL4B variant ",-0.8067226890756302,-1.7301187975596837,0.0,0.008715626797006226,0.428,4/4,19.44%,Q5QP82;Q13620;Q16531;P62877
prerank,CatSpermasome complex,0.6951915240423798,1.729556819493748,0.0010351966873706005,0.010174315174130824,0.432,12/12,30.71%,Q9NTU4;Q9H7T0;Q96P56;Q8NEC5;Q86XQ3;Q7RTX7;Q6ZRH7;Q5SY80;Q86XM0;Q2WGJ8;E9PQX1;A8MZ26
prerank,"Non-canonical polycomb repressive complex 1.2, RING1-YAF2 variant",-0.9414634146341463,-1.728981752744912,0.0,0.008782731605265994,0.432,3/3,5.96%,P35227;Q8IY57;Q06587
prerank,Kinetochore CCAN complex,0.6551536578732661,1.728876929050329,0.0,0.010105865524725033,0.435,16/16,34.77%,A8MT69;Q8N2Z9;Q9BS16;Q6IPU0;Q9H3R5;Q71F23;Q92674;Q96H22;Q8N0S6;Q5EE01;Q03188;Q96BT3;Q13352;Q9NSP4;Q7L2Z9;Q9BU64
prerank,Nuclear pore complex,0.5979240644632607,1.7287728963917643,0.0,0.009911338901775972,0.435,32/32,40.73%,P55735;Q96EE3;P49792;O75694;Q8WUM0;Q8WYP5;P12270;P52948-PRO_0000019930;P37198;Q8N1F7;Q92621;Q8NFH5;Q8TEM1;Q96HA1;Q99567;Q7Z3B4;Q12769;Q53GS7;Q5SRE5;P52948-PRO_0000019929;Q8NFH4;Q9UKX7;P57740;Q9BTX1;Q9BVL2;Q9BW27;P49790;Q9NRG9;P78406;P35658;O15504;Q8NFH3
prerank,"CRL4-DCAF7 E3 ubiquitin ligase complex, CUL4A variant ",-0.8067226890756302,-1.7284591732148955,0.026737967914438502,0.008806527318139627,0.436,4/4,19.44%,P61962;Q13619;Q16531;P62877
prerank,Myb-MuvB transcriptional activation complex,-0.7203688635747221,-1.7283540002169122,0.018518518518518517,0.008776775536659424,0.436,6/6,28.11%,P10244;Q6MZP7;Q96GY3;Q52LA3;Q5TKA1;Q09028
prerank,"CRL4-DCAF4 E3 ubiquitin ligase complex, CUL4B variant ",-0.8067226890756302,-1.726023751931848,0.011764705882352941,0.00899197611651493,0.446,4/4,19.44%,Q8WV16;Q13620;Q16531;P62877
prerank,SF3B complex,-0.634020618556701,-1.7240836130379964,0.013333333333333334,0.009184521032206319,0.452,7/7,36.75%,Q7RTV0;Q9Y3B4;Q15427;Q13435;O75533;Q15393;Q9BWJ5
prerank,"CRL4-DCAF16 E3 ubiquitin ligase complex, CUL4A variant ",-0.8067226890756302,-1.7238225107702694,0.010416666666666666,0.009217224842411598,0.454,4/4,19.44%,Q9NXF7;Q13619;Q16531;P62877
prerank,"CRL4-DCAF17 E3 ubiquitin ligase complex, CUL4A variant ",-0.8067226890756302,-1.723748187991746,0.005405405405405406,0.009186500759603559,0.454,4/4,19.44%,Q5H9S7;Q13619;Q16531;P62877
prerank,L3MBTL1 complex,-0.9289972899728998,-1.723527482391936,0.008583690987124463,0.009155980823525142,0.454,3/3,7.20%,Q9Y468;Q13185;P06400
prerank,Glutamate decarboxylase 1/2 complex,0.9585365853658536,1.722330693073363,0.0,0.010746421924138374,0.469,3/3,4.22%,Q05329;Q99259;CHEBI:18405
prerank,"CRL4-DCAF12 E3 ubiquitin ligase complex, CUL4A variant ",-0.8067226890756302,-1.722240019841474,0.017857142857142856,0.00925124552466304,0.456,4/4,19.44%,Q5T6F0;Q13619;Q16531;P62877
prerank,"CRL4-CDT2 E3 ubiquitin ligase complex, CUL4B variant ",-0.8067226890756302,-1.7217709138059536,0.0058823529411764705,0.009304158731000062,0.458,4/4,19.44%,Q9NZJ0;Q13620;Q16531;P62877
prerank,"Non-canonical polycomb repressive complex 1.2, RNF2-YAF2 variant",-0.9411924119241193,-1.7207405348575846,0.0,0.009408705623160485,0.461,3/3,5.98%,P35227;Q8IY57;Q99496
prerank,ALYREF-binding exon junction complex,-0.7304772234273319,-1.7200108047049578,0.0,0.009491842415171673,0.465,5/5,27.08%,Q86V81;CHEBI:33699;P61326;Q9Y5S9;P38919
prerank,"CRL4-AMBRA1 E3 ubiquitin ligase complex, CUL4B variant ",-0.8067226890756302,-1.7160936199081067,0.0106951871657754,0.009987572219077893,0.482,4/4,19.44%,Q9C0C7;Q13620;Q16531;P62877
prerank,"CRL4-DCAF16 E3 ubiquitin ligase complex, CUL4B variant ",-0.8067226890756302,-1.7158604514805038,0.0,0.009985923710682828,0.484,4/4,19.44%,Q9NXF7;Q13620;Q16531;P62877
prerank,"CRL4-DCAF5 E3 ubiquitin ligase complex, CUL4B variant ",-0.8067226890756302,-1.7125056659819262,0.0,0.010497353014127594,0.5,4/4,19.44%,Q96JK2;Q13620;Q16531;P62877
prerank,"CRL4-DCAF1 E3 ubiquitin ligase complex, CUL4A variant ",-0.8067226890756302,-1.711152203927637,0.0,0.010637259274503097,0.505,4/4,19.44%,Q9Y4B6;Q13619;Q16531;P62877
prerank,"CRL4-DCAF5 E3 ubiquitin ligase complex, CUL4A variant ",-0.8067226890756302,-1.7099115908093976,0.010752688172043012,0.010817043473593566,0.51,4/4,19.44%,Q96JK2;Q13619;Q16531;P62877
prerank,"Amiloride-sensitive sodium channel complex, delta-beta-gamma",0.9636856368563684,1.7095448513274638,0.0,0.013327220083563596,0.551,3/3,3.71%,P51172;P51170;P51168
prerank,"TIM23 mitochondrial inner membrane pre-sequence translocase complex, TIM17A variant",0.6756368798860689,1.7075062551871045,0.0010309278350515464,0.013523552409053981,0.559,11/12,24.91%,Q9Y5T4;Q9Y3D7;Q9HAV7;Q9BVV7;Q96DA6;Q8TAA5;Q3ZCQ8;P60602;P38646;O43615;O14925
prerank,"Polycomb repressive complex 2.2, EZH1-RBBP4 variant",-0.7203688635747221,-1.7067310378739624,0.0,0.011341191680858105,0.525,6/6,28.11%,Q6ZN18;Q92833;Q92800;O75530;Q15022;Q09028
prerank,"Amiloride-sensitive sodium channel complex, alpha-beta-gamma",0.9636856368563684,1.7065650784991384,0.0,0.013485017835381667,0.564,3/3,3.71%,P37088;P51170;P51168
prerank,"CRL4-ERCC8 E3 ubiquitin ligase complex, CUL4A variant ",-0.8067226890756302,-1.7063273346033627,0.010752688172043012,0.011355490639903393,0.526,4/4,19.44%,Q13216;Q13619;Q16531;P62877
prerank,"CRL4-DCAF12 E3 ubiquitin ligase complex, CUL4B variant ",-0.8067226890756302,-1.7030128404630194,0.011695906432748537,0.011803887418270102,0.54,4/4,19.44%,Q5T6F0;Q13620;Q16531;P62877
prerank,Complement C1 complex,0.8275488069414316,1.7024882648074169,0.001148105625717566,0.01417080209804967,0.587,5/5,17.36%,P09871-PRO_0000027588;P09871-PRO_0000027587;P00736-PRO_0000027579;P00736-PRO_0000027578;CPX-1919
prerank,"CRL3 E3 ubiquitin ligase complex, KBTBD6-KBTBD7 variant",-0.8067226890756302,-1.7014614610059,0.024875621890547265,0.011957535465445526,0.546,4/4,19.44%,Q8WVZ9;Q86V97;Q13618;P62877
prerank,"SCF E3 ubiquitin ligase complex, FBXL7 variant",-0.8067226890756302,-1.699501612430372,0.026737967914438502,0.012240641029615926,0.555,4/4,19.44%,Q9UJT9;Q13616;P63208;P62877
prerank,"CRL4-DCAF7 E3 ubiquitin ligase complex, CUL4B variant ",-0.8067226890756302,-1.6981515625947303,0.0125,0.012411937611777104,0.563,4/4,19.44%,P61962;Q13620;Q16531;P62877
prerank,LUBAC ubiquitin ligase complex,0.9682926829268292,1.696725129668439,0.0,0.015343084914999427,0.625,3/3,3.25%,Q9H0F6;Q9BYM8;Q96EP0
prerank,"TIM23 mitochondrial inner membrane pre-sequence translocase complex, TIM17B variant",0.6756368798860689,1.6959458939055103,0.002079002079002079,0.015202365416568612,0.628,11/12,24.91%,Q9Y5T4;Q9Y3D7;Q9HAV7;Q9BVV7;Q96DA6;Q8TAA5;Q3ZCQ8;P60602;P38646;O43615;O14925
prerank,"DNA replication factor C complex, ATAD5 variant",0.8146295678026251,1.6959255153787722,0.0023094688221709007,0.014935657251365654,0.628,4/5,4.79%,P35249;P40938;P40937;P35250
prerank,MICOS mitochondrial contact site and cristae organizing system complex,0.7599023331524686,1.6943154094478468,0.0054288816503800215,0.015103742867885314,0.641,7/7,24.15%,Q9NX63;Q9BUR5;Q9BRQ6;Q5TGZ0;Q16891;Q6UXV4;Q5XKP0
prerank,Mitochondrial transcription initiation complex,0.968021680216802,1.693742714445417,0.0,0.015052074022745603,0.647,3/3,3.28%,Q00059;O00411;Q9H5Q4
prerank,PeBoW complex,0.948780487804878,1.6929492811117008,0.0012804097311139564,0.015059533572465991,0.652,3/3,5.20%,Q9GZL7;Q14137;O00541
prerank,Commander complex,0.6418275768289369,1.6925172704839813,0.0,0.014944407677886138,0.655,16/16,36.10%,Q9UBQ0;Q8TCE6;Q8N668;Q9GZQ3;Q9H0A8;O14972;Q9Y6G5;Q86X83;Q86VX2;Q7Z4G1;Q7Z3J2;O60826;Q567U6;Q9NX08;Q9P000;Q9UBI1
prerank,"CRL4-DCAF9 E3 ubiquitin ligase complex, CUL4B variant ",-0.8067226890756302,-1.6914090476034036,0.011560693641618497,0.013489424428859595,0.594,4/4,19.44%,Q8N5D0;Q13620;Q16531;P62877
prerank,"CRL4-DCAF6 E3 ubiquitin ligase complex, CUL4B variant ",-0.8067226890756302,-1.6909882146891893,0.011764705882352941,0.013486759488902144,0.594,4/4,19.44%,Q58WW2;Q13620;Q16531;P62877
prerank,"CRL4-ERCC8 E3 ubiquitin ligase complex, CUL4B variant",-0.8067226890756302,-1.6907883777931132,0.005235602094240838,0.01345438874875072,0.595,4/4,19.44%,Q13216;Q13620;Q16531;P62877
prerank,"SCF E3 ubiquitin ligase complex, FBXL6 variant",-0.8067226890756302,-1.690636196378426,0.005681818181818182,0.01342222032572524,0.595,4/4,19.44%,Q8N531;Q13616;P63208;P62877
prerank,"CRL4-CRBN E3 ubiquitin ligase complex, CUL4B variant ",-0.8067226890756302,-1.690158498054678,0.011494252873563218,0.013449326971639438,0.598,4/4,19.44%,Q96SW2;Q13620;Q16531;P62877
prerank,"CRL4-DCAF11 E3 ubiquitin ligase complex, CUL4B variant ",-0.8067226890756302,-1.6893042924590636,0.010582010582010581,0.01352534123746407,0.6,4/4,19.44%,Q8TEB1;Q13620;Q16531;P62877
prerank,BRCA1-A complex,-0.6326641345632121,-1.687314414583725,0.012987012987012988,0.01369873291899869,0.604,7/7,36.88%,Q96RL1;Q6UWZ7;Q9NWV8;Q9NXR7;P46736;CPX-715;CHEBI:29105
prerank,"CRL4-DCAF8 E3 ubiquitin ligase complex, CUL4A variant ",-0.8067226890756302,-1.6861347271555627,0.01098901098901099,0.013832035844713991,0.612,4/4,19.44%,Q5TAQ9;Q13619;Q16531;P62877
prerank,"DNA replication factor C complex, RAD17 variant",0.8146295678026251,1.6848878867729136,0.0011494252873563218,0.01686998616778684,0.704,4/5,4.79%,P35249;P40938;P40937;P35250
prerank,Eukaryotic translation initiation factor 2 complex,0.9360433604336043,1.6846695901262514,0.0012804097311139564,0.01665688108577953,0.707,3/3,6.47%,P41091;P20042;P05198
prerank,"SCF E3 ubiquitin ligase complex, FBXL3 variant",-0.8067226890756302,-1.6834200997684494,0.005494505494505495,0.014246531700232056,0.623,4/4,19.44%,Q9UKT7;Q13616;P63208;P62877
prerank,"SCF E3 ubiquitin ligase complex, FBXL20 variant",-0.8067226890756302,-1.683384169208461,0.011049723756906077,0.01420283068274668,0.623,4/4,19.44%,Q96IG2;Q13616;P63208;P62877
prerank,"SCF E3 ubiquitin ligase complex, FBXO3 variant",-0.8067226890756302,-1.683102944851442,0.023255813953488372,0.014236717888746782,0.625,4/4,19.44%,Q9UK99;Q13616;P63208;P62877
prerank,"SCF E3 ubiquitin ligase complex, FBXO47 variant",-0.8067226890756302,-1.6821462868810144,0.00510204081632653,0.01432821236874562,0.629,4/4,19.44%,Q5MNV8;Q13616;P63208;P62877
prerank,"CRL4-DCAF4 E3 ubiquitin ligase complex, CUL4A variant ",-0.8067226890756302,-1.681929554312653,0.0,0.014303874296990149,0.629,4/4,19.44%,Q8WV16;Q13619;Q16531;P62877
prerank,"DNA replication factor C complex, RFC1 variant",0.8146295678026251,1.681677782016375,0.0023094688221709007,0.017123163272219015,0.719,4/5,4.79%,P35249;P40938;P40937;P35250
prerank,"CRL4-DCAF17 E3 ubiquitin ligase complex, CUL4B variant ",-0.8067226890756302,-1.6815580668429906,0.005319148936170213,0.014298838234036815,0.631,4/4,19.44%,Q5H9S7;Q13620;Q16531;P62877
prerank,"SCF E3 ubiquitin ligase complex, FBXO9 variant",-0.8067226890756302,-1.6810648785065454,0.005376344086021506,0.014312929237207658,0.632,4/4,19.44%,Q9UK97;Q13616;P63208;P62877
prerank,"CRL4-DCAF14 E3 ubiquitin ligase complex, CUL4A variant ",-0.8067226890756302,-1.6807983161544746,0.01744186046511628,0.01435549402994311,0.635,4/4,19.44%,Q8WWQ0;Q13619;Q16531;P62877
prerank,"SCF E3 ubiquitin ligase complex, LMO7 variant",-0.8067226890756302,-1.6806204789387094,0.017341040462427744,0.014340857351600315,0.636,4/4,19.44%,Q8WWI1;Q13616;P63208;P62877
prerank,"SCF E3 ubiquitin ligase complex, FBXO36 variant",-0.8067226890756302,-1.6804428454175748,0.01639344262295082,0.014402008758291852,0.639,4/4,19.44%,Q8NEA4;Q13616;P63208;P62877
prerank,Fukutin-FKRP-TMEM5 multienzyme complex,0.9550135501355013,1.679664535652975,0.0,0.017504444652894687,0.73,3/3,4.58%,Q9Y2B1;Q9H9S5;O75072
prerank,GINS complex,0.8812686364868528,1.6788190466164081,0.0,0.01745667314308608,0.736,4/4,11.97%,Q9BRX5;Q9BRT9;Q14691;Q9Y248
prerank,SMG1C protein kinase complex,0.9444444444444444,1.677749287196704,0.0013440860215053765,0.017461736096276635,0.745,3/3,5.63%,Q9H0W8;Q96Q15;Q8ND04
prerank,"CRL4-DCAF10 E3 ubiquitin ligase complex, CUL4A variant ",-0.8067226890756302,-1.6770021332832432,0.005952380952380952,0.01506659083228148,0.66,4/4,19.44%,Q5QP82;Q13619;Q16531;P62877
prerank,"SCF E3 ubiquitin ligase complex, FBXO40 variant",-0.8067226890756302,-1.6741149238728472,0.01092896174863388,0.01559552983640103,0.678,4/4,19.44%,Q9UH90;Q13616;P63208;P62877
prerank,SOSS1 complex,-0.8723577235772357,-1.6736542788388535,0.008849557522123894,0.015605522211615225,0.68,3/3,12.86%,Q9BQ15;Q9NRY2;Q68E01
prerank,"SCF E3 ubiquitin ligase complex, FBXW10 variant",-0.8067226890756302,-1.6722429504427843,0.005714285714285714,0.015914673768571117,0.684,4/4,19.44%,Q5XX13;Q13616;P63208;P62877
prerank,"SCF E3 ubiquitin ligase complex, FBXO24 variant",-0.8067226890756302,-1.6721340110744298,0.0051813471502590676,0.01589569679622074,0.685,4/4,19.44%,O75426;Q13616;P63208;P62877
prerank,"SCF E3 ubiquitin ligase complex, FBXL16 variant",-0.8067226890756302,-1.671621154510888,0.016483516483516484,0.015941900434484728,0.686,4/4,19.44%,Q8N461;Q13616;P63208;P62877
prerank,"SCF E3 ubiquitin ligase complex, FBH1 variant",-0.8067226890756302,-1.6715355720125065,0.005780346820809248,0.01590441830236189,0.686,4/4,19.44%,Q8NFZ0;Q13616;P63208;P62877
prerank,3M complex,-0.8772357723577235,-1.670780035547454,0.0041841004184100415,0.016024255912152514,0.69,3/3,12.37%,O75147;Q9H0W5;Q14999
prerank,"CRL4-DCAF1 E3 ubiquitin ligase complex, CUL4B variant ",-0.8067226890756302,-1.6705296446299611,0.005813953488372093,0.01603282356338118,0.691,4/4,19.44%,Q9Y4B6;Q13620;Q16531;P62877
prerank,"SCF E3 ubiquitin ligase complex, FBXO22 variant",-0.8067226890756302,-1.670486402357542,0.005681818181818182,0.0160045914796539,0.692,4/4,19.44%,Q8NEZ5;Q13616;P63208;P62877
prerank,"SCF E3 ubiquitin ligase complex, FBXW7 variant",-0.8067226890756302,-1.6692968966647328,0.016853932584269662,0.01621470517002224,0.699,4/4,19.44%,Q969H0;Q13616;P63208;P62877
prerank,TOM40 mitochondrial outer membrane translocase complex,0.7400976668475312,1.6691254630011443,0.005422993492407809,0.01972068377230018,0.786,7/7,26.13%,Q9P0U1;Q9NS69;Q96B49;Q8N4H5;Q15388;O96008;O94826
prerank,"CRL3 E3 ubiquitin ligase complex, SPOP-SPOPL variant",-0.8067226890756302,-1.669117946564814,0.01675977653631285,0.016204379356011742,0.7,4/4,19.44%,Q6IQ16;O43791;Q13618;P62877
prerank,"SCF E3 ubiquitin ligase complex, TSPAN17 variant",-0.8067226890756302,-1.6690916475150128,0.011494252873563218,0.016166788906514868,0.7,4/4,19.44%,Q96FV3;Q13616;P63208;P62877
prerank,"SCF E3 ubiquitin ligase complex, FBXW5 variant",-0.8067226890756302,-1.6689542421534884,0.011299435028248588,0.016138496371614523,0.701,4/4,19.44%,Q969U6;Q13616;P63208;P62877
prerank,"CRL4-DCAF8 E3 ubiquitin ligase complex, CUL4B variant ",-0.8067226890756302,-1.6686804781289704,0.005780346820809248,0.016137533536460868,0.702,4/4,19.44%,Q5TAQ9;Q13620;Q16531;P62877
prerank,eNoSc complex,0.9420054200542005,1.6681752232101204,0.001282051282051282,0.019792624920665483,0.789,3/3,5.88%,Q96EB6;O43463;O43159
prerank,"SCF E3 ubiquitin ligase complex, FBXW9 variant",-0.8067226890756302,-1.6680511252530914,0.011235955056179775,0.01624493597627143,0.706,4/4,19.44%,Q5XUX1;Q13616;P63208;P62877
prerank,"SCF E3 ubiquitin ligase complex, FBXO7 variant",-0.8067226890756302,-1.6663604358759436,0.0,0.016504798765342787,0.714,4/4,19.44%,Q9Y3I1;Q13616;P63208;P62877
prerank,"SCF E3 ubiquitin ligase complex, FBXW4 variant",-0.8067226890756302,-1.6656764227222236,0.015384615384615385,0.016574632899383768,0.719,4/4,19.44%,P57775;Q13616;P63208;P62877
prerank,Mitochondrial 2-oxoglutarate dehydrogenase complex,-0.6718199077841064,-1.665636077915432,0.010869565217391304,0.016545585743184935,0.72,6/6,32.95%,Q02218;P36957;P82909;P09622;CHEBI:58937;CHEBI:57692
prerank,"SCF E3 ubiquitin ligase complex, KDM2B variant",-0.8067226890756302,-1.6651197693477355,0.011764705882352941,0.01659705422183857,0.72,4/4,19.44%,Q8NHM5;Q13616;P63208;P62877
prerank,"SCF E3 ubiquitin ligase complex, FBXO41 variant",-0.8067226890756302,-1.6649914632146545,0.017241379310344827,0.01660371874595617,0.721,4/4,19.44%,Q8TF61;Q13616;P63208;P62877
prerank,"SCF E3 ubiquitin ligase complex, FBXO25 variant",-0.8067226890756302,-1.6646636152095544,0.0,0.0166014680385321,0.723,4/4,19.44%,Q8TCJ0;Q13616;P63208;P62877
prerank,SOSS2 complex,-0.8723577235772357,-1.6634420721333785,0.01646090534979424,0.016793994238077203,0.728,3/3,12.86%,Q96AH0;Q9NRY2;Q68E01
prerank,"CRL4-AMBRA1 E3 ubiquitin ligase complex, CUL4A variant ",-0.8067226890756302,-1.6633254716981127,0.01098901098901099,0.01674708363964682,0.728,4/4,19.44%,Q9C0C7;Q13619;Q16531;P62877
prerank,SHU complex,0.8579560856600705,1.6632942392498575,0.0,0.020772807336570893,0.807,4/4,14.30%,Q9NTI5;Q6NVH7;Q19AV6;Q14159
prerank,"SCF E3 ubiquitin ligase complex, FBXO6 variant",-0.8067226890756302,-1.6627615136975975,0.015873015873015872,0.01679727401164383,0.73,4/4,19.44%,Q9NRD1;Q13616;P63208;P62877
prerank,RFX gene regulatory complex,0.9317073170731707,1.662240758602888,0.001303780964797914,0.02084407406436494,0.81,3/3,6.90%,O14593;O00287;P48382
prerank,"SCF E3 ubiquitin ligase complex, KDM2A variant",-0.8067226890756302,-1.6619745145511478,0.011764705882352941,0.016943756179314668,0.732,4/4,19.44%,Q9Y2K7;Q13616;P63208;P62877
prerank,"SCF E3 ubiquitin ligase complex, FBXO46 variant",-0.8067226890756302,-1.6616468124930608,0.022727272727272728,0.016940594713175258,0.732,4/4,19.44%,Q6PJ61;Q13616;P63208;P62877
prerank,NALCN channelosome complex,-0.8086202222824613,-1.6612551007665073,0.006060606060606061,0.016954912003095172,0.732,4/4,19.25%,Q9P2D8;B1AL88;Q8IZF0;Q8N2C7
prerank,NPHP transition zone complex,0.9392953929539294,1.6608790745630997,0.0,0.021056876410886636,0.813,3/3,6.15%,Q68CZ1;O75161;O15259
prerank,"CRL4-DCAF9 E3 ubiquitin ligase complex, CUL4A variant ",-0.8067226890756302,-1.6602733649021502,0.012048192771084338,0.01707362952989478,0.736,4/4,19.44%,Q8N5D0;Q13619;Q16531;P62877
prerank,WMM N6-adenosine-methyltransferase complex,0.7950108459869849,1.659601361851503,0.004656577415599534,0.021224529309543286,0.818,5/5,20.61%,Q5T200;Q15007;CPX-21210;Q75N03;Q69YN4
prerank,"SCF E3 ubiquitin ligase complex, FBXO33 variant",-0.8067226890756302,-1.6592443261461896,0.0,0.017243790807326218,0.74,4/4,19.44%,Q7Z6M2;Q13616;P63208;P62877
prerank,"SCF E3 ubiquitin ligase complex, FBXL8 variant",-0.8067226890756302,-1.6588979911517534,0.0189873417721519,0.017248500860685835,0.74,4/4,19.44%,Q96CD0;Q13616;P63208;P62877
prerank,"SCF E3 ubiquitin ligase complex, FBXO44 variant",-0.8067226890756302,-1.6585174660722162,0.005494505494505495,0.017261820403864786,0.741,4/4,19.44%,Q9H4M3;Q13616;P63208;P62877
prerank,"SCF E3 ubiquitin ligase complex, FBXW12 variant",-0.8067226890756302,-1.6576357801112231,0.010582010582010581,0.017378407743994184,0.742,4/4,19.44%,Q6X9E4;Q13616;P63208;P62877
prerank,"SCF E3 ubiquitin ligase complex, FBXO11 variant",-0.8067226890756302,-1.6573248758456716,0.016483516483516484,0.01739989018774632,0.742,4/4,19.44%,Q86XK2;Q13616;P63208;P62877
prerank,Intraflagellar transport complex A,0.7615947925142391,1.6566873489357161,0.0033259423503325942,0.021907408981409367,0.828,6/6,23.96%,Q9P2L0;Q9HBG6;Q96RY7;Q96FT9;Q8NEZ3;Q7Z4L5
prerank,"SCF E3 ubiquitin ligase complex, FBXO28 variant",-0.8067226890756302,-1.653883618175767,0.005494505494505495,0.01788376742191787,0.749,4/4,19.44%,Q9NVF7;Q13616;P63208;P62877
prerank,"SCF E3 ubiquitin ligase complex, FBXO30 variant",-0.8067226890756302,-1.6534847513508562,0.0,0.017929393529389912,0.751,4/4,19.44%,Q8TB52;Q13616;P63208;P62877
prerank,"SCF E3 ubiquitin ligase complex, FBXO10 variant",-0.8067226890756302,-1.6532414865840783,0.01,0.01795773597385349,0.752,4/4,19.44%,Q9UK96;Q13616;P63208;P62877
prerank,"SCF E3 ubiquitin ligase complex, FBXL17 variant",-0.8067226890756302,-1.6530652686951663,0.010810810810810811,0.01794344628984418,0.752,4/4,19.44%,Q9UF56;Q13616;P63208;P62877
prerank,"SCF E3 ubiquitin ligase complex, CCNF variant",-0.8067226890756302,-1.650235750776814,0.005917159763313609,0.018361365028833513,0.763,4/4,19.44%,P41002;Q13616;P63208;P62877
prerank,"SCF E3 ubiquitin ligase complex, FBXO16 variant",-0.8067226890756302,-1.6486250976939727,0.010810810810810811,0.018684093220591426,0.774,4/4,19.44%,Q8IX29;Q13616;P63208;P62877
prerank,BTR double Holliday Junction dissolution complex,-0.6324925413615405,-1.6454760496747491,0.0,0.019165231859943576,0.782,6/6,36.88%,Q13472;P54132;Q9H9A7;Q96E14;CHEBI:18420;CHEBI:29105
prerank,"SCF E3 ubiquitin ligase complex, FBXL14 variant",-0.8067226890756302,-1.645421092401353,0.027777777777777776,0.019131071633617113,0.782,4/4,19.44%,Q8N1E6;Q13616;P63208;P62877
prerank,"SCF E3 ubiquitin ligase complex, FBXL12 variant",-0.8067226890756302,-1.642770443831801,0.011363636363636364,0.019725837996143362,0.796,4/4,19.44%,Q9NXK8;Q13616;P63208;P62877
prerank,Non-canonical FBXO45-MYCBP2-SKP1 E3 ubiquitin ligase complex,-0.8701897018970189,-1.640561135116196,0.00816326530612245,0.02011679120031142,0.802,3/3,13.08%,P0C2W1;O75592;P63208
prerank,"SCF E3 ubiquitin ligase complex, FBXL22 variant",-0.8067226890756302,-1.6396338953252632,0.011235955056179775,0.020330561640888756,0.807,4/4,19.44%,Q6P050;Q13616;P63208;P62877
prerank,"SCF E3 ubiquitin ligase complex, FBXO38 variant",-0.8067226890756302,-1.6386332209158998,0.03977272727272727,0.02050162153466572,0.81,4/4,19.44%,Q6PIJ6;Q13616;P63208;P62877
prerank,"SCF E3 ubiquitin ligase complex, FBXO32 variant",-0.8067226890756302,-1.6385204464687924,0.03409090909090909,0.020497583053691752,0.81,4/4,19.44%,Q969P5;Q13616;P63208;P62877
prerank,Mitochondrial 3-oxoacyl-[acyl-carrier-protein] reductase,0.845486581729466,1.6382037223261436,0.0036719706242350062,0.028412192437608008,0.892,4/4,15.54%,Q92506;Q8N4T8;CHEBI:58349;CHEBI:57540
prerank,"SCF E3 ubiquitin ligase complex, BTRC variant",-0.8067226890756302,-1.6373119992218566,0.011049723756906077,0.020617668859814416,0.812,4/4,19.44%,Q9Y297;Q13616;P63208;P62877
prerank,"SCF E3 ubiquitin ligase complex, FBXL19 variant",-0.8067226890756302,-1.6365824308062575,0.023529411764705882,0.020679363999418988,0.815,4/4,19.44%,Q6PCT2;Q13616;P63208;P62877
prerank,"SCF E3 ubiquitin ligase complex, FBXO15 variant",-0.8067226890756302,-1.6365082534393414,0.011904761904761904,0.020633741940515808,0.815,4/4,19.44%,Q8NCQ5;Q13616;P63208;P62877
prerank,"SCF E3 ubiquitin ligase complex, FBXL18 variant",-0.8067226890756302,-1.6364984429835392,0.016853932584269662,0.020588356879321215,0.816,4/4,19.44%,Q96ME1;Q13616;P63208;P62877
prerank,PEX2-PEX10-PEX12 E3 ubiquitin ligase complex,0.9227642276422763,1.636394732099536,0.0,0.028710603445266783,0.903,3/3,7.80%,P28328;O60683;O00623
prerank,"SCF E3 ubiquitin ligase complex, FBXL15 variant",-0.8067226890756302,-1.635520110425214,0.011627906976744186,0.02069058749422285,0.818,4/4,19.44%,Q9H469;Q13616;P63208;P62877
prerank,Survival motor neuron complex,0.6916395222584146,1.6349985508494607,0.004210526315789474,0.02901617419299211,0.91,9/9,31.00%,Q16637;P57678;O14893;Q9Y3F4;Q9UHI6;Q9NWZ8;Q9H840;Q8WXD5;Q8TEQ6
prerank,ASAP splicing-associated complex,-0.870460704607046,-1.6344942267606628,0.008368200836820083,0.02085762298203141,0.821,3/3,13.05%,Q9UKV3;O00422;Q15287
prerank,"SCF E3 ubiquitin ligase complex, FBXO21 variant",-0.8067226890756302,-1.6328349602075984,0.02040816326530612,0.021219291898084094,0.825,4/4,19.44%,O94952;Q13616;P63208;P62877
prerank,"SCF E3 ubiquitin ligase complex, FBXO42 variant",-0.8067226890756302,-1.6326069987680207,0.017142857142857144,0.021245990206330608,0.825,4/4,19.44%,Q6P3S6;Q13616;P63208;P62877
prerank,"SCF E3 ubiquitin ligase complex, FBXO31 variant",-0.8067226890756302,-1.6304761451035155,0.016304347826086956,0.021604808596597646,0.832,4/4,19.44%,Q5XUX0;Q13616;P63208;P62877
prerank,"SCF E3 ubiquitin ligase complex, FBXO34 variant",-0.8067226890756302,-1.6304076774851695,0.005747126436781609,0.021557636434919893,0.832,4/4,19.44%,Q9NWN3;Q13616;P63208;P62877
prerank,"SCF E3 ubiquitin ligase complex, SKP2 variant",-0.8067226890756302,-1.628456718322014,0.0,0.021817079305859653,0.836,4/4,19.44%,Q13309;Q13616;P63208;P62877
prerank,"SCF E3 ubiquitin ligase complex, FBXW2 variant",-0.8067226890756302,-1.6261716691293675,0.01775147928994083,0.022284293021974107,0.843,4/4,19.44%,Q9UKT8;Q13616;P63208;P62877
prerank,"SCF E3 ubiquitin ligase complex, FBXO39 variant",-0.8067226890756302,-1.6255774082224825,0.023121387283236993,0.022348057254682203,0.845,4/4,19.44%,Q8N4B4;Q13616;P63208;P62877
prerank,"CRL4-DCAF14 E3 ubiquitin ligase complex, CUL4B variant ",-0.8067226890756302,-1.6252954303631795,0.005747126436781609,0.022347488637997397,0.845,4/4,19.44%,Q8WWQ0;Q13620;Q16531;P62877
prerank,"SCF E3 ubiquitin ligase complex, FBXW11 variant",-0.8067226890756302,-1.6249212208517143,0.026595744680851064,0.022378847068675614,0.845,4/4,19.44%,Q9UKB1;Q13616;P63208;P62877
prerank,"SCF E3 ubiquitin ligase complex, FBXO4 variant",-0.8067226890756302,-1.6247879253967044,0.026881720430107527,0.022338399057825538,0.845,4/4,19.44%,Q9UKT5;Q13616;P63208;P62877
prerank,"Phosphatidylinositol 3-kinase complex, class III, ATG14 variant",-0.6740780911062907,-1.6233091467911074,0.008620689655172414,0.02259196901457297,0.85,5/5,32.71%,Q6ZNE5;Q99570;Q8NEB9;Q14457;CHEBI:29035
prerank,"SCF E3 ubiquitin ligase complex, FBXL5 variant",-0.8067226890756302,-1.621552607991952,0.01775147928994083,0.022947241412509062,0.856,4/4,19.44%,Q9UKA1;Q13616;P63208;P62877
prerank,C5b6 complement complex,0.9013550135501354,1.620470325221457,0.001321003963011889,0.03456877587228656,0.949,3/3,9.94%,P13671;P01031-PRO_0000005989;P01031-PRO_0000005985
prerank,"SCF E3 ubiquitin ligase complex, FBXL4 variant",-0.8067226890756302,-1.6199449648888031,0.016574585635359115,0.023269132514649495,0.857,4/4,19.44%,Q9UKA2;Q13616;P63208;P62877
prerank,"SCF E3 ubiquitin ligase complex, FBXO8 variant",-0.8067226890756302,-1.6196910591808882,0.02617801047120419,0.02324263087127728,0.857,4/4,19.44%,Q9NRD0;Q13616;P63208;P62877
prerank,KICSTOR complex,0.8305773922472215,1.61892724767278,0.00847457627118644,0.03485058932987642,0.955,4/4,17.03%,Q9Y664;Q96MD2;Q969R8;Q5T011
prerank,"SCF E3 ubiquitin ligase complex, FBXO5 variant",-0.8067226890756302,-1.6175370612355238,0.04145077720207254,0.023640804963823005,0.862,4/4,19.44%,Q9UKT4;Q13616;P63208;P62877
prerank,ESCRT-II complex,0.9002710027100271,1.6174268310604958,0.007712082262210797,0.035096654401015476,0.957,3/3,10.05%,Q9BRG1;Q96H20;Q86VN1
prerank,"SCF E3 ubiquitin ligase complex, FBXL21 variant",-0.8067226890756302,-1.616842711907142,0.027624309392265192,0.023691936731476956,0.862,4/4,19.44%,Q9UKT6;Q13616;P63208;P62877
prerank,"SCF E3 ubiquitin ligase complex, FBXO27 variant",-0.8067226890756302,-1.6157712937740456,0.011494252873563218,0.02389927543991468,0.864,4/4,19.44%,Q8NI29;Q13616;P63208;P62877
prerank,"SCF E3 ubiquitin ligase complex, FBXL2 variant",-0.8067226890756302,-1.6155498433043418,0.016216216216216217,0.023879283320070412,0.864,4/4,19.44%,Q9UKC9;Q13616;P63208;P62877
prerank,"SCF E3 ubiquitin ligase complex, FBXO43 variant",-0.8067226890756302,-1.6151942388924392,0.005714285714285714,0.023867174150029813,0.864,4/4,19.44%,Q4G163;Q13616;P63208;P62877
prerank,Glycoprotein Ib-IX-V-Filamin-A complex,0.7861713665943602,1.6138980147657256,0.011363636363636364,0.03663359642151476,0.962,4/5,1.49%,P21333;P40197;P14770;P13224
prerank,PAQosome co-chaperone complex,-0.6792299349240781,-1.610205057373566,0.01652892561983471,0.02498886412472465,0.874,5/5,32.20%,L0R819;CPX-6144;Q96MX6;CPX-6143;P19388
prerank,Ragulator complex,0.77765726681128,1.6078529992289095,0.008433734939759036,0.03939318595419444,0.967,5/5,22.34%,Q9UHA4;Q6IAA8;Q0VGL1;O43504;Q9Y2Q5
prerank,"SCF E3 ubiquitin ligase complex, FBXO2 variant",-0.8067226890756302,-1.6066147881690174,0.015544041450777202,0.025857173785379012,0.882,4/4,19.44%,Q9UK22;Q13616;P63208;P62877
prerank,"SCF E3 ubiquitin ligase complex, FBXL13 variant",-0.8067226890756302,-1.6063248604580782,0.028901734104046242,0.02584031751764847,0.883,4/4,19.44%,Q8NEE6;Q13616;P63208;P62877
prerank,Mitochondrial isocitrate dehydrogenase complex (NAD+),-0.7809704526972079,-1.6051324987456566,0.011049723756906077,0.026170426895435847,0.889,4/4,22.01%,P51553;O43837;P50213;CHEBI:60240
prerank,"SCF E3 ubiquitin ligase complex, FBXO17 variant",-0.8067226890756302,-1.604573050800366,0.01020408163265306,0.026229788129484816,0.889,4/4,19.44%,Q96EF6;Q13616;P63208;P62877
prerank,"Box C/D snoRNA-Guided RNP methyltransferase complex, FBLL1 variant",-0.6379170056956875,-1.6000915558776965,0.04672897196261682,0.02723240655611971,0.898,6/6,36.34%,A6NHQ2;CHEBI:133335;CHEBI:67040;O00567;Q9Y2X3;P55769
prerank,NELF negative elongation factor complex ,0.8400650582813771,1.599683940573761,0.0035587188612099642,0.043829211546998814,0.977,4/4,16.08%,Q9H3P2;Q8WX92;Q8IXH7;P18615
prerank,Eukaryotic translation initiation factor 2B complex,0.7697939262472886,1.5883254407968659,0.010285714285714285,0.05090007535293461,0.986,5/5,23.12%,Q9UI10;Q9NR50;Q14232;Q13144;P49770
prerank,"Box C/D snoRNA-guided RNP methyltransferase complex, FBL variant",-0.6379170056956875,-1.5876309170231206,0.031578947368421054,0.03047235990687521,0.929,6/6,36.34%,CHEBI:133335;CHEBI:67040;P22087;O00567;Q9Y2X3;P55769
prerank,Chaperonin-containing T-complex,0.6849389416553595,1.5865057919338805,0.009698275862068966,0.051665490019896024,0.989,8/8,31.65%,Q99832;P78371;P50991;P50990;P49368;P48643;P40227;P17987
prerank,RB1-E2F2-DP1 transcriptional repressor complex,-0.8216802168021681,-1.586399795944618,0.025,0.0307346530200139,0.931,3/3,17.93%,Q14209;P06400;Q14186
prerank,"Calcineurin-Calmodulin-AKAP5 complex, beta-R1 variant",-0.6324925413615405,-1.5858240428940404,0.038461538461538464,0.030797675255750626,0.932,6/6,36.88%,P16298;P63098;P24588;CHEBI:29034;CHEBI:29108;CHEBI:29105
prerank,Shieldin complex,-0.7655191108701545,-1.5853425997942647,0.01675977653631285,0.03091357587896983,0.933,4/4,23.56%,Q8IYI0;Q86V20;Q6ZNX1;Q9UI95
prerank,DNA polymerase zeta complex,-0.6586225596529285,-1.5844593434727374,0.015037593984962405,0.03105165798635056,0.934,5/5,34.25%,O60673;P49005;Q15054;Q9UI95;CHEBI:49883
prerank,"Endoplasmic reticulum membrane complex, EMC9 variant",0.6587947882736156,1.5804481020360894,0.017894736842105262,0.05558379010280029,0.99,9/9,34.28%,Q9BV81;Q8N766;Q8N4V1;Q5UCC4;Q5J8M3;Q15006;Q9P0I2;Q9NPA0;Q9Y3B6
prerank,"Calcineurin-Calmodulin-AKAP5 complex, beta-R2 variant",-0.6324925413615405,-1.5799241750270319,0.010101010101010102,0.03218712995503299,0.939,6/6,36.88%,P16298;Q96LZ3;P24588;CHEBI:29034;CHEBI:29108;CHEBI:29105
prerank,"Calcineurin-Calmodulin-AKAP5 complex, alpha-R1 variant",-0.6324925413615405,-1.5793998534879545,0.061224489795918366,0.03225362695807911,0.94,6/6,36.88%,Q08209;P63098;P24588;CHEBI:29034;CHEBI:29108;CHEBI:29105
prerank,MPP10 complex,0.8943089430894309,1.5778333398063207,0.004005340453938585,0.0567792518034745,0.995,3/3,10.64%,Q96G21;O00566;Q9NV31
prerank,SHOC2-MRAS-PPP1CB complex,-0.6740780911062907,-1.577525563855247,0.014285714285714285,0.03271863147342421,0.941,5/5,32.71%,P62140;O14807;Q9UQ13;CHEBI:37565;CHEBI:29035
prerank,"Endoplasmic reticulum membrane complex, EMC8 variant",0.6601520086862106,1.5725057221897412,0.009533898305084746,0.06030902212549732,0.995,9/9,34.15%,Q9BV81;Q8N766;Q8N4V1;Q5UCC4;Q5J8M3;Q15006;Q9P0I2;Q9NPA0;O43402
prerank,BRCA1-PALB2-BRCA2 homologous recombination DNA repair complex,-0.8113821138211382,-1.5693350908544035,0.008438818565400843,0.03487052672892077,0.952,3/3,18.95%,Q86YC2;P51587;P38398
prerank,Actin junctional complex,0.8945799457994579,1.5690609882995492,0.0066844919786096255,0.062211442102608885,0.995,3/3,10.61%,Q00013;P11171;P04921
prerank,Signal recognition particle receptor complex,-0.8533875338753387,-1.5672377775788948,0.021929824561403508,0.0352222757558064,0.954,3/3,14.76%,Q9Y5M8;P08240;CHEBI:15996
prerank,CCDC36-MEI4-REC114 meiotic recombination initiation complex,0.8756097560975609,1.5661614053893025,0.003870967741935484,0.06389936778016277,0.995,3/3,12.51%,Q8IYA8;Q7Z4M0;A8MW99
prerank,"Phosphorylase kinase, liver variant",-0.808130081300813,-1.565284753662206,0.024193548387096774,0.03569937913119413,0.955,3/3,19.28%,P15735;P46019;Q93100
prerank,Mitochondrial ribonuclease P complex,-0.6662147505422994,-1.5623145400593474,0.034013605442176874,0.03642766780891568,0.956,5/5,33.50%,O15091;Q99714;Q7L0Y3;CHEBI:10668;CHEBI:18420
prerank,"GID E3 ubiquitin ligase complex, RMND5A-RANBP10 variant",0.6608068325717475,1.5620336661579575,0.009483667017913594,0.06660369275092336,0.999,7/9,13.46%,Q9UL63;Q9NWU2;Q9H7D7;Q8IVV7;Q8IUR7;Q7L5Y9;P62699
prerank,"GID E3 ubiquitin ligase complex, RMND5B-RANBP10 variant",0.6608068325717475,1.5591211894396175,0.007415254237288136,0.06835693758067163,0.999,7/9,13.46%,Q9UL63;Q9NWU2;Q9H7D7;Q8IVV7;Q8IUR7;Q7L5Y9;P62699
prerank,"RAG guanosine triphosphatase complex, RAGA-RAGC variant",-0.7419354838709676,-1.5585428585623484,0.03355704697986577,0.03740536871624871,0.96,4/4,25.91%,Q7L523;Q9HB90;CHEBI:58189;CHEBI:37565
prerank,ABCB10-ABCB7-FECH ABC transporter ,-0.7321767416644076,-1.5563914615263275,0.027932960893854747,0.03791108257007865,0.961,4/4,26.89%,Q9NRK6;P22830;O75027;CHEBI:190135
prerank,"GID E3 ubiquitin ligase complex, RMND5A-RANBP9 variant",0.6612377850162868,1.5562529133702039,0.010548523206751054,0.0699860604355533,0.999,9/9,34.04%,Q9UL63;Q9NWU2;Q9H7D7;Q8IVV7;Q8IUR7;Q7L5Y9;P62699;Q9H871;Q96S59
prerank,"Calcineurin-Calmodulin-AKAP5 complex, alpha-R2 variant",-0.6324925413615405,-1.5552249525470683,0.019230769230769232,0.038103559539382235,0.964,6/6,36.88%,Q08209;Q96LZ3;P24588;CHEBI:29034;CHEBI:29108;CHEBI:29105
prerank,p53-MDM2-MDM4 transcriptional regulation complex,0.878590785907859,1.5543631953292634,0.006675567423230975,0.07095149681455698,0.999,3/3,12.21%,P04637;O15151;Q00987
prerank,"GID E3 ubiquitin ligase complex, RMND5B-RANBP9 variant",0.6608068325717475,1.5523276830051762,0.014846235418875928,0.07199933492246328,0.999,7/9,13.46%,Q9UL63;Q9NWU2;Q9H7D7;Q8IVV7;Q8IUR7;Q7L5Y9;P62699
prerank,RB1-E2F3-DP1 transcriptional repressor complex,-0.8216802168021681,-1.5513276437061096,0.013513513513513514,0.039159103732029986,0.966,3/3,17.93%,O00716;P06400;Q14186
prerank,RNase H2 complex,0.8777777777777778,1.5510698396510096,0.009472259810554804,0.07251108009042352,0.999,3/3,12.29%,Q8TDP1;Q5TBB1;O75792
prerank,"RAG guanosine triphosphatase complex, RAGA-RAGD variant",-0.7419354838709676,-1.550697939479883,0.029239766081871343,0.03932567288025582,0.966,4/4,25.91%,Q7L523;Q9NQL2;CHEBI:58189;CHEBI:37565
prerank,BRISC-SHMT2 complex,-0.6324925413615405,-1.5506320124982247,0.009708737864077669,0.039241567811651966,0.966,6/6,36.88%,Q15018;P34897-3;Q9NWV8;Q9NXR7;P46736;CHEBI:29105
prerank,SHOC2-KRAS-PPP1CA complex,-0.6740780911062907,-1.5505112675825166,0.02631578947368421,0.03920185060945366,0.966,5/5,32.71%,P01116;P62136;Q9UQ13;CHEBI:37565;CHEBI:29035
prerank,SHOC2-HRAS-PPP1CA complex,-0.6740780911062907,-1.5501292003318512,0.0,0.03920621302458865,0.966,5/5,32.71%,P62136;P01112;Q9UQ13;CHEBI:37565;CHEBI:29035
prerank,"Calcineurin-Calmodulin-AKAP5 complex, gamma-R1 variant",-0.6324925413615405,-1.5500846554210823,0.0660377358490566,0.03911566749797297,0.966,6/6,36.88%,P48454;P63098;P24588;CHEBI:29034;CHEBI:29108;CHEBI:29105
prerank,"RAG guanosine triphosphatase complex, RAGB-RAGC variant",-0.7419354838709676,-1.5492615226574695,0.043209876543209874,0.03922944203059684,0.966,4/4,25.91%,Q5VZM2;Q9HB90;CHEBI:58189;CHEBI:37565
prerank,Intron-binding complex ,-0.6681127982646421,-1.5471924686384244,0.021897810218978103,0.03982948209755355,0.969,5/5,33.31%,Q96NB3;Q9ULR0;O60306;Q9UNP9;Q9HCS7
prerank,"CRL3 E3 ubiquitin ligase complex, KBTBD13 variant",-0.8065040650406504,-1.5469389970481768,0.0321285140562249,0.03981061845468296,0.969,3/3,19.44%,C9JR72;Q13618;P62877
prerank,"COPI vesicle coat complex, COPG2-COPZ1 variant",0.6813118867531662,1.5467118982323744,0.015069967707212056,0.0757938064931052,0.999,5/7,6.74%,P48444;P35606;O14579;P53621;P53618
prerank,SHOC2-MRAS-PPP1CC complex,-0.6740780911062907,-1.546071277671488,0.007633587786259542,0.040073898905929176,0.969,5/5,32.71%,P36873;O14807;Q9UQ13;CHEBI:37565;CHEBI:29035
prerank,SHOC2-MRAS-PPP1CA complex,-0.6740780911062907,-1.5448155369533982,0.021739130434782608,0.04034319290164596,0.971,5/5,32.71%,O14807;P62136;Q9UQ13;CHEBI:37565;CHEBI:29035
prerank,CIAO1-CIAO2B-CIAO3-MMS19 cytosolic iron-sulfur protein assembly complex,-0.6586225596529285,-1.5412999415674529,0.04316546762589928,0.04147517623148636,0.973,5/5,34.25%,Q9Y3D0;Q96T76;Q9H6Q4;O76071;CHEBI:49883
prerank,"CRL3 E3 ubiquitin ligase complex, KLHL12 variant ",-0.8065040650406504,-1.5412354128144732,0.018518518518518517,0.04141682916483068,0.973,3/3,19.44%,Q53G59;Q13618;P62877
prerank,"CRL3 E3 ubiquitin ligase complex, KLHL32 variant ",-0.8065040650406504,-1.5409322660252796,0.012096774193548387,0.04145191318225908,0.974,3/3,19.44%,Q96NJ5;Q13618;P62877
prerank,"RAG guanosine triphosphatase complex, RAGB-RAGD variant",-0.7419354838709676,-1.538993741443379,0.03260869565217391,0.041987369074363894,0.974,4/4,25.91%,Q9NQL2;Q5VZM2;CHEBI:58189;CHEBI:37565
prerank,"CRL3 E3 ubiquitin ligase complex, KLHL35 variant ",-0.8065040650406504,-1.538992587737313,0.03292181069958848,0.041892589460200545,0.974,3/3,19.44%,Q6PF15;Q13618;P62877
prerank,"Exon junction core complex, MAGOH variant",-0.7302792084575765,-1.5362081483667123,0.005813953488372093,0.042737842921413784,0.975,4/4,27.08%,O15234;P61326;Q9Y5S9;P38919
prerank,RB1-E2F1-DP1 transcriptional repressor complex,-0.8216802168021681,-1.5350964682976862,0.034334763948497854,0.04305373229928624,0.976,3/3,17.93%,Q01094;P06400;Q14186
prerank,"CRL3 E3 ubiquitin ligase complex, KLHL18 variant ",-0.8065040650406504,-1.5344564519693156,0.0326530612244898,0.04325482420441138,0.977,3/3,19.44%,O94889;Q13618;P62877
prerank,DNA polymerase epsilon complex,-0.6586225596529285,-1.5336865263760229,0.0234375,0.043419664094518085,0.978,5/5,34.25%,P56282;Q9NR33;Q07864;Q9NRF9;CHEBI:49883
prerank,"CRL3 E3 ubiquitin ligase complex, KLHL25 variant ",-0.8065040650406504,-1.5332771546209907,0.0211864406779661,0.04341445594686909,0.978,3/3,19.44%,Q9H0H3;Q13618;P62877
prerank,HUSH epigenetic repressor complex,0.8642276422764228,1.5316962006750479,0.009210526315789473,0.08989912418768076,0.999,3/3,13.65%,Q9UK61;Q99549;Q8NEY8
prerank,"CRL3 E3 ubiquitin ligase complex, IPP variant ",-0.8065040650406504,-1.530646992054484,0.019157088122605363,0.04426098524988291,0.98,3/3,19.44%,Q9Y573;Q13618;P62877
prerank,"CRL3 E3 ubiquitin ligase complex, KLHL34 variant ",-0.8065040650406504,-1.5296019873860953,0.029166666666666667,0.044541886710554875,0.982,3/3,19.44%,Q8N239;Q13618;P62877
prerank,DUOX1-DUOXA1 dual oxidase complex,-0.6569956616052061,-1.527728154226812,0.03787878787878788,0.045073821339253826,0.982,5/5,34.42%,Q1HG43;Q9NRD9;CHEBI:30413;CHEBI:57692;CHEBI:29108
prerank,"Casein kinase II complex, CSNK2A1-CNSK2A2 variant",0.8566395663956639,1.52663737492839,0.02091503267973856,0.09482443976378896,1.0,3/3,14.41%,P19784;P68400;P67870
prerank,NatC N-alpha-acetyltransferase complex,0.8523035230352303,1.526173727714652,0.013020833333333334,0.09439285026635005,1.0,3/3,14.84%,Q9BRA0;Q5VZE5;Q147X3
prerank,DUOX2-DUOXA2 dual oxidase complex,-0.6569956616052061,-1.5254201719860476,0.02962962962962963,0.04580617729268712,0.984,5/5,34.42%,Q9NRD8;Q1HG44;CHEBI:30413;CHEBI:57692;CHEBI:29108
prerank,"Exon junction core complex, MAGOHB variant",-0.7302792084575765,-1.524950307588706,0.028735632183908046,0.04586552645485281,0.984,4/4,27.08%,Q96A72;O15234;Q9Y5S9;P38919
prerank,"CRL3 E3 ubiquitin ligase complex, KLHL17 variant ",-0.8065040650406504,-1.5245711144153036,0.056910569105691054,0.04591069128863629,0.984,3/3,19.44%,Q6TDP4;Q13618;P62877
prerank,"Calcineurin-Calmodulin-AKAP5 complex, gamma-R2 variant",-0.6324925413615405,-1.5244556989898435,0.042105263157894736,0.04583062708831355,0.984,6/6,36.88%,P48454;Q96LZ3;P24588;CHEBI:29034;CHEBI:29108;CHEBI:29105
prerank,"Phosphorylase kinase, muscle variant",-0.808130081300813,-1.5242421094188283,0.032520325203252036,0.04579943039251896,0.984,3/3,19.28%,P46020;Q16816;Q93100
prerank,"CRL3 E3 ubiquitin ligase complex, KLHL22 variant ",-0.8065040650406504,-1.5239736263736272,0.02145922746781116,0.04574070726317774,0.984,3/3,19.44%,Q53GT1;Q13618;P62877
prerank,"COPI vesicle coat complex, COPG1-COPZ2 variant",0.6813118867531662,1.523389532786766,0.02282608695652174,0.09637972654206567,1.0,5/7,6.74%,P48444;P35606;O14579;P53621;P53618
prerank,SNIP1/SkIP associated RNA-processing complex,-0.6664859002169198,-1.5214572029012283,0.024193548387096774,0.04644131102930468,0.987,5/5,33.47%,Q9Y2W1;Q9NYF8;Q8TAD8;Q9H307;Q13573
prerank,DNA polymerase delta complex,-0.6586225596529285,-1.5192478017512947,0.0364963503649635,0.04711820523622891,0.988,5/5,34.25%,Q9HCU8;P28340;P49005;Q15054;CHEBI:49883
prerank,"CRL3 E3 ubiquitin ligase complex, KLHL28 variant ",-0.8065040650406504,-1.5192059852377526,0.01639344262295082,0.047029515630848395,0.988,3/3,19.44%,Q9NXS3;Q13618;P62877
prerank,Mitochondrial CCA tRNA nucleotidyltransferase 1 complex,-0.6662147505422994,-1.5184606128571485,0.033112582781456956,0.04723600735860554,0.988,5/5,33.50%,Q96Q11;Q99714;Q7L0Y3;CHEBI:10668;CHEBI:18420
prerank,"CRL3 E3 ubiquitin ligase complex, SPOP variant",-0.8065040650406504,-1.5181856542741787,0.04938271604938271,0.04720901476083057,0.988,3/3,19.44%,O43791;Q13618;P62877
prerank,"COPI vesicle coat complex, COPG1-COPZ1 variant",0.6715084991263426,1.518109906014223,0.02145922746781116,0.10151312020575867,1.0,5/7,6.74%,P48444;P35606;O14579;P53621;P53618
prerank,"CRL3 E3 ubiquitin ligase complex, KLHL29 variant ",-0.8065040650406504,-1.5180409248148226,0.02681992337164751,0.04721626935981271,0.988,3/3,19.44%,Q96CT2;Q13618;P62877
prerank,"Cleavage stimulation factor complex, CSTF2T variant",-0.8176151761517615,-1.5174574810803,0.03375527426160337,0.0473188524030414,0.988,3/3,18.33%,Q9H0L4;Q12996;Q05048
prerank,"CRL3 E3 ubiquitin ligase complex, KLHL38 variant ",-0.8065040650406504,-1.5169742073605872,0.04,0.04737341690917195,0.988,3/3,19.44%,Q2WGJ6;Q13618;P62877
prerank,"CRL3 E3 ubiquitin ligase complex, KLHL1 variant ",-0.8065040650406504,-1.5164006551270108,0.037815126050420166,0.047482004629964554,0.988,3/3,19.44%,Q9NR64;Q13618;P62877
prerank,"SMC5-SMC6 SUMO ligase complex, EID3 variant",0.6521031207598369,1.5152793936929574,0.02459893048128342,0.10391061444778227,1.0,8/8,34.93%,Q9BQI6;Q96SB8;Q96MG7;Q96MF7;Q8WV22;Q8IY18;Q8IX21;Q8N140
prerank,"CRL3 E3 ubiquitin ligase complex, KLHL36 variant ",-0.8065040650406504,-1.5147512551920026,0.02880658436213992,0.047942045199471255,0.989,3/3,19.44%,Q8N4N3;Q13618;P62877
prerank,"CRL3 E3 ubiquitin ligase complex, KLHL41 variant ",-0.8065040650406504,-1.514610542140374,0.046153846153846156,0.04786661769588775,0.989,3/3,19.44%,O60662;Q13618;P62877
prerank,CSL-NOTCH1-MAML transcriptional activation complex,0.853929539295393,1.513418686099585,0.007751937984496124,0.10503108377121598,1.0,3/3,14.68%,Q92585;Q06330;P46531
prerank,Myddosome core complex,0.7806993765248035,1.5130817479111967,0.024067388688327317,0.1044080278211592,1.0,4/4,22.01%,Q9NWZ3;Q99836;P51617;O43187
prerank,"CRL3 E3 ubiquitin ligase complex, KLHL20 variant ",-0.8065040650406504,-1.5120580354225208,0.03319502074688797,0.0487888530395017,0.99,3/3,19.44%,Q9Y2M5;Q13618;P62877
prerank,"CRL3 E3 ubiquitin ligase complex, KLHL42 variant ",-0.8065040650406504,-1.5117537122472886,0.03731343283582089,0.04883970941123413,0.99,3/3,19.44%,Q9P2K6;Q13618;P62877
prerank,"CRL3 E3 ubiquitin ligase complex, KLHL15 variant ",-0.8065040650406504,-1.5116035678078055,0.04435483870967742,0.04880982770799706,0.99,3/3,19.44%,Q96M94;Q13618;P62877
prerank,"Phosphatidylinositol 3-kinase complex, class III, UVRAG variant",-0.6740780911062907,-1.511549961056254,0.024793388429752067,0.048726504937729676,0.99,5/5,32.71%,Q9P2Y5;Q99570;Q8NEB9;Q14457;CHEBI:29035
prerank,"CRL3 E3 ubiquitin ligase complex, KLHL31 variant ",-0.8065040650406504,-1.5113307865963235,0.032388663967611336,0.048730397938050674,0.991,3/3,19.44%,Q9H511;Q13618;P62877
prerank,Mitochondrial RNase Z complex,-0.6323210412147505,-1.5112892055011375,0.015267175572519083,0.04864759431400793,0.991,5/5,36.88%,Q9BQ52;Q99714;Q7L0Y3;CHEBI:10668;CHEBI:29105
prerank,"CRL3 E3 ubiquitin ligase complex, KLHL21 variant ",-0.8065040650406504,-1.5108282463070042,0.024390243902439025,0.04874478843422671,0.991,3/3,19.44%,Q9UJP4;Q13618;P62877
prerank,"CRL3 E3 ubiquitin ligase complex, KEAP1 variant ",-0.8065040650406504,-1.5105859094977094,0.03070175438596491,0.048695500952316104,0.991,3/3,19.44%,Q14145;Q13618;P62877
prerank,MTERF4-NSUN4 mitochondiral ribosomal assembly complex,0.8552845528455284,1.5103500088459125,0.015894039735099338,0.10634209245604596,1.0,3/3,14.54%,Q7Z6M4;CHEBI:15414;Q96CB9
prerank,HBO1-4.2 histone acetyltransferase complex,-0.6323210412147505,-1.5091110552436289,0.02877697841726619,0.04913672727570537,0.991,5/5,36.88%,Q9NQC1;Q9UNL4;O95251;Q9HAF1;CHEBI:29105
prerank,"SMC5-SMC6 SUMO ligase complex, NSE4EA variant",0.6515603799185886,1.5059579570093784,0.025945945945945945,0.11060063102389996,1.0,8/8,34.99%,Q9BQI6;Q96SB8;Q96MG7;Q96MF7;Q8WV22;Q8IY18;Q8IX21;Q9NXX6
prerank,"CRL3 E3 ubiquitin ligase complex, KLHL13 variant ",-0.8065040650406504,-1.5057188728780804,0.047244094488188976,0.050276970012685794,0.991,3/3,19.44%,Q9P2N7;Q13618;P62877
prerank,Hydrogen:potassium-exchanging ATPase complex,0.8476964769647697,1.5044397294396123,0.011523687580025609,0.11135720328362364,1.0,3/3,15.30%,P51164;P20648;CHEBI:39128
prerank,"CRL3 E3 ubiquitin ligase complex, KLHL3 variant ",-0.8065040650406504,-1.5037957526409758,0.043137254901960784,0.050996771061875786,0.992,3/3,19.44%,Q9UH77;Q13618;P62877
prerank,"CRL4-DCAF13 E3 ubiquitin ligase complex, CUL4B variant ",-0.7107617240444565,-1.5034403669724763,0.02247191011235955,0.051009046290602614,0.992,4/4,29.03%,Q13620;Q16531;P62877;Q9NV06
prerank,"CRL3 E3 ubiquitin ligase complex, KLHL30 variant ",-0.8065040650406504,-1.5034181010838619,0.04721030042918455,0.050902998377316544,0.992,3/3,19.44%,Q0D2K2;Q13618;P62877
prerank,"CRL3 E3 ubiquitin ligase complex, KBTBD8 variant",-0.8065040650406504,-1.501924468415004,0.028112449799196786,0.05131539667335366,0.992,3/3,19.44%,Q8NFY9;Q13618;P62877
prerank,DNA polymerase alpha:primase complex,-0.6586225596529285,-1.501902687000726,0.026845637583892617,0.05122224054517114,0.992,5/5,34.25%,P49643;P09884;Q14181;P49642;CHEBI:49883
prerank,"CRL3 E3 ubiquitin ligase complex, KLHL9 variant ",-0.8065040650406504,-1.5013788881555206,0.02766798418972332,0.05131230781970162,0.992,3/3,19.44%,Q9P2J3;Q13618;P62877
prerank,"CRL3 E3 ubiquitin ligase complex, KLHL8 variant ",-0.8065040650406504,-1.4996399089066852,0.030042918454935622,0.0517538936674346,0.992,3/3,19.44%,Q9P2G9;Q13618;P62877
prerank,"CRL4-DCAF13 E3 ubiquitin ligase complex, CUL4A variant ",-0.7107617240444565,-1.4990950126192835,0.055248618784530384,0.05186850864947757,0.992,4/4,29.03%,Q13619;Q16531;P62877;Q9NV06
prerank,"CRL3 E3 ubiquitin ligase complex, KLHL26 variant ",-0.8065040650406504,-1.4990754865725437,0.032520325203252036,0.05177498191048725,0.992,3/3,19.44%,Q53HC5;Q13618;P62877
prerank,"CRL3 E3 ubiquitin ligase complex, KLHL5 variant ",-0.8065040650406504,-1.4986323423378747,0.03409090909090909,0.05181136689504188,0.992,3/3,19.44%,Q96PQ7;Q13618;P62877
prerank,"CRL3 E3 ubiquitin ligase complex, KLHL11 variant ",-0.8065040650406504,-1.49830979837453,0.03968253968253968,0.051821750359164,0.992,3/3,19.44%,Q9NVR0;Q13618;P62877
prerank,CST complex,0.8422764227642277,1.4972610714808774,0.016927083333333332,0.11904129163299797,1.0,3/3,15.84%,Q9H668;Q86WV5;Q2NKJ3
prerank,"CRL3 E3 ubiquitin ligase complex, KLHL14 variant ",-0.8065040650406504,-1.4965399720266062,0.024291497975708502,0.05229649046915301,0.992,3/3,19.44%,Q9P2G3;Q13618;P62877
prerank,SHOC2-NRAS-PPP1CA complex,-0.6740780911062907,-1.4964725145072353,0.032,0.05221572770551399,0.992,5/5,32.71%,P01111;P62136;Q9UQ13;CHEBI:37565;CHEBI:29035
prerank,"CRL3 E3 ubiquitin ligase complex, ENC1 variant ",-0.8065040650406504,-1.4961700308376842,0.04330708661417323,0.05220595468316327,0.992,3/3,19.44%,O14682;Q13618;P62877
prerank,"Exocyst, EXOC6B variant",0.6529172320217094,1.4955335319420784,0.02335456475583864,0.12014574860990368,1.0,8/8,34.85%,Q9NV70;Q96KP1;Q96A65;Q8IYI6;O60645;O00471;Q9UPT5;Q9Y2D4
prerank,"Exocyst, EXOC6 variant",0.6534599728629576,1.4948783990758945,0.022316684378320937,0.11987531463174876,1.0,8/8,34.80%,Q9NV70;Q96KP1;Q96A65;Q8IYI6;O60645;O00471;Q9UPT5;Q8TAG9
prerank,"CRL3 E3 ubiquitin ligase complex, KLHL23 variant ",-0.8065040650406504,-1.4942301268678824,0.02092050209205021,0.05284370575307434,0.992,3/3,19.44%,Q8NBE8;Q13618;P62877
prerank,CCAAT-binding factor complex,0.8430894308943089,1.4939738240137115,0.021739130434782608,0.12000950231407198,1.0,3/3,15.76%,Q13952;P25208;P23511
prerank,"CRL3 E3 ubiquitin ligase complex, KLHL2 variant ",-0.8065040650406504,-1.493967045542136,0.04330708661417323,0.05284549660675264,0.992,3/3,19.44%,O95198;Q13618;P62877
prerank,"Actin-related protein 2/3 complex, ARPC1A-ACTR3-ARPC5 variant",0.6578947368421051,1.490970701481805,0.030837004405286344,0.12280333237472435,1.0,7/7,34.34%,O15145;O15144;P61160;P59998;O15511;Q92747;P61158
prerank,"CRL3 E3 ubiquitin ligase complex, KLHL6 variant ",-0.8065040650406504,-1.4905928800518542,0.05042016806722689,0.05388800834796639,0.993,3/3,19.44%,Q8WZ60;Q13618;P62877
prerank,"CRL3 E3 ubiquitin ligase complex, KBTBD3 variant",-0.8065040650406504,-1.4895652545459355,0.036585365853658534,0.05414256503011577,0.993,3/3,19.44%,Q8NAB2;Q13618;P62877
prerank,Ribonuclease MRP complex,-0.48072747014115097,-1.4893135563556945,0.06521739130434782,0.05410357682519919,0.993,9/9,52.07%,Q99575;P78345;Q9BUL9;O95707;Q969H6;O75817;O75818;P78346;URS000075C8FA_9606
prerank,"CRL3 E3 ubiquitin ligase complex, KBTBD2 variant",-0.8065040650406504,-1.4890770794685475,0.05928853754940711,0.05406474519941882,0.993,3/3,19.44%,Q8IY47;Q13618;P62877
prerank,NuRF chromatin remodeling complex,-0.7199783139062076,-1.488779361720475,0.047337278106508875,0.054019735557347785,0.993,4/4,28.11%,Q12830;P28370;Q16576;Q09028
prerank,"CRL3 E3 ubiquitin ligase complex, KLHL7 variant ",-0.8065040650406504,-1.4879540400296514,0.05405405405405406,0.05423406641105404,0.993,3/3,19.44%,Q8IXQ5;Q13618;P62877
prerank,"Actin-related protein 2/3 complex, ARPC1B-ACTR3-ARPC5 variant",0.6578947368421051,1.4876806667994915,0.02918918918918919,0.12580496463616594,1.0,7/7,34.34%,O15145;O15144;P61160;P59998;O15143;O15511;P61158
prerank,"TRAPP III complex, TRAPPC2 variant",0.602226445832202,1.487458467791693,0.027083333333333334,0.12493564098724229,1.0,10/10,39.94%,Q9Y296;Q9UL33;Q8IUR0;O43617;Q9Y5R8;P0DI81;Q8WVT3;Q9Y2L5;O75865;Q7Z392
prerank,PSAP splicing-associated complex,-0.7880758807588076,-1.4871982043610255,0.029914529914529916,0.05440338306242178,0.993,3/3,21.28%,O00422;Q15287;Q9H307
prerank,"CRL3 E3 ubiquitin ligase complex, KLHL4 variant ",-0.8065040650406504,-1.4860265567326587,0.032,0.05466646219866249,0.993,3/3,19.44%,Q9C0H6;Q13618;P62877
prerank,"CRL3 E3 ubiquitin ligase complex, KLHL10 variant ",-0.8065040650406504,-1.4858527970364397,0.043137254901960784,0.05465831395192472,0.993,3/3,19.44%,Q6JEL2;Q13618;P62877
prerank,"CRL3 E3 ubiquitin ligase complex, KLHL16 variant ",-0.8065040650406504,-1.4856046065259123,0.046511627906976744,0.05463138557890059,0.993,3/3,19.44%,Q9H2C0;Q13618;P62877
prerank,"Actin-related protein 2/3 complex, ARPC1A-ACTR3-ARPC5L variant",0.6578947368421051,1.4856020555466478,0.024070021881838075,0.12633301046244308,1.0,7/7,34.34%,O15145;O15144;P61160;P59998;Q9BPX5;Q92747;P61158
prerank,"TRAPP III complex, TRAPPC2B variant",0.6022264458322019,1.4850748760137966,0.027083333333333334,0.1258371151510231,1.0,10/10,39.94%,Q9Y296;Q9UL33;Q8IUR0;O43617;Q9Y5R8;P0DI82;Q8WVT3;Q9Y2L5;O75865;Q7Z392
prerank,"CRL3 E3 ubiquitin ligase complex, KBTBD4 variant",-0.8065040650406504,-1.48491665034381,0.04132231404958678,0.05476102392124476,0.993,3/3,19.44%,Q9NVX7;Q13618;P62877
prerank,Methylcrotonyl-CoA carboxylase complex,-0.7886178861788617,-1.4824116690506326,0.056768558951965066,0.055533491397021455,0.994,3/3,21.23%,Q96RQ3;Q9HCC0;CHEBI:57586
prerank,"Actin-related protein 2/3 complex, ARPC1B-ACTR3-ARPC5L variant",0.6578947368421051,1.4822036957150875,0.031487513572204126,0.12832209324433122,1.0,7/7,34.34%,O15145;O15144;P61160;P59998;O15143;Q9BPX5;P61158
prerank,"Muscle-type nicotinic acetylcholine receptor complex, alpha1-beta1-delta-epsilon",0.7677875904181706,1.4817995089404186,0.02937576499388005,0.12781781732653272,1.0,3/4,2.25%,Q07001;P11230-PRO_0000000315;P02708-PRO_0000000305
prerank,"Actin-related protein 2/3 complex, ARPC1B-ACTR3B-ARPC5L variant",0.6576234400434073,1.4810265518194499,0.02954048140043764,0.1276041926658062,1.0,7/7,34.36%,O15145;O15144;P61160;P59998;Q9BPX5;Q92747;Q9P1U1
prerank,"Calcineurin-Calmodulin complex, beta-R1 variant",-0.6323210412147505,-1.4799407053786666,0.04477611940298507,0.05650862425072354,0.995,5/5,36.88%,P16298;P63098;CHEBI:29034;CHEBI:29108;CHEBI:29105
prerank,"CRL3 E3 ubiquitin ligase complex, KLHL40 variant ",-0.8065040650406504,-1.4791851989325417,0.060085836909871244,0.056658687435240024,0.995,3/3,19.44%,Q2TBA0;Q13618;P62877
prerank,"CRL3 E3 ubiquitin ligase complex, KLHL24 variant ",-0.8065040650406504,-1.4782917228453483,0.03361344537815126,0.05694476383783924,0.995,3/3,19.44%,Q6TFL4;Q13618;P62877
prerank,"Calcineurin-Calmodulin complex, beta-R2 variant",-0.6323210412147505,-1.4775824404452311,0.022388059701492536,0.05706239813439664,0.995,5/5,36.88%,P16298;Q96LZ3;CHEBI:29034;CHEBI:29108;CHEBI:29105
prerank,"PtdIns(3,5)P2 regulatory complex",0.8281842818428184,1.4770648611950679,0.023166023166023165,0.1316117868358068,1.0,3/3,17.25%,Q9Y2I7;Q92562;Q08AM6
prerank,"Muscle-type nicotinic acetylcholine receptor complex, alpha1-beta1-delta-gamma",0.7677875904181706,1.4754981821112194,0.0322180916976456,0.13264102897730864,1.0,3/4,2.25%,Q07001;P11230-PRO_0000000315;P02708-PRO_0000000305
prerank,"Actin-related protein 2/3 complex, ARPC1A-ACTR3B-ARPC5 variant",0.6576234400434073,1.474990706642897,0.03314917127071823,0.13222071655498235,1.0,7/7,34.36%,O15145;O15144;P61160;P59998;O15511;Q92747;Q9P1U1
prerank,"CRL3 E3 ubiquitin ligase complex, SPOPL variant",-0.8065040650406504,-1.4743473042315465,0.04065040650406504,0.058286672443740424,0.996,3/3,19.44%,Q6IQ16;Q13618;P62877
prerank,"Calcineurin-Calmodulin complex, alpha-R1 variant",-0.6323210412147505,-1.4738331509640419,0.05970149253731343,0.05838888063881303,0.997,5/5,36.88%,Q08209;P63098;CHEBI:29034;CHEBI:29108;CHEBI:29105
prerank,"TREX-2 transcription-export complex, CETN3 variant",-0.637472885032538,-1.4709071949947867,0.031746031746031744,0.0594764192910113,0.998,5/5,36.37%,O15182;O60318;Q5JVF3;P60896;Q9NPA8
prerank,"Signal peptidase complex, SEC11C variant",0.7618239146252728,1.4700890071332258,0.03110047846889952,0.13754316384328952,1.0,3/4,2.84%,Q9Y6A9;Q15005;P61009
prerank,"Actin-related protein 2/3 complex, ARPC1B-ACTR3B-ARPC5 variant",0.6576234400434073,1.468762852155001,0.03344120819848975,0.13818796397321526,1.0,7/7,34.36%,O15145;O15144;P61160;P59998;O15143;O15511;Q9P1U1
prerank,"TRAPP II complex, TRAPPC2 variant",0.6033125169698613,1.4678263779769787,0.018848167539267015,0.13834414501359285,1.0,10/10,39.83%,Q9Y296;Q9UL33;Q8IUR0;O43617;Q9Y5R8;P0DI81;A5PLN9;Q96Q05;Q86SZ2;P48553
prerank,"TRAPP II complex, TRAPPC2B variant",0.6033125169698613,1.4670393896206195,0.021052631578947368,0.1382628179115118,1.0,10/10,39.83%,Q9Y296;Q9UL33;Q8IUR0;O43617;Q9Y5R8;P0DI82;A5PLN9;Q96Q05;Q86SZ2;P48553
prerank,HBO1-4.3 histone acetyltransferase complex,-0.6323210412147505,-1.4669569998900251,0.055944055944055944,0.06101473894099132,0.998,5/5,36.88%,Q92613;Q9UNL4;O95251;Q9HAF1;CHEBI:29105
prerank,Complement component C1q complex,0.8262872628726287,1.4663953614635519,0.01953125,0.13806615540473086,1.0,3/3,17.44%,P02747;P02746;P02745
prerank,HBO1-5.1 histone acetyltransferase complex,-0.6323210412147505,-1.465913616798706,0.061068702290076333,0.06129516094254055,0.998,5/5,36.88%,Q6IE81;O95251;Q8WYH8;Q9HAF1;CHEBI:29105
prerank,Chromosomal passenger complex,-0.6323210412147505,-1.4605345565956294,0.036036036036036036,0.06344874211164742,0.998,5/5,36.88%,O15392;Q9NQS7;Q96GD4;Q53HL2;CHEBI:29105
prerank,Oligosaccharyltransferase complex A,0.6093919652551575,1.4586617688897023,0.026595744680851064,0.1467415618782146,1.0,9/9,39.21%,P0C6T2;P04844;P04843;P61165;P39656;P61803;P46977;Q9NRP0;Q8N6L1
prerank,"Calcineurin-Calmodulin complex, gamma-R1 variant",-0.6323210412147505,-1.455476887126894,0.08,0.06547172941237875,1.0,5/5,36.88%,P48454;P63098;CHEBI:29034;CHEBI:29108;CHEBI:29105
prerank,Retention and splicing complex,-0.7883468834688346,-1.4554025994661919,0.055793991416309016,0.06536974146664518,1.0,3/3,21.26%,Q9BRD0;Q9Y388;Q8TAD8
prerank,"Little elongation complex, ELL3 variant",0.7429051025497755,1.455222686500891,0.03218116805721097,0.1502847540040275,1.0,3/4,6.55%,Q9Y2F5;Q8N5P1;Q659A1
prerank,RNA polymerase I selectivity factor 1 complex,-0.6350325379609545,-1.454532030401737,0.04195804195804196,0.06553608817339285,1.0,5/5,36.61%,Q9H5J8;Q15572;Q53T94;Q15573;P20226
prerank,"Signal peptidase complex, SEC11A variant",0.7618239146252728,1.4537400776767777,0.03717026378896882,0.15117523958493412,1.0,3/4,2.84%,Q9Y6A9;Q15005;P61009
prerank,"Little elongation complex, ELL2 variant",0.7429051025497755,1.4526837349031714,0.0378698224852071,0.15140423986133505,1.0,3/4,6.55%,Q9Y2F5;Q8N5P1;Q659A1
prerank,SMARCA3 - Annexin A2 - S100-A10 complex,-0.7617886178861789,-1.4520488783883334,0.036885245901639344,0.06648584055837818,1.0,3/3,23.91%,Q14527;P60903;P07355
prerank,"Septin complex, hexamer variant, SEPT2-SEPT6-SEPT-7",0.8149051490514905,1.4518738728062939,0.03805774278215223,0.15137945413348314,1.0,3/3,18.58%,Q16181;Q15019;Q14141
prerank,GPR88-Gi1 signaling complex,0.7465437788018434,1.451020127155462,0.03345280764635603,0.15121794914778525,1.0,4/4,25.43%,P63211;P63096;P62873;Q9GZN0
prerank,Mitochondrial glutamyl-tRNA(Gln) amidotransferase complex,0.8067750677506775,1.4455884878697958,0.03234152652005175,0.15747556311990202,1.0,3/3,19.39%,Q9H0R6;O75879;O43716
prerank,HBO1-4.1 histone acetyltransferase complex,-0.6323210412147505,-1.4450249119642915,0.04065040650406504,0.06950052334262223,1.0,5/5,36.88%,Q6IE81;Q9UNL4;O95251;Q9HAF1;CHEBI:29105
prerank,C-to-U editosome complex,-0.6323210412147505,-1.444354582774542,0.0743801652892562,0.06964589148853194,1.0,5/5,36.88%,Q99729;O60506-1;P41238;Q9NQ94;CHEBI:29105
prerank,"Short transient receptor potential channel complex,TRPC1-TRPC4-TRPC5 variant",0.8075880758807588,1.4442197492474875,0.03162055335968379,0.15831842599479087,1.0,3/3,19.31%,Q9UBN4;P48995;Q9UL62
prerank,Checkpoint clamp complex,0.8059620596205961,1.4416391895953535,0.04353393085787452,0.16083345526631543,1.0,3/3,19.47%,Q99638;O60921;O60671
prerank,GATOR1 complex,0.816531165311653,1.4384952643490339,0.02894736842105263,0.1641273678530594,1.0,3/3,18.41%,Q8WTW4;Q12980;O75140
prerank,BRISC complex,-0.6323210412147505,-1.4360191075592583,0.029411764705882353,0.07335607867509317,1.0,5/5,36.88%,Q15018;Q9NWV8;Q9NXR7;P46736;CHEBI:29105
prerank,Histone pre-RNA core cleavage complex,-0.6323210412147505,-1.4353232211444567,0.038461538461538464,0.07355988028581636,1.0,5/5,36.88%,P33240;Q9UKF6;Q92797;Q9P2I0;CHEBI:29105
prerank,MRN double-strand break repair complex,-0.6323210412147505,-1.4319750448259763,0.056,0.07509332272299792,1.0,5/5,36.88%,O60934;P49959;Q92878;CHEBI:29035;CHEBI:29105
prerank,Cyclin-dependent protein kinase-activating kinase complex,-0.7639566395663957,-1.4316646125070447,0.056910569105691054,0.07510678185830691,1.0,3/3,23.69%,P51946;P51948;P50613
prerank,"CoREST transcriptional corepressor complex, RCOR1-HDAC2 variant",-0.6714556790458118,-1.4314906303994117,0.06153846153846154,0.07503023279820875,1.0,4/4,32.95%,Q9UKL0;O60341;Q92769;CHEBI:57692
prerank,HBO1-5.2 histone acetyltransferase complex,-0.6323210412147505,-1.4285310388374226,0.046153846153846156,0.0762828175044228,1.0,5/5,36.88%,Q9NQC1;O95251;Q8WYH8;Q9HAF1;CHEBI:29105
prerank,"Ribonucleoside-diphosphate reductase RR1 complex, RRM2B variant",-0.6660341555977229,-1.42737411022882,0.03932584269662921,0.0766583942654957,1.0,4/4,33.50%,Q7LG56;P23921;CHEBI:29034;CHEBI:18420
prerank,"Little elongation complex, ELL variant",0.7429051025497755,1.4273124501779175,0.03990326481257558,0.1797471720332482,1.0,3/4,6.55%,Q9Y2F5;Q8N5P1;Q659A1
prerank,"TREX-2 transcription-export complex, CETN2 variant",-0.637472885032538,-1.4271881375329656,0.05737704918032787,0.07661513010173092,1.0,5/5,36.37%,O60318;Q5JVF3;P41208;P60896;Q9NPA8
prerank,"Ribonucleoside-diphosphate reductase RR1 complex, RRM2 variant",-0.6660341555977229,-1.4258466206838694,0.05421686746987952,0.07717317734995838,1.0,4/4,33.50%,P31350;P23921;CHEBI:29034;CHEBI:18420
prerank,CPAP-STIL complex,0.808130081300813,1.4253123645344448,0.027777777777777776,0.18153449001276484,1.0,3/3,19.25%,Q9HC77;Q6UVJ0;Q15468
prerank,"CoREST transcriptional corepressor complex, RCOR2-HDAC1 variant",-0.6714556790458118,-1.4227846969274838,0.07784431137724551,0.07862618400791098,1.0,4/4,32.95%,Q8IZ40;O60341;Q13547;CHEBI:57692
prerank,HBO1-5.3 histone acetyltransferase complex,-0.6323210412147505,-1.4217244904658726,0.06923076923076923,0.07897082709718242,1.0,5/5,36.88%,Q92613;O95251;Q8WYH8;Q9HAF1;CHEBI:29105
prerank,"CoREST transcriptional corepressor complex, RCOR3-HDAC1 variant",-0.6714556790458118,-1.4203457919480629,0.05847953216374269,0.07963377984258446,1.0,4/4,32.95%,Q9P2K3;O60341;Q13547;CHEBI:57692
prerank,ISCA2-IBA57 mitochondrial iron-sulfur protein assembly complex,-0.7582655826558266,-1.4188833700834464,0.049107142857142856,0.08012884526060791,1.0,3/3,24.26%,Q5T440;CHEBI:49601;Q86U28
prerank,Glycoprotein Ib-IX-V complex,0.7359040390349688,1.4174129761220382,0.05149700598802395,0.19268499969831518,1.0,3/4,1.49%,P40197;P14770;P13224
prerank,C9orf72-SMCR8 complex,0.7937669376693766,1.416397937626069,0.037037037037037035,0.19298960583488237,1.0,3/3,20.69%,Q9HAD4;Q96LT7-1;Q8TEV9
prerank,Interferon gamma receptor-ligand complex,0.7956639566395663,1.416000816508505,0.040735873850197106,0.19219401710897763,1.0,3/3,20.50%,P38484;P15260;CPX-6024
prerank,Telomerase holoenzyme complex,-0.553174172544764,-1.4150845377993326,0.07291666666666667,0.08190748796619521,1.0,7/7,44.81%,URS00004A7003_9606;Q9NPE3;Q9BUR4;Q9NX24;O60832;Q9NY12;O14746
prerank,SPATA5-SPATA5L1 ATPase complex,0.7316345893195988,1.4144954417227646,0.04332129963898917,0.1932672034077592,1.0,4/4,26.92%,Q9NX04;Q9BW66;Q9BVQ7;Q8NB90
prerank,SNAPc snRNA activating protein complex ,0.6822125813449024,1.4127876489564035,0.05808656036446469,0.19457896578527584,1.0,5/5,31.87%,O75971;Q92966;Q5SXM2;Q16533;Q13487
prerank,AP-4 Adaptor complex,0.7327188940092166,1.4118288762770996,0.05162064825930372,0.19469318141744077,1.0,4/4,26.81%,Q9UPM8;O00189;Q9Y6B7;Q9Y587
prerank,Caspase-2 PIDDosome,0.7934959349593496,1.410518343251581,0.03590425531914894,0.19553611117053774,1.0,3/3,20.71%,P78560;P42575;Q9HB75
prerank,Interleukin-37 receptor-ligand complex,0.7921409214092141,1.409006009663143,0.0461133069828722,0.19682146847444326,1.0,3/3,20.85%,Q9NZH6-1;Q6IA17-PRO_0000099065;Q13478-PRO_0000015448
prerank,MSL histone acetyltransferase complex,-0.6719978313906207,-1.4087465017659209,0.04838709677419355,0.08492133889877489,1.0,4/4,32.90%,Q9HCI7;Q68DK7;Q8N5Y2;Q9H7Z6
prerank,"XPC complex, RAD23A variant",-0.7471544715447155,-1.4057412995035479,0.06584362139917696,0.08642010803340264,1.0,3/3,25.37%,P54725;Q01831;P41208
prerank,"CoREST transcriptional corepressor complex, RCOR2-HDAC2 variant",-0.6714556790458118,-1.4027779869685837,0.0797872340425532,0.08767290728514776,1.0,4/4,32.95%,Q8IZ40;O60341;Q92769;CHEBI:57692
prerank,"ERF1-ERF3 translation release factor complex, GSPT2 variant",-0.7417344173441734,-1.402745539874286,0.05371900826446281,0.08751055004943453,1.0,3/3,25.91%,Q8IYD1;P62495;CHEBI:37565
prerank,AP-5 Adaptor complex,0.7253998373542966,1.4026619600123822,0.05269607843137255,0.20601854942832964,1.0,4/4,27.54%,Q9H0R1;Q2VPB7;O43299;Q9NUS5
prerank,"Methyltransferase complex, METTL3-METTL14",-0.7542005420054201,-1.4012929064174298,0.06451612903225806,0.08814913977788633,1.0,3/3,24.67%,Q9HCE5;Q86U44;CHEBI:67040
prerank,Mitochondrial electron transfer flavoprotein complex,-0.6714556790458118,-1.3996919079034977,0.07006369426751592,0.08878537308667596,1.0,4/4,32.95%,CHEBI:456215;P13804;P38117;CHEBI:57692
prerank,TIM22 mitochondrial inner membrane twin-pore carrier translocase complex,0.6436126932465418,1.3988209106969611,0.04640883977900553,0.21132716247471398,1.0,6/6,35.74%,P62072;Q9Y5J7;Q53H12;Q9Y584;Q9BSF4;Q6PF06
prerank,GTPase HRAS - Son of sevenless homolog 1 complex,-0.7626016260162601,-1.3971215618599941,0.06854838709677419,0.09007697156192958,1.0,3/3,23.83%,Q07889;CHEBI:15996;P01112
prerank,"CoREST transcriptional corepressor complex, RCOR3-HDAC2 variant",-0.6714556790458118,-1.395374380019637,0.061452513966480445,0.09067827331685044,1.0,4/4,32.95%,Q9P2K3;O60341;Q92769;CHEBI:57692
prerank,"CoREST transcriptional corepressor complex, RCOR1-HDAC1 variant",-0.6714556790458118,-1.392635524397862,0.08641975308641975,0.09195585969933107,1.0,4/4,32.95%,Q9UKL0;O60341;Q13547;CHEBI:57692
prerank,CMG helicase complex,0.7840108401084009,1.3912931583570962,0.04161248374512354,0.22246954709229402,1.0,3/3,21.66%,O75419;CPX-787;CPX-2940
prerank,Pyruvate dehydrogenase E1 heterotetramer,-0.6660341555977229,-1.3892389112903218,0.08,0.09357607324311369,1.0,4/4,33.50%,P08559;P11177;CHEBI:58937;CHEBI:18420
prerank,Calprotectin heterodimer,-0.6323210412147505,-1.3887152002382013,0.07352941176470588,0.0934825496461784,1.0,5/5,36.88%,P06702;P05109;CHEBI:29035;CHEBI:29108;CHEBI:29105
prerank,Calprotectin heterotetramer,-0.6323210412147505,-1.3887152002382013,0.07352941176470588,0.0934825496461784,1.0,5/5,36.88%,P06702;P05109;CHEBI:29035;CHEBI:29108;CHEBI:29105
prerank,Hemoglobin HbF Variant 1 complex,-0.7355013550135502,-1.3881269346983471,0.07630522088353414,0.09362313997934069,1.0,3/3,26.54%,P69891;P69905;CHEBI:30413
prerank,"XPC complex, RAD23B variant",-0.7471544715447155,-1.387710525206838,0.06046511627906977,0.09368851650411371,1.0,3/3,25.37%,P54727;Q01831;P41208
prerank,Catalase complex,-0.7355013550135502,-1.3875789240315903,0.084070796460177,0.09359304989330362,1.0,3/3,26.54%,P04040;CHEBI:16474;CHEBI:30413
prerank,Coagulation factor VIIa - tissue factor complex,-0.6568175657359717,-1.3869920998093055,0.0783132530120482,0.09373840149844777,1.0,4/4,34.42%,P08709-PRO_0000027730;P08709-PRO_0000027731;P13726-PRO_0000033638;CHEBI:29108
prerank,Glycosylphosphatidylinositol-N-acetylglucosaminyltransferase complex,0.6125881714595769,1.3858941726038654,0.07127429805615551,0.2308593865823234,1.0,7/7,38.86%,O94777;P37287;Q9BRB3;P57054;Q92535;Q14442;Q3MUY2
prerank,Microprocessor complex,-0.7355013550135502,-1.3847023215443632,0.09163346613545817,0.09476336481679574,1.0,3/3,26.54%,Q8WYQ5;Q9NRR4;CHEBI:30413
prerank,MORF1 histone acetyltransferase complex,-0.6329628625643805,-1.3828308056750012,0.09937888198757763,0.0956762355342989,1.0,4/4,36.80%,P55201;Q8WYB5;Q8WYH8;Q9HAF1
prerank,AHNAK - Annexin A2 - S100-A10 complex,-0.6568175657359717,-1.3822535679965227,0.041666666666666664,0.09582274255011722,1.0,4/4,34.42%,Q09666;P60903;P07355;CHEBI:29108
prerank,"Dystrophin glycoprotein complex, retinal outer plexiform layer variant",0.5559478544269418,1.3822020260246792,0.04612159329140461,0.23608915239810585,1.0,11/11,44.57%,Q14118-PRO_0000021066;Q14118-PRO_0000021065;Q13424;Q13884;Q92629;Q13326;Q16585;Q16586;Q14714;O60941;P11532-2
prerank,"Dystrophin glycoprotein complex, retinal inner limiting membrane variant",0.555404671374253,1.379991337938024,0.0429769392033543,0.23877209940363783,1.0,11/11,44.62%,Q14118-PRO_0000021066;Q14118-PRO_0000021065;Q13424;Q13884;Q92629;Q13326;Q16585;Q16586;Q14714;Q9Y4J8-2;P11532-7
prerank,Hemoglobin HbF Variant 2 complex,-0.7355013550135502,-1.379929834076233,0.07916666666666666,0.09685547969784485,1.0,3/3,26.54%,P69892;P69905;CHEBI:30413
prerank,Kinetochore MIS12 complex,0.7020872865275143,1.3794921950390657,0.0783132530120482,0.2381501318465487,1.0,4/4,29.87%,Q9H410;Q9H081;Q96IY1;Q6P1K2
prerank,CHRAC chromatin remodeling complex,-0.6657630794253184,-1.378276880888678,0.08108108108108109,0.09773698111452941,1.0,4/4,33.52%,Q9NRG0;Q9NRL2;Q9NRF9;O60264
prerank,UFM1 ribosome E3 ligase complex,0.7685636856368563,1.3781649486049254,0.04974489795918367,0.23923256208571655,1.0,3/3,23.21%,Q96HY6;O94874;Q96JB5
prerank,"Platelet-activating factor acetylhydrolase IB complex, alpha1-alpha2 variant",0.7777777777777777,1.3749640841362123,0.07161803713527852,0.24379675955885263,1.0,3/3,22.29%,P68402;Q15102;P43034
prerank,"Calcineurin-Calmodulin complex, alpha-R2 variant",-0.6323210412147505,-1.3741565598751921,0.05737704918032787,0.09997467501958322,1.0,5/5,36.88%,Q08209;Q96LZ3;CHEBI:29034;CHEBI:29108;CHEBI:29105
prerank,"Dystrophin glycoprotein complex, skeletal muscle variant",0.5551330798479087,1.3739593928782898,0.05329153605015674,0.24412489029021336,1.0,11/11,44.65%,Q14118-PRO_0000021066;Q14118-PRO_0000021065;Q13424;Q13884;Q92629;Q13326;Q16585;Q16586;Q14714;P11532-1;Q9Y4J8-3
prerank,"Sodium:potassium-exchanging ATPase complex, FXYD3 variant",0.7734417345469737,1.372918788336173,0.05570291777188329,0.24447416671678684,1.0,2/3,0.49%,P05026;P05023
prerank,"Dystrophin glycoprotein complex, neuromuscular junction variant",0.5548614883215642,1.3720156691120766,0.04493207941483804,0.24460739219419664,1.0,11/11,44.68%,Q14118-PRO_0000021066;Q14118-PRO_0000021065;Q13424;Q13884;Q92629;Q13326;Q16585;Q16586;Q14714;Q9Y4J8-2;P46939
prerank,Hemoglobin HbA2 complex,-0.7355013550135502,-1.3706982706411324,0.09745762711864407,0.10181424829660246,1.0,3/3,26.54%,P02042;P69905;CHEBI:30413
prerank,Hemoglobin E complex,-0.7355013550135502,-1.370341331253464,0.09349593495934959,0.10180739302249874,1.0,3/3,26.54%,P02100;P69905;CHEBI:30413
prerank,"Calcineurin-Calmodulin complex, gamma-R2 variant",-0.6323210412147505,-1.3692917847025496,0.07017543859649122,0.10227379114325849,1.0,5/5,36.88%,P48454;Q96LZ3;CHEBI:29034;CHEBI:29108;CHEBI:29105
prerank,TSC1-TSC2 complex,0.7715447154471544,1.3690733146233312,0.052083333333333336,0.24876095529455391,1.0,3/3,22.91%,Q9P0N9;Q92574;P49815
prerank,BRCA1-B complex,-0.6584440227703984,-1.3690717060537392,0.08717948717948718,0.10221552968993089,1.0,4/4,34.25%,Q92547;Q9BX63;CPX-715;CHEBI:49883
prerank,"Sodium:potassium-exchanging ATPase complex, FXYD1 variant",0.7734417345469737,1.3666352765335583,0.06338939197930142,0.25173637935620125,1.0,2/3,0.49%,P05026;P05023
prerank,MORF2 histone acetyltransferase complex,-0.6329628625643805,-1.3631987381488073,0.09941520467836257,0.10534042324496112,1.0,4/4,36.80%,O95696;Q8WYB5;Q8WYH8;Q9HAF1
prerank,CIAO1-CIAO2A-CIAO3 cytosolic iron-sulfur protein assembly complex,-0.6584440227703984,-1.3621498775124707,0.06842105263157895,0.10577005772833128,1.0,4/4,34.25%,Q9H5X1;Q9H6Q4;O76071;CHEBI:49883
prerank,"Sodium:potassium-exchanging ATPase complex, FXYD4 variant",0.7734417345469737,1.3616377491119758,0.05897771952817824,0.2598312786092617,1.0,2/3,0.49%,P05026;P05023
prerank,Mitochondrial propionyl-CoA carboxylase complex,-0.6660341555977229,-1.3610742762670713,0.08808290155440414,0.10625970311120557,1.0,4/4,33.50%,P05165;P05166;CHEBI:57586;CHEBI:18420
prerank,"Sodium:potassium-exchanging ATPase complex, FXYD2 variant",0.7734417345469737,1.3602755351278912,0.05804749340369393,0.2609597298078109,1.0,2/3,0.49%,P05026;P05023
prerank,TTT complex,0.7745257452574525,1.359829975708621,0.058900523560209424,0.26041842380331565,1.0,3/3,22.61%,Q9Y4R8;Q6NXR4;O43156
prerank,"Soluble guanylate cyclase complex, SGCalpha2-SGCbeta1 variant",-0.7355013550135502,-1.3598123391559818,0.07851239669421488,0.10693188734707275,1.0,3/3,26.54%,P33402;Q02153;CHEBI:30413
prerank,"Soluble guanylate cyclase complex, SGCalpha1-SGCbeta1 variant",-0.7355013550135502,-1.359107409738448,0.08171206225680934,0.1071613496331358,1.0,3/3,26.54%,Q02108;Q02153;CHEBI:30413
prerank,Hemoglobin HbA complex,-0.7355013550135502,-1.3588691498887475,0.1037344398340249,0.10708953451228967,1.0,3/3,26.54%,P68871;P69905;CHEBI:30413
prerank,"Sodium:potassium-exchanging ATPase complex, FXYD5 variant",0.7734417345469737,1.3575029427238976,0.06901041666666667,0.26326921617969645,1.0,2/3,0.49%,P05026;P05023
prerank,Hemoglobin Portland-1 Variant 1 complex,-0.7355013550135502,-1.3566504812691385,0.0916030534351145,0.10828994542729337,1.0,3/3,26.54%,P69891;P02008;CHEBI:30413
prerank,"Sodium:potassium-exchanging ATPase complex, FXYD6 variant",0.7734417345469737,1.356445720946442,0.0782051282051282,0.26376212340097416,1.0,2/3,0.49%,P05026;P05023
prerank,"ERF1-ERF3 translation release factor complex, GSPT1 variant",-0.7417344173441734,-1.3557997533310417,0.09387755102040816,0.10863225668888998,1.0,3/3,25.91%,P15170;P62495;CHEBI:37565
prerank,"DNA replication factor C complex, CHTF18 variant",0.5930656538252849,1.3553385897980272,0.06601731601731602,0.26437217575061744,1.0,4/7,4.79%,P35249;P40938;P40937;P35250
prerank,MORF3 histone acetyltransferase complex,-0.6329628625643805,-1.3549571141128565,0.11834319526627218,0.10892908884441309,1.0,4/4,36.80%,Q9ULD4;Q8WYB5;Q8WYH8;Q9HAF1
prerank,CPLANE complex,0.7601626016260161,1.3502144596602994,0.06985769728331177,0.27295071995718245,1.0,3/3,24.05%,Q9ULD6;Q9BT04;O95876
prerank,Collagen type IX trimer,0.7504065040650405,1.3495781687775807,0.08076923076923077,0.2725439019284842,1.0,3/3,25.02%,Q14055;Q14050;P20849
prerank,SAM mitochondrial sorting and assembly machinery complex,0.7653116531165312,1.3490338593723754,0.05736636245110821,0.27200420164860667,1.0,3/3,23.53%,Q9Y512;Q13505;O75431
prerank,Hemoglobin Portland-1 Variant 2 complex,-0.7355013550135502,-1.3489463106630182,0.09881422924901186,0.11219198967313523,1.0,3/3,26.54%,P69892;P02008;CHEBI:30413
prerank,"MiDAC histone deacetylase complex, HDAC1 variant",-0.7086720867208672,-1.348444776502512,0.12,0.1122664612018894,1.0,3/3,29.22%,Q6PJG2;Q9H147;Q13547
prerank,"MiDAC histone deacetylase complex, HDAC2 variant",-0.7089430894308943,-1.348298147934652,0.07456140350877193,0.11213694806489513,1.0,3/3,29.19%,Q6PJG2;Q9H147;Q92769
prerank,"Sodium:potassium-exchanging ATPase complex, FXYD7 variant",0.7734417345469737,1.3482700599224804,0.06241872561768531,0.27194137347100183,1.0,2/3,0.49%,P05026;P05023
prerank,"Oligosaccharyltransferase complex B, MAGT1 variant",0.5791044776119402,1.3479244597252587,0.07608695652173914,0.27100324790782976,1.0,8/8,42.22%,P0C6T2;P04844;P04843;P61165;P39656;P61803;Q8TCJ2;Q9H0U3
prerank,Chromatin assembly factor 1 complex,-0.7197831978319783,-1.3453408492191528,0.08835341365461848,0.11363485243560668,1.0,3/3,28.11%,Q13112;Q13111;Q09028
prerank,"Oligosaccharyltransferase complex B, TUCS3 variant",0.5793758480325644,1.343221892111044,0.07600434310532031,0.2790497325270003,1.0,8/8,42.19%,P0C6T2;P04844;P04843;P61165;P39656;P61803;Q8TCJ2;Q13454
prerank,Hemoglobin Portland-2 complex,-0.7355013550135502,-1.343171677415583,0.10236220472440945,0.11479285072132195,1.0,3/3,26.54%,P68871;P02008;CHEBI:30413
prerank,"Dynein-2 complex, light-chain variant 8",-0.45535956580732706,-1.3326331672623026,0.08928571428571429,0.12107921348025816,1.0,8/8,54.59%,P63167;Q8TCX1;Q8NCM8;Q96EX3;Q8WVS4;Q8WW35;P51808;Q8TF09
prerank,Embryonic hemoglobin Gower-1 complex,-0.7355013550135502,-1.3317650848708347,0.10687022900763359,0.12144933992465794,1.0,3/3,26.54%,P02100;P02008;CHEBI:30413
prerank,R2SD co-chaperone complex,-0.6359447004608294,-1.331734780922839,0.08196721311475409,0.12123958286088479,1.0,4/4,36.50%,Q9NVR5;Q07617;Q9Y230;Q9Y265
prerank,"Dynein-2 complex, light-chain variant 4",-0.4526458616010855,-1.3312253185060428,0.0625,0.12139019144753746,1.0,8/8,54.86%,P63167;Q8TCX1;Q8NCM8;Q96EX3;Q8WVS4;Q8WW35;P51808;Q9NP97
prerank,R2TP core co-chaperone complex,-0.6359447004608294,-1.3289145580154047,0.08247422680412371,0.1226010323784986,1.0,4/4,36.50%,Q9H6T3;Q9NWS0;Q9Y230;Q9Y265
prerank,BLOC-2 complex,0.7539295392953929,1.3284453485875458,0.07692307692307693,0.30881529498177984,1.0,3/3,24.67%,Q9UPZ3;Q969F9;Q86YV9
prerank,USP12-WDR20 deubiquitinase complex,-0.6321496340471672,-1.3266737422273331,0.10752688172043011,0.12388916835902511,1.0,4/4,36.88%,Q8TBZ3;O75317;Q8TAF3;CHEBI:29105
prerank,"Cleavage stimulation factor complex, CSTF2 variant",-0.6967479674796748,-1.326372397678662,0.10505836575875487,0.12389893004040671,1.0,3/3,30.41%,Q12996;Q05048;P33240
prerank,Prefoldin co-chaperone complex,0.6154054787089775,1.3235478624421166,0.08577878103837472,0.3181243837190984,1.0,6/6,38.56%,Q9UHV9;O15212;Q9NUG6;O60925;Q99471;P61758
prerank,MOZ1 histone acetyltransferase complex,-0.6329628625643805,-1.3229020862494176,0.1111111111111111,0.1260300853550614,1.0,4/4,36.80%,P55201;Q92794;Q8WYH8;Q9HAF1
prerank,MOZ2 histone acetyltransferase complex,-0.6329628625643805,-1.3214396632043899,0.14634146341463414,0.12665744754654543,1.0,4/4,36.80%,O95696;Q92794;Q8WYH8;Q9HAF1
prerank,BORC complex,0.5647218453188604,1.3166534083745611,0.08936170212765958,0.3323748325630235,1.0,8/8,43.65%,Q6QNY1;P78537;O95295;Q96B45;Q9BQD3;Q96FH0;Q969J3;Q96GS4
prerank,CORVET tethering complex,0.6032004339571467,1.3140054508953545,0.10188261351052048,0.3368544798432035,1.0,6/6,39.78%,Q9P253;Q9H270;Q9H269;Q96AX1;Q8WUH2;Q8N3P4
prerank,MOZ3 histone acetyltransferase complex,-0.6329628625643805,-1.3128493646596227,0.11612903225806452,0.13184542863837512,1.0,4/4,36.80%,Q9ULD4;Q92794;Q8WYH8;Q9HAF1
prerank,HOPS tethering complex,0.6034716571738541,1.3123672967589306,0.09734513274336283,0.3389782100634991,1.0,6/6,39.75%,Q9P253;Q9H270;Q9H269;Q96AX1;P49754;Q96JC1
prerank,Collagen type VI trimer,0.7449864498644986,1.308361962026407,0.1111111111111111,0.34643305672229796,1.0,3/3,25.56%,P12111;P12110;P12109
prerank,USP12-DMWD deubiquitinase complex,-0.6321496340471672,-1.308158046481309,0.13966480446927373,0.1347866972570344,1.0,4/4,36.88%,Q09019;O75317;Q8TAF3;CHEBI:29105
prerank,R2SP co-chaperone complex,-0.6359447004608294,-1.3067453907424946,0.11666666666666667,0.13558946601862912,1.0,4/4,36.50%,Q8WWB5;Q07617;Q9Y230;Q9Y265
prerank,mTORC2 complex,0.6355748373101952,1.3057659132872548,0.11688311688311688,0.35102085779263426,1.0,5/5,36.53%,Q9BVC4;P42345;Q6R327;Q9BPZ7;P85299
prerank,"Gamma-delta T cell receptor complex, TRGC2 variant",0.6296507839890979,1.3042694327977487,0.10561797752808989,0.3528582642567625,1.0,3/5,6.31%,P07766;P20963;P09693
prerank,"Mitochondrial calcium uniporter complex, MICUB variant",0.6390997830802603,1.3008573551624667,0.12013729977116705,0.35964137427510745,1.0,5/5,36.18%,Q8NE86;Q9H4I9;Q9BPX6;Q9NWR8;Q8IYU8
prerank,BLOC-1 complex,0.5641791044776121,1.2985992001444429,0.104638619201726,0.3634648503519244,1.0,8/8,43.70%,Q6QNY1;P78537;O95295;Q9UL45;Q96EV8;Q8TDH9;Q6QNY0;Q9NUP1
prerank,tRNA-intron splicing endonuclease complex,0.6347613882863339,1.2962535843014449,0.10758776896942242,0.3672594036819696,1.0,5/5,36.61%,Q92989;Q8NCE0;Q7Z6J9;Q8WW01;Q9BSV6
prerank,GET complex,-0.6321496340471672,-1.2960451726207673,0.15333333333333332,0.1433007406150056,1.0,4/4,36.88%,O00258;O43681;P49069;CHEBI:29105
prerank,PAF1 complex,0.6023867643070248,1.2947027144888605,0.11823204419889503,0.36940516729279305,1.0,6/6,39.86%,Q9GZS3;Q6PD62;Q6P1J9;Q8N7H5;Q8WVC0;Q92541
prerank,USP46 deubiquitinase complex,-0.7005420054200542,-1.2941240489547166,0.14624505928853754,0.1445202557883753,1.0,3/3,30.03%,P62068;Q8TBZ3;Q8TAF3
prerank,"Gamma-delta T cell receptor complex, TRGC1 variant",0.6296507839890979,1.2875921039026657,0.1380897583429229,0.3855264743998005,1.0,3/5,6.31%,P07766;P20963;P09693
prerank,ATG5-ATG12-TECPR1 complex,0.7250677505837568,1.286024493573806,0.09693877551020408,0.38764690446310995,1.0,2/3,2.55%,O94817;Q9H1Y0
prerank,ATG12-ATG5-ATG16L2 complex,0.7250677505837568,1.285029833963872,0.10263157894736842,0.3880834603081784,1.0,2/3,2.55%,O94817;Q9H1Y0
prerank,NLGN1(-SSA-SSB) - NRXN1-beta(-SS4) complex,-0.656639566395664,-1.281147275221349,0.1509433962264151,0.15398863356411463,1.0,3/3,34.42%,P58400-1;Q8N2Q7;CHEBI:29108
prerank,NLGN1(+SSA+SSB) - NRXN1-beta(-SS4) complex,-0.656639566395664,-1.281147275221349,0.1509433962264151,0.15398863356411463,1.0,3/3,34.42%,P58400-1;Q8N2Q7;CHEBI:29108
prerank,ATG12-ATG5-ATG16L1 complex,0.7250677505837568,1.2703382694649317,0.12418300653594772,0.42560580419021365,1.0,2/3,2.55%,O94817;Q9H1Y0
prerank,"Radial spoke complex, flagellar variant",0.4956521739130434,1.2701730162985376,0.10758196721311475,0.4238223236867713,1.0,13/13,50.61%,Q96FJ2;Q8WWB3;Q96C74;Q9H1X1;P59910;Q86UC2;Q8IYR0;Q6P9G0;Q8WYR4;P56597;Q9UHP6;Q8NA54;Q9H0K4
prerank,"Mitochondrial succinyl-CoA synthetase complex, GTP-specific variant",-0.6658536585365854,-1.268303311054054,0.0735930735930736,0.1638766449689943,1.0,3/3,33.50%,Q96I99;P53597;CHEBI:18420
prerank,MUS81-EME1 structure-specific endonuclease complex,-0.6658536585365854,-1.2670262364018652,0.1318181818181818,0.16459040780371173,1.0,3/3,33.50%,Q96AY2;Q96NY9;CHEBI:18420
prerank,LMAN1-MCFD2 cargo receptor complex,-0.656639566395664,-1.2662455082343256,0.15486725663716813,0.1648821429027373,1.0,3/3,34.42%,Q8NI22;P49257;CHEBI:29108
prerank,Annexin A2 - S100-A10 complex,-0.656639566395664,-1.2635591484797755,0.10931174089068826,0.1666683002553375,1.0,3/3,34.42%,P60903;P07355;CHEBI:29108
prerank,BRCA1-C complex,-0.6723577235772358,-1.263359221758498,0.14,0.16658500034717463,1.0,3/3,32.85%,Q99708;CPX-4442;CPX-715
prerank,Chitinase 3-like-1-tmem219-interleukin-13 receptor-ligand alpha-2 signalling complex,-0.6061263214963404,-1.2603147404969108,0.16,0.16883271077456335,1.0,4/4,39.48%,Q86XT9;P36222;Q14627;P35225
prerank,Cubam cobalamin uptake receptor complex,-0.656639566395664,-1.256693441887021,0.13865546218487396,0.1714000458576153,1.0,3/3,34.42%,O60494;Q9BXJ7;CHEBI:29108
prerank,MUS81-EME2 structure-specific endonuclease complex,-0.6658536585365854,-1.2552867272048769,0.1565217391304348,0.17240491391159662,1.0,3/3,33.50%,A4GXA9;Q96NY9;CHEBI:18420
prerank,PDGF receptor alpha-beta - PDGF-CC complex,0.7133952768099109,1.2535248256748963,0.1445012787723785,0.4689659785660123,1.0,2/3,4.90%,P09619;P16234
prerank,SF3A complex,-0.656910569105691,-1.2534019282502407,0.1350210970464135,0.17349057756954064,1.0,3/3,34.39%,Q15459;Q15428;Q12874
prerank,"Gamma-secretase complex, APH1B-PSEN2 variant",0.601952277657267,1.248385504720438,0.15100671140939598,0.48162230713883736,1.0,5/5,39.89%,Q9NZ42;Q92542;Q8WW43;P49810-PRO_0000025603;P49810-PRO_0000025604
prerank,PDGF receptor alpha-beta - PDGF-DD complex,0.7133952768099109,1.2476232517663235,0.1477124183006536,0.48143004377302423,1.0,2/3,4.90%,P09619;P16234
prerank,ISCA1-ISCA2 mitochondrial iron-sulfur protein assembly complex,-0.6582655826558266,-1.2469821171736652,0.1417004048582996,0.17853112608073163,1.0,3/3,34.25%,Q9BUE6;Q86U28;CHEBI:49883
prerank,Complement factor I complex,-0.656639566395664,-1.2463964602155693,0.15254237288135594,0.17869104614380174,1.0,3/3,34.42%,P05156-PRO_0000027569;P05156-PRO_0000027570;CHEBI:29108
prerank,"Gamma-secretase complex, APH1B-PSEN1 variant",0.6016811279826466,1.244803967523988,0.15856481481481483,0.487242369669685,1.0,5/5,39.91%,Q9NZ42;Q92542;Q8WW43;P49768-PRO_0000236055;P49768-PRO_0000025591
prerank,"LIN-10-LIN-2-LIN-7 complex, LIN7A variant",0.7039295392016429,1.2433088198472975,0.14690721649484537,0.4894192203976556,1.0,2/3,4.66%,O14936;Q02410
prerank,Lactose synthase complex,-0.656639566395664,-1.243052649948593,0.15163934426229508,0.18125220233529588,1.0,3/3,34.42%,P00709;P15291-2;CHEBI:29108
prerank,Mitochondrial pyruvate dehydrogenase serine/threonine phosphatase complex,-0.6658536585365854,-1.2426476436363199,0.16532258064516128,0.1812190336742631,1.0,3/3,33.50%,Q9P0J1;Q8NCN5;CHEBI:18420
prerank,"Dynein-2 complex, light-chain variant 5",-0.45535956580732706,-1.2420944078528278,0.21153846153846154,0.1813841572339973,1.0,8/8,54.59%,P63167;Q8TCX1;Q8NCM8;Q96EX3;Q8WVS4;Q8WW35;P63172;Q8TF09
prerank,"Gamma-secretase complex, APH1A-PSEN1 variant",0.6016811279826466,1.2418957868653724,0.15715948777648428,0.49116309497086946,1.0,5/5,39.91%,Q9NZ42;Q92542;Q96BI3;P49768-PRO_0000236055;P49768-PRO_0000025591
prerank,"Mitochondrial succinyl-CoA synthetase complex, ATP-specific variant",-0.6658536585365854,-1.2411926107434745,0.13692946058091288,0.1818559346031809,1.0,3/3,33.50%,Q9P2R7;P53597;CHEBI:18420
prerank,Piccolo NuA4 histone acetyltransferase complex ,-0.6422764227642277,-1.240809451184812,0.14347826086956522,0.18187391842162376,1.0,3/3,35.85%,Q9NXR8;Q92993;Q9H2F5
prerank,"Replication protein A complex, RPA4 variant",0.6961074156196108,1.24035641357395,0.14795244385733158,0.49346921424558715,1.0,2/3,3.17%,P35244;P27694
prerank,"LIN-10-LIN-2-LIN-7 complex, LIN7B variant",0.7039295392016429,1.239667385074024,0.14561855670103094,0.4930087795014121,1.0,2/3,4.66%,O14936;Q02410
prerank,"LIN-10-LIN-2-LIN-7 complex, LIN7C variant",0.7039295392016429,1.238398515191524,0.15521628498727735,0.49436985217037854,1.0,2/3,4.66%,O14936;Q02410
prerank,"Gamma-secretase complex, APH1A-PSEN2 variant",0.601952277657267,1.237600462821058,0.1482758620689655,0.49416941634453015,1.0,5/5,39.89%,Q9NZ42;Q92542;Q96BI3;P49810-PRO_0000025603;P49810-PRO_0000025604
prerank,C3PO endoribonuclease complex,-0.6658536585365854,-1.235153465569876,0.19658119658119658,0.18638088550210277,1.0,3/3,33.50%,Q15631;Q99598;CHEBI:18420
prerank,Dehydrodolichyl diphosphate synthase complex,-0.6658536585365854,-1.2343566839285987,0.1940928270042194,0.18675407197317848,1.0,3/3,33.50%,Q96E22;Q86SQ9;CHEBI:18420
prerank,Kinetochore SKA complex,0.7010840108401084,1.2338082926386222,0.15343915343915343,0.503292351570052,1.0,3/3,29.95%,Q96BD8;Q8WVK7;Q8IX90
prerank,KIF3 complex variant AB-KAP3,0.6925843803892584,1.2304178561511854,0.16601307189542483,0.5111405211327973,1.0,2/3,3.52%,Q92845;Q9Y496
prerank,"Dynein-2 complex, light-chain variant 1 ",-0.4526458616010855,-1.2302225432182556,0.1774193548387097,0.19017273181287905,1.0,8/8,54.86%,P63167;Q8TCX1;Q8NCM8;Q96EX3;Q8WVS4;Q8WW35;P63172;Q9NP97
prerank,Coagulation factor IXa complex,-0.656639566395664,-1.2299360111845998,0.18220338983050846,0.19016668014236005,1.0,3/3,34.42%,P00740-PRO_0000027759;P00740-PRO_0000027757;CHEBI:29108
prerank,"Radial spoke complex, ciliiar variant",0.48899755501222486,1.229922642684281,0.14256198347107438,0.5100531986964181,1.0,12/12,51.26%,Q96FJ2;Q8WWB3;Q96C74;Q9H1X1;P59910;Q86UC2;Q8IYR0;Q6P9G0;Q8WYR4;P56597;Q9UHP6;Q5TD94
prerank,Ribosome biogenesis complex,0.6880758807588075,1.227784600681214,0.1651376146788991,0.5140170198955054,1.0,3/3,31.25%,Q14978;Q13428;P61328
prerank,iNOS-S100A8/A9 complex,-0.6783197831978319,-1.227070380579854,0.1694915254237288,0.192686980608601,1.0,3/3,32.25%,P35228;P06702;P05109
prerank,"BOS complex, NOMO3 variant",0.682249322399475,1.2270208721280842,0.16025641025641027,0.5138180356444697,1.0,2/3,6.82%,Q9BVK8;Q969V3
prerank,"Replication protein A complex, RPA2 variant",0.6961074156196108,1.2262774413503634,0.16219839142091153,0.5137707289901201,1.0,2/3,3.17%,P35244;P27694
prerank,KMN complex,0.694850948509485,1.2245708578783807,0.17369093231162197,0.516331990886336,1.0,3/3,30.57%,CPX-5644;CPX-5643;CPX-550
prerank,TGF-beta-1-TGFR complex,0.6811653115593665,1.221690386360963,0.15456989247311828,0.5224751645983309,1.0,2/3,6.93%,P37173;P36897
prerank,Peroxisomal receptor export module complex,0.678861788617886,1.221658724231931,0.1762402088772846,0.5200855980812338,1.0,3/3,32.17%,Q7Z412;Q13608;O43933
prerank,GLUK1-GLUK2-GLUK3-GLUK5 glutamate ionotropic kainate-type receptor complex,0.6269991867714828,1.2202653799631005,0.16391509433962265,0.5217180638075452,1.0,4/4,37.37%,Q13002;P39086;Q13003;Q16478
prerank,TGF-beta-3-TGFR complex,0.6811653115593665,1.2200806006364298,0.16688918558077437,0.5198826394077505,1.0,2/3,6.93%,P37173;P36897
prerank,GARP tethering complex,0.628354567633505,1.2187130420508865,0.1798298906439854,0.5214037052806012,1.0,4/4,37.23%,Q9UID3;Q8N1B4;Q5VIR6;Q9P1Q0
prerank,Interleukin-5 receptor-ligand complex,0.5557363710333603,1.2187036153042565,0.17620650953984288,0.5190074772886513,1.0,6/6,44.52%,P32927;O60674;P23458;Q01344;P29597;P05113
prerank,TGF-beta-2-TGFR complex,0.6811653115593665,1.217058527269808,0.17733333333333334,0.5215277435729297,1.0,2/3,6.93%,P37173;P36897
prerank,KIF3 complex variant AC-KAP3,0.6925843803892584,1.2156158719852266,0.19129287598944592,0.5234320092293478,1.0,2/3,3.52%,Q92845;Q9Y496
prerank,"AP-2 Adaptor complex, alpha1 variant",0.621035510978585,1.214519946683203,0.17149758454106281,0.5241970564737541,1.0,4/4,37.96%,Q96CW1;P63010;P53680;O95782
prerank,"Mitochondrial calcium uniporter complex, MICU1-MICU2 variant",0.6389265383572784,1.2144706680680966,0.18674698795180722,0.5219504812606327,1.0,4/4,36.18%,Q8NE86;Q9H4I9;Q9BPX6;Q8IYU8
prerank,2-(3-amino-3-carboxypropyl)histidine synthase complex,-0.6582655826558266,-1.2131926803013993,0.17672413793103448,0.2050666055205635,1.0,3/3,34.25%,Q9BQC3;Q9BZG8;CHEBI:49883
prerank,U4/U6 small nuclear ribonucleoprotein complex,-0.6590785907859078,-1.2123908449007896,0.18487394957983194,0.20551943297049988,1.0,3/3,34.17%,CPX-26415;CPX-26417;Q8WWY3
prerank,EARP tethering complex,0.6275413391162916,1.2112653700886593,0.19212410501193317,0.5293628806970048,1.0,4/4,37.31%,Q9UID3;Q8N1B4;Q5VIR6;Q96JG6
prerank,"General transcription factor TFIII3B complex, BRF1 variant",-0.6346883468834689,-1.2106579112431923,0.20502092050209206,0.20681735092838868,1.0,3/3,36.61%,Q92994;A6H8Y1;P20226
prerank,mTORC1 complex,0.6906310491676345,1.2102410865420001,0.18361955085865259,0.5299809435086376,1.0,2/3,7.18%,Q9BVC4;P42345
prerank,ASCC DNA alkylation repair complex,0.6814732692781473,1.2100711633834684,0.1834625322997416,0.5280659860540333,1.0,2/3,4.63%,Q9H1I8;Q8N3C0
prerank,RQT ribosome-associated quality control trigger complex,0.6814732692781473,1.209225919602951,0.17487046632124353,0.5282240394556678,1.0,2/3,4.63%,Q9H1I8;Q8N3C0
prerank,"miRNA RISC complex, TNRC6A variant",0.5818872017353578,1.2087346351826813,0.18522727272727274,0.5272891871582124,1.0,5/5,41.89%,Q9H9G7;Q9UL18;Q9UKV8;Q9HCK5;Q8NDV7
prerank,"AP-2 Adaptor complex, alpha2 variant",0.6272702629438872,1.20778272409569,0.1821515892420538,0.5278183364354021,1.0,4/4,37.34%,Q96CW1;P63010;P53680;O94973
prerank,"FTS-Hook-FHIP cargo adaptor complex, FHIP2B-HOOK1/2/3 variant",0.585412147505423,1.2077427707246748,0.19136522753792298,0.5255898407446232,1.0,5/5,41.54%,Q9H8T0;Q96ED9;Q9UJC3;Q86VS8;Q8N612
prerank,NUBP1-NUBP2 iron-sulfur cluster assembly scaffold complex,-0.6582655826558266,-1.2077001232192657,0.20869565217391303,0.20951458712026125,1.0,3/3,34.25%,Q9Y5Y2;P53384;CHEBI:49883
prerank,"Alpha-beta T cell receptor complex, TRBC2 variant",0.5576349335503119,1.207060409190345,0.2037037037037037,0.5253521783616016,1.0,6/6,44.33%,P07766;P20963;P09693;P01848;P04234;A0A5B9
prerank,"BOS complex, NOMO2 variant",0.682249322399475,1.2058710033794342,0.19573901464713714,0.5265783159032222,1.0,2/3,6.82%,Q9BVK8;Q969V3
prerank,PDGF receptor alpha-beta - PDGF-BB complex,0.6883326202458693,1.205804370087533,0.19225806451612903,0.5244450086844163,1.0,2/3,4.90%,P09619;P16234
prerank,"BOS complex, NOMO1 variant",0.682249322399475,1.2055427649454455,0.18181818181818182,0.5229119144197104,1.0,2/3,6.82%,Q9BVK8;Q969V3
prerank,"Nucleosome, variant H3.1-H2A.2-H2B.1",0.5794468546637743,1.2055171549665116,0.18728323699421964,0.5207082700439994,1.0,5/5,42.13%,P62805;P06899;P68431;CHEBI:4705;P04908
prerank,"Alpha-beta T cell receptor complex, TRBC1 variant",0.5570924871168972,1.2003378734580101,0.197136563876652,0.5336953169890722,1.0,6/6,44.38%,P07766;P20963;P09693;P01848;P04234;P01850
prerank,"miRNA RISC complex, TNRC6B variant",0.5870390455531452,1.1977299658132075,0.20138089758342922,0.5391942176602262,1.0,5/5,41.38%,Q9H9G7;Q9UL18;Q9UKV8;Q9HCK5;Q9UPQ9
prerank,R2T co-chaperone complex,-0.6357723577235772,-1.1972778727704894,0.2125984251968504,0.21944461320621536,1.0,3/3,36.50%,Q9H6T3-2;Q9Y230;Q9Y265
prerank,BCDX2 complex,0.6199512062889672,1.1970968904702683,0.19123020706455543,0.5387131325379269,1.0,4/4,38.07%,O43502;O15315;O75771;O43543
prerank,"Septin complex, octamer variant, SEPT2-SEPT6-SEPT-7-SEPT3",0.6164272160477093,1.19585860174618,0.19877300613496932,0.539948529246392,1.0,4/4,38.42%,Q16181;Q15019;Q14141;Q9UH03
prerank,IkappaB kinase complex,0.6701897018970189,1.1952210558368799,0.20212765957446807,0.539473214254556,1.0,3/3,33.04%,Q9Y6K9;O15111;O14920
prerank,"miRNA RISC complex, TNRC6C variant",0.5856832971800433,1.194315429346196,0.21016166281755197,0.5397049088349553,1.0,5/5,41.51%,Q9H9G7;Q9UL18;Q9UKV8;Q9HCK5;Q9HCJ0-1
prerank,"General transcription factor TFIII3B complex, BRF2 variant",-0.6346883468834689,-1.1900406504065044,0.21171171171171171,0.22627907211845305,1.0,3/3,36.61%,Q9HAW0;A6H8Y1;P20226
prerank,CENP-A recruiting complex,0.6710027100271002,1.1892935717963846,0.19947159841479525,0.5518688192758121,1.0,3/3,32.95%,Q9NYP9;Q6P0N0;O43482
prerank,"LINC complex, SUN1-SYNE4 variant",-0.6319783197831979,-1.1882802547770706,0.211864406779661,0.22772884078195993,1.0,3/3,36.88%,Q8N205;O94901;CHEBI:29105
prerank,"Septin complex, octamer variant, SEPT2-SEPT6-SEPT-7-SEPT9",0.6185958254269449,1.1863120401847724,0.215,0.5584455762066503,1.0,4/4,38.21%,Q16181;Q15019;Q14141;Q9UHD8
prerank,Cardiac Troponin complex,0.6723577235772358,1.185785253130424,0.23234916559691912,0.55767744339049,1.0,3/3,32.82%,P63316;P45379;P19429
prerank,GLUK1-GLUK2-GLUK3-GLUK4 glutamate ionotropic kainate-type receptor complex,0.6142586066684739,1.185187732280105,0.22630331753554503,0.5570735784561919,1.0,4/4,38.64%,Q13002;P39086;Q13003;Q16099
prerank,ERAP1-ERAP2 endoplasmic reticulum aminopeptidase complex,-0.6319783197831979,-1.184929369597301,0.24481327800829875,0.23076182103551424,1.0,3/3,36.88%,Q9NZ08;Q6P179;CHEBI:29105
prerank,[Cu-Zn] Superoxide dismutase complex,-0.6319783197831979,-1.1849036946580538,0.23109243697478993,0.23043655193485482,1.0,3/3,36.88%,CHEBI:29036;P00441;CHEBI:29105
prerank,"LINC complex, SUN2-SYNE4 variant",-0.6319783197831979,-1.183397384722971,0.2032520325203252,0.23170018326168879,1.0,3/3,36.88%,Q8N205;Q9UH99;CHEBI:29105
prerank,"m-AAA protease complex, AFG3L2-SPG7 variant",-0.6319783197831979,-1.1812809289397468,0.23504273504273504,0.23346625381192992,1.0,3/3,36.88%,Q9Y4W6;Q9UQ90;CHEBI:29105
prerank,Hydride transfer complex,0.6653116531165311,1.180484331942783,0.2059202059202059,0.5686919815716964,1.0,3/3,33.52%,P48163;P40925;P11498
prerank,"Mitochondrial calcium uniporter complex, MICU1 variant",0.6688346883468834,1.1789144243843983,0.22704081632653061,0.5711408800091986,1.0,3/3,33.17%,Q8NE86;Q9H4I9;Q9BPX6
prerank,"Dynein-1 complex, variant 1",-0.4524003254678601,-1.1769732844626517,0.19444444444444445,0.23760842074802865,1.0,6/6,54.86%,P63167;Q13409;O43237;Q14204;P63172;Q9NP97
prerank,tRNA-guanine transglycosylase complex,-0.6319783197831979,-1.1763749011102314,0.22466960352422907,0.2378044076883483,1.0,3/3,36.88%,Q9BXR0;Q9H974;CHEBI:29105
prerank,"Dynein-1 complex, variant 7",-0.4551125576349336,-1.1757332762412656,0.17592592592592593,0.23810562331624674,1.0,6/6,54.59%,P63167;Q13409;O43237;Q14204;P63172;Q8TF09
prerank,SLX1-SLX4 structure-specific endonuclease complex,-0.6319783197831979,-1.1731685486524956,0.24583333333333332,0.2403837043379653,1.0,3/3,36.88%,Q9BQ83;Q8IY92;CHEBI:29105
prerank,General transcription factor TFIIB-TBP complex,-0.6319783197831979,-1.1727891460566164,0.24,0.24030301419249295,1.0,3/3,36.88%,Q00403;P20226;CHEBI:29105
prerank,Mitochondrial processing peptidase complex,-0.6319783197831979,-1.1662742818963354,0.2450592885375494,0.24682449971234965,1.0,3/3,36.88%,Q10713;O75439;CHEBI:29105
prerank,Condensin I complex,0.5596529284164857,1.166076210149263,0.23958333333333334,0.6072927536783087,1.0,5/5,44.11%,Q9NTJ3;O95347;Q15003;Q9BPX3;Q15021
prerank,"WASH complex, variant WASH6P/WASHC2C",0.5572125813449024,1.1655348778370984,0.24649532710280375,0.6066201403114742,1.0,5/5,44.35%,Q9Y3C0;Q2M389;Q12768;Q9Y4E1;Q9NQA3
prerank,"Dynein-1 complex, variant 3",-0.4524003254678601,-1.1655226273171935,0.20588235294117646,0.24713455450406333,1.0,6/6,54.86%,P63167;O43237;O14576;Q14204;P63172;Q9NP97
prerank,"Cav1.1 voltage-gated calcium channel complex, CACNA2D2-CACNB4-CACNG1 variant",0.5612798264642082,1.1651437679885777,0.22514285714285714,0.6053625549229169,1.0,5/5,43.95%,Q13698;Q06432;O00305;Q9NY47-PRO_0000304639;Q9NY47-PRO_0000304637
prerank,"Cav1.1 voltage-gated calcium channel complex, CACNA2D2-CACNB3-CACNG1 variant",0.5612798264642082,1.1644336753333346,0.22474460839954596,0.6050602942330047,1.0,5/5,43.95%,Q13698;Q06432;P54284;Q9NY47-PRO_0000304639;Q9NY47-PRO_0000304637
prerank,"Cav1.1 voltage-gated calcium channel complex, CACNA2D4-CACNB2-CACNG1 variant",0.5601952277657265,1.1630220942113036,0.24971363115693013,0.6070334836629143,1.0,5/5,44.06%,Q13698;Q06432;Q08289;Q7Z3S7-PRO_0000304657;Q7Z3S7-PRO_0000304656
prerank,"Cav1.1 voltage-gated calcium channel complex, CACNA2D2-CACNB2-CACNG1 variant",0.5612798264642082,1.1620384011887805,0.22095671981776766,0.6075394044396044,1.0,5/5,43.95%,Q13698;Q06432;Q08289;Q9NY47-PRO_0000304639;Q9NY47-PRO_0000304637
prerank,"Cav1.1 voltage-gated calcium channel complex, CACNA2D2-CACNB1-CACNG1 variant",0.5612798264642082,1.1610083675211613,0.24798154555940022,0.6081749786157302,1.0,5/5,43.95%,Q13698;Q06432;Q02641;Q9NY47-PRO_0000304639;Q9NY47-PRO_0000304637
prerank,"Dynein-1 complex, variant 5",-0.4551125576349336,-1.160856166537389,0.21212121212121213,0.25151426357144624,1.0,6/6,54.59%,P63167;O43237;O14576;Q14204;P63172;Q8TF09
prerank,"WASH complex, variant WASH6P/WASHC2A",0.5572125813449024,1.1606870790292354,0.24018475750577367,0.6066515913256173,1.0,5/5,44.35%,Q9Y3C0;Q2M389;Q12768;Q641Q2;Q9NQA3
prerank,"Cav1.1 voltage-gated calcium channel complex, CACNA2D4-CACNB3-CACNG1 variant",0.5601952277657265,1.1605013363925418,0.23908045977011494,0.6048361588624004,1.0,5/5,44.06%,Q13698;Q06432;P54284;Q7Z3S7-PRO_0000304657;Q7Z3S7-PRO_0000304656
prerank,"WASH complex, variant WASH3P/WASHC2C",0.5591106290672451,1.1601414513168316,0.2482598607888631,0.6035317429189239,1.0,5/5,44.16%,Q9Y3C0;Q2M389;Q12768;Q9Y4E1;C4AMC7
prerank,"Cav1.1 voltage-gated calcium channel complex, CACNA2D4-CACNB1-CACNG1 variant",0.5601952277657265,1.1596849681357513,0.2488317757009346,0.6024032767181474,1.0,5/5,44.06%,Q13698;Q06432;Q02641;Q7Z3S7-PRO_0000304657;Q7Z3S7-PRO_0000304656
prerank,"Cav1.1 voltage-gated calcium channel complex, CACNA2D3-CACNB2-CACNG1 variant",0.560466377440347,1.1581200814513437,0.23765786452353616,0.6047936044769963,1.0,5/5,44.03%,Q13698;Q06432;Q08289;Q8IZS8-PRO_0000304647;Q8IZS8-PRO_0000304648
prerank,"Cav1.1 voltage-gated calcium channel complex, CACNA2D4-CACNB4-CACNG1 variant",0.5601952277657265,1.1558563086929465,0.2608187134502924,0.6094321627131195,1.0,5/5,44.06%,Q13698;Q06432;O00305;Q7Z3S7-PRO_0000304657;Q7Z3S7-PRO_0000304656
prerank,"PRMT5 methylosome complex, RIOK1 variant",0.6459349592558434,1.154709189541391,0.2544987146529563,0.6106439344304674,1.0,2/3,10.45%,O14744;Q9BQA1
prerank,Condensin II complex,0.5593817787418653,1.1539485658190805,0.2528604118993135,0.6104837187798402,1.0,5/5,44.14%,Q9NTJ3;O95347;Q6IBW4;P42695;Q86XI2
prerank,"Cav1.1 voltage-gated calcium channel complex, CACNA2D3-CACNB3-CACNG1 variant",0.560466377440347,1.1528392766998228,0.2619324796274738,0.6114839923246256,1.0,5/5,44.03%,Q13698;Q06432;P54284;Q8IZS8-PRO_0000304647;Q8IZS8-PRO_0000304648
prerank,"Cav1.1 voltage-gated calcium channel complex, CACNA2D1-CACNB1-CACNG1 variant",0.5599240780911062,1.152768042392088,0.2566473988439306,0.6093446954431486,1.0,5/5,44.08%,Q13698;Q06432;Q02641;P54289-PRO_0000005002;P54289-PRO_0000005001
prerank,"Cav1.1 voltage-gated calcium channel complex, CACNA2D1-CACNB2-CACNG1 variant",0.5599240780911062,1.1521607302734698,0.2542372881355932,0.6087983145152133,1.0,5/5,44.08%,Q13698;Q06432;Q08289;P54289-PRO_0000005002;P54289-PRO_0000005001
prerank,"Cav1.1 voltage-gated calcium channel complex, CACNA2D3-CACNB4-CACNG1 variant",0.560466377440347,1.1518027157943236,0.25549132947976877,0.6075083014868209,1.0,5/5,44.03%,Q13698;Q06432;O00305;Q8IZS8-PRO_0000304647;Q8IZS8-PRO_0000304648
prerank,"WASH complex, variant WASHC1/WASHC2C",0.5580260303687635,1.1509279313496315,0.2505854800936768,0.6078254277531534,1.0,5/5,44.27%,Q9Y3C0;Q2M389;Q12768;Q9Y4E1;A8K0Z3
prerank,IL11-sIL11RA-sIL-6ST receptor-ligand buffering complex,-0.5953929539295393,-1.150866709732988,0.2450592885375494,0.26242080820035846,1.0,3/3,40.54%,P40189-2;Q14626-PRO_0000450688;P20809
prerank,"WASH complex, variant WASH4P/WASHC2C",0.5561279826464208,1.1505778501047674,0.25908558030480655,0.6065314619674114,1.0,5/5,44.46%,Q9Y3C0;Q2M389;Q12768;Q9Y4E1;A8MWX3
prerank,"Cav1.1 voltage-gated calcium channel complex, CACNA2D1-CACNB4-CACNG1 variant",0.5599240780911062,1.14978747973119,0.25462962962962965,0.606586774619956,1.0,5/5,44.08%,Q13698;Q06432;O00305;P54289-PRO_0000005002;P54289-PRO_0000005001
prerank,"Cav1.1 voltage-gated calcium channel complex, CACNA2D1-CACNB3-CACNG1 variant",0.5599240780911061,1.1490405253395566,0.25,0.6066438360864446,1.0,5/5,44.08%,Q13698;Q06432;P54284;P54289-PRO_0000005002;P54289-PRO_0000005001
prerank,"Cav1.1 voltage-gated calcium channel complex, CACNA2D3-CACNB1-CACNG1 variant",0.560466377440347,1.146881943698767,0.25058823529411767,0.6110900928593868,1.0,5/5,44.03%,Q13698;Q06432;Q02641;Q8IZS8-PRO_0000304647;Q8IZS8-PRO_0000304648
prerank,"PRMT5 methylosome complex, COPR5 variant",0.6459349592558434,1.1464123828051576,0.26455026455026454,0.6101924425758048,1.0,2/3,10.45%,O14744;Q9BQA1
prerank,"WASH complex, variant WASH2P/WASHC2C",0.5566702819956616,1.1460244997353375,0.25791324736225085,0.609125845645018,1.0,5/5,44.41%,Q9Y3C0;Q2M389;Q12768;Q9Y4E1;Q6VEQ5
prerank,"WASH complex, variant WASH4P/WASHC2A",0.5561279826464208,1.144307989418827,0.27167630057803466,0.6120087797970187,1.0,5/5,44.46%,Q9Y3C0;Q2M389;Q12768;Q641Q2;A8MWX3
prerank,Membrane bound interleukin-6 mIL6R receptor-ligand cluster-signalling complex,-0.6116531165311653,-1.14335361132618,0.25327510917030566,0.2710147998889064,1.0,3/3,38.91%,P08887-1;P05231-PRO_0000015582;P40189-1
prerank,"WASH complex, variant WASH3P/WASHC2A",0.5591106290672452,1.1415654903133376,0.26832151300236406,0.6179065037268404,1.0,5/5,44.16%,Q9Y3C0;Q2M389;Q12768;Q641Q2;C4AMC7
prerank,"PRMT5 methylosome complex, CLNS1A variant",0.6459349592558434,1.1414727588283378,0.2657718120805369,0.6159208504991796,1.0,2/3,10.45%,O14744;Q9BQA1
prerank,"Dynein-1 complex, variant 6",-0.4551125576349336,-1.1410717097822507,0.23157894736842105,0.27327566859069186,1.0,6/6,54.59%,P63167;Q9Y6G9;O14576;Q14204;P63172;Q8TF09
prerank,"WASH complex, variant WASHC1/WASHC2A",0.5580260303687635,1.1406222293136195,0.2688296639629201,0.6162671468476144,1.0,5/5,44.27%,Q9Y3C0;Q2M389;Q12768;Q641Q2;A8K0Z3
prerank,"Dynein-1 complex, variant 4",-0.4524003254678601,-1.1390377651319195,0.2222222222222222,0.2753704091075989,1.0,6/6,54.86%,P63167;Q9Y6G9;O14576;Q14204;P63172;Q9NP97
prerank,"Ubiquitous AP-1 Adaptor complex, sigma1a variant",0.5893195988072648,1.1387550316984467,0.2591687041564792,0.6194118192385313,1.0,4/4,41.13%,Q10567;O43747;Q9BXS5;P61966
prerank,"WASH complex, variant WASH2P/WASHC2A",0.5566702819956616,1.1378945523591781,0.28154205607476634,0.619767988472245,1.0,5/5,44.41%,Q9Y3C0;Q2M389;Q12768;Q641Q2;Q6VEQ5
prerank,"Dystrophin glycoprotein complex, CNS variant",0.49090909090909085,1.1361402292327587,0.27136752136752135,0.6229522099889856,1.0,8/8,51.02%,Q14118-PRO_0000021066;Q14118-PRO_0000021065;Q13424;O60941;P11532-4;Q9NSN8;O43556;Q96LD1
prerank,"Ubiquitous AP-3 Adaptor complex, sigma3b variant",0.5828137706695582,1.134823780691638,0.2577937649880096,0.6245305298238358,1.0,4/4,41.78%,O14617;P59780;Q9Y2T2;O00203
prerank,"Neuronal AP-3 Adaptor complex, sigma3b variant",0.5838980753591759,1.1332610105590066,0.27611044417767105,0.6269989575844133,1.0,4/4,41.67%,O14617;P59780;P53677;Q13367
prerank,"Ubiquitous AP-3 Adaptor complex, sigma3a variant",0.5828137706695582,1.1325226284835852,0.2715466351829988,0.6268580925003916,1.0,4/4,41.78%,O14617;Q92572;Q9Y2T2;O00203
prerank,"FTS-Hook-FHIP cargo adaptor complex, FHIP1B-HOOK1/3 variant",0.5852534562211982,1.1301117634530358,0.28053204353083433,0.6319053618669983,1.0,4/4,41.54%,Q9H8T0;Q9UJC3;Q86VS8;Q8N612
prerank,"Dynein-2 complex, light-chain variant 3",0.48873812754409796,1.1231437573171021,0.2974683544303797,0.6501179320967846,1.0,8/8,51.23%,Q96FJ2;Q9NP97;P51808;Q8WW35;Q8WVS4;Q96EX3;Q8NCM8;Q8TCX1
prerank,"Beta-catenin destruction core complex, APC-AXIN2-GSK3B variant",0.5771211710490648,1.122767304263172,0.2830188679245283,0.6490014972712784,1.0,4/4,42.35%,P49841;P48729;P25054;Q9Y2T1
prerank,"Dynein-2 complex, light-chain variant 6",0.48873812754409796,1.1207546493246716,0.28961175236096537,0.652821355180475,1.0,8/8,51.23%,Q96FJ2;Q8TF09;P63172;Q8WW35;Q8WVS4;Q96EX3;Q8NCM8;Q8TCX1
prerank,"Dynein-2 complex, light-chain variant 2",0.48873812754409796,1.1203903476921822,0.2867724867724868,0.6515267795053155,1.0,8/8,51.23%,Q96FJ2;Q9NP97;P63172;Q8WW35;Q8WVS4;Q96EX3;Q8NCM8;Q8TCX1
prerank,GLUK1-GLUK3-GLUK5 glutamate ionotropic kainate-type receptor complex,0.626829268292683,1.1202604464968982,0.27448453608247425,0.6495904485811388,1.0,3/3,37.37%,P39086;Q13003;Q16478
prerank,"ESCRT-I complex, VPS37C-UBAP1 variant",0.576579018704256,1.119228361024352,0.3026151930261519,0.6503970135066037,1.0,4/4,42.40%,Q9UK41;Q99816;Q9NZ09;A5D8V6
prerank,"Dynein-2 complex, light-chain variant 7",0.48873812754409796,1.1186072606723025,0.28118393234672306,0.6498972684390821,1.0,8/8,51.23%,Q96FJ2;Q8TF09;P51808;Q8WW35;Q8WVS4;Q96EX3;Q8NCM8;Q8TCX1
prerank,"ESCRT-I complex, VPS37C-MVB12A variant",0.576579018704256,1.1176405153602773,0.2896969696969697,0.6503451062365062,1.0,4/4,42.40%,Q9UK41;Q99816;Q96EY5;A5D8V6
prerank,BOLA2-GLRX3 iron-sulfur cluster assembly complex,0.5802114392944755,1.1166851657828707,0.2968197879858657,0.6508595984068916,1.0,2/4,2.03%,CHEBI:33737;CHEBI:16856
prerank,TMEM219-Interleukin-13 decoy-receptor-ligand alpha 2 complex,-0.6059620596205962,-1.1165270814617323,0.28125,0.3028516733935239,1.0,3/3,39.48%,Q86XT9;Q14627;P35225
prerank,"Neuronal AP-3 Adaptor complex, sigma3a variant",0.5838980753591759,1.1164681309705284,0.27283653846153844,0.649239154807111,1.0,4/4,41.67%,O14617;Q92572;P53677;Q13367
prerank,"ESCRT-I complex, VPS37D-MVB12A variant",0.5768500948766604,1.1163413655265717,0.3020457280385078,0.6473824465941301,1.0,4/4,42.38%,Q9UK41;Q99816;Q96EY5;Q86XT2
prerank,"ESCRT-I complex, VPS37A-MVB12B variant",0.5757657901870427,1.1162847271414817,0.2916666666666667,0.6453412274409563,1.0,4/4,42.49%,Q9UK41;Q99816;Q9H7P6-1;Q8NEZ2
prerank,"ESCRT-I complex, VPS37B-MVB12A variant",0.5752236378422337,1.11620915170069,0.2924187725631769,0.6433769000354312,1.0,4/4,42.54%,Q9UK41;Q99816;Q96EY5;Q9H9H4
prerank,"Beta-catenin destruction core complex, APC-AXIN1-GSK3B variant",0.5776633233938737,1.115348183504696,0.28793309438470727,0.6435929143399934,1.0,4/4,42.30%,P49841;P48729;P25054;O15169
prerank,GLUK1-GLUK2-GLUK5 glutamate ionotropic kainate-type receptor complex,0.626829268292683,1.1149664604789435,0.2988650693568726,0.6425597551488059,1.0,3/3,37.37%,Q13002;P39086;Q16478
prerank,"ESCRT-I complex, VPS37A-MVB12A variant",0.5757657901870427,1.1146010857421667,0.2974607013301088,0.6414907890978812,1.0,4/4,42.49%,Q9UK41;Q99816;Q96EY5;Q8NEZ2
prerank,"Dynein-1 complex, variant 2",-0.4524003254678601,-1.1145404445688905,0.26666666666666666,0.3049083512055801,1.0,6/6,54.86%,P63167;Q9Y6G9;Q13409;Q14204;P63172;Q9NP97
prerank,"ESCRT-I complex, VPS37D-UBAP1 variant",0.5768500948766605,1.1140488396052732,0.30741190765492105,0.6409507431184475,1.0,4/4,42.38%,Q9UK41;Q99816;Q9NZ09;Q86XT2
prerank,"ESCRT-I complex, VPS37B-MVB12B variant",0.5752236378422337,1.113581041042809,0.3220747889022919,0.6401804571084819,1.0,4/4,42.54%,Q9UK41;Q99816;Q9H7P6-1;Q9H9H4
prerank,"Dynein-1 complex, variant 8",-0.4551125576349336,-1.113470471134705,0.2815533980582524,0.30589520204979176,1.0,6/6,54.59%,P63167;Q9Y6G9;Q13409;Q14204;P63172;Q8TF09
prerank,"ESCRT-I complex, VPS37A-UBAP1 variant",0.5757657901870427,1.1132011941375668,0.3220338983050847,0.6391533532327107,1.0,4/4,42.49%,Q9UK41;Q99816;Q9NZ09;Q8NEZ2
prerank,"Beta-catenin destruction core complex, APC2-AXIN2-GSK3B variant",0.5760368663594471,1.1126501684847097,0.3135593220338983,0.6386860613161878,1.0,4/4,42.46%,P49841;P48729;Q9Y2T1;O95996
prerank,"ESCRT-I complex, VPS37C-MVB12B variant",0.576579018704256,1.111195952136285,0.30354957160342716,0.6408549111334556,1.0,4/4,42.40%,Q9UK41;Q99816;Q9H7P6-1;A5D8V6
prerank,Interleukin-35 receptor ligand type 2 complex,-0.5951219512195122,-1.1111401116827275,0.2850678733031674,0.30851353665539316,1.0,3/3,40.56%,CPX-25744;Q99665;Q6UWB1
prerank,"ILK-PINCH-Parvin complex, LIMS2-PARVA variant",0.6205962059620596,1.1103458870437546,0.2985468956406869,0.64112696391799,1.0,3/3,37.99%,Q13418;Q7Z4I7;Q9NVD7
prerank,"Nuclear meiotic cohesin complex, RAD21 variant",0.5754947140146383,1.1101456834590095,0.3143203883495146,0.6395913940012692,1.0,4/4,42.51%,Q9UQE7;O60216;Q9UJ98;Q8NDV3
prerank,"Beta-catenin destruction core complex, APC2-AXIN1-GSK3B variant",0.5760368663594471,1.1096318969459364,0.297719087635054,0.6389355770183269,1.0,4/4,42.46%,P49841;P48729;O15169;O95996
prerank,SNARE complex STX1B-SNAP25-VAMP2,0.6170731707317073,1.109515949646915,0.2979310344827586,0.6371699430743172,1.0,3/3,38.34%,P60880;P61266;P63027
prerank,LIFT actin modulation complex,0.5711574952561671,1.1091209736184187,0.29964328180737215,0.6361781647794141,1.0,4/4,42.95%,Q9UM54;Q9P0V3;Q9NZN5;O14908
prerank,"ESCRT-I complex, VPS37B-UBAP1 variant",0.5752236378422338,1.1085504813825793,0.3189122373300371,0.635688137009505,1.0,4/4,42.54%,Q9UK41;Q99816;Q9NZ09;Q9H9H4
prerank,"ESCRT-I complex, VPS37D-MVB12B variant",0.5768500948766605,1.107247561768652,0.3029197080291971,0.6371273043072426,1.0,4/4,42.38%,Q9UK41;Q99816;Q9H7P6-1;Q86XT2
prerank,SNARE complex STX1B-SNAP25-VAMP1,0.6176151761517615,1.106305306895159,0.3086253369272237,0.6376904433592065,1.0,3/3,38.29%,P60880;P23763;P61266
prerank,"ILK-PINCH-Parvin complex, LIMS2-PARVB variant",0.6127371273712736,1.1053595065841388,0.2892347600518807,0.638378125876903,1.0,3/3,38.78%,Q13418;Q7Z4I7;Q9HBI1
prerank,"SREBP-SCAP-INSIG sequestering complex, INSIG1-SREBF1 variant",0.6168021680216802,1.103974850359246,0.32476319350473615,0.6401743093497526,1.0,3/3,38.37%,CHEBI:42977;CPX-25745;O15503
prerank,CKM complex variant 1,0.5708864190837625,1.1037403146955205,0.3041871921182266,0.6387416160048175,1.0,4/4,42.97%,P24863;Q93074;Q9UHV7;P49336
prerank,CKM complex variant 2,0.5698021143941447,1.1029338349466749,0.3137973137973138,0.6389390929415638,1.0,4/4,43.08%,P24863;Q93074;Q9UHV7;Q9BWU1
prerank,PDGF receptor alpha-beta - PDGF-AB complex,0.5738682569802116,1.1012832462970936,0.3329355608591885,0.6415434297486515,1.0,4/4,42.68%,P09619;P16234;P04085;P01127
prerank,"Mitochondrial calcium uniporter complex, MICU1-MICU3 variant",0.5744104093250204,1.1006219299646662,0.30481927710843376,0.6414857444508535,1.0,4/4,42.62%,Q8NE86;Q9H4I9;Q9BPX6;Q86XE3
prerank,"GABA-A receptor, alpha1-alpha3-beta2-gamma2",0.5646516671184604,1.0995988544366364,0.32860520094562645,0.6424052403172272,1.0,4/4,43.60%,P47870;P18507;P34903;P14867
prerank,SNARE complex STX1A-SNAP25-VAMP2,0.6170731707317073,1.0988160309886068,0.3028263795423957,0.6426213234753172,1.0,3/3,38.34%,P60880;Q16623;P63027
prerank,SNARE complex STX1A-SNAP25-VAMP1,0.6178861788617886,1.0980443710113774,0.3292847503373819,0.6426875480582201,1.0,3/3,38.26%,P60880;Q16623;P23763
prerank,"SREBP-SCAP-INSIG sequestering complex, INSIG2-SREBF1 variant",0.6165311653116532,1.0979741936721135,0.309114927344782,0.6408741187090604,1.0,3/3,38.40%,CHEBI:42977;CPX-25745;Q9Y5U4
prerank,"LKB1-STRAD-MO25 serine/threonine protein kinase complex, CAB39L-STRADA variant",0.6135501355013551,1.0979733576037778,0.3019108280254777,0.6388705076253349,1.0,3/3,38.69%,Q15831;Q9H9S4;Q7RTN6
prerank,"ILK-PINCH-Parvin complex, LIMS1-PARVA variant",0.6124661246612466,1.0960277710892712,0.32170542635658916,0.642309677384849,1.0,3/3,38.80%,Q13418;Q9NVD7;P48059
prerank,"GABA-A receptor, alpha1-beta1-beta2-gamma2",0.5646516671184604,1.095280880027166,0.3309265944645006,0.64231882033458,1.0,4/4,43.60%,P47870;P18507;P18505;P14867
prerank,"ILK-PINCH-Parvin complex, LIMS1-PARVB variant",0.6124661246612466,1.0946636587654557,0.32903225806451614,0.6420105684273582,1.0,3/3,38.80%,Q13418;Q9HBI1;P48059
prerank,Mitochondrial BOLA1-GLRX5 iron-sulfur cluster assembly complex,0.5655772930159033,1.0930217027749927,0.3209580838323353,0.6445389846290125,1.0,2/4,2.03%,CHEBI:33737;CHEBI:16856
prerank,"Cav1.2 voltage-gated calcium channel complex, CACNA2D1-CACNB4 variant",0.5597722960151801,1.0923316178678295,0.3112980769230769,0.644438398337675,1.0,4/4,44.08%,Q13936;O00305;P54289-PRO_0000005002;P54289-PRO_0000005001
prerank,Mitochondrial BOLA3-GLRX5 iron-sulfur cluster assembly complex,0.5655772930159033,1.0905821868984265,0.3210463733650416,0.6472705579938748,1.0,2/4,2.03%,CHEBI:33737;CHEBI:16856
prerank,"SREBP-SCAP-INSIG sequestering complex, INSIG1-SREBF2 variant",0.6168021680216802,1.090535073571047,0.32669322709163345,0.6454030473466997,1.0,3/3,38.37%,CHEBI:42977;CPX-25721;O15503
prerank,"LKB1-STRAD-MO25 serine/threonine protein kinase complex, CAB39L-STRADB variant",0.6121951219512195,1.089727741685638,0.3218390804597701,0.645625516043733,1.0,3/3,38.83%,Q15831;Q9H9S4;Q9C0K7
prerank,"LKB1-STRAD-MO25 serine/threonine protein kinase complex, CAB39-STRADA variant",0.6135501355013551,1.0884837053299778,0.3302872062663185,0.6471347651028657,1.0,3/3,38.69%,Q15831;Q9Y376;Q7RTN6
prerank,GLUK1-GLUK3-GLUK4 glutamate ionotropic kainate-type receptor complex,0.6140921409214093,1.0883870875163415,0.3282051282051282,0.6454522033336655,1.0,3/3,38.64%,P39086;Q13003;Q16099
prerank,"Cav1.2 voltage-gated calcium channel complex, CACNA2D4-CACNB3 variant",0.5600433721875845,1.0876280595779024,0.30538922155688625,0.6455072406455501,1.0,4/4,44.06%,Q13936;P54284;Q7Z3S7-PRO_0000304657;Q7Z3S7-PRO_0000304656
prerank,"GABA-A receptor, alpha1-beta2-beta3-gamma2",0.5646516671184604,1.0872818327059228,0.3281437125748503,0.6444224950215767,1.0,4/4,43.60%,P28472;P47870;P18507;P14867
prerank,"Cav1.2 voltage-gated calcium channel complex, CACNA2D4-CACNB4 variant",0.5600433721875845,1.087034953955266,0.3381294964028777,0.6431644576723771,1.0,4/4,44.06%,Q13936;O00305;Q7Z3S7-PRO_0000304657;Q7Z3S7-PRO_0000304656
prerank,"LKB1-STRAD-MO25 serine/threonine protein kinase complex, CAB39-STRADB variant",0.6121951219512195,1.0857510612784997,0.3410553410553411,0.6448291026837547,1.0,3/3,38.83%,Q15831;Q9Y376;Q9C0K7
prerank,"RNA decapping and exonuclease complex, DCP1A variant",0.5009492812584759,1.0851661634343084,0.3329571106094808,0.6445261286254481,1.0,6/6,49.99%,P26196;Q96F86;Q6P2E9;Q8IU60;Q8IZH2;Q9NPI6
prerank,"Cav1.2 voltage-gated calcium channel complex, CACNA2D4-CACNB1 variant",0.5600433721875845,1.0850849776747284,0.3475609756097561,0.6428317944326247,1.0,4/4,44.06%,Q13936;Q02641;Q7Z3S7-PRO_0000304657;Q7Z3S7-PRO_0000304656
prerank,"Cav1.2 voltage-gated calcium channel complex, CACNA2D1-CACNB3 variant",0.5597722960151801,1.0843007687482908,0.3337349397590361,0.6431242972804009,1.0,4/4,44.08%,Q13936;P54284;P54289-PRO_0000005002;P54289-PRO_0000005001
prerank,"Cav1.2 voltage-gated calcium channel complex, CACNA2D1-CACNB2 variant",0.5597722960151801,1.0841851736522015,0.35251798561151076,0.6415293504755353,1.0,4/4,44.08%,Q13936;Q08289;P54289-PRO_0000005002;P54289-PRO_0000005001
prerank,"Cav1.2 voltage-gated calcium channel complex, CACNA2D4-CACNB2 variant",0.5600433721875845,1.084144277412462,0.3284671532846715,0.6397519214238788,1.0,4/4,44.06%,Q13936;Q08289;Q7Z3S7-PRO_0000304657;Q7Z3S7-PRO_0000304656
prerank,"Cav1.2 voltage-gated calcium channel complex, CACNA2D1-CACNB1 variant",0.5597722960151801,1.0832959190248508,0.3473557692307692,0.6402016331019945,1.0,4/4,44.08%,Q13936;Q02641;P54289-PRO_0000005002;P54289-PRO_0000005001
prerank,"SREBP-SCAP-INSIG sequestering complex, INSIG2-SREBF2 variant",0.6165311653116532,1.0824242298795081,0.3404539385847797,0.6407179244202654,1.0,3/3,38.40%,CHEBI:42977;CPX-25721;Q9Y5U4
prerank,"MON1-CCZ1B guanyl-nucleotide exchange factor complex, MON1B variant",0.6105691056910569,1.0816066726680884,0.33159268929503916,0.6409719342820246,1.0,3/3,38.99%,Q96DM3;Q7L1V2;P86790
prerank,"MON1-CCZ1 guanyl-nucleotide exchange factor complex, MON1B variant",0.6113821138211383,1.0806805443092704,0.3395472703062583,0.6416659149722475,1.0,3/3,38.91%,Q96DM3;P86791;Q7L1V2
prerank,"Cav1.2 voltage-gated calcium channel complex, CACNA2D2-CACNB4 variant",0.5611276768772022,1.0787466259222647,0.3365500603136309,0.6450771995253827,1.0,4/4,43.95%,Q13936;O00305;Q9NY47-PRO_0000304639;Q9NY47-PRO_0000304637
prerank,"Cav1.2 voltage-gated calcium channel complex, CACNA2D3-CACNB3 variant",0.5603144483599889,1.0782915423057904,0.35568862275449104,0.6444435488993336,1.0,4/4,44.03%,Q13936;P54284;Q8IZS8-PRO_0000304647;Q8IZS8-PRO_0000304648
prerank,"mTNF-TNR1A receptor-ligand core complex, BIRC2 variant",0.4796527400976668,1.078098506427468,0.34490238611713664,0.6431546494186889,1.0,7/7,52.13%,Q12933;Q13546;CPX-8931;Q13490;P19438-PRO_0000034543;O00463;Q15628
prerank,"Cav1.2 voltage-gated calcium channel complex, CACNA2D2-CACNB3 variant",0.5611276768772022,1.0767052404933288,0.3478787878787879,0.6450139443668876,1.0,4/4,43.95%,Q13936;P54284;Q9NY47-PRO_0000304639;Q9NY47-PRO_0000304637
prerank,GLUK1-GLUK2-GLUK4 glutamate ionotropic kainate-type receptor complex,0.6140921409214093,1.0760625662089032,0.36270753512132825,0.6449153477094475,1.0,3/3,38.64%,Q13002;P39086;Q16099
prerank,"Cav1.2 voltage-gated calcium channel complex, CACNA2D2-CACNB2 variant",0.5611276768772022,1.0759644732849,0.35542168674698793,0.6433112323741715,1.0,4/4,43.95%,Q13936;Q08289;Q9NY47-PRO_0000304639;Q9NY47-PRO_0000304637
prerank,"Cav1.2 voltage-gated calcium channel complex, CACNA2D2-CACNB1 variant",0.5611276768772022,1.0758768809973964,0.3580097087378641,0.641704795559437,1.0,4/4,43.95%,Q13936;Q02641;Q9NY47-PRO_0000304639;Q9NY47-PRO_0000304637
prerank,"Cav1.2 voltage-gated calcium channel complex, CACNA2D3-CACNB2 variant",0.5603144483599889,1.0754201953259304,0.3574007220216607,0.6410621198182972,1.0,4/4,44.03%,Q13936;Q08289;Q8IZS8-PRO_0000304647;Q8IZS8-PRO_0000304648
prerank,"Cav1.2 voltage-gated calcium channel complex, CACNA2D3-CACNB4 variant",0.5603144483599889,1.074073989115738,0.3704600484261501,0.6427438825694537,1.0,4/4,44.03%,Q13936;O00305;Q8IZS8-PRO_0000304647;Q8IZS8-PRO_0000304648
prerank,Classical and lectin pathway C3 convertase complex C4b2a-A,0.5502846299810248,1.071768434814524,0.36211031175059955,0.6470515517150842,1.0,4/4,45.03%,P06681-PRO_0000027612;P0C0L4-PRO_0000005972;P0C0L4-PRO_0000005970;P0C0L4-PRO_0000005966
prerank,"Cav1.2 voltage-gated calcium channel complex, CACNA2D3-CACNB1 variant",0.5603144483599889,1.071706867661781,0.375,0.6454023090559055,1.0,4/4,44.03%,Q13936;Q02641;Q8IZS8-PRO_0000304647;Q8IZS8-PRO_0000304648
prerank,"MON1-CCZ1 guanyl-nucleotide exchange factor complex, MON1A variant",0.6102981029810299,1.0715253735714108,0.3618421052631579,0.6440575228581917,1.0,3/3,39.02%,Q96DM3;P86791;Q86VX9
prerank,"RNA decapping and exonuclease complex, DCP1B variant",0.49633848657445095,1.0703501430076154,0.3501683501683502,0.645398186206285,1.0,6/6,50.45%,P26196;Q96F86;Q6P2E9;Q8IU60;Q8IZH2;Q8IZD4
prerank,"Ubiquitous AP-1 Adaptor complex, sigma1c variant",0.5516400108430471,1.0694707710060107,0.3658243080625752,0.6458734512992832,1.0,4/4,44.90%,Q10567;O43747;Q9BXS5;Q96PC3
prerank,CL-LK-MASP1 lectin-protease complex,0.5557061534291137,1.0687008541179992,0.381294964028777,0.6460694754336709,1.0,4/4,44.49%,P48740-PRO_0000027593;P48740-PRO_0000027594;Q9Y6Z7;Q9BWP8
prerank,"mTNF-TNR1A receptor-ligand core complex, BIRC3 variant",0.4796527400976668,1.06863368877981,0.38054054054054054,0.6444684594325379,1.0,7/7,52.13%,Q12933;Q13546;CPX-8931;Q13489;P19438-PRO_0000034543;O00463;Q15628
prerank,"MON1-CCZ1B guanyl-nucleotide exchange factor complex, MON1A variant",0.6102981029810298,1.0678092041625384,0.376984126984127,0.6449343474405604,1.0,3/3,39.02%,Q96DM3;P86790;Q86VX9
prerank,"SEC61 protein-conducting channel complex, SEC1A1 variant",0.5955654101995566,1.0673293683544551,0.35621761658031087,0.6443770942925897,1.0,2/3,13.21%,P60468;P60059
prerank,"Ubiquitous AP-1 Adaptor complex, sigma1b variant",0.5510978584982382,1.06581141769984,0.3602941176470588,0.6466010020135445,1.0,4/4,44.95%,Q10567;O43747;Q9BXS5;P56377
prerank,Interleukin-17A-F receptor-ligand complex,0.514642082429501,1.060930256915417,0.37856328392246297,0.6574520824244511,1.0,5/5,48.61%,Q96F46;O43734;Q16552;Q96PD4;Q8NAC3
prerank,"Prefoldin co-chaperone complex, URI1 variant",0.5265726681127982,1.0588483695549638,0.36565420560747663,0.6612328747505041,1.0,5/5,47.41%,Q9UHV9;O15212;Q9NUG6;Q9UBK9;O94763
prerank,"AMPK complex, alpha2-beta2-gamma2 variant",0.5888888888888888,1.057943907874032,0.36186770428015563,0.6617724743647343,1.0,3/3,41.16%,O43741;P54646;Q9UGJ0
prerank,"SEC61 protein-conducting channel complex, SEC1A2 variant",0.5955654101995566,1.0575217688966614,0.3722721437740693,0.6611169577121259,1.0,2/3,13.21%,P60468;P60059
prerank,"Interferon alpha receptor-ligand complex, IFNA16 variant",0.5925624811803674,1.0572586905580914,0.36005089058524176,0.6600399670219365,1.0,2/3,19.79%,P48551;P17181
prerank,Interleukin-4 receptor-ligand type-2 complex,-0.5517615176151761,-1.0560899203149823,0.3543307086614173,0.3836326185088205,1.0,3/3,44.90%,P78552;P05112;P24394
prerank,"AMPK complex, alpha1-beta2-gamma2 variant",0.5888888888888889,1.0557636342814078,0.3606340819022457,0.6621081927045647,1.0,3/3,41.16%,O43741;Q13131;Q9UGJ0
prerank,"Interferon alpha receptor-ligand complex, IFNA21 variant",0.5925624811803674,1.0554419346590045,0.3732833957553059,0.6611170389149178,1.0,2/3,19.79%,P48551;P17181
prerank,"Interferon alpha receptor-ligand complex, IFNA10 variant",0.5925624811803674,1.0545484595964736,0.37735849056603776,0.6615205159674841,1.0,2/3,19.79%,P48551;P17181
prerank,"AMPK complex, alpha2-beta1-gamma1 variant",0.5899728997289972,1.0540837521172925,0.3710292249047014,0.660894708327479,1.0,3/3,41.05%,Q9Y478;P54646;P54619
prerank,"RAVE complex, DMXL2 variant",0.5910569105691057,1.0538875262463405,0.37532467532467534,0.6596440566152103,1.0,3/3,40.94%,Q9Y4E6;Q9GZN7;Q8TDJ6
prerank,"AMPK complex, alpha1-beta1-gamma1 variant",0.5899728997289972,1.0532051581335056,0.3735558408215661,0.6596840502137172,1.0,3/3,41.05%,Q9Y478;Q13131;P54619
prerank,CL-LK-MASP2 lectin-protease complex,0.5557061534291137,1.0520000038459056,0.3872549019607843,0.661095111812224,1.0,4/4,44.49%,O00187-PRO_0000027600;O00187-PRO_0000027599;Q9Y6Z7;Q9BWP8
prerank,"AMPK complex, alpha1-beta2-gamma1 variant",0.5899728997289972,1.051511334904831,0.3821571238348868,0.6605416014896641,1.0,3/3,41.05%,O43741;Q13131;P54619
prerank,Collagen type IV trimer variant 3,0.5886178861788619,1.050824606416914,0.37142857142857144,0.6605574500757095,1.0,3/3,41.19%,P29400;Q01955;P53420
prerank,Interleukin-23 receptor-ligand complex,0.5421523448088916,1.050072147952952,0.37423312883435583,0.6608236026693723,1.0,4/4,45.84%,P42701-PRO_0000010917;P29460-PRO_0000010930;Q9NPF7-PRO_0000259488;Q5VWK5-PRO_0000268662
prerank,Interleukin-18 receptor-ligand complex,0.5869918699186993,1.0491044589350378,0.39602649006622515,0.661478156618126,1.0,3/3,41.35%,Q14116;Q13478;O95256
prerank,"AMPK complex, alpha1-beta1-gamma2 variant",0.5888888888888889,1.0489838402035234,0.3754889178617992,0.6600334690636982,1.0,3/3,41.16%,Q9Y478;Q13131;Q9UGJ0
prerank,"Interferon alpha receptor-ligand complex, IFNA17 variant",0.5925624811803674,1.0486636601673414,0.37707006369426754,0.6591416874068652,1.0,2/3,19.79%,P48551;P17181
prerank,"Interferon alpha receptor-ligand complex, IFNA5 variant",0.5925624811803674,1.0484203777851833,0.38578680203045684,0.6580038253218139,1.0,2/3,19.79%,P48551;P17181
prerank,"TAK1-TAB complex, TAB3 variant",0.5872628726287263,1.0478216891397727,0.39791937581274384,0.6578392516522795,1.0,3/3,41.32%,Q15750;O43318;Q8N5C8
prerank,Interferon epsilon receptor-ligand complex,0.5925624811803674,1.0473856702048088,0.3826530612244898,0.6573058563630717,1.0,2/3,19.79%,P48551;P17181
prerank,"Interferon alpha receptor-ligand complex, IFNA14 variant",0.5925624811803674,1.0457602334520397,0.3962025316455696,0.6596200709145895,1.0,2/3,19.79%,P48551;P17181
prerank,"AMPK complex, alpha2-beta2-gamma1 variant",0.5899728997289972,1.0448951509688755,0.37632978723404253,0.6601985543141338,1.0,3/3,41.05%,O43741;P54646;P54619
prerank,"AMPK complex, alpha1-beta2-gamma3 variant",0.5818428184281843,1.0434842051364799,0.3815789473684211,0.66202951146793,1.0,3/3,41.86%,O43741;Q13131;Q9UGI9
prerank,Interferon omega receptor-ligand complex,0.5925624811803674,1.0432856288867467,0.3953488372093023,0.6608319563296114,1.0,2/3,19.79%,P48551;P17181
prerank,"Endothelial AP-1 Adaptor complex, sigma1a variant",0.5435077256709138,1.043006408865606,0.3778857837181045,0.6598586442851148,1.0,4/4,45.71%,Q10567;O43747;P61966;Q9Y6Q5
prerank,"AMPK complex, alpha2-beta1-gamma2 variant",0.5888888888888888,1.0425986949336854,0.3987096774193548,0.6591892161224059,1.0,3/3,41.16%,Q9Y478;P54646;Q9UGJ0
prerank,"sTNF-TNR1A receptor-ligand core complex, BIRC2 variant",0.46011937059142693,1.0415361160674088,0.4053475935828877,0.660111120845464,1.0,7/7,54.08%,Q12933;Q13546;Q13490;P19438-PRO_0000034543;O00463;Q15628;CPX-8826
prerank,"Interferon alpha receptor-ligand complex, IFNA8 variant",0.5925624811803674,1.0411027604330432,0.388250319284802,0.6595077721770489,1.0,2/3,19.79%,P48551;P17181
prerank,Interferon beta receptor-ligand complex,0.5925624811803674,1.0410795672305433,0.3892445582586428,0.6578783108134467,1.0,2/3,19.79%,P48551;P17181
prerank,"Interferon alpha receptor-ligand complex, IFNA6 variant",0.5925624811803674,1.04093183233924,0.40283140283140284,0.6565661601482473,1.0,2/3,19.79%,P48551;P17181
prerank,Interferon kappa receptor-ligand complex,0.5925624811803674,1.0408036822086257,0.4198473282442748,0.6552592263795624,1.0,2/3,19.79%,P48551;P17181
prerank,"GABA-A receptor, alpha1-alpha2-beta2-beta3-gamma2",0.5037960954446854,1.0400883646621804,0.41169853768278963,0.6553110298589547,1.0,5/5,49.69%,P28472;P47870;P18507;P14867;P47869
prerank,"AMPK complex, alpha1-beta1-gamma3 variant",0.5818428184281843,1.0397134457022448,0.3898963730569948,0.6545254593052179,1.0,3/3,41.86%,Q9Y478;Q13131;Q9UGI9
prerank,"Interferon alpha receptor-ligand complex, IFNA2 variant",0.5925624811803674,1.0386030708034164,0.40897435897435896,0.6555037301539451,1.0,2/3,19.79%,P48551;P17181
prerank,Interleukin-6 sIL6R-mIL6ST receptor-ligand trans-signalling complex,-0.5428184281842818,-1.038000750059664,0.3991228070175439,0.41034723635468723,1.0,3/3,45.79%,P40189-1;P08887-PRO_0000450730;P05231
prerank,Interleukin-13 receptor-ligand alpha 1 complex,-0.5517615176151761,-1.0378356335461503,0.3541666666666667,0.4099892284018713,1.0,3/3,44.90%,P78552;P35225;P24394
prerank,COPII vesicle coat complex,0.43051031487513597,1.0377618120430465,0.4200426439232409,0.656089545360968,1.0,9/9,57.05%,P55735;O94979;O95486;P53992;O94855;Q9NQW1;Q9NR31;Q9Y6B6;O95487
prerank,"GABA-A receptor, alpha1-alpha2-beta1-beta2-gamma2",0.5037960954446855,1.037093468226084,0.42775229357798167,0.6559771971696977,1.0,5/5,49.69%,P47870;P18507;P18505;P14867;P47869
prerank,"Interferon alpha receptor-ligand complex, IFNA1 variant",0.5925624811803674,1.0370864272249156,0.40660736975857686,0.6543518477858211,1.0,2/3,19.79%,P48551;P17181
prerank,"PAR cell polarity complex, PARD6B-PRKCZ variant",0.5734417344173443,1.036932029649297,0.39731543624161075,0.6530776265964958,1.0,3/3,42.70%,Q8TEW0;Q05513;Q9BYG5
prerank,"Interferon alpha receptor-ligand complex, IFNA4 variant",0.5925624811803674,1.0368140838129782,0.4012738853503185,0.6517295925053407,1.0,2/3,19.79%,P48551;P17181
prerank,"Interferon alpha receptor-ligand complex, IFNA7 variant",0.5925624811803674,1.0353458196218892,0.4082687338501292,0.6538354870776583,1.0,2/3,19.79%,P48551;P17181
prerank,"AMPK complex, alpha2-beta2-gamma3 variant",0.5818428184281843,1.034953949566539,0.3919270833333333,0.6531489426361387,1.0,3/3,41.86%,O43741;P54646;Q9UGI9
prerank,"Poly(A) tail exosome targeting complex, RBM27 variant",0.5000000000000001,1.0344454518684147,0.4129181084198385,0.6528608191028974,1.0,5/5,50.07%,P42285;O60293;Q86U42;Q8IXZ2;Q9P2N5
prerank,"TAK1-TAB complex, TAB2 variant",0.5842818428184282,1.0342415279396715,0.4013071895424837,0.6517775201744518,1.0,3/3,41.62%,Q15750;O43318;Q9NYJ8
prerank,CCM endothelial permeability complex,0.5845528455284554,1.0327914900983854,0.4041184041184041,0.6538286143281397,1.0,3/3,41.59%,O00522;Q9BSQ5;Q9BUL8
prerank,"PAR cell polarity complex, PARD6B-PRKCI variant",0.5734417344173443,1.0325814667535527,0.42277486910994766,0.6527736493078897,1.0,3/3,42.70%,Q8TEW0;P41743;Q9BYG5
prerank,"RAVE complex, DMXL1 variant",0.5859078590785908,1.0309841710396757,0.4061662198391421,0.6550964640610967,1.0,3/3,41.46%,Q9Y4E6;Q9GZN7;Q9Y485
prerank,"AMPK complex, alpha2-beta1-gamma3 variant",0.5818428184281843,1.0303429690397334,0.39666238767650835,0.6550316726947911,1.0,3/3,41.86%,Q9Y478;P54646;Q9UGI9
prerank,"Poly(A) tail exosome targeting complex, RBM26 variant",0.5010845986984817,1.0286993328221372,0.41965317919075146,0.6575434711410203,1.0,5/5,49.96%,P42285;O60293;Q86U42;Q8IXZ2;Q5T8P6
prerank,"sTNF-TNR1A receptor-ligand core complex, BIRC3 variant",0.46011937059142693,1.027826891233922,0.42934196332254587,0.6580484990149671,1.0,7/7,54.08%,Q12933;Q13546;Q13489;P19438-PRO_0000034543;O00463;Q15628;CPX-8826
prerank,"Dynein-1 complex, variant 13",0.47219962028749646,1.0271437953398372,0.42075892857142855,0.6581330697146076,1.0,6/6,52.86%,Q96FJ2;Q9NP97;P51808;Q14204;O14576;O43237
prerank,"Dynein-1 complex, variant 15",0.4719283970707891,1.0260116595220747,0.4282511210762332,0.6592708343531544,1.0,6/6,52.88%,Q96FJ2;Q9NP97;P51808;Q14204;O43237;Q13409
prerank,"Katanin complex, KATNAL1-KATNB1 variant",0.57289972899729,1.0252916537928023,0.40158520475561427,0.6594726800051661,1.0,3/3,42.76%,CHEBI:15422;Q9BVA0;Q9BW62
prerank,"Interleukin-24 receptor-ligand complex, type 2",-0.5333333333333333,-1.0248897114205164,0.3760330578512397,0.42987126814702115,1.0,3/3,46.74%,Q13007;Q6UXL0;Q8N6P7
prerank,"PAR cell polarity complex, PARD6A-PRKCI variant",0.570189701897019,1.0233905417271967,0.42522756827048114,0.6625466244671903,1.0,3/3,43.03%,Q8TEW0;P41743;Q9NPB6
prerank,"Dynein-1 complex, variant 11",0.4719283970707891,1.023087297174666,0.4373601789709172,0.6617005196033741,1.0,6/6,52.88%,Q96FJ2;Q9NP97;P63172;Q14204;O43237;Q13409
prerank,"Katanin complex, KATNAL2-KATNB1 variant",0.5731707317073171,1.0230390102342835,0.4046692607003891,0.660232099283028,1.0,3/3,42.73%,CHEBI:15422;Q9BVA0;Q8IYT4
prerank,Interleukin-6 sIL6R-sIL6ST buffering receptor-ligand complex,-0.5428184281842818,-1.0226630848077625,0.4092827004219409,0.43286019340869364,1.0,3/3,45.79%,P40189-2;P08887-PRO_0000450730;P05231
prerank,"Dynein-1 complex, variant 16",0.47165717385408173,1.0223725778940205,0.43270300333704115,0.6603212189384958,1.0,6/6,52.91%,Q96FJ2;Q9NP97;P51808;Q14204;Q13409;Q9Y6G9
prerank,AIM2 inflammasome,0.572025526806776,1.0218326557738033,0.42911877394636017,0.660137268478558,1.0,2/3,20.25%,Q9ULZ3;P29466
prerank,PDGF receptor beta - PDGF-AB complex,0.5737127371273714,1.0214907047492388,0.4300385109114249,0.6594348054491819,1.0,3/3,42.68%,P09619;P04085;P01127
prerank,"Dynein-1 complex, variant 9",0.47219962028749646,1.0213339851850187,0.4533333333333333,0.6582857029803422,1.0,6/6,52.86%,Q96FJ2;Q9NP97;P63172;Q14204;O14576;O43237
prerank,Collagen type XI trimer variant 3,0.5712737127371273,1.0209989935211032,0.42528735632183906,0.657561029404881,1.0,3/3,42.92%,P12107;P05997;P20908
prerank,Classical and lectin pathway C3 convertase complex C4b2a-B,0.5288696123610735,1.0202986790813013,0.44457831325301206,0.657693409532233,1.0,4/4,47.17%,P06681-PRO_0000027612;P0C0L5-PRO_0000042703;P0C0L5-PRO_0000042706;P0C0L5-PRO_0000042699
prerank,"Dynein-1 complex, variant 12",0.47165717385408173,1.0191322290281046,0.43575418994413406,0.6589340236193171,1.0,6/6,52.91%,Q96FJ2;Q9NP97;P63172;Q14204;Q13409;Q9Y6G9
prerank,SNARE complex STX17-SNAP29-VAMP7,0.5688346883468836,1.0175307284432584,0.42118863049095606,0.6612237210311034,1.0,3/3,43.16%,P56962;O95721;P51809
prerank,"FTS-Hook-FHIP cargo adaptor complex, FHIP1A-HOOK1/3 variant",0.5226348603957712,1.0173195494352612,0.4218181818181818,0.6601890161086944,1.0,4/4,47.79%,Q9H8T0;Q9UJC3;Q86VS8;Q05DH4
prerank,"Katanin complex, KATNAL1-KATNBL1 variant",0.5728997289972901,1.0167709042555526,0.4270557029177719,0.6599523566194827,1.0,3/3,42.76%,CHEBI:15422;Q9H079;Q9BW62
prerank,"PAR cell polarity complex, PARD6A-PRKCZ variant",0.570189701897019,1.014956914966729,0.42818057455540354,0.6628727972529312,1.0,3/3,43.03%,Q8TEW0;Q05513;Q9NPB6
prerank,"Dynein-1 complex, variant 14",0.47165717385408173,1.0145510164697358,0.4373601789709172,0.6622844075510785,1.0,6/6,52.91%,Q96FJ2;Q9NP97;P51808;Q14204;O14576;Q9Y6G9
prerank,"PAR cell polarity complex, PARD6G-PRKCI variant",0.569918699186992,1.0141314415735518,0.44716494845360827,0.6618149017711394,1.0,3/3,43.05%,Q8TEW0;P41743;Q9BYG4
prerank,SNARE complex STX17-SNAP29-VAMP8,0.567479674796748,1.0140982771643305,0.44327176781002636,0.660357952112768,1.0,3/3,43.30%,P56962;O95721;Q9BV40
prerank,"Katanin complex, KATNAL2-KATNBL1 variant",0.5731707317073171,1.0131300349100605,0.44517833553500663,0.661203991592588,1.0,3/3,42.73%,CHEBI:15422;Q9H079;Q8IYT4
prerank,"Dynein-1 complex, variant 10",0.47165717385408173,1.0122573523727856,0.46205357142857145,0.6616828606497287,1.0,6/6,52.91%,Q96FJ2;Q9NP97;P63172;Q14204;O14576;Q9Y6G9
prerank,SNARE complex STX17-SNAP47-VAMP7,0.5682926829268293,1.011593571681262,0.4441591784338896,0.6616621797663224,1.0,3/3,43.22%,P56962;P51809;Q5SQN1
prerank,PDGF receptor alpha - PDGF-AB complex,0.5737127371273714,1.011324095809851,0.4509043927648579,0.6608656218567937,1.0,3/3,42.68%,P16234;P04085;P01127
prerank,SNARE complex STX17-SNAP47-VAMP8,0.567479674796748,1.0109938858808427,0.4543046357615894,0.6601043175707154,1.0,3/3,43.30%,P56962;Q5SQN1;Q9BV40
prerank,"Katanin complex, KATNA1-KATNBL1 variant",0.5691056910569107,1.0102516944946698,0.42987012987012985,0.6603225325792285,1.0,3/3,43.14%,CHEBI:15422;Q9H079;O75449
prerank,"PAR cell polarity complex, PARD6G-PRKCZ variant",0.5699186991869919,1.0098894664770304,0.43973509933774835,0.6596629319732097,1.0,3/3,43.05%,Q8TEW0;Q05513;Q9BYG4
prerank,"Katanin complex, KATNA1-KATNB1 variant",0.5691056910569107,1.0077854483804436,0.4444444444444444,0.6630600700958866,1.0,3/3,43.14%,CHEBI:15422;Q9BVA0;O75449
prerank,"GABA-A receptor, alpha1-beta2-gamma2",0.56449864498645,1.0051059803765343,0.4467265725288832,0.6676851306207574,1.0,3/3,43.60%,P47870;P18507;P14867
prerank,"GABA-A receptor, alpha3-beta1-gamma2 complex",0.5658536585365854,1.004583196018555,0.4604221635883905,0.6673673912297876,1.0,3/3,43.46%,P18507;P18505;P34903
prerank,Interleukin-20 receptor-ligand type 2 complex,-0.5333333333333333,-1.0032822306152063,0.3872340425531915,0.4638684510649792,1.0,3/3,46.74%,Q9NYY1-PRO_0000015381;Q6UXL0;Q8N6P7
prerank,"GABA-A receptor, alpha1-beta1-gamma2",0.56449864498645,1.001079114530883,0.4471968709256845,0.674015150847794,1.0,3/3,43.60%,P18507;P18505;P14867
prerank,"GABA-A receptor, alpha3-beta3-gamma2",0.5658536585365854,1.0000710495783036,0.4718954248366013,0.6748106495330027,1.0,3/3,43.46%,P28472;P18507;P34903
prerank,Major Spliceosomal B-act-IV complex,-0.6402739726027397,-1.0,1.0,0.4546609015719298,1.0,43/43,36.75%,O60231;Q8WUA2;O15541;Q7RTV0;O95926;Q9Y3C6;O60508;Q9UMS4;Q9HCG8;Q9UQ35;O75934;P41223;Q9NW64;Q9BZJ0;O60306;Q9UNP9;Q9HCS7;Q9P013;Q99459;O43660;URS000075BAAE_9606;Q13573;Q15427;Q13435;Q12874;URS00006767A8_9606;Q15029;Q96DI7;Q6P2Q9;CHEBI:139356;P08579;P09661;URS00006A1489_9606;P62316;P62314;P62308;P14678;P62304;P62306;P62318;O75533;Q15393;Q9BWJ5
prerank,"60S cytosolic large ribosomal subunit, striated muscle variant",-0.9596707818930041,-1.0,1.0,0.4546609015719298,1.0,48/48,5.31%,Q92901;P83881;P27635;P62891;P62750;P61353;P61513;P62899;P61313;P61927;P62424;P62829;Q9Y3U8;Q07020;P62913;P62945;P62917;P62987;P62910;URS00000F9D45_9606;P63173;P83731;P84098;Q02543;URS0000ABD82A_9606;Q02878;URS000075D341_9606;P32969;P36578;P50914;P47914;P49207;P62888;P62906;P26373;P05387;P18621;P18124;P18077;P05386;P46777;P42766;P46776;P46778;P05388;P30050;P46779;P40429
prerank,Major Spliceosomal B-act-I complex,-0.6404494382022472,-1.0,1.0,0.4546609015719298,1.0,44/44,36.75%,Q6UX04;Q8IYB3;CPX-26447;O15541;Q13356;Q7RTV0;Q9HCG8;Q9UQ35;P41223;Q9NW64;Q9BZJ0;O60306;Q9UNP9;Q9HCS7;Q9P013;Q99459;O43660;URS000075BAAE_9606;Q13573;Q9Y3B4;Q15459;Q15428;Q15427;Q13435;Q12874;O75643;URS00006767A8_9606;Q15029;Q96DI7;Q6P2Q9;CHEBI:139356;P08579;P09661;URS00006A1489_9606;P62316;P62314;P62308;P14678;P62304;P62306;P62318;O75533;Q15393;Q9BWJ5
prerank,60S cytosolic large ribosomal subunit,-0.9594075699396599,-1.0,1.0,0.4546609015719298,1.0,47/47,5.31%,P39023;P27635;P62891;P62750;P61353;P61513;P62899;P61313;P61927;P62424;P62829;Q9Y3U8;Q07020;P62913;P62945;P62917;P62987;P62910;URS00000F9D45_9606;P63173;P83731;P84098;Q02543;URS0000ABD82A_9606;Q02878;URS000075D341_9606;P32969;P36578;P50914;P47914;P49207;P62888;P62906;P26373;P05387;P18621;P18124;P18077;P05386;P46777;P42766;P46776;P46778;P05388;P30050;P46779;P40429
prerank,Mitochondrial respiratory chain complex I,-0.8301317233809001,-1.0,1.0,0.4546609015719298,1.0,49/49,18.12%,Q9UI09;Q9Y6M9;Q9P0J0;P17568;P03923;O95298;O75438;P49821;O43674;P19404;P03915;O75489;O95168;O95167;O95139;P03886;P03905;CHEBI:30408;CHEBI:64607;CHEBI:58210;O00217;O15239;O43181;O43677;P51970;P56181;P56556;Q16795;Q16718;Q86Y39;Q9NX14;O43676;P28331;O43920;O43678;O75251;O75306;O75380;O95169;O96000;O95299;O95178;O95182;P03897;P03891;P03901;O14561;CHEBI:49601;CHEBI:16238
prerank,Major Post-catalytic P Spliceosome complex,-0.6569003285870756,-1.0,1.0,0.4546609015719298,1.0,41/41,35.07%,Q9H875;Q14562;O95391;O15234;P61326;Q9Y5S9;P38919;O95926;Q9Y3C6;O60508;Q9UMS4;Q9HCG8;Q9UQ35;O75934;P41223;Q9NW64;Q9BZJ0;O60306;Q9UNP9;Q9HCS7;Q9P013;Q99459;O43660;URS000075BAAE_9606;Q13573;O75643;URS00006767A8_9606;Q15029;Q96DI7;Q6P2Q9;CHEBI:139356;P08579;P09661;URS00006A1489_9606;P62316;P62314;P62308;P14678;P62304;P62306;P62318
prerank,Major Spliceosomal Post-B-act complex,-0.6399233296823658,-1.0,1.0,0.4546609015719298,1.0,41/41,36.75%,O60231;Q8WUA2;Q7RTV0;O95926;Q9Y3C6;O60508;Q9UMS4;Q9HCG8;Q9UQ35;O75934;P41223;Q9NW64;Q9BZJ0;O60306;Q9UNP9;Q9HCS7;Q9P013;Q99459;O43660;URS000075BAAE_9606;Q13573;Q15427;Q13435;URS00006767A8_9606;Q15029;Q96DI7;Q6P2Q9;CHEBI:139356;P08579;P09661;URS00006A1489_9606;P62316;P62314;P62308;P14678;P62304;P62306;P62318;O75533;Q15393;Q9BWJ5
prerank,Major Spliceosomal Pre-C*-I complex,-0.6565407772304325,-1.0,1.0,0.4546609015719298,1.0,39/39,35.07%,Q9GZU8;Q14562;O15234;P61326;Q9Y5S9;P38919;O95926;Q9Y3C6;O60508;Q9UMS4;Q9HCG8;Q9UQ35;O75934;P41223;Q9NW64;Q9BZJ0;O60306;Q9UNP9;Q9HCS7;Q9P013;Q99459;O43660;URS000075BAAE_9606;Q13573;URS00006767A8_9606;Q15029;Q96DI7;Q6P2Q9;CHEBI:139356;P08579;P09661;URS00006A1489_9606;P62316;P62314;P62308;P14678;P62304;P62306;P62318
prerank,"Intron Lariat Spliceosome, type 2 complex",-0.655464480874317,-1.0,1.0,0.4546609015719298,1.0,33/33,35.07%,Q2TBE0;O43143;O95926;Q9Y3C6;O60508;Q9UMS4;O75934;P41223;Q9NW64;Q9BZJ0;O60306;Q9UNP9;Q9HCS7;Q9P013;Q99459;O43660;URS000075BAAE_9606;Q13573;URS00006767A8_9606;Q15029;Q96DI7;Q6P2Q9;CHEBI:139356;P08579;P09661;URS00006A1489_9606;P62316;P62314;P62308;P14678;P62304;P62306;P62318
prerank,Major Spliceosomal B complex,-0.640625,-1.0,1.0,0.4546609015719298,1.0,45/45,36.75%,O43395;Q8WVK2;O43172;Q53GS9;O43290;URS0000715A86_9606;URS0000631BD4_9606;Q9BTD8;P83876;Q9UK45;O95777;P62310;Q9Y4Y9;P62312;Q9Y333;Q9Y4Z0;O94906;Q8WWY3;Q9BUQ8;Q9Y3B4;Q15459;Q15428;Q15427;Q13435;Q12874;O75643;URS00006767A8_9606;Q15029;Q96DI7;Q6P2Q9;CHEBI:139356;P08579;P09661;URS00006A1489_9606;P62316;P62314;P62308;P14678;P62304;P62306;P62318;P55769;O75533;Q15393;Q9BWJ5
prerank,Major Spliceosomal B-act-II complex,-0.6402739726027397,-1.0,1.0,0.4546609015719298,1.0,43/43,36.75%,O60231;Q8WUA2;O15541;Q13356;Q7RTV0;Q9Y3C6;Q9HCG8;Q9UQ35;P41223;Q9NW64;Q9BZJ0;O60306;Q9UNP9;Q9HCS7;Q9P013;Q99459;O43660;URS000075BAAE_9606;Q13573;Q15459;Q15428;Q15427;Q13435;Q12874;O75643;URS00006767A8_9606;Q15029;Q96DI7;Q6P2Q9;CHEBI:139356;P08579;P09661;URS00006A1489_9606;P62316;P62314;P62308;P14678;P62304;P62306;P62318;O75533;Q15393;Q9BWJ5
prerank,Major Spliceosomal C* complex,-0.6574403946286654,-1.0,1.0,0.4546609015719298,1.0,44/44,35.07%,Q8N5F7;Q8WUQ7;Q9Y421;Q9H875;Q14562;O95391;O15234;P61326;Q9Y5S9;P38919;O95926;Q9Y3C6;O60508;Q9UMS4;Q9HCG8;Q9UQ35;O75934;P41223;Q9NW64;Q9BZJ0;O60306;Q9UNP9;Q9HCS7;Q9P013;Q99459;O43660;URS000075BAAE_9606;Q13573;O75643;URS00006767A8_9606;Q15029;Q96DI7;Q6P2Q9;CHEBI:139356;P08579;P09661;URS00006A1489_9606;P62316;P62314;P62308;P14678;P62304;P62306;P62318
prerank,Major Spliceosomal Pre-B-act complex,-0.6399233296823658,-1.0,1.0,0.4546609015719298,1.0,41/41,36.75%,O60870;Q8IYB3;CPX-26447;Q13356;Q7RTV0;P41223;Q9NW64;Q9BZJ0;O60306;Q9UNP9;Q9HCS7;Q9P013;Q99459;O43660;URS000075BAAE_9606;Q13573;Q9Y3B4;Q15459;Q15428;Q15427;Q13435;Q12874;O75643;URS00006767A8_9606;Q15029;Q96DI7;Q6P2Q9;CHEBI:139356;P08579;P09661;URS00006A1489_9606;P62316;P62314;P62308;P14678;P62304;P62306;P62318;O75533;Q15393;Q9BWJ5
prerank,U4/U6.U5 small nuclear ribonucleoprotein complex,-0.6424474187380497,-1.0,1.0,0.4546609015719298,1.0,32/32,36.34%,O43395;Q8WVK2;O43172;Q53GS9;O43290;URS0000715A86_9606;URS0000631BD4_9606;Q9BTD8;P83876;Q9UK45;O95777;P62310;Q9Y4Y9;P62312;Q9Y333;Q9Y4Z0;O94906;Q8WWY3;Q9BUQ8;O75643;URS00006767A8_9606;Q15029;Q96DI7;Q6P2Q9;P62316;P62314;P62308;P14678;P62304;P62306;P62318;P55769
prerank,Major Spliceosomal B-act-III complex,-0.6408006580751302,-1.0,1.0,0.4546609015719298,1.0,46/46,36.75%,O60231;Q8WUA2;O15541;Q13356;Q7RTV0;Q9Y3C6;O60508;Q9UMS4;Q9HCG8;Q9UQ35;O75934;P41223;Q9NW64;Q9BZJ0;O60306;Q9UNP9;Q9HCS7;Q9P013;Q99459;O43660;URS000075BAAE_9606;Q13573;Q15459;Q15428;Q15427;Q13435;Q12874;O75643;URS00006767A8_9606;Q15029;Q96DI7;Q6P2Q9;CHEBI:139356;P08579;P09661;URS00006A1489_9606;P62316;P62314;P62308;P14678;P62304;P62306;P62318;O75533;Q15393;Q9BWJ5
prerank,Major Spliceosomal C complex,-0.6572602739726027,-1.0,1.0,0.4546609015719298,1.0,43/43,35.07%,Q96BP3;Q14331;Q9NW82;CPX-1941;Q9NXE8;Q9BW85;Q92620;Q86X95;Q9ULR0;O95926;Q9Y3C6;O60508;Q9UMS4;Q9HCG8;Q9UQ35;O75934;P41223;Q9NW64;Q9BZJ0;O60306;Q9UNP9;Q9HCS7;Q9P013;Q99459;O43660;URS000075BAAE_9606;Q13573;O75643;URS00006767A8_9606;Q15029;Q96DI7;Q6P2Q9;CHEBI:139356;P08579;P09661;URS00006A1489_9606;P62316;P62314;P62308;P14678;P62304;P62306;P62318
prerank,"Intron Lariat Spliceosome, type 1 complex",-0.6552854411363015,-1.0,1.0,0.4546609015719298,1.0,32/32,35.07%,Q2TBE0;O95926;Q9Y3C6;O60508;Q9UMS4;O75934;P41223;Q9NW64;Q9BZJ0;O60306;Q9UNP9;Q9HCS7;Q9P013;Q99459;O43660;URS000075BAAE_9606;Q13573;URS00006767A8_9606;Q15029;Q96DI7;Q6P2Q9;CHEBI:139356;P08579;P09661;URS00006A1489_9606;P62316;P62314;P62308;P14678;P62304;P62306;P62318
prerank,"60S cytosolic large ribosomal subunit, testis-specific variant",-0.9594075699396599,-1.0,1.0,0.4546609015719298,1.0,47/47,5.31%,Q96L21;Q96EH5;P39023;P62750;P61353;P61513;P62899;P61313;P61927;P62424;P62829;Q9Y3U8;Q07020;P62913;P62945;P62917;P62987;P62910;URS00000F9D45_9606;P63173;P83731;P84098;Q02543;URS0000ABD82A_9606;Q02878;URS000075D341_9606;P32969;P36578;P50914;P47914;P49207;P62888;P62906;P26373;P05387;P18621;P18124;P18077;P05386;P46777;P42766;P46776;P46778;P05388;P30050;P46779;P40429
prerank,Major Spliceosomal Pre-C*-II complex,-0.6572602739726027,-1.0,1.0,0.4546609015719298,1.0,43/43,35.07%,Q9GZU8;Q8WUQ7;Q9Y421;Q9H875;Q14562;O95391;O15234;P61326;Q9Y5S9;P38919;O95926;Q9Y3C6;O60508;Q9UMS4;Q9HCG8;Q9UQ35;O75934;P41223;Q9NW64;Q9BZJ0;O60306;Q9UNP9;Q9HCS7;Q9P013;Q99459;O43660;URS000075BAAE_9606;Q13573;URS00006767A8_9606;Q15029;Q96DI7;Q6P2Q9;CHEBI:139356;P08579;P09661;URS00006A1489_9606;P62316;P62314;P62308;P14678;P62304;P62306;P62318
prerank,Small ribosomal subunit processome,-0.675022267406222,-1.0,1.0,0.4546609015719298,1.0,28/29,29.03%,Q9H0A0;CPX-2688;Q5QJE6;Q13601;O75691;Q9BVI4;Q9NY61;Q9NRX1;Q9NQZ2;O43818;CPX-2478;Q14692;Q8NEJ9;CPX-2450;O15213;Q9BVJ6;Q92979;Q9Y3A4;Q9Y2P8;Q9Y3A2;Q9Y324;P78316;Q9H6R4;Q8NDD1;P22087;O00567;Q9Y2X3;Q9NV06
prerank,Major Spliceosomal Pre-B complex,-0.6373056994818652,-1.0,1.0,0.4546609015719298,1.0,26/26,36.75%,P09012;P08621;M14387;P09234;CPX-2391;Q7RTV0;Q9Y3B4;Q15459;Q15428;Q15427;Q13435;Q12874;CHEBI:139356;P08579;P09661;URS00006A1489_9606;P62316;P62314;P62308;P14678;P62304;P62306;P62318;O75533;Q15393;Q9BWJ5
prerank,Interleukin-19 receptor-ligand complex,-0.5336043360433604,-0.9999020342879986,0.4251968503937008,0.4541174785277164,1.0,3/3,46.71%,Q9UHD0-PRO_0000015379;Q6UXL0;Q9UHF4
prerank,"GABA-A receptor, alpha3-beta2-gamma2",0.5658536585365854,0.9998549294276464,0.4706649282920469,0.6738118565905615,1.0,3/3,43.46%,P47870;P18507;P34903
prerank,Interleukin-17F receptor-ligand complex,0.5145025752236378,0.9997495700695431,0.4566265060240964,0.6725376172410121,1.0,4/4,48.61%,Q96F46;O43734;Q96PD4;Q8NAC3
prerank,NLRP1 inflammasome,0.572025526806776,0.9991513903259257,0.4604409857328145,0.6723863227948058,1.0,2/3,20.25%,Q9ULZ3;P29466
prerank,Interleukin-17A receptor-ligand complex,0.5145025752236378,0.999087684260845,0.44683393070489846,0.6710336446633322,1.0,4/4,48.61%,Q96F46;O43734;Q16552;Q8NAC3
prerank,NLRP3 inflammasome,0.572025526806776,0.9986609136874952,0.45822454308093996,0.6704968413274003,1.0,2/3,20.25%,Q9ULZ3;P29466
prerank,Pyrin inflammasome,0.572025526806776,0.9980366377694255,0.45718050065876153,0.6704367645788933,1.0,2/3,20.25%,Q9ULZ3;P29466
prerank,"GABA-A receptor, alpha1-beta3-gamma2",0.5644986449864499,0.9969045948036955,0.4669260700389105,0.6715327309852693,1.0,3/3,43.60%,P28472;P18507;P14867
prerank,CRUMBS2-PALS1-PATJ cell polarity complex,0.5518970188764397,0.9948542073913055,0.4697368421052632,0.6746731459006102,1.0,2/3,19.85%,Q8NI35;Q8N3R9
prerank,"Interleukin-24 receptor-ligand complex, type 1",-0.5336043360433604,-0.9945002525394239,0.4266666666666667,0.4622162516557022,1.0,3/3,46.71%,Q13007;Q6UXL0;Q9UHF4
prerank,CRUMBS1-PALS1-PATJ cell polarity complex,0.5518970188764397,0.9923565164357167,0.45268542199488493,0.6791103531221403,1.0,2/3,19.85%,Q8NI35;Q8N3R9
prerank,Alternative pathway fluid-phase C3 convertase complex C3(H2O)Bb,-0.5330623306233062,-0.9920130043008565,0.45064377682403434,0.46596993600326514,1.0,3/3,46.76%,P01024-PRO_0000005909;P01024-PRO_0000005908;P00751-PRO_0000027547
prerank,Interleukin-20 receptor-ligand Type 1 complex,-0.5336043360433604,-0.991664778021203,0.4166666666666667,0.4658925212444798,1.0,3/3,46.71%,Q9NYY1;Q6UXL0;Q9UHF4
prerank,Interleukin-27 receptor-ligand complex,-0.47682298725941985,-0.9880634742311487,0.4476744186046512,0.47166130901783776,1.0,4/4,52.40%,Q8NEV9;Q14213;Q6UWB1;P40189
prerank,CRUMBS3-PALS1-PATJ cell polarity complex,0.5518970188764397,0.9879813363624833,0.47477360931435963,0.6878201214767954,1.0,2/3,19.85%,Q8NI35;Q8N3R9
prerank,"Neuronal nicotinic acetylcholine receptor complex, alpha3-alpha5-beta2",0.5528455284552847,0.9819019519729315,0.49324324324324326,0.7007072022500137,1.0,3/3,44.76%,P17787-PRO_0000000379;P32297-PRO_0000000346;P30532-PRO_0000000356
prerank,"GABA-A receptor, alpha1-alpha2-beta3-gamma2",0.5036595283274601,0.979446971941126,0.5100830367734283,0.7049368148912465,1.0,4/4,49.69%,P28472;P18507;P14867;P47869
prerank,Fibrin complex,0.5463414634146342,0.9792249362473795,0.5097024579560155,0.7039133466899319,1.0,3/3,45.41%,P02679-PRO_0000009099;P02675-PRO_0000009071;P02671-PRO_0000009022
prerank,NLRC4 inflammasome,0.5066413662239089,0.9788817464520944,0.5097799511002445,0.7031229770410086,1.0,4/4,49.39%,Q9ULZ3;P29466;Q13075;Q9NPP4
prerank,"NMDA receptor complex, GluN1-GluN2A-GluN2B",0.5436314363143633,0.9751912225269699,0.4947229551451187,0.7103290435006171,1.0,3/3,45.68%,Q05586;Q12879;Q13224
prerank,"GABA-A receptor, alpha1-alpha2-beta2-gamma2",0.5036595283274601,0.9735303465784377,0.497624703087886,0.7126485806883794,1.0,4/4,49.69%,P47870;P18507;P14867;P47869
prerank,"Nucleosome, variant H3.1-H2A.Z-H2B.1",0.466648590021692,0.9732677049235112,0.5139211136890951,0.7117345556197362,1.0,5/5,53.40%,P62805;P06899;P68431;CHEBI:4705;P0C0S5
prerank,"Neuronal nicotinic acetylcholine receptor complex, alpha3-alpha6-beta4",0.5471544715447154,0.9704020946359987,0.49226804123711343,0.7169449077012533,1.0,3/3,45.33%,P32297-PRO_0000000346;Q15825-PRO_0000000360;P30926-PRO_0000000389
prerank,"Neuronal nicotinic acetylcholine receptor complex, alpha3-alpha5-beta4",0.5471544715447154,0.9684750167757746,0.5318595578673602,0.7199110135218216,1.0,3/3,45.33%,P32297-PRO_0000000346;P30532-PRO_0000000356;P30926-PRO_0000000389
prerank,"Nucleosome, variant H3.1-H2A.V-H2B.1",0.4669197396963124,0.9679172403790971,0.508177570093458,0.7197224696961666,1.0,5/5,53.37%,P62805;P06899;P68431;CHEBI:4705;Q71UI9
prerank,"Nucleosome, variant H3.1t-H2A.2-H2B.1",0.4650216919739696,0.9661269609996206,0.5193434935521688,0.7224137039635413,1.0,5/5,53.56%,P62805;P06899;CHEBI:4705;P04908;Q16695
prerank,"Nucleosome complex, H2A type 1 variant ",0.4644793926247289,0.9626505028520705,0.5209790209790209,0.729171047941014,1.0,5/5,53.61%,P62805;P06899;P68431;CHEBI:4705;P0C0S8
prerank,"Neuronal nicotinic acetylcholine receptor complex, alpha3-alpha6-beta2-beta3",0.4930875576036868,0.9604959658702016,0.5126964933494559,0.7326792285224932,1.0,4/4,50.74%,P17787-PRO_0000000379;P32297-PRO_0000000346;Q15825-PRO_0000000360;Q05901-PRO_0000000383
prerank,Fibrinogen complex,0.5384823848238484,0.958489275841456,0.5123216601815823,0.7359044076923854,1.0,3/3,46.20%,P02679-PRO_0000009099;P02671-PRO_0000009021;P02675-PRO_0000009070
prerank,"Nucleosome complex, H2BC12 variant ",0.4647505422993493,0.9581762424238885,0.528604118993135,0.7350986036698336,1.0,5/5,53.59%,P62805;P68431;CHEBI:4705;P04908;O60814
prerank,CENP-A nucleosome complex,0.46393709327548804,0.9574442769615593,0.5269804822043628,0.7352632043343176,1.0,5/5,53.67%,P62805;P06899;P04908;CHEBI:75909;P49450
prerank,"Nuclear meiotic cohesin complex, RAD21L1 variant",0.4925454052588779,0.9563618957667882,0.536969696969697,0.7362161330941501,1.0,4/4,50.80%,Q9UQE7;Q9UJ98;Q8NDV3;Q9H4I0
prerank,"Nucleosome, variant H3.2-H2A.2-H2B.1",0.4633947939262472,0.9538033109855313,0.5321100917431193,0.7406569151620797,1.0,5/5,53.72%,P62805;P06899;CHEBI:4705;P04908;Q71DI3
prerank,"4EHP-GIGYF1 co-translational mRNA decay complex, ZNF598 variant",-0.5040650406504065,-0.9527868175009034,0.48739495798319327,0.5322590189553148,1.0,3/3,49.66%,Q86UK7;O75420;O60573
prerank,"Nuclear mitotic cohesin complex, STAG2 variant",0.4933586337760911,0.9481908393196612,0.5394896719319563,0.7521366684591342,1.0,4/4,50.72%,Q9UQE7;O60216;Q14683;Q8N3U4
prerank,"Nuclear meiotic cohesin complex, REC8 variant",0.4922743290864735,0.9481156875360384,0.5476190476190477,0.7507164398578061,1.0,4/4,50.83%,Q9UQE7;Q9UJ98;Q8NDV3;O95072
prerank,"Beta-catenin destruction core complex, APC-AXIN2-GSK3A variant",0.4917321767416645,0.9475109982211892,0.558645707376058,0.7505738578966358,1.0,4/4,50.88%,P48729;P25054;Q9Y2T1;P49840
prerank,"Nuclear mitotic cohesin complex, STAG1 variant",0.49146110056926007,0.9467443172816535,0.5426452410383189,0.7507509333417406,1.0,4/4,50.91%,Q9UQE7;O60216;Q14683;Q8WVM7
prerank,"Beta-catenin destruction core complex, APC2-AXIN2-GSK3A variant",0.4917321767416645,0.9466846383443713,0.543134872417983,0.749313622717127,1.0,4/4,50.88%,P48729;Q9Y2T1;O95996;P49840
prerank,Interleukin-17B receptor-ligand complex,0.48549742477636204,0.9434293072292564,0.5524728588661038,0.7553595733411983,1.0,4/4,51.50%,Q96F46;O43734;Q9NRM6;Q9UHF5
prerank,"Beta-catenin destruction core complex, APC-AXIN1-GSK3A variant",0.4917321767416645,0.9425533632560498,0.5458996328029376,0.7558509868391902,1.0,4/4,50.88%,P48729;P25054;O15169;P49840
prerank,"Beta-catenin destruction core complex, APC2-AXIN1-GSK3A variant",0.4917321767416645,0.9416052110414285,0.5520195838433293,0.7564985448570845,1.0,4/4,50.88%,P48729;O15169;O95996;P49840
prerank,NRZ tethering complex,0.5306233062330624,0.9411615294391106,0.5572916666666666,0.7560048503994657,1.0,3/3,46.98%,O43264;Q6NUQ1;A2RRP1
prerank,RZZ complex,0.5222222222222224,0.9288651103982035,0.5771276595744681,0.7833867942975189,1.0,3/3,47.82%,O43264;Q9H900;P50748
prerank,"4EHP-GIGYF2 co-translational mRNA decay complex, ZNF598 variant",-0.5040650406504065,-0.9288361571043507,0.5180722891566265,0.5738311824291471,1.0,3/3,49.66%,Q86UK7;Q6Y7W6;O60573
prerank,Granulocyte-macrophage colony-stimulating factor-receptor complex,0.4798048251558689,0.9285755992074669,0.5836341756919374,0.7824391883116854,1.0,4/4,52.07%,P32927;O60674;P15509;P04141
prerank,TIM9-TIM10-TIM10B mitochondrial intermembrane space protein transporter complex,0.520179278715864,0.9279753677694002,0.5805194805194805,0.7822086254150947,1.0,2/3,24.94%,P62072;Q9Y5J7
prerank,Interleukin-15 receptor-ligand complex,-0.4456492274329086,-0.9274894872415841,0.5853658536585366,0.5755750078371796,1.0,4/4,55.51%,Q13261;P40933;P14784;P31785
prerank,Interleukin-2 receptor-ligand complex,-0.4456492274329086,-0.92473361457835,0.5412371134020618,0.579819627329804,1.0,4/4,55.51%,P60568;P01589;P14784;P31785
prerank,FCN1-MASP1 lectin-protease complex,0.5162601626016259,0.9235489340499612,0.6064516129032258,0.7910181038583347,1.0,3/3,48.42%,P48740-PRO_0000027593;P48740-PRO_0000027594;O00602
prerank,FCN2-MASP2 lectin-protease complex,0.5157181571815717,0.9234715491940738,0.5801324503311258,0.7895646833349839,1.0,3/3,48.47%,O00187-PRO_0000027600;O00187-PRO_0000027599;Q15485
prerank,MBL2-MASP1 lectin-protease complex,0.5154471544715447,0.9233440952526428,0.5782051282051283,0.7882519002500524,1.0,3/3,48.50%,P48740-PRO_0000027593;P48740-PRO_0000027594;P11226
prerank,Laminin-311 complex variant A,0.5178861788617886,0.9233419535528418,0.5787401574803149,0.7866356707259259,1.0,3/3,48.25%,P07942;P11047;Q16787-1
prerank,Laminin-321 complex,0.5178861788617886,0.9220748748727046,0.5796915167095116,0.7880257690903486,1.0,3/3,48.25%,P55268;P11047;Q16787-1
prerank,FCN2-MASP1 lectin-protease complex,0.5157181571815717,0.9219526611642268,0.5933333333333334,0.7867042298223819,1.0,3/3,48.47%,P48740-PRO_0000027593;P48740-PRO_0000027594;Q15485
prerank,MBL2-MASP2 lectin-protease complex,0.5154471544715447,0.9208459651808343,0.6049222797927462,0.7877042449951762,1.0,3/3,48.50%,O00187-PRO_0000027600;O00187-PRO_0000027599;P11226
prerank,Mitotic Checkpoint Complex,0.47628083491461104,0.9204431951499019,0.5892215568862276,0.7870563379751877,1.0,4/4,52.42%,Q12834;Q13257;O60566;O43684
prerank,FCN1-MASP2 lectin-protease complex,0.5162601626016259,0.9193656631803858,0.583989501312336,0.7880119014965474,1.0,3/3,48.42%,O00187-PRO_0000027600;O00187-PRO_0000027599;O00602
prerank,Interleukin-17C receptor-ligand complex,0.4751965302249933,0.9187829694526775,0.5912322274881516,0.787758409719182,1.0,4/4,52.53%,Q96F46;O43734;Q8NFR9;Q9P0M4
prerank,Laminin-521 complex,0.5173441734417343,0.9174233102187381,0.5872395833333334,0.7892722857634576,1.0,3/3,48.31%,P55268;P11047;O15230
prerank,Laminin-511 complex,0.5173441734417343,0.9161928124149888,0.5856573705179283,0.7904448862902534,1.0,3/3,48.31%,P07942;P11047;O15230
prerank,Laminin-522 complex,0.5173441734417346,0.9142746255655897,0.589238845144357,0.7933928106422237,1.0,3/3,48.31%,P55268;Q13753;O15230
prerank,Ripoptosome,-0.4823848238482385,-0.9133400598487393,0.5630252100840336,0.5997561382453901,1.0,3/3,51.83%,Q13158;Q14790;Q13546
prerank,FCN3-MASP1 lectin-protease complex,0.5151761517615174,0.9125110777938447,0.5867875647668394,0.7957270898637732,1.0,3/3,48.52%,P48740-PRO_0000027593;P48740-PRO_0000027594;O75636
prerank,Laminin-332 complex variant B,-0.48292682926829267,-0.9121193637685916,0.575,0.6013840877939103,1.0,3/3,51.77%,Q13751;Q16787-2;Q13753
prerank,FCN3-MASP2 lectin-protease complex,0.5151761517615174,0.9120776444642514,0.6097240473061761,0.7951136782258716,1.0,3/3,48.52%,O00187-PRO_0000027600;O00187-PRO_0000027599;O75636
prerank,"Scribble cell polarity complex, DLG1-LLGL1-SCRIB variant",0.5089430894308942,0.9117272084692819,0.6048064085447263,0.7942921977708063,1.0,3/3,49.15%,Q14160;Q15334;Q12959
prerank,Interleukin-25 receptor-ligand complex,0.4746543778801843,0.9113145297186174,0.6284680337756333,0.7936267034636202,1.0,4/4,52.59%,Q96F46;O43734;Q9NRM6;Q9H293
prerank,"Scribble cell polarity complex, DLG2-LLGL2-SCRIB variant",0.5094850948509484,0.909973846648686,0.6030534351145038,0.7950286520925872,1.0,3/3,49.09%,Q14160;Q6P1M3;Q15700
prerank,PPP4C-PPP4R2-PPP4R3A protein phosphatase 4 complex,0.5016260162601627,0.9080839117309167,0.6246684350132626,0.7977641097534287,1.0,3/3,49.88%,P60510;Q9NY27;Q6IN85
prerank,Interleukin 11-sIL11RA-IL-6ST receptor-ligand trans-signalling complex,-0.47669376693766935,-0.9075833352191718,0.5833333333333334,0.6091885900822485,1.0,3/3,52.40%,Q14626-PRO_0000450688;P20809;P40189
prerank,"Scribble cell polarity complex, DLG5-LLGL1-SCRIB variant",0.5132791327913278,0.905756797452418,0.6195372750642674,0.8014348072827823,1.0,3/3,48.71%,Q14160;Q15334;Q8TDM6
prerank,"Scribble cell polarity complex, DLG1-LLGL2-SCRIB variant",0.5089430894308942,0.9049676144286508,0.60546875,0.8016431555210088,1.0,3/3,49.15%,Q14160;Q6P1M3;Q12959
prerank,"Scribble cell polarity complex, DLG2-LLGL1-SCRIB variant",0.5094850948509484,0.9039194962792503,0.6301188903566711,0.8024315601446546,1.0,3/3,49.09%,Q14160;Q15334;Q15700
prerank,GABA-A receptor alpha6-beta1-gamma2 complex,0.5043360433604336,0.9036441556503052,0.6282722513089005,0.8014697063699054,1.0,3/3,49.61%,P18507;P18505;Q16445
prerank,Laminin-332 complex variant A,-0.48265582655826555,-0.9036317471931158,0.5622317596566524,0.6158732608376492,1.0,3/3,51.80%,Q13751;Q13753;Q16787-1
prerank,"Scribble cell polarity complex, DLG5-LLGL2-SCRIB variant",0.5132791327913278,0.9030278190548691,0.6317780580075663,0.8012985746912177,1.0,3/3,48.71%,Q14160;Q6P1M3;Q8TDM6
prerank,"GABA-A receptor, alpha5-beta3-gamma2",0.5040650406504064,0.9010200826775088,0.6124338624338624,0.8042673715990879,1.0,3/3,49.63%,P28472;P18507;P31644
prerank,Interleukin 11-mIL11RA-IL-6ST receptor-ligand complex,-0.47669376693766935,-0.9003595598014655,0.5860655737704918,0.6209325276999549,1.0,3/3,52.40%,Q14626-PRO_0000010913;P20809;P40189
prerank,Interleukin-35 receptor ligand type 1 complex,-0.47669376693766935,-0.8999034356034854,0.6166666666666667,0.6208840221883584,1.0,3/3,52.40%,CPX-25744;Q99665;P40189
prerank,"GABA-A receptor, alpha6-beta2-delta",0.5032520325203252,0.8996541127213761,0.6257901390644753,0.805740290569617,1.0,3/3,49.72%,P47870;Q16445;O14764
prerank,"GABA-A receptor, alpha2-beta2-gamma2",0.5035230352303522,0.89964172001948,0.5954198473282443,0.8041941759410621,1.0,3/3,49.69%,P47870;P18507;P47869
prerank,"GABA-A receptor, alpha5-beta2-gamma2",0.5040650406504065,0.8993341049366822,0.6246753246753247,0.8033191696126796,1.0,3/3,49.63%,P47870;P18507;P31644
prerank,"GABA-A receptor, alpha-6/beta-3/delta",0.5032520325203251,0.8992009729334574,0.6121372031662269,0.8020192779533833,1.0,3/3,49.72%,P28472;Q16445;O14764
prerank,"GABA-A receptor, alpha4-beta3-gamma2",0.5037940379403794,0.8990373325268339,0.62890625,0.8008531422362783,1.0,3/3,49.66%,P28472;P18507;P48169
prerank,"Scribble cell polarity complex, DLG3-LLGL1-SCRIB variant",0.505691056910569,0.8987538734833772,0.6352785145888594,0.7999171477516225,1.0,3/3,49.47%,Q14160;Q15334;Q92796
prerank,"Scribble cell polarity complex, DLG4-LLGL1-SCRIB variant",0.5051490514905148,0.8984611137755449,0.6411609498680739,0.7990527837717875,1.0,3/3,49.53%,Q14160;Q15334;P78352
prerank,"GABA-A receptor, alpha4-beta2-gamma2",0.5037940379403794,0.8976311291036058,0.6344647519582245,0.799381055329154,1.0,3/3,49.66%,P47870;P18507;P48169
prerank,"GABA-A receptor, alpha4-beta3-delta",0.5032520325203251,0.8976278059709901,0.6360103626943006,0.7978415259494097,1.0,3/3,49.72%,P28472;P48169;O14764
prerank,"GABA-A receptor, alpha6-beta3-gamma2",0.5043360433604335,0.8971808423571305,0.6191099476439791,0.7972676643012307,1.0,3/3,49.61%,P28472;P18507;Q16445
prerank,"GABA-A receptor, alpha2-beta3-gamma2",0.5035230352303521,0.8971038390917822,0.6335078534031413,0.7959283872178745,1.0,3/3,49.69%,P28472;P18507;P47869
prerank,"GABA-A receptor, alpha4-beta1-gamma2 complex",0.5037940379403794,0.8970254793295801,0.6319261213720316,0.7945732858944463,1.0,3/3,49.66%,P18507;P18505;P48169
prerank,"GABA-A receptor, alpha5-beta1-gamma2 complex",0.5040650406504065,0.8965817009939031,0.616,0.7940244274689212,1.0,3/3,49.63%,P18507;P18505;P31644
prerank,Interleukin-6-mIL6R-mIL6ST receptor-ligand classical signalling complex,-0.47669376693766935,-0.8961963641968436,0.5756302521008403,0.6272353107563953,1.0,3/3,52.40%,P08887-PRO_0000010895;P05231;P40189
prerank,"Scribble cell polarity complex, DLG4-LLGL2-SCRIB variant",0.5051490514905148,0.8955063257502327,0.6323155216284987,0.7948919295091725,1.0,3/3,49.53%,Q14160;Q6P1M3;P78352
prerank,GABA-A receptor alpha6-beta2-gamma2,0.5043360433604336,0.8931408734027946,0.6400523560209425,0.7984925081640906,1.0,3/3,49.61%,P47870;P18507;Q16445
prerank,SNARE priming complex STX17-SNAP29-YKT6,0.5024390243902438,0.8931371752150707,0.6336760925449871,0.7969730496446952,1.0,3/3,49.80%,P56962;O95721;O15498
prerank,"Scribble cell polarity complex, DLG3-LLGL2-SCRIB variant",0.505691056910569,0.8928564544817513,0.6373056994818653,0.7960793654189456,1.0,3/3,49.47%,Q14160;Q6P1M3;Q92796
prerank,"GABA-A receptor, alpha2-beta1-gamma2 complex",0.5035230352303522,0.8927423946814554,0.6442687747035574,0.7947874548060672,1.0,3/3,49.69%,P18507;P18505;P47869
prerank,"GABA-A receptor, alpha4-beta2-delta",0.5032520325203252,0.892516376287933,0.6436781609195402,0.793765146933757,1.0,3/3,49.72%,P47870;P48169;O14764
prerank,DISP septin regulator complex,0.5002710027100271,0.8903601476858248,0.6418109187749668,0.7968629897481544,1.0,3/3,50.01%,Q9UM54;Q96N67;Q96II8
prerank,"GABA-A receptor, alpha1-beta2-delta",0.5032520325203252,0.8897687935460846,0.6636828644501279,0.7966534243521545,1.0,3/3,49.72%,P47870;P14867;O14764
prerank,"CARD-BCL10-MALT1 complex, CARD14 variant",0.5021680216802167,0.8895710977838143,0.651890482398957,0.7955651449912723,1.0,3/3,49.82%,Q9UDY8;O95999;Q9BXL6
prerank,"Neuronal nicotinic acetylcholine receptor complex, alpha4-alpha5-beta2",0.4940379403794038,0.8884447384682825,0.6557161629434954,0.7964301773857958,1.0,3/3,50.64%,P17787-PRO_0000000379;P30532-PRO_0000000356;P43681-PRO_0000000351
prerank,"CARD-BCL10-MALT1 complex, CARD11 variant",0.49783197831978315,0.8840312406537204,0.6509554140127388,0.8043878696913432,1.0,3/3,50.26%,Q9UDY8;O95999;Q9BXL7
prerank,"CARD-BCL10-MALT1 complex, CARD9 variant",0.4970189701897018,0.8815638300092101,0.6666666666666666,0.808207880872211,1.0,3/3,50.34%,Q9UDY8;O95999;Q9H257
prerank,PPP4C-PPP4R2-PPP4R3B protein phosphatase 4 complex,0.4956639566395665,0.8809190421190242,0.6803713527851459,0.8080392337381367,1.0,3/3,50.47%,P60510;Q9NY27;Q5MIZ7
prerank,"CARD-BCL10-MALT1 complex, CARD10 variant",0.4962059620596205,0.8808309891161201,0.668856767411301,0.8067230950601962,1.0,3/3,50.42%,Q9UDY8;O95999;Q9BWT7
prerank,Laminin-311 complex variant B,0.4899728997289974,0.8753289175862156,0.658311345646438,0.8167420750365366,1.0,3/3,51.04%,P07942;P11047;Q16787-2
prerank,Hexasome complex,0.447004608294931,0.8716299722276147,0.6670702179176755,0.8228196979686313,1.0,4/4,55.35%,P62805;P68431;Q93077;P62807
prerank,Interleukin-4 receptor-ligand type-1 complex,-0.44552845528455287,-0.8672070546055213,0.6772908366533864,0.682490987243483,1.0,3/3,55.51%,P05112;P24394;P31785
prerank,VCP-NPL4-UFD1-UBXN1 AAA ATPase complex,0.44375169422607774,0.8653505155558158,0.6904761904761905,0.8341437111855354,1.0,4/4,55.67%,P55072;Q92890;Q8TAT6;Q04323
prerank,Fanconi anemia FANCM-FAAP24-MHF anchoring complex,0.44239631336405527,0.8639652594827271,0.670263788968825,0.8353450242289213,1.0,4/4,55.81%,A8MT69;Q8N2Z9;Q8IYD8;Q9BTP7
prerank,VCP-NPL4-UFD1 AAA ATPase complex,0.4872628726287264,0.8634125573370245,0.6934210526315789,0.8349164448733724,1.0,3/3,51.31%,P55072;Q92890;Q8TAT6
prerank,ALKBH8-TRM112 methyltransferase complex,0.4483599891569532,0.8632270956481654,0.7016908212560387,0.8337201445077512,1.0,4/4,55.21%,CHEBI:59789;Q9UI30;CHEBI:29033;Q96BT7
prerank,STING-TRAF3-TBK1 complex,0.49268292682926845,0.8618784574064176,0.7182539682539683,0.8350077360281979,1.0,3/3,50.77%,Q9UHD2;Q86WV6;Q13114
prerank,Laminin-523 complex,0.4897018970189702,0.8606750558728155,0.6853055916775033,0.8358729900198633,1.0,3/3,51.07%,P55268;O15230;Q9Y6N6
prerank,VCP-NPL4-UFD1-UBXN7 AAA ATPase complex,0.44266738953645995,0.8599211702080717,0.6983372921615202,0.8358676398751957,1.0,4/4,55.78%,P55072;Q92890;Q8TAT6;O94888
prerank,VCP-NPL4-UFD1-FAF1 AAA ATPase complex,0.4432095418812688,0.8594778651533163,0.6824242424242424,0.8351755428096937,1.0,4/4,55.73%,P55072;Q92890;Q8TAT6;Q9UNN5
prerank,VCP-NPL4-UFD1-FAF2 AAA ATPase complex,0.4434806180536733,0.8592852333339392,0.6947496947496947,0.8340517552699056,1.0,4/4,55.70%,P55072;Q92890;Q8TAT6;Q96CS3
prerank,GATOR2 complex,0.41513015184381774,0.8574005651986767,0.6986143187066974,0.8362872375523959,1.0,5/5,58.54%,P55735;Q96EE3;Q9NXC5;Q6PJI9;Q96S15
prerank,"FTS-Hook-FHIP cargo adaptor complex, FHIP2A-HOOK2 variant",0.4764227642276423,0.8490091644510713,0.7127371273712737,0.8510716217419754,1.0,3/3,52.40%,Q9H8T0;Q96ED9;Q5W0V3
prerank,"Nav1.8 voltage-gated sodium channel complex, SCN1B-SCN2B variant",0.4693766937669378,0.8489654259699592,0.7144686299615877,0.8495925043034929,1.0,3/3,53.10%,Q07699;O60939;Q9Y5Y9
prerank,"Nav1.2 voltage-gated sodium channel complex, SCN1B-SCN2B variant",0.47073170731707326,0.8479411192675721,0.7428940568475452,0.850101885292823,1.0,3/3,52.97%,Q07699;O60939;Q99250
prerank,"Nav1.1 voltage-gated sodium channel complex, SCN3B-SCN4B variant",0.4696476964769648,0.8462891549071647,0.7210796915167095,0.8518085901465374,1.0,3/3,53.07%,Q8IWT1;Q9NY72;P35498
prerank,"Nav1.1 voltage-gated sodium channel complex, SCN1B-SCN2B variant",0.46964769647696486,0.8462517825098768,0.7098445595854922,0.8503340963709362,1.0,3/3,53.07%,Q07699;O60939;P35498
prerank,"Nav1.4 voltage-gated sodium channel complex, SCN3B-SCN4B variant",0.47100271002710037,0.8462068833945471,0.7115384615384616,0.8488950397681333,1.0,3/3,52.94%,Q8IWT1;Q9NY72;P35499
prerank,Lymphotoxin-alpha-beta-LTBR receptor complex,-0.45067750677506774,-0.8453156272834131,0.703125,0.723402330876657,1.0,3/3,55.00%,Q06643;P36941;P01374
prerank,"Nav1.3 voltage-gated sodium channel complex, SCN1B-SCN4B variant",0.47046070460704614,0.8434681849298987,0.7168831168831169,0.8527054431568908,1.0,3/3,52.99%,Q07699;Q8IWT1;Q9NY46
prerank,"Nax cation channel complex, SCN1B-SCN2B variant",0.47018970189701903,0.8429983169452031,0.7420634920634921,0.852054435540733,1.0,3/3,53.02%,Q07699;O60939;Q01118
prerank,"Nav1.1 voltage-gated sodium channel complex, SCN2B-SCN3B variant",0.4696476964769648,0.8428877493349604,0.7325581395348837,0.8507749220686349,1.0,3/3,53.07%,Q9NY72;O60939;P35498
prerank,"Nav1.3 voltage-gated sodium channel complex, SCN1B-SCN2B variant",0.47046070460704614,0.842715446112214,0.7284427284427284,0.849611310957341,1.0,3/3,52.99%,Q07699;O60939;Q9NY46
prerank,"Nav1.7 voltage-gated sodium channel complex, SCN3B-SCN4B variant",0.4688346883468835,0.8422319188592378,0.731016731016731,0.8489847801692322,1.0,3/3,53.15%,Q8IWT1;Q9NY72;Q15858
prerank,"Nav1.2 voltage-gated sodium channel complex, SCN1B-SCN4B variant",0.47073170731707326,0.8420412107060934,0.7309711286089239,0.8478223729901758,1.0,3/3,52.97%,Q07699;Q8IWT1;Q99250
prerank,"Nav1.8 voltage-gated sodium channel complex, SCN1B-SCN4B variant",0.46937669376693775,0.8413564135950106,0.7208387942332897,0.8475590373603178,1.0,3/3,53.10%,Q07699;Q8IWT1;Q9Y5Y9
prerank,"Nav1.5 voltage-gated sodium channel complex, SCN3B-SCN4B variant",0.46910569105691063,0.841016093076093,0.7272727272727273,0.8466683456112513,1.0,3/3,53.13%,Q8IWT1;Q9NY72;Q14524
prerank,"Nav1.7 voltage-gated sodium channel complex, SCN2B-SCN3B variant",0.4688346883468835,0.8409074923971251,0.7442748091603053,0.8453875611547345,1.0,3/3,53.15%,Q9NY72;O60939;Q15858
prerank,"Nav1.3 voltage-gated sodium channel complex, SCN2B-SCN3B variant",0.47046070460704614,0.8402413625657097,0.7471116816431322,0.8450769318245452,1.0,3/3,52.99%,Q9NY72;O60939;Q9NY46
prerank,"Nax cation channel complex, SCN1B-SCN4B variant",0.47018970189701903,0.8395472865445572,0.7433155080213903,0.8448681700434381,1.0,3/3,53.02%,Q07699;Q8IWT1;Q01118
prerank,"Nav1.1 voltage-gated sodium channel complex, SCN1B-SCN4B variant",0.4696476964769648,0.8390997505406054,0.7252604166666666,0.8442262993711235,1.0,3/3,53.07%,Q07699;Q8IWT1;P35498
prerank,"Nav1.4 voltage-gated sodium channel complex, SCN2B-SCN3B variant",0.4710027100271003,0.8386548231675135,0.7334200260078023,0.8436090101181541,1.0,3/3,52.94%,Q9NY72;O60939;P35499
prerank,"Nav1.5 voltage-gated sodium channel complex, SCN1B-SCN2B variant",0.4691056910569107,0.8384066946590442,0.7661498708010336,0.8425980290264188,1.0,3/3,53.13%,Q07699;O60939;Q14524
prerank,"Nav1.6 voltage-gated sodium channel complex, SCN3B-SCN4B variant",0.46856368563685646,0.8380113548275855,0.7419768934531451,0.841896840972096,1.0,3/3,53.18%,Q8IWT1;Q9NY72;Q9UQD0
prerank,"Nax cation channel complex, SCN2B-SCN3B variant",0.47018970189701903,0.837496096684678,0.737467018469657,0.8413242293696824,1.0,3/3,53.02%,Q9NY72;O60939;Q01118
prerank,"Nav1.8 voltage-gated sodium channel complex, SCN3B-SCN4B variant",0.4693766937669377,0.837023506599979,0.7245430809399478,0.8406740640904046,1.0,3/3,53.10%,Q8IWT1;Q9NY72;Q9Y5Y9
prerank,"Nav1.5 voltage-gated sodium channel complex, SCN2B-SCN3B variant",0.4691056910569106,0.8369684932630891,0.7419354838709677,0.8392972895386192,1.0,3/3,53.13%,Q9NY72;O60939;Q14524
prerank,"Nav1.6 voltage-gated sodium channel complex, SCN1B-SCN4B variant",0.46856368563685646,0.8368746062279547,0.7409326424870466,0.8380036099293527,1.0,3/3,53.18%,Q07699;Q8IWT1;Q9UQD0
prerank,"Nav1.6 voltage-gated sodium channel complex, SCN1B-SCN2B variant",0.46856368563685646,0.8364915454560697,0.7307692307692307,0.8372584512316721,1.0,3/3,53.18%,Q07699;O60939;Q9UQD0
prerank,"Nav1.9 voltage-gated sodium channel complex, SCN1B-SCN2B variant",0.469918699186992,0.8364895924432992,0.7659846547314578,0.8358038132399809,1.0,3/3,53.05%,Q07699;O60939;Q9UI33
prerank,"Nav1.6 voltage-gated sodium channel complex, SCN2B-SCN3B variant",0.4685636856368564,0.8362613661941318,0.7583547557840618,0.83476256694407,1.0,3/3,53.18%,Q9NY72;O60939;Q9UQD0
prerank,"Nax cation channel complex, SCN3B-SCN4B variant",0.47018970189701903,0.835939790350089,0.73342175066313,0.8338804109409133,1.0,3/3,53.02%,Q8IWT1;Q9NY72;Q01118
prerank,"Nav1.9 voltage-gated sodium channel complex, SCN3B-SCN4B variant",0.4699186991869919,0.8359300438966574,0.7423469387755102,0.832447149798906,1.0,3/3,53.05%,Q8IWT1;Q9NY72;Q9UI33
prerank,Interleukin-21 receptor-ligand complex,-0.44552845528455287,-0.8358340405771111,0.7165354330708661,0.7406703772961319,1.0,3/3,55.51%,Q9HBE4;Q9HBE5;P31785
prerank,"Nav1.8 voltage-gated sodium channel complex, SCN2B-SCN3B variant",0.4693766937669377,0.8354306676541146,0.7206851119894598,0.8318948373151668,1.0,3/3,53.10%,Q9NY72;O60939;Q9Y5Y9
prerank,Interleukin-7 mIL7R-IL2RG receptor-ligand signalling complex,-0.44552845528455287,-0.8353920566112302,0.7366255144032922,0.7404939381772104,1.0,3/3,55.51%,P16871-1;P13232-PRO_0000015623;P31785
prerank,"Nav1.2 voltage-gated sodium channel complex, SCN3B-SCN4B variant",0.47073170731707326,0.8352344738626911,0.7428940568475452,0.8308090389676073,1.0,3/3,52.97%,Q8IWT1;Q9NY72;Q99250
prerank,"Nav1.7 voltage-gated sodium channel complex, SCN1B-SCN2B variant",0.4688346883468836,0.8345992718496192,0.7588466579292268,0.8305227520698285,1.0,3/3,53.15%,Q07699;O60939;Q15858
prerank,"Nav1.4 voltage-gated sodium channel complex, SCN1B-SCN2B variant",0.47100271002710037,0.834238370011146,0.766042780748663,0.8297414461560165,1.0,3/3,52.94%,Q07699;O60939;P35499
prerank,"Nav1.2 voltage-gated sodium channel complex, SCN2B-SCN3B variant",0.47073170731707326,0.8338860562960323,0.7487113402061856,0.8289746614515349,1.0,3/3,52.97%,Q9NY72;O60939;Q99250
prerank,"Nav1.5 voltage-gated sodium channel complex, SCN1B-SCN4B variant",0.46910569105691063,0.8329434034729093,0.7473821989528796,0.82928970252004,1.0,3/3,53.13%,Q07699;Q8IWT1;Q14524
prerank,"Nav1.3 voltage-gated sodium channel complex, SCN3B-SCN4B variant",0.47046070460704614,0.8328843440827834,0.7431906614785992,0.8279866606647424,1.0,3/3,52.99%,Q8IWT1;Q9NY72;Q9NY46
prerank,"Nav1.9 voltage-gated sodium channel complex, SCN2B-SCN3B variant",0.4699186991869919,0.8322259525814484,0.759379042690815,0.8277459159751696,1.0,3/3,53.05%,Q9NY72;O60939;Q9UI33
prerank,"4EHP-GIGYF2 co-translational mRNA decay complex, DDX6 variant",0.467750677506775,0.8316175672252377,0.7546419098143236,0.8274335005950896,1.0,3/3,53.26%,P26196;O60573;Q6Y7W6
prerank,"Nav1.9 voltage-gated sodium channel complex, SCN1B-SCN4B variant",0.4699186991869919,0.8313184312808557,0.767833981841764,0.8265764494273379,1.0,3/3,53.05%,Q07699;Q8IWT1;Q9UI33
prerank,"Nav1.7 voltage-gated sodium channel complex, SCN1B-SCN4B variant",0.4688346883468836,0.831117311579517,0.7543624161073825,0.8255182679080376,1.0,3/3,53.15%,Q07699;Q8IWT1;Q15858
prerank,"Nav1.4 voltage-gated sodium channel complex, SCN1B-SCN4B variant",0.47100271002710037,0.8299670065298821,0.7436918990703851,0.8261897610821668,1.0,3/3,52.94%,Q07699;Q8IWT1;P35499
prerank,"4EHP-GIGYF1 co-translational mRNA decay complex, DDX6 variant",0.46802168021680207,0.8292848006584506,0.752317880794702,0.8260309679892853,1.0,3/3,53.24%,P26196;O60573;O75420
prerank,SKI complex,0.46287262872628715,0.8264934690687377,0.7560975609756098,0.829478320444638,1.0,3/3,53.75%,Q9GZS3;Q15477;Q6PGP7
prerank,Laminin-213 complex,0.4601626016260162,0.8243556603003933,0.7529107373868047,0.8317707529267282,1.0,3/3,54.02%,P07942;Q9Y6N6;P24043
prerank,Laminin-211 complex,0.4601626016260164,0.8192736897844293,0.7710526315789473,0.8393042880702593,1.0,3/3,54.02%,P07942;P11047;P24043
prerank,Interleukin-7 sIL7RA-IL2RG receptor-ligand potentiating complex,-0.44552845528455287,-0.8185143182983576,0.7692307692307693,0.7713395407405755,1.0,3/3,55.51%,P16871-4;P13232-PRO_0000015623;P31785
prerank,ISGF3 complex,-0.43794037940379404,-0.8179014596192037,0.7838983050847458,0.771486067057418,1.0,3/3,56.27%,Q00978;P52630;P42224
prerank,"GABA-A receptor, alpha5-beta3-gamma3",0.45853658536585373,0.8178007611901171,0.7796833773087071,0.8404059756704358,1.0,3/3,54.18%,P28472;P31644;Q99928
prerank,Laminin-411 complex,0.46043360433604347,0.8174660912928062,0.7638326585695007,0.8395521527182638,1.0,3/3,53.99%,P07942;P11047;Q16363
prerank,Laminin-421 complex,0.4604336043360434,0.8173156035929341,0.7754010695187166,0.8383910478933284,1.0,3/3,53.99%,P55268;P11047;Q16363
prerank,uPA-uPAR-vitronectin complex,0.4579945799457996,0.8133729842223928,0.7723035952063915,0.8436735087771542,1.0,3/3,54.24%,P00749;P04004;Q03405
prerank,Laminin-423 complex,0.4604336043360433,0.8127477966395105,0.7664429530201342,0.8432984892294307,1.0,3/3,53.99%,P55268;Q9Y6N6;Q16363
prerank,Laminin-221 complex,0.4601626016260163,0.8123380987229041,0.7877604166666666,0.8425864187735561,1.0,3/3,54.02%,P55268;P11047;P24043
prerank,"mTNF-TNR1B receptor-ligand core complex, BIRC2 variant",0.4193548387096775,0.8112121132568013,0.7715311004784688,0.8431032988896733,1.0,4/4,58.11%,Q12933;CPX-8931;Q13490;P20333-PRO_0000034548
prerank,eIF4E-CYFIP1-FMRP translational repressor complex,0.4593495934959348,0.8100000500731159,0.7795275590551181,0.8437693768057951,1.0,3/3,54.10%,P06730;Q06787;Q7L576
prerank,"GABA-A receptor, alpha3-beta3-gamma3",0.4585365853658536,0.8091219742617389,0.7839586028460543,0.8438448769927329,1.0,3/3,54.18%,P28472;P34903;Q99928
prerank,Collagen type V trimer variant 2,-0.42845528455284554,-0.8088772124490802,0.759493670886076,0.7871323275007942,1.0,3/3,57.22%,P25940;P20908;P05997
prerank,"mTNF-TNR1B receptor-ligand core complex, BIRC3 variant",0.4193548387096775,0.8042417641076346,0.7805456702253856,0.8504432875828896,1.0,4/4,58.11%,Q12933;CPX-8931;Q13489;P20333-PRO_0000034548
prerank,Interleukin-26 receptor-ligand complex,-0.4197831978319783,-0.7988735048253709,0.8070866141732284,0.8036617827855229,1.0,3/3,58.08%,Q9NPH9;Q9UHF4;Q08334
prerank,Alternative pathway pathogen cell-bound C5 convertase complex C3bBbC3bP,-0.42872628726287265,-0.7942070078978921,0.8,0.8107304927407994,1.0,3/3,57.19%,P27918;CPX-5601;CPX-973
prerank,Collagen type XI trimer variant 1,0.44579945799458,0.794136449941762,0.8112965340179717,0.8655119601197266,1.0,3/3,55.46%,P12107;P13942;P02458
prerank,Complement factor I-H-C3b complex,-0.42872628726287265,-0.7937887978117811,0.8141592920353983,0.8101945303846121,1.0,3/3,57.19%,P08603;CPX-6165;CPX-973
prerank,Laminin-121 complex,0.44390243902439014,0.7935407946454909,0.8311855670103093,0.8650330695793993,1.0,3/3,55.65%,P55268;P11047;P25391
prerank,Interleukin-3 receptor-ligand complex,0.44742547425474255,0.792607212002787,0.8185430463576159,0.8650625625641527,1.0,3/3,55.29%,P32927;P26951;P08700
prerank,Dolichol-phosphate mannosyltransferase complex,0.451490514905149,0.7912156036008391,0.8202824133504493,0.8658542205904362,1.0,3/3,54.89%,O94777;Q9P2X0;O60762
prerank,"TRAMP complex, TENT4B-ZCCHC7 variant",0.4460704607046071,0.7902569366745689,0.8092783505154639,0.8659596886821593,1.0,3/3,55.43%,P42285;Q8N3Z6;Q8NDF8
prerank,Laminin-111 complex,0.4439024390243902,0.7901833130277757,0.8181818181818182,0.8646414407697491,1.0,3/3,55.65%,P07942;P11047;P25391
prerank,"TRAMP complex, TENT4A-ZCCHC7 variant",0.44498644986449865,0.7886415393540355,0.8036890645586298,0.8656341109022022,1.0,3/3,55.54%,P42285;Q8N3Z6;Q5XG87
prerank,Interleukin-10 receptor-ligand complex,-0.4197831978319783,-0.7864176465524281,0.8,0.8218694537317309,1.0,3/3,58.08%,Q13651;P22301;Q08334
prerank,RXRalpha-RARalpha-NCOA2 retinoic acid receptor complex,0.4392953929539295,0.7863960632115972,0.8256880733944955,0.8678092354405703,1.0,3/3,56.11%,P19793;Q15596;P10276
prerank,Nuclear exosome targeting complex,0.4452574525745258,0.7863380862031327,0.8335419274092616,0.8664831712944611,1.0,3/3,55.51%,P42285;Q6NZY4;Q9Y580
prerank,"Interferon lambda receptor-ligand complex, IFNL3 variant",-0.4197831978319783,-0.7837364170511631,0.8468085106382979,0.8251161459604652,1.0,3/3,58.08%,Q8IZI9;Q8IU57;Q08334
prerank,mRNA cap guanine-N7 methyltransferase complex,0.43685636856368576,0.7824099290650818,0.8231382978723404,0.8711314807286152,1.0,3/3,56.35%,CHEBI:59789;O43148;Q9BTL3
prerank,Interleukin-12-receptor ligand complex,0.4403794037940377,0.782363975565888,0.8289473684210527,0.86978095136752,1.0,3/3,56.00%,P42701-PRO_0000010917;Q99665-PRO_0000010920;CPX-381
prerank,"GABA-A receptor, alpha3-beta3-theta",0.4417344173441735,0.7817649588395548,0.8305732484076433,0.8692674357802774,1.0,3/3,55.86%,P28472;P34903;Q9UN88
prerank,"Interferon lambda receptor-ligand complex, IFNL4 variant",-0.4197831978319783,-0.7806056675860021,0.8062015503875969,0.8292753191831705,1.0,3/3,58.08%,K9M1U5;Q8IU57;Q08334
prerank,METTL1-WDR4 tRNA (guanine-N(7)-)-methyltransferase complex,0.43739837398373993,0.7805709778946405,0.8306878306878307,0.8696250662066399,1.0,3/3,56.30%,CHEBI:59789;Q9UBP6;P57081
prerank,Interleukin-1 beta ligand-membrane bound receptor type 1 complex,0.4319783197831979,0.7791477753805202,0.8567639257294429,0.8703099709802071,1.0,3/3,56.84%,Q9NPH3;P14778-PRO_0000015435;P01584-PRO_0000015302
prerank,Interleukin-22 receptor-ligand complex,-0.4197831978319783,-0.7764756295251225,0.8145161290322581,0.8347783506187211,1.0,3/3,58.08%,Q9GZX6;Q8N6P7;Q08334
prerank,"Interferon lambda receptor-ligand complex, IFNL2 variant",-0.4197831978319783,-0.7746684746479418,0.8333333333333334,0.8366568558548343,1.0,3/3,58.08%,Q8IZJ0;Q8IU57;Q08334
prerank,TRMT11-TRM112 methyltransferase complex,0.43631436314363153,0.7742676319528728,0.8344370860927153,0.8761935775833709,1.0,3/3,56.40%,CHEBI:59789;Q9UI30;Q7Z4G4
prerank,METTL5-TRM112 methyltransferase complex,0.4360433604336045,0.7739343152914937,0.8492063492063492,0.8752584726084616,1.0,3/3,56.43%,CHEBI:59789;Q9UI30;Q9NRN9
prerank,THUMPD3-TRM112 methyltransferase complex,0.43794037940379416,0.7717101925926165,0.8443271767810027,0.8770559515667805,1.0,3/3,56.24%,CHEBI:59789;Q9UI30;Q9BV44
prerank,THUMPD2-TRM112 methyltransferase complex,0.43577235772357736,0.7714458976632517,0.8580814717477004,0.876032801372781,1.0,3/3,56.46%,CHEBI:59789;Q9UI30;Q9BTF0
prerank,BUD23-TRM112 methyltransferase complex,0.43550135501355025,0.7702393191608223,0.8624678663239075,0.8763936408198083,1.0,3/3,56.49%,CHEBI:59789;Q9UI30;O43709
prerank,Precursor interleukin-1 alpha-membrane-bound receptor type 1 complex,0.43252032520325207,0.7698825074483632,0.8464673913043478,0.8754743545088889,1.0,3/3,56.78%,Q9NPH3;P01583;P14778-PRO_0000015435
prerank,"Interferon lambda receptor-ligand complex, IFNL1 variant",-0.4197831978319783,-0.7671672368525736,0.8514056224899599,0.8473106416841496,1.0,3/3,58.08%,Q8IU54;Q8IU57;Q08334
prerank,N6AMT1-TRM112 methyltransferase complex,0.43523035230352314,0.7645858962413278,0.8763157894736842,0.881539663555821,1.0,3/3,56.51%,CHEBI:59789;Q9UI30;Q9Y5N5
prerank,"Eukaryotic translation initiation factor 4F, EIF4A1 and EIF4G1 variant",0.4279132791327913,0.7624087197369872,0.8471502590673575,0.8831437092184925,1.0,3/3,57.24%,P06730;Q04637;P60842
prerank,Interleukin-1 beta ligand-soluble receptor type 1 complex,0.4319783197831979,0.7620923367083209,0.8690476190476191,0.8821621067246986,1.0,3/3,56.84%,Q9NPH3;P14778-PRO_0000415344;P01584-PRO_0000015302
prerank,Precursor interleukin-1 alpha-soluble receptor type 1 complex,0.43306233062330624,0.7600600002246893,0.8720626631853786,0.8835045996703751,1.0,3/3,56.73%,Q9NPH3;P14778-PRO_0000415344;P01583
prerank,Interleukin-36B receptor ligand complex,0.4197831978319782,0.7578088030535414,0.8751608751608752,0.8851463016386345,1.0,3/3,58.06%,Q9NPH3;Q9HB29;Q9NZH7-PRO_0000153646
prerank,"Eukaryotic translation initiation factor 4F, EIF4A1 and EIF4G3 variant",0.42682926829268286,0.7568975371573972,0.8466579292267365,0.884953819746195,1.0,3/3,57.35%,P06730;P60842;O43432
prerank,Interleukin-1 alpha-soluble receptor type 1 complex,0.4195121951219511,0.7547725949241146,0.8743523316062176,0.8862845773698735,1.0,3/3,58.08%,Q9NPH3;P14778-PRO_0000415344;P01583-PRO_0000015266
prerank,"Eukaryotic translation initiation factor 4F, EIF4A2 and EIF4G1 variant",0.42710027100271,0.7547131098896226,0.8650385604113111,0.884961884679937,1.0,3/3,57.32%,P06730;Q04637;Q14240
prerank,"Eukaryotic translation initiation factor 4F, EIF4A2 and EIF4G3 variant",0.42682926829268286,0.7535080474376816,0.8697368421052631,0.8851348463376949,1.0,3/3,57.35%,P06730;Q14240;O43432
prerank,Interleukin-36G receptor ligand complex,0.4208672086720866,0.7531876487962145,0.8701986754966887,0.8841446292820262,1.0,3/3,57.95%,Q9NPH3;Q9HB29;Q9NZH8-PRO_0000153648
prerank,Interleukin-1 alpha-membrane-bound receptor type 1 complex,0.4195121951219511,0.7502650136556127,0.8898071625344353,0.8864027009627987,1.0,3/3,58.08%,Q9NPH3;P14778-PRO_0000015435;P01583-PRO_0000015266
prerank,Interleukin-1 beta ligand-decoy receptor type 2 complex,0.4200542005420053,0.7486766042822933,0.8819714656290532,0.8869902397557471,1.0,3/3,58.03%,Q9NPH3;P01584-PRO_0000015302;P27930
prerank,Interleukin-36A receptor ligand complex,0.4205962059620595,0.7484130850498832,0.8871595330739299,0.8859358856006019,1.0,3/3,57.97%,Q9NPH3;Q9HB29;Q9UHA7-PRO_0000153644
prerank,"Retromer complex, VPS26A variant",0.42140921409214094,0.7480885208908047,0.8761290322580645,0.8849569373925963,1.0,3/3,57.89%,Q9UBQ0;Q96QK1;O75436
prerank,IL33 receptor-ligand complex,0.4203252032520324,0.7479219150767549,0.8722294654498044,0.8837912039578968,1.0,3/3,58.00%,Q9NPH3;O95760;Q01638
prerank,Interleukin-1 alpha decoy receptor-ligand type 2 complex,0.42005420054200526,0.7431173322381943,0.8792650918635171,0.8884757372779831,1.0,3/3,58.03%,Q9NPH3;P01583;P27930
prerank,"Retromer complex, VPS26B variant",0.4211382113821138,0.7355995623643659,0.8975672215108835,0.8962643972092078,1.0,3/3,57.92%,Q9UBQ0;Q96QK1;Q4G0F5
prerank,TBK1-IKKepsilon-TANK complex,0.4073170731707316,0.7221036415534239,0.9196787148594378,0.9101168470930695,1.0,3/3,59.30%,Q9UHD2;Q14164;Q92844
prerank,TBK1-IKKepsilon-SINTBAD complex,0.40785907859078585,0.7201430834260073,0.9073107049608355,0.9108273585158624,1.0,3/3,59.25%,Q9UHD2;Q14164;A7MCY6
prerank,TBK1-IKKepsilon-NAP1 complex,0.40677506775067745,0.714744634594051,0.9225543478260869,0.914964848599625,1.0,3/3,59.36%,Q9UHD2;Q14164;Q9H6S1
prerank,E3 ligase (RANBP2) complex,0.3994579945799459,0.7099585616506198,0.9195250659630607,0.9184218314328705,1.0,3/3,60.09%,P49792;P63279;P46060
