Name,Term,ES,NES,NOM p-val,FDR q-val,FWER p-val,Tag %,Gene %,Lead_genes
prerank,"Short transient receptor potential channel complex,TRPC1-TRPC4-TRPC5 variant",-0.878319783197832,-1.619098563271885,0.0047169811320754715,1.0,0.486,3/3,12.27%,Q9UL62;Q9UBN4;P48995
prerank,CST complex,-0.8826558265582656,-1.6175440976604802,0.0,1.0,0.492,3/3,11.83%,Q9H668;Q86WV5;Q2NKJ3
prerank,Hydrogen:potassium-exchanging ATPase complex,-0.8815718157181571,-1.6151167456760238,0.0091324200913242,0.8395347692959847,0.506,3/3,11.94%,CHEBI:39128;P51164;P20648
prerank,PeBoW complex,-0.8905149051490515,-1.5935984481086323,0.009478672985781991,0.851245018223933,0.603,3/3,11.05%,Q9GZL7;Q14137;O00541
prerank,Syndecan-1-syntenin-1-ALIX complex,-0.8712737127371274,-1.5844014802714135,0.004629629629629629,0.7620669686957114,0.636,3/3,12.97%,P18827;O00560;Q8WUM4
prerank,NPHP transition zone complex,-0.8699186991869918,-1.583405126852897,0.009216589861751152,0.6436132968476191,0.643,3/3,13.11%,Q68CZ1;O15259;O75161
prerank,AP-5 Adaptor complex,-0.7969639468690701,-1.5765252097417939,0.012658227848101266,0.6045576864120994,0.67,4/4,20.42%,Q9H0R1;Q9NUS5;Q2VPB7;O43299
prerank,KICSTOR complex,-0.8013011656275413,-1.5755901229196136,0.006802721088435374,0.5374328666643958,0.676,4/4,19.98%,Q5T011;Q9Y664;Q96MD2;Q969R8
prerank,BAT3 complex,-0.8764227642276423,-1.5729117508258612,0.01485148514851485,0.4924309805598766,0.686,3/3,12.46%,Q7L5D6;P46379;P11441
prerank,Major Spliceosomal B complex,0.9788925438596493,1.5722598253462479,0.0,0.0,0.0,45/45,3.30%,Q9BWJ5;Q15393;P62306;P62318;P62304;P14678;P62308;P62316;P62314;URS00006A1489_9606;P08579;P09661;CHEBI:139356;O75533;Q15029;Q6P2Q9;URS00006767A8_9606;Q96DI7;P55769;O75643;Q13435;Q15427;Q12874;Q15428;Q15459;Q9Y3B4;O94906;Q9BUQ8;Q8WWY3;Q9UK45;P62310;O95777;Q9Y333;P62312;Q9Y4Y9;Q9Y4Z0;Q9BTD8;Q8WVK2;URS0000715A86_9606;O43172;Q53GS9;O43395;URS0000631BD4_9606;P83876;O43290
prerank,CPLANE complex,-0.8409214092140921,-1.571707098550968,0.01507537688442211,0.45021403186065784,0.691,3/3,16.00%,Q9ULD6;Q9BT04;O95876
prerank,ULK1-ATG13-RB1CC1-ATG101 autophagy initiation complex,-0.7763621577663322,-1.5693077812501444,0.0,0.42377998742749906,0.703,4/4,22.47%,O75143;O75385;Q8TDY2;Q9BSB4
prerank,CCDC36-MEI4-REC114 meiotic recombination initiation complex,-0.8634146341463415,-1.5688030801119874,0.014285714285714285,0.3922933390862675,0.707,3/3,13.76%,A8MW99;Q8IYA8;Q7Z4M0
prerank,Ribosome quality control complex,-0.7923556519381946,-1.5683133407427285,0.012987012987012988,0.3656507904898408,0.709,4/4,20.88%,O94822;CPX-137;Q9BQ70;O60524
prerank,"Casein kinase II complex, CSNK2A1-CNSK2A2 variant",-0.8468834688346883,-1.5664096824665623,0.004048582995951417,0.34590273756401085,0.715,3/3,15.41%,P19784;P68400;P67870
prerank,Complement component C1q complex,-0.862059620596206,-1.5645203501489033,0.009174311926605505,0.32860760068581035,0.723,3/3,13.89%,P02746;P02747;P02745
prerank,Myddosome core complex,-0.790187042558959,-1.5636343596149598,0.00684931506849315,0.3114475820644707,0.726,4/4,21.09%,O43187;P51617;Q99836;Q9NWZ3
prerank,Mitochondrial transcription initiation complex,-0.8504065040650407,-1.5624731236335485,0.013636363636363636,0.29646535181841926,0.73,3/3,15.06%,O00411;Q00059;Q9H5Q4
prerank,CSL-NOTCH1-MAML transcriptional activation complex,-0.8547425474254743,-1.5596489059216228,0.014150943396226415,0.289753595268464,0.74,3/3,14.62%,Q92585;Q06330;P46531
prerank,Eukaryotic translation initiation factor 2 complex,-0.8457994579945799,-1.5566353829477804,0.009900990099009901,0.28261050145546446,0.749,3/3,15.52%,P41091;P20042;P05198
prerank,MTERF4-NSUN4 mitochondiral ribosomal assembly complex,-0.8710027100271003,-1.5563604768282298,0.022857142857142857,0.2696960406944397,0.75,3/3,13.00%,Q7Z6M4;CHEBI:15414;Q96CB9
prerank,Actin junctional complex,-0.8523035230352304,-1.55576264828621,0.014218009478672985,0.25814021263147535,0.752,3/3,14.87%,P04921;P11171;Q00013
prerank,Ragulator complex,-0.7152928416485901,-1.5505948197651394,0.021739130434782608,0.2626207574260849,0.775,5/5,28.59%,Q0VGL1;Q9Y2Q5;Q9UHA4;O43504;Q6IAA8
prerank,Translocon-associated protein complex,-0.7828679859040389,-1.5504115260856863,0.0125,0.25155494603415324,0.775,4/4,21.83%,Q9UNL2;P43307;P51571;P43308
prerank,UFM1 ribosome E3 ligase complex,-0.8479674796747968,-1.54845742309407,0.02252252252252252,0.24782940279244395,0.784,3/3,15.30%,Q96JB5;Q96HY6;O94874
prerank,"PtdIns(3,5)P2 regulatory complex",-0.8607046070460704,-1.54839706226634,0.01485148514851485,0.23813241589172374,0.784,3/3,14.03%,Q9Y2I7;Q92562;Q08AM6
prerank,N-acetylglucosamine-1-phosphotransferase complex,-0.8626016260162601,-1.5479635258358664,0.015,0.23011678514625,0.785,3/3,13.84%,Q9UJJ9;Q3T906-PRO_0000225009;Q3T906-PRO_0000225008
prerank,U4/U6.U5 small nuclear ribonucleoprotein complex,0.9754165528544115,1.5475286198668672,0.0,0.0,0.0,32/32,3.30%,P62306;P62318;P62304;P14678;P62308;P62316;P62314;Q15029;Q6P2Q9;URS00006767A8_9606;Q96DI7;P55769;O75643;O94906;Q9BUQ8;Q8WWY3;Q9UK45;P62310;O95777;Q9Y333;P62312;Q9Y4Y9;Q9Y4Z0;Q9BTD8;Q8WVK2;URS0000715A86_9606;O43172;Q53GS9;O43395;URS0000631BD4_9606;P83876;O43290
prerank,Glycoprotein Ib-IX-V-Filamin-A complex,-0.7114967462039046,-1.5459327525985775,0.0,0.22559744515893532,0.791,5/5,28.97%,P21333;P40197;P14770;P13224;P07359
prerank,Major Spliceosomal B-act-III complex,0.9596928982725529,1.545809427676418,0.0,0.0,0.0,46/46,5.23%,Q9BWJ5;Q15393;P62306;P62318;P62304;P14678;P62308;P62316;P62314;URS00006A1489_9606;P08579;P09661;CHEBI:139356;O75533;Q15029;Q6P2Q9;URS00006767A8_9606;Q96DI7;O75643;Q13435;Q15427;Q12874;Q15428;Q15459;Q13573;URS000075BAAE_9606;Q9P013;O43660;Q99459;Q9HCS7;O60306;Q9UNP9;Q9NW64;Q9BZJ0;P41223;O75934;Q9UQ35;Q9UMS4;Q9HCG8;O60508;Q9Y3C6;Q7RTV0;O15541;Q13356;Q8WUA2;O60231
prerank,Ndc80 complex,-0.7915424234209812,-1.5418980365861326,0.023809523809523808,0.2284463671356065,0.801,4/4,20.96%,Q8NBT2;O14777;Q9BZD4;Q9HBM1
prerank,Major Spliceosomal B-act-II complex,0.958904109589041,1.5414673055964392,0.0,0.0,0.0,43/43,5.23%,Q9BWJ5;Q15393;P62306;P62318;P62304;P14678;P62308;P62316;P62314;URS00006A1489_9606;P08579;P09661;CHEBI:139356;O75533;Q15029;Q6P2Q9;URS00006767A8_9606;Q96DI7;O75643;Q13435;Q15427;Q12874;Q15428;Q15459;Q13573;URS000075BAAE_9606;Q9P013;O43660;Q99459;Q9HCS7;O60306;Q9UNP9;Q9NW64;Q9BZJ0;P41223;Q9UQ35;Q9HCG8;Q9Y3C6;Q7RTV0;O15541;Q13356;Q8WUA2;O60231
prerank,Major Spliceosomal B-act-I complex,0.9580707043025485,1.5411232467819234,0.0,0.0,0.0,44/44,5.33%,Q9BWJ5;Q15393;P62306;P62318;P62304;P14678;P62308;P62316;P62314;URS00006A1489_9606;P08579;P09661;CHEBI:139356;O75533;Q15029;Q6P2Q9;URS00006767A8_9606;Q96DI7;O75643;Q13435;Q15427;Q12874;Q15428;Q15459;Q9Y3B4;Q13573;URS000075BAAE_9606;Q9P013;O43660;Q99459;Q9HCS7;O60306;Q9UNP9;Q9NW64;Q9BZJ0;P41223;Q9UQ35;Q9HCG8;Q7RTV0;O15541;Q13356;CPX-26447;Q8IYB3;Q6UX04
prerank,Collagen type VI trimer,-0.8471544715447155,-1.541120755337108,0.030303030303030304,0.22205986627560287,0.803,3/3,15.38%,P12109;P12111;P12110
prerank,Major Spliceosomal B-act-IV complex,0.9589041095890409,1.5408672826527359,0.0,0.0,0.0,43/43,5.23%,Q9BWJ5;Q15393;P62306;P62318;P62304;P14678;P62308;P62316;P62314;URS00006A1489_9606;P08579;P09661;CHEBI:139356;O75533;Q15029;Q6P2Q9;URS00006767A8_9606;Q96DI7;Q13435;Q15427;Q12874;Q13573;URS000075BAAE_9606;Q9P013;O43660;Q99459;Q9HCS7;O60306;Q9UNP9;Q9NW64;Q9BZJ0;P41223;O75934;Q9UQ35;Q9UMS4;Q9HCG8;O60508;Q9Y3C6;O95926;Q7RTV0;O15541;Q8WUA2;O60231
prerank,LDLR-PCSK9 complex,-0.8669376693766938,-1.5406016151737434,0.009615384615384616,0.2160090533016922,0.804,3/3,13.40%,P01130;Q8NBP7-PRO_0000027121;Q8NBP7-PRO_0000027120
prerank,HUSH epigenetic repressor complex,-0.8544715447154472,-1.5395841923652862,0.022222222222222223,0.21104599990989675,0.808,3/3,14.65%,Q9UK61;Q99549;Q8NEY8
prerank,GINS complex,-0.77988614800759,-1.5387488285982025,0.02564102564102564,0.2058019949813219,0.811,4/4,22.12%,Q9BRX5;Q9BRT9;Q14691;Q9Y248
prerank,Major Spliceosomal Post-B-act complex,0.958378970427163,1.5381680159460507,0.0,0.0,0.0,41/41,5.23%,Q9BWJ5;Q15393;P62306;P62318;P62304;P14678;P62308;P62316;P62314;URS00006A1489_9606;P08579;P09661;CHEBI:139356;O75533;Q15029;Q6P2Q9;URS00006767A8_9606;Q96DI7;Q13435;Q15427;Q13573;URS000075BAAE_9606;Q9P013;O43660;Q99459;Q9HCS7;O60306;Q9UNP9;Q9NW64;Q9BZJ0;P41223;O75934;Q9UQ35;Q9UMS4;Q9HCG8;O60508;Q9Y3C6;O95926;Q7RTV0;Q8WUA2;O60231
prerank,AP-4 Adaptor complex,-0.7880184331797234,-1.5361648721844248,0.013888888888888888,0.2059529793971324,0.82,4/4,21.31%,Q9UPM8;O00189;Q9Y6B7;Q9Y587
prerank,Cardiac Troponin complex,-0.843360433604336,-1.535960403931801,0.009389671361502348,0.20029294546445484,0.821,3/3,15.76%,P63316;P45379;P19429
prerank,Tubulin polyglutamylase complex,-0.726409978308026,-1.5357636084112882,0.011363636363636364,0.1952651837721838,0.823,5/5,27.48%,Q8IUZ0;Q9BSH3;O95922;Q68CL5;Q6ZTW0
prerank,Glutamate decarboxylase 1/2 complex,-0.8574525745257453,-1.5331524608636622,0.009433962264150943,0.19381963289719534,0.826,3/3,14.35%,Q05329;Q99259;CHEBI:18405
prerank,RNase H2 complex,-0.8414634146341463,-1.5321886782903558,0.010256410256410256,0.19062629751732862,0.829,3/3,15.95%,O75792;Q8TDP1;Q5TBB1
prerank,NELF negative elongation factor complex ,-0.7744646245595012,-1.5310094733326234,0.0273972602739726,0.18795660678077317,0.835,4/4,22.66%,Q8WX92;Q8IXH7;P18615;Q9H3P2
prerank,Major Spliceosomal Pre-B-act complex,0.9550930996714132,1.5305532937286246,0.0,0.0,0.0,41/41,5.55%,Q9BWJ5;Q15393;P62306;P62318;P62304;P14678;P62308;P62316;P62314;URS00006A1489_9606;P08579;P09661;CHEBI:139356;O75533;Q15029;Q6P2Q9;URS00006767A8_9606;Q96DI7;O75643;Q13435;Q15427;Q12874;Q15428;Q15459;Q9Y3B4;Q13573;URS000075BAAE_9606;Q9P013;O43660;Q99459;Q9HCS7;O60306;Q9UNP9;Q9NW64;Q9BZJ0;P41223;Q7RTV0;Q13356;CPX-26447;Q8IYB3;O60870
prerank,TTT complex,-0.8436314363143631,-1.5281040459502544,0.02577319587628866,0.18854193688134485,0.843,3/3,15.73%,Q6NXR4;Q9Y4R8;O43156
prerank,Ribosome biogenesis complex,-0.8392953929539295,-1.5241339987599132,0.0,0.1932191073111467,0.855,3/3,16.17%,Q14978;Q13428;P61328
prerank,"Intron Lariat Spliceosome, type 1 complex",0.9587148979645684,1.523806953117107,0.0,0.0,0.0,31/32,2.44%,P62306;P62318;P62304;P14678;P62308;P62316;P62314;URS00006A1489_9606;P08579;P09661;CHEBI:139356;Q15029;Q6P2Q9;URS00006767A8_9606;Q96DI7;Q13573;URS000075BAAE_9606;Q9P013;O43660;Q99459;Q9HCS7;O60306;Q9UNP9;Q9NW64;Q9BZJ0;P41223;O75934;Q9UMS4;O60508;Q9Y3C6;O95926
prerank,SNAPc snRNA activating protein complex ,-0.7323752711496746,-1.523617278966492,0.029411764705882353,0.18956102767417973,0.855,5/5,26.89%,Q13487;O75971;Q16533;Q5SXM2;Q92966
prerank,NatC N-alpha-acetyltransferase complex,-0.8476964769647697,-1.5223803069885404,0.03587443946188341,0.1876213509554791,0.856,3/3,15.33%,Q5VZE5;Q9BRA0;Q147X3
prerank,Kinetochore MIS12 complex,-0.7741935483870968,-1.5186857155606455,0.03496503496503497,0.19035962792176397,0.871,4/4,22.69%,Q9H081;Q96IY1;Q6P1K2;Q9H410
prerank,CCAAT-binding factor complex,-0.865040650406504,-1.5120284215868711,0.025510204081632654,0.1986852549750666,0.89,3/3,13.59%,Q13952;P25208;P23511
prerank,Interferon gamma receptor-ligand complex,-0.835230352303523,-1.5118024927274127,0.034782608695652174,0.19469039499696583,0.89,3/3,16.57%,P38484;P15260;CPX-6024
prerank,Kinetochore SKA complex,-0.8371273712737127,-1.5100769406750059,0.024630541871921183,0.1933953485157479,0.89,3/3,16.38%,Q96BD8;Q8WVK7;Q8IX90
prerank,"SAGA complex, KAT2A variant",0.9678649237472767,1.508943344912652,0.0,0.0,0.0,21/21,3.76%,Q9BWJ5;Q15393;Q9Y4A5;O75528;Q92830;Q96ES7;Q12962;Q16594;Q16514;Q9NPA8;O75486;O75529;O15265;Q14CW9;CHEBI:27363;Q9UPT9;Q9Y6J9;Q86TJ2;Q8NEM7;Q96BN2;O94864
prerank,GATOR1 complex,-0.8333333333333334,-1.5086053920442926,0.02553191489361702,0.19221290752601203,0.894,3/3,16.76%,O75140;Q8WTW4;Q12980
prerank,"SAGA complex, KAT2B variant",0.967864923747277,1.5085269301419713,0.0,0.0,0.0,21/21,3.76%,Q9BWJ5;Q15393;Q9Y4A5;O75528;Q96ES7;Q92831;Q12962;Q16594;Q16514;Q9NPA8;O75486;O75529;O15265;Q14CW9;CHEBI:27363;Q9UPT9;Q9Y6J9;Q86TJ2;Q8NEM7;Q96BN2;O94864
prerank,Mitochondrial 3-oxoacyl-[acyl-carrier-protein] reductase,-0.7720249390078612,-1.5083648007244916,0.022900763358778626,0.18910926033162637,0.895,4/4,22.91%,Q8N4T8;CHEBI:58349;CHEBI:57540;Q92506
prerank,GPI-anchor transamidase complex,-0.7188177874186551,-1.5075972570368485,0.0,0.18684924663055943,0.897,5/5,28.24%,Q92643;Q9H490;O43292;Q96S52;Q969N2
prerank,CMG helicase complex,-0.8401084010840109,-1.5049401295557157,0.004347826086956522,0.188246755458664,0.9,3/3,16.08%,O75419;CPX-787;CPX-2940
prerank,Checkpoint clamp complex,-0.8295392953929539,-1.5035068921928614,0.0196078431372549,0.18741697039888275,0.903,3/3,17.14%,O60921;O60671;Q99638
prerank,"DNA-directed RNA polymerase III complex, POLR3GL variant",0.9686989657049537,1.5025523672633834,0.0,0.0,0.0,19/19,3.63%,CHEBI:29105;CHEBI:18420;P19388;P52434;P62875;P61218;P53803;P0DPB6;O15160;Q9Y2Y1;Q9NVU0;Q9NW08;Q9Y535;Q9H1D9;P05423;Q9BUI4;O75575;O14802;Q9BT43
prerank,ESCRT-II complex,-0.824119241192412,-1.5025031061767524,0.00980392156862745,0.18583957174412602,0.903,3/3,17.68%,Q86VN1;Q96H20;Q9BRG1
prerank,"DNA-directed RNA polymerase III complex, POLR3G variant",0.9684267827980403,1.5024618891097468,0.0,0.0,0.0,19/19,3.66%,CHEBI:29105;CHEBI:18420;P19388;P52434;P62875;P61218;P53803;P0DPB6;O15160;Q9Y2Y1;Q9NVU0;Q9NW08;Q9Y535;Q9H1D9;P05423;Q9BUI4;O75575;O14802;O15318
prerank,KMN complex,-0.8322493224932249,-1.5012898389769531,0.020512820512820513,0.18498454184584776,0.91,3/3,16.87%,CPX-5644;CPX-550;CPX-5643
prerank,IkappaB kinase complex,-0.8493224932249323,-1.5011642192191526,0.023148148148148147,0.1818591649750601,0.911,3/3,15.16%,Q9Y6K9;O15111;O14920
prerank,SMG1C protein kinase complex,-0.8289972899728997,-1.5000794281175542,0.009389671361502348,0.18051799116621817,0.912,3/3,17.19%,Q9H0W8;Q96Q15;Q8ND04
prerank,Interleukin-37 receptor-ligand complex,-0.8317073170731707,-1.499247154243038,0.0365296803652968,0.17864563817828796,0.912,3/3,16.92%,Q6IA17-PRO_0000099065;Q9NZH6-1;Q13478-PRO_0000015448
prerank,FERRY RAB5 effector complex,-0.7253253796095445,-1.4990193331465402,0.01,0.17593819340735256,0.912,5/5,27.59%,Q8TEA7;Q9NQ89;Q8NB37;O95825;Q6ZMI0
prerank,PEX2-PEX10-PEX12 E3 ubiquitin ligase complex,-0.8235772357723578,-1.4975063213012925,0.045454545454545456,0.1754673639097609,0.914,3/3,17.74%,O60683;P28328;O00623
prerank,TSC1-TSC2 complex,-0.8233062330623306,-1.4966933704808385,0.019704433497536946,0.17446286114689052,0.92,3/3,17.76%,Q9P0N9;Q92574;P49815
prerank,Collagen type IX trimer,-0.8279132791327913,-1.4963668527624288,0.024271844660194174,0.17209561982188612,0.92,3/3,17.30%,Q14055;Q14050;P20849
prerank,NuA4 histone acetyltransferase complex,0.9629831246597711,1.495132692431779,0.0,0.0,0.0,19/19,4.20%,Q9HAF1;Q9Y4A5;O96019;P60709;Q9Y265;Q9Y230;Q15906;Q9NPF5;O95619;Q52LR7;Q15014;Q05BQ5;Q92993;Q9UBU8;Q9NV56;Q9H0E9;Q9NXR8;Q96L91;Q9H2F5
prerank,GLUK1-GLUK2-GLUK3-GLUK5 glutamate ionotropic kainate-type receptor complex,-0.7424776362157766,-1.494748884289502,0.014814814814814815,0.1721096484933635,0.922,4/4,25.86%,Q16478;Q13002;Q13003;P39086
prerank,GPR88-Gi1 signaling complex,-0.7717538628354567,-1.494601816049007,0.041379310344827586,0.1694644460243037,0.922,4/4,22.94%,P63096;P62873;Q9GZN0;P63211
prerank,Peroxisomal receptor export module complex,-0.829810298102981,-1.4927952491881973,0.02262443438914027,0.16969137274345572,0.926,3/3,17.11%,Q13608;Q7Z412;O43933
prerank,SHU complex,-0.7769043101111411,-1.4927418931780543,0.02877697841726619,0.1672932917759535,0.926,4/4,22.42%,Q9NTI5;Q6NVH7;Q19AV6;Q14159
prerank,CCM endothelial permeability complex,-0.8051490514905149,-1.4915739763797493,0.0106951871657754,0.16600836912176628,0.927,3/3,19.58%,Q9BSQ5;Q9BUL8;O00522
prerank,"Intron Lariat Spliceosome, type 2 complex",0.9347770878240098,1.4886273958894092,0.0,0.0,0.0,31/33,2.44%,P62306;P62318;P62304;P14678;P62308;P62316;P62314;URS00006A1489_9606;P08579;P09661;CHEBI:139356;Q15029;Q6P2Q9;URS00006767A8_9606;Q96DI7;Q13573;URS000075BAAE_9606;Q9P013;O43660;Q99459;Q9HCS7;O60306;Q9UNP9;Q9NW64;Q9BZJ0;P41223;O75934;Q9UMS4;O60508;Q9Y3C6;O95926
prerank,BLOC-2 complex,-0.8444444444444444,-1.4879203873596012,0.01932367149758454,0.16959388482364263,0.929,3/3,15.65%,Q86YV9;Q969F9;Q9UPZ3
prerank,eNoSc complex,-0.8344173441734417,-1.487634978562918,0.014563106796116505,0.1677483075476587,0.931,3/3,16.65%,O43463;O43159;Q96EB6
prerank,Fukutin-FKRP-TMEM5 multienzyme complex,-0.8355013550135502,-1.4867739924360759,0.02252252252252252,0.1666723439043499,0.932,3/3,16.54%,O75072;Q9H9S5;Q9Y2B1
prerank,Hydride transfer complex,-0.8425474254742548,-1.4854653674702778,0.02127659574468085,0.16648919127996037,0.932,3/3,15.84%,P11498;P40925;P48163
prerank,TFTC histone acetylation complex,0.959183673469388,1.4852908329917438,0.0,0.0,0.0,18/18,4.55%,Q9Y4A5;O75528;Q92830;Q12962;Q16594;Q16514;Q9NPA8;O75486;O75529;O15265;Q14CW9;CHEBI:27363;Q9UPT9;P49848;Q6P1X5;Q15545;Q15542;O00268
prerank,LUBAC ubiquitin ligase complex,-0.8330623306233063,-1.4840359598648247,0.032432432432432434,0.16634987680394228,0.934,3/3,16.79%,Q96EP0;Q9BYM8;Q9H0F6
prerank,RFX gene regulatory complex,-0.8265582655826558,-1.4840190154319568,0.036036036036036036,0.16404498227342507,0.934,3/3,17.44%,O00287;P48382;O14593
prerank,MCM complex,-0.6775155953349608,-1.4832062906202363,0.02702702702702703,0.1628925652156909,0.935,6/6,32.39%,P49736;P33992;P33993;Q14566;P25205;P33991
prerank,p53-MDM2-MDM4 transcriptional regulation complex,-0.8319783197831978,-1.4819810878117445,0.02336448598130841,0.16214190823313007,0.938,3/3,16.90%,Q00987;O15151;P04637
prerank,Major Spliceosomal C* complex,0.920252123869553,1.4813073116325353,0.0,0.0,0.0,44/44,9.07%,P62306;P62318;P62304;P14678;P62308;P62316;P62314;URS00006A1489_9606;P08579;P09661;CHEBI:139356;Q15029;Q6P2Q9;URS00006767A8_9606;Q96DI7;O75643;Q13573;URS000075BAAE_9606;Q9P013;O43660;Q99459;Q9HCS7;O60306;Q9UNP9;Q9NW64;Q9BZJ0;P41223;O75934;Q9UQ35;Q9UMS4;Q9HCG8;O60508;Q9Y3C6;O95926;Q9Y5S9;P38919;P61326;O15234;Q9Y421;Q9H875;Q14562;O95391;Q8WUQ7;Q8N5F7
prerank,Caspase-2 PIDDosome,-0.8287262872628727,-1.480545774647887,0.025974025974025976,0.1616306499639265,0.94,3/3,17.22%,P78560;P42575;Q9HB75
prerank,Outer dynein arm-docking complex,-0.7331887201735359,-1.4804270462633449,0.010869565217391304,0.15958366923656292,0.94,5/5,26.81%,A5D8V7;Q5T2S8;Q96M63;Q96NG3;Q9HAE3
prerank,Major Spliceosomal Pre-C*-II complex,0.9197260273972602,1.4801221335253536,0.0,0.0,0.0,43/43,9.10%,P62306;P62318;P62304;P14678;P62308;P62316;P62314;URS00006A1489_9606;P08579;P09661;CHEBI:139356;Q15029;Q6P2Q9;URS00006767A8_9606;Q96DI7;Q13573;URS000075BAAE_9606;Q9P013;O43660;Q99459;Q9HCS7;O60306;Q9UNP9;Q9NW64;Q9BZJ0;P41223;O75934;Q9UQ35;Q9UMS4;Q9HCG8;O60508;Q9Y3C6;O95926;Q9Y5S9;P38919;P61326;O15234;Q9Y421;Q9H875;Q14562;O95391;Q8WUQ7;Q9GZU8
prerank,CPAP-STIL complex,-0.8254742547425474,-1.4793589120932489,0.027906976744186046,0.15904841129973485,0.941,3/3,17.55%,Q6UVJ0;Q9HC77;Q15468
prerank,"DNA-directed RNA polymerase II complex, Pol II(G) variant",0.9597607395323546,1.479310847655139,0.0,0.0,0.0,15/15,4.41%,CHEBI:29105;CHEBI:18420;P19388;P52434;P62875;P61218;P53803;P0CAP2;P30876;O15514;P62487;P19387;P52435;P36954;P24928
prerank,"Platelet-activating factor acetylhydrolase IB complex, alpha1-alpha2 variant",-0.8512195121951219,-1.478565671549256,0.024390243902439025,0.15821119530626632,0.941,3/3,14.97%,Q15102;P68402;P43034
prerank,Major Post-catalytic P Spliceosome complex,0.9200438116100772,1.4771895512260458,0.0,0.0,0.0,41/41,9.02%,P62306;P62318;P62304;P14678;P62308;P62316;P62314;URS00006A1489_9606;P08579;P09661;CHEBI:139356;Q15029;Q6P2Q9;URS00006767A8_9606;Q96DI7;O75643;Q13573;URS000075BAAE_9606;Q9P013;O43660;Q99459;Q9HCS7;O60306;Q9UNP9;Q9NW64;Q9BZJ0;P41223;O75934;Q9UQ35;Q9UMS4;Q9HCG8;O60508;Q9Y3C6;O95926;Q9Y5S9;P38919;P61326;O15234;Q9H875;Q14562;O95391
prerank,Signal recognition particle,-0.6226261530113945,-1.477181745396317,0.0,0.1576726120446528,0.941,7/7,37.88%,P09132;P37108;P49458;P61011;Q9UHB9;URS00000478B7_9606;O76094
prerank,"Amiloride-sensitive sodium channel complex, delta-alpha-beta-gamma",-0.7785307671455678,-1.4766066838046268,0.04580152671755725,0.15660034934414968,0.941,4/4,22.26%,P37088;P51170;P51172;P51168
prerank,MPP10 complex,-0.8308943089430895,-1.4762853788159684,0.0213903743315508,0.15504819974793063,0.941,3/3,17.01%,Q9NV31;O00566;Q96G21
prerank,USH2 complex,-0.777988614800759,-1.475488571254625,0.03289473684210526,0.15420162548426486,0.942,4/4,22.31%,Q9H5P4;Q8WXG9;O75445;Q9P202
prerank,Major Spliceosomal Pre-C*-I complex,0.9187192118226603,1.4732519439092924,0.0,0.0,0.0,39/39,9.10%,P62306;P62318;P62304;P14678;P62308;P62316;P62314;URS00006A1489_9606;P08579;P09661;CHEBI:139356;Q15029;Q6P2Q9;URS00006767A8_9606;Q96DI7;Q13573;URS000075BAAE_9606;Q9P013;O43660;Q99459;Q9HCS7;O60306;Q9UNP9;Q9NW64;Q9BZJ0;P41223;O75934;Q9UQ35;Q9UMS4;Q9HCG8;O60508;Q9Y3C6;O95926;Q9Y5S9;P38919;P61326;O15234;Q14562;Q9GZU8
prerank,Major Spliceosomal C complex,0.9153424657534254,1.4711814407201227,0.0,0.0,0.0,43/43,9.53%,P62306;P62318;P62304;P14678;P62308;P62316;P62314;URS00006A1489_9606;P08579;P09661;CHEBI:139356;Q15029;Q6P2Q9;URS00006767A8_9606;Q96DI7;O75643;Q13573;URS000075BAAE_9606;Q9P013;O43660;Q99459;Q9HCS7;O60306;Q9UNP9;Q9NW64;Q9BZJ0;P41223;O75934;Q9UQ35;Q9UMS4;Q9HCG8;O60508;Q9Y3C6;O95926;Q9ULR0;Q96BP3;Q9NW82;Q9NXE8;Q9BW85;Q86X95;Q92620;CPX-1941;Q14331
prerank,DNA-directed RNA polymerase II complex,0.9594998640935033,1.4711297611328933,0.0,0.0,0.0,14/14,4.41%,CHEBI:29105;CHEBI:18420;P19388;P52434;P62875;P61218;P53803;P30876;O15514;P62487;P19387;P52435;P36954;P24928
prerank,"RAVE complex, DMXL1 variant",-0.789159891598916,-1.4694342632508504,0.021505376344086023,0.160889592681736,0.95,3/3,21.18%,Q9Y485;Q9GZN7;Q9Y4E6
prerank,Major Spliceosomal Pre-B complex,0.9331878920098172,1.4685276816753765,0.0,0.0,0.0,26/26,7.34%,Q9BWJ5;Q15393;P62306;P62318;P62304;P14678;P62308;P62316;P62314;URS00006A1489_9606;P08579;P09661;CHEBI:139356;O75533;Q13435;Q15427;Q12874;Q15428;Q15459;Q9Y3B4;Q7RTV0;P08621;P09234;P09012;CPX-2391;M14387
prerank,Intraflagellar transport complex A,-0.6647681041497152,-1.4683748473467129,0.019230769230769232,0.16041630157924336,0.951,6/6,33.66%,Q7Z4L5;Q9P2L0;Q96FT9;Q8NEZ3;Q9HBG6;Q96RY7
prerank,GLUK1-GLUK2-GLUK3-GLUK4 glutamate ionotropic kainate-type receptor complex,-0.7424776362157766,-1.4675647747713265,0.02142857142857143,0.15943954309591124,0.951,4/4,25.86%,Q16099;Q13002;Q13003;P39086
prerank,Mitochondrial glutamyl-tRNA(Gln) amidotransferase complex,-0.8338753387533875,-1.4670707996383856,0.030303030303030304,0.15813604932384098,0.951,3/3,16.71%,Q9H0R6;O43716;O75879
prerank,WMM N6-adenosine-methyltransferase complex,-0.7095986984815619,-1.4647778458914151,0.023809523809523808,0.15943954309591127,0.955,5/5,29.16%,Q69YN4;Q75N03;Q5T200;Q15007;CPX-21210
prerank,"RAVE complex, DMXL2 variant",-0.789159891598916,-1.464638298656738,0.015706806282722512,0.15785539801547263,0.955,3/3,21.18%,Q8TDJ6;Q9GZN7;Q9Y4E6
prerank,UTP-B complex,-0.6707350149172769,-1.4617177679173499,0.014084507042253521,0.16014584307495708,0.958,6/6,33.06%,Q15269;Q12788;Q8NI36;Q9UNX4;Q9Y5J1;Q9NYH9
prerank,C9orf72-SMCR8 complex,-0.8314363143631436,-1.458927127096101,0.017857142857142856,0.16244554476540185,0.962,3/3,16.95%,Q96LT7-1;Q8TEV9;Q9HAD4
prerank,SAM mitochondrial sorting and assembly machinery complex,-0.8238482384823849,-1.4584162484160976,0.026905829596412557,0.16151135636777902,0.962,3/3,17.71%,O75431;Q13505;Q9Y512
prerank,RQT ribosome-associated quality control trigger complex,-0.7897018970189702,-1.4583967232299584,0.04477611940298507,0.15982559525837112,0.962,3/3,21.12%,Q15650;Q9H1I8;Q8N3C0
prerank,"Replication protein A complex, RPA4 variant",-0.802439024390244,-1.4576527226438543,0.00980392156862745,0.15896956655030797,0.964,3/3,19.85%,Q13156;P35244;P27694
prerank,U2 small nuclear ribonucleoprotein complex,0.9313351498637601,1.4573848176233903,0.0,0.0,0.0,23/23,7.45%,Q9BWJ5;Q15393;P62306;P62318;P62304;P14678;P62308;P62316;P62314;URS00006A1489_9606;P08579;P09661;O75533;Q13435;Q15427;Q12874;Q15428;Q15459;Q9Y3B4;Q7RTV0;CPX-26447;Q7L014;O43719
prerank,"Signal peptidase complex, SEC11C variant",-0.7365139604228788,-1.4564373183399248,0.02962962962962963,0.15853875471683831,0.966,4/4,26.46%,Q9BY50;P61009;Q15005;Q9Y6A9
prerank,Nuclear origin recognition complex,-0.6729048006509357,-1.4541690300623937,0.03225806451612903,0.15989952014054426,0.968,6/6,32.85%,O43929;Q9Y5N6;Q9UBD5;Q13416;Q13415;O43913
prerank,SPATA5-SPATA5L1 ATPase complex,-0.7733803198698833,-1.4536627263727946,0.02857142857142857,0.15878528627321614,0.968,4/4,22.77%,Q9BW66;Q9BVQ7;Q9NX04;Q8NB90
prerank,Mitochondrial complex I intermediate assembly (MCIA) complex,-0.6631407648494712,-1.4535978280256043,0.03333333333333333,0.15718757214822887,0.968,6/6,33.82%,Q9GZY4;Q9H845;Q8IUX1;Q9BQ95;Q9Y375;Q96B77
prerank,Small ribosomal subunit processome,0.9194868995633185,1.4514330646141615,0.0,0.0,0.0,29/29,8.77%,P55769;Q9NV06;O00567;Q9Y2X3;P22087;Q9NRX1;Q9NY61;Q9Y3A2;Q92979;Q9H0A0;Q5QJE6;Q14692;Q9NQZ2;Q9H6R4;Q9BVJ6;CPX-2478;CPX-2688;O15213;Q9Y2P8;Q9Y3A4;Q9Y324;Q13601;P78316;Q8NDD1;Q8NEJ9;O75691;CPX-2450;Q9BVI4;O43818
prerank,U4 small nuclear ribonucleoprotein complex,0.9706681151548071,1.4505226907372775,0.0,0.0,0.0,11/11,3.22%,P62306;P62318;P62304;P14678;P62308;P62316;P62314;P55769;URS0000715A86_9606;O43172;O43395
prerank,"Histone-lysine N-methyltransferase complex, KMT2C variant",0.9790931306000543,1.4500211800545257,0.0,0.0,0.0,10/10,2.36%,CHEBI:29105;P61964;Q15291;Q9C005;Q9UBL3;Q9BTK6;Q14686;O15550;Q6ZW49;Q8NEZ4
prerank,Synaptonemal complex,-0.6261530113944656,-1.4493738687156,0.0,0.16111110916017032,0.972,7/7,37.53%,Q9BXU0;Q9BX26;Q8N0S2;Q8IZU3;Q6PIF2;Q15431;A1L190
prerank,"Signal peptidase complex, SEC11A variant",-0.7365139604228788,-1.4491525423728815,0.05555555555555555,0.15988074556729392,0.972,4/4,26.46%,P67812;P61009;Q15005;Q9Y6A9
prerank,"Histone-lysine N-methyltransferase complex, KMT2D variant",0.9793646483844692,1.448886443571325,0.0,0.0,0.0,10/10,2.33%,CHEBI:29105;P61964;Q15291;Q9C005;Q9UBL3;Q9BTK6;Q14686;O15550;Q6ZW49;O14686
prerank,Interleukin-18 receptor-ligand complex,-0.8084010840108401,-1.448268165679928,0.02843601895734597,0.15954872956610192,0.972,3/3,19.25%,O95256;Q13478;Q14116
prerank,Elongator holoenzyme complex,-0.6601573094656903,-1.4481271226356627,0.013888888888888888,0.15808836052730185,0.972,6/6,34.12%,Q0PNE2;O95163;Q96EB1;Q9H9T3;Q6IA86;Q8TE02
prerank,Vault ribonucleoprotein complex,-0.6302224633749322,-1.447565635197848,0.02631578947368421,0.15721878758710767,0.973,7/7,37.12%,Q9UKK3;Q99973;URS000058CD99_9606;URS0000000A8C_9606;URS00005CCF67_9606;URS0000A76E3A_9606;Q14764
prerank,"Replication protein A complex, RPA2 variant",-0.802439024390244,-1.4467047038609904,0.02843601895734597,0.15697562194138823,0.973,3/3,19.85%,P15927;P35244;P27694
prerank,CENP-A recruiting complex,-0.82710027100271,-1.4452569896425724,0.0365296803652968,0.15715696283437688,0.974,3/3,17.38%,Q9NYP9;Q6P0N0;O43482
prerank,DNA-directed RNA polymerase I complex,0.9450937754824684,1.441990005902209,0.0,0.0,0.0,14/14,5.85%,CHEBI:29105;P19388;P52434;P62875;P61218;P53803;P0DPB6;O15160;Q9H9Y6;Q3B726;O95602;Q9P1U0;O15446;Q9GZS1
prerank,"Histone-lysine N-methyltransferase complex, KMT2A variant",0.9812703583061887,1.4407964538548905,0.0,0.0,0.0,9/9,2.11%,CHEBI:29105;P61964;P51610;Q15291;Q9C005;Q9UBL3;O00255;Q9Y5Z7;Q03164
prerank,General transcription factor TFIIIC complex,-0.6636832112828859,-1.4407359705611777,0.015625,0.16107655274634192,0.982,6/6,33.77%,Q9Y5Q9;Q9UKN8;Q12789;Q969F1;Q8WUA4;Q9Y5Q8
prerank,ASCC DNA alkylation repair complex,-0.7897018970189702,-1.439460275140582,0.045662100456621,0.16134406709737978,0.983,3/3,21.12%,Q8N9N2;Q9H1I8;Q8N3C0
prerank,"Histone-lysine N-methyltransferase complex, KMT2B variant",0.9815418023887077,1.4387669134726,0.0,0.0,0.0,9/9,2.09%,CHEBI:29105;P61964;P51610;Q15291;Q9C005;Q9UBL3;O00255;Q9Y5Z7;Q9UMN6
prerank,EARP tethering complex,-0.720249390078612,-1.4324884277979315,0.04285714285714286,0.1691272671727335,0.988,4/4,28.08%,Q96JG6;Q5VIR6;Q8N1B4;Q9UID3
prerank,Sm complex,0.9972870320130225,1.4317753087296172,0.0,6.754736379077987e-05,0.002,7/7,0.46%,P62306;P62318;P62304;P14678;P62308;P62316;P62314
prerank,"Septin complex, octamer variant, SEPT2-SEPT6-SEPT-7-SEPT3",-0.735429655733261,-1.4311211350911301,0.047244094488188976,0.1696428656700833,0.991,4/4,26.56%,Q9UH03;Q14141;Q15019;Q16181
prerank,XRCC1 DNA repair complex,-0.6180141074335322,-1.4298716379499734,0.0,0.16967349995815664,0.992,7/7,38.34%,Q96T60;Q8IW19;Q9NUW8;P49916;Q7Z2E3;P06746;P18887
prerank,mTORC2 complex,-0.6626898047722343,-1.4298275592421175,0.039603960396039604,0.16811686234386164,0.992,5/5,33.85%,Q9BPZ7;P85299;Q6R327;P42345;Q9BVC4
prerank,Collagen type IV trimer variant 3,-0.7981029810298103,-1.4290241620367903,0.05741626794258373,0.16776774110970383,0.992,3/3,20.28%,Q01955;P53420;P29400
prerank,MICOS mitochondrial contact site and cristae organizing system complex,-0.6153011394465545,-1.4273969908545578,0.03125,0.16830135309543967,0.994,7/7,38.61%,Q9NX63;Q9BUR5;Q16891;Q5XKP0;Q5TGZ0;Q6UXV4;Q9BRQ6
prerank,"Septin complex, octamer variant, SEPT2-SEPT6-SEPT-7-SEPT9",-0.735429655733261,-1.4263099480109818,0.047619047619047616,0.16839112761294864,0.994,4/4,26.56%,Q9UHD8;Q14141;Q15019;Q16181
prerank,PCAF histone acetylase complex,0.9633450991039912,1.4242740604661661,0.0,6.556067662046283e-05,0.002,10/10,3.93%,Q9Y4A5;O75528;Q92831;Q12962;Q16594;Q16514;O75486;O75529;Q9Y6J9;O75478
prerank,BBSome complex,-0.5886024423337857,-1.4234462844267495,0.0,0.17110993413098022,0.994,8/8,41.29%,Q8NFJ9;Q8N3I7;Q8IWZ6;Q3SYG4;A8MTZ0;Q9BXC9;Q96RK4;Q8TAM2
prerank,"Mitochondrial calcium uniporter complex, MICUB variant",-0.6702819956616052,-1.4229474553577013,0.010869565217391304,0.17020159373009852,0.994,5/5,33.09%,Q8IYU8;Q9NWR8;Q9H4I9;Q8NE86;Q9BPX6
prerank,Complement C1 complex,-0.7231561822125814,-1.4226737791465027,0.041237113402061855,0.16905056345349823,0.994,5/5,27.81%,P00736-PRO_0000027579;P00736-PRO_0000027578;P09871-PRO_0000027587;P09871-PRO_0000027588;CPX-1919
prerank,Subcortical maternal complex,-0.6150298426478568,-1.4208477651327727,0.0,0.16999274488177446,0.994,7/7,38.64%,P59047;Q9NX02;Q9H808-1;Q8WX94;Q6TGC4;Q587J8;A6NGQ2
prerank,tRNA-intron splicing endonuclease complex,-0.6797722342733189,-1.4194421458036497,0.03296703296703297,0.17036448933441134,0.994,5/5,32.14%,Q7Z6J9;Q8WW01;Q9BSV6;Q8NCE0;Q92989
prerank,U5 small nuclear ribonucleoprotein complete complex,0.9269623491095785,1.419332168304511,0.0,0.00010614585738551123,0.003,14/15,2.57%,P62306;P62318;P62304;P14678;P62308;P62316;P62314;Q15029;Q6P2Q9;Q96DI7;O75643;URS000075BAAE_9606;O94906;Q9BUQ8
prerank,UTP-A complex,-0.6596148630322756,-1.4188175179544953,0.034482758620689655,0.16988258125329928,0.994,6/6,34.17%,Q969X6;Q15061;Q8IWA0;Q9H583;Q8TED0;Q9H8H0
prerank,"General transcription factor complex TFIID, TAF4B variant",0.9263386789888559,1.4160631484139359,0.0,0.0001651157781552397,0.005,14/14,7.72%,Q12962;Q16594;Q16514;P20226;P49848;Q6P1X5;Q15545;Q15542;P21675;Q15543;Q7Z7C8;Q15544;Q5VWG9;Q92750
prerank,"AP-2 Adaptor complex, alpha2 variant",-0.7145567904581187,-1.4150909633164328,0.02962962962962963,0.17356451045179458,0.995,4/4,28.65%,O94973;Q96CW1;P53680;P63010
prerank,GARP tethering complex,-0.720249390078612,-1.4147017920292448,0.04477611940298507,0.17279373081566768,0.995,4/4,28.08%,Q9P1Q0;Q5VIR6;Q8N1B4;Q9UID3
prerank,General transcription factor complex TFIID,0.9266104919815167,1.4132843125464831,0.0,0.00016065318955644944,0.005,14/14,7.69%,Q12962;Q16594;Q16514;P20226;P49848;Q6P1X5;Q15545;Q15542;O00268;P21675;Q15543;Q7Z7C8;Q15544;Q5VWG9
prerank,Fanconi anemia ubiquitin ligase complex,-0.5418023887079262,-1.413212787974511,0.0,0.17346504149403877,0.995,9/9,45.98%,Q9NPI8;Q8NB91;Q9HB96;Q00597;Q6NZ36;Q9NW38;Q0VG06;O15360;O15287
prerank,PCAF-containing ATAC complex,0.9456964431170242,1.4131978244645758,0.0010131712259371835,0.00017597865829703174,0.006,10/10,5.69%,P61964;O75528;Q96ES7;Q92831;O75478;Q01658;Q8IYH5;Q9NS73;Q9H8E8;Q9ULM3
prerank,KIF3 complex variant AB-KAP3,-0.77289972899729,-1.4123252113423108,0.052132701421800945,0.17315072358721012,0.996,3/3,22.80%,O15066;Q9Y496;Q92845
prerank,"Muscle-type nicotinic acetylcholine receptor complex, alpha1-beta1-delta-gamma",-0.7167253998373543,-1.4119008239944824,0.04861111111111111,0.17244604847179376,0.996,4/4,28.43%,P07510-PRO_0000000334;Q07001;P02708-PRO_0000000305;P11230-PRO_0000000315
prerank,GCN5-containing ATAC complex,0.9456964431170239,1.4099810253969483,0.0,0.0002095700261201119,0.008,10/10,5.69%,P61964;O75528;Q92830;Q96ES7;O75478;Q01658;Q8IYH5;Q9NS73;Q9H8E8;Q9ULM3
prerank,"AP-2 Adaptor complex, alpha1 variant",-0.7145567904581187,-1.4065832543544574,0.04477611940298507,0.17842147885815,0.996,4/4,28.65%,O95782;Q96CW1;P53680;P63010
prerank,"SEC61 protein-conducting channel complex, SEC1A1 variant",-0.7872628726287263,-1.400969238155661,0.04888888888888889,0.18443101588491104,0.997,3/3,21.36%,P61619;P60059;P60468
prerank,"Amiloride-sensitive sodium channel complex, alpha-beta-gamma",-0.778319783197832,-1.4002048547901584,0.07339449541284404,0.18388951338503406,0.997,3/3,22.26%,P37088;P51170;P51168
prerank,Rixosome RNA degradation complex,-0.6144872490504613,-1.3972349227084697,0.058823529411764705,0.18633552367421527,0.998,7/7,38.69%,Q9NXF1;Q9Y4W2;Q9BV38;Q8IZL8;Q5SY16;Q9NU22;Q9H4L4
prerank,"SIN3A histone deacetylase complex, ES cell-specific variant",0.9004081632653059,1.396295977352668,0.0,0.0005572657512739339,0.019,18/18,10.40%,O15294;Q92769;Q13547;Q09028;Q16576;Q9H160;Q9HAJ7;Q5PSV4;Q4LE39;Q9HCU9;Q9UK53;P29374;O75446;Q9H0E3;Q9H7L9;Q8NFU7;Q9NP50;Q96ST3
prerank,KIF3 complex variant AC-KAP3,-0.77289972899729,-1.396229494097696,0.04504504504504504,0.18642097001283056,0.998,3/3,22.80%,O14782;Q9Y496;Q92845
prerank,"TAK1-TAB complex, TAB3 variant",-0.7804878048780488,-1.3961599169215007,0.04739336492890995,0.18505964048210222,0.998,3/3,22.04%,Q8N5C8;Q15750;O43318
prerank,"TAK1-TAB complex, TAB2 variant",-0.7804878048780488,-1.3952677169931975,0.035,0.18504964962709283,0.998,3/3,22.04%,Q9NYJ8;Q15750;O43318
prerank,Membrane attack complex,-0.580189959294437,-1.389782357473035,0.0,0.19114591878984522,0.998,8/8,42.13%,P07357;P07358;P02748;P10643;P07360;P01031-PRO_0000005985;P01031-PRO_0000005989;P13671
prerank,"SEC61 protein-conducting channel complex, SEC1A2 variant",-0.7872628726287263,-1.387198306637312,0.052884615384615384,0.19342383194275417,0.998,3/3,21.36%,Q9H9S3;P60059;P60468
prerank,COP9 signalosome variant 1,0.9400108577633006,1.3861503960488721,0.0,0.0011235927342758993,0.04,9/9,6.23%,CHEBI:29105;P61201;Q7L5N1;Q99627;Q13098;Q9BT78;Q9UNS2;Q92905;Q9UBW8
prerank,U1 small nuclear ribonucleoprotein complex ,0.9293862031504619,1.3839713589425906,0.0,0.0012206773599333792,0.045,11/11,7.34%,P62306;P62318;P62304;P14678;P62308;P62316;P62314;P08621;P09234;P09012;M14387
prerank,COP9 signalosome variant 2,0.9402823018458196,1.380562578620042,0.0,0.0015378806779342673,0.059,9/9,6.20%,CHEBI:29105;P61201;Q7L5N1;Q99627;Q13098;Q9BT78;Q9UNS2;Q92905;Q9H9Q2
prerank,Glycoprotein Ib-IX-V complex,-0.7113038763892653,-1.3785571572989883,0.08333333333333333,0.20529847628916623,0.998,4/4,28.97%,P40197;P14770;P13224;P07359
prerank,TIM22 mitochondrial inner membrane twin-pore carrier translocase complex,-0.639001898562517,-1.3780967816624217,0.0625,0.20427057070813118,0.998,6/6,36.23%,Q9Y584;Q6PF06;Q53H12;Q9BSF4;Q9Y5J7;P62072
prerank,SIN3A histone deacetylase complex,0.899673735725938,1.3779447177045188,0.0,0.0018406656632987517,0.07,15/15,10.40%,Q92769;Q13547;Q09028;Q16576;Q9H160;Q9HAJ7;Q5PSV4;Q4LE39;Q9HCU9;Q9UK53;P29374;O75446;Q9H0E3;Q9H7L9;Q96ST3
prerank,TGF-beta-3-TGFR complex,-0.740650406504065,-1.3772455760388267,0.07111111111111111,0.20405859413932448,0.998,3/3,26.02%,P10600-PRO_0000033797;P36897;P37173
prerank,"Amiloride-sensitive sodium channel complex, delta-beta-gamma",-0.778319783197832,-1.3753826776061435,0.091324200913242,0.2053400097648488,0.998,3/3,22.26%,P51170;P51172;P51168
prerank,TGF-beta-2-TGFR complex,-0.740650406504065,-1.3752720052224998,0.07207207207207207,0.20401870521353585,0.998,3/3,26.02%,P61812-PRO_0000033785;P36897;P37173
prerank,Eukaryotic translation initiation factor 2B complex,-0.7085140997830803,-1.3751925446703641,0.07317073170731707,0.2026969676474794,0.998,5/5,29.27%,Q9NR50;Q9UI10;Q14232;Q13144;P49770
prerank,GLUK1-GLUK2-GLUK5 glutamate ionotropic kainate-type receptor complex,-0.7422764227642277,-1.373196534104433,0.05555555555555555,0.20407717154954036,0.998,3/3,25.86%,Q16478;Q13002;P39086
prerank,HBO1-5.2 histone acetyltransferase complex,0.9750542299349242,1.3719975929556345,0.0011248593925759281,0.0026583640282993592,0.107,5/5,2.63%,CHEBI:29105;Q9HAF1;Q8WYH8;O95251;Q9NQC1
prerank,"ILK-PINCH-Parvin complex, LIMS1-PARVA variant",-0.7308943089430894,-1.371747510440091,0.06698564593301436,0.20489718522555664,0.998,3/3,27.00%,P48059;Q9NVD7;Q13418
prerank,"Muscle-type nicotinic acetylcholine receptor complex, alpha1-beta1-delta-epsilon",-0.7167253998373543,-1.3700768232925167,0.0738255033557047,0.20580139605287834,0.999,4/4,28.43%,Q04844-PRO_0000000329;Q07001;P02708-PRO_0000000305;P11230-PRO_0000000315
prerank,INO80 chromatin remodeling complex,0.8958673191952149,1.3696106930269176,0.001,0.003068999789624564,0.121,15/15,10.78%,O96019;Q9Y265;Q9Y230;Q96EZ8;Q8NBZ0;P25490;Q9ULG1;P0C1Z6;Q9C086;Q9H9F9;Q6P4R8;Q6PI98;Q9Y5K5;Q9H981;Q53TQ3
prerank,SF3B complex,0.9555073250135647,1.3681073248973425,0.0,0.003335690028902129,0.134,7/7,4.63%,Q9BWJ5;Q15393;O75533;Q13435;Q15427;Q9Y3B4;Q7RTV0
prerank,BCDX2 complex,-0.7164543236649498,-1.3665372932264344,0.07894736842105263,0.2092049292496243,0.999,4/4,28.46%,O43543;O75771;O15315;O43502
prerank,TOM40 mitochondrial outer membrane translocase complex,-0.6190992946283234,-1.3657026137413322,0.021739130434782608,0.20883802189793949,0.999,7/7,38.23%,Q9NS69;O96008;Q15388;Q8N4H5;Q96B49;Q9P0U1;O94826
prerank,HBO1-4.2 histone acetyltransferase complex,0.9750542299349241,1.3655423492003746,0.002242152466367713,0.00386990105051343,0.155,5/5,2.63%,CHEBI:29105;Q9HAF1;O95251;Q9UNL4;Q9NQC1
prerank,HBO1-5.3 histone acetyltransferase complex,0.9745119305856834,1.3650781710127045,0.0,0.003942560417176131,0.163,5/5,2.68%,CHEBI:29105;Q9HAF1;Q8WYH8;O95251;Q92613
prerank,pre-mRNA cleavage and polyadenylation specificity factor complex,0.9383989145183175,1.3641197393780524,0.0010214504596527069,0.0042798009697838126,0.181,8/8,6.36%,CHEBI:29105;Q92797;Q9UKF6;Q9P2I0;Q9C0J8;Q6UN15;O95639;Q10570
prerank,HBO1-5.1 histone acetyltransferase complex,0.9747830802603038,1.363833537907118,0.0,0.004283297539203571,0.186,5/5,2.65%,CHEBI:29105;Q9HAF1;Q8WYH8;O95251;Q6IE81
prerank,SNARE complex STX1B-SNAP25-VAMP1,-0.7373983739837399,-1.36362528172677,0.07027027027027027,0.21055928360830092,0.999,3/3,26.35%,P61266;P23763;P60880
prerank,HBO1-4.1 histone acetyltransferase complex,0.9747830802603037,1.3629221889841583,0.0011123470522803114,0.0044581260101914716,0.197,5/5,2.65%,CHEBI:29105;Q9HAF1;O95251;Q9UNL4;Q6IE81
prerank,BRCA1-A complex,0.9465545306565382,1.3628443821776703,0.004197271773347324,0.004416068217642496,0.2,7/7,5.52%,CHEBI:29105;CPX-715;P46736;Q9NXR7;Q9NWV8;Q6UWZ7;Q96RL1
prerank,HBO1-4.3 histone acetyltransferase complex,0.9745119305856833,1.361885959231199,0.0032679738562091504,0.004609482140167109,0.21,5/5,2.68%,CHEBI:29105;Q9HAF1;O95251;Q9UNL4;Q92613
prerank,NSL histone acetyltransferase complex,0.9267100977198696,1.35978179971827,0.0,0.005282203848438986,0.239,9/9,7.55%,P61964;P51610;O15294;Q96EZ8;Q9H7Z6;Q9H9L4;Q9BVI0;Q9P2N6;Q7Z3B3
prerank,"Calcineurin-Calmodulin-AKAP5 complex, gamma-R1 variant",0.9541632763764576,1.356276652166869,0.0,0.006634116086594453,0.298,6/6,4.74%,CHEBI:29105;CHEBI:29108;CHEBI:29034;P24588;P63098;P48454
prerank,"Histone-lysine N-methyltransferase complex, SET1B variant",0.9103747963063555,1.355796149688242,0.0010131712259371835,0.00672629538379766,0.31,11/11,9.23%,P61964;P51610;Q15291;Q9C005;Q9UBL3;Q9Y5Z7;Q9P0U4;Q6UXN9;Q9UPS6;Q96IK1;Q8NFC6
prerank,"Calcineurin-Calmodulin-AKAP5 complex, alpha-R1 variant",0.9536208299430429,1.3549489150147656,0.0010638297872340426,0.0070202673953589844,0.322,6/6,4.79%,CHEBI:29105;CHEBI:29108;CHEBI:29034;P24588;P63098;Q08209
prerank,"SREBP-SCAP-INSIG sequestering complex, INSIG2-SREBF2 variant",-0.7360433604336043,-1.353566443247235,0.05092592592592592,0.22455722440241202,1.0,3/3,26.48%,Q9Y5U4;CPX-25721;CHEBI:42977
prerank,"FTS-Hook-FHIP cargo adaptor complex, FHIP2B-HOOK1/2/3 variant",-0.6412689804772235,-1.3498245591277895,0.056818181818181816,0.22844240084626613,1.0,5/5,35.99%,Q8N612;Q86VS8;Q9UJC3;Q96ED9;Q9H8T0
prerank,SNARE complex STX1A-SNAP25-VAMP1,-0.7373983739837399,-1.3497234125438262,0.09947643979057591,0.22707220527161254,1.0,3/3,26.35%,Q16623;P23763;P60880
prerank,BTR double Holliday Junction dissolution complex,0.9514510442093842,1.3487478924389338,0.0010799136069114472,0.011157908601778652,0.451,6/6,5.01%,CHEBI:29105;CHEBI:18420;Q96E14;Q9H9A7;P54132;Q13472
prerank,GLUK1-GLUK2-GLUK4 glutamate ionotropic kainate-type receptor complex,-0.7422764227642277,-1.3474630914796364,0.0825242718446602,0.22855070555789295,1.0,3/3,25.86%,Q16099;Q13002;P39086
prerank,"Calcineurin-Calmodulin-AKAP5 complex, alpha-R2 variant",0.9536208299430429,1.3470507555990863,0.0021390374331550803,0.012296997578111474,0.49,6/6,4.79%,CHEBI:29105;CHEBI:29108;CHEBI:29034;P24588;Q96LZ3;Q08209
prerank,"Calcineurin-Calmodulin-AKAP5 complex, beta-R1 variant",0.9538920531597503,1.3462831863996476,0.0010649627263045794,0.01285060912773771,0.505,6/6,4.77%,CHEBI:29105;CHEBI:29108;CHEBI:29034;P24588;P63098;P16298
prerank,HAUS complex,-0.5734056987788332,-1.3461967280256664,0.03571428571428571,0.22908438958530944,1.0,8/8,42.81%,Q68CZ6;O94927;Q9NVX0;Q9BT25;Q7Z4H7;Q99871;Q96CS2;Q9H6D7
prerank,CRUMBS2-PALS1-PATJ cell polarity complex,-0.7346883468834688,-1.3459734286336564,0.08962264150943396,0.2277913652999663,1.0,3/3,26.62%,Q5IJ48;Q8N3R9;Q8NI35
prerank,"Calcineurin-Calmodulin-AKAP5 complex, gamma-R2 variant",0.9541632763764576,1.3458318456861054,0.0,0.013086756997658834,0.521,6/6,4.74%,CHEBI:29105;CHEBI:29108;CHEBI:29034;P24588;Q96LZ3;P48454
prerank,Calprotectin heterotetramer,0.9623101952277657,1.3431901591838489,0.0011074197120708748,0.016207145599550245,0.604,5/5,3.90%,CHEBI:29105;CHEBI:29108;CHEBI:29035;P06702;P05109
prerank,Calprotectin heterodimer,0.9623101952277657,1.3431901591838489,0.0011074197120708748,0.016207145599550245,0.604,5/5,3.90%,CHEBI:29105;CHEBI:29108;CHEBI:29035;P06702;P05109
prerank,NRZ tethering complex,-0.7317073170731707,-1.3425325640873138,0.09090909090909091,0.2317233364020495,1.0,3/3,26.92%,Q6NUQ1;A2RRP1;O43264
prerank,"Mitochondrial calcium uniporter complex, MICU1-MICU2 variant",-0.6701002981837896,-1.3424578459668837,0.06293706293706294,0.2303055130758736,1.0,4/4,33.09%,Q8IYU8;Q9H4I9;Q8NE86;Q9BPX6
prerank,TGF-beta-1-TGFR complex,-0.740650406504065,-1.3405124685811962,0.10300429184549356,0.23160858852516716,1.0,3/3,26.02%,P01137-PRO_0000033763;P36897;P37173
prerank,PAF1 complex,-0.595606183889341,-1.3403232662314308,0.05357142857142857,0.23024501925615798,1.0,6/6,40.56%,Q8WVC0;Q8N7H5;Q92541;Q6PD62;Q6P1J9;Q9GZS3
prerank,"Calcineurin-Calmodulin-AKAP5 complex, beta-R2 variant",0.9538920531597503,1.3394983375450507,0.0010582010582010583,0.021993421650277924,0.717,6/6,4.77%,CHEBI:29105;CHEBI:29108;CHEBI:29034;P24588;Q96LZ3;P16298
prerank,SF3A complex,0.9886178861788617,1.3394393074809212,0.0012642225031605564,0.021772766928561376,0.719,3/3,1.22%,Q12874;Q15428;Q15459
prerank,"Histone-lysine N-methyltransferase complex, SET1A variant",0.9096091205211727,1.3353245664960205,0.00508646998982706,0.03025315362139884,0.851,9/9,9.26%,P61964;P51610;Q15291;Q9C005;Q9UBL3;Q9Y5Z7;Q9P0U4;Q6UXN9;O15047
prerank,BRISC-SHMT2 complex,0.9370762137238948,1.3351078348679637,0.008492569002123142,0.030212545142596612,0.855,6/6,6.44%,CHEBI:29105;P46736;Q9NXR7;Q9NWV8;P34897-3;Q15018
prerank,"Calcineurin-Calmodulin complex, gamma-R1 variant",0.9539045553145336,1.3339875212229646,0.0033076074972436605,0.032391408305932234,0.878,5/5,4.74%,CHEBI:29105;CHEBI:29108;CHEBI:29034;P63098;P48454
prerank,"Calcineurin-Calmodulin complex, alpha-R1 variant",0.9533622559652928,1.3336415038271894,0.005482456140350877,0.032682309488998904,0.879,5/5,4.79%,CHEBI:29105;CHEBI:29108;CHEBI:29034;P63098;Q08209
prerank,ATG12-ATG5-ATG16L2 complex,-0.7254742547425475,-1.330754007334665,0.08490566037735849,0.2437707699909274,1.0,3/3,27.54%,Q8NAA4;Q9H1Y0;O94817
prerank,MRN double-strand break repair complex,0.9468546637744035,1.3302546642796769,0.004405286343612335,0.04101266627685535,0.923,5/5,5.44%,CHEBI:29105;CHEBI:29035;O60934;P49959;Q92878
prerank,GLUK1-GLUK3-GLUK5 glutamate ionotropic kainate-type receptor complex,-0.7422764227642277,-1.3301961704977796,0.07582938388625593,0.24312624808247657,1.0,3/3,25.86%,Q16478;Q13003;P39086
prerank,GLUK1-GLUK3-GLUK4 glutamate ionotropic kainate-type receptor complex,-0.7422764227642277,-1.329290467092694,0.09502262443438914,0.24304073718171942,1.0,3/3,25.86%,Q16099;Q13003;P39086
prerank,Chaperonin-containing T-complex,-0.5755766621438264,-1.3285168146180264,0.034482758620689655,0.24249451212334583,1.0,8/8,42.59%,P17987;Q99832;P78371;P49368;P48643;P40227;P50990;P50991
prerank,"Cytoplasmic exosome complex, DIS3L-EXOSC10 variant",0.8758489540885631,1.3274772842223557,0.005030181086519115,0.049101304528914404,0.956,12/12,12.70%,CHEBI:18420;Q96B26;Q9NPD3;Q5RKV6;Q15024;Q01780;Q06265;Q13868;Q9Y3B2;Q9NQT4;Q9NQT5;Q8TF46
prerank,"Calcineurin-Calmodulin complex, beta-R1 variant",0.9536334056399132,1.3274064476502834,0.0022123893805309734,0.04866278642631376,0.957,5/5,4.77%,CHEBI:29105;CHEBI:29108;CHEBI:29034;P63098;P16298
prerank,CRUMBS3-PALS1-PATJ cell polarity complex,-0.7346883468834688,-1.3272415933068238,0.107981220657277,0.24288993821380106,1.0,3/3,26.62%,Q9BUF7;Q8N3R9;Q8NI35
prerank,"CCR4-NOT mRNA deadenylase complex, CNOT6L-CNOT7 variant",0.8837272480304263,1.3266595687848803,0.006030150753768844,0.05058567306158701,0.962,12/12,11.91%,CHEBI:18420;CHEBI:60240;Q9NZN8;Q92600;O95628;O75175;A5YKK6;Q9C0C2;Q9UKZ1;Q9H9A5;Q96LI5;Q9UIV1
prerank,"CCR4-NOT mRNA deadenylase complex, CNOT6-CNOT7 variant",0.8837272480304265,1.3264653483738726,0.0020100502512562816,0.05048580032874608,0.964,12/12,11.91%,CHEBI:18420;CHEBI:60240;Q9NZN8;Q92600;O95628;O75175;A5YKK6;Q9C0C2;Q9UKZ1;Q9H9A5;Q9ULM6;Q9UIV1
prerank,"ILK-PINCH-Parvin complex, LIMS1-PARVB variant",-0.7308943089430894,-1.3258862730103242,0.10628019323671498,0.2436857762487084,1.0,3/3,27.00%,P48059;Q9HBI1;Q13418
prerank,"CCR4-NOT mRNA deadenylase complex, CNOT6-CNOT8 variant",0.8839989133387666,1.32526200492691,0.002012072434607646,0.05359527804357378,0.97,12/12,11.89%,CHEBI:18420;CHEBI:60240;Q9NZN8;Q92600;O95628;O75175;A5YKK6;Q9C0C2;Q9UKZ1;Q9H9A5;Q9ULM6;Q9UFF9
prerank,"CCR4-NOT mRNA deadenylase complex, CNOT6L-CNOT8 variant",0.8839989133387665,1.3245984419207375,0.0030181086519114686,0.05497390450229613,0.975,12/12,11.89%,CHEBI:18420;CHEBI:60240;Q9NZN8;Q92600;O95628;O75175;A5YKK6;Q9C0C2;Q9UKZ1;Q9H9A5;Q96LI5;Q9UFF9
prerank,SNARE complex STX1B-SNAP25-VAMP2,-0.7373983739837399,-1.3243044668554182,0.09134615384615384,0.24447172809684675,1.0,3/3,26.35%,P63027;P61266;P60880
prerank,"Calcineurin-Calmodulin complex, gamma-R2 variant",0.9539045553145336,1.3238287530900161,0.0033149171270718232,0.05653627750103928,0.978,5/5,4.74%,CHEBI:29105;CHEBI:29108;CHEBI:29034;Q96LZ3;P48454
prerank,"Nuclear exosome complex, DIS3-EXOSC10 variant",0.875577288780223,1.3236719886447152,0.007028112449799197,0.056384948166873144,0.98,12/12,12.73%,CHEBI:18420;Q96B26;Q9NPD3;Q5RKV6;Q15024;Q01780;Q06265;Q13868;Q9Y3B2;Q9NQT4;Q9NQT5;Q9Y2L1
prerank,Mitochondrial respiratory chain complex II,0.9047231270358307,1.3236268704401224,0.007150153217568948,0.0559030426152968,0.98,9/9,9.75%,CHEBI:57692;CHEBI:49883;CHEBI:190135;P31040;CHEBI:21137;CHEBI:26355;Q99643;O14521;P21912
prerank,Collagen type V trimer variant 2,-0.7281842818428185,-1.3232906276932432,0.08333333333333333,0.24421373832644283,1.0,3/3,27.27%,P25940;P05997;P20908
prerank,"miRNA RISC complex, TNRC6A variant",-0.6136117136659436,-1.3232271709380452,0.05319148936170213,0.2427818102419179,1.0,5/5,38.75%,Q8NDV7;Q9HCK5;Q9H9G7;Q9UL18;Q9UKV8
prerank,Mitotic Checkpoint Complex,-0.6798590403903496,-1.322215901996421,0.07236842105263158,0.2427185272636185,1.0,4/4,32.11%,O43684;O60566;Q13257;Q12834
prerank,"Nucleolar exosome complex, EXOSC10 variant",0.8772406300923411,1.3217868934850563,0.007049345417925478,0.06127629989316673,0.987,11/11,12.54%,CHEBI:18420;Q96B26;Q9NPD3;Q5RKV6;Q15024;Q01780;Q06265;Q13868;Q9Y3B2;Q9NQT4;Q9NQT5
prerank,"Calcineurin-Calmodulin complex, alpha-R2 variant",0.9533622559652928,1.321619859440183,0.0066518847006651885,0.06116331416421226,0.987,5/5,4.79%,CHEBI:29105;CHEBI:29108;CHEBI:29034;Q96LZ3;Q08209
prerank,ATG12-ATG5-ATG16L1 complex,-0.7254742547425475,-1.3211240729077554,0.06666666666666667,0.24303270467388055,1.0,3/3,27.54%,Q676U5;Q9H1Y0;O94817
prerank,Histone pre-RNA core cleavage complex,0.938720173535792,1.320444872171073,0.008830022075055188,0.0643205529783649,0.988,5/5,6.26%,CHEBI:29105;Q92797;Q9UKF6;Q9P2I0;P33240
prerank,"Cytoplasmic exosome complex, DIS3L variant",0.8756110809342751,1.3204188683417368,0.007056451612903226,0.06366097796696035,0.988,11/11,12.70%,CHEBI:18420;Q96B26;Q9NPD3;Q5RKV6;Q15024;Q06265;Q13868;Q9Y3B2;Q9NQT4;Q9NQT5;Q8TF46
prerank,"SREBP-SCAP-INSIG sequestering complex, INSIG2-SREBF1 variant",-0.7360433604336043,-1.3203827050975563,0.07216494845360824,0.2425942486435848,1.0,3/3,26.48%,CPX-25745;Q9Y5U4;CHEBI:42977
prerank,"SREBP-SCAP-INSIG sequestering complex, INSIG1-SREBF2 variant",-0.7360433604336043,-1.3200368306880788,0.07339449541284404,0.24156231597845967,1.0,3/3,26.48%,O15503;CPX-25721;CHEBI:42977
prerank,Mitochondrial respiratory chain complex I,0.8147639956092214,1.3194805365814348,0.0,0.06590159213888923,0.99,49/49,19.60%,CHEBI:16238;CHEBI:49601;O14561;P49821;P17568;P19404;P28331;Q9Y6M9;O95178;O75438;O75489;Q9NX14;Q9P0J0;P03891;O95168;O75380;P03905;P03897;P03901;P56556;Q9UI09;O95167;O95139;Q16795;Q86Y39;P03923;CHEBI:30408;CHEBI:58210;O95299;O43920;O75251;O95298;P03915;P56181;O00217;O95182;O96000;P51970;O43677;O43678;O95169;O75306;O43674;O43676;O15239;Q16718;CHEBI:64607;O43181;P03886
prerank,COG tethering complex,-0.5763907734056988,-1.3189697067876236,0.043478260869565216,0.2416203971795483,1.0,8/8,42.51%,Q9UP83;Q9Y2V7;P83436;Q14746;Q8WTW3;Q96JB2;Q96MW5;Q9H9E3
prerank,"ILK-PINCH-Parvin complex, LIMS2-PARVB variant",-0.7308943089430894,-1.3189288750354202,0.12149532710280374,0.24025465199238458,1.0,3/3,27.00%,Q9HBI1;Q7Z4I7;Q13418
prerank,CRUMBS1-PALS1-PATJ cell polarity complex,-0.7346883468834688,-1.3176431001607651,0.09134615384615384,0.24066945986760682,1.0,3/3,26.62%,P82279;Q8N3R9;Q8NI35
prerank,"ILK-PINCH-Parvin complex, LIMS2-PARVA variant",-0.7308943089430894,-1.3172522073924413,0.08780487804878048,0.23975193857746752,1.0,3/3,27.00%,Q9NVD7;Q7Z4I7;Q13418
prerank,"LIN-10-LIN-2-LIN-7 complex, LIN7B variant",-0.7100271002710027,-1.3168901574308436,0.09375,0.23890793184040465,1.0,3/3,29.08%,Q9HAP6;O14936;Q02410
prerank,"Calcineurin-Calmodulin complex, beta-R2 variant",0.9536334056399132,1.3164002440748999,0.00547645125958379,0.07684219522217625,0.995,5/5,4.77%,CHEBI:29105;CHEBI:29108;CHEBI:29034;Q96LZ3;P16298
prerank,uPA-uPAR-vitronectin complex,-0.7525745257452574,-1.3151117314638157,0.10526315789473684,0.24021370566561412,1.0,3/3,24.83%,Q03405;P00749;P04004
prerank,"PRMT5 methylosome complex, RIOK1 variant",-0.7176151761517615,-1.3148527628856095,0.06598984771573604,0.23923696881447665,1.0,3/3,28.32%,Q9BRS2;O14744;Q9BQA1
prerank,SNARE complex STX1A-SNAP25-VAMP2,-0.7373983739837399,-1.314682664683494,0.07352941176470588,0.2381787421512189,1.0,3/3,26.35%,P63027;Q16623;P60880
prerank,"SREBP-SCAP-INSIG sequestering complex, INSIG1-SREBF1 variant",-0.7360433604336043,-1.3144852018091466,0.09137055837563451,0.23711718644358218,1.0,3/3,26.48%,O15503;CPX-25745;CHEBI:42977
prerank,"Exosome complex, DIS3 variant",0.8753394894079307,1.314072922838752,0.008072653884964682,0.08530222718351038,0.996,11/11,12.73%,CHEBI:18420;Q96B26;Q9NPD3;Q5RKV6;Q15024;Q06265;Q13868;Q9Y3B2;Q9NQT4;Q9NQT5;Q9Y2L1
prerank,LIFT actin modulation complex,-0.6790458118731363,-1.3137599655897094,0.07913669064748201,0.23693787889547513,1.0,4/4,32.20%,O14908;Q9NZN5;Q9P0V3;Q9UM54
prerank,Fibrin complex,-0.7170731707317073,-1.3116381916851154,0.10471204188481675,0.2388404962849815,1.0,3/3,28.38%,P02675-PRO_0000009071;P02671-PRO_0000009022;P02679-PRO_0000009099
prerank,CKM complex variant 1,-0.6706424505285985,-1.3108226886269363,0.08527131782945736,0.23865356474388458,1.0,4/4,33.04%,P49336;Q9UHV7;Q93074;P24863
prerank,"Septin complex, hexamer variant, SEPT2-SEPT6-SEPT-7",-0.7352303523035231,-1.310170553162191,0.10396039603960396,0.23806335544932813,1.0,3/3,26.56%,Q14141;Q15019;Q16181
prerank,"Little elongation complex, ELL variant",-0.6676606126321496,-1.3101175329151737,0.072,0.23688246003930408,1.0,4/4,33.33%,P55199;Q9Y2F5;Q659A1;Q8N5P1
prerank,"NMDA receptor complex, GluN1-GluN2A-GluN2B",-0.7300813008130081,-1.3098865478119939,0.058823529411764705,0.2358778712629583,1.0,3/3,27.08%,Q13224;Q12879;Q05586
prerank,Chromosomal passenger complex,0.9332971800433839,1.3087126079608624,0.009988901220865706,0.10733276106354922,0.999,5/5,6.80%,CHEBI:29105;Q53HL2;Q96GD4;Q9NQS7;O15392
prerank,"Muscle cell-specific SWI/SNF ATP-dependent chromatin remodeling complex, ACTL6A-ARID1A-SMARCA2 variant",0.8731323010051618,1.3081326248147165,0.006036217303822937,0.10899867638400722,0.999,12/12,12.97%,O96019;P60709;Q96GM5;Q92922;Q969G3;Q12824;P51531;Q8TAQ2;O14497;Q92925;Q6STE5;Q92784
prerank,C-to-U editosome complex,0.9335683297180043,1.307553962198776,0.01639344262295082,0.11071012925308822,0.999,5/5,6.77%,CHEBI:29105;P41238;Q9NQ94;Q99729;O60506-1
prerank,"Muscle cell-specific SWI/SNF ATP-dependent chromatin remodeling complex, ACTL6A-ARID1A-SMARCA4 variant",0.8731323010051616,1.3070645572250237,0.006048387096774193,0.11173076249717967,0.999,12/12,12.97%,O96019;P60709;Q96GM5;Q92922;P51532;Q969G3;Q12824;Q8TAQ2;O14497;Q92925;Q6STE5;Q92784
prerank,BRISC complex,0.9368221258134493,1.3069252587623088,0.017467248908296942,0.11113817396058846,0.999,5/5,6.44%,CHEBI:29105;P46736;Q9NXR7;Q9NWV8;Q15018
prerank,Mitochondrial RNase Z complex,0.936279826464208,1.3044914039120115,0.024336283185840708,0.12134411799782807,0.999,5/5,6.50%,CHEBI:29105;CHEBI:10668;Q7L0Y3;Q99714;Q9BQ52
prerank,"Polybromo-associated SWI/SNF ATP-dependent chromatin remodeling complex, ACTL6B variant",0.8668478260869564,1.3044840052926716,0.010080645161290322,0.12010855447670107,0.999,13/13,13.62%,P60709;Q96GM5;Q92922;P51532;Q969G3;Q12824;Q8WUB8;Q8TAQ2;Q92925;Q86U86;Q68CP9;Q9NPI1;O94805
prerank,Embryonic stem cell-specific SWI/SNF ATP-dependent chromatin remodeling complex,0.8644021739130435,1.304224450568621,0.001006036217303823,0.12010347896929865,0.999,13/13,13.86%,O96019;P60709;Q96GM5;Q92922;P51532;Q969G3;Q12824;Q8WUB8;O14497;Q9BQE9;Q4VC05;Q8WUZ0;Q92785
prerank,"Muscle cell-specific SWI/SNF ATP-dependent chromatin remodeling complex, ACTL6A-ARID1B-SMARCA2 variant",0.8731323010051617,1.3040858199121597,0.008048289738430584,0.11951802404405676,0.999,12/12,12.97%,O96019;P60709;Q96GM5;Q92922;Q969G3;Q12824;P51531;Q8TAQ2;Q92925;Q6STE5;Q8NFD5;Q92784
prerank,"Muscle cell-specific SWI/SNF ATP-dependent chromatin remodeling complex, ACTL6A-ARID1B-SMARCA4 variant",0.8731323010051614,1.3034492408224156,0.011077542799597181,0.12128860351438446,0.999,12/12,12.97%,O96019;P60709;Q96GM5;Q92922;P51532;Q969G3;Q12824;Q8TAQ2;Q92925;Q6STE5;Q8NFD5;Q92784
prerank,"Muscle cell-specific SWI/SNF ATP-dependent chromatin remodeling complex, ACTL6B-ARID1A-SMARCA2 variant",0.8666123336049987,1.3031748523543747,0.008064516129032258,0.12132471499163934,0.999,12/12,13.62%,P60709;Q96GM5;Q92922;Q969G3;Q12824;P51531;Q8TAQ2;O14497;Q92925;Q6STE5;Q92784;O94805
prerank,"Polybromo-associated SWI/SNF ATP-dependent chromatin remodeling complex, ACTL6A variant",0.867391304347826,1.3029834766104331,0.01006036217303823,0.12099233907457359,0.999,13/13,13.57%,O96019;P60709;Q96GM5;Q92922;P51532;Q969G3;Q12824;Q8WUB8;Q8TAQ2;Q92925;Q86U86;Q68CP9;Q9NPI1
prerank,"Muscle cell-specific SWI/SNF ATP-dependent chromatin remodeling complex, ACTL6B-ARID1A-SMARCA4 variant",0.8666123336049986,1.3019964851632895,0.008056394763343404,0.12423311148400235,0.999,12/12,13.62%,P60709;Q96GM5;Q92922;P51532;Q969G3;Q12824;Q8TAQ2;O14497;Q92925;Q6STE5;Q92784;O94805
prerank,"Neural progenitor-specific SWI/SNF ATP-dependent chromatin remodeling complex, ARID1A-SMARCA2 variant",0.8750678978815862,1.3015604831993492,0.007042253521126761,0.1250555842363776,0.999,11/11,12.75%,O96019;P60709;Q96GM5;Q92922;Q969G3;Q12824;P51531;Q8WUB8;Q8TAQ2;O14497;Q6STE5
prerank,B-WICH chromatin remodelling complex,0.8903365906623237,1.3011093812656505,0.008105369807497468,0.12594934430753357,0.999,9/9,11.18%,O75533;O60264;O00159-3;Q9NR30;P35659;Q9UIG0;CHEBI:18111;Q03468;Q9BQG0
prerank,"SWI/SNF ATP-dependent chromatin remodeling complex, ACTL6A-ARID1A-SMARCA2 variant",0.8750678978815861,1.3009907243093883,0.005040322580645161,0.12522428707267597,0.999,11/11,12.75%,O96019;P60709;Q96GM5;Q92922;Q969G3;Q12824;P51531;Q8TAQ2;O14497;Q92925;Q6STE5
prerank,DUOX2-DUOXA2 dual oxidase complex,0.9213665943600867,1.300569821622326,0.01668520578420467,0.12584918216269675,0.999,5/5,7.99%,CHEBI:29108;CHEBI:57692;CHEBI:30413;Q1HG44;Q9NRD8
prerank,"BOS complex, NOMO2 variant",-0.7154471544715447,-1.3002910203714262,0.116751269035533,0.24821888301372344,1.0,3/3,28.54%,Q5JPE7;Q969V3;Q9BVK8
prerank,"Neural progenitor-specific SWI/SNF ATP-dependent chromatin remodeling complex, ARID1A-SMARCA4 variant",0.8750678978815861,1.2998345231367725,0.007049345417925478,0.1278703761970792,0.999,11/11,12.75%,O96019;P60709;Q96GM5;Q92922;P51532;Q969G3;Q12824;Q8WUB8;Q8TAQ2;O14497;Q6STE5
prerank,"Muscle cell-specific SWI/SNF ATP-dependent chromatin remodeling complex, ACTL6B-ARID1B-SMARCA4 variant",0.8666123336049986,1.2988247441969452,0.01006036217303823,0.13121330312071408,0.999,12/12,13.62%,P60709;Q96GM5;Q92922;P51532;Q969G3;Q12824;Q8TAQ2;Q92925;Q6STE5;Q8NFD5;Q92784;O94805
prerank,"SWI/SNF ATP-dependent chromatin remodeling complex, ACTL6A-ARID1A-SMARCA4 variant",0.8750678978815863,1.2987609909721451,0.008064516129032258,0.1302717195501433,0.999,11/11,12.75%,O96019;P60709;Q96GM5;Q92922;P51532;Q969G3;Q12824;Q8TAQ2;O14497;Q92925;Q6STE5
prerank,"PRMT5 methylosome complex, CLNS1A variant",-0.7176151761517615,-1.2985771066937046,0.09,0.24936661774368804,1.0,3/3,28.32%,P54105;O14744;Q9BQA1
prerank,"Muscle cell-specific SWI/SNF ATP-dependent chromatin remodeling complex, ACTL6B-ARID1B-SMARCA2 variant",0.8666123336049987,1.298318354400395,0.011088709677419355,0.1310744085589011,0.999,12/12,13.62%,P60709;Q96GM5;Q92922;Q969G3;Q12824;P51531;Q8TAQ2;Q92925;Q6STE5;Q8NFD5;Q92784;O94805
prerank,"LIN-10-LIN-2-LIN-7 complex, LIN7C variant",-0.7100271002710027,-1.2974484720501225,0.08370044052863436,0.24972775343726053,1.0,3/3,29.08%,Q9NUP9;O14936;Q02410
prerank,"MON1-CCZ1B guanyl-nucleotide exchange factor complex, MON1A variant",-0.7102981029810298,-1.297278244957953,0.08080808080808081,0.24863212146895655,1.0,3/3,29.05%,Q86VX9;P86790;Q96DM3
prerank,"Neural progenitor-specific SWI/SNF ATP-dependent chromatin remodeling complex, ARID1B-SMARCA2 variant",0.8731667571971756,1.2964832672435351,0.01002004008016032,0.1381746394901852,0.999,11/11,12.94%,O96019;P60709;Q96GM5;Q92922;Q969G3;Q12824;P51531;Q8WUB8;Q8TAQ2;Q6STE5;Q8NFD5
prerank,Survival motor neuron complex,-0.5420738327904452,-1.296206146756239,0.1,0.24906557828859155,1.0,9/9,45.95%,O14893;Q9Y3F4;Q9UHI6;Q8WXD5;Q16637;P57678;Q9NWZ8;Q9H840;Q8TEQ6
prerank,Fibrinogen complex,-0.7170731707317073,-1.2956091948470563,0.1210762331838565,0.24867508975471195,1.0,3/3,28.38%,P02675-PRO_0000009070;P02671-PRO_0000009021;P02679-PRO_0000009099
prerank,Piccolo NuA4 histone acetyltransferase complex ,0.9588075880758806,1.2944231970303692,0.02258469259723965,0.1464359299620317,0.999,3/3,4.20%,Q92993;Q9NXR8;Q9H2F5
prerank,"Neural progenitor-specific SWI/SNF ATP-dependent chromatin remodeling complex, ARID1B-SMARCA4 variant",0.8731667571971754,1.2941802002575125,0.010050251256281407,0.14630150462273994,0.999,11/11,12.94%,O96019;P60709;Q96GM5;Q92922;P51532;Q969G3;Q12824;Q8WUB8;Q8TAQ2;Q6STE5;Q8NFD5
prerank,"SWI/SNF ATP-dependent chromatin remodeling complex, ACTL6B-ARID1A-SMARCA2 variant",0.8663769690385662,1.2941326392185848,0.00808080808080808,0.14521416701946596,0.999,11/11,13.62%,P60709;Q96GM5;Q92922;Q969G3;Q12824;P51531;Q8TAQ2;O14497;Q92925;Q6STE5;O94805
prerank,"SWI/SNF ATP-dependent chromatin remodeling complex, ACTL6A-ARID1B-SMARCA2 variant",0.8731667571971754,1.2939000540809613,0.010070493454179255,0.14500087725183236,0.999,11/11,12.94%,O96019;P60709;Q96GM5;Q92922;Q969G3;Q12824;P51531;Q8TAQ2;Q92925;Q6STE5;Q8NFD5
prerank,General transcription factor TFIIB-TBP complex,0.9550135501355013,1.2938444667144142,0.031088082901554404,0.14398964885548243,0.999,3/3,4.58%,CHEBI:29105;P20226;Q00403
prerank,ATG5-ATG12-TECPR1 complex,-0.7254742547425475,-1.2938168885106693,0.11961722488038277,0.2498043455679908,1.0,3/3,27.54%,Q7Z6L1;Q9H1Y0;O94817
prerank,"Little elongation complex, ELL2 variant",-0.6676606126321496,-1.2932634325235677,0.09375,0.24918651160038938,1.0,4/4,33.33%,O00472;Q9Y2F5;Q659A1;Q8N5P1
prerank,"Mitochondrial calcium uniporter complex, MICU1-MICU3 variant",-0.6701002981837896,-1.292930813255619,0.09352517985611511,0.24829217692698077,1.0,4/4,33.09%,Q86XE3;Q9H4I9;Q8NE86;Q9BPX6
prerank,USP12-DMWD deubiquitinase complex,0.9327731092436975,1.292425761302505,0.03399765533411489,0.1493924487067351,0.999,4/4,6.82%,CHEBI:29105;Q8TAF3;O75317;Q09019
prerank,"SWI/SNF ATP-dependent chromatin remodeling complex, ACTL6B-ARID1A-SMARCA4 variant",0.8663769690385661,1.2923321246845978,0.008056394763343404,0.14850812003777197,0.999,11/11,13.62%,P60709;Q96GM5;Q92922;P51532;Q969G3;Q12824;Q8TAQ2;O14497;Q92925;Q6STE5;O94805
prerank,"SWI/SNF ATP-dependent chromatin remodeling complex, ACTL6A-ARID1B-SMARCA4 variant",0.8731667571971754,1.292277648585602,0.01310483870967742,0.14746744171318538,0.999,11/11,12.94%,O96019;P60709;Q96GM5;Q92922;P51532;Q969G3;Q12824;Q8TAQ2;Q92925;Q6STE5;Q8NFD5
prerank,"GBAF (SWI/SNF) ATP-dependent chromatin remodeling complex, ACTL6B-BICRAL-SMARCA4 variant",0.8642042368278114,1.2921919301461708,0.006054490413723511,0.14659552491986955,0.999,11/11,13.84%,P60709;Q96GM5;Q92922;P51532;Q9BQE9;Q4VC05;Q8WUZ0;Q9H8M2;Q15532;O94805;Q6AI39
prerank,"GBAF (SWI/SNF) ATP-dependent chromatin remodeling complex, ACTL6B-BICRA-SMARCA4 variant",0.8636610537751227,1.2913563156613062,0.008048289738430584,0.14913492962664326,0.999,11/11,13.89%,P60709;Q96GM5;Q92922;P51532;Q9BQE9;Q4VC05;Q8WUZ0;Q9H8M2;Q15532;O94805;Q9NZM4
prerank,"GBAF (SWI/SNF) ATP-dependent chromatin remodeling complex, ACTL6B-BICRAL-SMARCA2 variant",0.8642042368278111,1.2912780331685463,0.008088978766430738,0.14830080009735547,0.999,11/11,13.84%,P60709;Q96GM5;Q92922;P51531;Q9BQE9;Q4VC05;Q8WUZ0;Q9H8M2;Q15532;O94805;Q6AI39
prerank,SIN3B histone deacetylase complex,0.8420837099486839,1.2911975518172956,0.001,0.14747431716357903,0.999,14/15,10.24%,Q92769;Q13547;Q09028;Q16576;Q9H160;Q9HAJ7;Q5PSV4;Q4LE39;Q9HCU9;Q9UK53;P29374;O75446;Q9H0E3;Q9H7L9
prerank,U6 small nuclear ribonucleoprotein complex,0.8829256470097193,1.2907536799429769,0.01020408163265306,0.14818396715023047,0.999,8/9,2.92%,URS00006767A8_9606;Q9UK45;P62310;O95777;Q9Y333;P62312;Q9Y4Y9;Q9Y4Z0
prerank,PDGF receptor alpha-beta - PDGF-AB complex,-0.6763350501490918,-1.2902487043952677,0.10714285714285714,0.2509258628455072,1.0,4/4,32.47%,P04085;P01127;P16234;P09619
prerank,"MON1-CCZ1 guanyl-nucleotide exchange factor complex, MON1A variant",-0.7102981029810298,-1.2899812359654246,0.13020833333333334,0.2501297969496231,1.0,3/3,29.05%,Q86VX9;P86791;Q96DM3
prerank,"SMC5-SMC6 SUMO ligase complex, NSE4EA variant",-0.5424694708276798,-1.2895241652095675,0.02631578947368421,0.24966232141429473,1.0,8/8,45.90%,Q9NXX6;Q8WV22;Q8IX21;Q9BQI6;Q96MG7;Q96MF7;Q96SB8;Q8IY18
prerank,"GBAF (SWI/SNF) ATP-dependent chromatin remodeling complex, ACTL6A-BICRA-SMARCA4 variant",0.8636610537751223,1.2894776935490522,0.009045226130653266,0.1527844485769142,0.999,11/11,13.89%,O96019;P60709;Q96GM5;Q92922;P51532;Q9BQE9;Q4VC05;Q8WUZ0;Q9H8M2;Q15532;Q9NZM4
prerank,"SWI/SNF ATP-dependent chromatin remodeling complex, ACTL6B-ARID1B-SMARCA2 variant",0.866376969038566,1.2891968704518375,0.010090817356205853,0.15275672900243437,0.999,11/11,13.62%,P60709;Q96GM5;Q92922;Q969G3;Q12824;P51531;Q8TAQ2;Q92925;Q6STE5;Q8NFD5;O94805
prerank,"GBAF (SWI/SNF) ATP-dependent chromatin remodeling complex, ACTL6B-BICRA-SMARCA2 variant",0.8636610537751224,1.2890783326770792,0.010101010101010102,0.15201615277951558,0.999,11/11,13.89%,P60709;Q96GM5;Q92922;P51531;Q9BQE9;Q4VC05;Q8WUZ0;Q9H8M2;Q15532;O94805;Q9NZM4
prerank,"SWI/SNF ATP-dependent chromatin remodeling complex, ACTL6B-ARID1B-SMARCA4 variant",0.8663769690385662,1.2883095603518175,0.012084592145015106,0.15424762175737872,0.999,11/11,13.62%,P60709;Q96GM5;Q92922;P51532;Q969G3;Q12824;Q8TAQ2;Q92925;Q6STE5;Q8NFD5;O94805
prerank,"GBAF (SWI/SNF) ATP-dependent chromatin remodeling complex, ACTL6A-BICRAL-SMARCA4 variant",0.8642042368278111,1.28779672243286,0.00910010111223458,0.15533234326848236,0.999,11/11,13.84%,O96019;P60709;Q96GM5;Q92922;P51532;Q9BQE9;Q4VC05;Q8WUZ0;Q9H8M2;Q15532;Q6AI39
prerank,DUOX1-DUOXA1 dual oxidase complex,0.9210954446854663,1.2875261147886998,0.02237136465324385,0.1554307057928214,1.0,5/5,8.02%,CHEBI:29108;CHEBI:57692;CHEBI:30413;Q9NRD9;Q1HG43
prerank,"GBAF (SWI/SNF) ATP-dependent chromatin remodeling complex, ACTL6A-BICRAL-SMARCA2 variant",0.8642042368278109,1.2870946691096186,0.008097165991902834,0.15617840667486013,1.0,11/11,13.84%,O96019;P60709;Q96GM5;Q92922;P51531;Q9BQE9;Q4VC05;Q8WUZ0;Q9H8M2;Q15532;Q6AI39
prerank,"GBAF (SWI/SNF) ATP-dependent chromatin remodeling complex, ACTL6A-BICRA-SMARCA2 variant",0.863661053775122,1.286835132141339,0.010080645161290322,0.15605155699520223,1.0,11/11,13.89%,O96019;P60709;Q96GM5;Q92922;P51531;Q9BQE9;Q4VC05;Q8WUZ0;Q9H8M2;Q15532;Q9NZM4
prerank,"BOS complex, NOMO1 variant",-0.7154471544715447,-1.2859684767108768,0.11398963730569948,0.25381444865724595,1.0,3/3,28.54%,Q15155;Q969V3;Q9BVK8
prerank,"SMC5-SMC6 SUMO ligase complex, EID3 variant",-0.5424694708276798,-1.2855069268364385,0.02857142857142857,0.2532226434191894,1.0,8/8,45.90%,Q8N140;Q8WV22;Q8IX21;Q9BQI6;Q96MG7;Q96MF7;Q96SB8;Q8IY18
prerank,USP12-WDR20 deubiquitinase complex,0.9352127947953375,1.2844110896885452,0.028605482717520857,0.16609638941787155,1.0,4/4,6.58%,CHEBI:29105;Q8TAF3;Q8TBZ3;O75317
prerank,"PRMT5 methylosome complex, COPR5 variant",-0.7176151761517615,-1.2839757873181115,0.12093023255813953,0.2544475681739704,1.0,3/3,28.32%,Q9NQ92;O14744;Q9BQA1
prerank,"LKB1-STRAD-MO25 serine/threonine protein kinase complex, CAB39-STRADB variant",-0.7138211382113822,-1.2839713651683833,0.11428571428571428,0.253162479445819,1.0,3/3,28.70%,Q9Y376;Q9C0K7;Q15831
prerank,RZZ complex,-0.7317073170731707,-1.2838918554887915,0.1339712918660287,0.2519853642524256,1.0,3/3,26.92%,Q9H900;P50748;O43264
prerank,"miRNA RISC complex, TNRC6C variant",-0.6136117136659436,-1.2826808109494894,0.08421052631578947,0.252671140329961,1.0,5/5,38.75%,Q9HCJ0-1;Q9HCK5;Q9H9G7;Q9UL18;Q9UKV8
prerank,Mitochondrial 2-oxoisovalerate dehydrogenase complex,0.8931090613130763,1.282382151398294,0.017763845350052248,0.1740414117539269,1.0,7/7,10.86%,CHEBI:57692;CHEBI:58937;P09622;CHEBI:83088;P11182;P12694;P21953
prerank,"Neuron-specific SWI/SNF ATP-dependent chromatin remodeling complex, ARID1A-SMARCA2 variant",0.8508557457212713,1.2817963304879525,0.009045226130653266,0.17555966149156266,1.0,12/12,15.19%,P60709;Q96GM5;Q92922;Q969G3;Q12824;P51531;Q8TAQ2;O14497;Q6STE5;Q92784;O94805;Q92782
prerank,CKM complex variant 2,-0.6706424505285985,-1.2814880216610762,0.14393939393939395,0.25329631435424305,1.0,4/4,33.04%,Q9BWU1;Q9UHV7;Q93074;P24863
prerank,"Neuron-specific SWI/SNF ATP-dependent chromatin remodeling complex, ARID1A-SMARCA4 variant",0.8508557457212717,1.2807852216994176,0.011055276381909548,0.17889616849105405,1.0,12/12,15.19%,P60709;Q96GM5;Q92922;P51532;Q969G3;Q12824;Q8TAQ2;O14497;Q6STE5;Q92784;O94805;Q92782
prerank,HOPS tethering complex,-0.5839435855709249,-1.279351355075397,0.057971014492753624,0.25534674937671237,1.0,6/6,41.73%,Q96JC1;P49754;Q96AX1;Q9P253;Q9H270;Q9H269
prerank,"MON1-CCZ1 guanyl-nucleotide exchange factor complex, MON1B variant",-0.7102981029810298,-1.2787234142846373,0.10144927536231885,0.25503404580708594,1.0,3/3,29.05%,Q7L1V2;P86791;Q96DM3
prerank,"Neuron-specific SWI/SNF ATP-dependent chromatin remodeling complex, ARID1B-SMARCA2 variant",0.8508557457212714,1.2783712133967355,0.012084592145015106,0.1886502804016332,1.0,12/12,15.19%,P60709;Q96GM5;Q92922;Q969G3;Q12824;P51531;Q8TAQ2;Q6STE5;Q8NFD5;Q92784;O94805;Q92782
prerank,"COPI vesicle coat complex, COPG1-COPZ1 variant",-0.5428648941942485,-1.2783219761499152,0.02564102564102564,0.2543667419846866,1.0,7/7,45.84%,P61923;Q9Y678;P48444;P35606;P53621;P53618;O14579
prerank,"LKB1-STRAD-MO25 serine/threonine protein kinase complex, CAB39L-STRADB variant",-0.7138211382113822,-1.2782996301543788,0.11848341232227488,0.2531522931470756,1.0,3/3,28.70%,Q9H9S4;Q9C0K7;Q15831
prerank,"miRNA RISC complex, TNRC6B variant",-0.6136117136659436,-1.2781165347083498,0.08333333333333333,0.2521595275127206,1.0,5/5,38.75%,Q9UPQ9;Q9HCK5;Q9H9G7;Q9UL18;Q9UKV8
prerank,"Neuron-specific SWI/SNF ATP-dependent chromatin remodeling complex, ARID1B-SMARCA4 variant",0.8508557457212713,1.2776727852675143,0.012084592145015106,0.19049200931047308,1.0,12/12,15.19%,P60709;Q96GM5;Q92922;P51532;Q969G3;Q12824;Q8TAQ2;Q6STE5;Q8NFD5;Q92784;O94805;Q92782
prerank,"LINC complex, SUN2-SYNE4 variant",0.9355013550135501,1.2772380984715166,0.047979797979797977,0.19120587894075466,1.0,3/3,6.53%,CHEBI:29105;Q9UH99;Q8N205
prerank,"LIN-10-LIN-2-LIN-7 complex, LIN7A variant",-0.7100271002710027,-1.2771739816781629,0.10880829015544041,0.25228602066064726,1.0,3/3,29.08%,O14910;O14936;Q02410
prerank,"LKB1-STRAD-MO25 serine/threonine protein kinase complex, CAB39L-STRADA variant",-0.7138211382113822,-1.277020353491393,0.12093023255813953,0.25137192632168276,1.0,3/3,28.70%,Q9H9S4;Q7RTN6;Q15831
prerank,GET complex,0.9316888045540797,1.273724310421155,0.027090694935217905,0.20620986481198453,1.0,4/4,6.93%,CHEBI:29105;O43681;O00258;P49069
prerank,Pyruvate dehydrogenase E1 heterotetramer,0.9219300623475198,1.27240594511205,0.041128084606345476,0.2109484733095756,1.0,4/4,7.91%,CHEBI:18420;CHEBI:58937;P11177;P08559
prerank,"LKB1-STRAD-MO25 serine/threonine protein kinase complex, CAB39-STRADA variant",-0.7138211382113822,-1.2707198763443837,0.13930348258706468,0.25943998314974126,1.0,3/3,28.70%,Q9Y376;Q7RTN6;Q15831
prerank,ERAP1-ERAP2 endoplasmic reticulum aminopeptidase complex,0.9292682926829269,1.2705424245362131,0.05419354838709677,0.21815627339157195,1.0,3/3,7.15%,CHEBI:29105;Q9NZ08;Q6P179
prerank,"LINC complex, SUN1-SYNE4 variant",0.9355013550135501,1.2695633485623354,0.05610972568578554,0.22156253912352294,1.0,3/3,6.53%,CHEBI:29105;O94901;Q8N205
prerank,CORVET tethering complex,-0.5839435855709249,-1.2690460051280539,0.06666666666666667,0.2605723412549723,1.0,6/6,41.73%,Q8WUH2;Q8N3P4;Q96AX1;Q9P253;Q9H270;Q9H269
prerank,"MON1-CCZ1B guanyl-nucleotide exchange factor complex, MON1B variant",-0.7102981029810298,-1.26635520148314,0.12217194570135746,0.2635382342585401,1.0,3/3,29.05%,Q7L1V2;P86790;Q96DM3
prerank,Mitochondrial 2-oxoglutarate dehydrogenase complex,0.8915107133170599,1.266177809526796,0.031049250535331904,0.23615509752577643,1.0,6/6,10.99%,CHEBI:57692;CHEBI:58937;P09622;P36957;P82909;Q02218
prerank,SLX1-SLX4 structure-specific endonuclease complex,0.932249322493225,1.265549283289229,0.0648854961832061,0.2375432946479295,1.0,3/3,6.85%,CHEBI:29105;Q8IY92;Q9BQ83
prerank,Mitochondrial processing peptidase complex,0.9289972899728998,1.2651616273848711,0.0580964153275649,0.23766868305026548,1.0,3/3,7.18%,CHEBI:29105;Q10713;O75439
prerank,"Little elongation complex, ELL3 variant",-0.6676606126321496,-1.2639378554975795,0.08396946564885496,0.2660554959624128,1.0,4/4,33.33%,Q9HB65;Q9Y2F5;Q659A1;Q8N5P1
prerank,SRCAP chromatin remodeling complex,0.8550488599348534,1.2638782080183342,0.02233502538071066,0.24215310659495193,1.0,9/9,14.70%,O96019;Q9Y265;Q9Y230;Q15906;Q9NPF5;O95619;Q6ZRS2;Q9GZN1;O43257
prerank,Collagen type XI trimer variant 1,-0.6964769647696477,-1.2626293642390942,0.105,0.26696322637257613,1.0,3/3,30.44%,P13942;P02458;P12107
prerank,[Cu-Zn] Superoxide dismutase complex,0.9300813008130081,1.2622937451483354,0.07052896725440806,0.24797562553948588,1.0,3/3,7.07%,CHEBI:29105;CHEBI:29036;P00441
prerank,"m-AAA protease complex, AFG3L2-SPG7 variant",0.9287262872628727,1.262241210833965,0.06870229007633588,0.24657177214190518,1.0,3/3,7.20%,CHEBI:29105;Q9UQ90;Q9Y4W6
prerank,"COPI vesicle coat complex, COPG1-COPZ2 variant",-0.5428648941942485,-1.2614402327648917,0.05128205128205128,0.26778670607412436,1.0,7/7,45.84%,Q9P299;Q9Y678;P48444;P35606;P53621;P53618;O14579
prerank,"Brain-specific SWI/SNF ATP-dependent chromatin remodeling complex, ARID1A-SMARCA4 variant",0.8656716417910449,1.2609804448125743,0.027607361963190184,0.2508097513706594,1.0,8/8,13.62%,P60709;P51532;Q969G3;Q12824;Q8TAQ2;O14497;Q92925;O94805
prerank,"Brain-specific SWI/SNF ATP-dependent chromatin remodeling complex, ARID1A-SMARCA2 variant",0.8656716417910447,1.2607158043479931,0.02158273381294964,0.2501886354108684,1.0,8/8,13.62%,P60709;Q969G3;Q12824;P51531;Q8TAQ2;O14497;Q92925;O94805
prerank,Interleukin-23 receptor-ligand complex,-0.6508538899430739,-1.2605565139128478,0.11564625850340136,0.26789865364968485,1.0,4/4,35.01%,Q9NPF7-PRO_0000259488;Q5VWK5-PRO_0000268662;P29460-PRO_0000010930;P42701-PRO_0000010917
prerank,tRNA-guanine transglycosylase complex,0.929810298102981,1.2592779619446721,0.05204460966542751,0.2556239919510343,1.0,3/3,7.09%,CHEBI:29105;Q9H974;Q9BXR0
prerank,"Exon junction core complex, MAGOH variant",0.9124423963133643,1.2586375859494978,0.06108597285067873,0.25696717053445806,1.0,4/4,8.85%,Q9Y5S9;P38919;P61326;O15234
prerank,"Phagocyte NADPH oxidase complex, RAC3 variant",0.8672998643147898,1.2585752683596518,0.028747433264887063,0.2555405650315453,1.0,8/8,13.46%,CHEBI:57692;CHEBI:37565;P19878;P04839;Q15080;P13498;P14598;P60763
prerank,"Phagocyte NADPH oxidase complex, RAC2 variant",0.8675712347354139,1.2574382496256344,0.031568228105906315,0.25973197538460835,1.0,8/8,13.43%,CHEBI:57692;CHEBI:37565;P19878;P04839;Q15080;P13498;P14598;P15153
prerank,"Phagocyte NADPH oxidase complex, RAC1 variant",0.867842605156038,1.2571103486122182,0.02661207778915046,0.25949284762567953,1.0,8/8,13.40%,CHEBI:57692;CHEBI:37565;P19878;P04839;Q15080;P13498;P14598;P63000
prerank,"Exocyst, EXOC6B variant",-0.5487109905020353,-1.2553261011632466,0.05263157894736842,0.2746904118184108,1.0,8/8,45.27%,Q9Y2D4;Q9NV70;O00471;O60645;Q96A65;Q96KP1;Q9UPT5;Q8IYI6
prerank,"COPI vesicle coat complex, COPG2-COPZ1 variant",-0.5428648941942485,-1.2548732688790174,0.0625,0.27419666171098755,1.0,7/7,45.84%,Q9UBF2;P61923;P48444;P35606;P53621;P53618;O14579
prerank,"Brain-specific SWI/SNF ATP-dependent chromatin remodeling complex, ARID1B-SMARCA4 variant",0.8656716417910448,1.25449249707074,0.0326197757390418,0.27034938988899826,1.0,8/8,13.62%,P60709;P51532;Q969G3;Q12824;Q8TAQ2;Q92925;Q8NFD5;O94805
prerank,"BOS complex, NOMO3 variant",-0.7154471544715447,-1.2543376102722175,0.14427860696517414,0.2737074414210636,1.0,3/3,28.54%,P69849;Q969V3;Q9BVK8
prerank,"Brain-specific SWI/SNF ATP-dependent chromatin remodeling complex, ARID1B-SMARCA2 variant",0.8656716417910447,1.2522704239636213,0.03497942386831276,0.2792520598050491,1.0,8/8,13.62%,P60709;Q969G3;Q12824;P51531;Q8TAQ2;Q92925;Q8NFD5;O94805
prerank,Collagen type XI trimer variant 3,-0.6964769647696477,-1.251870827707179,0.13471502590673576,0.27617184537029565,1.0,3/3,30.44%,P05997;P20908;P12107
prerank,Gamma tubulin ring complex,0.8444203095302741,1.2506248204071957,0.01820020222446916,0.28545257795192014,1.0,10/10,15.79%,P60709;Q6P582;Q96RT8;Q96RT7;Q96CW5;Q9BSJ2;Q9UGJ1;Q6NZ67;P23258;Q08AG7
prerank,Dynactin complex,0.8433342383926148,1.2498708377019514,0.030395136778115502,0.28731869709353197,1.0,10/10,15.89%,P60709;Q9NZ32;Q9BTE1;P61163;Q13561;CPX-8695;O75935;Q14203;Q9UJW0;O00399
prerank,"FTS-Hook-FHIP cargo adaptor complex, FHIP1B-HOOK1/3 variant",-0.6410951477365139,-1.2487362626117917,0.12403100775193798,0.27924030301998076,1.0,4/4,35.99%,Q8N612;Q86VS8;Q9UJC3;Q9H8T0
prerank,MORF1 histone acetyltransferase complex,0.8978042830035241,1.2461204806027886,0.06984866123399301,0.3041245710097075,1.0,4/4,10.32%,Q9HAF1;Q8WYH8;Q8WYB5;P55201
prerank,"CARD-BCL10-MALT1 complex, CARD11 variant",-0.6739837398373983,-1.2451505484013687,0.15813953488372093,0.28373611151142913,1.0,3/3,32.68%,Q9BXL7;O95999;Q9UDY8
prerank,General transcription factor TFIIH complex,0.8370450841933731,1.243668707484832,0.016112789526686808,0.31464617481304497,1.0,11/11,16.54%,CHEBI:49883;Q92759;P51948;P19447;P18074;Q13888;Q6ZYL4;P32780;Q13889;P51946;P50613
prerank,BRCA1-B complex,0.9018704255895906,1.2436163082281677,0.059371362048894066,0.31301490335531734,1.0,4/4,9.91%,CHEBI:49883;CPX-715;Q9BX63;Q92547
prerank,"Exocyst, EXOC6 variant",-0.5487109905020353,-1.2419602509542402,0.07142857142857142,0.2878870968253398,1.0,8/8,45.27%,Q8TAG9;Q9NV70;O00471;O60645;Q96A65;Q96KP1;Q9UPT5;Q8IYI6
prerank,U7 small nuclear ribonucleoprotein complex,0.8537313432835821,1.2409068639872263,0.03282051282051282,0.32513589993463293,1.0,8/8,14.81%,P62306;P62318;P62304;P14678;P62308;M17910;Q969L4;P83369
prerank,"Ubiquitous AP-1 Adaptor complex, sigma1c variant",-0.6161561398753049,-1.2399072202281909,0.15126050420168066,0.290013463963772,1.0,4/4,38.48%,Q96PC3;Q9BXS5;Q10567;O43747
prerank,DISP septin regulator complex,-0.6788617886178862,-1.239628325301842,0.11165048543689321,0.28922545446287656,1.0,3/3,32.20%,Q96II8;Q96N67;Q9UM54
prerank,BOLA2-GLRX3 iron-sulfur cluster assembly complex,-0.6288967199783139,-1.2395963913606383,0.1282051282051282,0.287988050045481,1.0,4/4,37.21%,Q9H3K6;O76003;CHEBI:16856;CHEBI:33737
prerank,MORF3 histone acetyltransferase complex,0.8983464353483329,1.2386921013976409,0.07415990730011587,0.3341269718006387,1.0,4/4,10.26%,Q9HAF1;Q8WYH8;Q8WYB5;Q9ULD4
prerank,MBD2/NuRD nucleosome remodeling and deacetylase complex,0.8217875577288782,1.2365060261568745,0.020181634712411706,0.34335725387029553,1.0,12/12,18.09%,Q92769;Q13547;Q09028;Q16576;Q86YP4;Q13330;Q14839;Q9BTC8;O94776;Q8WXI9;Q12873;Q9UBB5
prerank,MBD3/NuRD nucleosome remodeling and deacetylase complex,0.8215158924205381,1.236080935055458,0.022155085599194362,0.3434783448761156,1.0,12/12,18.12%,Q92769;Q13547;Q09028;Q16576;Q86YP4;Q13330;Q14839;Q9BTC8;O94776;Q8WXI9;Q12873;O95983
prerank,MORF2 histone acetyltransferase complex,0.8980753591759285,1.2359200311024297,0.06949352179034157,0.34232230836690114,1.0,4/4,10.29%,Q9HAF1;Q8WYH8;Q8WYB5;O95696
prerank,"CRL4-DCAF13 E3 ubiquitin ligase complex, CUL4A variant ",0.9024125779343997,1.2355900450341202,0.07043879907621248,0.34213670053064243,1.0,4/4,9.86%,P62877;Q9NV06;Q16531;Q13619
prerank,SNARE complex STX17-SNAP47-VAMP8,-0.675880758807588,-1.2346836156812426,0.15695067264573992,0.2944262689103512,1.0,3/3,32.49%,Q9BV40;Q5SQN1;P56962
prerank,Mitochondrial BOLA1-GLRX5 iron-sulfur cluster assembly complex,-0.6288967199783139,-1.234588964581531,0.10687022900763359,0.2933078072722363,1.0,4/4,37.21%,Q9Y3E2;Q86SX6;CHEBI:16856;CHEBI:33737
prerank,"Neuronal AP-3 Adaptor complex, sigma3a variant",-0.6210355109785849,-1.2332386762571972,0.12318840579710146,0.29438001277677284,1.0,4/4,37.99%,Q13367;P53677;Q92572;O14617
prerank,Mitochondrial BOLA3-GLRX5 iron-sulfur cluster assembly complex,-0.6288967199783139,-1.2330474305402834,0.15517241379310345,0.2934367314501465,1.0,4/4,37.21%,Q53S33;Q86SX6;CHEBI:16856;CHEBI:33737
prerank,"CRL4-DCAF13 E3 ubiquitin ligase complex, CUL4B variant ",0.9026836541068042,1.2328149669174222,0.07593457943925233,0.35440774957804877,1.0,4/4,9.83%,P62877;Q9NV06;Q16531;Q13620
prerank,SNARE complex STX17-SNAP29-VAMP8,-0.675880758807588,-1.2326895944355079,0.1409090909090909,0.2926661443607998,1.0,3/3,32.49%,Q9BV40;O95721;P56962
prerank,PPP4C-PPP4R2-PPP4R3A protein phosphatase 4 complex,-0.6813008130081301,-1.232496196748157,0.14948453608247422,0.2916916551143482,1.0,3/3,31.95%,Q6IN85;Q9NY27;P60510
prerank,CoQ biosynthetic complex,0.8507462686567163,1.2323112556884188,0.045174537987679675,0.3548298991898549,1.0,8/8,15.11%,CHEBI:57692;Q5HYK3;Q9Y2Z9;Q99807;Q9Y3A0;CHEBI:24875;O75208;Q9NZJ6
prerank,"CARD-BCL10-MALT1 complex, CARD10 variant",-0.6739837398373983,-1.2322037869579865,0.10344827586206896,0.2907954553908113,1.0,3/3,32.68%,Q9BWT7;O95999;Q9UDY8
prerank,SHOC2-HRAS-PPP1CA complex,0.8836767895878526,1.2311986860483888,0.06352683461117196,0.35836339983099913,1.0,5/5,11.75%,CHEBI:29035;CHEBI:37565;Q9UQ13;P62136;P01112
prerank,MOZ3 histone acetyltransferase complex,0.8983464353483329,1.2308172437225786,0.08333333333333333,0.3582230258598492,1.0,4/4,10.26%,Q9HAF1;Q8WYH8;Q92794;Q9ULD4
prerank,MOZ1 histone acetyltransferase complex,0.897804283003524,1.2305628938944446,0.07845433255269321,0.3574190211542848,1.0,4/4,10.32%,Q9HAF1;Q8WYH8;Q92794;P55201
prerank,MOZ2 histone acetyltransferase complex,0.8980753591759285,1.228927456816968,0.0783625730994152,0.36359067005661777,1.0,4/4,10.29%,Q9HAF1;Q8WYH8;Q92794;O95696
prerank,Glycosylphosphatidylinositol-N-acetylglucosaminyltransferase complex,-0.5474769397721106,-1.228797598312021,0.11627906976744186,0.2950565197032067,1.0,7/7,45.38%,Q3MUY2;Q9BRB3;Q92535;P37287;P57054;Q14442;O94777
prerank,SNARE complex STX17-SNAP47-VAMP7,-0.675880758807588,-1.2276215178663745,0.1689497716894977,0.29563181687036305,1.0,3/3,32.49%,Q5SQN1;P51809;P56962
prerank,"STRIPAK complex, STRIP2-STRN3 variant",0.8488876831253391,1.2259916384806662,0.06047966631908238,0.37641700160188507,1.0,7/7,15.27%,CHEBI:29035;P67775;P30153;Q9Y3A3;CHEBI:17401;Q9ULQ0;Q13033
prerank,"STRIPAK complex, STRIP1-STRN3 variant",0.8488876831253391,1.225976443709586,0.04984423676012461,0.37433822649003934,1.0,7/7,15.27%,CHEBI:29035;P67775;P30153;Q9Y3A3;CHEBI:17401;Q5VSL9;Q13033
prerank,"STRIPAK complex, STRIP1-STRN4 variant",0.8486163863266414,1.2254409890290023,0.042268041237113405,0.37495119469238214,1.0,7/7,15.30%,CHEBI:29035;P67775;P30153;Q9Y3A3;CHEBI:17401;Q5VSL9;Q9NRL3
prerank,"CoREST transcriptional corepressor complex, RCOR3-HDAC1 variant",0.8883166169693684,1.2251846450168156,0.08860759493670886,0.3742433069063841,1.0,4/4,11.26%,CHEBI:57692;Q13547;O60341;Q9P2K3
prerank,PDGF receptor beta - PDGF-AB complex,-0.6761517615176151,-1.225095240974784,0.1625615763546798,0.2986745945063183,1.0,3/3,32.47%,P04085;P01127;P09619
prerank,"STRIPAK complex, STRIP2-STRN4 variant",0.8486163863266414,1.224990945971047,0.054979253112033194,0.37316768813959456,1.0,7/7,15.30%,CHEBI:29035;P67775;P30153;Q9Y3A3;CHEBI:17401;Q9ULQ0;Q9NRL3
prerank,"PAR cell polarity complex, PARD6G-PRKCZ variant",-0.6737127371273712,-1.2249448236924496,0.15104166666666666,0.2976380381852931,1.0,3/3,32.71%,Q9BYG4;Q05513;Q8TEW0
prerank,SHOC2-MRAS-PPP1CA complex,0.8815075921908893,1.2244618427768963,0.0671806167400881,0.3738391867819871,1.0,5/5,11.97%,CHEBI:29035;CHEBI:37565;Q9UQ13;P62136;O14807
prerank,SHOC2-MRAS-PPP1CB complex,0.8749999999999999,1.2230909306774325,0.06652126499454744,0.378527921420887,1.0,5/5,12.62%,CHEBI:29035;CHEBI:37565;Q9UQ13;O14807;P62140
prerank,PDGF receptor alpha-beta - PDGF-DD complex,-0.6761517615176151,-1.2220564468801633,0.17050691244239632,0.30084051384127314,1.0,3/3,32.47%,Q9GZP0;P16234;P09619
prerank,SHOC2-NRAS-PPP1CA complex,0.8752711496746204,1.2217303883895323,0.06050605060506051,0.3832346333401796,1.0,5/5,12.59%,CHEBI:29035;CHEBI:37565;Q9UQ13;P62136;P01111
prerank,"STRIPAK complex, STRIP1-STRN variant",0.8491589799240369,1.221599585828998,0.048167539267015703,0.3818066490156839,1.0,7/7,15.25%,CHEBI:29035;P67775;P30153;Q9Y3A3;CHEBI:17401;Q5VSL9;O43815
prerank,PPP4C-PPP4R2-PPP4R3B protein phosphatase 4 complex,-0.6813008130081301,-1.2209397568819422,0.1890547263681592,0.30138183965209886,1.0,3/3,31.95%,Q5MIZ7;Q9NY27;P60510
prerank,"Ubiquitous AP-1 Adaptor complex, sigma1b variant",-0.6161561398753049,-1.2208387238395044,0.11304347826086956,0.300346967112736,1.0,4/4,38.48%,P56377;Q9BXS5;Q10567;O43747
prerank,"CoREST transcriptional corepressor complex, RCOR3-HDAC2 variant",0.8883166169693683,1.2204979960648696,0.07940161104718067,0.3851447332192556,1.0,4/4,11.26%,CHEBI:57692;Q92769;O60341;Q9P2K3
prerank,"STRIPAK complex, STRIP2-STRN variant",0.8491589799240369,1.2202685317540012,0.060126582278481014,0.38421050655766986,1.0,7/7,15.25%,CHEBI:29035;P67775;P30153;Q9Y3A3;CHEBI:17401;Q9ULQ0;O43815
prerank,"Endothelial AP-1 Adaptor complex, sigma1a variant",-0.6161561398753049,-1.2198792253178894,0.11811023622047244,0.3006381215155954,1.0,4/4,38.48%,Q9Y6Q5;P61966;Q10567;O43747
prerank,"CoREST transcriptional corepressor complex, RCOR2-HDAC1 variant",0.8877744646245594,1.219644040811971,0.08853575482406356,0.38525438121584354,1.0,4/4,11.32%,CHEBI:57692;Q13547;O60341;Q8IZ40
prerank,"Katanin complex, KATNA1-KATNBL1 variant",-0.6620596205962059,-1.2181632918527507,0.18840579710144928,0.3020033205008916,1.0,3/3,33.87%,O75449;Q9H079;CHEBI:15422
prerank,"Ubiquitous AP-3 Adaptor complex, sigma3b variant",-0.6210355109785849,-1.2174324411898123,0.15447154471544716,0.30180505191575807,1.0,4/4,37.99%,Q9Y2T2;O00203;P59780;O14617
prerank,"CoREST transcriptional corepressor complex, RCOR2-HDAC2 variant",0.8877744646245593,1.2170564788164082,0.09288990825688073,0.3963098254651214,1.0,4/4,11.32%,CHEBI:57692;Q92769;O60341;Q8IZ40
prerank,tRNA-splicing ligase complex,0.8409769335142471,1.216777528994206,0.05834186284544524,0.39552954873842244,1.0,8/8,16.08%,CHEBI:29035;Q52LJ0;Q9BVC5;Q92499;Q8NCA5;Q8IWT0;Q9Y3I0;Q9Y224
prerank,"Ubiquitous AP-1 Adaptor complex, sigma1a variant",-0.6161561398753049,-1.2158817607837682,0.15748031496062992,0.30315421251269725,1.0,4/4,38.48%,P61966;Q9BXS5;Q10567;O43747
prerank,SHOC2-MRAS-PPP1CC complex,0.8747288503253795,1.2158082292621644,0.06956521739130435,0.39826716138917956,1.0,5/5,12.65%,CHEBI:29035;CHEBI:37565;Q9UQ13;O14807;P36873
prerank,SHOC2-KRAS-PPP1CA complex,0.8755422993492408,1.2152963097816802,0.07228915662650602,0.39864059573141564,1.0,5/5,12.56%,CHEBI:29035;CHEBI:37565;Q9UQ13;P62136;P01116
prerank,"CoREST transcriptional corepressor complex, RCOR1-HDAC1 variant",0.888045540796964,1.2148076629618094,0.09862385321100918,0.3990687587386045,1.0,4/4,11.29%,CHEBI:57692;Q13547;O60341;Q9UKL0
prerank,DNA polymerase epsilon complex,0.8630694143167028,1.2143402043084797,0.07675675675675675,0.39929014992326595,1.0,5/5,13.81%,CHEBI:49883;Q9NRF9;Q07864;Q9NR33;P56282
prerank,Classical and lectin pathway C3 convertase complex C4b2a-A,-0.6204933586337761,-1.2141155158063097,0.14615384615384616,0.30478027135707014,1.0,4/4,38.04%,P0C0L4-PRO_0000005972;P0C0L4-PRO_0000005966;P0C0L4-PRO_0000005970;P06681-PRO_0000027612
prerank,"Neuronal AP-3 Adaptor complex, sigma3b variant",-0.6210355109785849,-1.2139992528038914,0.14388489208633093,0.3037568714851816,1.0,4/4,37.99%,Q13367;P53677;P59780;O14617
prerank,"FTS-Hook-FHIP cargo adaptor complex, FHIP1A-HOOK1/3 variant",-0.6410951477365139,-1.2129851714410704,0.15441176470588236,0.3039611518164437,1.0,4/4,35.99%,Q05DH4;Q86VS8;Q9UJC3;Q9H8T0
prerank,"Box C/D snoRNA-guided RNP methyltransferase complex, FBL variant",0.8554380254949823,1.212303452764048,0.07272727272727272,0.40723355744657874,1.0,6/6,14.60%,P55769;O00567;Q9Y2X3;P22087;CHEBI:67040;CHEBI:133335
prerank,RNA polymerase I selectivity factor 1 complex,0.863882863340564,1.2123017143043955,0.08062709966405375,0.40512353901421305,1.0,5/5,13.73%,P20226;Q9H5J8;Q15573;Q15572;Q53T94
prerank,"Ubiquitous AP-3 Adaptor complex, sigma3a variant",-0.6210355109785849,-1.2116818993591767,0.1232876712328767,0.30488586752581887,1.0,4/4,37.99%,Q9Y2T2;O00203;Q92572;O14617
prerank,"PAR cell polarity complex, PARD6G-PRKCI variant",-0.6737127371273712,-1.2116421737425958,0.17391304347826086,0.3037436620966734,1.0,3/3,32.71%,Q9BYG4;P41743;Q8TEW0
prerank,"PAR cell polarity complex, PARD6A-PRKCZ variant",-0.6737127371273712,-1.2113912117242316,0.15577889447236182,0.3029470700414721,1.0,3/3,32.71%,Q9NPB6;Q05513;Q8TEW0
prerank,"Ribonucleoside-diphosphate reductase RR1 complex, RRM2 variant",0.8831661696936841,1.2110456518143788,0.09523809523809523,0.4093930819204266,1.0,4/4,11.78%,CHEBI:18420;CHEBI:29034;P23921;P31350
prerank,"CARD-BCL10-MALT1 complex, CARD9 variant",-0.6739837398373983,-1.210341158837279,0.18085106382978725,0.30324860623814875,1.0,3/3,32.68%,Q9H257;O95999;Q9UDY8
prerank,"Actin-related protein 2/3 complex, ARPC1B-ACTR3-ARPC5 variant",-0.5084102007596311,-1.2097838561591432,0.07407407407407407,0.30303095279745546,1.0,7/7,49.28%,O15143;P61158;O15511;O15145;O15144;P59998;P61160
prerank,"Katanin complex, KATNA1-KATNB1 variant",-0.6620596205962059,-1.209611249434133,0.16666666666666666,0.3020107514265637,1.0,3/3,33.87%,O75449;Q9BVA0;CHEBI:15422
prerank,mTORC1 complex,-0.662330623306233,-1.209429265513001,0.15656565656565657,0.30122292187631766,1.0,3/3,33.85%,Q8N122;P42345;Q9BVC4
prerank,SNARE complex STX17-SNAP29-VAMP7,-0.675880758807588,-1.2087255644521393,0.19069767441860466,0.30120732047166315,1.0,3/3,32.49%,P51809;O95721;P56962
prerank,"Mitochondrial pyruvate dehydrogenase complex, somatic variant",0.8336499321573947,1.2086548687459737,0.06134969325153374,0.41931532898934243,1.0,8/8,16.82%,CHEBI:58937;P11177;P08559;P09622;CHEBI:83088;CHEBI:16238;O00330;P10515
prerank,"CARD-BCL10-MALT1 complex, CARD14 variant",-0.6739837398373983,-1.2081334819647989,0.16842105263157894,0.30108586632754636,1.0,3/3,32.68%,Q9BXL6;O95999;Q9UDY8
prerank,"PAR cell polarity complex, PARD6B-PRKCZ variant",-0.6737127371273712,-1.2077925180994455,0.16939890710382513,0.30056422871887456,1.0,3/3,32.71%,Q9BYG5;Q05513;Q8TEW0
prerank,"Ribonucleoside-diphosphate reductase RR1 complex, RRM2B variant",0.8828950935212797,1.2073691303441592,0.09862385321100918,0.42327556094211627,1.0,4/4,11.81%,CHEBI:18420;CHEBI:29034;P23921;Q7LG56
prerank,AHNAK - Annexin A2 - S100-A10 complex,0.8717809704526971,1.2073618060348625,0.10070257611241218,0.42117221419632067,1.0,4/4,12.92%,CHEBI:29108;P07355;P60903;Q09666
prerank,"Endoplasmic reticulum membrane complex, EMC9 variant",-0.511672095548317,-1.2056712387179305,0.05555555555555555,0.3025597449740652,1.0,9/9,48.98%,Q9Y3B6;Q15006;Q9BV81;Q9P0I2;Q9NPA0;Q8N4V1;Q8N766;Q5J8M3;Q5UCC4
prerank,"CoREST transcriptional corepressor complex, RCOR1-HDAC2 variant",0.8880455407969639,1.2046432481508906,0.09977064220183486,0.43285476506528253,1.0,4/4,11.29%,CHEBI:57692;Q92769;O60341;Q9UKL0
prerank,"Gamma-secretase complex, APH1B-PSEN1 variant",-0.5789045553145337,-1.2045190621488577,0.14166666666666666,0.30333524951107543,1.0,5/5,42.22%,P49768-PRO_0000236055;P49768-PRO_0000025591;Q8WW43;Q92542;Q9NZ42
prerank,"Mitochondrial pyruvate dehydrogenase complex, testis-specific variant",0.8328358208955221,1.2044574490829398,0.06153846153846154,0.4316578642480953,1.0,8/8,16.90%,CHEBI:58937;P11177;P09622;CHEBI:83088;CHEBI:16238;O00330;P10515;P29803
prerank,"Box C/D snoRNA-Guided RNP methyltransferase complex, FBLL1 variant",0.8540819094114454,1.2041422399575699,0.08440170940170941,0.43106363413543036,1.0,6/6,14.73%,P55769;O00567;Q9Y2X3;CHEBI:67040;CHEBI:133335;A6NHQ2
prerank,Condensin I complex,-0.591648590021692,-1.203039928826069,0.13636363636363635,0.3045951561808087,1.0,5/5,40.94%,Q15003;Q9BPX3;Q15021;Q9NTJ3;O95347
prerank,"Actin-related protein 2/3 complex, ARPC1B-ACTR3-ARPC5L variant",-0.5084102007596311,-1.202624932720573,0.03225806451612903,0.30416158990604614,1.0,7/7,49.28%,O15143;P61158;Q9BPX5;O15145;O15144;P59998;P61160
prerank,"Mitochondrial calcium uniporter complex, MICU1 variant",-0.6699186991869919,-1.2022101575760495,0.19801980198019803,0.30379346931470436,1.0,3/3,33.09%,Q9H4I9;Q8NE86;Q9BPX6
prerank,Mitochondrial respiratory chain complex IV,0.7813434865379388,1.2019664225828126,0.022022022022022022,0.4397871073237805,1.0,16/16,22.20%,CHEBI:30413;CHEBI:23378;P15954;P14854;P24311;P14406;P12074;P13073;P09669;P20674;P00395;P00414;P10606;P10176;O00483;P00403
prerank,"PAR cell polarity complex, PARD6A-PRKCI variant",-0.6737127371273712,-1.2014911961141468,0.21105527638190955,0.30366538933152565,1.0,3/3,32.71%,Q9NPB6;P41743;Q8TEW0
prerank,"Katanin complex, KATNAL2-KATNB1 variant",-0.6620596205962059,-1.1995942230747856,0.17032967032967034,0.3055111126423103,1.0,3/3,33.87%,Q8IYT4;Q9BVA0;CHEBI:15422
prerank,"Actin-related protein 2/3 complex, ARPC1A-ACTR3-ARPC5L variant",-0.5084102007596311,-1.1995039404728565,0.0625,0.30447670835823576,1.0,7/7,49.28%,P61158;Q9BPX5;Q92747;O15145;O15144;P59998;P61160
prerank,Classical and lectin pathway C3 convertase complex C4b2a-B,-0.6204933586337761,-1.1987609903561625,0.16260162601626016,0.30446987132808584,1.0,4/4,38.04%,P0C0L5-PRO_0000042706;P0C0L5-PRO_0000042699;P0C0L5-PRO_0000042703;P06681-PRO_0000027612
prerank,Mitochondrial ribonuclease P complex,0.8603579175704988,1.19799180569491,0.09899888765294772,0.4570829789855058,1.0,5/5,14.08%,CHEBI:18420;CHEBI:10668;Q7L0Y3;Q99714;O15091
prerank,"Actin-related protein 2/3 complex, ARPC1A-ACTR3-ARPC5 variant",-0.5084102007596311,-1.1970493086892913,0.0967741935483871,0.30601745362145016,1.0,7/7,49.28%,P61158;Q92747;O15511;O15145;O15144;P59998;P61160
prerank,"PAR cell polarity complex, PARD6B-PRKCI variant",-0.6737127371273712,-1.196912229646232,0.2,0.3051749573686229,1.0,3/3,32.71%,Q9BYG5;P41743;Q8TEW0
prerank,Coagulation factor VIIa - tissue factor complex,0.870425589590675,1.1963352663894151,0.12064965197215777,0.4632681042560955,1.0,4/4,13.05%,CHEBI:29108;P08709-PRO_0000027730;P08709-PRO_0000027731;P13726-PRO_0000033638
prerank,PDGF receptor alpha-beta - PDGF-CC complex,-0.6761517615176151,-1.1943854594643262,0.2018348623853211,0.30841246301110176,1.0,3/3,32.47%,Q9NRA1;P16234;P09619
prerank,Condensin II complex,-0.591648590021692,-1.1943136053670245,0.1834862385321101,0.3073463160151414,1.0,5/5,40.94%,P42695;Q86XI2;Q6IBW4;Q9NTJ3;O95347
prerank,Mitochondrial CCA tRNA nucleotidyltransferase 1 complex,0.8600867678958785,1.1931260854867223,0.1161504424778761,0.4779773974211086,1.0,5/5,14.11%,CHEBI:18420;CHEBI:10668;Q7L0Y3;Q99714;Q96Q11
prerank,"Katanin complex, KATNAL2-KATNBL1 variant",-0.6620596205962059,-1.1929671108058357,0.1978021978021978,0.30820974827969183,1.0,3/3,33.87%,Q8IYT4;Q9H079;CHEBI:15422
prerank,PDGF receptor alpha - PDGF-AB complex,-0.6802168021680217,-1.191250895583007,0.20673076923076922,0.30948562508754157,1.0,3/3,32.06%,P04085;P01127;P16234
prerank,"TREX-2 transcription-export complex, CETN2 variant",0.8519522776572668,1.190603805398725,0.12008733624454149,0.4884728799947192,1.0,5/5,14.92%,Q9NPA8;P60896;P41208;O60318;Q5JVF3
prerank,SNARE priming complex STX17-SNAP29-YKT6,-0.675880758807588,-1.1889359849937298,0.20652173913043478,0.3118847293660797,1.0,3/3,32.49%,O15498;O95721;P56962
prerank,PDGF receptor alpha-beta - PDGF-BB complex,-0.6761517615176151,-1.188611545549402,0.1902439024390244,0.31117784048941866,1.0,3/3,32.47%,P01127;P16234;P09619
prerank,19S-20S-PA28-alphabeta hybrid proteasome complex,0.7433023510114821,1.1871830606787381,0.005,0.5038079150303678,1.0,35/35,26.37%,P60896;P49720;P28066;P49721;P28070;P20618;P25788;P25786;P25789;P25787;P60900;O14818;P28072;Q99436;P28074;Q15008;Q13200;P48556;O00231;Q16186;P43686;P51665;O43242;P62191;P55036;O00487;P62195;P62333;P17980;P35998;Q9UNM6;Q99460;O00232;Q06323;Q9UL46
prerank,Annexin A2 - S100-A10 complex,0.8739837398373982,1.1850593455045848,0.14747736093143596,0.5123793859297758,1.0,3/3,12.67%,CHEBI:29108;P07355;P60903
prerank,19S-20S-PA28-gamma hybrid proteasome complex,0.7428259087182288,1.1837388397836641,0.004,0.5167925399794874,1.0,34/34,26.40%,P60896;P49720;P28066;P49721;P28070;P20618;P25788;P25786;P25789;P25787;P60900;O14818;P28072;Q99436;P28074;Q15008;Q13200;P48556;O00231;Q16186;P43686;P51665;O43242;P62191;P55036;O00487;P62195;P62333;P17980;P35998;Q9UNM6;Q99460;O00232;P61289
prerank,"Katanin complex, KATNAL1-KATNB1 variant",-0.6620596205962059,-1.1837308020422836,0.18085106382978725,0.3179224094826611,1.0,3/3,33.87%,Q9BW62;Q9BVA0;CHEBI:15422
prerank,26S proteasome complex,0.7437158469945357,1.1833767241762754,0.005,0.51377779350309,1.0,33/33,26.29%,P60896;P49720;P28066;P49721;P28070;P20618;P25788;P25786;P25789;P25787;P60900;O14818;P28072;Q99436;P28074;Q15008;Q13200;P48556;O00231;Q16186;P43686;P51665;O43242;P62191;P55036;O00487;P62195;P62333;P17980;P35998;Q9UNM6;Q99460;O00232
prerank,30S proteasome complex,0.7437158469945357,1.1833767241762754,0.005,0.51377779350309,1.0,33/33,26.29%,P60896;P49720;P28066;P49721;P28070;P20618;P25788;P25786;P25789;P25787;P60900;O14818;P28072;Q99436;P28074;Q15008;Q13200;P48556;O00231;Q16186;P43686;P51665;O43242;P62191;P55036;O00487;P62195;P62333;P17980;P35998;Q9UNM6;Q99460;O00232
prerank,"AMPK complex, alpha1-beta1-gamma1 variant",-0.6471544715447154,-1.1820415793520374,0.17766497461928935,0.3196357484302438,1.0,3/3,35.36%,P54619;Q13131;Q9Y478
prerank,"AMPK complex, alpha2-beta1-gamma1 variant",-0.6471544715447154,-1.1813375382617568,0.19230769230769232,0.3197896657489288,1.0,3/3,35.36%,P54619;P54646;Q9Y478
prerank,Coagulation factor IXa complex,0.8682926829268292,1.1803765978249379,0.16417910447761194,0.5270061329440957,1.0,3/3,13.24%,CHEBI:29108;P00740-PRO_0000027759;P00740-PRO_0000027757
prerank,ISGF3 complex,-0.6476964769647696,-1.178745273510932,0.19806763285024154,0.32275215102747545,1.0,3/3,35.31%,Q00978;P52630;P42224
prerank,"TREX-2 transcription-export complex, CETN3 variant",0.847885032537961,1.1785267520064522,0.13399778516057587,0.5345265047691209,1.0,5/5,15.33%,Q9NPA8;P60896;O60318;Q5JVF3;O15182
prerank,Mitochondrial propionyl-CoA carboxylase complex,0.8593114665220927,1.1783799381449245,0.1431924882629108,0.5328437323401699,1.0,4/4,14.16%,CHEBI:18420;CHEBI:57586;P05166;P05165
prerank,"Actin-related protein 2/3 complex, ARPC1B-ACTR3B-ARPC5 variant",-0.5084102007596311,-1.1777697970910397,0.08571428571428572,0.32328258046218267,1.0,7/7,49.28%,O15143;Q9P1U1;O15511;O15145;O15144;P59998;P61160
prerank,"Katanin complex, KATNAL1-KATNBL1 variant",-0.6620596205962059,-1.1773767061152107,0.21390374331550802,0.32280187429423696,1.0,3/3,33.87%,Q9BW62;Q9H079;CHEBI:15422
prerank,"AMPK complex, alpha2-beta1-gamma2 variant",-0.6471544715447154,-1.1765026520472126,0.2127659574468085,0.3230581008504502,1.0,3/3,35.36%,Q9UGJ0;P54646;Q9Y478
prerank,"AMPK complex, alpha2-beta1-gamma3 variant",-0.6471544715447154,-1.1763304086780253,0.23036649214659685,0.3221873196694143,1.0,3/3,35.36%,Q9UGI9;P54646;Q9Y478
prerank,"Actin-related protein 2/3 complex, ARPC1B-ACTR3B-ARPC5L variant",-0.5084102007596311,-1.175448028673835,0.11904761904761904,0.3225780682590795,1.0,7/7,49.28%,Q9P1U1;Q9BPX5;Q92747;O15145;O15144;P59998;P61160
prerank,Complement factor I complex,0.8685636856368563,1.1743578137451591,0.1813664596273292,0.5513806082931906,1.0,3/3,13.21%,CHEBI:29108;P05156-PRO_0000027569;P05156-PRO_0000027570
prerank,MUS81-EME2 structure-specific endonuclease complex,0.857181571815718,1.1734275757270338,0.19269521410579346,0.5536612354377869,1.0,3/3,14.35%,CHEBI:18420;Q96NY9;A4GXA9
prerank,NLGN1(+SSA+SSB) - NRXN1-beta(-SS4) complex,0.8688346883468835,1.172991725523403,0.18397997496871088,0.5508969998308033,1.0,3/3,13.19%,CHEBI:29108;Q8N2Q7;P58400-1
prerank,NLGN1(-SSA-SSB) - NRXN1-beta(-SS4) complex,0.8688346883468835,1.172991725523403,0.18397997496871088,0.5508969998308033,1.0,3/3,13.19%,CHEBI:29108;Q8N2Q7;P58400-1
prerank,"AMPK complex, alpha1-beta2-gamma2 variant",-0.6501355013550135,-1.1726159726646206,0.1990521327014218,0.3259548903143637,1.0,3/3,35.07%,Q9UGJ0;Q13131;O43741
prerank,Cubam cobalamin uptake receptor complex,0.8672086720867208,1.172179223608641,0.17777777777777778,0.5526167574834897,1.0,3/3,13.35%,CHEBI:29108;O60494;Q9BXJ7
prerank,NineTeen Core complex,0.818773738469886,1.1709686861062645,0.11446409989594172,0.5564277321532968,1.0,7/7,18.28%,Q9P013;O43660;Q99459;O75934;Q9UMS4;P11142;Q8WYA6
prerank,"FTS-Hook-FHIP cargo adaptor complex, FHIP2A-HOOK2 variant",-0.6409214092140921,-1.1707506806689998,0.20408163265306123,0.32786159566201467,1.0,3/3,35.99%,Q5W0V3;Q96ED9;Q9H8T0
prerank,MUS81-EME1 structure-specific endonuclease complex,0.8558265582655825,1.169432733943252,0.1987878787878788,0.5619096325345502,1.0,3/3,14.49%,CHEBI:18420;Q96NY9;Q96AY2
prerank,"AMPK complex, alpha1-beta1-gamma3 variant",-0.6471544715447154,-1.1693821893067968,0.18316831683168316,0.3289394700886267,1.0,3/3,35.36%,Q9UGI9;Q13131;Q9Y478
prerank,"Endoplasmic reticulum membrane complex, EMC8 variant",-0.511672095548317,-1.167750785432984,0.14285714285714285,0.3302649253189159,1.0,9/9,48.98%,O43402;Q15006;Q9BV81;Q9P0I2;Q9NPA0;Q8N4V1;Q8N766;Q5J8M3;Q5UCC4
prerank,LMAN1-MCFD2 cargo receptor complex,0.8669376693766937,1.1676117870854652,0.20280612244897958,0.5690027934319871,1.0,3/3,13.38%,CHEBI:29108;P49257;Q8NI22
prerank,Lactose synthase complex,0.8680216802168021,1.1667149642402523,0.1721105527638191,0.5711823338192614,1.0,3/3,13.27%,CHEBI:29108;P00709;P15291-2
prerank,"General transcription factor TFIII3B complex, BRF1 variant",0.8604336043360434,1.1666448093250503,0.20182291666666666,0.5689741629329869,1.0,3/3,14.03%,P20226;A6H8Y1;Q92994
prerank,Interleukin-12-receptor ligand complex,-0.6506775067750677,-1.1654817981097076,0.23786407766990292,0.33270163678916487,1.0,3/3,35.01%,CPX-381;Q99665-PRO_0000010920;P42701-PRO_0000010917
prerank,"Gamma-secretase complex, APH1B-PSEN2 variant",-0.5789045553145337,-1.1638860011663583,0.1744186046511628,0.33387345941847424,1.0,5/5,42.22%,P49810-PRO_0000025603;P49810-PRO_0000025604;Q8WW43;Q92542;Q9NZ42
prerank,Interleukin-5 receptor-ligand complex,-0.515052888527258,-1.163793103448276,0.13333333333333333,0.33283039686563054,1.0,6/6,48.61%,Q01344;P29597;P23458;P05113;O60674;P32927
prerank,Mitochondrial pyruvate dehydrogenase serine/threonine phosphatase complex,0.8577235772357723,1.1635759847697005,0.18395061728395062,0.5823161736169147,1.0,3/3,14.30%,CHEBI:18420;Q8NCN5;Q9P0J1
prerank,"Phosphatidylinositol 3-kinase complex, class III, UVRAG variant",0.838937093275488,1.1630287546906113,0.14126807563959956,0.5826077209052002,1.0,5/5,16.22%,CHEBI:29035;Q99570;Q14457;Q8NEB9;Q9P2Y5
prerank,DNA polymerase zeta complex,0.8316160520607375,1.162493853468438,0.14411441144114412,0.5827881939119254,1.0,5/5,16.95%,CHEBI:49883;Q9UI95;Q15054;P49005;O60673
prerank,Mitochondrial electron transfer flavoprotein complex,0.8468419625914883,1.161949120510407,0.16647264260768335,0.5832387541306663,1.0,4/4,15.41%,CHEBI:57692;CHEBI:456215;P13804;P38117
prerank,"AMPK complex, alpha1-beta1-gamma2 variant",-0.6471544715447154,-1.1611482674152973,0.18867924528301888,0.3358573940539354,1.0,3/3,35.36%,Q9UGJ0;Q13131;Q9Y478
prerank,Dehydrodolichyl diphosphate synthase complex,0.856639566395664,1.1607893478289304,0.19530284301606923,0.5867780240431547,1.0,3/3,14.41%,CHEBI:18420;Q86SQ9;Q96E22
prerank,"Phosphatidylinositol 3-kinase complex, class III, ATG14 variant",0.8386659436008677,1.1605538818932366,0.15022421524663676,0.5854421459409666,1.0,5/5,16.25%,CHEBI:29035;Q99570;Q14457;Q8NEB9;Q6ZNE5
prerank,"AMPK complex, alpha2-beta2-gamma2 variant",-0.6474254742547425,-1.1603059583285538,0.24120603015075376,0.3359754924379389,1.0,3/3,35.34%,Q9UGJ0;O43741;P54646
prerank,"AMPK complex, alpha2-beta2-gamma3 variant",-0.6474254742547425,-1.1596250208473875,0.24102564102564103,0.33602799920300913,1.0,3/3,35.34%,Q9UGI9;O43741;P54646
prerank,"Gamma-secretase complex, APH1A-PSEN2 variant",-0.5789045553145337,-1.1582439594374663,0.17582417582417584,0.3372238106216118,1.0,5/5,42.22%,P49810-PRO_0000025603;P49810-PRO_0000025604;Q96BI3;Q92542;Q9NZ42
prerank,"AMPK complex, alpha1-beta2-gamma3 variant",-0.6501355013550135,-1.1579978523711674,0.22459893048128343,0.3364628430200525,1.0,3/3,35.07%,Q9UGI9;Q13131;O43741
prerank,DNA polymerase alpha:primase complex,0.8291757049891542,1.157933752103314,0.15577342047930284,0.5966297117334869,1.0,5/5,17.19%,CHEBI:49883;P49643;P09884;Q14181;P49642
prerank,DNA polymerase delta complex,0.8294468546637743,1.1578025983171858,0.1513157894736842,0.5947062900608234,1.0,5/5,17.17%,CHEBI:49883;Q15054;P49005;Q9HCU8;P28340
prerank,"Actin-related protein 2/3 complex, ARPC1A-ACTR3B-ARPC5 variant",-0.5084102007596311,-1.1577429983525536,0.16666666666666666,0.33572535564045114,1.0,7/7,49.28%,Q9P1U1;Q92747;O15511;O15145;O15144;P59998;P61160
prerank,C3PO endoribonuclease complex,0.8555555555555555,1.1576928496777503,0.21019900497512436,0.5927065719842636,1.0,3/3,14.51%,CHEBI:18420;Q15631;Q99598
prerank,"Alpha-beta T cell receptor complex, TRBC1 variant",-0.5093572009764036,-1.1552409315041738,0.14285714285714285,0.3384073261530086,1.0,6/6,49.17%,P01850;P04234;P01848;P09693;P20963;P07766
prerank,"General transcription factor TFIII3B complex, BRF2 variant",0.8607046070460707,1.1551056285446757,0.21705426356589147,0.6036104904056312,1.0,3/3,14.00%,P20226;A6H8Y1;Q9HAW0
prerank,"Mitochondrial succinyl-CoA synthetase complex, GTP-specific variant",0.8563685636856367,1.1551007235731314,0.21544209215442092,0.6010404843056287,1.0,3/3,14.43%,CHEBI:18420;P53597;Q96I99
prerank,NLRC4 inflammasome,-0.5901328273244781,-1.1534369521696306,0.20134228187919462,0.3400157670462311,1.0,4/4,41.08%,Q13075;Q9NPP4;Q9ULZ3;P29466
prerank,"Mitochondrial succinyl-CoA synthetase complex, ATP-specific variant",0.8560975609756096,1.152893442739639,0.20693928128872366,0.6106810568173202,1.0,3/3,14.46%,CHEBI:18420;P53597;Q9P2R7
prerank,PAQosome co-chaperone complex,0.8264642082429501,1.1521627147771496,0.15829694323144106,0.6119218724158294,1.0,5/5,17.47%,P19388;CPX-6143;Q96MX6;CPX-6144;L0R819
prerank,CHRAC chromatin remodeling complex,0.8322038492816481,1.1510828636481314,0.18436406067677946,0.6149674455197666,1.0,4/4,16.87%,O60264;Q9NRF9;Q9NRL2;Q9NRG0
prerank,CIAO1-CIAO2B-CIAO3-MMS19 cytosolic iron-sulfur protein assembly complex,0.8297180043383945,1.1499735333037189,0.15869565217391304,0.6182652779638017,1.0,5/5,17.14%,CHEBI:49883;Q9H6Q4;O76071;Q9Y3D0;Q96T76
prerank,19S proteasome regulatory complex,0.7408818726183997,1.1472699556122794,0.051,0.6301253336831718,1.0,19/19,26.29%,P60896;Q15008;Q13200;P48556;O00231;Q16186;P43686;P51665;O43242;P62191;P55036;O00487;P62195;P62333;P17980;P35998;Q9UNM6;Q99460;O00232
prerank,ISCA1-ISCA2 mitochondrial iron-sulfur protein assembly complex,0.8395663956639567,1.1465524432394019,0.22576687116564417,0.6313604247474842,1.0,3/3,16.11%,CHEBI:49883;Q86U28;Q9BUE6
prerank,"Gamma-secretase complex, APH1A-PSEN1 variant",-0.5789045553145337,-1.1463611074617148,0.1702127659574468,0.3507633674752501,1.0,5/5,42.22%,P49768-PRO_0000236055;P49768-PRO_0000025591;Q96BI3;Q92542;Q9NZ42
prerank,Prefoldin co-chaperone complex,-0.5446162191483591,-1.1463597848622338,0.15789473684210525,0.34959024584489806,1.0,6/6,45.65%,O60925;P61758;Q99471;Q9NUG6;Q9UHV9;O15212
prerank,"Beta-catenin destruction core complex, APC2-AXIN1-GSK3A variant",-0.5814583898075358,-1.142003384810662,0.19205298013245034,0.3560095831772093,1.0,4/4,41.94%,P49840;O15169;O95996;P48729
prerank,SNIP1/SkIP associated RNA-processing complex,0.8204989154013016,1.1418537802102697,0.18322295805739514,0.653839983046574,1.0,5/5,18.06%,Q13573;Q9H307;Q8TAD8;Q9NYF8;Q9Y2W1
prerank,R2SP co-chaperone complex,0.8351856871780967,1.1415542304771222,0.17819460726846426,0.6526487696159505,1.0,4/4,16.57%,Q9Y265;Q9Y230;Q07617;Q8WWB5
prerank,PA28-alphabeta double-capped 20S proteasome complex,0.7394615175414743,1.1409775206063086,0.057,0.6504387577861117,1.0,16/16,26.37%,P49720;P28066;P49721;P28070;P20618;P25788;P25786;P25789;P25787;P60900;O14818;P28072;Q99436;P28074;Q06323;Q9UL46
prerank,PA28-alphabeta single-capped 20S proteasome complex,0.7394615175414743,1.1409775206063086,0.057,0.6504387577861117,1.0,16/16,26.37%,P49720;P28066;P49721;P28070;P20618;P25788;P25786;P25789;P25787;P60900;O14818;P28072;Q99436;P28074;Q06323;Q9UL46
prerank,R2TP core co-chaperone complex,0.8343724586608836,1.1409088434347927,0.19042056074766356,0.648205456404275,1.0,4/4,16.65%,Q9Y265;Q9Y230;Q9H6T3;Q9NWS0
prerank,R2SD co-chaperone complex,0.8346435348332879,1.1408345849123327,0.1920838183934808,0.6459208425009936,1.0,4/4,16.63%,Q9Y265;Q9Y230;Q07617;Q9NVR5
prerank,"AMPK complex, alpha1-beta2-gamma1 variant",-0.6501355013550135,-1.1397698965047893,0.23783783783783785,0.3587681503269165,1.0,3/3,35.07%,P54619;Q13131;O43741
prerank,"AMPK complex, alpha2-beta2-gamma1 variant",-0.6474254742547425,-1.1386432240639721,0.291005291005291,0.35957563137086646,1.0,3/3,35.34%,P54619;O43741;P54646
prerank,20S proteasome complex,0.7466702908399022,1.1382590481047226,0.07723169508525576,0.6571825228181375,1.0,14/14,25.62%,P49720;P28066;P49721;P28070;P20618;P25788;P25786;P25789;P25787;P60900;O14818;P28072;Q99436;P28074
prerank,"SCF E3 ubiquitin ligase complex, FBXL13 variant",0.8251558687991326,1.1360457826194115,0.19954128440366972,0.6667624792944095,1.0,4/4,17.57%,P62877;P63208;Q13616;Q8NEE6
prerank,"Alpha-beta T cell receptor complex, TRBC2 variant",-0.5093572009764036,-1.1355476324513667,0.15517241379310345,0.36382931817724473,1.0,6/6,49.17%,A0A5B9;P04234;P01848;P09693;P20963;P07766
prerank,CIAO1-CIAO2A-CIAO3 cytosolic iron-sulfur protein assembly complex,0.8286798590403904,1.1336066873590995,0.2046242774566474,0.6776172494285808,1.0,4/4,17.22%,CHEBI:49883;Q9H6Q4;O76071;Q9H5X1
prerank,"SCF E3 ubiquitin ligase complex, KDM2B variant",0.825426944971537,1.1334309042553217,0.22285714285714286,0.6758162381369455,1.0,4/4,17.55%,P62877;P63208;Q13616;Q8NHM5
prerank,PA28-gamma single-capped 20S proteasome complex,0.7389885807504079,1.1329989446088071,0.07307307307307308,0.6726109162995227,1.0,15/15,26.40%,P49720;P28066;P49721;P28070;P20618;P25788;P25786;P25789;P25787;P60900;O14818;P28072;Q99436;P28074;P61289
prerank,PA28-gamma double-capped 20S proteasome complex,0.7389885807504079,1.1329989446088071,0.07307307307307308,0.6726109162995227,1.0,15/15,26.40%,P49720;P28066;P49721;P28070;P20618;P25788;P25786;P25789;P25787;P60900;O14818;P28072;Q99436;P28074;P61289
prerank,"Neuronal nicotinic acetylcholine receptor complex, alpha3-alpha6-beta2-beta3",-0.5616698292220114,-1.1318641439087467,0.20279720279720279,0.36897951353841907,1.0,4/4,43.92%,Q05901-PRO_0000000383;Q15825-PRO_0000000360;P32297-PRO_0000000346;P17787-PRO_0000000379
prerank,BRCC E3 ubiquitin ligase complex,0.8017358285869272,1.1317761255918726,0.18849840255591055,0.6766777430884169,1.0,6/6,19.96%,P46736;Q9NXR7;P51587;P38398;Q99728;Q06609
prerank,NALCN channelosome complex,0.8208186500406615,1.13026920062482,0.22451317296678122,0.6821166817955692,1.0,4/4,18.01%,Q8IZF0;B1AL88;Q8N2C7;Q9P2D8
prerank,TIM9-TIM10-TIM10B mitochondrial intermembrane space protein transporter complex,-0.6384823848238482,-1.1292393245426644,0.25806451612903225,0.3730149910718457,1.0,3/3,36.23%,Q9Y5J6;Q9Y5J7;P62072
prerank,"Beta-catenin destruction core complex, APC-AXIN1-GSK3A variant",-0.5814583898075358,-1.1287002077916088,0.19708029197080293,0.37273210124659517,1.0,4/4,41.94%,P49840;P25054;O15169;P48729
prerank,Lymphotoxin-alpha-beta-LTBR receptor complex,-0.6111111111111112,-1.1251641178107206,0.2304147465437788,0.3780846494261348,1.0,3/3,38.97%,Q06643;P36941;P01374
prerank,"SCF E3 ubiquitin ligase complex, FBXW8-CUL7 variant",0.802060737527115,1.122611911534787,0.19736842105263158,0.7221319132233742,1.0,5/5,19.90%,P62877;P63208;Q13616;Q14999;Q8N3Y1
prerank,Cyclin-dependent protein kinase-activating kinase complex,0.8352303523035229,1.1221955746845427,0.25285895806861497,0.7217171964155021,1.0,3/3,16.54%,P51948;P51946;P50613
prerank,BRCA1-C complex,0.8254742547425474,1.1218482618695165,0.2740076824583867,0.7208402346751096,1.0,3/3,17.52%,CPX-715;Q99708;CPX-4442
prerank,"Beta-catenin destruction core complex, APC2-AXIN1-GSK3B variant",-0.5638384386012469,-1.11991094263294,0.22972972972972974,0.3864382146222934,1.0,4/4,43.70%,O15169;O95996;P48729;P49841
prerank,Intron-binding complex ,0.8047722342733188,1.1198075571741304,0.19031903190319033,0.729828059028884,1.0,5/5,19.63%,Q9HCS7;O60306;Q9UNP9;Q9ULR0;Q96NB3
prerank,NUBP1-NUBP2 iron-sulfur cluster assembly scaffold complex,0.8273712737127372,1.1189365728352385,0.24276729559748428,0.7317953600783217,1.0,3/3,17.33%,CHEBI:49883;Q9Y5Y2;P53384
prerank,R2T co-chaperone complex,0.8338753387533875,1.118236729573922,0.2655654383735705,0.7328216095637239,1.0,3/3,16.68%,Q9Y265;Q9Y230;Q9H6T3-2
prerank,Integrator-PP2A complex,0.7227965179542979,1.1140292951515482,0.097,0.7536111860906043,1.0,17/17,28.05%,P67775;P30153;Q68E01;Q5TA45;Q8N201;Q96HW7;Q9NVR2;Q6P9B9;Q9NV88;Q96N11;Q9H0H0;Q9NVM9;Q96SY0;Q9UL03;Q96CB8;Q75QN2;Q9NVH2
prerank,"Beta-catenin destruction core complex, APC-AXIN2-GSK3B variant",-0.5638384386012469,-1.1131884285490017,0.28,0.39764122349212294,1.0,4/4,43.70%,Q9Y2T1;P25054;P48729;P49841
prerank,"Neuronal nicotinic acetylcholine receptor complex, alpha3-alpha6-beta4",-0.6084010840108401,-1.1117594133899473,0.2524752475247525,0.3991829173016932,1.0,3/3,39.24%,Q15825-PRO_0000000360;P30926-PRO_0000000389;P32297-PRO_0000000346
prerank,"Beta-catenin destruction core complex, APC-AXIN2-GSK3A variant",-0.5814583898075358,-1.1115685905649595,0.2602739726027397,0.39831645623830025,1.0,4/4,41.94%,P49840;Q9Y2T1;P25054;P48729
prerank,"ESCRT-I complex, VPS37B-UBAP1 variant",-0.5475738682569802,-1.111089438759786,0.23404255319148937,0.3979405893089171,1.0,4/4,45.33%,Q9H9H4;Q9NZ09;Q99816;Q9UK41
prerank,"RNA decapping and exonuclease complex, DCP1A variant",-0.5028478437754272,-1.110559644018484,0.17142857142857143,0.39754985657628905,1.0,6/6,49.82%,Q9NPI6;Q6P2E9;Q8IU60;Q96F86;Q8IZH2;P26196
prerank,"Beta-catenin destruction core complex, APC-AXIN1-GSK3B variant",-0.5638384386012469,-1.1101396452862247,0.2631578947368421,0.3971271875535857,1.0,4/4,43.70%,P25054;O15169;P48729;P49841
prerank,"Phosphorylase kinase, liver variant",0.8186991869918699,1.110129690370885,0.28463476070528965,0.7730708128970447,1.0,3/3,18.20%,Q93100;P15735;P46019
prerank,"DNA replication factor C complex, CHTF18 variant",-0.5100379815518177,-1.1091609020782016,0.25,0.39747072753170104,1.0,7/7,49.12%,P0CG13;Q9BVC3;Q8WVB6;P35250;P35249;P40938;P40937
prerank,2-(3-amino-3-carboxypropyl)histidine synthase complex,0.8276422764227642,1.109149623879429,0.271356783919598,0.7760416460630386,1.0,3/3,17.30%,CHEBI:49883;Q9BQC3;Q9BZG8
prerank,"RNA decapping and exonuclease complex, DCP1B variant",-0.5028478437754272,-1.1079681274900401,0.21052631578947367,0.39835940766432837,1.0,6/6,49.82%,Q8IZD4;Q6P2E9;Q8IU60;Q96F86;Q8IZH2;P26196
prerank,"Prefoldin co-chaperone complex, URI1 variant",-0.544468546637744,-1.1078481774523201,0.19318181818181818,0.3973073488492777,1.0,5/5,45.65%,Q9UBK9;O94763;Q9NUG6;Q9UHV9;O15212
prerank,"Beta-catenin destruction core complex, APC2-AXIN2-GSK3B variant",-0.5638384386012469,-1.1075655089654004,0.2753623188405797,0.3966358189136852,1.0,4/4,43.70%,Q9Y2T1;O95996;P48729;P49841
prerank,iNOS-S100A8/A9 complex,0.8170731707317074,1.106398227916502,0.28517110266159695,0.7888293722426925,1.0,3/3,18.36%,P06702;P05109;P35228
prerank,Integrator core complex,0.7224034801522562,1.1052002303148518,0.12324649298597194,0.7929015436616642,1.0,15/15,28.05%,Q68E01;Q5TA45;Q8N201;Q96HW7;Q9NVR2;Q6P9B9;Q9NV88;Q96N11;Q9H0H0;Q9NVM9;Q96SY0;Q9UL03;Q96CB8;Q75QN2;Q9NVH2
prerank,"ESCRT-I complex, VPS37C-UBAP1 variant",-0.5475738682569802,-1.1051140307184797,0.2537313432835821,0.4001872385022501,1.0,4/4,45.33%,A5D8V6;Q9NZ09;Q99816;Q9UK41
prerank,"SCF E3 ubiquitin ligase complex, CCNF variant",0.798048251558688,1.1050733579121346,0.28290993071593534,0.7906022789276522,1.0,4/4,20.28%,P62877;P63208;Q13616;P41002
prerank,"Beta-catenin destruction core complex, APC2-AXIN2-GSK3A variant",-0.5814583898075358,-1.1039818833742217,0.28,0.4011914392932974,1.0,4/4,41.94%,P49840;Q9Y2T1;O95996;P48729
prerank,60S cytosolic large ribosomal subunit,0.6821173889193634,1.1019225841367,0.014,0.8058744561718523,1.0,47/47,32.66%,P40429;P61927;URS000075D341_9606;P62424;P46778;P62945;P61353;Q07020;URS00000F9D45_9606;P62917;P50914;P61313;P61513;P49207;P47914;P26373;P46777;P46779;P62899;P62913;P62906;P62910;P63173;P62987;P05387;P18077;P30050;P46776;P42766;P32969;P36578;P62750;P62829;URS0000ABD82A_9606;P83731;P18621;P62888;P18124;Q02878;Q02543;P84098;Q9Y3U8;P05388;P05386;P27635;P62891;P39023
prerank,"ESCRT-I complex, VPS37C-MVB12A variant",-0.5475738682569802,-1.1000617452032422,0.28169014084507044,0.40725737033675496,1.0,4/4,45.33%,A5D8V6;Q96EY5;Q99816;Q9UK41
prerank,"SCF E3 ubiquitin ligase complex, FBXO15 variant",0.8007590132827325,1.0997425887977275,0.2793103448275862,0.815532088558372,1.0,4/4,20.01%,P62877;P63208;Q13616;Q8NCQ5
prerank,Alternative pathway fluid-phase C3 convertase complex C3(H2O)Bb,-0.6105691056910569,-1.0994160999495284,0.3088235294117647,0.4072011070119809,1.0,3/3,39.02%,P01024-PRO_0000005909;P01024-PRO_0000005908;P00751-PRO_0000027547
prerank,"60S cytosolic large ribosomal subunit, striated muscle variant",0.6801097393689978,1.0990216080910395,0.012,0.8169612589270888,1.0,48/48,32.87%,P40429;P61927;URS000075D341_9606;P62424;P46778;P62945;P61353;Q07020;URS00000F9D45_9606;P62917;P50914;P61313;P61513;P49207;P47914;P26373;P46777;P46779;P62899;P62913;P62906;P62910;P63173;P62987;P05387;P18077;P30050;P46776;P42766;P32969;P36578;P62750;P62829;URS0000ABD82A_9606;P83731;P18621;P62888;P18124;Q02878;Q02543;P84098;Q9Y3U8;P05388;P05386;P27635;P62891;Q92901;P83881
prerank,"60S cytosolic large ribosomal subunit, testis-specific variant",0.68019747668678,1.09891552090664,0.02,0.8145931876696031,1.0,47/47,32.85%,P40429;P61927;URS000075D341_9606;P62424;P46778;P62945;P61353;Q07020;URS00000F9D45_9606;P62917;P50914;P61313;P61513;P49207;P47914;P26373;P46777;P46779;P62899;P62913;P62906;P62910;P63173;P62987;P05387;P18077;P30050;P46776;P42766;P32969;P36578;P62750;P62829;URS0000ABD82A_9606;P83731;P18621;P62888;P18124;Q02878;Q02543;P84098;Q9Y3U8;P05388;P05386;P39023;Q96EH5;Q96L21
prerank,"Phosphorylase kinase, muscle variant",0.8184281842818428,1.0982237885080703,0.306282722513089,0.8156944875695105,1.0,3/3,18.22%,Q93100;Q16816;P46020
prerank,"SCF E3 ubiquitin ligase complex, FBXO47 variant",0.7975060992138792,1.0981028700954414,0.2809633027522936,0.813408583135223,1.0,4/4,20.34%,P62877;P63208;Q13616;Q5MNV8
prerank,"SCF E3 ubiquitin ligase complex, KDM2A variant",0.7953374898346436,1.0975961387058144,0.28848346636259975,0.8134256437203325,1.0,4/4,20.55%,P62877;P63208;Q13616;Q9Y2K7
prerank,"SCF E3 ubiquitin ligase complex, FBXO33 variant",0.7958796421794524,1.0973718506321046,0.286536248561565,0.8116148565816645,1.0,4/4,20.50%,P62877;P63208;Q13616;Q7Z6M2
prerank,"SCF E3 ubiquitin ligase complex, FBXO11 variant",0.8004879371103281,1.0967558911423203,0.2681242807825086,0.8121192529619948,1.0,4/4,20.04%,P62877;P63208;Q13616;Q86XK2
prerank,"SCF E3 ubiquitin ligase complex, FBXO39 variant",0.7991325562483058,1.0967036419283347,0.281786941580756,0.8095133050353656,1.0,4/4,20.17%,P62877;P63208;Q13616;Q8N4B4
prerank,"Nuclear meiotic cohesin complex, RAD21 variant",-0.5505557061534291,-1.0964087180240607,0.25316455696202533,0.41162124577718096,1.0,4/4,45.03%,Q8NDV3;Q9UJ98;O60216;Q9UQE7
prerank,"ESCRT-I complex, VPS37C-MVB12B variant",-0.5475738682569802,-1.0963607416818097,0.28888888888888886,0.41039251299912205,1.0,4/4,45.33%,A5D8V6;Q9H7P6-1;Q99816;Q9UK41
prerank,"SCF E3 ubiquitin ligase complex, BTRC variant",0.7999457847655191,1.096078991959507,0.2765714285714286,0.8103944980872544,1.0,4/4,20.09%,P62877;P63208;Q13616;Q9Y297
prerank,"SCF E3 ubiquitin ligase complex, FBXL14 variant",0.8010300894551369,1.095851773756419,0.29473684210526313,0.8088291423598102,1.0,4/4,19.98%,P62877;P63208;Q13616;Q8N1E6
prerank,"SCF E3 ubiquitin ligase complex, FBXO10 variant",0.8002168609379235,1.0957959207982424,0.2764976958525346,0.8062496921011866,1.0,4/4,20.06%,P62877;P63208;Q13616;Q9UK96
prerank,"SCF E3 ubiquitin ligase complex, FBXO46 variant",0.7996747085931147,1.0956775264740453,0.26674500587544064,0.8039885285343816,1.0,4/4,20.12%,P62877;P63208;Q13616;Q6PJ61
prerank,"Nuclear mitotic cohesin complex, STAG2 variant",-0.5505557061534291,-1.0956118975427367,0.27586206896551724,0.41055994158559134,1.0,4/4,45.03%,Q8N3U4;Q14683;O60216;Q9UQE7
prerank,"SCF E3 ubiquitin ligase complex, FBXO24 variant",0.7994036324207102,1.0953647957015171,0.27835051546391754,0.8029148405223313,1.0,4/4,20.15%,P62877;P63208;Q13616;O75426
prerank,"SCF E3 ubiquitin ligase complex, FBXO41 variant",0.7983193277310925,1.0942914870115714,0.2916666666666667,0.8059459221332078,1.0,4/4,20.25%,P62877;P63208;Q13616;Q8TF61
prerank,"WASH complex, variant WASHC1/WASHC2C",-0.5116594360086768,-1.0942764807152132,0.1875,0.4117956838086505,1.0,5/5,48.93%,A8K0Z3;Q9Y4E1;Q2M389;Q12768;Q9Y3C0
prerank,"SCF E3 ubiquitin ligase complex, FBXL6 variant",0.7969639468690702,1.093854456796931,0.2837370242214533,0.8055660416366123,1.0,4/4,20.39%,P62877;P63208;Q13616;Q8N531
prerank,"SCF E3 ubiquitin ligase complex, FBXO40 variant",0.7988614800759014,1.093746431703734,0.2901376146788991,0.8033260513082696,1.0,4/4,20.20%,P62877;P63208;Q13616;Q9UH90
prerank,"SCF E3 ubiquitin ligase complex, TSPAN17 variant",0.7966928706966658,1.0937075806706653,0.2901734104046243,0.800747215802473,1.0,4/4,20.42%,P62877;P63208;Q13616;Q96FV3
prerank,"SCF E3 ubiquitin ligase complex, FBH1 variant",0.7939821089726213,1.0933802431795927,0.27880184331797236,0.7998179427445028,1.0,4/4,20.69%,P62877;P63208;Q13616;Q8NFZ0
prerank,"SCF E3 ubiquitin ligase complex, FBXO22 variant",0.7937110328002169,1.0928673304213201,0.2952710495963091,0.7999514261841247,1.0,4/4,20.71%,P62877;P63208;Q13616;Q8NEZ5
prerank,"SCF E3 ubiquitin ligase complex, FBXO2 variant",0.7977771753862836,1.0927954394998487,0.2695852534562212,0.7975530673683803,1.0,4/4,20.31%,P62877;P63208;Q13616;Q9UK22
prerank,"SCF E3 ubiquitin ligase complex, FBXL7 variant",0.7964217945242613,1.0927471815718541,0.2842227378190255,0.7950556108798157,1.0,4/4,20.44%,P62877;P63208;Q13616;Q9UJT9
prerank,"SCF E3 ubiquitin ligase complex, FBXL8 variant",0.7972350230414746,1.0926578011442376,0.2908458864426419,0.7929135808919456,1.0,4/4,20.36%,P62877;P63208;Q13616;Q96CD0
prerank,"SCF E3 ubiquitin ligase complex, FBXL12 variant",0.795608566007048,1.0923070500635608,0.29296424452133796,0.7921880546494646,1.0,4/4,20.53%,P62877;P63208;Q13616;Q9NXK8
prerank,"SCF E3 ubiquitin ligase complex, FBXO8 variant",0.790729194903768,1.0909622024536394,0.2893815635939323,0.79681623114005,1.0,4/4,21.01%,P62877;P63208;Q13616;Q9NRD0
prerank,"SCF E3 ubiquitin ligase complex, FBXL4 variant",0.7961507183518569,1.090777355793793,0.29200463499420626,0.7952252008145066,1.0,4/4,20.47%,P62877;P63208;Q13616;Q9UKA2
prerank,"ESCRT-I complex, VPS37A-UBAP1 variant",-0.5475738682569802,-1.0907337768778327,0.2785714285714286,0.4167344549679944,1.0,4/4,45.33%,Q8NEZ2;Q9NZ09;Q99816;Q9UK41
prerank,"SCF E3 ubiquitin ligase complex, FBXO6 variant",0.7915424234209814,1.0906868566453585,0.2894736842105263,0.7930157005271544,1.0,4/4,20.93%,P62877;P63208;Q13616;Q9NRD1
prerank,"DREAM transcriptional repressor complex, RBL1 variant",0.7325549823513441,1.090514781866647,0.18386108273748722,0.7912770673648263,1.0,10/10,26.94%,Q09028;Q14186;Q6MZP7;Q52LA3;Q96GY3;Q5TKA1;Q14188;Q15329;Q16254;P28749
prerank,"SCF E3 ubiquitin ligase complex, FBXO42 variant",0.7985904039034969,1.0904206007518777,0.2908045977011494,0.7891234466891061,1.0,4/4,20.23%,P62877;P63208;Q13616;Q6P3S6
prerank,"SCF E3 ubiquitin ligase complex, FBXO32 variant",0.7910002710761724,1.090288475431649,0.28901734104046245,0.7871869706008908,1.0,4/4,20.99%,P62877;P63208;Q13616;Q969P5
prerank,"SCF E3 ubiquitin ligase complex, FBXL22 variant",0.7947953374898347,1.0901192562784305,0.29779837775202783,0.785527787057496,1.0,4/4,20.61%,P62877;P63208;Q13616;Q6P050
prerank,"SCF E3 ubiquitin ligase complex, FBXL15 variant",0.7945242613174303,1.089884416667632,0.30103806228373703,0.7842375446222329,1.0,4/4,20.63%,P62877;P63208;Q13616;Q9H469
prerank,U4/U6 small nuclear ribonucleoprotein complex,0.8037940379403795,1.0898775606464992,0.3193588162762022,0.7816457101035431,1.0,3/3,19.69%,Q8WWY3;CPX-26417;CPX-26415
prerank,"Nuclear meiotic cohesin complex, REC8 variant",-0.5505557061534291,-1.0897728259068424,0.25735294117647056,0.4173259185839806,1.0,4/4,45.03%,O95072;Q8NDV3;Q9UJ98;Q9UQE7
prerank,"SCF E3 ubiquitin ligase complex, SKP2 variant",0.7950664136622391,1.0897197209548817,0.29132947976878615,0.779888173327709,1.0,4/4,20.58%,P62877;P63208;Q13616;Q13309
prerank,"SCF E3 ubiquitin ligase complex, FBXO34 variant",0.7928978042830036,1.089364369995062,0.28718535469107553,0.7793945860996109,1.0,4/4,20.80%,P62877;P63208;Q13616;Q9NWN3
prerank,"SCF E3 ubiquitin ligase complex, FBXO17 variant",0.7869341284901058,1.088891348279265,0.30609896432681244,0.7793505599169431,1.0,4/4,21.39%,P62877;P63208;Q13616;Q96EF6
prerank,"DREAM transcriptional repressor complex, RBL2 variant",0.7322834645669292,1.0886768476645254,0.19285714285714287,0.7779747627028264,1.0,10/10,26.97%,Q09028;Q14186;Q6MZP7;Q52LA3;Q96GY3;Q5TKA1;Q14188;Q15329;Q16254;Q08999
prerank,"Neuronal nicotinic acetylcholine receptor complex, alpha3-alpha5-beta4",-0.6084010840108401,-1.0882745538850633,0.32367149758454106,0.41877624363515226,1.0,3/3,39.24%,P30532-PRO_0000000356;P30926-PRO_0000000389;P32297-PRO_0000000346
prerank,"SCF E3 ubiquitin ligase complex, FBXO30 variant",0.7920845757657902,1.0881256295708492,0.30205949656750575,0.7784302156647714,1.0,4/4,20.88%,P62877;P63208;Q13616;Q8TB52
prerank,"SCF E3 ubiquitin ligase complex, FBXO31 variant",0.7912713472485768,1.0877655180104935,0.294049008168028,0.7778337209840442,1.0,4/4,20.96%,P62877;P63208;Q13616;Q5XUX0
prerank,"SCF E3 ubiquitin ligase complex, FBXO5 variant",0.7918134995933858,1.0876171924669433,0.2896551724137931,0.7761350516830735,1.0,4/4,20.90%,P62877;P63208;Q13616;Q9UKT4
prerank,"ESCRT-I complex, VPS37D-UBAP1 variant",-0.5475738682569802,-1.0875530859138014,0.22388059701492538,0.4187847064162764,1.0,4/4,45.33%,Q86XT2;Q9NZ09;Q99816;Q9UK41
prerank,"SCF E3 ubiquitin ligase complex, FBXL19 variant",0.7942531851450257,1.0872717799795109,0.28222996515679444,0.7755112836819437,1.0,4/4,20.66%,P62877;P63208;Q13616;Q6PCT2
prerank,"SCF E3 ubiquitin ligase complex, FBXO25 variant",0.7926267281105991,1.0866608916888514,0.3,0.7762693880755567,1.0,4/4,20.82%,P62877;P63208;Q13616;Q8TCJ0
prerank,"SCF E3 ubiquitin ligase complex, FBXO43 variant",0.7872052046625102,1.086527082662588,0.30320366132723114,0.7744459963865464,1.0,4/4,21.36%,P62877;P63208;Q13616;Q4G163
prerank,"TREX transcription-export complex, DX39A variant",0.704650530323633,1.0862256935840238,0.139,0.773587595575529,1.0,16/16,29.84%,Q86V81;Q53F19;Q6I9Y2;Q9BY77;Q96QD9;P82979;Q96J01;Q9P127;Q13769;Q8NI27;Q9Y3Y2;Q96FV9;Q86W42;P84090;O75152;O00148
prerank,"SCF E3 ubiquitin ligase complex, FBXL18 variant",0.7934399566278124,1.0861326983235882,0.3162193698949825,0.7716034954882783,1.0,4/4,20.74%,P62877;P63208;Q13616;Q96ME1
prerank,"CRL4-DCAF15 E3 ubiquitin ligase complex, CUL4A variant ",0.7781995661605208,1.0859123353977305,0.2980132450331126,0.7703608511444653,1.0,5/5,22.29%,P62877;Q16531;Q13619;Q66K64;Q9BW61
prerank,"SCF E3 ubiquitin ligase complex, FBXO9 variant",0.7901870425589591,1.0856843619979186,0.30414746543778803,0.7691308543506236,1.0,4/4,21.07%,P62877;P63208;Q13616;Q9UK97
prerank,"TREX transcription-export complex, DX39B variant",0.7043785694859936,1.0853406852713532,0.14814814814814814,0.7685596949855324,1.0,16/16,29.87%,Q86V81;Q53F19;Q6I9Y2;Q9BY77;Q96QD9;P82979;Q96J01;Q9P127;Q13769;Q8NI27;Q9Y3Y2;Q96FV9;Q86W42;P84090;O75152;Q13838
prerank,"SCF E3 ubiquitin ligase complex, FBXO7 variant",0.7904581187313635,1.085285108510726,0.2961672473867596,0.7664002985969613,1.0,4/4,21.04%,P62877;P63208;Q13616;Q9Y3I1
prerank,"SCF E3 ubiquitin ligase complex, FBXO44 variant",0.7896448902141502,1.0852347338562445,0.30414746543778803,0.7642099917785632,1.0,4/4,21.12%,P62877;P63208;Q13616;Q9H4M3
prerank,"SCF E3 ubiquitin ligase complex, FBXO38 variant",0.7888316616969369,1.0845013609981362,0.29826589595375724,0.7655102379921284,1.0,4/4,21.20%,P62877;P63208;Q13616;Q6PIJ6
prerank,"SCF E3 ubiquitin ligase complex, FBXW10 variant",0.7882895093521279,1.0844521656658301,0.31010452961672474,0.7633317952246337,1.0,4/4,21.26%,P62877;P63208;Q13616;Q5XX13
prerank,"ESCRT-I complex, VPS37D-MVB12A variant",-0.5475738682569802,-1.084429553199185,0.2695035460992908,0.4235855299526429,1.0,4/4,45.33%,Q86XT2;Q96EY5;Q99816;Q9UK41
prerank,Interleukin-17A-F receptor-ligand complex,-0.5165401301518439,-1.0842776889232921,0.24,0.4225457198894704,1.0,5/5,48.44%,Q8NAC3;Q16552;Q96PD4;Q96F46;O43734
prerank,"SCF E3 ubiquitin ligase complex, FBXO28 variant",0.7923556519381947,1.083889191001868,0.2990867579908676,0.7639416867776542,1.0,4/4,20.85%,P62877;P63208;Q13616;Q9NVF7
prerank,Pyrin inflammasome,-0.5899728997289972,-1.0838298973976574,0.3022222222222222,0.4222100630452983,1.0,3/3,41.08%,O15553;Q9ULZ3;P29466
prerank,KLHDC3-Elongin C-Elongin B E3 ubiquitin ligase complex,0.7760303687635576,1.0836950916864205,0.2966194111232279,0.7626034243601673,1.0,5/5,22.50%,P62877;Q15369;Q13617;Q15370;Q9BQ90
prerank,"SCF E3 ubiquitin ligase complex, FBXL21 variant",0.7874762808349146,1.083678884549756,0.2986270022883295,0.7603112388592228,1.0,4/4,21.34%,P62877;P63208;Q13616;Q9UKT6
prerank,SKI complex,-0.5951219512195122,-1.0836677987033037,0.28205128205128205,0.4213424158257726,1.0,3/3,40.56%,Q6PGP7;Q15477;Q9GZS3
prerank,"ESCRT-I complex, VPS37D-MVB12B variant",-0.5475738682569802,-1.0833651603676233,0.2803030303030303,0.4206574173449271,1.0,4/4,45.33%,Q86XT2;Q9H7P6-1;Q99816;Q9UK41
prerank,CL-LK-MASP1 lectin-protease complex,-0.5538086202222824,-1.0832723141017548,0.24603174603174602,0.41955827305999327,1.0,4/4,44.71%,Q9Y6Z7;Q9BWP8;P48740-PRO_0000027594;P48740-PRO_0000027593
prerank,"SCF E3 ubiquitin ligase complex, LMO7 variant",0.7893738140417458,1.083161019177724,0.2937062937062937,0.7606142667790452,1.0,4/4,21.15%,P62877;P63208;Q13616;Q8WWI1
prerank,"SCF E3 ubiquitin ligase complex, FBXW11 variant",0.7885605855245325,1.0828934743979084,0.29732868757259,0.7595784450080346,1.0,4/4,21.23%,P62877;P63208;Q13616;Q9UKB1
prerank,"SCF E3 ubiquitin ligase complex, FBXL17 variant",0.7877473570073191,1.082691080901504,0.3109339407744875,0.7582997997119681,1.0,4/4,21.31%,P62877;P63208;Q13616;Q9UF56
prerank,"WASH complex, variant WASH3P/WASHC2C",-0.5116594360086768,-1.082686620134863,0.25773195876288657,0.4194439561795418,1.0,5/5,48.93%,C4AMC7;Q9Y4E1;Q2M389;Q12768;Q9Y3C0
prerank,ALYREF-binding exon junction complex,0.7787418655097613,1.082686185098775,0.27510917030567683,0.7560124732006703,1.0,5/5,22.23%,Q9Y5S9;P38919;P61326;CHEBI:33699;Q86V81
prerank,"SCF E3 ubiquitin ligase complex, FBXW4 variant",0.7861208999728924,1.0826400429457839,0.32636469221835074,0.7539663600018877,1.0,4/4,21.47%,P62877;P63208;Q13616;P57775
prerank,"CRL4-DCAF15 E3 ubiquitin ligase complex, CUL4B variant ",0.7781995661605208,1.0824115243691408,0.29379157427937913,0.7528297850441725,1.0,5/5,22.29%,P62877;Q16531;Q13620;Q66K64;Q9BW61
prerank,"SCF E3 ubiquitin ligase complex, FBXO21 variant",0.7891027378693413,1.0822300602911803,0.29732868757259,0.7515759061193512,1.0,4/4,21.18%,P62877;P63208;Q13616;O94952
prerank,"SCF E3 ubiquitin ligase complex, FBXL5 variant",0.7855787476280836,1.082174699346415,0.30689655172413793,0.7495753475650772,1.0,4/4,21.53%,P62877;P63208;Q13616;Q9UKA1
prerank,"SCF E3 ubiquitin ligase complex, FBXO3 variant",0.7899159663865546,1.0817112564589846,0.3052995391705069,0.7495488115866132,1.0,4/4,21.09%,P62877;P63208;Q13616;Q9UK99
prerank,"SCF E3 ubiquitin ligase complex, FBXO36 variant",0.793168880455408,1.081659955762028,0.312280701754386,0.7475798383867112,1.0,4/4,20.77%,P62877;P63208;Q13616;Q8NEA4
prerank,KLHDC2-Elongin C-Elongin B E3 ubiquitin ligase complex,0.7776572668112799,1.0814670137894205,0.2986870897155361,0.7463790996191683,1.0,5/5,22.34%,P62877;Q15369;Q13617;Q15370;Q9Y2U9
prerank,"SCF E3 ubiquitin ligase complex, FBXL2 variant",0.7847655191108702,1.0809775396119086,0.3150684931506849,0.7465981806528639,1.0,4/4,21.61%,P62877;P63208;Q13616;Q9UKC9
prerank,"SCF E3 ubiquitin ligase complex, FBXW2 variant",0.785849823800488,1.0803467304886316,0.30982658959537573,0.747601116231437,1.0,4/4,21.50%,P62877;P63208;Q13616;Q9UKT8
prerank,FEB1B-Elongin C-Elongin B E3 ubiquitin ligase complex,0.7779284164859003,1.0802772226070414,0.30120481927710846,0.7457564688982844,1.0,5/5,22.31%,P62877;Q15369;Q13617;Q15370;Q9UK73
prerank,"SCF E3 ubiquitin ligase complex, FBXO16 variant",0.7866630523177013,1.0787668111556215,0.32036613272311215,0.7511501365153818,1.0,4/4,21.42%,P62877;P63208;Q13616;Q8IX29
prerank,"SCF E3 ubiquitin ligase complex, FBXL20 variant",0.7842233667660613,1.0786161036835975,0.316588785046729,0.7496906044179675,1.0,4/4,21.66%,P62877;P63208;Q13616;Q96IG2
prerank,"SCF E3 ubiquitin ligase complex, FBXL3 variant",0.7844944429384657,1.0768443010322701,0.3310580204778157,0.7565246960686817,1.0,4/4,21.64%,P62877;P63208;Q13616;Q9UKT7
prerank,"SCF E3 ubiquitin ligase complex, FBXW9 variant",0.7880184331797235,1.0763993629754915,0.3282710280373832,0.7566729199268463,1.0,4/4,21.28%,P62877;P63208;Q13616;Q5XUX1
prerank,"SCF E3 ubiquitin ligase complex, FBXW7 variant",0.785307671455679,1.0761748757252074,0.32710280373831774,0.7555390534720634,1.0,4/4,21.55%,P62877;P63208;Q13616;Q969H0
prerank,KLHDC10-Elongin C-Elongin B E3 ubiquitin ligase complex,0.7773861171366595,1.0760305148422513,0.30794341675734493,0.7540576879226394,1.0,5/5,22.37%,P62877;Q15369;Q13617;Q15370;Q6PID8
prerank,"ESCRT-I complex, VPS37B-MVB12B variant",-0.5475738682569802,-1.0751339725128504,0.2876712328767123,0.43299404951585924,1.0,4/4,45.33%,Q9H9H4;Q9H7P6-1;Q99816;Q9UK41
prerank,"WASH complex, variant WASH6P/WASHC2C",-0.5116594360086768,-1.074955387783116,0.2289156626506024,0.4319957861833719,1.0,5/5,48.93%,Q9NQA3;Q9Y4E1;Q2M389;Q12768;Q9Y3C0
prerank,"SCF E3 ubiquitin ligase complex, FBXO27 variant",0.7839522905936568,1.0748264905186264,0.31682027649769584,0.7582345191765061,1.0,4/4,21.69%,P62877;P63208;Q13616;Q8NI29
prerank,FEM1A-Elongin C-Elongin B E3 ubiquitin ligase complex,0.7730477223427332,1.0746364390103953,0.32749178532311063,0.7570066440997364,1.0,5/5,22.80%,P62877;Q15369;Q13617;Q15370;Q9BSK4
prerank,"SCF E3 ubiquitin ligase complex, FBXW5 variant",0.7863919761452969,1.0744029822716428,0.3290548424737456,0.7560852492240961,1.0,4/4,21.45%,P62877;P63208;Q13616;Q969U6
prerank,PRAME-Elongin C-Elongin B E3 ubiquitin ligase complex,0.7733188720173536,1.0740152185345295,0.30594594594594593,0.7561312422054277,1.0,5/5,22.77%,P62877;Q15369;Q13617;Q15370;P78395
prerank,"SCF E3 ubiquitin ligase complex, FBXW12 variant",0.783410138248848,1.073258602737297,0.3337129840546697,0.7576801422681131,1.0,4/4,21.74%,P62877;P63208;Q13616;Q6X9E4
prerank,VHL-Elongin C-Elongin B E3 ubiquitin ligase complex,0.7703362255965294,1.072389041744103,0.3198247535596933,0.759867081306055,1.0,5/5,23.07%,P62877;Q15369;Q13617;Q15370;P40337
prerank,"ESCRT-I complex, VPS37A-MVB12A variant",-0.5475738682569802,-1.0722049610694329,0.3248407643312102,0.43639222899705915,1.0,4/4,45.33%,Q8NEZ2;Q96EY5;Q99816;Q9UK41
prerank,ZER1-Elongin C-Elongin B E3 ubiquitin ligase complex,0.7771149674620391,1.0716796430375728,0.325,0.7614623997407364,1.0,5/5,22.39%,P62877;Q15369;Q13617;Q15370;Q7Z7L7
prerank,"SCF E3 ubiquitin ligase complex, FBXO4 variant",0.7850365952832746,1.0714723746102892,0.3371824480369515,0.7603291452038601,1.0,4/4,21.58%,P62877;P63208;Q13616;Q9UKT5
prerank,"ESCRT-I complex, VPS37B-MVB12A variant",-0.5475738682569802,-1.0714601443936937,0.3148148148148148,0.43657857891315427,1.0,4/4,45.33%,Q9H9H4;Q96EY5;Q99816;Q9UK41
prerank,LRR1-Elongin C-Elongin B E3 ubiquitin ligase complex,0.7727765726681128,1.0714332661999293,0.3163716814159292,0.7583301979501003,1.0,5/5,22.83%,P62877;Q15369;Q13617;Q15370;Q96L50
prerank,C5b6 complement complex,-0.5794037940379404,-1.0699069769804863,0.3350253807106599,0.4386444323462841,1.0,3/3,42.13%,P01031-PRO_0000005985;P01031-PRO_0000005989;P13671
prerank,"SCF E3 ubiquitin ligase complex, FBXL16 variant",0.7836812144212524,1.0688088743925988,0.34655775962660446,0.7695354528415782,1.0,4/4,21.72%,P62877;P63208;Q13616;Q8N461
prerank,ZYG11B-Elongin C-Elongin B E3 ubiquitin ligase complex,0.7708785249457701,1.0685577537770774,0.33152173913043476,0.7686752225730893,1.0,5/5,23.02%,P62877;Q15369;Q13617;Q15370;Q9C0D3
prerank,PA200-20S single-capped proteasome,0.6963023382272977,1.0684073573587465,0.189,0.7651420973801343,1.0,15/15,30.65%,P49720;P28066;P49721;P28070;P20618;P25788;P25786;P25789;P25787;P60900;O14818;P28072;Q99436;P28074;Q14997
prerank,PA200-20S-PA200 double-capped proteasome complex,0.6963023382272977,1.0684073573587465,0.189,0.7651420973801343,1.0,15/15,30.65%,P49720;P28066;P49721;P28070;P20618;P25788;P25786;P25789;P25787;P60900;O14818;P28072;Q99436;P28074;Q14997
prerank,FEB1C-Elongin C-Elongin B E3 ubiquitin ligase complex,0.7714208242950109,1.0683794947183847,0.32968236582694416,0.7631305729102804,1.0,5/5,22.96%,P62877;Q15369;Q13617;Q15370;Q96JP0
prerank,NLRP1 inflammasome,-0.5899728997289972,-1.0675333550782036,0.31221719457013575,0.4421715410965967,1.0,3/3,41.08%,Q9C000;Q9ULZ3;P29466
prerank,"Nuclear mitotic cohesin complex, STAG1 variant",-0.5505557061534291,-1.065982410036412,0.2847222222222222,0.4437377823864625,1.0,4/4,45.03%,Q8WVM7;Q14683;O60216;Q9UQE7
prerank,"CRL4-CRBN E3 ubiquitin ligase complex, CUL4A variant ",0.776633233938737,1.0653017978923836,0.3447880870561283,0.7768232540475608,1.0,4/4,22.42%,P62877;Q16531;Q13619;Q96SW2
prerank,"CRL4-CRBN E3 ubiquitin ligase complex, CUL4B variant ",0.776633233938737,1.0648331837935348,0.3617269544924154,0.7769986464438509,1.0,4/4,22.42%,P62877;Q16531;Q13620;Q96SW2
prerank,APPBP2-Elongin C-Elongin B E3 ubiquitin ligase complex,0.7706073752711498,1.0644690463061126,0.33984799131378934,0.7767777497144667,1.0,5/5,23.04%,P62877;Q15369;Q13617;Q15370;Q92624
prerank,Mitochondrial respiratory chain complex III,0.7104047813094267,1.0644385966933971,0.24471299093655588,0.7747975332045545,1.0,12/12,29.19%,CHEBI:49601;Q9UDW1;P31930;P00156;P14927;O14949;O14957;P07919;P08574;P47985-PRO_0000307241;P22695;P47985-PRO_0000030664
prerank,"Scribble cell polarity complex, DLG1-LLGL1-SCRIB variant",-0.5826558265582655,-1.0628361050190773,0.3149171270718232,0.4487727704541412,1.0,3/3,41.81%,Q12959;Q15334;Q14160
prerank,"CRL4-DCAF12 E3 ubiquitin ligase complex, CUL4B variant ",0.7763621577663324,1.0625528840782374,0.34832756632064593,0.7822467475444831,1.0,4/4,22.45%,P62877;Q16531;Q13620;Q5T6F0
prerank,"CRL4-DDB2 E3 ubiquitin ligase complex, CUL4A variant ",0.7722960151802658,1.0622723639427536,0.35206422018348627,0.7816437259774796,1.0,4/4,22.85%,P62877;Q16531;Q13619;Q92466
prerank,"CRL4-DCAF5 E3 ubiquitin ligase complex, CUL4B variant ",0.7755489292491191,1.0619452973456232,0.35870818915801617,0.7810583550720351,1.0,4/4,22.53%,P62877;Q16531;Q13620;Q96JK2
prerank,"WASH complex, variant WASH4P/WASHC2C",-0.5116594360086768,-1.0618837891690451,0.2755102040816326,0.44951422863437235,1.0,5/5,48.93%,A8MWX3;Q9Y4E1;Q2M389;Q12768;Q9Y3C0
prerank,"CRL4-DCAF7 E3 ubiquitin ligase complex, CUL4B variant ",0.7744646245595013,1.0616652281953975,0.3757292882147025,0.7803333118360739,1.0,4/4,22.64%,P62877;Q16531;Q13620;P61962
prerank,"CRL4-DCAF7 E3 ubiquitin ligase complex, CUL4A variant ",0.7744646245595013,1.0614967101854293,0.3477751756440281,0.7790280030082894,1.0,4/4,22.64%,P62877;Q16531;Q13619;P61962
prerank,20S thymoproteasome complex,0.6955694482196251,1.0603152205307642,0.2172172172172172,0.783079172205454,1.0,14/14,30.71%,P49720;P28066;P49721;P28070;P20618;P25788;P25786;P25789;P25787;P60900;O14818;P28065;P40306;A5LHX3
prerank,Apoptosome,0.7480336316788716,1.060189384196901,0.30202774813233724,0.7816479708849742,1.0,6/6,25.32%,CHEBI:30413;P99999;CHEBI:18248;P55211;O14727;P55211-PRO_0000004643
prerank,20S immunoproteasome complex,0.695297635226964,1.0598775190170124,0.22244488977955912,0.7811109234296756,1.0,14/14,30.73%,P49720;P28066;P49721;P28070;P20618;P25788;P25786;P25789;P25787;P60900;O14818;P28065;P40306;P28062
prerank,"CRL4-DCAF12 E3 ubiquitin ligase complex, CUL4A variant ",0.7763621577663324,1.0597828557603672,0.35714285714285715,0.7793907722478461,1.0,4/4,22.45%,P62877;Q16531;Q13619;Q5T6F0
prerank,"4EHP-GIGYF1 co-translational mRNA decay complex, ZNF598 variant",-0.5897018970189702,-1.0594752757108836,0.3349282296650718,0.45317962449539256,1.0,3/3,41.10%,Q86UK7;O75420;O60573
prerank,"ESCRT-I complex, VPS37A-MVB12B variant",-0.5475738682569802,-1.059472275609362,0.3561643835616438,0.4518851496121794,1.0,4/4,45.33%,Q8NEZ2;Q9H7P6-1;Q99816;Q9UK41
prerank,"Scribble cell polarity complex, DLG1-LLGL2-SCRIB variant",-0.5826558265582655,-1.0588630343129335,0.35858585858585856,0.4518679722426348,1.0,3/3,41.81%,Q12959;Q6P1M3;Q14160
prerank,"CRL4-DCAF5 E3 ubiquitin ligase complex, CUL4A variant ",0.7755489292491191,1.0585523696515655,0.35294117647058826,0.7835799075669736,1.0,4/4,22.53%,P62877;Q16531;Q13619;Q96JK2
prerank,"CRL4-DCAF6 E3 ubiquitin ligase complex, CUL4A variant ",0.7750067769043103,1.058265393782217,0.3586206896551724,0.7829879211322628,1.0,4/4,22.58%,P62877;Q16531;Q13619;Q58WW2
prerank,eIF4E-CYFIP1-FMRP translational repressor complex,-0.5777777777777777,-1.0581647948481963,0.3417085427135678,0.4520593611972159,1.0,3/3,42.30%,Q7L576;Q06787;P06730
prerank,"CRL4-CDT2 E3 ubiquitin ligase complex, CUL4B variant ",0.7714827866630525,1.0579146753791948,0.3635294117647059,0.7826348068778471,1.0,4/4,22.94%,P62877;Q16531;Q13620;Q9NZJ0
prerank,"CRL4-DCAF11 E3 ubiquitin ligase complex, CUL4B variant ",0.7760910815939279,1.0578006921737806,0.3767441860465116,0.7811242341931909,1.0,4/4,22.47%,P62877;Q16531;Q13620;Q8TEB1
prerank,"CRL4-CDT2 E3 ubiquitin ligase complex, CUL4A variant ",0.7714827866630525,1.0575050394955063,0.358974358974359,0.7804720415462254,1.0,4/4,22.94%,P62877;Q16531;Q13619;Q9NZJ0
prerank,"Nuclear meiotic cohesin complex, RAD21L1 variant",-0.5505557061534291,-1.057273151895259,0.3356164383561644,0.4527270004668921,1.0,4/4,45.03%,Q9H4I0;Q8NDV3;Q9UJ98;Q9UQE7
prerank,20S spermatoproteasome complex,0.6950258222343029,1.057211796053153,0.23423423423423423,0.7799006014442202,1.0,14/14,30.76%,P49720;P28066;P49721;P28070;P20618;P25788;P25786;P25789;P25787;P60900;P28072;Q99436;P28074;Q8TAA3
prerank,"CRL4-DCAF4 E3 ubiquitin ligase complex, CUL4A variant ",0.7747357007319058,1.056578092037943,0.37139561707035756,0.7810119026497891,1.0,4/4,22.61%,P62877;Q16531;Q13619;Q8WV16
prerank,"CRL4-DCAF11 E3 ubiquitin ligase complex, CUL4A variant ",0.7760910815939279,1.0559229676876327,0.3695150115473441,0.7822789203533106,1.0,4/4,22.47%,P62877;Q16531;Q13619;Q8TEB1
prerank,"CRL4-ERCC8 E3 ubiquitin ligase complex, CUL4A variant ",0.7736513960422879,1.0556869864443135,0.3665893271461717,0.7814025574635691,1.0,4/4,22.72%,P62877;Q16531;Q13619;Q13216
prerank,"Scribble cell polarity complex, DLG2-LLGL1-SCRIB variant",-0.5826558265582655,-1.0556690550916883,0.32663316582914576,0.4545808082528456,1.0,3/3,41.81%,Q15700;Q15334;Q14160
prerank,"CRL4-DCAF6 E3 ubiquitin ligase complex, CUL4B variant ",0.7750067769043101,1.0555756078665455,0.3791907514450867,0.779909347788184,1.0,4/4,22.58%,P62877;Q16531;Q13620;Q58WW2
prerank,"CRL4-DCAF9 E3 ubiquitin ligase complex, CUL4B variant ",0.7741935483870968,1.055189417804318,0.3751438434982739,0.7798552901985728,1.0,4/4,22.66%,P62877;Q16531;Q13620;Q8N5D0
prerank,"CRL4-DDB2 E3 ubiquitin ligase complex, CUL4B variant ",0.7722960151802658,1.054985571300691,0.37962962962962965,0.7788069213341925,1.0,4/4,22.85%,P62877;Q16531;Q13620;Q92466
prerank,"CRL4-DCAF10 E3 ubiquitin ligase complex, CUL4B variant ",0.7739224722146925,1.0549512353526618,0.38461538461538464,0.7769432170640843,1.0,4/4,22.69%,P62877;Q16531;Q13620;Q5QP82
prerank,"CRL4-DCAF9 E3 ubiquitin ligase complex, CUL4A variant ",0.774193548387097,1.0548504402365895,0.38295454545454544,0.7753880053339287,1.0,4/4,22.66%,P62877;Q16531;Q13619;Q8N5D0
prerank,"Eukaryotic translation initiation factor 4F, EIF4A2 and EIF4G1 variant",-0.5777777777777777,-1.0544660976331057,0.32989690721649484,0.4556738811973844,1.0,3/3,42.30%,Q04637;Q14240;P06730
prerank,"CRL4-DCAF8 E3 ubiquitin ligase complex, CUL4A variant ",0.7733803198698836,1.0543383956871628,0.38523644752018454,0.7759480547868721,1.0,4/4,22.75%,P62877;Q16531;Q13619;Q5TAQ9
prerank,"CRL4-DCAF16 E3 ubiquitin ligase complex, CUL4B variant ",0.7720249390078613,1.0542765044519278,0.3895953757225434,0.7742298136945986,1.0,4/4,22.88%,P62877;Q16531;Q13620;Q9NXF7
prerank,"CRL4-ERCC8 E3 ubiquitin ligase complex, CUL4B variant",0.7736513960422879,1.0537665857122458,0.3835294117647059,0.7746244182941414,1.0,4/4,22.72%,P62877;Q16531;Q13620;Q13216
prerank,"CRL4-AMBRA1 E3 ubiquitin ligase complex, CUL4B variant ",0.7752778530767146,1.053399090422316,0.38354577056778677,0.7745561953753205,1.0,4/4,22.56%,P62877;Q16531;Q13620;Q9C0C7
prerank,"CRL4-DCAF4 E3 ubiquitin ligase complex, CUL4B variant ",0.7747357007319058,1.0532375481577325,0.3853317811408615,0.7733240025513577,1.0,4/4,22.61%,P62877;Q16531;Q13620;Q8WV16
prerank,"Scribble cell polarity complex, DLG4-LLGL1-SCRIB variant",-0.5826558265582655,-1.053019601373437,0.3526315789473684,0.45739438397384435,1.0,3/3,41.81%,P78352;Q15334;Q14160
prerank,"WASH complex, variant WASH6P/WASHC2A",-0.5116594360086768,-1.0527060075118224,0.3023255813953488,0.45672254507846666,1.0,5/5,48.93%,Q9NQA3;Q641Q2;Q2M389;Q12768;Q9Y3C0
prerank,"CRL4-DCAF10 E3 ubiquitin ligase complex, CUL4A variant ",0.7739224722146925,1.0526001674189684,0.3895953757225434,0.7745946190715284,1.0,4/4,22.69%,P62877;Q16531;Q13619;Q5QP82
prerank,"CRL4-DCAF17 E3 ubiquitin ligase complex, CUL4A variant ",0.7709406343182434,1.0524027732804633,0.3818393480791618,0.7735572596863345,1.0,4/4,22.99%,P62877;Q16531;Q13619;Q5H9S7
prerank,"CRL4-AMBRA1 E3 ubiquitin ligase complex, CUL4A variant ",0.7752778530767146,1.052381402664405,0.36969001148105624,0.7716928709405944,1.0,4/4,22.56%,P62877;Q16531;Q13619;Q9C0C7
prerank,"CRL3 E3 ubiquitin ligase complex, KBTBD6-KBTBD7 variant",0.7685009487666034,1.0523658623955487,0.3640500568828214,0.7698038760710298,1.0,4/4,23.23%,P62877;Q13618;Q86V97;Q8WVZ9
prerank,"CRL4-DCAF16 E3 ubiquitin ligase complex, CUL4A variant ",0.7720249390078613,1.0523263027491843,0.3836549375709421,0.7680284795343727,1.0,4/4,22.88%,P62877;Q16531;Q13619;Q9NXF7
prerank,"CRL3 E3 ubiquitin ligase complex, SPOP-SPOPL variant",0.7687720249390078,1.0520616298505374,0.375,0.7673803983456358,1.0,4/4,23.21%,P62877;Q13618;Q6IQ16;O43791
prerank,"Scribble cell polarity complex, DLG3-LLGL1-SCRIB variant",-0.5826558265582655,-1.0517362226570488,0.3333333333333333,0.45753470865373047,1.0,3/3,41.81%,Q92796;Q15334;Q14160
prerank,Myb-MuvB-FOXM1 transcriptional activation complex,0.7281606077048288,1.0516231072528468,0.3291796469366563,0.7676291048485047,1.0,7/7,27.32%,Q09028;Q6MZP7;Q52LA3;Q96GY3;Q5TKA1;Q08050;P10244
prerank,"CRL4-DCAF14 E3 ubiquitin ligase complex, CUL4A variant ",0.7698563296286258,1.0515929291802508,0.3776223776223776,0.7658332475032537,1.0,4/4,23.10%,P62877;Q16531;Q13619;Q8WWQ0
prerank,"CRL4-DCAF14 E3 ubiquitin ligase complex, CUL4B variant ",0.7698563296286256,1.0512995631388757,0.38425381903642775,0.7654145691679072,1.0,4/4,23.10%,P62877;Q16531;Q13620;Q8WWQ0
prerank,"CRL4-DCAF1 E3 ubiquitin ligase complex, CUL4A variant ",0.7717538628354568,1.0512509323081038,0.3788748564867968,0.763754648042459,1.0,4/4,22.91%,P62877;Q16531;Q13619;Q9Y4B6
prerank,"CRL4-DCAF17 E3 ubiquitin ligase complex, CUL4B variant ",0.7709406343182434,1.0510112818206032,0.370197904540163,0.762959663014836,1.0,4/4,22.99%,P62877;Q16531;Q13620;Q5H9S7
prerank,Nexin-dynein regulatory complex,0.7004345464421509,1.0510104363434514,0.2799597180261833,0.7610559789623073,1.0,11/11,30.17%,Q8NEE6;Q86XH1;Q9H069;Q8IY82;Q96MC2;Q96DY2;O95995;Q8IXS2;Q5JU00;Q5VUJ9;Q9H095
prerank,"WASH complex, variant WASHC1/WASHC2A",-0.5116594360086768,-1.0498535112899887,0.32978723404255317,0.4599092398935707,1.0,5/5,48.93%,A8K0Z3;Q641Q2;Q2M389;Q12768;Q9Y3C0
prerank,"CRL4-DCAF8 E3 ubiquitin ligase complex, CUL4B variant ",0.7733803198698834,1.0497863557895906,0.3878504672897196,0.76526901458485,1.0,4/4,22.75%,P62877;Q16531;Q13620;Q5TAQ9
prerank,"4EHP-GIGYF2 co-translational mRNA decay complex, ZNF598 variant",-0.5897018970189702,-1.0493381238287358,0.36633663366336633,0.4597191105779371,1.0,3/3,41.10%,Q86UK7;Q6Y7W6;O60573
prerank,"Scribble cell polarity complex, DLG2-LLGL2-SCRIB variant",-0.5826558265582655,-1.0488525141437606,0.3446601941747573,0.45931174357331156,1.0,3/3,41.81%,Q15700;Q6P1M3;Q14160
prerank,"CRL4-DCAF1 E3 ubiquitin ligase complex, CUL4B variant ",0.7717538628354568,1.0488156955174726,0.3855140186915888,0.7680563735095418,1.0,4/4,22.91%,P62877;Q16531;Q13620;Q9Y4B6
prerank,"WASH complex, variant WASH2P/WASHC2C",-0.5116594360086768,-1.04876369722424,0.3181818181818182,0.4582685812835351,1.0,5/5,48.93%,Q6VEQ5;Q9Y4E1;Q2M389;Q12768;Q9Y3C0
prerank,CL-LK-MASP2 lectin-protease complex,-0.5421523448088913,-1.0485084966634957,0.30714285714285716,0.45750068622234435,1.0,4/4,45.87%,Q9Y6Z7;Q9BWP8;O00187-PRO_0000027599;O00187-PRO_0000027600
prerank,"Scribble cell polarity complex, DLG3-LLGL2-SCRIB variant",-0.5826558265582655,-1.0463759748640746,0.35294117647058826,0.4608204417693886,1.0,3/3,41.81%,Q92796;Q6P1M3;Q14160
prerank,39S mitochondrial large ribosomal subunit,0.6474306128057167,1.0459144387227062,0.118,0.7807528250230487,1.0,54/54,36.20%,Q7Z7F7;Q9NX20;Q96GC5;Q9BQ48;Q9P0J6;Q9P015;Q9NVS2;Q9NRX2;Q9NYK5;Q8N5N7;Q9NWU5;Q9HD33;Q9NP92;Q9BYD3;Q9NZE8;Q13405;Q13084;Q7Z7H8;Q9BZE1;Q9BYD6;Q9H9J2;Q9H2W6;Q96A35;Q96DV4;Q9NQ50;Q9BYD1;Q16540;Q6P1L8;Q7Z2W9;Q8TAE8;Q9BQC6;Q8IXM3;Q86TS9;Q8N983;P49406;Q9BYD2;P09001;P52815;Q9BRJ2;Q9BYC8;Q9BYC9;O75394;Q6P161;Q8TCC3;Q4U2R6;Q5T653;URS000047A7F4_9606;Q9P0M9;Q96EL3;Q14197;Q9Y3B7;URS000080E36F_9606;Q9Y6G3;Q9H0U6
prerank,"WASH complex, variant WASH3P/WASHC2A",-0.5116594360086768,-1.0435779531473315,0.3595505617977528,0.46545447789072514,1.0,5/5,48.93%,C4AMC7;Q641Q2;Q2M389;Q12768;Q9Y3C0
prerank,"Scribble cell polarity complex, DLG5-LLGL1-SCRIB variant",-0.5826558265582655,-1.0429861204689392,0.36666666666666664,0.4652967928847617,1.0,3/3,41.81%,Q8TDM6;Q15334;Q14160
prerank,"Scribble cell polarity complex, DLG4-LLGL2-SCRIB variant",-0.5826558265582655,-1.0423934251759006,0.375609756097561,0.46531025792857345,1.0,3/3,41.81%,P78352;Q6P1M3;Q14160
prerank,"WASH complex, variant WASH4P/WASHC2A",-0.5116594360086768,-1.0410758335322674,0.34615384615384615,0.46680773516499013,1.0,5/5,48.93%,A8MWX3;Q641Q2;Q2M389;Q12768;Q9Y3C0
prerank,"CRL3 E3 ubiquitin ligase complex, KBTBD4 variant",0.7669376693766936,1.041017143872375,0.4190715181932246,0.8036710105426728,1.0,3/3,23.37%,P62877;Q13618;Q9NVX7
prerank,TBK1-IKKepsilon-SINTBAD complex,-0.5745257452574526,-1.0407756724351167,0.375,0.46620584822308797,1.0,3/3,42.62%,A7MCY6;Q14164;Q9UHD2
prerank,"Polycomb repressive complex 2.1, EZH1-RBBP7-PCL3-EPOP variant",0.7293192297260647,1.0404988604616967,0.3611404435058078,0.8042734515349007,1.0,6/6,27.19%,Q16576;O75530;Q15022;Q92800;A6NHQ4;Q5T6S3
prerank,"Polycomb repressive complex 2.1, EZH1-RBBP7-PCL3-PALI1 variant",0.7293192297260647,1.0400425185920121,0.36067297581493163,0.8046093902950374,1.0,6/6,27.19%,Q16576;O75530;Q15022;Q92800;Q96JN0;Q5T6S3
prerank,"CRL3 E3 ubiquitin ligase complex, KLHL3 variant ",0.7650406504065039,1.0397053316453866,0.41935483870967744,0.8042517741727072,1.0,3/3,23.56%,P62877;Q13618;Q9UH77
prerank,"CRL3 E3 ubiquitin ligase complex, KLHL6 variant ",0.768021680216802,1.0392989632547776,0.43375,0.8043366245078665,1.0,3/3,23.26%,P62877;Q13618;Q8WZ60
prerank,"CRL3 E3 ubiquitin ligase complex, SPOPL variant",0.7691056910569105,1.0388998939883878,0.4296577946768061,0.8044882769857948,1.0,3/3,23.15%,P62877;Q13618;Q6IQ16
prerank,"Polycomb repressive complex 2.1, EZH1-RBBP7-PCL1-PALI1 variant",0.7290480065093573,1.0388645025577614,0.3605514316012725,0.802720020815541,1.0,6/6,27.21%,Q16576;O75530;Q15022;Q92800;Q96JN0;O43189
prerank,"DNA replication factor C complex, RAD17 variant",-0.5097613882863341,-1.0386925448680253,0.3763440860215054,0.4691026829637945,1.0,5/5,49.12%,O75943;P35250;P35249;P40938;P40937
prerank,"Polycomb repressive complex 2.1, EZH2-RBBP7-PCL2-EPOP variant",0.729590452942772,1.038095106344831,0.3633474576271186,0.8048002150587866,1.0,6/6,27.16%,Q16576;O75530;Q15022;Q15910;A6NHQ4;Q9Y483
prerank,AIM2 inflammasome,-0.5899728997289972,-1.0379372878736088,0.3972602739726027,0.4694718621176515,1.0,3/3,41.08%,O14862;Q9ULZ3;P29466
prerank,"CRL3 E3 ubiquitin ligase complex, KLHL32 variant ",0.7672086720867206,1.0377050792738227,0.41563275434243174,0.804832413864154,1.0,3/3,23.34%,P62877;Q13618;Q96NJ5
prerank,"Polycomb repressive complex 2.1, EZH1-RBBP7-PCL1-EPOP variant",0.7290480065093573,1.037702042746597,0.35737009544008486,0.8028962606756498,1.0,6/6,27.21%,Q16576;O75530;Q15022;Q92800;A6NHQ4;O43189
prerank,"Polycomb repressive complex 2.1,EZH2-RBBP7-PCL3-PALI1 variant",0.7293192297260647,1.0376044716312516,0.3599574014909478,0.80143968190459,1.0,6/6,27.19%,Q16576;O75530;Q15022;Q15910;Q96JN0;Q5T6S3
prerank,"Polycomb repressive complex 2.1, EZH1-RBBP7-PCL2-PALI1 variant",0.729590452942772,1.037510285810136,0.3675847457627119,0.7999937036143628,1.0,6/6,27.16%,Q16576;O75530;Q15022;Q92800;Q96JN0;Q9Y483
prerank,"Gamma-delta T cell receptor complex, TRGC1 variant",-0.5092190889370933,-1.037495099262216,0.3333333333333333,0.46917440995855003,1.0,5/5,49.17%,P0CF51;B7Z8K6;P09693;P20963;P07766
prerank,"Polycomb repressive complex 2.1, EZH1-RBBP7-PCL2-EPOP variant",0.729590452942772,1.0374524869318382,0.3679745493107105,0.7983635635678825,1.0,6/6,27.16%,Q16576;O75530;Q15022;Q92800;A6NHQ4;Q9Y483
prerank,"Polycomb repressive complex 2.1, EZH2-RBBP7-PCL1-EPOP variant",0.7290480065093573,1.0370022198170945,0.3678646934460888,0.7986798674780954,1.0,6/6,27.21%,Q16576;O75530;Q15022;Q15910;A6NHQ4;O43189
prerank,"Eukaryotic translation initiation factor 4F, EIF4A1 and EIF4G3 variant",-0.5777777777777777,-1.0367021104981027,0.3459715639810427,0.4696288136308549,1.0,3/3,42.30%,P60842;O43432;P06730
prerank,Myb-MuvB transcriptional activation complex,0.7279631136425276,1.0364653030775157,0.3758029978586724,0.7995190388229508,1.0,6/6,27.32%,Q09028;Q6MZP7;Q52LA3;Q96GY3;Q5TKA1;P10244
prerank,"Polycomb repressive complex 2.1, EZH1-RBBP4-PCL3-EPOP variant",0.7293192297260646,1.0361483185955378,0.3630573248407643,0.7992334664547678,1.0,6/6,27.19%,Q09028;O75530;Q15022;Q92800;A6NHQ4;Q5T6S3
prerank,"Polycomb repressive complex 2.1, EZH2-RBBP7-PCL3-EPOP variant",0.7293192297260647,1.0360643304139512,0.3594420600858369,0.7977639585475329,1.0,6/6,27.19%,Q16576;O75530;Q15022;Q15910;A6NHQ4;Q5T6S3
prerank,"Polycomb repressive complex 2.2, EZH1-RBBP7 variant",0.7285055600759426,1.03581158830516,0.372507869884575,0.7972032932713727,1.0,6/6,27.27%,Q16576;O75530;Q15022;Q92800;Q6ZN18;Q92833
prerank,"CRL3 E3 ubiquitin ligase complex, KLHL5 variant ",0.7677506775067748,1.0353671630792136,0.43272727272727274,0.79754677037299,1.0,3/3,23.29%,P62877;Q13618;Q96PQ7
prerank,"WASH complex, variant WASH2P/WASHC2A",-0.5116594360086768,-1.035211897506843,0.358695652173913,0.4711704376344452,1.0,5/5,48.93%,Q6VEQ5;Q641Q2;Q2M389;Q12768;Q9Y3C0
prerank,"Polycomb repressive complex 2.1, EZH1-RBBP4-PCL3-PALI1 variant",0.7293192297260644,1.035203295711478,0.3743427970557308,0.7964904090075732,1.0,6/6,27.19%,Q09028;O75530;Q15022;Q92800;Q96JN0;Q5T6S3
prerank,"Polycomb repressive complex 2.1, EZH2-RBBP7-PCL1-PALI1 variant",0.7290480065093573,1.0348651195142138,0.3804930332261522,0.7964081121154353,1.0,6/6,27.21%,Q16576;O75530;Q15022;Q15910;Q96JN0;O43189
prerank,"Polycomb repressive complex 2.1, EZH2-RBBP4-PCL3-EPOP variant",0.7293192297260646,1.0345896784766022,0.36886993603411516,0.7958611587699618,1.0,6/6,27.19%,Q09028;O75530;Q15022;Q15910;A6NHQ4;Q5T6S3
prerank,"CRL3 E3 ubiquitin ligase complex, SPOP variant",0.7685636856368563,1.0343958426494821,0.4405940594059406,0.7949627045872726,1.0,3/3,23.21%,P62877;Q13618;O43791
prerank,"Polycomb repressive complex 2.2, EZH1-RBBP4 variant",0.7285055600759426,1.0343735457483287,0.36353944562899787,0.793212331377721,1.0,6/6,27.27%,Q09028;O75530;Q15022;Q92800;Q6ZN18;Q92833
prerank,"CRL3 E3 ubiquitin ligase complex, KEAP1 variant ",0.7647696476964767,1.0340204247419675,0.43975155279503103,0.7931263104626542,1.0,3/3,23.59%,P62877;Q13618;Q14145
prerank,"CRL3 E3 ubiquitin ligase complex, KLHL23 variant ",0.7623306233062328,1.03401013769137,0.4338689740420272,0.7913277587111079,1.0,3/3,23.83%,P62877;Q13618;Q8NBE8
prerank,"Polycomb repressive complex 2.1, EZH1-RBBP4-PCL2-EPOP variant",0.7295904529427719,1.0338708650835071,0.37459978655282816,0.7902512180693397,1.0,6/6,27.16%,Q09028;O75530;Q15022;Q92800;A6NHQ4;Q9Y483
prerank,"Polycomb repressive complex 2.1,EZH2-RBBP4-PCL3-PALI1 variant",0.7293192297260646,1.0337687530722939,0.3833157338965153,0.788886602047049,1.0,6/6,27.19%,Q09028;O75530;Q15022;Q15910;Q96JN0;Q5T6S3
prerank,"CRL3 E3 ubiquitin ligase complex, KLHL36 variant ",0.7658536585365852,1.0336387770278619,0.4478908188585608,0.7876607403052567,1.0,3/3,23.48%,P62877;Q13618;Q8N4N3
prerank,"Polycomb repressive complex 2.1, EZH2-RBBP4-PCL2-EPOP variant",0.7295904529427719,1.0334800109781523,0.3702127659574468,0.7866550387221155,1.0,6/6,27.16%,Q09028;O75530;Q15022;Q15910;A6NHQ4;Q9Y483
prerank,"CRL3 E3 ubiquitin ligase complex, IPP variant ",0.7674796747967478,1.0333475164709143,0.43034825870646765,0.7854879048025722,1.0,3/3,23.31%,P62877;Q13618;Q9Y573
prerank,"Polycomb repressive complex 2.1,EZH2-RBBP7-PCL2-PALI1 variant",0.729590452942772,1.033328575370377,0.3774193548387097,0.783796627796391,1.0,6/6,27.16%,Q16576;O75530;Q15022;Q15910;Q96JN0;Q9Y483
prerank,STING-TRAF3-TBK1 complex,-0.5745257452574526,-1.0332847535516458,0.3891625615763547,0.4740006410255825,1.0,3/3,42.62%,Q13114;Q86WV6;Q9UHD2
prerank,"Gamma-delta T cell receptor complex, TRGC2 variant",-0.5092190889370933,-1.0330657446139717,0.3626373626373626,0.47318124529692474,1.0,5/5,49.17%,P03986;B7Z8K6;P09693;P20963;P07766
prerank,"Polycomb repressive complex 2.1, EZH1-RBBP4-PCL1-EPOP variant",0.7290480065093572,1.0329175508897717,0.3603411513859275,0.7841018830447849,1.0,6/6,27.21%,Q09028;O75530;Q15022;Q92800;A6NHQ4;O43189
prerank,"CRL3 E3 ubiquitin ligase complex, KBTBD2 variant",0.7666666666666665,1.0328463201251343,0.4318181818181818,0.7826731590912847,1.0,3/3,23.40%,P62877;Q13618;Q8IY47
prerank,"Polycomb repressive complex 2.2, EZH2-RBBP7 variant",0.7285055600759426,1.0328089305798993,0.39217758985200846,0.781091497863235,1.0,6/6,27.27%,Q16576;O75530;Q15022;Q15910;Q6ZN18;Q92833
prerank,"Polycomb repressive complex 2.1, EZH1-RBBP4-PCL2-PALI1 variant",0.7295904529427718,1.0325038777969469,0.37367303609341823,0.7807965956323156,1.0,6/6,27.16%,Q09028;O75530;Q15022;Q92800;Q96JN0;Q9Y483
prerank,"Polycomb repressive complex 2.1, EZH2-RBBP4-PCL1-EPOP variant",0.7290480065093572,1.0323567521959314,0.3686440677966102,0.779758324180289,1.0,6/6,27.21%,Q09028;O75530;Q15022;Q15910;A6NHQ4;O43189
prerank,"CRL3 E3 ubiquitin ligase complex, KLHL7 variant ",0.7617886178861787,1.0322709944855795,0.44472361809045224,0.778470348355581,1.0,3/3,23.88%,P62877;Q13618;Q8IXQ5
prerank,"CRL3 E3 ubiquitin ligase complex, KLHL35 variant ",0.7663956639566394,1.0319772220693646,0.43672456575682383,0.7780791532606236,1.0,3/3,23.42%,P62877;Q13618;Q6PF15
prerank,"DNA replication factor C complex, ATAD5 variant",-0.5097613882863341,-1.0319005737137183,0.35714285714285715,0.4744776676393667,1.0,5/5,49.12%,Q96QE3;P35250;P35249;P40938;P40937
prerank,"Polycomb repressive complex 2.2, EZH2-RBBP4 variant",0.7285055600759426,1.0318840766081843,0.3783209351753454,0.7767404017395452,1.0,6/6,27.27%,Q09028;O75530;Q15022;Q15910;Q6ZN18;Q92833
prerank,NLRP3 inflammasome,-0.5899728997289972,-1.0314174883776022,0.3794642857142857,0.474236333016616,1.0,3/3,41.08%,Q96P20;Q9ULZ3;P29466
prerank,"Polycomb repressive complex 2.1, EZH1-RBBP4-PCL1-PALI1 variant",0.7290480065093571,1.031234091893324,0.36903499469777307,0.7781053154386928,1.0,6/6,27.21%,Q09028;O75530;Q15022;Q92800;Q96JN0;O43189
prerank,TBK1-IKKepsilon-NAP1 complex,-0.5745257452574526,-1.0310799507532677,0.391304347826087,0.47363070674200136,1.0,3/3,42.62%,Q9H6S1;Q14164;Q9UHD2
prerank,"Eukaryotic translation initiation factor 4F, EIF4A2 and EIF4G3 variant",-0.5777777777777777,-1.0307321132221068,0.38461538461538464,0.4730854777521672,1.0,3/3,42.30%,Q14240;O43432;P06730
prerank,"Eukaryotic translation initiation factor 4F, EIF4A1 and EIF4G1 variant",-0.5777777777777777,-1.0304825390280496,0.38388625592417064,0.4723220881784962,1.0,3/3,42.30%,P60842;Q04637;P06730
prerank,"CRL3 E3 ubiquitin ligase complex, KLHL4 variant ",0.7653116531165309,1.0303811837468244,0.4441687344913151,0.7805577548203443,1.0,3/3,23.53%,P62877;Q13618;Q9C0H6
prerank,"Polycomb repressive complex 2.1, EZH2-RBBP4-PCL2-PALI1 variant",0.7295904529427719,1.0303657612881265,0.37967914438502676,0.7788759299464639,1.0,6/6,27.16%,Q09028;O75530;Q15022;Q15910;Q96JN0;Q9Y483
prerank,"Polycomb repressive complex 2.1, EZH2-RBBP4-PCL1-PALI1 variant",0.7290480065093572,1.0303423081770897,0.3895966029723992,0.7772764307880736,1.0,6/6,27.21%,Q09028;O75530;Q15022;Q15910;Q96JN0;O43189
prerank,"CRL3 E3 ubiquitin ligase complex, KLHL20 variant ",0.7644986449864497,1.0291668934355855,0.4502551020408163,0.7811456083192152,1.0,3/3,23.61%,P62877;Q13618;Q9Y2M5
prerank,"CRL3 E3 ubiquitin ligase complex, KLHL29 variant ",0.76260162601626,1.028847034624044,0.45153061224489793,0.7809812661929297,1.0,3/3,23.80%,P62877;Q13618;Q96CT2
prerank,"CRL3 E3 ubiquitin ligase complex, KLHL22 variant ",0.7588075880758806,1.0284277286020735,0.44539877300613495,0.7812601647615506,1.0,3/3,24.18%,P62877;Q13618;Q53GT1
prerank,"CRL3 E3 ubiquitin ligase complex, KLHL40 variant ",0.7661246612466123,1.0282520181315287,0.44128553770086526,0.7803186789878338,1.0,3/3,23.45%,P62877;Q13618;Q2TBA0
prerank,"CRL3 E3 ubiquitin ligase complex, KLHL28 variant ",0.762872628726287,1.0280574917147922,0.44746600741656367,0.7795342372953238,1.0,3/3,23.77%,P62877;Q13618;Q9NXS3
prerank,"CRL3 E3 ubiquitin ligase complex, KLHL34 variant ",0.757452574525745,1.0277074503638326,0.44320987654320987,0.7794979201462048,1.0,3/3,24.32%,P62877;Q13618;Q8N239
prerank,NuRF chromatin remodeling complex,0.7468148549742479,1.0276638373979765,0.4257075471698113,0.7779953603027606,1.0,4/4,25.40%,Q09028;Q16576;P28370;Q12830
prerank,"CRL3 E3 ubiquitin ligase complex, KLHL21 variant ",0.7642276422764226,1.0272833377062343,0.44875,0.7781144551634191,1.0,3/3,23.64%,P62877;Q13618;Q9UJP4
prerank,"CRL3 E3 ubiquitin ligase complex, KBTBD13 variant",0.765582655826558,1.0267058787002377,0.44597989949748745,0.7791960220027676,1.0,3/3,23.50%,P62877;Q13618;C9JR72
prerank,MSL histone acetyltransferase complex,0.7489834643534834,1.0266071398060546,0.42857142857142855,0.7779966423737205,1.0,4/4,25.18%,Q9H7Z6;Q9HCI7;Q8N5Y2;Q68DK7
prerank,"CRL3 E3 ubiquitin ligase complex, KLHL25 variant ",0.7620596205962058,1.0263233208403413,0.4562268803945746,0.7777483107867004,1.0,3/3,23.86%,P62877;Q13618;Q9H0H3
prerank,"CRL3 E3 ubiquitin ligase complex, KLHL26 variant ",0.7631436314363141,1.0259673092910877,0.46096654275092935,0.7778183425537258,1.0,3/3,23.75%,P62877;Q13618;Q53HC5
prerank,"CRL3 E3 ubiquitin ligase complex, KLHL18 variant ",0.7634146341463413,1.0258604777787377,0.44884910485933505,0.7766362409732506,1.0,3/3,23.72%,P62877;Q13618;O94889
prerank,"CRL3 E3 ubiquitin ligase complex, KLHL16 variant ",0.7639566395663955,1.0257495260185774,0.43350383631713557,0.7754786089267911,1.0,3/3,23.67%,P62877;Q13618;Q9H2C0
prerank,"DNA replication factor C complex, RFC1 variant",-0.5097613882863341,-1.025377039937737,0.4044943820224719,0.4805445247823376,1.0,5/5,49.12%,P35251;P35250;P35249;P40938;P40937
prerank,"CRL3 E3 ubiquitin ligase complex, KLHL11 variant ",0.7601626016260161,1.0251347344700747,0.45544554455445546,0.7766837129248838,1.0,3/3,24.05%,P62877;Q13618;Q9NVR0
prerank,"CRL3 E3 ubiquitin ligase complex, KLHL9 variant ",0.7615176151761516,1.0246984821962208,0.45056320400500627,0.7771726862280547,1.0,3/3,23.91%,P62877;Q13618;Q9P2J3
prerank,"CRL3 E3 ubiquitin ligase complex, KBTBD8 variant",0.7604336043360431,1.0246136206951277,0.45488257107540175,0.7759253024375924,1.0,3/3,24.02%,P62877;Q13618;Q8NFY9
prerank,"MiDAC histone deacetylase complex, HDAC1 variant",0.7555555555555555,1.0242693475767009,0.46469833119383824,0.7759791762814493,1.0,3/3,24.51%,Q13547;Q6PJG2;Q9H147
prerank,"CRL3 E3 ubiquitin ligase complex, KLHL38 variant ",0.7566395663956638,1.0240078367605558,0.45465994962216627,0.7755337511527326,1.0,3/3,24.40%,P62877;Q13618;Q2WGJ6
prerank,"CRL3 E3 ubiquitin ligase complex, KLHL42 variant ",0.7582655826558264,1.022956604793571,0.46523388116308473,0.7787098755510429,1.0,3/3,24.24%,P62877;Q13618;Q9P2K6
prerank,"CRL3 E3 ubiquitin ligase complex, KLHL14 variant ",0.7612466124661245,1.0224968208460037,0.46514575411913817,0.7791861200697151,1.0,3/3,23.94%,P62877;Q13618;Q9P2G3
prerank,"Scribble cell polarity complex, DLG5-LLGL2-SCRIB variant",-0.5826558265582655,-1.0223821142259626,0.4083769633507853,0.4852483162669012,1.0,3/3,41.81%,Q8TDM6;Q6P1M3;Q14160
prerank,"CRL3 E3 ubiquitin ligase complex, KLHL8 variant ",0.7607046070460702,1.0223452320901534,0.4642409033877039,0.7782614263505684,1.0,3/3,23.99%,P62877;Q13618;Q9P2G9
prerank,"CRL3 E3 ubiquitin ligase complex, KLHL12 variant ",0.7593495934959348,1.022258538746603,0.4633251833740831,0.7770150029741626,1.0,3/3,24.13%,P62877;Q13618;Q53G59
prerank,"CRL3 E3 ubiquitin ligase complex, KLHL41 variant ",0.7563685636856367,1.0221084093416806,0.4640605296343001,0.7760530967188897,1.0,3/3,24.42%,P62877;Q13618;O60662
prerank,"CRL3 E3 ubiquitin ligase complex, KLHL31 variant ",0.7609756097560973,1.021712965102198,0.4418604651162791,0.7763609207557273,1.0,3/3,23.96%,P62877;Q13618;Q9H511
prerank,"CRL3 E3 ubiquitin ligase complex, KLHL15 variant ",0.7636856368563684,1.0215391610273095,0.4631979695431472,0.7755584097497047,1.0,3/3,23.69%,P62877;Q13618;Q96M94
prerank,TBK1-IKKepsilon-TANK complex,-0.5745257452574526,-1.0210228202333411,0.41626794258373206,0.4867086948708268,1.0,3/3,42.62%,Q92844;Q14164;Q9UHD2
prerank,KEOPS tRNA N6-adenosine threonylcarbamoyltransferase complex,0.7187415242744777,1.0207328719939424,0.3978835978835979,0.7777470444214237,1.0,6/6,28.24%,CHEBI:60240;Q9Y3C4;Q14657;Q96S44;Q9BXV9;Q9NPF4
prerank,"CRL3 E3 ubiquitin ligase complex, KLHL24 variant ",0.7560975609756095,1.0205785569291357,0.4544303797468354,0.7768730385359659,1.0,3/3,24.45%,P62877;Q13618;Q6TFL4
prerank,"CRL3 E3 ubiquitin ligase complex, KLHL13 variant ",0.7598915989159889,1.0205241915176453,0.47044334975369456,0.7755047559955268,1.0,3/3,24.07%,P62877;Q13618;Q9P2N7
prerank,"Cleavage stimulation factor complex, CSTF2 variant",0.7544715447154472,1.0203899838773909,0.45077720207253885,0.7745394229739854,1.0,3/3,24.61%,P33240;Q05048;Q12996
prerank,"CRL3 E3 ubiquitin ligase complex, KLHL17 variant ",0.7585365853658534,1.0185394952646554,0.4661746617466175,0.7817824487662685,1.0,3/3,24.21%,P62877;Q13618;Q6TDP4
prerank,"CRL3 E3 ubiquitin ligase complex, KLHL10 variant ",0.7596205962059619,1.0185302323516754,0.48084054388133496,0.7801953196645628,1.0,3/3,24.10%,P62877;Q13618;Q6JEL2
prerank,"CRL3 E3 ubiquitin ligase complex, KLHL2 variant ",0.7577235772357722,1.0184846327265233,0.48538754764930114,0.7788175864158278,1.0,3/3,24.29%,P62877;Q13618;O95198
prerank,Hemoglobin HbF Variant 2 complex,0.745528455284553,1.018175183549296,0.4596977329974811,0.7786396675138922,1.0,3/3,25.51%,CHEBI:30413;P69905;P69892
prerank,"CRL3 E3 ubiquitin ligase complex, KBTBD3 variant",0.7590785907859077,1.0172401142403182,0.47655259822560203,0.7815625184713334,1.0,3/3,24.15%,P62877;Q13618;Q8NAB2
prerank,"MiDAC histone deacetylase complex, HDAC2 variant",0.7555555555555555,1.0167588494936541,0.4868255959849435,0.7822888155481809,1.0,3/3,24.51%,Q92769;Q6PJG2;Q9H147
prerank,"Soluble guanylate cyclase complex, SGCalpha2-SGCbeta1 variant",0.7430894308943089,1.015311528756377,0.46496815286624205,0.787708188348256,1.0,3/3,25.75%,CHEBI:30413;Q02153;P33402
prerank,Hemoglobin HbF Variant 1 complex,0.7452574525745259,1.0146973613586248,0.4759493670886076,0.7889718716469233,1.0,3/3,25.53%,CHEBI:30413;P69905;P69891
prerank,Hemoglobin E complex,0.7457994579945801,1.0144930252957378,0.48249027237354086,0.7883391674030009,1.0,3/3,25.48%,CHEBI:30413;P69905;P02100
prerank,"Non-canonical polycomb repressive complex 1.1, RING1-PCGF1-RYBP variant",0.7160292921074044,1.0135376190213954,0.4272151898734177,0.7913326239137439,1.0,6/6,28.51%,P63208;Q8NHM5;Q06587;Q8N488;Q9BSM1;Q6W2J9
prerank,Hemoglobin Portland-1 Variant 1 complex,0.7452574525745259,1.013288829287166,0.46335403726708074,0.7909032239555803,1.0,3/3,25.53%,CHEBI:30413;P02008;P69891
prerank,"Non-canonical polycomb repressive complex 1.1, RING1-PCGF1-YAF2 variant",0.7160292921074043,1.01319926425738,0.4355697550585729,0.789718883999606,1.0,6/6,28.51%,P63208;Q8NHM5;Q06587;Q8IY57;Q9BSM1;Q6W2J9
prerank,"CRL3 E3 ubiquitin ligase complex, KLHL1 variant ",0.7579945799457992,1.012965807709641,0.486318407960199,0.7891732204897988,1.0,3/3,24.26%,P62877;Q13618;Q9NR64
prerank,Hemoglobin Portland-1 Variant 2 complex,0.7455284552845531,1.012465641025443,0.44333748443337484,0.7900204849384044,1.0,3/3,25.51%,CHEBI:30413;P02008;P69892
prerank,Hemoglobin HbA2 complex,0.7433604336043362,1.0121500518324416,0.469910371318822,0.7899476106127654,1.0,3/3,25.72%,CHEBI:30413;P69905;P02042
prerank,Hemoglobin HbA complex,0.7460704607046071,1.0118171124746664,0.464735516372796,0.7899338104609958,1.0,3/3,25.45%,CHEBI:30413;P69905;P68871
prerank,"Non-canonical polycomb repressive complex 1.1, RING2-PCGF1-YAF2 variant",0.7160292921074044,1.0115985024130476,0.4211640211640212,0.7893635524745601,1.0,6/6,28.51%,P63208;Q8NHM5;Q99496;Q8IY57;Q9BSM1;Q6W2J9
prerank,"Non-canonical polycomb repressive complex 1.1, RING2-PCGF1-RYBP variant",0.7154868456739898,1.011578429468276,0.42691903259726605,0.7878874617809433,1.0,6/6,28.57%,P63208;Q8NHM5;Q99496;Q8N488;Q9BSM1;Q5H9F3
prerank,"CRL3 E3 ubiquitin ligase complex, ENC1 variant ",0.7569105691056909,1.01119842423703,0.4763092269326683,0.7881745078138982,1.0,3/3,24.37%,P62877;Q13618;O14682
prerank,"CRL3 E3 ubiquitin ligase complex, KLHL30 variant ",0.757181571815718,1.011122254730497,0.4917617237008872,0.7869728617165596,1.0,3/3,24.34%,P62877;Q13618;Q0D2K2
prerank,Laminin-332 complex variant B,-0.5460704607046071,-1.0099965041795615,0.38974358974358975,0.5076071872109592,1.0,3/3,45.46%,Q13751;Q16787-2;Q13753
prerank,Hemoglobin Portland-2 complex,0.7460704607046074,1.009652664010165,0.45261845386533667,0.7923259655984404,1.0,3/3,25.45%,CHEBI:30413;P02008;P68871
prerank,"Soluble guanylate cyclase complex, SGCalpha1-SGCbeta1 variant",0.7441734417344174,1.0090564721733266,0.47854356306892065,0.7935523858942559,1.0,3/3,25.64%,CHEBI:30413;Q02153;Q02108
prerank,CRD-mediated mRNA stability complex,0.7081638188228911,1.007888655005053,0.4322033898305085,0.7973492113007753,1.0,6/6,29.30%,CHEBI:33699;O60506;Q00839;P67809;Q9NZI8;Q08211
prerank,"RAG guanosine triphosphatase complex, RAGA-RAGD variant",0.7351585795608566,1.007806619063531,0.47861271676300576,0.7961284648718808,1.0,4/4,26.56%,CHEBI:37565;CHEBI:58189;Q9NQL2;Q7L523
prerank,Nuclear pore complex,0.6347992351816446,1.0076680664790736,0.414,0.795217487007145,1.0,32/32,37.07%,P55735;Q96EE3;P49792;P52948-PRO_0000019929;Q9BW27;Q53GS7;Q8NFH4;Q8NFH3;Q8TEM1;Q8NFH5;P49790;Q8N1F7;Q9UKX7;Q5SRE5;P35658;O75694;P78406;P52948-PRO_0000019930;P37198;P57740;Q9BTX1;Q9BVL2;Q9NRG9;Q12769;Q7Z3B4;Q92621;Q96HA1;Q99567;Q8WUM0;P12270;O15504;Q8WYP5
prerank,Embryonic hemoglobin Gower-1 complex,0.7457994579945801,1.0069103391351593,0.48091603053435117,0.7971537007606981,1.0,3/3,25.48%,CHEBI:30413;P02008;P02100
prerank,"RAG guanosine triphosphatase complex, RAGB-RAGC variant",0.7348875033884521,1.0062872373887153,0.47193585337915234,0.7986001520240477,1.0,4/4,26.59%,CHEBI:37565;CHEBI:58189;Q9HB90;Q5VZM2
prerank,Interleukin-17F receptor-ligand complex,-0.5164001084304689,-1.0060418274681564,0.3986013986013986,0.514730184548073,1.0,4/4,48.44%,Q8NAC3;Q96PD4;Q96F46;O43734
prerank,USP46 deubiquitinase complex,0.7495934959349595,1.0058229149129017,0.49363867684478374,0.7992081027141534,1.0,3/3,25.10%,Q8TAF3;Q8TBZ3;P62068
prerank,Interleukin-25 receptor-ligand complex,-0.5164001084304689,-1.0055402698231934,0.3937007874015748,0.5145022456055599,1.0,4/4,48.44%,Q9H293;Q9NRM6;Q96F46;O43734
prerank,"Neuronal nicotinic acetylcholine receptor complex, alpha3-alpha5-beta2",-0.5615176151761517,-1.0045279070606488,0.4046511627906977,0.5154656485055658,1.0,3/3,43.92%,P30532-PRO_0000000356;P32297-PRO_0000000346;P17787-PRO_0000000379
prerank,"RAG guanosine triphosphatase complex, RAGA-RAGC variant",0.7351585795608565,1.003619227305818,0.4795799299883314,0.8080779235548113,1.0,4/4,26.56%,CHEBI:37565;CHEBI:58189;Q9HB90;Q7L523
prerank,Catalase complex,0.743631436314363,1.0035226695737713,0.4975062344139651,0.8069633080597436,1.0,3/3,25.70%,CHEBI:30413;CHEBI:16474;P04040
prerank,"Neuronal nicotinic acetylcholine receptor complex, alpha4-alpha5-beta2",-0.5615176151761517,-1.000783187868036,0.4205607476635514,0.5220662199458113,1.0,3/3,43.92%,P43681-PRO_0000000351;P30532-PRO_0000000356;P17787-PRO_0000000379
prerank,"RAG guanosine triphosphatase complex, RAGB-RAGD variant",0.7348875033884521,1.0004835342065355,0.4796380090497738,0.8201255196622443,1.0,4/4,26.59%,CHEBI:37565;CHEBI:58189;Q9NQL2;Q5VZM2
prerank,"Poly(A) tail exosome targeting complex, RBM27 variant",-0.4877982646420824,-1.0002718297851314,0.36666666666666664,0.521723628089661,1.0,5/5,51.31%,Q9P2N5;Q86U42;Q8IXZ2;O60293;P42285
prerank,FCN3-MASP1 lectin-protease complex,-0.5536585365853659,-0.9995669191800965,0.4449760765550239,0.5219732887280504,1.0,3/3,44.71%,O75636;P48740-PRO_0000027594;P48740-PRO_0000027593
prerank,"Exon junction core complex, MAGOHB variant",0.7262130658715101,0.9971916460577425,0.48068181818181815,0.834457837660063,1.0,4/4,27.46%,Q9Y5S9;P38919;O15234;Q96A72
prerank,40S cytosolic small ribosomal subunit,0.6256830601092888,0.9968807609723049,0.498,0.8344023865800294,1.0,33/33,37.99%,P62269;P62861;P62244;P62273;P25398;P62266;P62841;P62753;P62280;P62847;P62851;P62854;URS0000704D22_9606;P63244;P63220;P62979;P62081;P62857;[P62701];P62241;P08708;P46782;P61247;P60866;P46783;P46781;P62263;P23396;P62249;P08865;P62277;P39019;P15880
prerank,FCN1-MASP1 lectin-protease complex,-0.5536585365853659,-0.9968790612061511,0.4207920792079208,0.5261851379233946,1.0,3/3,44.71%,O00602;P48740-PRO_0000027594;P48740-PRO_0000027593
prerank,"GABA-A receptor, alpha1-alpha2-beta1-beta2-gamma2",-0.47559652928416485,-0.996368694322634,0.40186915887850466,0.5259314002092186,1.0,5/5,52.53%,P47869;P14867;P18505;P18507;P47870
prerank,Mitochondrial NIAUFX iron-sulfur cluster assembly complex ,0.6961475854584914,0.9954224946455766,0.48336798336798337,0.839852196585301,1.0,7/7,30.52%,O14561;CHEBI:597326;Q9Y697;Q9H1K1;Q9HD34;Q16595;Q6P4F2
prerank,Interleukin-17A receptor-ligand complex,-0.5164001084304689,-0.9952904296788151,0.36879432624113473,0.5266302999041358,1.0,4/4,48.44%,Q8NAC3;Q16552;Q96F46;O43734
prerank,Interleukin-17B receptor-ligand complex,-0.5164001084304689,-0.9948812602616239,0.4520547945205479,0.5261085471087793,1.0,4/4,48.44%,Q9UHF5;Q9NRM6;Q96F46;O43734
prerank,Microprocessor complex,0.7425474254742546,0.9940161611633567,0.5074074074074074,0.8452691085670878,1.0,3/3,25.81%,CHEBI:30413;Q8WYQ5;Q9NRR4
prerank,"ERF1-ERF3 translation release factor complex, GSPT2 variant",0.7327913279132792,0.9937834932695611,0.5188442211055276,0.8448047402431516,1.0,3/3,26.78%,CHEBI:37565;P62495;Q8IYD1
prerank,MBL2-MASP1 lectin-protease complex,-0.5536585365853659,-0.9935644405832138,0.4223300970873786,0.5274481761859534,1.0,3/3,44.71%,P11226;P48740-PRO_0000027594;P48740-PRO_0000027593
prerank,Chitinase 3-like-1-tmem219-interleukin-13 receptor-ligand alpha-2 signalling complex,-0.5063702900515045,-0.9930348335926672,0.44525547445255476,0.5271938104023953,1.0,4/4,49.44%,Q14627;Q86XT9;P36222;P35225
prerank,Chromatin assembly factor 1 complex,0.7262872628726289,0.9928412326386098,0.5179028132992327,0.8477898540703804,1.0,3/3,27.43%,Q09028;Q13111;Q13112
prerank,Shelterin complex,0.6978573365880119,0.9926924348731678,0.48472075869336145,0.8469155363652123,1.0,6/6,30.33%,Q15554;Q9NYB0;Q96AP0;Q9NUX5;Q9BSI4;P54274
prerank,Granulocyte-macrophage colony-stimulating factor-receptor complex,-0.5147736513960423,-0.9926739643068724,0.4074074074074074,0.5268042462067737,1.0,4/4,48.61%,P15509;P04141;O60674;P32927
prerank,ABCB10-ABCB7-FECH ABC transporter ,0.7245866088370831,0.9917116919931963,0.49122807017543857,0.849967067195,1.0,4/4,27.62%,CHEBI:190135;Q9NRK6;O75027;P22830
prerank,"ERF1-ERF3 translation release factor complex, GSPT1 variant",0.7330623306233064,0.9898370723548283,0.5238095238095238,0.8574433616042537,1.0,3/3,26.75%,CHEBI:37565;P62495;P15170
prerank,FCN2-MASP1 lectin-protease complex,-0.5536585365853659,-0.9889541961003918,0.4215686274509804,0.5331895748069303,1.0,3/3,44.71%,Q15485;P48740-PRO_0000027594;P48740-PRO_0000027593
prerank,"Poly(A) tail exosome targeting complex, RBM26 variant",-0.4877982646420824,-0.9885257815408068,0.3870967741935484,0.5326986352776475,1.0,5/5,51.31%,Q5T8P6;Q86U42;Q8IXZ2;O60293;P42285
prerank,ISCA2-IBA57 mitochondrial iron-sulfur protein assembly complex,0.7271002710027099,0.9858925205525745,0.5233160621761658,0.875007637743549,1.0,3/3,27.35%,Q86U28;CHEBI:49601;Q5T440
prerank,MBL2-MASP2 lectin-protease complex,-0.5420054200542005,-0.9818200430884062,0.45023696682464454,0.545308838741948,1.0,3/3,45.87%,P11226;O00187-PRO_0000027599;O00187-PRO_0000027600
prerank,Laminin-332 complex variant A,-0.54579945799458,-0.9816010722553918,0.4411764705882353,0.5443441655028329,1.0,3/3,45.49%,Q13751;Q13753;Q16787-1
prerank,Complement factor I-H-C3b complex,-0.5376693766937669,-0.9786785693760652,0.47572815533980584,0.5492270731127128,1.0,3/3,46.30%,P08603;CPX-6165;CPX-973
prerank,Multiaminoacyl-tRNA synthetase complex,0.6558935361216729,0.9781528392573561,0.5492957746478874,0.911904378317794,1.0,11/11,34.61%,P07814;P54136;P56192;Q15046;Q9P2J5;P41252;O43324;P47897;P14868;Q12904;Q13155
prerank,28S mitochondrial small ribosomal subunit,0.616876024030584,0.9776666284173993,0.634,0.9124798011148149,1.0,31/31,38.83%,P51398;Q9BYN8;P82675;P82650;P82663;P82664;Q9Y3D3;Q9Y2R9;Q96BP2;O60783;P82914;P82912;Q96EY7;Q96EL2;Q9NWT8;Q9Y676;Q9Y2Q9;Q9Y291;P82921;P82673;P82932;P82933;Q9Y399;Q9Y2R5;Q92552;Q92665;Q9Y3D9;P82930;O15235;Q9Y3D5;URS000044DFF6_9606
prerank,"Sodium:potassium-exchanging ATPase complex, FXYD6 variant",-0.5398373983739837,-0.976224280206119,0.46568627450980393,0.5532117884761791,1.0,3/3,46.09%,Q9H0Q3;P05026;P05023
prerank,Interleukin-17C receptor-ligand complex,-0.5164001084304689,-0.9759572858589458,0.4453125,0.5523352704406407,1.0,4/4,48.44%,Q8NFR9;Q9P0M4;Q96F46;O43734
prerank,Mitochondrial isocitrate dehydrogenase complex (NAD+),0.7167253998373544,0.971943981850259,0.558891454965358,0.9395450651440024,1.0,4/4,28.41%,CHEBI:60240;O43837;P51553;P50213
prerank,SMARCA3 - Annexin A2 - S100-A10 complex,0.716260162601626,0.9714324736090071,0.5857687420584498,0.9402745732951028,1.0,3/3,28.43%,P07355;P60903;Q14527
prerank,Shieldin complex,0.7118460287340744,0.9695726665955735,0.5555555555555556,0.9476600669503312,1.0,4/4,28.89%,Q9UI95;Q6ZNX1;Q86V20;Q8IYI0
prerank,GTPase HRAS - Son of sevenless homolog 1 complex,0.7173441734417345,0.9688670983062139,0.5748427672955975,0.9492972443686083,1.0,3/3,28.32%,P01112;CHEBI:15996;Q07889
prerank,Alternative pathway pathogen cell-bound C5 convertase complex C3bBbC3bP,-0.5376693766937669,-0.9680830762764463,0.47029702970297027,0.5673896544540853,1.0,3/3,46.30%,CPX-5601;P27918;CPX-973
prerank,Methylcrotonyl-CoA carboxylase complex,0.7143631436314363,0.9669634085365523,0.5848329048843187,0.9570577543650189,1.0,3/3,28.62%,CHEBI:57586;Q9HCC0;Q96RQ3
prerank,FCN3-MASP2 lectin-protease complex,-0.5420054200542005,-0.965948132975932,0.4681818181818182,0.5707795520196879,1.0,3/3,45.87%,O75636;O00187-PRO_0000027599;O00187-PRO_0000027600
prerank,"XPC complex, RAD23A variant",0.7132791327913279,0.9636376090417396,0.5580524344569289,0.9719392744196144,1.0,3/3,28.73%,P41208;Q01831;P54725
prerank,"Methyltransferase complex, METTL3-METTL14",0.7135501355013549,0.9627926436835875,0.5869837296620776,0.9742570329065112,1.0,3/3,28.70%,CHEBI:67040;Q9HCE5;Q86U44
prerank,"Sodium:potassium-exchanging ATPase complex, FXYD3 variant",-0.5398373983739837,-0.9627796844653735,0.5045871559633027,0.5761695403277685,1.0,3/3,46.09%,Q14802;P05026;P05023
prerank,Non-canonical FBXO45-MYCBP2-SKP1 E3 ubiquitin ligase complex,0.7124661246612467,0.9625295194740454,0.5772151898734177,0.9737515385139176,1.0,3/3,28.81%,P63208;O75592;P0C2W1
prerank,Dolichol-phosphate mannosyltransferase complex,-0.5468834688346883,-0.9616198124933978,0.45754716981132076,0.5772039462130412,1.0,3/3,45.38%,Q9P2X0;O60762;O94777
prerank,"XPC complex, RAD23B variant",0.7130081300813009,0.9601649859320318,0.5721331689272503,0.983696600303594,1.0,3/3,28.76%,P41208;Q01831;P54727
prerank,"Sodium:potassium-exchanging ATPase complex, FXYD2 variant",-0.5398373983739837,-0.9599476668120369,0.497737556561086,0.5793526435111066,1.0,3/3,46.09%,P54710;P05026;P05023
prerank,"Sodium:potassium-exchanging ATPase complex, FXYD5 variant",-0.5398373983739837,-0.9573703318448789,0.5117370892018779,0.5838231928845806,1.0,3/3,46.09%,Q96DB9;P05026;P05023
prerank,Core mediator complex,0.606490319061903,0.9569569382052088,0.756,0.9978197262980407,1.0,26/26,39.78%,O75448;O95402;Q9NPJ6;Q71SY5;Q96HR3;Q96G25;Q13503;O60244;Q9ULK4;Q9H944;Q9Y2X0;Q9P086;Q9Y3C7;O43513;A0JLT2;Q9NX70;Q9H204;Q96RN5;Q9BTT4;Q9BUE0;Q9NWA0;Q9NVC6;O75586;Q6P2C8;Q15648;Q15528
prerank,"Sodium:potassium-exchanging ATPase complex, FXYD4 variant",-0.5398373983739837,-0.9568526498405053,0.49514563106796117,0.5834801799324326,1.0,3/3,46.09%,P59646;P05026;P05023
prerank,"Sodium:potassium-exchanging ATPase complex, FXYD1 variant",-0.5398373983739837,-0.9534141671984678,0.5117370892018779,0.5894509298942368,1.0,3/3,46.09%,O00168;P05026;P05023
prerank,Membrane bound interleukin-6 mIL6R receptor-ligand cluster-signalling complex,-0.5360433604336043,-0.9485209885533127,0.5277777777777778,0.5990461358791169,1.0,3/3,46.47%,P08887-1;P05231-PRO_0000015582;P40189-1
prerank,BRCA1-PALB2-BRCA2 homologous recombination DNA repair complex,0.7016260162601626,0.9483196804608413,0.5971502590673575,1.0,1.0,3/3,29.89%,P51587;P38398;Q86YC2
prerank,"GABA-A receptor, alpha1-alpha2-beta2-gamma2",-0.4754676063973976,-0.9480303572493587,0.5448275862068965,0.5987145579192751,1.0,4/4,52.53%,P47869;P14867;P18507;P47870
prerank,Retention and splicing complex,0.7062330623306232,0.9455777799486853,0.6191066997518611,1.0,1.0,3/3,29.43%,Q8TAD8;Q9BRD0;Q9Y388
prerank,"Sodium:potassium-exchanging ATPase complex, FXYD7 variant",-0.5398373983739837,-0.944986995141581,0.5129310344827587,0.6039068061961645,1.0,3/3,46.09%,P58549;P05026;P05023
prerank,Interleukin-3 receptor-ligand complex,-0.5146341463414634,-0.9447221181386898,0.5531914893617021,0.6029855703770219,1.0,3/3,48.61%,P26951;P08700;P32927
prerank,"Non-canonical polycomb repressive complex 1.6, RING1-RYBP variant",0.6644968809330077,0.9440167730928535,0.6201058201058202,1.0,1.0,6/6,33.66%,Q06587;Q8N488;CPX-2551;Q9BYE7;CPX-2552;Q969R5
prerank,FCN2-MASP2 lectin-protease complex,-0.5420054200542005,-0.9431488483433563,0.515695067264574,0.6049400265345355,1.0,3/3,45.87%,Q15485;O00187-PRO_0000027599;O00187-PRO_0000027600
prerank,"Cleavage stimulation factor complex, CSTF2T variant",0.6967479674796747,0.942707427569131,0.6134020618556701,1.0,1.0,3/3,30.38%,Q05048;Q12996;Q9H0L4
prerank,"Non-canonical polycomb repressive complex 1.6, RING1-YAF2 variant",0.6644968809330077,0.9414202656884456,0.633085896076352,1.0,1.0,6/6,33.66%,Q06587;Q8IY57;CPX-2551;Q9BYE7;CPX-2552;Q969R5
prerank,"Non-canonical polycomb repressive complex 1.6, RING2-RYBP variant",0.6644968809330076,0.9409550930612789,0.6542553191489362,1.0,1.0,6/6,33.66%,Q99496;Q8N488;CPX-2551;Q9BYE7;CPX-2552;Q969R5
prerank,3M complex,0.69159891598916,0.9408830224037705,0.6408364083640836,1.0,1.0,3/3,30.90%,Q14999;Q9H0W5;O75147
prerank,PSAP splicing-associated complex,0.7067750677506774,0.94070968473817,0.6206451612903225,1.0,1.0,3/3,29.38%,Q9H307;Q15287;O00422
prerank,"Non-canonical polycomb repressive complex 1.6, RING2-YAF2 variant",0.6644968809330077,0.9389788260554083,0.6560509554140127,1.0,1.0,6/6,33.66%,Q99496;Q8IY57;CPX-2551;Q9BYE7;CPX-2552;Q969R5
prerank,FCN1-MASP2 lectin-protease complex,-0.5420054200542005,-0.9367176943630672,0.54,0.6177658547617743,1.0,3/3,45.87%,O00602;O00187-PRO_0000027599;O00187-PRO_0000027600
prerank,"Non-canonical polycomb repressive complex 1.3, RING1-RYBP-CKIIA1-A2 variant",0.6645878524945769,0.9331162944262847,0.6633771929824561,1.0,1.0,5/5,33.63%,Q06587;Q8N488;Q8WXX7;Q3KNV8;CPX-2437
prerank,"Non-canonical polycomb repressive complex 1.5, RING1-RYBP-CKIIA1-A2 variant",0.6645878524945769,0.9326903079988379,0.6612021857923497,1.0,1.0,5/5,33.63%,Q06587;Q8N488;Q8WXX7;Q86SE9;CPX-2437
prerank,"Non-canonical polycomb repressive complex 1.5, RING1-RYBP-CKIIA2 variant",0.6648590021691972,0.9317760459058089,0.6622950819672131,1.0,1.0,5/5,33.60%,Q06587;Q8N488;Q8WXX7;Q86SE9;CPX-2428
prerank,"Non-canonical polycomb repressive complex 1.5, RING1-YAF2-CKIIA1-A2 variant",0.664587852494577,0.9309348738974461,0.6666666666666666,1.0,1.0,5/5,33.63%,Q06587;Q8IY57;Q8WXX7;Q86SE9;CPX-2437
prerank,"Non-canonical polycomb repressive complex 1.3, RING2-RYBP-CKIIA1-A2 variant",0.6645878524945769,0.9298839231229971,0.667032967032967,1.0,1.0,5/5,33.63%,Q99496;Q8N488;Q8WXX7;Q3KNV8;CPX-2437
prerank,"Non-canonical polycomb repressive complex 1.5, RING1-YAF2-CKIIA2 variant",0.6648590021691974,0.9295847028635295,0.6853685368536854,1.0,1.0,5/5,33.60%,Q06587;Q8IY57;Q8WXX7;Q86SE9;CPX-2428
prerank,"Non-canonical polycomb repressive complex 1.3, RING1-RYBP-CKIIA2 variant",0.6648590021691972,0.9294873306310116,0.6648230088495575,1.0,1.0,5/5,33.60%,Q06587;Q8N488;Q8WXX7;Q3KNV8;CPX-2428
prerank,Mitochondrial proton-transporting ATP synthase complex,0.5947712418300655,0.9289634924237532,0.848,1.0,1.0,21/21,40.86%,O75964;P05496;Q96IX5;P03928;P00846;Q06055;P06576;P56134;P25705;P30049;P48047;P56378;P56385;Q5VTU8;Q7Z4Y8;P18859;P24539;P56381;P48201;P36542;O75947
prerank,mCRD-poly(A)-bridging complex,0.6629609544468547,0.9287306279089171,0.6778149386845039,1.0,1.0,5/5,33.79%,O60506;O75534;Q14103;P11940;Q9H074
prerank,"Non-canonical polycomb repressive complex 1.5, RING2-YAF2-CKIIA1-A2 variant",0.6645878524945769,0.9284579723829129,0.6793066088840737,1.0,1.0,5/5,33.63%,Q99496;Q8IY57;Q8WXX7;Q86SE9;CPX-2437
prerank,"Non-canonical polycomb repressive complex 1.5, RING1-RYBP-CKIIA1 variant",0.6640455531453361,0.9282892097514305,0.6670341786108048,1.0,1.0,5/5,33.69%,Q06587;Q8N488;Q8WXX7;Q86SE9;CPX-914
prerank,"Non-canonical polycomb repressive complex 1.3, RING1-YAF2-CKIIA1-A2 variant",0.664587852494577,0.928178171913546,0.6688668866886689,1.0,1.0,5/5,33.63%,Q06587;Q8IY57;Q8WXX7;Q3KNV8;CPX-2437
prerank,"Non-canonical polycomb repressive complex 1.5, RING2-RYBP-CKIIA1-A2 variant",0.6645878524945769,0.9281263370553469,0.683695652173913,1.0,1.0,5/5,33.63%,Q99496;Q8N488;Q8WXX7;Q86SE9;CPX-2437
prerank,"Non-canonical polycomb repressive complex 1.5, RING2-RYBP-CKIIA2 variant",0.6648590021691972,0.9275984304407567,0.6798245614035088,1.0,1.0,5/5,33.60%,Q99496;Q8N488;Q8WXX7;Q86SE9;CPX-2428
prerank,"Non-canonical polycomb repressive complex 1.3, RING1-YAF2-CKIIA2 variant",0.6648590021691974,0.9275220063181266,0.6721491228070176,1.0,1.0,5/5,33.60%,Q06587;Q8IY57;Q8WXX7;Q3KNV8;CPX-2428
prerank,"Non-canonical polycomb repressive complex 1.3, RING2-YAF2-CKIIA2 variant",0.6648590021691972,0.9273500332226502,0.6738894907908992,1.0,1.0,5/5,33.60%,Q99496;Q8IY57;Q8WXX7;Q3KNV8;CPX-2428
prerank,"Non-canonical polycomb repressive complex 1.3, RING2-YAF2-CKIIA1-A2 variant",0.6645878524945769,0.9273292311080963,0.6706652126499455,1.0,1.0,5/5,33.63%,Q99496;Q8IY57;Q8WXX7;Q3KNV8;CPX-2437
prerank,"Non-canonical polycomb repressive complex 1.5, RING1-YAF2-CKIIA1 variant",0.6640455531453362,0.927195301373274,0.6825221238938053,1.0,1.0,5/5,33.69%,Q06587;Q8IY57;Q8WXX7;Q86SE9;CPX-914
prerank,"Non-canonical polycomb repressive complex 1.3, RING2-RYBP-CKIIA2 variant",0.6648590021691972,0.9266736616986326,0.6763070077864294,1.0,1.0,5/5,33.60%,Q99496;Q8N488;Q8WXX7;Q3KNV8;CPX-2428
prerank,"Non-canonical polycomb repressive complex 1.5, RING2-YAF2-CKIIA2 variant",0.6648590021691972,0.9266274543384884,0.6805251641137856,1.0,1.0,5/5,33.60%,Q99496;Q8IY57;Q8WXX7;Q86SE9;CPX-2428
prerank,"Non-canonical polycomb repressive complex 1.5, RING2-RYBP-CKIIA1 variant",0.6640455531453361,0.9263991379638901,0.6908690869086909,1.0,1.0,5/5,33.69%,Q99496;Q8N488;Q8WXX7;Q86SE9;CPX-914
prerank,"Non-canonical polycomb repressive complex 1.3, RING1-YAF2-CKIIA1 variant",0.6640455531453362,0.9257268121724745,0.6762114537444934,1.0,1.0,5/5,33.69%,Q06587;Q8IY57;Q8WXX7;Q3KNV8;CPX-914
prerank,"Non-canonical polycomb repressive complex 1.3, RING1-RYBP-CKIIA1 variant",0.6640455531453361,0.925330200184724,0.6703539823008849,1.0,1.0,5/5,33.69%,Q06587;Q8N488;Q8WXX7;Q3KNV8;CPX-914
prerank,"Non-canonical polycomb repressive complex 1.3, RING2-RYBP-CKIIA1 variant",0.6640455531453361,0.9242707613169439,0.6808035714285714,1.0,1.0,5/5,33.69%,Q99496;Q8N488;Q8WXX7;Q3KNV8;CPX-914
prerank,"Non-canonical polycomb repressive complex 1.3, RING2-YAF2-CKIIA1 variant",0.6640455531453361,0.9241624946114839,0.6699561403508771,1.0,1.0,5/5,33.69%,Q99496;Q8IY57;Q8WXX7;Q3KNV8;CPX-914
prerank,"Non-canonical polycomb repressive complex 1.5, RING2-YAF2-CKIIA1 variant",0.6640455531453361,0.9238920903270805,0.6919691969196919,1.0,1.0,5/5,33.69%,Q99496;Q8IY57;Q8WXX7;Q86SE9;CPX-914
prerank,"Polycomb repressive complex 1, RING1-PCGF4-CBX8-PHC1 variant",0.6660341555977229,0.9237501825712467,0.6697674418604651,1.0,1.0,4/4,33.47%,Q06587;P35226;P78364;Q9HC52
prerank,"4EHP-GIGYF2 co-translational mRNA decay complex, DDX6 variant",-0.5024390243902439,-0.9225809354660255,0.5425531914893617,0.6483930782466235,1.0,3/3,49.82%,Q6Y7W6;O60573;P26196
prerank,"Polycomb repressive complex 1, RING1-PCGF4-CBX8-PHC3 variant",0.6660341555977229,0.9224411081205239,0.6724537037037037,1.0,1.0,4/4,33.47%,Q06587;P35226;Q8NDX5;Q9HC52
prerank,Laminin-121 complex,-0.4981029810298103,-0.9220280238510564,0.5409090909090909,0.6481935585221178,1.0,3/3,50.26%,P25391;P55268;P11047
prerank,"Polycomb repressive complex 1, RING2-PCGF4-CBX8-PHC1 variant",0.6660341555977232,0.9216957985535377,0.7001166861143524,1.0,1.0,4/4,33.47%,Q99496;P35226;P78364;Q9HC52
prerank,"Polycomb repressive complex 1, RING2-PCGF4-CBX8-PHC3 variant",0.6660341555977232,0.9215528405831804,0.6869965477560415,1.0,1.0,4/4,33.47%,Q99496;P35226;Q8NDX5;Q9HC52
prerank,"Polycomb repressive complex 1, RING1-PCGF4-CBX2-PHC1 variant",0.6663052317701275,0.9215237481792944,0.6786542923433875,1.0,1.0,4/4,33.44%,Q06587;P35226;P78364;Q14781
prerank,GAIT complex,0.6711846028734075,0.9200550726043553,0.6939010356731876,1.0,1.0,4/4,32.95%,O60506;P40429;P07814;P04406
prerank,"Polycomb repressive complex 1, RING2-PCGF2-CBX8-PHC3 variant",0.6660341555977232,0.9197790290152965,0.6997690531177829,1.0,1.0,4/4,33.47%,Q99496;P35227;Q8NDX5;Q9HC52
prerank,Interleukin-35 receptor ligand type 2 complex,-0.5010840108401085,-0.9197621035058434,0.5317073170731708,0.6519648919621669,1.0,3/3,49.96%,Q99665;CPX-25744;Q6UWB1
prerank,"Polycomb repressive complex 1, RING2-PCGF4-CBX2-PHC1 variant",0.6663052317701277,0.9196741515204134,0.7035294117647058,1.0,1.0,4/4,33.44%,Q99496;P35226;P78364;Q14781
prerank,"Polycomb repressive complex 1, RING2-PCGF4-CBX8-PHC2 variant",0.6660341555977232,0.9192591449114285,0.6882966396292005,1.0,1.0,4/4,33.47%,Q99496;P35226;Q8IXK0;Q9HC52
prerank,"Polycomb repressive complex 1, RING1-PCGF4-CBX8-PHC2 variant",0.6660341555977229,0.919028961188035,0.6738636363636363,1.0,1.0,4/4,33.47%,Q06587;P35226;Q8IXK0;Q9HC52
prerank,"Polycomb repressive complex 1, RING2-PCGF2-CBX8-PHC1 variant",0.6660341555977232,0.9188706715818871,0.7079953650057937,1.0,1.0,4/4,33.47%,Q99496;P35227;P78364;Q9HC52
prerank,"Polycomb repressive complex 1, RING1-PCGF4-CBX2-PHC3 variant",0.6663052317701273,0.9185985976851389,0.696551724137931,1.0,1.0,4/4,33.44%,Q06587;P35226;Q8NDX5;Q14781
prerank,"4EHP-GIGYF1 co-translational mRNA decay complex, DDX6 variant",-0.5024390243902439,-0.9184822853328604,0.5894736842105263,0.6532855388134131,1.0,3/3,49.82%,O75420;O60573;P26196
prerank,"Polycomb repressive complex 1, RING1-PCGF2-CBX8-PHC1 variant",0.666034155597723,0.9181657059975123,0.7019790454016298,1.0,1.0,4/4,33.47%,Q06587;P35227;P78364;Q9HC52
prerank,"Polycomb repressive complex 1, RING1-PCGF4-CBX7-PHC3 variant",0.6649498509081052,0.9172566834066084,0.7031963470319634,1.0,1.0,4/4,33.58%,Q06587;P35226;Q8NDX5;O95931
prerank,"Polycomb repressive complex 1, RING1-PCGF4-CBX4-PHC1 variant",0.665492003252914,0.916731893210808,0.7050691244239631,1.0,1.0,4/4,33.52%,Q06587;P35226;P78364;O00257
prerank,"Polycomb repressive complex 1, RING1-PCGF4-CBX4-PHC3 variant",0.665492003252914,0.9165557917691115,0.7210103329506314,1.0,1.0,4/4,33.52%,Q06587;P35226;Q8NDX5;O00257
prerank,"Polycomb repressive complex 1, RING2-PCGF4-CBX7-PHC3 variant",0.6649498509081054,0.9164850344030226,0.6934731934731935,1.0,1.0,4/4,33.58%,Q99496;P35226;Q8NDX5;O95931
prerank,"Polycomb repressive complex 1, RING1-PCGF2-CBX4-PHC3 variant",0.665492003252914,0.9163729752729292,0.7171129220023282,1.0,1.0,4/4,33.52%,Q06587;P35227;Q8NDX5;O00257
prerank,"Polycomb repressive complex 1, RING2-PCGF4-CBX2-PHC3 variant",0.6663052317701277,0.9163583799004729,0.7015276145710928,1.0,1.0,4/4,33.44%,Q99496;P35226;Q8NDX5;Q14781
prerank,"Polycomb repressive complex 1, RING1-PCGF4-CBX6-PHC1 variant",0.6652209270805096,0.9161412685298107,0.6901408450704225,1.0,1.0,4/4,33.55%,Q06587;P35226;P78364;O95503
prerank,"Polycomb repressive complex 1, RING2-PCGF2-CBX2-PHC1 variant",0.6663052317701277,0.9159940576972269,0.7161066048667439,1.0,1.0,4/4,33.44%,Q99496;P35227;P78364;Q14781
prerank,"Polycomb repressive complex 1, RING1-PCGF2-CBX2-PHC1 variant",0.6663052317701275,0.9159582410245803,0.7017341040462428,1.0,1.0,4/4,33.44%,Q06587;P35227;P78364;Q14781
prerank,RB1-E2F1-DP1 transcriptional repressor complex,0.6766937669376694,0.9156567240396463,0.7018867924528301,1.0,1.0,3/3,32.39%,Q14186;P06400;Q01094
prerank,"Polycomb repressive complex 1, RING2-PCGF2-CBX8-PHC2 variant",0.6660341555977232,0.9155446921750053,0.708904109589041,1.0,1.0,4/4,33.47%,Q99496;P35227;Q8IXK0;Q9HC52
prerank,"Polycomb repressive complex 1, RING2-PCGF4-CBX7-PHC1 variant",0.6649498509081053,0.915435422400041,0.7077464788732394,1.0,1.0,4/4,33.58%,Q99496;P35226;P78364;O95931
prerank,"Polycomb repressive complex 1, RING2-PCGF4-CBX2-PHC2 variant",0.6663052317701277,0.915157169180158,0.6968272620446534,1.0,1.0,4/4,33.44%,Q99496;P35226;Q8IXK0;Q14781
prerank,"Polycomb repressive complex 1, RING2-PCGF4-CBX6-PHC3 variant",0.6652209270805098,0.9150151633056043,0.7089639115250291,1.0,1.0,4/4,33.55%,Q99496;P35226;Q8NDX5;O95503
prerank,"Polycomb repressive complex 1, RING2-PCGF4-CBX6-PHC1 variant",0.6652209270805098,0.9149511084241678,0.7034400948991696,1.0,1.0,4/4,33.55%,Q99496;P35226;P78364;O95503
prerank,Laminin-221 complex,-0.4981029810298103,-0.9147971113844887,0.5707547169811321,0.6600430792024164,1.0,3/3,50.26%,P24043;P55268;P11047
prerank,"Polycomb repressive complex 1, RING1-PCGF2-CBX4-PHC1 variant",0.6654920032529141,0.9146621401619933,0.7213114754098361,1.0,1.0,4/4,33.52%,Q06587;P35227;P78364;O00257
prerank,"Polycomb repressive complex 1, RING2-PCGF2-CBX7-PHC3 variant",0.6649498509081054,0.9146239171558777,0.7142857142857143,1.0,1.0,4/4,33.58%,Q99496;P35227;Q8NDX5;O95931
prerank,"Polycomb repressive complex 1, RING1-PCGF4-CBX7-PHC1 variant",0.6649498509081052,0.914597145539493,0.6964078794901506,1.0,1.0,4/4,33.58%,Q06587;P35226;P78364;O95931
prerank,"Polycomb repressive complex 1, RING1-PCGF4-CBX4-PHC2 variant",0.6654920032529141,0.9140092376094289,0.7183580387685291,1.0,1.0,4/4,33.52%,Q06587;P35226;Q8IXK0;O00257
prerank,"Polycomb repressive complex 1, RING1-PCGF2-CBX7-PHC3 variant",0.6649498509081052,0.913875754740454,0.7099767981438515,1.0,1.0,4/4,33.58%,Q06587;P35227;Q8NDX5;O95931
prerank,"Polycomb repressive complex 1, RING2-PCGF2-CBX7-PHC1 variant",0.6649498509081053,0.9138029738314383,0.7215777262180975,1.0,1.0,4/4,33.58%,Q99496;P35227;P78364;O95931
prerank,"Polycomb repressive complex 1, RING1-PCGF4-CBX6-PHC3 variant",0.6652209270805096,0.9137654749223465,0.7129521586931156,1.0,1.0,4/4,33.55%,Q06587;P35226;Q8NDX5;O95503
prerank,"Polycomb repressive complex 1, RING1-PCGF2-CBX4-PHC2 variant",0.6654920032529141,0.9135279755966509,0.7200902934537246,1.0,1.0,4/4,33.52%,Q06587;P35227;Q8IXK0;O00257
prerank,"Polycomb repressive complex 1, RING1-PCGF4-CBX2-PHC2 variant",0.6663052317701275,0.9134998996476339,0.6950517836593786,1.0,1.0,4/4,33.44%,Q06587;P35226;Q8IXK0;Q14781
prerank,"Polycomb repressive complex 1, RING1-PCGF2-CBX7-PHC1 variant",0.6649498509081052,0.9133274453967178,0.7132867132867133,1.0,1.0,4/4,33.58%,Q06587;P35227;P78364;O95931
prerank,"Polycomb repressive complex 1, RING1-PCGF2-CBX8-PHC2 variant",0.6660341555977229,0.9132995362935473,0.7024886877828054,1.0,1.0,4/4,33.47%,Q06587;P35227;Q8IXK0;Q9HC52
prerank,"Polycomb repressive complex 1, RING2-PCGF2-CBX6-PHC3 variant",0.6652209270805098,0.9131640920487513,0.7262044653349001,1.0,1.0,4/4,33.55%,Q99496;P35227;Q8NDX5;O95503
prerank,"Polycomb repressive complex 1, RING2-PCGF2-CBX2-PHC3 variant",0.6663052317701277,0.9131463583723985,0.7011494252873564,1.0,1.0,4/4,33.44%,Q99496;P35227;Q8NDX5;Q14781
prerank,"Polycomb repressive complex 1, RING1-PCGF2-CBX8-PHC3 variant",0.6660341555977229,0.9131100251991048,0.7132784958871915,1.0,1.0,4/4,33.47%,Q06587;P35227;Q8NDX5;Q9HC52
prerank,"Polycomb repressive complex 1, RING1-PCGF2-CBX2-PHC3 variant",0.6663052317701273,0.9130376487508093,0.7031963470319634,1.0,1.0,4/4,33.44%,Q06587;P35227;Q8NDX5;Q14781
prerank,"Polycomb repressive complex 1, RING1-PCGF2-CBX6-PHC1 variant",0.6652209270805097,0.9130202817854969,0.7172897196261683,1.0,1.0,4/4,33.55%,Q06587;P35227;P78364;O95503
prerank,"Polycomb repressive complex 1, RING2-PCGF2-CBX2-PHC2 variant",0.6663052317701277,0.9129080548098629,0.720504009163803,1.0,1.0,4/4,33.44%,Q99496;P35227;Q8IXK0;Q14781
prerank,"Polycomb repressive complex 1, RING2-PCGF2-CBX6-PHC1 variant",0.6652209270805098,0.9125752869762899,0.7107142857142857,1.0,1.0,4/4,33.55%,Q99496;P35227;P78364;O95503
prerank,"Polycomb repressive complex 1, RING2-PCGF4-CBX6-PHC2 variant",0.6652209270805098,0.9123971348354355,0.7119244391971665,1.0,1.0,4/4,33.55%,Q99496;P35226;Q8IXK0;O95503
prerank,"Polycomb repressive complex 1, RING1-PCGF4-CBX6-PHC2 variant",0.6652209270805096,0.9122094761305732,0.7087155963302753,1.0,1.0,4/4,33.55%,Q06587;P35226;Q8IXK0;O95503
prerank,"Polycomb repressive complex 1, RING1-PCGF2-CBX2-PHC2 variant",0.6663052317701275,0.9120646970221359,0.7131519274376418,1.0,1.0,4/4,33.44%,Q06587;P35227;Q8IXK0;Q14781
prerank,"Polycomb repressive complex 1, RING1-PCGF4-CBX7-PHC2 variant",0.6649498509081052,0.9117505202523577,0.701254275940707,1.0,1.0,4/4,33.58%,Q06587;P35226;Q8IXK0;O95931
prerank,"Polycomb repressive complex 1, RING2-PCGF4-CBX4-PHC2 variant",0.6654920032529144,0.9116702645719948,0.6954492415402567,1.0,1.0,4/4,33.52%,Q99496;P35226;Q8IXK0;O00257
prerank,"Polycomb repressive complex 1, RING2-PCGF2-CBX4-PHC3 variant",0.6654920032529144,0.9114208965490928,0.715606936416185,1.0,1.0,4/4,33.52%,Q99496;P35227;Q8NDX5;O00257
prerank,"Polycomb repressive complex 1, RING1-PCGF2-CBX7-PHC2 variant",0.6649498509081052,0.9112628837135606,0.7237880496054115,1.0,1.0,4/4,33.58%,Q06587;P35227;Q8IXK0;O95931
prerank,"Polycomb repressive complex 1, RING2-PCGF4-CBX7-PHC2 variant",0.6649498509081054,0.9112283818746179,0.7071178529754959,1.0,1.0,4/4,33.58%,Q99496;P35226;Q8IXK0;O95931
prerank,TMEM219-Interleukin-13 decoy-receptor-ligand alpha 2 complex,-0.5062330623306233,-0.910980230333496,0.6,0.6672286460904784,1.0,3/3,49.44%,Q14627;Q86XT9;P35225
prerank,Laminin-521 complex,-0.4981029810298103,-0.9106867913694381,0.5981308411214953,0.6663305849075885,1.0,3/3,50.26%,O15230;P55268;P11047
prerank,"Polycomb repressive complex 1, RING2-PCGF2-CBX4-PHC1 variant",0.6654920032529142,0.9104897094189858,0.7186046511627907,1.0,1.0,4/4,33.52%,Q99496;P35227;P78364;O00257
prerank,"Polycomb repressive complex 1, RING2-PCGF4-CBX4-PHC1 variant",0.6654920032529142,0.9103868198008992,0.7156177156177156,1.0,1.0,4/4,33.52%,Q99496;P35226;P78364;O00257
prerank,"Polycomb repressive complex 1, RING1-PCGF2-CBX6-PHC3 variant",0.6652209270805096,0.9103231860680054,0.7157894736842105,1.0,1.0,4/4,33.55%,Q06587;P35227;Q8NDX5;O95503
prerank,"Polycomb repressive complex 1, RING2-PCGF4-CBX4-PHC3 variant",0.6654920032529144,0.9099161329850664,0.7229336437718277,1.0,1.0,4/4,33.52%,Q99496;P35226;Q8NDX5;O00257
prerank,"Polycomb repressive complex 1, RING2-PCGF2-CBX6-PHC2 variant",0.6652209270805098,0.9096455302977355,0.7252619324796274,1.0,1.0,4/4,33.55%,Q99496;P35227;Q8IXK0;O95503
prerank,Laminin-311 complex variant B,-0.4978319783197832,-0.9096051115533683,0.5913461538461539,0.6672107731262277,1.0,3/3,50.28%,Q16787-2;P11047;P07942
prerank,"Polycomb repressive complex 1, RING1-PCGF2-CBX6-PHC2 variant",0.6652209270805096,0.9094808499641375,0.7178612059158134,1.0,1.0,4/4,33.55%,Q06587;P35227;Q8IXK0;O95503
prerank,"Polycomb repressive complex 1, RING2-PCGF2-CBX7-PHC2 variant",0.6649498509081053,0.9094546000186897,0.7222857142857143,1.0,1.0,4/4,33.58%,Q99496;P35227;Q8IXK0;O95931
prerank,RB1-E2F3-DP1 transcriptional repressor complex,0.6764227642276421,0.9085113480417873,0.7174721189591078,1.0,1.0,3/3,32.41%,Q14186;P06400;O00716
prerank,"Polycomb repressive complex 1, RING2-PCGF2-CBX4-PHC2 variant",0.6654920032529144,0.9080590298203091,0.7291666666666666,1.0,1.0,4/4,33.52%,Q99496;P35227;Q8IXK0;O00257
prerank,RB1-E2F2-DP1 transcriptional repressor complex,0.6761517615176151,0.9068869410810433,0.710691823899371,1.0,1.0,3/3,32.44%,Q14186;P06400;Q14209
prerank,"Non-canonical polycomb repressive complex 1.4, RNF2-YAF2 variant",0.6693766937669378,0.9067875003898626,0.7348484848484849,1.0,1.0,3/3,33.12%,Q99496;Q8IY57;P35226
prerank,"Serine palmitoyltransferase complex, SPTLC1-SPTLC2-SPTSSA variant",0.658715098942803,0.9067565700501785,0.7364705882352941,1.0,1.0,4/4,34.20%,CHEBI:597326;O15269;Q969W0;O15270
prerank,Laminin-423 complex,-0.4986449864498645,-0.9057042812874067,0.6181818181818182,0.6752360438171869,1.0,3/3,50.20%,Q16363;Q9Y6N6;P55268
prerank,Laminin-111 complex,-0.4978319783197832,-0.9055134619116344,0.5927601809954751,0.6741356777905159,1.0,3/3,50.28%,P25391;P11047;P07942
prerank,"Non-canonical polycomb repressive complex 1.4, RNF2-RYBP variant",0.6693766937669378,0.9054302236564467,0.7325,1.0,1.0,3/3,33.12%,Q99496;Q8N488;P35226
prerank,SOSS1 complex,0.6685636856368564,0.904984889829173,0.71875,1.0,1.0,3/3,33.20%,Q68E01;Q9NRY2;Q9BQ15
prerank,"Non-canonical polycomb repressive complex 1.4, RING1-YAF2 variant",0.6693766937669376,0.9041285105524787,0.73053152039555,1.0,1.0,3/3,33.12%,Q06587;Q8IY57;P35226
prerank,IL11-sIL11RA-sIL-6ST receptor-ligand buffering complex,-0.5073170731707317,-0.9040559747866265,0.6492890995260664,0.6758817254175874,1.0,3/3,49.34%,P40189-2;Q14626-PRO_0000450688;P20809
prerank,"Serine palmitoyltransferase complex, SPTLC1-SPTLC3-SPTSSA variant",0.6592572512876118,0.903819261809385,0.7355658198614319,1.0,1.0,4/4,34.15%,CHEBI:597326;O15269;Q9NUV7;Q969W0
prerank,Laminin-523 complex,-0.4986449864498645,-0.9038031121019027,0.5882352941176471,0.6748290787531854,1.0,3/3,50.20%,Q9Y6N6;O15230;P55268
prerank,Signal recognition particle receptor complex,0.6699186991869919,0.9036366344478802,0.7151819322459222,1.0,1.0,3/3,33.06%,CHEBI:15996;P08240;Q9Y5M8
prerank,Laminin-211 complex,-0.4978319783197832,-0.9026152143583233,0.5963302752293578,0.6764019938458744,1.0,3/3,50.28%,P24043;P11047;P07942
prerank,Laminin-421 complex,-0.4981029810298103,-0.9016251051975461,0.5963302752293578,0.6771337015292002,1.0,3/3,50.26%,Q16363;P55268;P11047
prerank,"Non-canonical polycomb repressive complex 1.2, RNF2-YAF2 variant",0.6691056910569106,0.9006904864457744,0.745,1.0,1.0,3/3,33.14%,Q99496;Q8IY57;P35227
prerank,"Non-canonical polycomb repressive complex 1.2, RNF2-RYBP variant",0.6691056910569106,0.9005100931015623,0.763681592039801,1.0,1.0,3/3,33.14%,Q99496;Q8N488;P35227
prerank,SOSS2 complex,0.6688346883468834,0.8997997056097251,0.7369062119366626,1.0,1.0,3/3,33.17%,Q68E01;Q9NRY2;Q96AH0
prerank,"Serine palmitoyltransferase complex, SPTLC1-SPTLC2-SPTSSB variant",0.658715098942803,0.8997074370683876,0.7634032634032634,1.0,1.0,4/4,34.20%,CHEBI:597326;O15269;Q8NFR3;O15270
prerank,"Non-canonical polycomb repressive complex 1.4, RING1-RYBP variant",0.6693766937669376,0.8993889950144078,0.7344139650872819,1.0,1.0,3/3,33.12%,Q06587;Q8N488;P35226
prerank,"Non-canonical polycomb repressive complex 1.2, RING1-RYBP variant",0.6691056910569106,0.8988177242630899,0.7474874371859297,1.0,1.0,3/3,33.14%,Q06587;Q8N488;P35227
prerank,"Non-canonical polycomb repressive complex 1.2, RING1-YAF2 variant",0.6691056910569105,0.8985580667202983,0.7549751243781094,1.0,1.0,3/3,33.14%,Q06587;Q8IY57;P35227
prerank,COPII vesicle coat complex,0.6107491856677523,0.8981791368001074,0.8375634517766497,1.0,1.0,9/9,39.07%,P55735;O94979;Q9NQW1;P53992;O95486;O94855;Q9Y6B6;Q9NR31;O95487
prerank,"Serine palmitoyltransferase complex, SPTLC1-SPTLC3-SPTSSB variant",0.6589861751152074,0.8981601293170228,0.7534403669724771,1.0,1.0,4/4,34.17%,CHEBI:597326;O15269;Q9NUV7;Q8NFR3
prerank,Laminin-522 complex,-0.4986449864498645,-0.897139117180671,0.5945945945945946,0.6865633871998056,1.0,3/3,50.20%,Q13753;O15230;P55268
prerank,"Radial spoke complex, flagellar variant",0.5929347826086956,0.8964402869293614,0.8908908908908909,1.0,1.0,13/13,40.92%,Q96FJ2;P59910;Q9H1X1;Q96C74;Q8IYR0;Q86UC2;Q8WYR4;Q8WWB3;P56597;Q9UHP6;Q6P9G0;Q9H0K4;Q8NA54
prerank,Laminin-213 complex,-0.4978319783197832,-0.8951114212742058,0.6101694915254238,0.6900704693355348,1.0,3/3,50.28%,P24043;Q9Y6N6;P07942
prerank,ASAP splicing-associated complex,0.6620596205962059,0.8946285100028034,0.766367137355584,1.0,1.0,3/3,33.85%,Q15287;O00422;Q9UKV3
prerank,Laminin-411 complex,-0.4978319783197832,-0.8932186493249289,0.6301369863013698,0.6930134447976541,1.0,3/3,50.28%,Q16363;P11047;P07942
prerank,AP-1 transcription factor complex FOS-JUN-NFATC2,0.6579945799457994,0.8918447821796716,0.7630922693266833,1.0,1.0,3/3,34.25%,P05412;P01100;Q13469
prerank,"Radial spoke complex, ciliiar variant",0.5925020374898127,0.8910730991499689,0.8887775551102205,1.0,1.0,12/12,40.94%,Q96FJ2;P59910;Q9H1X1;Q96C74;Q8IYR0;Q86UC2;Q8WYR4;Q8WWB3;P56597;Q9UHP6;Q6P9G0;Q5TD94
prerank,Laminin-311 complex variant A,-0.4978319783197832,-0.8910642605571925,0.6376811594202898,0.6969058010536692,1.0,3/3,50.28%,Q16787-1;P11047;P07942
prerank,Laminin-511 complex,-0.4978319783197832,-0.890992184938245,0.6338028169014085,0.6955181281491091,1.0,3/3,50.28%,O15230;P11047;P07942
prerank,"TRAMP complex, TENT4A-ZCCHC7 variant",-0.48753387533875336,-0.888334351047436,0.6383928571428571,0.7003330758699549,1.0,3/3,51.31%,Q5XG87;Q8N3Z6;P42285
prerank,L3MBTL1 complex,0.6574525745257452,0.8880084764882464,0.7735368956743003,1.0,1.0,3/3,34.31%,P06400;Q9Y468;Q13185
prerank,"TRAMP complex, TENT4B-ZCCHC7 variant",-0.48753387533875336,-0.8859199395566584,0.6438356164383562,0.7050149814266188,1.0,3/3,51.31%,Q8NDF8;Q8N3Z6;P42285
prerank,Commander complex,0.5765569757954855,0.8856489930031752,0.9229229229229229,1.0,1.0,16/16,42.59%,Q9UBQ0;Q7Z4G1;Q9H0A8;Q9P000;Q9NX08;O60826;Q8TCE6;Q567U6;Q9UBI1;Q86X83;Q9GZQ3;Q8N668;Q9Y6G5;Q7Z3J2;Q86VX2;O14972
prerank,Kinetochore CCAN complex,0.5727495240685342,0.8840505256345409,0.9279279279279279,1.0,1.0,16/16,42.97%,Q8N2Z9;A8MT69;Q03188;Q9NSP4;Q9BU64;Q9H3R5;Q96H22;Q92674;Q13352;Q6IPU0;Q5EE01;Q8N0S6;Q9BS16;Q96BT3;Q71F23;Q7L2Z9
prerank,Laminin-321 complex,-0.4981029810298103,-0.8838028650474242,0.6492890995260664,0.7090168940885316,1.0,3/3,50.26%,Q16787-1;P55268;P11047
prerank,Nuclear exosome targeting complex,-0.48753387533875336,-0.8814127602696731,0.6451612903225806,0.7135288057878921,1.0,3/3,51.31%,Q9Y580;Q6NZY4;P42285
prerank,Interleukin-6 sIL6R-sIL6ST buffering receptor-ligand complex,-0.481029810298103,-0.8780469380146255,0.6650246305418719,0.7205326582647154,1.0,3/3,51.96%,P08887-PRO_0000450730;P40189-2;P05231
prerank,"GABA-A receptor, alpha2-beta1-gamma2 complex",-0.4807588075880759,-0.8733622768002586,0.6764705882352942,0.7303906026868182,1.0,3/3,51.99%,P47869;P18505;P18507
prerank,Intraflagellar transport complex B,0.5678542289910254,0.871773630274449,0.948,1.0,1.0,16/16,43.46%,Q9BW83;A0AVF1;Q9NQC8;Q9UG01;Q9Y547;Q9NWB7;Q9Y366;Q8N4P2;Q8TDR0;Q13099;Q9P2H3;Q9H7X7;Q96LB3;Q8IY31;Q96AJ1;Q8WYA0
prerank,"GABA-A receptor, alpha5-beta1-gamma2 complex",-0.4807588075880759,-0.8693462460335176,0.6534653465346535,0.7388864099565882,1.0,3/3,51.99%,P31644;P18505;P18507
prerank,Interleukin-13 receptor-ligand alpha 1 complex,-0.48048780487804876,-0.8676278683992259,0.6892655367231638,0.7413610087929671,1.0,3/3,52.02%,P78552;P35225;P24394
prerank,"Vacuolar proton translocating ATPase complex, ATP6V0A4 variant",0.5805050230790116,0.86670364535965,0.9122098890010091,1.0,1.0,10/10,42.11%,Q15904;O75787;P38606;P27449;Q99437;Q9Y5K8;Q16864;Q6P5S7;Q9UI12;Q9HBG4
prerank,"Vacuolar proton translocating ATPase complex, ATP6V0A2 variant",0.5802335052945967,0.8662210287789797,0.9159919028340081,1.0,1.0,10/10,42.13%,Q15904;O75787;P38606;P27449;Q99437;Q9Y5K8;Q16864;Q6P5S7;Q9UI12;Q9Y487
prerank,"GABA-A receptor, alpha4-beta2-gamma2",-0.4753387533875339,-0.8655780444372024,0.7122641509433962,0.7451665593094641,1.0,3/3,52.53%,P48169;P18507;P47870
prerank,"Interleukin-24 receptor-ligand complex, type 2",-0.4788617886178862,-0.8642720250202821,0.6730769230769231,0.7467071130390976,1.0,3/3,52.18%,Q13007;Q6UXL0;Q8N6P7
prerank,GABA-A receptor alpha6-beta1-gamma2 complex,-0.4807588075880759,-0.8636626880755328,0.6729857819905213,0.7463726959972325,1.0,3/3,51.99%,Q16445;P18505;P18507
prerank,Interleukin-4 receptor-ligand type-2 complex,-0.48048780487804876,-0.8635905911712876,0.6573033707865169,0.7448936795312873,1.0,3/3,52.02%,P78552;P05112;P24394
prerank,GABA-A receptor alpha6-beta2-gamma2,-0.4753387533875339,-0.8631928381927265,0.6909090909090909,0.7441856171975441,1.0,3/3,52.53%,Q16445;P18507;P47870
prerank,"GABA-A receptor, alpha5-beta2-gamma2",-0.4753387533875339,-0.8622922594035219,0.6923076923076923,0.744699768747185,1.0,3/3,52.53%,P31644;P18507;P47870
prerank,"Vacuolar proton translocating ATPase complex, ATP6V0A1 variant",0.5780613630192777,0.8608428225432526,0.9250253292806484,1.0,1.0,10/10,42.35%,Q15904;O75787;P38606;P27449;Q99437;Q9Y5K8;Q16864;Q6P5S7;Q9UI12;Q93050
prerank,Interleukin-20 receptor-ligand type 2 complex,-0.4788617886178862,-0.8608001709310397,0.6535087719298246,0.7470511659598569,1.0,3/3,52.18%,Q9NYY1-PRO_0000015381;Q6UXL0;Q8N6P7
prerank,"Dynein-2 complex, light-chain variant 4",0.5891451831750341,0.8606399151163934,0.8924180327868853,1.0,1.0,8/8,41.21%,P51808;Q9NP97;Q8WVS4;Q96EX3;Q8TCX1;Q8WW35;Q8NCM8;P63167
prerank,Interleukin-6 sIL6R-mIL6ST receptor-ligand trans-signalling complex,-0.481029810298103,-0.8604573806718114,0.6914893617021277,0.7462952004833591,1.0,3/3,51.96%,P08887-PRO_0000450730;P40189-1;P05231
prerank,"GABA-A receptor, alpha2-beta2-gamma2",-0.4753387533875339,-0.8603770219397475,0.7177033492822966,0.7448983001197383,1.0,3/3,52.53%,P47869;P18507;P47870
prerank,"Vacuolar proton translocating ATPase complex, ATP6V0A3 variant",0.5786043985881074,0.8603499357297626,0.9258883248730965,1.0,1.0,10/10,42.30%,Q15904;O75787;P38606;P27449;Q99437;Q9Y5K8;Q16864;Q6P5S7;Q9UI12;Q13488
prerank,"GABA-A receptor, alpha1-beta2-delta",-0.4753387533875339,-0.8596334060503276,0.7209302325581395,0.744983735339284,1.0,3/3,52.53%,O14764;P14867;P47870
prerank,"Dynein-2 complex, light-chain variant 3",0.5896879240162824,0.8595087587708475,0.8965163934426229,1.0,1.0,8/8,41.16%,Q96FJ2;P51808;Q9NP97;Q8WVS4;Q96EX3;Q8TCX1;Q8WW35;Q8NCM8
prerank,"Dynein-2 complex, light-chain variant 1 ",0.589145183175034,0.8594968702511759,0.8996929375639714,1.0,1.0,8/8,41.21%,Q9NP97;P63172;Q8WVS4;Q96EX3;Q8TCX1;Q8WW35;Q8NCM8;P63167
prerank,"Dynein-2 complex, light-chain variant 8",0.589145183175034,0.85876494046351,0.8910585817060637,1.0,1.0,8/8,41.21%,P51808;Q8TF09;Q8WVS4;Q96EX3;Q8TCX1;Q8WW35;Q8NCM8;P63167
prerank,"Dynein-2 complex, light-chain variant 5",0.5891451831750341,0.8586216803005492,0.8954918032786885,1.0,1.0,8/8,41.21%,Q8TF09;P63172;Q8WVS4;Q96EX3;Q8TCX1;Q8WW35;Q8NCM8;P63167
prerank,"Dynein-2 complex, light-chain variant 7",0.5896879240162824,0.857747523737778,0.9026639344262295,1.0,1.0,8/8,41.16%,Q96FJ2;P51808;Q8TF09;Q8WVS4;Q96EX3;Q8TCX1;Q8WW35;Q8NCM8
prerank,"Dynein-2 complex, light-chain variant 2",0.5896879240162824,0.857346516012441,0.9006147540983607,1.0,1.0,8/8,41.16%,Q96FJ2;Q9NP97;P63172;Q8WVS4;Q96EX3;Q8TCX1;Q8WW35;Q8NCM8
prerank,"Dynein-2 complex, light-chain variant 6",0.5896879240162824,0.8552449657092845,0.8945752302968271,1.0,1.0,8/8,41.16%,Q96FJ2;Q8TF09;P63172;Q8WVS4;Q96EX3;Q8TCX1;Q8WW35;Q8NCM8
prerank,"GABA-A receptor, alpha4-beta1-gamma2 complex",-0.4807588075880759,-0.853286477147793,0.7448979591836735,0.7591923649013951,1.0,3/3,51.99%,P48169;P18505;P18507
prerank,"Dystrophin glycoprotein complex, retinal outer plexiform layer variant",0.5662683324280284,0.8517482271233338,0.9386934673366835,1.0,1.0,11/11,43.54%,Q13424;Q14118-PRO_0000021065;Q14118-PRO_0000021066;Q13326;Q13884;Q16586;Q14714;Q92629;Q16585;O60941;P11532-2
prerank,"Dystrophin glycoprotein complex, neuromuscular junction variant",0.5668115154807172,0.8498712508418114,0.9465186680121089,1.0,1.0,11/11,43.49%,Q13424;Q14118-PRO_0000021065;Q14118-PRO_0000021066;Q13326;Q13884;Q16586;Q14714;Q92629;Q16585;Q9Y4J8-2;P46939
prerank,Interleukin-19 receptor-ligand complex,-0.46964769647696475,-0.8495197663918568,0.7033492822966507,0.7663634922143159,1.0,3/3,53.10%,Q9UHD0-PRO_0000015379;Q6UXL0;Q9UHF4
prerank,RXRalpha-RARalpha-NCOA2 retinoic acid receptor complex,-0.4799457994579946,-0.8484623841366857,0.7368421052631579,0.7672115150182067,1.0,3/3,52.07%,P10276;Q15596;P19793
prerank,"Dystrophin glycoprotein complex, retinal inner limiting membrane variant",0.565996740901684,0.8474702818295089,0.9433198380566802,1.0,1.0,11/11,43.57%,Q13424;Q14118-PRO_0000021065;Q14118-PRO_0000021066;Q13326;Q13884;Q16586;Q14714;Q92629;Q16585;Q9Y4J8-2;P11532-7
prerank,"Dystrophin glycoprotein complex, skeletal muscle variant",0.5657251493753398,0.8467014370883723,0.9436052366565961,1.0,1.0,11/11,43.60%,Q13424;Q14118-PRO_0000021065;Q14118-PRO_0000021066;Q13326;Q13884;Q16586;Q14714;Q92629;Q16585;Q9Y4J8-3;P11532-1
prerank,GATOR2 complex,0.602223427331887,0.8465179266445314,0.8784530386740331,1.0,1.0,5/5,39.86%,P55735;Q96EE3;Q9NXC5;Q6PJI9;Q96S15
prerank,"GABA-A receptor, alpha6-beta2-delta",-0.4753387533875339,-0.8448809689401316,0.7540106951871658,0.7740388002752245,1.0,3/3,52.53%,O14764;Q16445;P47870
prerank,MKS transition zone complex,0.5515085621092692,0.84404901405458,0.9638916750250752,1.0,1.0,14/14,45.06%,Q6UX40;Q96Q45;Q86X19;Q5HYA8;Q6NUS6;Q9UPM9;Q9BPU9;Q96GX1;Q9NXB0;Q8N157;Q9H6L2;Q9P2K1;Q9P0N5;Q2MV58
prerank,METTL1-WDR4 tRNA (guanine-N(7)-)-methyltransferase complex,-0.44742547425474255,-0.8416066092459128,0.7339901477832512,0.780530186713834,1.0,3/3,55.32%,P57081;Q9UBP6;CHEBI:59789
prerank,"GABA-A receptor, alpha4-beta2-delta",-0.4753387533875339,-0.8387948898959303,0.7857142857142857,0.7858419071964171,1.0,3/3,52.53%,O14764;P48169;P47870
prerank,"GABA-A receptor, alpha3-beta3-theta",-0.46639566395663956,-0.8369619901393801,0.729064039408867,0.7884164942744504,1.0,3/3,53.43%,Q9UN88;P34903;P28472
prerank,Anaphase-promoting core complex,0.5512367491166081,0.8364453774564962,0.9538615847542627,1.0,1.0,14/14,45.09%,Q8NHZ8;P60006;Q9UJX2;Q13042;Q9UJX3;Q9UJX5;Q9H1A4;Q96DE5;Q9NYG5;Q9UJX4;Q9BS18;P30260;Q9UJX6;Q9UM13
prerank,"Dynein-1 complex, variant 5",0.5877407106048277,0.8355432719334807,0.9039487726787621,1.0,1.0,6/6,41.32%,Q8TF09;P63172;Q14204;P63167;O43237;O14576
prerank,"GABA-A receptor, alpha5-beta3-gamma3",-0.46639566395663956,-0.8353942057125339,0.7703349282296651,0.7903891591598101,1.0,3/3,53.43%,Q99928;P31644;P28472
prerank,"Dynein-1 complex, variant 16",0.5880119338215353,0.8346521224993865,0.9294117647058824,1.0,1.0,6/6,41.29%,Q96FJ2;P51808;Q9NP97;Q14204;Q13409;Q9Y6G9
prerank,Ripoptosome,-0.4631436314363144,-0.83422740062819,0.806282722513089,0.7915653561762815,1.0,3/3,53.75%,Q13158;Q14790;Q13546
prerank,Interleukin-20 receptor-ligand Type 1 complex,-0.46964769647696475,-0.8339624993766521,0.7357512953367875,0.790488395138875,1.0,3/3,53.10%,Q9NYY1;Q6UXL0;Q9UHF4
prerank,"Dynein-1 complex, variant 3",0.5877407106048277,0.8339049388921657,0.9095744680851063,1.0,1.0,6/6,41.32%,Q9NP97;P63172;Q14204;P63167;O43237;O14576
prerank,"Dynein-1 complex, variant 14",0.5877407106048279,0.8334724489147614,0.9202127659574468,1.0,1.0,6/6,41.32%,Q96FJ2;P51808;Q9NP97;Q14204;Q9Y6G9;O14576
prerank,"Dynein-1 complex, variant 4",0.5877407106048277,0.8333748974601595,0.9018987341772152,1.0,1.0,6/6,41.32%,Q9NP97;P63172;Q14204;P63167;Q9Y6G9;O14576
prerank,"Dynein-1 complex, variant 6",0.5877407106048277,0.8331039337802437,0.9115138592750534,1.0,1.0,6/6,41.32%,Q8TF09;P63172;Q14204;P63167;Q9Y6G9;O14576
prerank,"Dynein-1 complex, variant 13",0.5877407106048279,0.8327771626731804,0.9207188160676533,1.0,1.0,6/6,41.32%,Q96FJ2;P51808;Q9NP97;Q14204;O43237;O14576
prerank,"Dynein-1 complex, variant 9",0.5877407106048279,0.8321085324328539,0.9186046511627907,1.0,1.0,6/6,41.32%,Q96FJ2;Q9NP97;P63172;Q14204;O43237;O14576
prerank,"Dynein-1 complex, variant 10",0.5877407106048279,0.8320328263643518,0.9143763213530656,1.0,1.0,6/6,41.32%,Q96FJ2;Q9NP97;P63172;Q14204;Q9Y6G9;O14576
prerank,"Dynein-1 complex, variant 15",0.5882831570382426,0.8316746290262826,0.9300847457627118,1.0,1.0,6/6,41.27%,Q96FJ2;P51808;Q9NP97;Q14204;O43237;Q13409
prerank,"Dynein-1 complex, variant 8",0.588011933821535,0.8309135522778412,0.9278131634819533,1.0,1.0,6/6,41.29%,Q8TF09;P63172;Q14204;P63167;Q13409;Q9Y6G9
prerank,"Dynein-1 complex, variant 7",0.5882831570382424,0.8305097630303564,0.9278131634819533,1.0,1.0,6/6,41.27%,Q8TF09;P63172;Q14204;P63167;O43237;Q13409
prerank,METTL5-TRM112 methyltransferase complex,-0.44742547425474255,-0.8304139352916193,0.7688679245283019,0.7973197577760758,1.0,3/3,55.32%,Q9NRN9;Q9UI30;CHEBI:59789
prerank,"Dynein-1 complex, variant 1",0.5882831570382424,0.8303181175754468,0.9353813559322034,1.0,1.0,6/6,41.27%,Q9NP97;P63172;Q14204;P63167;O43237;Q13409
prerank,"Dynein-1 complex, variant 2",0.588011933821535,0.8299927234380203,0.92,1.0,1.0,6/6,41.29%,Q9NP97;P63172;Q14204;P63167;Q13409;Q9Y6G9
prerank,"Dynein-1 complex, variant 11",0.5882831570382426,0.8297086033422238,0.9344608879492601,1.0,1.0,6/6,41.27%,Q96FJ2;Q9NP97;P63172;Q14204;O43237;Q13409
prerank,"Dynein-1 complex, variant 12",0.5880119338215353,0.8290551628864473,0.9344790547798066,1.0,1.0,6/6,41.29%,Q96FJ2;Q9NP97;P63172;Q14204;Q13409;Q9Y6G9
prerank,"GABA-A receptor, alpha3-beta3-gamma3",-0.46639566395663956,-0.8285893509806237,0.7115384615384616,0.7998362908817764,1.0,3/3,53.43%,Q99928;P34903;P28472
prerank,Ribonuclease MRP complex,0.5597176981541804,0.8262620691772075,0.952626158599382,1.0,1.0,9/9,44.16%,P78346;Q969H6;Q99575;Q9BUL9;URS000075C8FA_9606;O95707;O75817;P78345;O75818
prerank,TRMT11-TRM112 methyltransferase complex,-0.44742547425474255,-0.8242483635960207,0.7962962962962963,0.808834666852034,1.0,3/3,55.32%,Q7Z4G4;Q9UI30;CHEBI:59789
prerank,THUMPD2-TRM112 methyltransferase complex,-0.44742547425474255,-0.8233169063027446,0.7828054298642534,0.8093352614591162,1.0,3/3,55.32%,Q9BTF0;Q9UI30;CHEBI:59789
prerank,THUMPD3-TRM112 methyltransferase complex,-0.44742547425474255,-0.8199754156371444,0.835,0.8156245037712957,1.0,3/3,55.32%,Q9BV44;Q9UI30;CHEBI:59789
prerank,Nucleolar ribonuclease P complex,0.5464421510048887,0.81813989648267,0.9614604462474645,1.0,1.0,11/11,45.52%,P78346;Q969H6;Q99575;Q9BUL9;O95707;O75817;P78345;O75818;URS000013F331_9606;O95059;Q9H633
prerank,Eukaryotic translation initiation factor 3 complex,0.5364130434782609,0.8178216327100017,0.9688755020080321,1.0,1.0,13/13,46.55%,Q13347;O15372;P55884;P60228;O15371;Q9UBQ5;Q14152;Q99613;Q7L2H7;Q9Y262;O75821;O00303;O75822
prerank,IL33 receptor-ligand complex,-0.44607046070460704,-0.8156389507364533,0.8099547511312217,0.8239856286163701,1.0,3/3,55.46%,Q01638;O95760;Q9NPH3
prerank,E3 ligase (RANBP2) complex,0.6013550135501355,0.8150581471889188,0.8785529715762274,1.0,1.0,3/3,39.91%,P49792;P63279;P46060
prerank,Interleukin-36A receptor ligand complex,-0.44607046070460704,-0.8131406693837222,0.8076923076923077,0.8279679580080161,1.0,3/3,55.46%,Q9UHA7-PRO_0000153644;Q9HB29;Q9NPH3
prerank,N6AMT1-TRM112 methyltransferase complex,-0.44742547425474255,-0.809032890356101,0.8325358851674641,0.8357693975334616,1.0,3/3,55.32%,Q9Y5N5;Q9UI30;CHEBI:59789
prerank,"TIM23 mitochondrial inner membrane pre-sequence translocase complex, TIM17A variant",0.5351806574300464,0.8065256006727292,0.9698189134808853,1.0,1.0,12/12,46.66%,Q9Y5T4;Q9Y3D7;Q9BVV7;Q3ZCQ8;O14925;O43615;P38646;Q8TAA5;Q9HAV7;P60602;Q96DA6;Q99595
prerank,"TIM23 mitochondrial inner membrane pre-sequence translocase complex, TIM17B variant",0.5343656615050261,0.8038992056777292,0.972809667673716,1.0,1.0,12/12,46.74%,Q9Y5T4;Q9Y3D7;Q9BVV7;Q3ZCQ8;O14925;O43615;P38646;Q8TAA5;Q9HAV7;P60602;Q96DA6;O60830
prerank,BUD23-TRM112 methyltransferase complex,-0.44742547425474255,-0.803181295515523,0.8131313131313131,0.8474914159085994,1.0,3/3,55.32%,O43709;Q9UI30;CHEBI:59789
prerank,"TRAPP II complex, TRAPPC2 variant",0.5370621775726312,0.8024181711018259,0.9646821392532795,1.0,1.0,10/10,46.44%,O43617;Q8IUR0;Q9Y5R8;Q9UL33;Q9Y296;P0DI81;Q96Q05;A5PLN9;P48553;Q86SZ2
prerank,"TRAPP III complex, TRAPPC2 variant",0.5362476242193865,0.8022907735912561,0.9646107178968655,1.0,1.0,10/10,46.52%,O43617;Q8IUR0;Q9Y5R8;Q9UL33;Q9Y296;P0DI81;Q7Z392;O75865;Q9Y2L5;Q8WVT3
prerank,"TRAPP II complex, TRAPPC2B variant",0.5370621775726312,0.8021631112277927,0.967741935483871,1.0,1.0,10/10,46.44%,O43617;Q8IUR0;Q9Y5R8;Q9UL33;Q9Y296;P0DI82;Q96Q05;A5PLN9;P48553;Q86SZ2
prerank,"TRAPP III complex, TRAPPC2B variant",0.5362476242193867,0.8013693317184624,0.9665653495440729,1.0,1.0,10/10,46.52%,O43617;Q8IUR0;Q9Y5R8;Q9UL33;Q9Y296;P0DI82;Q7Z392;O75865;Q9Y2L5;Q8WVT3
prerank,Interleukin-36B receptor ligand complex,-0.44607046070460704,-0.7978724101112922,0.8513513513513513,0.8576360547615328,1.0,3/3,55.46%,Q9NZH7-PRO_0000153646;Q9HB29;Q9NPH3
prerank,"Dystrophin glycoprotein complex, CNS variant",0.5500678426051562,0.7976780347088829,0.9546858908341915,1.0,1.0,8/8,45.11%,Q13424;Q14118-PRO_0000021065;Q14118-PRO_0000021066;O60941;P11532-4;O43556;Q9NSN8;Q96LD1
prerank,mRNA cap guanine-N7 methyltransferase complex,-0.44742547425474255,-0.7957189410989616,0.8440366972477065,0.8607630326967058,1.0,3/3,55.32%,O43148;Q9BTL3;CHEBI:59789
prerank,Interleukin-36G receptor ligand complex,-0.44607046070460704,-0.7944609756038695,0.85,0.8614015964392365,1.0,3/3,55.46%,Q9NZH8-PRO_0000153648;Q9HB29;Q9NPH3
prerank,CatSpermasome complex,0.5232273838630809,0.7875459778569992,0.9818731117824774,1.0,1.0,12/12,47.85%,E9PQX1;A8MZ26;Q86XM0;Q5SY80;Q9H7T0;Q9NTU4;Q96P56;Q8NEC5;Q86XQ3;Q2WGJ8;Q7RTX7;Q6ZRH7
prerank,ESCRT-III complex,0.5108636610537756,0.7629443685936662,0.9838872104733132,1.0,1.0,11/11,49.07%,O43633;Q9H444;Q9NZZ3;Q9Y3E7;Q9UQN3;Q96CF2;Q8WUX9;Q7LBR1;Q96FZ7;Q9HD42;Q9BY43
prerank,"sTNF-TNR1A receptor-ligand core complex, BIRC2 variant",0.5214324470971243,0.7537246283775618,0.9701030927835051,1.0,1.0,7/7,47.96%,Q12933;Q13546;Q13490;O00463;Q15628;P19438-PRO_0000034543;CPX-8826
prerank,"mTNF-TNR1A receptor-ligand core complex, BIRC2 variant",0.5219750406945198,0.7536252868560046,0.9690721649484536,1.0,1.0,7/7,47.90%,Q12933;Q13546;Q13490;CPX-8931;O00463;Q15628;P19438-PRO_0000034543
prerank,"sTNF-TNR1A receptor-ligand core complex, BIRC3 variant",0.5214324470971243,0.7509490914642541,0.9812889812889813,1.0,1.0,7/7,47.96%,Q12933;Q13546;Q13489;O00463;Q15628;P19438-PRO_0000034543;CPX-8826
prerank,"mTNF-TNR1A receptor-ligand core complex, BIRC3 variant",0.5219750406945198,0.749210450471809,0.9854166666666667,1.0,1.0,7/7,47.90%,Q12933;Q13546;Q13489;CPX-8931;O00463;Q15628;P19438-PRO_0000034543
prerank,"Cav1.1 voltage-gated calcium channel complex, CACNA2D4-CACNB2-CACNG1 variant",0.5281995661605208,0.7439415897588441,0.9601769911504425,1.0,1.0,5/5,47.25%,Q06432;Q13698;Q08289;Q7Z3S7-PRO_0000304657;Q7Z3S7-PRO_0000304656
prerank,"Cav1.1 voltage-gated calcium channel complex, CACNA2D4-CACNB1-CACNG1 variant",0.5281995661605208,0.7436544704583874,0.9606126914660832,1.0,1.0,5/5,47.25%,Q06432;Q13698;Q02641;Q7Z3S7-PRO_0000304657;Q7Z3S7-PRO_0000304656
prerank,"Cav1.1 voltage-gated calcium channel complex, CACNA2D2-CACNB3-CACNG1 variant",0.5292841648590023,0.7429592928821749,0.9613259668508287,1.0,1.0,5/5,47.14%,Q06432;Q13698;P54284;Q9NY47-PRO_0000304637;Q9NY47-PRO_0000304639
prerank,"Cav1.1 voltage-gated calcium channel complex, CACNA2D4-CACNB4-CACNG1 variant",0.5281995661605208,0.7415740651047189,0.973421926910299,1.0,1.0,5/5,47.25%,Q06432;Q13698;O00305;Q7Z3S7-PRO_0000304657;Q7Z3S7-PRO_0000304656
prerank,"GID E3 ubiquitin ligase complex, RMND5B-RANBP10 variant",0.5038002171552661,0.7410520000518656,0.9857142857142858,1.0,1.0,9/9,49.74%,P62699;Q8IUR7;Q7L5Y9;Q9UL63;Q8IVV7;Q9NWU2;Q9H7D7;Q6VN20;Q96G75
prerank,"Cav1.1 voltage-gated calcium channel complex, CACNA2D3-CACNB3-CACNG1 variant",0.5287418655097615,0.7407277601928995,0.9657458563535911,1.0,1.0,5/5,47.20%,Q06432;Q13698;P54284;Q8IZS8-PRO_0000304647;Q8IZS8-PRO_0000304648
prerank,"Cav1.1 voltage-gated calcium channel complex, CACNA2D3-CACNB1-CACNG1 variant",0.5287418655097615,0.7404471254531177,0.9691629955947136,1.0,1.0,5/5,47.20%,Q06432;Q13698;Q02641;Q8IZS8-PRO_0000304647;Q8IZS8-PRO_0000304648
prerank,"Cav1.1 voltage-gated calcium channel complex, CACNA2D2-CACNB4-CACNG1 variant",0.5292841648590023,0.7403474096957693,0.9611542730299667,1.0,1.0,5/5,47.14%,Q06432;Q13698;O00305;Q9NY47-PRO_0000304637;Q9NY47-PRO_0000304639
prerank,"Cav1.1 voltage-gated calcium channel complex, CACNA2D3-CACNB2-CACNG1 variant",0.5287418655097615,0.7401329900640172,0.9646017699115044,1.0,1.0,5/5,47.20%,Q06432;Q13698;Q08289;Q8IZS8-PRO_0000304647;Q8IZS8-PRO_0000304648
prerank,"Nucleosome, variant H3.1-H2A.2-H2B.1",0.5319956616052061,0.740072646308384,0.9658590308370044,1.0,1.0,5/5,46.87%,P62805;P06899;P68431;CHEBI:4705;P04908
prerank,"Cav1.1 voltage-gated calcium channel complex, CACNA2D1-CACNB3-CACNG1 variant",0.5284707158351412,0.7394646067759154,0.967391304347826,1.0,1.0,5/5,47.22%,Q06432;Q13698;P54284;P54289-PRO_0000005002;P54289-PRO_0000005001
prerank,"Cav1.1 voltage-gated calcium channel complex, CACNA2D2-CACNB2-CACNG1 variant",0.5292841648590023,0.7393023683477735,0.9711111111111111,1.0,1.0,5/5,47.14%,Q06432;Q13698;Q08289;Q9NY47-PRO_0000304637;Q9NY47-PRO_0000304639
prerank,"Cav1.1 voltage-gated calcium channel complex, CACNA2D4-CACNB3-CACNG1 variant",0.5281995661605208,0.7393011180894106,0.9743589743589743,1.0,1.0,5/5,47.25%,Q06432;Q13698;P54284;Q7Z3S7-PRO_0000304657;Q7Z3S7-PRO_0000304656
prerank,"Cav1.1 voltage-gated calcium channel complex, CACNA2D1-CACNB2-CACNG1 variant",0.5284707158351412,0.7392751441608582,0.9661941112322792,1.0,1.0,5/5,47.22%,Q06432;Q13698;Q08289;P54289-PRO_0000005002;P54289-PRO_0000005001
prerank,"Cav1.1 voltage-gated calcium channel complex, CACNA2D1-CACNB4-CACNG1 variant",0.5284707158351412,0.7385293072786672,0.9748908296943232,1.0,1.0,5/5,47.22%,Q06432;Q13698;O00305;P54289-PRO_0000005002;P54289-PRO_0000005001
prerank,"Cav1.1 voltage-gated calcium channel complex, CACNA2D3-CACNB4-CACNG1 variant",0.5287418655097615,0.7379607129762865,0.9721913236929922,1.0,1.0,5/5,47.20%,Q06432;Q13698;O00305;Q8IZS8-PRO_0000304647;Q8IZS8-PRO_0000304648
prerank,"Cav1.1 voltage-gated calcium channel complex, CACNA2D1-CACNB1-CACNG1 variant",0.5284707158351412,0.7374888898720762,0.9751351351351352,1.0,1.0,5/5,47.22%,Q06432;Q13698;Q02641;P54289-PRO_0000005002;P54289-PRO_0000005001
prerank,"Cav1.1 voltage-gated calcium channel complex, CACNA2D2-CACNB1-CACNG1 variant",0.5292841648590023,0.7366712635553895,0.9698660714285714,1.0,1.0,5/5,47.14%,Q06432;Q13698;Q02641;Q9NY47-PRO_0000304637;Q9NY47-PRO_0000304639
prerank,BORC complex,0.5014925373134329,0.7360780060436557,0.9825997952917093,1.0,1.0,8/8,49.96%,Q6QNY1;P78537;O95295;Q969J3;Q96FH0;Q96B45;Q96GS4;Q9BQD3
prerank,Oligosaccharyltransferase complex A,0.5010857763300761,0.7323258890606523,0.9929078014184397,1.0,1.0,9/9,50.01%,P61803;P39656;P04844;P04843;P0C6T2;P61165;Q9NRP0;Q8N6L1;P46977
prerank,"GID E3 ubiquitin ligase complex, RMND5B-RANBP9 variant",0.4980998914223671,0.7318020538508924,0.9815762538382804,1.0,1.0,9/9,50.31%,P62699;Q8IUR7;Q7L5Y9;Q9UL63;Q8IVV7;Q9NWU2;Q9H7D7;Q96G75;Q96S59
prerank,"GID E3 ubiquitin ligase complex, RMND5A-RANBP10 variant",0.4959283387622151,0.7300398512292883,0.9888097660223805,1.0,1.0,9/9,50.53%,P62699;Q8IUR7;Q7L5Y9;Q9UL63;Q8IVV7;Q9NWU2;Q9H7D7;Q6VN20;Q9H871
prerank,Telomerase holoenzyme complex,0.5070537167661421,0.7299401432082825,0.9790356394129979,1.0,1.0,7/7,49.39%,O14746;URS00004A7003_9606;Q9NPE3;Q9BUR4;Q9NX24;Q9NY12;O60832
prerank,"GID E3 ubiquitin ligase complex, RMND5A-RANBP9 variant",0.4959283387622151,0.7282127425766571,0.9877675840978594,1.0,1.0,9/9,50.53%,P62699;Q8IUR7;Q7L5Y9;Q9UL63;Q8IVV7;Q9NWU2;Q9H7D7;Q96S59;Q9H871
prerank,"Cav1.2 voltage-gated calcium channel complex, CACNA2D4-CACNB2 variant",0.5280563838438601,0.7279852723771939,0.9560185185185185,1.0,1.0,4/4,47.25%,Q13936;Q08289;Q7Z3S7-PRO_0000304657;Q7Z3S7-PRO_0000304656
prerank,"Cav1.2 voltage-gated calcium channel complex, CACNA2D2-CACNB3 variant",0.529140688533478,0.726629353380702,0.9521028037383178,1.0,1.0,4/4,47.14%,Q13936;P54284;Q9NY47-PRO_0000304637;Q9NY47-PRO_0000304639
prerank,"Cav1.2 voltage-gated calcium channel complex, CACNA2D3-CACNB2 variant",0.528598536188669,0.7265389644185332,0.9467592592592593,1.0,1.0,4/4,47.20%,Q13936;Q08289;Q8IZS8-PRO_0000304647;Q8IZS8-PRO_0000304648
prerank,"Cav1.2 voltage-gated calcium channel complex, CACNA2D1-CACNB2 variant",0.5283274600162646,0.7264371324547272,0.9607182940516273,1.0,1.0,4/4,47.22%,Q13936;Q08289;P54289-PRO_0000005002;P54289-PRO_0000005001
prerank,"Cav1.2 voltage-gated calcium channel complex, CACNA2D3-CACNB1 variant",0.528598536188669,0.7262779267733529,0.9536500579374276,1.0,1.0,4/4,47.20%,Q13936;Q02641;Q8IZS8-PRO_0000304647;Q8IZS8-PRO_0000304648
prerank,"Cav1.2 voltage-gated calcium channel complex, CACNA2D4-CACNB1 variant",0.5280563838438601,0.7255124264528076,0.9652375434530707,1.0,1.0,4/4,47.25%,Q13936;Q02641;Q7Z3S7-PRO_0000304657;Q7Z3S7-PRO_0000304656
prerank,"Cav1.2 voltage-gated calcium channel complex, CACNA2D2-CACNB1 variant",0.529140688533478,0.7241198763066867,0.9535962877030162,1.0,1.0,4/4,47.14%,Q13936;Q02641;Q9NY47-PRO_0000304637;Q9NY47-PRO_0000304639
prerank,"Cav1.2 voltage-gated calcium channel complex, CACNA2D3-CACNB3 variant",0.528598536188669,0.7239577839710077,0.9470046082949308,1.0,1.0,4/4,47.20%,Q13936;P54284;Q8IZS8-PRO_0000304647;Q8IZS8-PRO_0000304648
prerank,"Cav1.2 voltage-gated calcium channel complex, CACNA2D2-CACNB2 variant",0.529140688533478,0.7238718041949294,0.9528735632183908,1.0,1.0,4/4,47.14%,Q13936;Q08289;Q9NY47-PRO_0000304637;Q9NY47-PRO_0000304639
prerank,"Cav1.2 voltage-gated calcium channel complex, CACNA2D4-CACNB3 variant",0.5280563838438601,0.7238288145493599,0.9618937644341802,1.0,1.0,4/4,47.25%,Q13936;P54284;Q7Z3S7-PRO_0000304657;Q7Z3S7-PRO_0000304656
prerank,"Cav1.2 voltage-gated calcium channel complex, CACNA2D2-CACNB4 variant",0.529140688533478,0.7235452964229845,0.9515570934256056,1.0,1.0,4/4,47.14%,Q13936;O00305;Q9NY47-PRO_0000304637;Q9NY47-PRO_0000304639
prerank,"Cav1.2 voltage-gated calcium channel complex, CACNA2D1-CACNB4 variant",0.5283274600162646,0.7233365865459891,0.9632606199770379,1.0,1.0,4/4,47.22%,Q13936;O00305;P54289-PRO_0000005002;P54289-PRO_0000005001
prerank,"Cav1.2 voltage-gated calcium channel complex, CACNA2D4-CACNB4 variant",0.5280563838438601,0.7233089028524344,0.9642445213379469,1.0,1.0,4/4,47.25%,Q13936;O00305;Q7Z3S7-PRO_0000304657;Q7Z3S7-PRO_0000304656
prerank,"Cav1.2 voltage-gated calcium channel complex, CACNA2D1-CACNB1 variant",0.5283274600162646,0.7232489719399934,0.9728506787330317,1.0,1.0,4/4,47.22%,Q13936;Q02641;P54289-PRO_0000005002;P54289-PRO_0000005001
prerank,"Cav1.2 voltage-gated calcium channel complex, CACNA2D1-CACNB3 variant",0.5283274600162646,0.722997126725701,0.9679633867276888,1.0,1.0,4/4,47.22%,Q13936;P54284;P54289-PRO_0000005002;P54289-PRO_0000005001
prerank,"Cav1.2 voltage-gated calcium channel complex, CACNA2D3-CACNB4 variant",0.528598536188669,0.7218326806349951,0.9564193168433451,1.0,1.0,4/4,47.20%,Q13936;O00305;Q8IZS8-PRO_0000304647;Q8IZS8-PRO_0000304648
prerank,BLOC-1 complex,0.4976933514246948,0.721336532930939,0.9927461139896373,1.0,1.0,8/8,50.34%,Q6QNY1;P78537;O95295;Q6QNY0;Q9UL45;Q9NUP1;Q96EV8;Q8TDH9
prerank,VCP-NPL4-UFD1 AAA ATPase complex,0.5325203252032519,0.7160266769586113,0.9359296482412061,1.0,1.0,3/3,46.79%,P55072;Q8TAT6;Q92890
prerank,"Oligosaccharyltransferase complex B, TUCS3 variant",0.4871099050203529,0.7061673317433074,0.9959183673469387,1.0,1.0,8/8,51.39%,P61803;P39656;P04844;P04843;P0C6T2;P61165;Q8TCJ2;Q13454
prerank,VCP-NPL4-UFD1-FAF2 AAA ATPase complex,0.5128761181892112,0.7010395117681528,0.9577960140679953,1.0,1.0,4/4,48.77%,P55072;Q8TAT6;Q92890;Q96CS3
prerank,VCP-NPL4-UFD1-UBXN1 AAA ATPase complex,0.5134182705340201,0.7004647408945773,0.9585253456221198,1.0,1.0,4/4,48.71%,P55072;Q8TAT6;Q92890;Q04323
prerank,Fanconi anemia FANCM-FAAP24-MHF anchoring complex,0.5104364326375712,0.6999619235084216,0.9469339622641509,1.0,1.0,4/4,49.01%,Q8N2Z9;A8MT69;Q9BTP7;Q8IYD8
prerank,VCP-NPL4-UFD1-UBXN7 AAA ATPase complex,0.5101653564651667,0.6977538564609722,0.9633447880870561,1.0,1.0,4/4,49.04%,P55072;Q8TAT6;Q92890;O94888
prerank,"Oligosaccharyltransferase complex B, MAGT1 variant",0.47951153324287665,0.6963070331958822,0.9959183673469387,1.0,1.0,8/8,52.15%,P61803;P39656;P04844;P04843;P0C6T2;P61165;Q8TCJ2;Q9H0U3
prerank,"GABA-A receptor, alpha1-alpha3-beta2-gamma2",0.5036595283274601,0.6955022158072842,0.9580908032596042,1.0,1.0,4/4,49.69%,P47870;P18507;P14867;P34903
prerank,VCP-NPL4-UFD1-FAF1 AAA ATPase complex,0.5090810517755491,0.6948435191562364,0.9607390300230947,1.0,1.0,4/4,49.15%,P55072;Q8TAT6;Q92890;Q9UNN5
prerank,"GABA-A receptor, alpha1-beta2-beta3-gamma2",0.504201680672269,0.6944709404495065,0.9614485981308412,1.0,1.0,4/4,49.63%,P28472;P47870;P18507;P14867
prerank,"GABA-A receptor, alpha1-beta1-beta2-gamma2",0.504201680672269,0.6937399381229103,0.9597633136094674,1.0,1.0,4/4,49.63%,P47870;P18507;P18505;P14867
prerank,"Retromer complex, VPS26A variant",0.5094850948509484,0.6930683217637232,0.9275549805950841,1.0,1.0,3/3,49.09%,Q9UBQ0;Q96QK1;O75436
prerank,"Retromer complex, VPS26B variant",0.5092140921409214,0.6911762800137728,0.9263565891472868,1.0,1.0,3/3,49.12%,Q9UBQ0;Q96QK1;Q4G0F5
prerank,Interferon kappa receptor-ligand complex,0.5056910569105689,0.690292447131482,0.9313850063532402,1.0,1.0,3/3,49.47%,P17181;P48551;Q9P0W0
prerank,"Interferon alpha receptor-ligand complex, IFNA17 variant",0.5046070460704606,0.6876912563779793,0.9384816753926701,1.0,1.0,3/3,49.58%,P17181;P48551;P01571
prerank,"Interferon alpha receptor-ligand complex, IFNA21 variant",0.5048780487804876,0.685768487342399,0.9394329896907216,1.0,1.0,3/3,49.55%,P17181;P48551;P01568
prerank,Interferon beta receptor-ligand complex,0.5051490514905148,0.6856195783654463,0.9503916449086162,1.0,1.0,3/3,49.53%,P17181;P48551;P01574
prerank,"mTNF-TNR1B receptor-ligand core complex, BIRC2 variant",0.49390078612090016,0.6855194144247326,0.9534342258440046,1.0,1.0,4/4,50.66%,Q12933;Q13490;CPX-8931;P20333-PRO_0000034548
prerank,"GABA-A receptor, alpha3-beta1-gamma2 complex",0.5035230352303521,0.6843482062213954,0.9486521181001284,1.0,1.0,3/3,49.69%,P18507;P18505;P34903
prerank,"GABA-A receptor, alpha1-beta1-gamma2",0.5040650406504064,0.684061216565651,0.9405063291139241,1.0,1.0,3/3,49.63%,P18507;P18505;P14867
prerank,"GABA-A receptor, alpha1-beta2-gamma2",0.5040650406504064,0.6839924328427658,0.9415501905972046,1.0,1.0,3/3,49.63%,P47870;P18507;P14867
prerank,Interferon epsilon receptor-ligand complex,0.5043360433604335,0.6828148852871968,0.9453125,1.0,1.0,3/3,49.61%,P17181;P48551;Q86WN2
prerank,"GABA-A receptor, alpha1-beta3-gamma2",0.5040650406504064,0.6823195279661466,0.9493029150823827,1.0,1.0,3/3,49.63%,P28472;P18507;P14867
prerank,"Nucleosome, variant H3.2-H2A.2-H2B.1",0.4905097613882864,0.682183340425691,0.9845132743362832,1.0,1.0,5/5,51.02%,P62805;P06899;CHEBI:4705;P04908;Q71DI3
prerank,"Interferon alpha receptor-ligand complex, IFNA4 variant",0.49647696476964753,0.682094052182064,0.9408740359897172,1.0,1.0,3/3,50.39%,P17181;P48551;P05014
prerank,"GABA-A receptor, alpha3-beta3-gamma2",0.5035230352303522,0.6807432375156712,0.94375,1.0,1.0,3/3,49.69%,P28472;P18507;P34903
prerank,"GABA-A receptor, alpha3-beta2-gamma2",0.5035230352303521,0.680399463894539,0.9485861182519281,1.0,1.0,3/3,49.69%,P47870;P18507;P34903
prerank,"Nucleosome, variant H3.1-H2A.V-H2B.1",0.4907809110629068,0.6799605888848148,0.9846659364731654,1.0,1.0,5/5,50.99%,P62805;P06899;P68431;CHEBI:4705;Q71UI9
prerank,Interleukin-22 receptor-ligand complex,0.5062330623306233,0.6799023412451238,0.950381679389313,1.0,1.0,3/3,49.42%,Q08334;Q8N6P7;Q9GZX6
prerank,"mTNF-TNR1B receptor-ligand core complex, BIRC3 variant",0.4939007861209001,0.6789083918850408,0.9577464788732394,1.0,1.0,4/4,50.66%,Q12933;Q13489;CPX-8931;P20333-PRO_0000034548
prerank,"Interferon alpha receptor-ligand complex, IFNA14 variant",0.4997289972899728,0.6782234742562989,0.9437908496732026,1.0,1.0,3/3,50.07%,P17181;P48551;P01570
prerank,"Nucleosome complex, H2A type 1 variant ",0.4891540130151844,0.6777557910515918,0.9835345773874863,1.0,1.0,5/5,51.15%,P62805;P06899;P68431;CHEBI:4705;P0C0S8
prerank,"Interferon alpha receptor-ligand complex, IFNA6 variant",0.49756097560975593,0.6773940258741498,0.9374185136897001,1.0,1.0,3/3,50.28%,P17181;P48551;P05013
prerank,"Nucleosome, variant H3.1-H2A.Z-H2B.1",0.48861171366594364,0.6771285145964949,0.9813800657174151,1.0,1.0,5/5,51.20%,P62805;P06899;P68431;CHEBI:4705;P0C0S5
prerank,"Interferon alpha receptor-ligand complex, IFNA5 variant",0.49674796747967465,0.6767929122429913,0.9411764705882353,1.0,1.0,3/3,50.37%,P17181;P48551;P01569
prerank,"Interferon alpha receptor-ligand complex, IFNA2 variant",0.49783197831978304,0.6767395247886497,0.9362244897959183,1.0,1.0,3/3,50.26%,P17181;P48551;P01563
prerank,"Nucleosome complex, H2BC12 variant ",0.4815618221258135,0.6744913651501886,0.974472807991121,1.0,1.0,5/5,51.91%,P62805;P68431;CHEBI:4705;P04908;O60814
prerank,Interferon omega receptor-ligand complex,0.49457994579945785,0.674369058632248,0.9452411994784876,1.0,1.0,3/3,50.58%,P17181;P48551;P05000
prerank,"Interferon alpha receptor-ligand complex, IFNA16 variant",0.49485094850948497,0.6738402001103349,0.9513157894736842,1.0,1.0,3/3,50.56%,P17181;P48551;P05015
prerank,"Interferon alpha receptor-ligand complex, IFNA7 variant",0.49566395663956625,0.6734485450562653,0.9384816753926701,1.0,1.0,3/3,50.47%,P17181;P48551;P01567
prerank,"Nucleosome, variant H3.1t-H2A.2-H2B.1",0.48074837310195234,0.6726935803107787,0.9768211920529801,1.0,1.0,5/5,51.99%,P62805;P06899;CHEBI:4705;P04908;Q16695
prerank,Interleukin-4 receptor-ligand type-1 complex,0.4953929539295392,0.672369660028619,0.9446450060168472,1.0,1.0,3/3,50.50%,P31785;P24394;P05112
prerank,"Interferon alpha receptor-ligand complex, IFNA8 variant",0.49593495934959336,0.6722202404514109,0.9506666666666667,1.0,1.0,3/3,50.45%,P17181;P48551;P32881
prerank,CENP-A nucleosome complex,0.4821041214750543,0.6716659511772165,0.9749727965179543,1.0,1.0,5/5,51.85%,P62805;P06899;P04908;P49450;CHEBI:75909
prerank,"Interferon alpha receptor-ligand complex, IFNA10 variant",0.4962059620596204,0.6714473855333669,0.9417989417989417,1.0,1.0,3/3,50.42%,P17181;P48551;P01566
prerank,"Interferon alpha receptor-ligand complex, IFNA1 variant",0.49918699186991855,0.670672990029964,0.9520103761348897,1.0,1.0,3/3,50.12%,P17181;P48551;P01562
prerank,Interleukin-26 receptor-ligand complex,0.49349593495934946,0.6640933569916239,0.9561510353227771,1.0,1.0,3/3,50.69%,Q08334;Q9UHF4;Q9NPH9
prerank,"GABA-A receptor, alpha1-alpha2-beta2-beta3-gamma2",0.4747830802603037,0.6619188538073121,0.9810690423162584,1.0,1.0,5/5,52.59%,P28472;P47870;P18507;P14867;P47869
prerank,Interleukin-15 receptor-ligand complex,0.47682298725941996,0.6566796595633094,0.9553466509988249,1.0,1.0,4/4,52.37%,P31785;P14784;P40933;Q13261
prerank,Interleukin-2 receptor-ligand complex,0.4773651396042288,0.6540905985020834,0.9698375870069605,1.0,1.0,4/4,52.32%,P31785;P14784;P01589;P60568
prerank,"GABA-A receptor, alpha1-alpha2-beta3-gamma2",0.4746543778801843,0.6535490170389161,0.9643268124280783,1.0,1.0,4/4,52.59%,P28472;P18507;P14867;P47869
prerank,Interleukin 11-sIL11RA-IL-6ST receptor-ligand trans-signalling complex,0.4758807588075881,0.6504551430803839,0.9477040816326531,1.0,1.0,3/3,52.45%,P40189;P20809;Q14626-PRO_0000450688
prerank,"Interleukin-24 receptor-ligand complex, type 1",0.4764227642276422,0.6458987240437131,0.9585427135678392,1.0,1.0,3/3,52.40%,Q9UHF4;Q6UXL0;Q13007
prerank,"Nav1.4 voltage-gated sodium channel complex, SCN2B-SCN3B variant",0.47344173441734416,0.6458316422074017,0.9556650246305419,1.0,1.0,3/3,52.69%,O60939;Q9NY72;P35499
prerank,"Nav1.4 voltage-gated sodium channel complex, SCN3B-SCN4B variant",0.4734417344173442,0.645258638162615,0.950186799501868,1.0,1.0,3/3,52.69%,Q8IWT1;Q9NY72;P35499
prerank,Hexasome complex,0.47140146381133124,0.6440783421121425,0.980209545983702,1.0,1.0,4/4,52.91%,P62805;P68431;Q93077;P62807
prerank,Interleukin-1 beta ligand-membrane bound receptor type 1 complex,0.47506775067750684,0.6440254181870154,0.9514925373134329,1.0,1.0,3/3,52.53%,Q9NPH3;P01584-PRO_0000015302;P14778-PRO_0000015435
prerank,"Nav1.4 voltage-gated sodium channel complex, SCN1B-SCN2B variant",0.47344173441734416,0.6437341259462285,0.9591584158415841,1.0,1.0,3/3,52.69%,Q07699;O60939;P35499
prerank,"Nav1.4 voltage-gated sodium channel complex, SCN1B-SCN4B variant",0.47344173441734416,0.6432058683023895,0.9611041405269761,1.0,1.0,3/3,52.69%,Q07699;Q8IWT1;P35499
prerank,Interleukin-27 receptor-ligand complex,0.470046082949309,0.6430806123681894,0.9748858447488584,1.0,1.0,4/4,53.05%,P40189;Q6UWB1;Q14213;Q8NEV9
prerank,"Nav1.3 voltage-gated sodium channel complex, SCN1B-SCN4B variant",0.47154471544715443,0.6430386790217396,0.9543726235741445,1.0,1.0,3/3,52.88%,Q07699;Q8IWT1;Q9NY46
prerank,"Nav1.3 voltage-gated sodium channel complex, SCN3B-SCN4B variant",0.4715447154471545,0.6429256992342948,0.9632911392405064,1.0,1.0,3/3,52.88%,Q8IWT1;Q9NY72;Q9NY46
prerank,"Nav1.8 voltage-gated sodium channel complex, SCN1B-SCN4B variant",0.4737127371273713,0.642720498670138,0.9534591194968554,1.0,1.0,3/3,52.67%,Q07699;Q8IWT1;Q9Y5Y9
prerank,"Nav1.3 voltage-gated sodium channel complex, SCN2B-SCN3B variant",0.4715447154471545,0.6420665536854347,0.9629629629629629,1.0,1.0,3/3,52.88%,O60939;Q9NY72;Q9NY46
prerank,Precursor interleukin-1 alpha-membrane-bound receptor type 1 complex,0.4750677506775069,0.6418377499598047,0.9471698113207547,1.0,1.0,3/3,52.53%,Q9NPH3;P01583;P14778-PRO_0000015435
prerank,"Nav1.8 voltage-gated sodium channel complex, SCN2B-SCN3B variant",0.4737127371273713,0.6410908164374527,0.9419035846724351,1.0,1.0,3/3,52.67%,O60939;Q9NY72;Q9Y5Y9
prerank,"Nav1.7 voltage-gated sodium channel complex, SCN2B-SCN3B variant",0.47317073170731705,0.640783334412858,0.9545454545454546,1.0,1.0,3/3,52.72%,O60939;Q9NY72;Q15858
prerank,"Nav1.8 voltage-gated sodium channel complex, SCN3B-SCN4B variant",0.47371273712737133,0.640551274747266,0.950507614213198,1.0,1.0,3/3,52.67%,Q8IWT1;Q9NY72;Q9Y5Y9
prerank,Interleukin-1 beta ligand-soluble receptor type 1 complex,0.47560975609756106,0.6402703778826165,0.9708491761723701,1.0,1.0,3/3,52.48%,Q9NPH3;P01584-PRO_0000015302;P14778-PRO_0000415344
prerank,"Nav1.3 voltage-gated sodium channel complex, SCN1B-SCN2B variant",0.4715447154471545,0.639935619788657,0.9659090909090909,1.0,1.0,3/3,52.88%,Q07699;O60939;Q9NY46
prerank,Interleukin-10 receptor-ligand complex,0.4693766937669377,0.6393715483392819,0.9575,1.0,1.0,3/3,53.10%,Q08334;P22301;Q13651
prerank,Interleukin-6-mIL6R-mIL6ST receptor-ligand classical signalling complex,0.4707317073170731,0.6391864317491949,0.9548872180451128,1.0,1.0,3/3,52.97%,P40189;P05231;P08887-PRO_0000010895
prerank,"GABA-A receptor, alpha6-beta3-gamma2",0.47181571815718165,0.6388873032293945,0.9683944374209861,1.0,1.0,3/3,52.86%,P28472;P18507;Q16445
prerank,"Interferon lambda receptor-ligand complex, IFNL3 variant",0.47289972899729016,0.6385457957105296,0.9573400250941029,1.0,1.0,3/3,52.75%,Q08334;Q8IU57;Q8IZI9
prerank,Precursor interleukin-1 alpha-soluble receptor type 1 complex,0.475338753387534,0.6384967232122736,0.9618805590851334,1.0,1.0,3/3,52.50%,Q9NPH3;P14778-PRO_0000415344;P01583
prerank,"Nav1.6 voltage-gated sodium channel complex, SCN3B-SCN4B variant",0.4691056910569106,0.6381530788216124,0.95,1.0,1.0,3/3,53.13%,Q8IWT1;Q9NY72;Q9UQD0
prerank,"Nav1.8 voltage-gated sodium channel complex, SCN1B-SCN2B variant",0.4737127371273713,0.6375824627626241,0.9594423320659062,1.0,1.0,3/3,52.67%,Q07699;O60939;Q9Y5Y9
prerank,"Nav1.5 voltage-gated sodium channel complex, SCN1B-SCN4B variant",0.46883468834688347,0.6372809135256712,0.9565217391304348,1.0,1.0,3/3,53.15%,Q07699;Q8IWT1;Q14524
prerank,"Nav1.1 voltage-gated sodium channel complex, SCN1B-SCN4B variant",0.46964769647696475,0.6372230070719231,0.9546027742749055,1.0,1.0,3/3,53.07%,Q07699;Q8IWT1;P35498
prerank,"Nav1.6 voltage-gated sodium channel complex, SCN1B-SCN4B variant",0.4691056910569105,0.636764048203503,0.9637046307884856,1.0,1.0,3/3,53.13%,Q07699;Q8IWT1;Q9UQD0
prerank,"Nav1.7 voltage-gated sodium channel complex, SCN3B-SCN4B variant",0.4731707317073171,0.6367277273568397,0.9603072983354674,1.0,1.0,3/3,52.72%,Q8IWT1;Q9NY72;Q15858
prerank,"Nav1.7 voltage-gated sodium channel complex, SCN1B-SCN2B variant",0.47317073170731705,0.63652107147856,0.9642857142857143,1.0,1.0,3/3,52.72%,Q07699;O60939;Q15858
prerank,"Nav1.5 voltage-gated sodium channel complex, SCN3B-SCN4B variant",0.4688346883468835,0.6365172945520494,0.9716494845360825,1.0,1.0,3/3,53.15%,Q8IWT1;Q9NY72;Q14524
prerank,"GABA-A receptor, alpha2-beta3-gamma2",0.4745257452574526,0.6362401896383728,0.9685138539042821,1.0,1.0,3/3,52.59%,P28472;P18507;P47869
prerank,"Nav1.5 voltage-gated sodium channel complex, SCN2B-SCN3B variant",0.46883468834688347,0.6354924541406448,0.9636591478696742,1.0,1.0,3/3,53.15%,O60939;Q9NY72;Q14524
prerank,"Nav1.1 voltage-gated sodium channel complex, SCN3B-SCN4B variant",0.4696476964769648,0.6345929886471513,0.9548969072164949,1.0,1.0,3/3,53.07%,Q8IWT1;Q9NY72;P35498
prerank,"Nav1.2 voltage-gated sodium channel complex, SCN1B-SCN4B variant",0.46856368563685635,0.6345827858840921,0.9636591478696742,1.0,1.0,3/3,53.18%,Q07699;Q8IWT1;Q99250
prerank,"Nav1.7 voltage-gated sodium channel complex, SCN1B-SCN4B variant",0.47317073170731705,0.6345005865541642,0.9710327455919395,1.0,1.0,3/3,52.72%,Q07699;Q8IWT1;Q15858
prerank,"Nav1.2 voltage-gated sodium channel complex, SCN2B-SCN3B variant",0.46856368563685635,0.6342268422139831,0.9598540145985401,1.0,1.0,3/3,53.18%,O60939;Q9NY72;Q99250
prerank,"Nav1.2 voltage-gated sodium channel complex, SCN1B-SCN2B variant",0.46856368563685635,0.633466825519765,0.9636591478696742,1.0,1.0,3/3,53.18%,Q07699;O60939;Q99250
prerank,"Interferon lambda receptor-ligand complex, IFNL1 variant",0.47018970189701914,0.633247960376203,0.9628681177976952,1.0,1.0,3/3,53.02%,Q08334;Q8IU57;Q8IU54
prerank,"Nav1.5 voltage-gated sodium channel complex, SCN1B-SCN2B variant",0.46883468834688347,0.633000393513281,0.9688667496886675,1.0,1.0,3/3,53.15%,Q07699;O60939;Q14524
prerank,"Nav1.9 voltage-gated sodium channel complex, SCN3B-SCN4B variant",0.4650406504065041,0.6329104503377886,0.9445843828715366,1.0,1.0,3/3,53.53%,Q8IWT1;Q9NY72;Q9UI33
prerank,"Nav1.2 voltage-gated sodium channel complex, SCN3B-SCN4B variant",0.4685636856368564,0.6326775145481515,0.9633375474083439,1.0,1.0,3/3,53.18%,Q8IWT1;Q9NY72;Q99250
prerank,"Interferon lambda receptor-ligand complex, IFNL4 variant",0.46585365853658556,0.6325266154609825,0.9579207920792079,1.0,1.0,3/3,53.45%,Q08334;Q8IU57;K9M1U5
prerank,"Nav1.6 voltage-gated sodium channel complex, SCN1B-SCN2B variant",0.4691056910569106,0.6317905101474218,0.9761904761904762,1.0,1.0,3/3,53.13%,Q07699;O60939;Q9UQD0
prerank,Interleukin-7 mIL7R-IL2RG receptor-ligand signalling complex,0.4642276422764229,0.6317896493034181,0.9664179104477612,1.0,1.0,3/3,53.61%,P31785;P13232-PRO_0000015623;P16871-1
prerank,"GABA-A receptor, alpha-6/beta-3/delta",0.4677506775067751,0.6309514209414862,0.9727722772277227,1.0,1.0,3/3,53.26%,P28472;Q16445;O14764
prerank,"GABA-A receptor, alpha4-beta3-delta",0.4677506775067751,0.6308410175787242,0.9660377358490566,1.0,1.0,3/3,53.26%,P28472;P48169;O14764
prerank,"Nav1.1 voltage-gated sodium channel complex, SCN1B-SCN2B variant",0.4696476964769648,0.6307648193762964,0.9625,1.0,1.0,3/3,53.07%,Q07699;O60939;P35498
prerank,"Nav1.1 voltage-gated sodium channel complex, SCN2B-SCN3B variant",0.46964769647696475,0.6302761803309386,0.9613466334164589,1.0,1.0,3/3,53.07%,O60939;Q9NY72;P35498
prerank,ALKBH8-TRM112 methyltransferase complex,0.4600162645703444,0.6301533757426786,0.9741480611045829,0.9993133036559363,1.0,4/4,54.05%,CHEBI:59789;Q9UI30;CHEBI:29033;Q96BT7
prerank,"Nav1.6 voltage-gated sodium channel complex, SCN2B-SCN3B variant",0.4691056910569106,0.6300906388045475,0.9778325123152709,0.9981502589355254,1.0,3/3,53.13%,O60939;Q9NY72;Q9UQD0
prerank,"Nav1.9 voltage-gated sodium channel complex, SCN1B-SCN4B variant",0.46504065040650405,0.6299692627228364,0.9704433497536946,0.9970083077803813,1.0,3/3,53.53%,Q07699;Q8IWT1;Q9UI33
prerank,Interleukin-35 receptor ligand type 1 complex,0.4626016260162601,0.6299227953184962,0.966501240694789,0.9958480856478802,1.0,3/3,53.78%,P40189;CPX-25744;Q99665
prerank,"GABA-A receptor, alpha5-beta3-gamma2",0.46829268292682935,0.629706572032157,0.965865992414665,0.994728086927748,1.0,3/3,53.21%,P28472;P18507;P31644
prerank,"Interferon lambda receptor-ligand complex, IFNL2 variant",0.46558265582655844,0.6288186550898414,0.9683143219264893,0.9937892831698529,1.0,3/3,53.48%,Q08334;Q8IU57;Q8IZJ0
prerank,"GABA-A receptor, alpha4-beta3-gamma2",0.46802168021680224,0.6283129070395232,0.9750312109862672,0.9927700234545275,1.0,3/3,53.24%,P28472;P18507;P48169
prerank,"Nav1.9 voltage-gated sodium channel complex, SCN1B-SCN2B variant",0.4650406504065041,0.6282397335973379,0.9652173913043478,0.9916227934107528,1.0,3/3,53.53%,Q07699;O60939;Q9UI33
prerank,"Nax cation channel complex, SCN2B-SCN3B variant",0.46531165311653117,0.6279057073720733,0.9652605459057072,0.9905468170109288,1.0,3/3,53.51%,O60939;Q9NY72;Q01118
prerank,Interleukin-21 receptor-ligand complex,0.46395663956639566,0.6278774452811402,0.9555555555555556,0.9894013904473458,1.0,3/3,53.64%,P31785;Q9HBE4;Q9HBE5
prerank,"Nax cation channel complex, SCN3B-SCN4B variant",0.4653116531165312,0.6278553714006457,0.9655612244897959,0.9882543039165353,1.0,3/3,53.51%,Q8IWT1;Q9NY72;Q01118
prerank,"Nav1.9 voltage-gated sodium channel complex, SCN2B-SCN3B variant",0.46504065040650405,0.6275307421343067,0.967940813810111,0.9871894666351052,1.0,3/3,53.53%,O60939;Q9NY72;Q9UI33
prerank,Interleukin-1 beta ligand-decoy receptor type 2 complex,0.46151761517615175,0.6263814829219891,0.9620733249051833,0.9863370523513214,1.0,3/3,53.89%,Q9NPH3;P01584-PRO_0000015302;P27930
prerank,"Nax cation channel complex, SCN1B-SCN4B variant",0.4653116531165311,0.6261634607921885,0.9730423620025674,0.9852467112267654,1.0,3/3,53.51%,Q07699;Q8IWT1;Q01118
prerank,Interleukin-7 sIL7RA-IL2RG receptor-ligand potentiating complex,0.46368563685636865,0.625638265608189,0.9727722772277227,0.9842425113080262,1.0,3/3,53.67%,P31785;P13232-PRO_0000015623;P16871-4
prerank,Interleukin-1 alpha-membrane-bound receptor type 1 complex,0.46124661246612464,0.6254243403415464,0.9640198511166254,0.983148514347173,1.0,3/3,53.91%,Q9NPH3;P14778-PRO_0000015435;P01583-PRO_0000015266
prerank,"Nax cation channel complex, SCN1B-SCN2B variant",0.46531165311653117,0.6239940967092854,0.9721871049304678,0.9823580420906209,1.0,3/3,53.51%,Q07699;O60939;Q01118
prerank,Interleukin-1 alpha-soluble receptor type 1 complex,0.4612466124661247,0.6232412847553833,0.9604449938195303,0.9814010366874564,1.0,3/3,53.91%,Q9NPH3;P14778-PRO_0000415344;P01583-PRO_0000015266
prerank,Interleukin-1 alpha decoy receptor-ligand type 2 complex,0.46151761517615175,0.6229687732317594,0.9650872817955112,0.9803244066059608,1.0,3/3,53.89%,Q9NPH3;P01583;P27930
prerank,Interleukin 11-mIL11RA-IL-6ST receptor-ligand complex,0.45772357723577234,0.6199960303795884,0.9750982961992136,0.9798827278040687,1.0,3/3,54.26%,P40189;P20809;Q14626-PRO_0000010913
