Name,Term,ES,NES,NOM p-val,FDR q-val,FWER p-val,Tag %,Gene %,Lead_genes
prerank,39S mitochondrial large ribosomal subunit,-0.7320692497938994,-6.046408839779005,0.0,0.0,0.0,54/54,27.89%,Q4U2R6;Q5T653;Q6P161;Q6P1L8;Q7Z2W9;Q96GC5;Q9BQ48;Q9BQC6;Q9BRJ2;Q9BYC8;O75394;P09001;P49406;P52815;Q13084;Q13405;Q14197;Q16540;Q9NQ50;Q9NRX2;Q9NVS2;Q9NWU5;Q9NX20;Q7Z7F7;Q7Z7H8;Q86TS9;Q8IXM3;Q8N5N7;Q8N983;Q8TAE8;Q8TCC3;Q96A35;Q96DV4;Q96EL3;Q9BYC9;Q9BYD1;Q9BYD2;Q9BYD3;Q9BYD6;Q9BZE1;Q9H0U6;Q9H2W6;Q9H9J2;Q9HD33;Q9NP92;Q9NYK5;Q9NZE8;Q9P015;Q9P0J6;Q9P0M9;Q9Y3B7;Q9Y6G3;URS000047A7F4_9606;URS000080E36F_9606
prerank,28S mitochondrial small ribosomal subunit,-0.7774440196613872,-5.79682234874501,0.0,0.0,0.0,31/31,22.94%,P82675;P82912;P82914;P82921;P82930;Q9Y2R5;Q9Y2R9;Q9Y399;Q9Y3D3;Q9Y3D5;O15235;O60783;P51398;P82650;P82663;P82664;P82673;P82932;P82933;Q92552;Q92665;Q96BP2;Q96EL2;Q96EY7;Q9BYN8;Q9NWT8;Q9Y291;Q9Y2Q9;Q9Y3D9;Q9Y676;URS000044DFF6_9606
prerank,MKS transition zone complex,-0.922805110084262,-4.344147948415691,0.0,0.0,0.0,14/14,8.10%,Q2MV58;Q5HYA8;Q6NUS6;Q6UX40;Q86X19;Q8N157;Q96GX1;Q96Q45;Q9BPU9;Q9H6L2;Q9NXB0;Q9P0N5;Q9P2K1;Q9UPM9
prerank,Intraflagellar transport complex B,-0.926298612999728,-4.331181884915256,0.0,0.0,0.0,16/16,7.80%,Q8TDR0;Q9H7X7;Q9NQC8;Q9NWB7;Q9P2H3;Q9UG01;A0AVF1;Q13099;Q8IY31;Q8N4P2;Q8WYA0;Q96AJ1;Q96LB3;Q9BW83;Q9Y366;Q9Y547
prerank,Nuclear pore complex,-0.5966569546875473,-3.9089587561620838,0.0,0.0,0.0,25/32,10.40%,P57740;P78406;Q12769;Q53GS7;Q5SRE5;Q7Z3B4;Q8N1F7;Q8NFH3;Q8NFH4;Q8NFH5;Q8TEM1;Q8WUM0;Q8WYP5;Q92621;Q9BW27;Q9NRG9;Q9UKX7;O15504;O75694;P12270;P35658;P37198;P49790;P52948-PRO_0000019929;P52948-PRO_0000019930
prerank,Small ribosomal subunit processome,-0.49912131217382033,-3.2045919092388453,0.0,0.0,0.0,24/29,9.23%,Q9NY61;Q9Y2P8;Q9Y324;Q9Y3A2;Q9Y3A4;O15213;O43818;O75691;P78316;Q13601;Q14692;Q5QJE6;Q8NDD1;Q8NEJ9;Q92979;Q9BVI4;Q9BVJ6;Q9H0A0;Q9H6R4;Q9NQZ2;Q9NRX1;CPX-2450;CPX-2478;CPX-2688
prerank,Commander complex,-0.6878342851962651,-3.1080352717751696,0.0,0.0,0.0,15/16,14.92%,Q567U6;Q7Z3J2;Q7Z4G1;Q86VX2;Q86X83;Q8N668;Q8TCE6;Q9GZQ3;Q9H0A8;Q9NX08;Q9P000;Q9UBI1;Q9Y6G5;O14972;O60826
prerank,Core mediator complex,-0.5741960521071511,-3.0995545654388548,0.0,0.0,0.0,15/26,0.70%,Q9BTT4;Q9BUE0;Q96HR3;Q96RN5;Q15528;Q13503;O95402;O75586;O75448;Q9H204;Q9H944;Q15648;Q6P2C8;Q71SY5;Q96G25
prerank,Multiaminoacyl-tRNA synthetase complex,-0.7358319753757016,-2.883263271229019,0.0,0.0,0.0,10/11,10.02%,P14868;P41252;P47897;P54136;P56192;Q12904;Q13155;Q15046;Q9P2J5;O43324
prerank,Signal recognition particle,-0.9400434074877917,-2.863345947311873,0.0,0.0,0.0,7/7,6.20%,O76094;P09132;P37108;P49458;P61011;Q9UHB9;URS00000478B7_9606
prerank,CatSpermasome complex,-0.7185547405596305,-2.8309700474051973,0.0,0.0,0.0,12/12,28.41%,A8MZ26;E9PQX1;Q2WGJ8;Q5SY80;Q6ZRH7;Q7RTX7;Q86XM0;Q86XQ3;Q8NEC5;Q96P56;Q9H7T0;Q9NTU4
prerank,Intraflagellar transport complex A,-0.9658258746948739,-2.8200744939459166,0.0,0.0,0.0,6/6,3.60%,Q7Z4L5;Q8NEZ3;Q96FT9;Q96RY7;Q9HBG6;Q9P2L0
prerank,MCM complex,-0.9902359641985354,-2.7770430801665107,0.0,0.0,0.0,6/6,1.16%,P25205;P33991;P33992;P33993;P49736;Q14566
prerank,Synaptonemal complex,-0.9020618556701031,-2.7593953752591887,0.0,0.0,0.0,7/7,9.99%,A1L190;Q15431;Q6PIF2;Q8IZU3;Q8N0S2;Q9BX26;Q9BXU0
prerank,BBSome complex,-0.8151967435549525,-2.751241783473106,0.0,0.0,0.0,8/8,18.68%,A8MTZ0;Q3SYG4;Q8IWZ6;Q8N3I7;Q8NFJ9;Q8TAM2;Q96RK4;Q9BXC9
prerank,UTP-B complex,-0.9481963656088962,-2.6526678922841667,0.0,0.0,0.0,6/6,5.36%,Q12788;Q15269;Q8NI36;Q9NYH9;Q9UNX4;Q9Y5J1
prerank,General transcription factor TFIIIC complex,-0.8803905614320586,-2.5670522737681116,0.0,0.0,0.0,6/6,12.13%,Q12789;Q8WUA4;Q969F1;Q9UKN8;Q9Y5Q8;Q9Y5Q9
prerank,UTP-A complex,-0.8953078383509628,-2.501182664761942,0.0,1.8805894388713583e-05,0.001,6/6,10.64%,Q15061;Q8IWA0;Q8TED0;Q969X6;Q9H583;Q9H8H0
prerank,Ragulator complex,-0.9219088937093276,-2.4818334386598755,0.0,5.34483314205544e-05,0.003,5/5,7.96%,Q9Y2Q5;O43504;Q0VGL1;Q6IAA8;Q9UHA4
prerank,Outer dynein arm-docking complex,-0.9362798264642083,-2.461981554063682,0.0,6.770121979936891e-05,0.004,5/5,6.53%,A5D8V7;Q5T2S8;Q96M63;Q96NG3;Q9HAE3
prerank,FERRY RAB5 effector complex,-0.9286876355748374,-2.4242963288518222,0.0,6.447735218987515e-05,0.004,5/5,7.28%,O95825;Q6ZMI0;Q8NB37;Q8TEA7;Q9NQ89
prerank,Mitochondrial respiratory chain complex III,-0.6056001862847828,-2.395999685346577,0.0,7.693320431746467e-05,0.005,11/12,18.28%,P07919;P08574;P14927;P22695;P31930;O14949;O14957;P00156;P47985-PRO_0000030664;P47985-PRO_0000307241;Q9UDW1
prerank,Tubulin polyglutamylase complex,-0.9313991323210412,-2.3910993917453625,0.0,7.358828239061838e-05,0.005,5/5,7.01%,Q6ZTW0;Q8IUZ0;Q9BSH3;O95922;Q68CL5
prerank,Elongator holoenzyme complex,-0.8266883645240033,-2.3134285876928344,0.0,0.00022567073266456302,0.015,6/6,17.49%,Q9H9T3;O95163;Q0PNE2;Q6IA86;Q8TE02;Q96EB1
prerank,Vault ribonucleoprotein complex,-0.7352143244709712,-2.266113017311426,0.0,0.000433287806715961,0.028,7/7,26.65%,Q14764;Q99973;Q9UKK3;URS0000000A8C_9606;URS000058CD99_9606;URS00005CCF67_9606;URS0000A76E3A_9606
prerank,USH2 complex,-0.9634047167253997,-2.2648038245475806,0.0,0.0004166228910730394,0.028,4/4,3.79%,O75445;Q8WXG9;Q9H5P4;Q9P202
prerank,Eukaryotic translation initiation factor 3 complex,-0.5347826086956522,-2.2220907392327827,0.0,0.000651937672142071,0.046,13/13,46.74%,P60228;Q13347;Q14152;Q7L2H7;Q99613;O00303;O15371;O15372;O75821;O75822;P55884;Q9UBQ5;Q9Y262
prerank,Ribosome quality control complex,-0.9455136893467063,-2.198935130676163,0.0,0.0008220862404209081,0.057,4/4,5.58%,CPX-137;O60524;O94822;Q9BQ70
prerank,"Intron Lariat Spliceosome, type 2 complex",0.9536504985634615,2.1921964553989977,0.0,0.0,0.0,31/33,4.82%,P14678;P62306;P62308;P62304;P62318;P62316;P62314;P08579;URS00006767A8_9606;P09661;Q15029;Q96DI7;Q6P2Q9;URS00006A1489_9606;CHEBI:139356;O43660;Q9P013;Q9HCS7;Q13573;O60306;URS000075BAAE_9606;Q9UNP9;Q99459;Q9NW64;Q9BZJ0;P41223;O75934;Q9Y3C6;Q9UMS4;O60508;O95926
prerank,Major Spliceosomal Post-B-act complex,0.9480013815159278,2.1907795982879406,0.0,0.0,0.0,39/41,4.82%,P14678;P62306;P62308;P62304;P62318;P62316;P62314;P08579;URS00006767A8_9606;P09661;Q15029;Q96DI7;Q6P2Q9;URS00006A1489_9606;CHEBI:139356;O43660;Q9P013;Q9HCS7;Q13573;O60306;URS000075BAAE_9606;Q9UNP9;Q99459;Q9NW64;Q9BZJ0;P41223;Q9BWJ5;Q15393;O75934;Q9Y3C6;O75533;Q9UMS4;Q13435;O60508;Q9HCG8;Q15427;Q9UQ35;Q7RTV0;O95926
prerank,"Intron Lariat Spliceosome, type 1 complex",0.9557148049239135,2.1899822875569717,0.0,0.0,0.0,31/32,4.82%,P14678;P62306;P62308;P62304;P62318;P62316;P62314;P08579;URS00006767A8_9606;P09661;Q15029;Q96DI7;Q6P2Q9;URS00006A1489_9606;CHEBI:139356;O43660;Q9P013;Q9HCS7;Q13573;O60306;URS000075BAAE_9606;Q9UNP9;Q99459;Q9NW64;Q9BZJ0;P41223;O75934;Q9Y3C6;Q9UMS4;O60508;O95926
prerank,Major Spliceosomal C complex,0.9413908570828741,2.1854154791335367,0.0,0.0,0.0,34/43,4.82%,P14678;P62306;P62308;P62304;P62318;P62316;P62314;P08579;URS00006767A8_9606;P09661;Q15029;Q96DI7;Q6P2Q9;URS00006A1489_9606;CHEBI:139356;O43660;Q9P013;Q9HCS7;Q13573;O60306;URS000075BAAE_9606;Q9UNP9;Q99459;Q9NW64;Q9BZJ0;P41223;O75934;Q9Y3C6;Q9UMS4;O60508;O75643;Q9HCG8;Q9UQ35;O95926
prerank,Major Spliceosomal B-act-IV complex,0.9417488506685961,2.1786527510600604,0.0,0.0,0.0,40/43,4.82%,P14678;P62306;P62308;P62304;P62318;P62316;P62314;P08579;URS00006767A8_9606;P09661;Q15029;Q96DI7;Q6P2Q9;URS00006A1489_9606;CHEBI:139356;O43660;Q9P013;Q9HCS7;Q13573;O60306;URS000075BAAE_9606;Q9UNP9;Q99459;Q9NW64;Q9BZJ0;P41223;Q9BWJ5;Q15393;O75934;Q9Y3C6;O75533;Q9UMS4;Q13435;O60508;Q9HCG8;Q15427;Q9UQ35;Q12874;Q7RTV0;O95926
prerank,Kinetochore CCAN complex,-0.4677424228688846,-2.1596646005238807,0.0,0.001003845672887194,0.069,14/16,31.28%,Q03188;Q13352;Q9H3R5;Q9NSP4;Q5EE01;Q6IPU0;Q71F23;Q7L2Z9;Q8N0S6;Q92674;Q96BT3;Q96H22;Q9BS16;Q9BU64
prerank,Complement C1 complex,-0.81941431670282,-2.139893907451504,0.0,0.0013088902494544656,0.092,5/5,18.20%,P09871-PRO_0000027588;CPX-1919;P00736-PRO_0000027578;P00736-PRO_0000027579;P09871-PRO_0000027587
prerank,Major Spliceosomal B-act-III complex,0.9243285757580131,2.139683488339065,0.0,0.0,0.0,42/46,6.01%,P14678;P62306;P62308;P62304;P62318;P62316;P62314;P08579;URS00006767A8_9606;P09661;Q15029;Q96DI7;Q6P2Q9;URS00006A1489_9606;CHEBI:139356;O43660;Q9P013;Q9HCS7;Q13573;O60306;URS000075BAAE_9606;Q9UNP9;Q99459;Q9NW64;Q9BZJ0;P41223;Q9BWJ5;Q15393;O75934;Q9Y3C6;O75533;Q9UMS4;Q13435;O60508;O75643;Q9HCG8;Q15427;Q9UQ35;Q12874;Q7RTV0;Q15459;Q15428
prerank,Major Spliceosomal Pre-C*-I complex,0.9223243525882707,2.1377375766930533,0.0,0.0,0.0,37/39,7.58%,P14678;P62306;P62308;P62304;P62318;P62316;P62314;P08579;URS00006767A8_9606;P09661;Q15029;Q96DI7;Q6P2Q9;URS00006A1489_9606;CHEBI:139356;O43660;Q9P013;Q9HCS7;Q13573;O60306;URS000075BAAE_9606;Q9UNP9;Q99459;Q9NW64;Q9BZJ0;P41223;O75934;Q9Y3C6;Q9UMS4;O60508;Q9HCG8;Q9UQ35;Q9Y5S9;O95926;P38919;P61326;O15234
prerank,Major Spliceosomal B-act-II complex,0.9220852359208527,2.133484051845684,0.0,0.0,0.0,39/43,6.01%,P14678;P62306;P62308;P62304;P62318;P62316;P62314;P08579;URS00006767A8_9606;P09661;Q15029;Q96DI7;Q6P2Q9;URS00006A1489_9606;CHEBI:139356;O43660;Q9P013;Q9HCS7;Q13573;O60306;URS000075BAAE_9606;Q9UNP9;Q99459;Q9NW64;Q9BZJ0;P41223;Q9BWJ5;Q15393;Q9Y3C6;O75533;Q13435;O75643;Q9HCG8;Q15427;Q9UQ35;Q12874;Q7RTV0;Q15459;Q15428
prerank,Major Spliceosomal Pre-B-act complex,0.9197112051207333,2.1297399063804985,0.0,0.0,0.0,36/41,6.01%,P14678;P62306;P62308;P62304;P62318;P62316;P62314;P08579;URS00006767A8_9606;P09661;Q15029;Q96DI7;Q6P2Q9;URS00006A1489_9606;CHEBI:139356;O43660;Q9P013;Q9HCS7;Q13573;O60306;URS000075BAAE_9606;Q9UNP9;Q99459;Q9NW64;Q9BZJ0;P41223;Q9BWJ5;Q15393;O75533;Q13435;O75643;Q15427;Q12874;Q7RTV0;Q15459;Q15428
prerank,Major Post-catalytic P Spliceosome complex,0.9155861194323575,2.121635210814455,0.0,0.0,0.0,38/41,7.58%,P14678;P62306;P62308;P62304;P62318;P62316;P62314;P08579;URS00006767A8_9606;P09661;Q15029;Q96DI7;Q6P2Q9;URS00006A1489_9606;CHEBI:139356;O43660;Q9P013;Q9HCS7;Q13573;O60306;URS000075BAAE_9606;Q9UNP9;Q99459;Q9NW64;Q9BZJ0;P41223;O75934;Q9Y3C6;Q9UMS4;O60508;O75643;Q9HCG8;Q9UQ35;Q9Y5S9;O95926;P38919;P61326;O15234
prerank,Major Spliceosomal B-act-I complex,0.9144258412035753,2.121240008790858,0.0,0.0,0.0,38/44,6.01%,P14678;P62306;P62308;P62304;P62318;P62316;P62314;P08579;URS00006767A8_9606;P09661;Q15029;Q96DI7;Q6P2Q9;URS00006A1489_9606;CHEBI:139356;O43660;Q9P013;Q9HCS7;Q13573;O60306;URS000075BAAE_9606;Q9UNP9;Q99459;Q9NW64;Q9BZJ0;P41223;Q9BWJ5;Q15393;O75533;Q13435;O75643;Q9HCG8;Q15427;Q9UQ35;Q12874;Q7RTV0;Q15459;Q15428
prerank,20S proteasome complex,0.9681978798586572,2.1125859395479116,0.0,0.0,0.0,14/14,3.55%,P49720;P28066;P25787;P28070;P60900;P49721;P25788;P25786;P20618;P25789;O14818;Q99436;P28074;P28072
prerank,20S spermatoproteasome complex,0.9622763493518718,2.10848823905433,0.0,0.0,0.0,13/14,3.55%,P49720;P28066;P25787;P28070;P60900;P49721;P25788;P25786;P20618;P25789;Q99436;P28074;P28072
prerank,Major Spliceosomal C* complex,0.9067020431339222,2.107494411855328,0.0,0.0,0.0,38/44,7.58%,P14678;P62306;P62308;P62304;P62318;P62316;P62314;P08579;URS00006767A8_9606;P09661;Q15029;Q96DI7;Q6P2Q9;URS00006A1489_9606;CHEBI:139356;O43660;Q9P013;Q9HCS7;Q13573;O60306;URS000075BAAE_9606;Q9UNP9;Q99459;Q9NW64;Q9BZJ0;P41223;O75934;Q9Y3C6;Q9UMS4;O60508;O75643;Q9HCG8;Q9UQ35;Q9Y5S9;O95926;P38919;P61326;O15234
prerank,PA200-20S single-capped proteasome,0.9577180290904745,2.106580420109123,0.0,0.0,0.0,14/15,3.55%,P49720;P28066;P25787;P28070;P60900;P49721;P25788;P25786;P20618;P25789;O14818;Q99436;P28074;P28072
prerank,PA200-20S-PA200 double-capped proteasome complex,0.9577180290904745,2.106580420109123,0.0,0.0,0.0,14/15,3.55%,P49720;P28066;P25787;P28070;P60900;P49721;P25788;P25786;P20618;P25789;O14818;Q99436;P28074;P28072
prerank,Major Spliceosomal Pre-C*-II complex,0.9041742004958556,2.1030450230132476,0.0,0.0,0.0,37/43,7.58%,P14678;P62306;P62308;P62304;P62318;P62316;P62314;P08579;URS00006767A8_9606;P09661;Q15029;Q96DI7;Q6P2Q9;URS00006A1489_9606;CHEBI:139356;O43660;Q9P013;Q9HCS7;Q13573;O60306;URS000075BAAE_9606;Q9UNP9;Q99459;Q9NW64;Q9BZJ0;P41223;O75934;Q9Y3C6;Q9UMS4;O60508;Q9HCG8;Q9UQ35;Q9Y5S9;O95926;P38919;P61326;O15234
prerank,30S proteasome complex,0.9038251366120225,2.0936489613642015,0.0,0.0,0.0,33/33,10.43%,P49720;P28066;P25787;P28070;P60900;P49721;P25788;P25786;P20618;P25789;O14818;Q99436;P28074;P28072;P60896;O00487;O00232;Q99460;Q16186;P35998;P17980;O43242;Q15008;Q13200;P62333;P62195;P62191;P55036;P51665;P48556;P43686;Q9UNM6;O00231
prerank,26S proteasome complex,0.9038251366120225,2.0936489613642015,0.0,0.0,0.0,33/33,10.43%,P49720;P28066;P25787;P28070;P60900;P49721;P25788;P25786;P20618;P25789;O14818;Q99436;P28074;P28072;P60896;O00487;O00232;Q99460;Q16186;P35998;P17980;O43242;Q15008;Q13200;P62333;P62195;P62191;P55036;P51665;P48556;P43686;Q9UNM6;O00231
prerank,PA28-gamma single-capped 20S proteasome complex,0.9525642332789558,2.0824974953416766,0.0,0.0,0.0,14/15,3.55%,P49720;P28066;P25787;P28070;P60900;P49721;P25788;P25786;P20618;P25789;O14818;Q99436;P28074;P28072
prerank,PA28-gamma double-capped 20S proteasome complex,0.9525642332789558,2.0824974953416766,0.0,0.0,0.0,14/15,3.55%,P49720;P28066;P25787;P28070;P60900;P49721;P25788;P25786;P20618;P25789;O14818;Q99436;P28074;P28072
prerank,XRCC1 DNA repair complex,-0.677428106348345,-2.0777279877559764,0.005263157894736842,0.0021620712129475877,0.148,7/7,32.41%,P18887;P49916;Q7Z2E3;Q8IW19;Q96T60;Q9NUW8;P06746
prerank,19S-20S-PA28-gamma hybrid proteasome complex,0.8934182293080257,2.070110727057453,0.0,0.0,0.0,33/34,10.43%,P49720;P28066;P25787;P28070;P60900;P49721;P25788;P25786;P20618;P25789;O14818;Q99436;P28074;P28072;P60896;O00487;O00232;Q99460;Q16186;P35998;P17980;O43242;Q15008;Q13200;P62333;P62195;P62191;P55036;P51665;P48556;P43686;Q9UNM6;O00231
prerank,PA28-alphabeta single-capped 20S proteasome complex,0.9374113512269616,2.0695589707898803,0.0,0.0,0.0,14/16,3.55%,P49720;P28066;P25787;P28070;P60900;P49721;P25788;P25786;P20618;P25789;O14818;Q99436;P28074;P28072
prerank,PA28-alphabeta double-capped 20S proteasome complex,0.9374113512269616,2.0695589707898803,0.0,0.0,0.0,14/16,3.55%,P49720;P28066;P25787;P28070;P60900;P49721;P25788;P25786;P20618;P25789;O14818;Q99436;P28074;P28072
prerank,"Muscle cell-specific SWI/SNF ATP-dependent chromatin remodeling complex, ACTL6B-ARID1A-SMARCA2 variant",0.9701168160825862,2.0638341474022965,0.0,0.0,0.0,12/12,3.30%,P60709;Q96GM5;Q92922;Q12824;Q969G3;Q8TAQ2;Q6STE5;Q92925;O94805;P51531;O14497;Q92784
prerank,"SWI/SNF ATP-dependent chromatin remodeling complex, ACTL6B-ARID1A-SMARCA2 variant",0.9820749592612711,2.0616342492338746,0.0,0.0,0.0,11/11,2.09%,P60709;Q96GM5;Q92922;Q12824;Q969G3;Q8TAQ2;Q6STE5;Q92925;O94805;P51531;O14497
prerank,U2 small nuclear ribonucleoprotein complex,0.9080199818346958,2.06010221165422,0.0,0.0,0.0,19/23,6.01%,P14678;P62306;P62308;P62304;P62318;P62316;P62314;P08579;P09661;URS00006A1489_9606;Q9BWJ5;Q15393;O75533;Q13435;Q15427;Q12874;Q7RTV0;Q15459;Q15428
prerank,"SWI/SNF ATP-dependent chromatin remodeling complex, ACTL6A-ARID1A-SMARCA2 variant",0.9820749592612711,2.0599289902844595,0.0,0.0,0.0,11/11,2.09%,P60709;Q96GM5;Q92922;Q12824;Q969G3;Q8TAQ2;Q6STE5;Q92925;O96019;P51531;O14497
prerank,U5 small nuclear ribonucleoprotein complete complex,0.9310890305996342,2.0557730890627925,0.0,0.0,0.0,12/15,4.17%,P14678;P62306;P62308;P62304;P62318;P62316;P62314;Q15029;Q96DI7;Q6P2Q9;URS000075BAAE_9606;O75643
prerank,"Muscle cell-specific SWI/SNF ATP-dependent chromatin remodeling complex, ACTL6B-ARID1B-SMARCA2 variant",0.9701168160825862,2.0548052051616597,0.0,0.0,0.0,12/12,3.30%,P60709;Q96GM5;Q92922;Q12824;Q969G3;Q8TAQ2;Q6STE5;Q92925;O94805;P51531;Q8NFD5;Q92784
prerank,"Muscle cell-specific SWI/SNF ATP-dependent chromatin remodeling complex, ACTL6A-ARID1A-SMARCA2 variant",0.970116816082586,2.05441714147275,0.0,0.0,0.0,12/12,3.30%,P60709;Q96GM5;Q92922;Q12824;Q969G3;Q8TAQ2;Q6STE5;Q92925;O96019;P51531;O14497;Q92784
prerank,19S-20S-PA28-alphabeta hybrid proteasome complex,0.8832246081023379,2.050541114379795,0.0,0.0,0.0,33/35,10.43%,P49720;P28066;P25787;P28070;P60900;P49721;P25788;P25786;P20618;P25789;O14818;Q99436;P28074;P28072;P60896;O00487;O00232;Q99460;Q16186;P35998;P17980;O43242;Q15008;Q13200;P62333;P62195;P62191;P55036;P51665;P48556;P43686;Q9UNM6;O00231
prerank,Major Spliceosomal Pre-B complex,0.8978921551446307,2.0472931540329706,0.0,0.0,0.0,20/26,6.01%,P14678;P62306;P62308;P62304;P62318;P62316;P62314;P08579;P09661;URS00006A1489_9606;CHEBI:139356;Q9BWJ5;Q15393;O75533;Q13435;Q15427;Q12874;Q7RTV0;Q15459;Q15428
prerank,"Muscle cell-specific SWI/SNF ATP-dependent chromatin remodeling complex, ACTL6B-ARID1B-SMARCA4 variant",0.9701168160825862,2.043527099385168,0.0,0.0,0.0,12/12,3.30%,P60709;Q96GM5;Q92922;Q12824;Q969G3;Q8TAQ2;Q6STE5;Q92925;O94805;P51532;Q8NFD5;Q92784
prerank,"SWI/SNF ATP-dependent chromatin remodeling complex, ACTL6B-ARID1A-SMARCA4 variant",0.9820749592612714,2.0425660079052896,0.0,0.0,0.0,11/11,2.09%,P60709;Q96GM5;Q92922;Q12824;Q969G3;Q8TAQ2;Q6STE5;Q92925;O94805;P51532;O14497
prerank,20S immunoproteasome complex,0.9422603830842862,2.0423764192614278,0.0,0.0,0.0,11/14,2.90%,P49720;P28066;P25787;P28070;P60900;P49721;P25788;P25786;P20618;P25789;O14818
prerank,"SWI/SNF ATP-dependent chromatin remodeling complex, ACTL6B-ARID1B-SMARCA2 variant",0.9758283541553503,2.0423256187209984,0.0,0.0,0.0,11/11,2.71%,P60709;Q96GM5;Q92922;Q12824;Q969G3;Q8TAQ2;Q6STE5;Q92925;O94805;P51531;Q8NFD5
prerank,SHU complex,-0.8441312008674436,-2.041665273464193,0.0,0.0029619283662223896,0.197,4/4,15.71%,Q14159;Q19AV6;Q6NVH7;Q9NTI5
prerank,Cardiac Troponin complex,-0.9932249322493225,-2.041542768734415,0.0,0.0028721729611853476,0.197,3/3,0.79%,P19429;P45379;P63316
prerank,Subcortical maternal complex,-0.6543678784590342,-2.0406322017041743,0.005747126436781609,0.002807609409326769,0.199,7/7,34.71%,P59047;Q587J8;Q6TGC4;Q8WX94;Q9H808-1;Q9NX02;A6NGQ2
prerank,"Muscle cell-specific SWI/SNF ATP-dependent chromatin remodeling complex, ACTL6B-ARID1A-SMARCA4 variant",0.9701168160825864,2.040473119238865,0.0,0.0,0.0,12/12,3.30%,P60709;Q96GM5;Q92922;Q12824;Q969G3;Q8TAQ2;Q6STE5;Q92925;O94805;P51532;O14497;Q92784
prerank,Syndecan-1-syntenin-1-ALIX complex,-0.9924119241192412,-2.0390977701249864,0.0,0.00281443642308805,0.204,3/3,0.87%,O00560;P18827;Q8WUM4
prerank,"Muscle cell-specific SWI/SNF ATP-dependent chromatin remodeling complex, ACTL6A-ARID1B-SMARCA2 variant",0.970116816082586,2.034629370542645,0.0,0.0,0.0,12/12,3.30%,P60709;Q96GM5;Q92922;Q12824;Q969G3;Q8TAQ2;Q6STE5;Q92925;O96019;P51531;Q8NFD5;Q92784
prerank,"SWI/SNF ATP-dependent chromatin remodeling complex, ACTL6A-ARID1B-SMARCA2 variant",0.9758283541553503,2.029074782549727,0.0,0.0,0.0,11/11,2.71%,P60709;Q96GM5;Q92922;Q12824;Q969G3;Q8TAQ2;Q6STE5;Q92925;O96019;P51531;Q8NFD5
prerank,"Muscle cell-specific SWI/SNF ATP-dependent chromatin remodeling complex, ACTL6A-ARID1A-SMARCA4 variant",0.9701168160825863,2.028267537274303,0.0,0.0,0.0,12/12,3.30%,P60709;Q96GM5;Q92922;Q12824;Q969G3;Q8TAQ2;Q6STE5;Q92925;O96019;P51532;O14497;Q92784
prerank,NALCN channelosome complex,-0.8693412849010571,-2.0262723873446022,0.007380073800738007,0.0031499873101095252,0.225,4/4,13.19%,B1AL88;Q8IZF0;Q8N2C7;Q9P2D8
prerank,20S thymoproteasome complex,0.9422603830842862,2.026035023311919,0.0,0.0,0.0,11/14,2.90%,P49720;P28066;P25787;P28070;P60900;P49721;P25788;P25786;P20618;P25789;O14818
prerank,"SWI/SNF ATP-dependent chromatin remodeling complex, ACTL6A-ARID1A-SMARCA4 variant",0.9820749592612714,2.0240434191177394,0.0,0.0,0.0,11/11,2.09%,P60709;Q96GM5;Q92922;Q12824;Q969G3;Q8TAQ2;Q6STE5;Q92925;O96019;P51532;O14497
prerank,"SWI/SNF ATP-dependent chromatin remodeling complex, ACTL6B-ARID1B-SMARCA4 variant",0.9758283541553503,2.0240003156634025,0.0,0.0,0.0,11/11,2.71%,P60709;Q96GM5;Q92922;Q12824;Q969G3;Q8TAQ2;Q6STE5;Q92925;O94805;P51532;Q8NFD5
prerank,"Neuron-specific SWI/SNF ATP-dependent chromatin remodeling complex, ARID1B-SMARCA2 variant",0.9563771373062326,2.018562893181594,0.0,2.719989084604064e-05,0.001,11/12,3.30%,P60709;Q96GM5;Q92922;Q12824;Q969G3;Q8TAQ2;Q6STE5;O94805;P51531;Q8NFD5;Q92784
prerank,Eukaryotic translation initiation factor 2 complex,-0.9607046070460704,-2.0178484506872536,0.0,0.0034216562439140503,0.243,3/3,4.03%,P05198;P20042;P41091
prerank,"Neuron-specific SWI/SNF ATP-dependent chromatin remodeling complex, ARID1A-SMARCA2 variant",0.9564223319822998,2.0174932418470735,0.0,2.6608588871126713e-05,0.001,11/12,3.30%,P60709;Q96GM5;Q92922;Q12824;Q969G3;Q8TAQ2;Q6STE5;O94805;P51531;O14497;Q92784
prerank,"Neural progenitor-specific SWI/SNF ATP-dependent chromatin remodeling complex, ARID1A-SMARCA2 variant",0.9575819144477294,2.0174169767137267,0.0,2.604244868237934e-05,0.001,10/11,2.09%,P60709;Q96GM5;Q92922;Q12824;Q969G3;Q8TAQ2;Q6STE5;O96019;P51531;O14497
prerank,NPHP transition zone complex,-0.9693766937669377,-2.01413938757619,0.0,0.0034474173766257587,0.253,3/3,3.17%,O15259;O75161;Q68CZ1
prerank,Embryonic stem cell-specific SWI/SNF ATP-dependent chromatin remodeling complex,0.9364579928081072,2.0136057430790344,0.0,2.5499897668163104e-05,0.001,12/13,6.28%,P60709;Q96GM5;Q92922;Q12824;Q969G3;O96019;P51532;O14497;Q9BQE9;Q8WUZ0;Q4VC05;Q8WUB8
prerank,"Muscle cell-specific SWI/SNF ATP-dependent chromatin remodeling complex, ACTL6A-ARID1B-SMARCA4 variant",0.970116816082586,2.012446385818555,0.0,2.4979491593302634e-05,0.001,12/12,3.30%,P60709;Q96GM5;Q92922;Q12824;Q969G3;Q8TAQ2;Q6STE5;Q92925;O96019;P51532;Q8NFD5;Q92784
prerank,"Neuron-specific SWI/SNF ATP-dependent chromatin remodeling complex, ARID1A-SMARCA4 variant",0.9565561142293957,2.0124435045068205,0.0,2.447990176143658e-05,0.001,11/12,3.30%,P60709;Q96GM5;Q92922;Q12824;Q969G3;Q8TAQ2;Q6STE5;O94805;P51532;O14497;Q92784
prerank,PeBoW complex,-0.9701897018970189,-2.010847341862022,0.0,0.003497896356300727,0.265,3/3,3.09%,Q14137;Q9GZL7;O00541
prerank,"Neuron-specific SWI/SNF ATP-dependent chromatin remodeling complex, ARID1B-SMARCA4 variant",0.956511817440913,2.0081885086116262,0.0,2.399990368768292e-05,0.001,11/12,3.30%,P60709;Q96GM5;Q92922;Q12824;Q969G3;Q8TAQ2;Q6STE5;O94805;P51532;Q8NFD5;Q92784
prerank,Ndc80 complex,-0.8495527243155326,-2.0064254924279665,0.0,0.0035373887345170256,0.275,4/4,15.16%,O14777;Q8NBT2;Q9BZD4;Q9HBM1
prerank,Rixosome RNA degradation complex,-0.63049376017363,-2.0052883933434145,0.005714285714285714,0.003492392192089396,0.278,7/7,37.10%,Q5SY16;Q8IZL8;Q9BV38;Q9H4L4;Q9NU22;Q9NXF1;Q9Y4W2
prerank,"Polybromo-associated SWI/SNF ATP-dependent chromatin remodeling complex, ACTL6B variant",0.9463996982825312,2.0023345917759623,0.0,2.3538367078304402e-05,0.001,9/13,0.97%,P60709;Q96GM5;Q92922;Q12824;Q969G3;Q8TAQ2;Q92925;O94805;P51532
prerank,"SWI/SNF ATP-dependent chromatin remodeling complex, ACTL6A-ARID1B-SMARCA4 variant",0.9758283541553503,1.9972605675716153,0.0,4.6188493889502984e-05,0.002,11/11,2.71%,P60709;Q96GM5;Q92922;Q12824;Q969G3;Q8TAQ2;Q6STE5;Q92925;O96019;P51532;Q8NFD5
prerank,U1 small nuclear ribonucleoprotein complex ,0.9426670287887019,1.9940385935741478,0.0,9.066630282013548e-05,0.002,7/11,0.92%,P14678;P62306;P62308;P62304;P62318;P62316;P62314
prerank,"GBAF (SWI/SNF) ATP-dependent chromatin remodeling complex, ACTL6A-BICRAL-SMARCA2 variant",0.9314546881086807,1.9934829791077353,0.0,8.901782458704211e-05,0.002,10/11,5.09%,P60709;Q96GM5;Q92922;O96019;P51531;Q9BQE9;Q8WUZ0;Q4VC05;Q15532;Q9H8M2
prerank,"GBAF (SWI/SNF) ATP-dependent chromatin remodeling complex, ACTL6B-BICRAL-SMARCA2 variant",0.9314546881086807,1.9891255388229874,0.0,0.00015299938600897862,0.002,10/11,5.09%,P60709;Q96GM5;Q92922;O94805;P51531;Q9BQE9;Q8WUZ0;Q4VC05;Q15532;Q9H8M2
prerank,Sm complex,0.9926749864351601,1.9883608129081891,0.0,0.00015031518625443515,0.002,7/7,0.92%,P14678;P62306;P62308;P62304;P62318;P62316;P62314
prerank,19S proteasome regulatory complex,0.900381056069679,1.9871388809632082,0.0,0.0001477235451121173,0.002,19/19,10.43%,P60896;O00487;O00232;Q99460;Q16186;P35998;P17980;O43242;Q15008;Q13200;P62333;P62195;P62191;P55036;P51665;P48556;P43686;Q9UNM6;O00231
prerank,CPLANE complex,-0.9666666666666667,-1.9865584044370692,0.0,0.004174908554294416,0.315,3/3,3.44%,O95876;Q9BT04;Q9ULD6
prerank,U7 small nuclear ribonucleoprotein complex,0.9663956964974002,1.9853247597679369,0.0,0.00016596543567075646,0.003,5/8,0.84%,P14678;P62306;P62308;P62304;P62318
prerank,"GBAF (SWI/SNF) ATP-dependent chromatin remodeling complex, ACTL6B-BICRAL-SMARCA4 variant",0.931756210798263,1.983783168174703,0.0,0.00016319934507624386,0.003,10/11,5.09%,P60709;Q96GM5;Q92922;O94805;P51532;Q9BQE9;Q8WUZ0;Q4VC05;Q15532;Q9H8M2
prerank,ESCRT-III complex,-0.512221618685497,-1.98347693390696,0.0,0.004195901180588794,0.323,11/11,48.96%,O43633;Q7LBR1;Q8WUX9;Q96CF2;Q96FZ7;Q9BY43;Q9H444;Q9HD42;Q9NZZ3;Q9UQN3;Q9Y3E7
prerank,"Neural progenitor-specific SWI/SNF ATP-dependent chromatin remodeling complex, ARID1B-SMARCA2 variant",0.9512512070734505,1.9831978250073823,0.0,0.00018058943922371248,0.004,10/11,2.71%,P60709;Q96GM5;Q92922;Q12824;Q969G3;Q8TAQ2;Q6STE5;O96019;P51531;Q8NFD5
prerank,"Neural progenitor-specific SWI/SNF ATP-dependent chromatin remodeling complex, ARID1A-SMARCA4 variant",0.9578307649952005,1.9822061545220682,0.0,0.00017767670633300745,0.004,10/11,2.09%,P60709;Q96GM5;Q92922;Q12824;Q969G3;Q8TAQ2;Q6STE5;O96019;P51532;O14497
prerank,"GBAF (SWI/SNF) ATP-dependent chromatin remodeling complex, ACTL6A-BICRA-SMARCA2 variant",0.9314546881086807,1.9817817187436053,0.0,0.00017485644115311844,0.004,10/11,5.09%,P60709;Q96GM5;Q92922;O96019;P51531;Q9BQE9;Q8WUZ0;Q4VC05;Q15532;Q9H8M2
prerank,"GBAF (SWI/SNF) ATP-dependent chromatin remodeling complex, ACTL6B-BICRA-SMARCA2 variant",0.9314546881086807,1.9813528208732478,0.0,0.00017212430926010096,0.004,10/11,5.09%,P60709;Q96GM5;Q92922;O94805;P51531;Q9BQE9;Q8WUZ0;Q4VC05;Q15532;Q9H8M2
prerank,"Polybromo-associated SWI/SNF ATP-dependent chromatin remodeling complex, ACTL6A variant",0.9463996982825311,1.9771396819018006,0.0,0.00022596832395172227,0.006,9/13,0.97%,P60709;Q96GM5;Q92922;Q12824;Q969G3;Q8TAQ2;Q92925;O96019;P51532
prerank,SMG1C protein kinase complex,-0.9726287262872628,-1.9770346364971794,0.0,0.0044467392095494575,0.342,3/3,2.84%,Q8ND04;Q96Q15;Q9H0W8
prerank,COPII vesicle coat complex,-0.6032227815615439,-1.9752439406875815,0.01098901098901099,0.004445713433491891,0.349,8/9,12.62%,Q9Y6B6;O94855;O94979;O95486;O95487;P53992;Q9NQW1;Q9NR31
prerank,"GBAF (SWI/SNF) ATP-dependent chromatin remodeling complex, ACTL6B-BICRA-SMARCA4 variant",0.931756210798263,1.974043503068022,0.0,0.00024108994158990568,0.007,10/11,5.09%,P60709;Q96GM5;Q92922;O94805;P51532;Q9BQE9;Q8WUZ0;Q4VC05;Q15532;Q9H8M2
prerank,"GBAF (SWI/SNF) ATP-dependent chromatin remodeling complex, ACTL6A-BICRAL-SMARCA4 variant",0.931756210798263,1.9698129013642276,0.0,0.0003288345012730287,0.01,10/11,5.09%,P60709;Q96GM5;Q92922;O96019;P51532;Q9BQE9;Q8WUZ0;Q4VC05;Q15532;Q9H8M2
prerank,"Brain-specific SWI/SNF ATP-dependent chromatin remodeling complex, ARID1A-SMARCA2 variant",0.9812754409769336,1.9668193655931083,0.0,0.0003599985553152438,0.011,8/8,2.09%,P60709;Q12824;Q969G3;Q8TAQ2;Q92925;O94805;P51531;O14497
prerank,"GBAF (SWI/SNF) ATP-dependent chromatin remodeling complex, ACTL6A-BICRA-SMARCA4 variant",0.931756210798263,1.9634831628288527,0.0,0.0004612155404328631,0.015,10/11,5.09%,P60709;Q96GM5;Q92922;O96019;P51532;Q9BQE9;Q8WUZ0;Q4VC05;Q15532;Q9H8M2
prerank,AP-4 Adaptor complex,-0.8097045269720791,-1.959309421560482,0.0,0.005224768049733905,0.394,4/4,19.14%,O00189;Q9UPM8;Q9Y587;Q9Y6B7
prerank,"Neural progenitor-specific SWI/SNF ATP-dependent chromatin remodeling complex, ARID1B-SMARCA4 variant",0.9515017798111365,1.9570221170036726,0.0,0.0007343970528430974,0.023,10/11,2.71%,P60709;Q96GM5;Q92922;Q12824;Q969G3;Q8TAQ2;Q6STE5;O96019;P51532;Q8NFD5
prerank,PEX2-PEX10-PEX12 E3 ubiquitin ligase complex,-0.9409214092140922,-1.9532712876788425,0.0,0.005495322415629625,0.416,3/3,6.01%,O00623;O60683;P28328
prerank,AP-5 Adaptor complex,-0.8050962320412035,-1.9488047455383488,0.003952569169960474,0.005684081578988681,0.434,4/4,19.60%,O43299;Q2VPB7;Q9H0R1;Q9NUS5
prerank,"Brain-specific SWI/SNF ATP-dependent chromatin remodeling complex, ARID1A-SMARCA4 variant",0.9812754409769335,1.9410839981436652,0.0,0.0012757131903847233,0.033,8/8,2.09%,P60709;Q12824;Q969G3;Q8TAQ2;Q92925;O94805;P51532;O14497
prerank,BLOC-2 complex,-0.9235772357723577,-1.9398105347878571,0.0,0.006182917522493385,0.466,3/3,7.74%,Q86YV9;Q969F9;Q9UPZ3
prerank,ESCRT-II complex,-0.9094850948509485,-1.936076144101241,0.002898550724637681,0.006289443319361372,0.477,3/3,9.15%,Q86VN1;Q96H20;Q9BRG1
prerank,U4 small nuclear ribonucleoprotein complex,0.9028466695072648,1.9345677971275563,0.0011235955056179776,0.0014959939965322356,0.04,7/11,0.92%,P14678;P62306;P62308;P62304;P62318;P62316;P62314
prerank,"Brain-specific SWI/SNF ATP-dependent chromatin remodeling complex, ARID1B-SMARCA2 variant",0.9750339213025779,1.9304545374183422,0.0,0.001626404432095444,0.047,8/8,2.71%,P60709;Q12824;Q969G3;Q8TAQ2;Q92925;O94805;P51531;Q8NFD5
prerank,"Brain-specific SWI/SNF ATP-dependent chromatin remodeling complex, ARID1B-SMARCA4 variant",0.9750339213025782,1.9129268007181106,0.0,0.002563773495285588,0.072,8/8,2.71%,P60709;Q12824;Q969G3;Q8TAQ2;Q92925;O94805;P51532;Q8NFD5
prerank,Major Spliceosomal B complex,0.806834795321637,1.9112802243110265,0.0,0.0026438293902351505,0.077,26/45,8.12%,P14678;P62306;P62308;P62304;P62318;P62316;P62314;P08579;URS00006767A8_9606;P09661;Q15029;Q96DI7;Q6P2Q9;URS00006A1489_9606;CHEBI:139356;Q9BWJ5;Q15393;O75533;Q13435;O75643;Q15427;Q12874;Q15459;Q15428;P55769;Q9Y3B4
prerank,"Dynein-2 complex, light-chain variant 2",0.9427408412483038,1.9008941468950655,0.0,0.0031888293083976596,0.092,8/8,5.93%,P63172;Q9NP97;Q96FJ2;Q8NCM8;Q8TCX1;Q8WW35;Q8WVS4;Q96EX3
prerank,"Dynein-2 complex, light-chain variant 3",0.9424694708276796,1.8971561089773923,0.0,0.00332227238190925,0.098,8/8,5.96%,Q9NP97;Q96FJ2;Q8NCM8;Q8TCX1;Q8WW35;Q8WVS4;Q96EX3;P51808
prerank,"Dynein-2 complex, light-chain variant 6",0.9416553595658071,1.8964557037248946,0.0,0.003311063635681486,0.099,8/8,6.04%,P63172;Q96FJ2;Q8NCM8;Q8TCX1;Q8WW35;Q8WVS4;Q96EX3;Q8TF09
prerank,"Dynein-2 complex, light-chain variant 7",0.9416553595658074,1.895062736055951,0.0,0.0033466194813103175,0.101,8/8,6.04%,Q96FJ2;Q8NCM8;Q8TCX1;Q8WW35;Q8WVS4;Q96EX3;P51808;Q8TF09
prerank,MPP10 complex,-0.9048780487804878,-1.8913902090589052,0.008241758241758242,0.009358698031089232,0.625,3/3,9.61%,O00566;Q96G21;Q9NV31
prerank,"Dynein-2 complex, light-chain variant 1 ",0.9427408412483039,1.886818619310813,0.0,0.003886184404628057,0.117,8/8,5.93%,P63172;Q9NP97;P63167;Q8NCM8;Q8TCX1;Q8WW35;Q8WVS4;Q96EX3
prerank,"Dynein-2 complex, light-chain variant 4",0.9424694708276797,1.8797955064142577,0.0,0.004412426737246593,0.13,8/8,5.96%,Q9NP97;P63167;Q8NCM8;Q8TCX1;Q8WW35;Q8WVS4;Q96EX3;P51808
prerank,"Dynein-2 complex, light-chain variant 8",0.9416553595658075,1.8711767070437928,0.0,0.005179588970255179,0.154,8/8,6.04%,P63167;Q8NCM8;Q8TCX1;Q8WW35;Q8WVS4;Q96EX3;P51808;Q8TF09
prerank,"Dynein-2 complex, light-chain variant 5",0.9416553595658074,1.867875736767379,0.0,0.005500604431937256,0.165,8/8,6.04%,P63172;P63167;Q8NCM8;Q8TCX1;Q8WW35;Q8WVS4;Q96EX3;Q8TF09
prerank,Survival motor neuron complex,-0.5456026058631922,-1.839445797610761,0.007751937984496124,0.014725015306362737,0.783,9/9,45.60%,O14893;P57678;Q16637;Q8TEQ6;Q8WXD5;Q9H840;Q9NWZ8;Q9UHI6;Q9Y3F4
prerank,"Polycomb repressive complex 2.1, EZH1-RBBP7-PCL1-PALI1 variant",0.9522647138595063,1.8367032729870822,0.0012315270935960591,0.008611679726791083,0.258,6/6,4.93%,Q15022;O75530;Q16576;Q92800;Q96JN0;O43189
prerank,"SCF E3 ubiquitin ligase complex, FBXW8-CUL7 variant",0.990506329113924,1.835948395108433,0.0,0.008625565385353242,0.259,3/5,0.08%,P62877;P63208;Q13616
prerank,"Dynein-1 complex, variant 9",0.9438567941415785,1.8327941599254371,0.001226993865030675,0.008795685632888258,0.268,6/6,5.77%,P63172;Q14204;Q9NP97;Q96FJ2;O43237;O14576
prerank,"Dynein-1 complex, variant 3",0.9438567941415786,1.8284103057011998,0.0012484394506866417,0.009355824523767427,0.294,6/6,5.77%,P63172;Q14204;Q9NP97;P63167;O43237;O14576
prerank,"Dynein-1 complex, variant 11",0.9509085977759696,1.8266400297576746,0.0012391573729863693,0.0094998709676484,0.301,6/6,5.06%,P63172;Q14204;Q9NP97;Q96FJ2;Q13409;O43237
prerank,"Polycomb repressive complex 2.1, EZH1-RBBP4-PCL1-PALI1 variant",0.9522647138595063,1.8227257789617606,0.0,0.009736949689380391,0.311,6/6,4.93%,Q15022;O75530;Q09028;Q92800;Q96JN0;O43189
prerank,CCDC36-MEI4-REC114 meiotic recombination initiation complex,-0.8766937669376694,-1.8219331088946917,0.00558659217877095,0.016950852579955197,0.832,3/3,12.43%,A8MW99;Q7Z4M0;Q8IYA8
prerank,"Cytoplasmic exosome complex, DIS3L variant",0.8814466285949174,1.8180660822689696,0.004434589800443459,0.010186359121842221,0.329,10/11,9.40%,CHEBI:18420;Q9Y3B2;Q9NQT5;Q9NQT4;Q9NPD3;Q96B26;Q5RKV6;Q15024;Q13868;Q06265
prerank,"Dynein-1 complex, variant 13",0.9419582316246271,1.8180115638994878,0.00125,0.010074421109514283,0.329,6/6,5.96%,Q14204;Q9NP97;Q96FJ2;O43237;O14576;P51808
prerank,"Polycomb repressive complex 2.1, EZH1-RBBP7-PCL1-EPOP variant",0.9522647138595063,1.8180002502750423,0.00125,0.009964916532236955,0.329,6/6,4.93%,Q15022;O75530;Q16576;Q92800;A6NHQ4;O43189
prerank,"Polycomb repressive complex 2.1, EZH1-RBBP7-PCL2-PALI1 variant",0.9446704637917005,1.8170496005018997,0.0036319612590799033,0.01000254050467301,0.331,6/6,5.69%,Q15022;O75530;Q16576;Q92800;Q96JN0;Q9Y483
prerank,"Dynein-1 complex, variant 14",0.9419582316246271,1.8165810737793837,0.0,0.009961236621010096,0.335,6/6,5.96%,Q14204;Q9NP97;Q96FJ2;Q9Y6G9;O14576;P51808
prerank,"Exosome complex, DIS3 variant",0.8814466285949174,1.8159477910597048,0.005549389567147614,0.009959454769258145,0.337,10/11,9.40%,CHEBI:18420;Q9Y3B2;Q9NQT5;Q9NQT4;Q9NPD3;Q96B26;Q5RKV6;Q15024;Q13868;Q06265
prerank,"Dynein-1 complex, variant 10",0.9438567941415785,1.8150504764036213,0.0,0.009957710039417693,0.341,6/6,5.77%,P63172;Q14204;Q9NP97;Q96FJ2;Q9Y6G9;O14576
prerank,"Dynein-1 complex, variant 1",0.9509085977759697,1.8139761156682894,0.0,0.009981238295513575,0.344,6/6,5.06%,P63172;Q14204;Q9NP97;P63167;Q13409;O43237
prerank,"Polycomb repressive complex 2.1, EZH2-RBBP7-PCL1-PALI1 variant",0.9522647138595063,1.812177259610312,0.0012376237623762376,0.010166653078474171,0.348,6/6,4.93%,Q15022;O75530;Q16576;Q15910;Q96JN0;O43189
prerank,"CRL4-DCAF15 E3 ubiquitin ligase complex, CUL4A variant ",0.972946185443301,1.8116903095343366,0.0,0.01008868678653144,0.348,3/5,1.08%,P62877;Q16531;Q13619
prerank,HUSH epigenetic repressor complex,-0.8682926829268293,-1.8108767753132633,0.012861736334405145,0.0184109706065506,0.865,3/3,13.27%,Q9UK61;Q8NEY8;Q99549
prerank,"Dynein-1 complex, variant 4",0.9438567941415785,1.8102618392126142,0.0012531328320802004,0.010195879083638336,0.353,6/6,5.77%,P63172;Q14204;Q9NP97;P63167;Q9Y6G9;O14576
prerank,"SCF E3 ubiquitin ligase complex, LMO7 variant",0.9968152866242039,1.8080906483319061,0.0,0.010300948761000541,0.359,3/4,0.08%,P62877;P63208;Q13616
prerank,"Polycomb repressive complex 2.1, EZH1-RBBP4-PCL1-EPOP variant",0.9522647138595064,1.8074923914395828,0.0,0.010223958970952926,0.359,6/6,4.93%,Q15022;O75530;Q09028;Q92800;A6NHQ4;O43189
prerank,"Polycomb repressive complex 2.1, EZH1-RBBP7-PCL3-PALI1 variant",0.9460265798752373,1.8063924479054518,0.0024509803921568627,0.010267298602854955,0.361,6/6,5.55%,Q15022;O75530;Q16576;Q92800;Q96JN0;Q5T6S3
prerank,"Polycomb repressive complex 2.1, EZH1-RBBP4-PCL2-PALI1 variant",0.9446704637917005,1.8061757934282996,0.001215066828675577,0.010168574577827503,0.361,6/6,5.69%,Q15022;O75530;Q09028;Q92800;Q96JN0;Q9Y483
prerank,"Polycomb repressive complex 2.1, EZH2-RBBP7-PCL1-EPOP variant",0.9522647138595063,1.8052292149614575,0.0012285012285012285,0.010223273259418991,0.366,6/6,4.93%,Q15022;O75530;Q16576;Q15910;A6NHQ4;O43189
prerank,BTR double Holliday Junction dissolution complex,0.9480591585698559,1.8044702633181777,0.0012406947890818859,0.010184562902635407,0.367,2/6,0.54%,CHEBI:29105;CHEBI:18420
prerank,"Dynein-1 complex, variant 15",0.941958231624627,1.8035942062087562,0.0025031289111389237,0.010306724993950635,0.373,6/6,5.96%,Q14204;Q9NP97;Q96FJ2;Q13409;O43237;P51808
prerank,"Polycomb repressive complex 2.1, EZH1-RBBP4-PCL3-PALI1 variant",0.9460265798752373,1.8035579598993765,0.0012106537530266344,0.010211292355117758,0.373,6/6,5.55%,Q15022;O75530;Q09028;Q92800;Q96JN0;Q5T6S3
prerank,Chaperonin-containing T-complex,-0.5549525101763908,-1.8013451505155398,0.007633587786259542,0.01983030274486969,0.887,8/8,44.65%,P50990;P50991;P78371;Q99832;P17987;P40227;P48643;P49368
prerank,"SCF E3 ubiquitin ligase complex, FBXO22 variant",0.9968152866242039,1.8009652380536132,0.0,0.010387114279508641,0.383,3/4,0.08%,P62877;P63208;Q13616
prerank,"Dynein-1 complex, variant 5",0.9411445619745052,1.8009218502223994,0.0,0.010292685967876743,0.383,6/6,6.04%,P63172;Q14204;P63167;O43237;O14576;Q8TF09
prerank,NineTeen Core complex,0.93307190187277,1.8006090544472249,0.0024630541871921183,0.010255093981142351,0.383,5/7,3.79%,O43660;Q9P013;Q99459;O75934;Q9UMS4
prerank,"Dynein-1 complex, variant 12",0.9441280173582859,1.799934642697591,0.0012547051442910915,0.010250958862601568,0.386,6/6,5.74%,P63172;Q14204;Q9NP97;Q96FJ2;Q13409;Q9Y6G9
prerank,"SCF E3 ubiquitin ligase complex, FBXL20 variant",0.9968152866242039,1.799410487303252,0.0,0.010203569672244804,0.386,3/4,0.08%,P62877;P63208;Q13616
prerank,"Polycomb repressive complex 2.1, EZH2-RBBP4-PCL1-PALI1 variant",0.9522647138595065,1.7988160398008448,0.0,0.010157011871192546,0.387,6/6,4.93%,Q15022;O75530;Q09028;Q15910;Q96JN0;O43189
prerank,"CRL4-DCAF15 E3 ubiquitin ligase complex, CUL4B variant ",0.9726750357686806,1.7982661578204997,0.0,0.010164480948770406,0.391,3/5,1.11%,P62877;Q16531;Q13620
prerank,"SCF E3 ubiquitin ligase complex, FBXO17 variant",0.9968152866242039,1.7978410841191477,0.0,0.010150717885561203,0.393,3/4,0.08%,P62877;P63208;Q13616
prerank,"SCF E3 ubiquitin ligase complex, FBXL6 variant",0.9968152866242039,1.7974915345646227,0.0,0.010105805598952024,0.396,3/4,0.08%,P62877;P63208;Q13616
prerank,KLHDC3-Elongin C-Elongin B E3 ubiquitin ligase complex,0.9623599714965367,1.797429412272032,0.0,0.010020163178621921,0.396,4/5,3.38%,P62877;Q15370;Q15369;Q13617
prerank,"SCF E3 ubiquitin ligase complex, FBXO16 variant",0.9968152866242039,1.7972594485972542,0.0,0.009956531472718744,0.396,3/4,0.08%,P62877;P63208;Q13616
prerank,"Dynein-1 complex, variant 16",0.9419582316246271,1.7960244212296372,0.0012594458438287153,0.0100061598449872,0.403,6/6,5.96%,Q14204;Q9NP97;Q96FJ2;Q13409;Q9Y6G9;P51808
prerank,"Polycomb repressive complex 2.1, EZH1-RBBP4-PCL3-EPOP variant",0.9460265798752374,1.79517843750651,0.002421307506053269,0.010004389604157346,0.406,6/6,5.55%,Q15022;O75530;Q09028;Q92800;A6NHQ4;Q5T6S3
prerank,"SCF E3 ubiquitin ligase complex, FBXW9 variant",0.9968152866242039,1.7944867592341778,0.0,0.009972550143798345,0.406,3/4,0.08%,P62877;P63208;Q13616
prerank,U4/U6.U5 small nuclear ribonucleoprotein complex,0.7597993558306781,1.7942142869121045,0.004048582995951417,0.009931277218664106,0.407,12/32,4.17%,P14678;P62306;P62308;P62304;P62318;P62316;P62314;URS00006767A8_9606;Q15029;Q96DI7;Q6P2Q9;O75643
prerank,"SCF E3 ubiquitin ligase complex, FBXO36 variant",0.9968152866242039,1.794168128754202,0.0,0.009870928129611524,0.409,3/4,0.08%,P62877;P63208;Q13616
prerank,CST complex,-0.8406504065040651,-1.7940057526758821,0.017699115044247787,0.020727453811788928,0.896,3/3,16.03%,Q2NKJ3;Q86WV5;Q9H668
prerank,"SCF E3 ubiquitin ligase complex, FBXO24 variant",0.9968152866242039,1.7938602391945282,0.0,0.009840920508097505,0.411,3/4,0.08%,P62877;P63208;Q13616
prerank,"SCF E3 ubiquitin ligase complex, FBXW12 variant",0.9968152866242039,1.7937506166331008,0.0,0.009782246457843903,0.413,3/4,0.08%,P62877;P63208;Q13616
prerank,"Polycomb repressive complex 2.1,EZH2-RBBP7-PCL2-PALI1 variant",0.9446704637917005,1.7930741863707458,0.0024479804161566705,0.009801598461173622,0.417,6/6,5.69%,Q15022;O75530;Q16576;Q15910;Q96JN0;Q9Y483
prerank,"Polycomb repressive complex 2.1, EZH1-RBBP7-PCL3-EPOP variant",0.9460265798752373,1.7919623085640128,0.002466091245376079,0.00986846039757912,0.424,6/6,5.55%,Q15022;O75530;Q16576;Q92800;A6NHQ4;Q5T6S3
prerank,"SCF E3 ubiquitin ligase complex, FBXW2 variant",0.9968152866242039,1.7903667483627665,0.0,0.009991215718911905,0.432,3/4,0.08%,P62877;P63208;Q13616
prerank,"SCF E3 ubiquitin ligase complex, FBXL7 variant",0.9968152866242039,1.7903046948663517,0.0,0.009952021600707102,0.434,3/4,0.08%,P62877;P63208;Q13616
prerank,"SCF E3 ubiquitin ligase complex, FBXO7 variant",0.9968152866242039,1.7902193791596686,0.0,0.009876051970167353,0.434,3/4,0.08%,P62877;P63208;Q13616
prerank,"SCF E3 ubiquitin ligase complex, FBXO6 variant",0.9968152866242039,1.7894678188022488,0.0,0.009931051055491883,0.437,3/4,0.08%,P62877;P63208;Q13616
prerank,"SCF E3 ubiquitin ligase complex, SKP2 variant",0.9968152866242039,1.789124735113776,0.0,0.009893193381031699,0.437,3/4,0.08%,P62877;P63208;Q13616
prerank,"SCF E3 ubiquitin ligase complex, FBXO4 variant",0.9968152866242039,1.7891172773663053,0.0,0.009819363579680716,0.437,3/4,0.08%,P62877;P63208;Q13616
prerank,"Polycomb repressive complex 2.1, EZH2-RBBP4-PCL1-EPOP variant",0.9522647138595064,1.7890082657352961,0.0,0.009746627553164565,0.437,6/6,4.93%,Q15022;O75530;Q09028;Q15910;A6NHQ4;O43189
prerank,"SCF E3 ubiquitin ligase complex, KDM2A variant",0.9968152866242039,1.788704338465691,0.0,0.009719960993511583,0.438,3/4,0.08%,P62877;P63208;Q13616
prerank,LRR1-Elongin C-Elongin B E3 ubiquitin ligase complex,0.9623599714965367,1.7886438003090233,0.0,0.009657946643836842,0.438,4/5,3.38%,P62877;Q15370;Q15369;Q13617
prerank,"SCF E3 ubiquitin ligase complex, FBXL18 variant",0.9968152866242039,1.7882301100442697,0.0,0.009614570112100455,0.439,3/4,0.08%,P62877;P63208;Q13616
prerank,"CRL3 E3 ubiquitin ligase complex, KBTBD6-KBTBD7 variant",0.9895948453823217,1.7880891294459051,0.0,0.009571817703122865,0.44,2/4,0.19%,P62877;Q13618
prerank,"Polycomb repressive complex 2.1,EZH2-RBBP7-PCL3-PALI1 variant",0.9460265798752373,1.7878383683735608,0.0049079754601227,0.009503447576671986,0.44,6/6,5.55%,Q15022;O75530;Q16576;Q15910;Q96JN0;Q5T6S3
prerank,"Polycomb repressive complex 2.1, EZH1-RBBP7-PCL2-EPOP variant",0.9446704637917005,1.7877223186268538,0.0036855036855036856,0.0094534088717037,0.44,6/6,5.69%,Q15022;O75530;Q16576;Q92800;A6NHQ4;Q9Y483
prerank,"SCF E3 ubiquitin ligase complex, FBXL22 variant",0.9968152866242039,1.7861175485790406,0.0,0.009567848927885423,0.446,3/4,0.08%,P62877;P63208;Q13616
prerank,Collagen type VI trimer,-0.870460704607046,-1.7856775447219524,0.01557632398753894,0.021842551440533233,0.911,3/3,13.05%,P12109;P12110;P12111
prerank,"SCF E3 ubiquitin ligase complex, FBXO3 variant",0.9968152866242039,1.7855133762399742,0.0,0.009569416143107027,0.449,3/4,0.08%,P62877;P63208;Q13616
prerank,"SCF E3 ubiquitin ligase complex, FBXO21 variant",0.9968152866242039,1.7854284660709026,0.0,0.009528461762003613,0.452,3/4,0.08%,P62877;P63208;Q13616
prerank,"Polycomb repressive complex 2.1, EZH1-RBBP4-PCL2-EPOP variant",0.9446704637917006,1.7851320692846582,0.0012300123001230013,0.00953872034152529,0.455,6/6,5.69%,Q15022;O75530;Q09028;Q92800;A6NHQ4;Q9Y483
prerank,PRAME-Elongin C-Elongin B E3 ubiquitin ligase complex,0.9623599714965367,1.7848696511207771,0.0,0.009498537224557412,0.456,4/5,3.38%,P62877;Q15370;Q15369;Q13617
prerank,"SCF E3 ubiquitin ligase complex, FBXO33 variant",0.9968152866242039,1.784443787342192,0.0,0.009475553811059466,0.459,3/4,0.08%,P62877;P63208;Q13616
prerank,"Dynein-1 complex, variant 6",0.9411445619745051,1.784235999329413,0.0,0.009461151221311975,0.46,6/6,6.04%,P63172;Q14204;P63167;Q9Y6G9;O14576;Q8TF09
prerank,"SCF E3 ubiquitin ligase complex, FBXW11 variant",0.9968152866242039,1.7835078973209932,0.0,0.009496230347725062,0.464,3/4,0.08%,P62877;P63208;Q13616
prerank,"SCF E3 ubiquitin ligase complex, FBXO34 variant",0.9968152866242039,1.783324436039216,0.0,0.009457402047168332,0.464,3/4,0.08%,P62877;P63208;Q13616
prerank,"Nucleolar exosome complex, EXOSC10 variant",0.8684736556219445,1.782778555561985,0.004469273743016759,0.009508253233829506,0.469,10/11,9.40%,CHEBI:18420;Q9Y3B2;Q9NQT5;Q9NQT4;Q9NPD3;Q96B26;Q5RKV6;Q15024;Q13868;Q06265
prerank,"SCF E3 ubiquitin ligase complex, FBXW4 variant",0.9968152866242039,1.7826955685163546,0.0,0.009453751535502153,0.469,3/4,0.08%,P62877;P63208;Q13616
prerank,"SCF E3 ubiquitin ligase complex, FBXW10 variant",0.9968152866242039,1.7826737595080948,0.0,0.00939996227767581,0.47,3/4,0.08%,P62877;P63208;Q13616
prerank,"Dynein-1 complex, variant 7",0.9411445619745052,1.782441475194971,0.0,0.009362767621744249,0.47,6/6,6.04%,P63172;Q14204;P63167;Q13409;O43237;Q8TF09
prerank,"SCF E3 ubiquitin ligase complex, FBXL5 variant",0.9968152866242039,1.7818471626163266,0.0,0.009381330094382793,0.474,3/4,0.08%,P62877;P63208;Q13616
prerank,"SCF E3 ubiquitin ligase complex, FBXO31 variant",0.9968152866242039,1.7814867071868683,0.0,0.009344731730086849,0.475,3/4,0.08%,P62877;P63208;Q13616
prerank,"SCF E3 ubiquitin ligase complex, FBXO10 variant",0.9968152866242039,1.7812800240508837,0.0,0.009324191881107691,0.479,3/4,0.08%,P62877;P63208;Q13616
prerank,"SCF E3 ubiquitin ligase complex, FBXL14 variant",0.9968152866242039,1.7801499913169083,0.0,0.009389126878120612,0.482,3/4,0.08%,P62877;P63208;Q13616
prerank,"SCF E3 ubiquitin ligase complex, FBXO40 variant",0.9968152866242039,1.7797733405135052,0.0,0.009368566177254187,0.482,3/4,0.08%,P62877;P63208;Q13616
prerank,"SCF E3 ubiquitin ligase complex, FBXO42 variant",0.9968152866242039,1.7793493433120193,0.0,0.00937886236235039,0.486,3/4,0.08%,P62877;P63208;Q13616
prerank,"Polycomb repressive complex 2.1, EZH2-RBBP7-PCL2-EPOP variant",0.9446704637917005,1.7791775630842395,0.002442002442002442,0.009351018374710246,0.486,6/6,5.69%,Q15022;O75530;Q16576;Q15910;A6NHQ4;Q9Y483
prerank,MRN double-strand break repair complex,0.945357917570499,1.7785983732665709,0.003896103896103896,0.009361295766178987,0.487,2/5,1.52%,CHEBI:29105;CHEBI:29035
prerank,"SCF E3 ubiquitin ligase complex, FBXO2 variant",0.9968152866242039,1.7783297067356358,0.0,0.00931888284844871,0.488,3/4,0.08%,P62877;P63208;Q13616
prerank,"SCF E3 ubiquitin ligase complex, FBXW5 variant",0.9968152866242039,1.7776490799520748,0.0,0.009366547777622837,0.495,3/4,0.08%,P62877;P63208;Q13616
prerank,"SCF E3 ubiquitin ligase complex, FBXO11 variant",0.9968152866242039,1.7775763659437307,0.0,0.00933203527754158,0.495,3/4,0.08%,P62877;P63208;Q13616
prerank,ZER1-Elongin C-Elongin B E3 ubiquitin ligase complex,0.9623599714965367,1.7774665899165945,0.0,0.009283191661942365,0.496,4/5,3.38%,P62877;Q15370;Q15369;Q13617
prerank,ZYG11B-Elongin C-Elongin B E3 ubiquitin ligase complex,0.9623599714965367,1.777435578614428,0.0,0.00922760368791876,0.496,4/5,3.38%,P62877;Q15370;Q15369;Q13617
prerank,"SCF E3 ubiquitin ligase complex, FBXO32 variant",0.9968152866242039,1.7773988711561988,0.0,0.009179963160538717,0.496,3/4,0.08%,P62877;P63208;Q13616
prerank,"Polycomb repressive complex 2.1,EZH2-RBBP4-PCL3-PALI1 variant",0.9460265798752375,1.777243635886292,0.0012285012285012285,0.009147371575353372,0.496,6/6,5.55%,Q15022;O75530;Q09028;Q15910;Q96JN0;Q5T6S3
prerank,"SCF E3 ubiquitin ligase complex, FBXL17 variant",0.9968152866242039,1.777142883659177,0.0,0.009107963449475669,0.497,3/4,0.08%,P62877;P63208;Q13616
prerank,"SCF E3 ubiquitin ligase complex, FBXL13 variant",0.9936507936507936,1.7770234199901838,0.0,0.009061858371338804,0.497,3/4,0.08%,P62877;P63208;Q13616
prerank,"SCF E3 ubiquitin ligase complex, FBXO44 variant",0.9968152866242039,1.7769447782572607,0.0,0.009009173148249625,0.497,3/4,0.08%,P62877;P63208;Q13616
prerank,"Dynein-1 complex, variant 2",0.944128017358286,1.776683815338983,0.0012642225031605564,0.008978322351232087,0.498,6/6,5.74%,P63172;Q14204;Q9NP97;P63167;Q13409;Q9Y6G9
prerank,VHL-Elongin C-Elongin B E3 ubiquitin ligase complex,0.9623599714965367,1.7764520506277903,0.0,0.008961895070135116,0.5,4/5,3.38%,P62877;Q15370;Q15369;Q13617
prerank,"SCF E3 ubiquitin ligase complex, FBXO27 variant",0.9968152866242039,1.776102562449041,0.0,0.008959644044685787,0.502,3/4,0.08%,P62877;P63208;Q13616
prerank,FEB1C-Elongin C-Elongin B E3 ubiquitin ligase complex,0.9623599714965367,1.7758521666536058,0.001321003963011889,0.008936555046433522,0.503,4/5,3.38%,P62877;Q15370;Q15369;Q13617
prerank,"SCF E3 ubiquitin ligase complex, FBXO28 variant",0.9968152866242039,1.7755606735305955,0.0,0.008941387846762005,0.504,3/4,0.08%,P62877;P63208;Q13616
prerank,"SCF E3 ubiquitin ligase complex, FBXL2 variant",0.9968152866242039,1.775441349088406,0.0,0.00890490808456752,0.505,3/4,0.08%,P62877;P63208;Q13616
prerank,"SCF E3 ubiquitin ligase complex, FBXL15 variant",0.9968152866242039,1.775088307094236,0.0,0.00890986368579661,0.506,3/4,0.08%,P62877;P63208;Q13616
prerank,"SCF E3 ubiquitin ligase complex, FBXO46 variant",0.9968152866242039,1.7750365836145905,0.0,0.00888756433394378,0.508,3/4,0.08%,P62877;P63208;Q13616
prerank,"SCF E3 ubiquitin ligase complex, FBXW7 variant",0.9968152866242039,1.7747627333467735,0.0,0.008872273787570386,0.508,3/4,0.08%,P62877;P63208;Q13616
prerank,"Cav1.1 voltage-gated calcium channel complex, CACNA2D1-CACNB2-CACNG1 variant",0.9468546637744033,1.7742489036629225,0.001287001287001287,0.00887060176465243,0.508,5/5,5.44%,Q13698;Q06432;P54289-PRO_0000005001;P54289-PRO_0000005002;Q08289
prerank,"Polycomb repressive complex 2.1, EZH2-RBBP7-PCL3-EPOP variant",0.9460265798752373,1.7733108950308554,0.0036900369003690036,0.008949209988197307,0.511,6/6,5.55%,Q15022;O75530;Q16576;Q15910;A6NHQ4;Q5T6S3
prerank,"SCF E3 ubiquitin ligase complex, FBXO47 variant",0.9968152866242039,1.7727719420842294,0.0,0.00895379015513414,0.516,3/4,0.08%,P62877;P63208;Q13616
prerank,SF3B complex,0.9205100379815517,1.7719133682836279,0.0024271844660194173,0.008991401755079002,0.518,7/7,8.12%,Q9BWJ5;Q15393;O75533;Q13435;Q15427;Q7RTV0;Q9Y3B4
prerank,"SCF E3 ubiquitin ligase complex, FBXO15 variant",0.9968152866242039,1.7719104473665857,0.0,0.008949641504181115,0.518,3/4,0.08%,P62877;P63208;Q13616
prerank,"SCF E3 ubiquitin ligase complex, FBXL4 variant",0.9968152866242039,1.771669175453742,0.0,0.008921418743539586,0.519,3/4,0.08%,P62877;P63208;Q13616
prerank,"SCF E3 ubiquitin ligase complex, FBH1 variant",0.9968152866242039,1.7713576604944212,0.0,0.008926049285885519,0.522,3/4,0.08%,P62877;P63208;Q13616
prerank,"SCF E3 ubiquitin ligase complex, FBXO9 variant",0.9968152866242039,1.7709968556897986,0.0,0.008904726169834733,0.522,3/4,0.08%,P62877;P63208;Q13616
prerank,"SCF E3 ubiquitin ligase complex, FBXO25 variant",0.9968152866242039,1.7706383707899074,0.0,0.008909395825280733,0.523,3/4,0.08%,P62877;P63208;Q13616
prerank,"SCF E3 ubiquitin ligase complex, FBXL21 variant",0.9968152866242039,1.7701538618220674,0.0,0.008901199881318168,0.525,3/4,0.08%,P62877;P63208;Q13616
prerank,"Polycomb repressive complex 2.1, EZH2-RBBP4-PCL2-PALI1 variant",0.9446704637917007,1.7699361731803018,0.0012422360248447205,0.008893089311771884,0.525,6/6,5.69%,Q15022;O75530;Q09028;Q15910;Q96JN0;Q9Y483
prerank,"SCF E3 ubiquitin ligase complex, FBXO8 variant",0.9968152866242039,1.7695837145193598,0.0,0.008897746676501431,0.526,3/4,0.08%,P62877;P63208;Q13616
prerank,"SCF E3 ubiquitin ligase complex, FBXL16 variant",0.9968152866242039,1.7692973922744522,0.0,0.008883428268067707,0.527,3/4,0.08%,P62877;P63208;Q13616
prerank,"SCF E3 ubiquitin ligase complex, FBXO5 variant",0.9968152866242039,1.768823566010122,0.0,0.008888087408767743,0.529,3/4,0.08%,P62877;P63208;Q13616
prerank,"SCF E3 ubiquitin ligase complex, FBXO39 variant",0.9968152866242039,1.7686313800244455,0.0,0.008892699007215739,0.531,3/4,0.08%,P62877;P63208;Q13616
prerank,"Non-canonical polycomb repressive complex 1.3, RING1-YAF2-CKIIA1-A2 variant",0.950108459869848,1.768464831055432,0.00129366106080207,0.00885998474918999,0.532,5/5,5.12%,Q06587;Q8WXX7;Q8IY57;Q3KNV8;CPX-2437
prerank,Collagen type IX trimer,-0.8696476964769647,-1.7683549649660184,0.011396011396011397,0.024810162531648035,0.939,3/3,13.13%,Q14055;P20849;Q14050
prerank,KLHDC10-Elongin C-Elongin B E3 ubiquitin ligase complex,0.9623599714965367,1.7682009045020324,0.0,0.00885232811171141,0.534,4/5,3.38%,P62877;Q15370;Q15369;Q13617
prerank,"Cav1.1 voltage-gated calcium channel complex, CACNA2D1-CACNB1-CACNG1 variant",0.9433297180043383,1.7679405342804302,0.0025412960609911056,0.008826296238105902,0.534,5/5,5.79%,Q13698;Q06432;P54289-PRO_0000005001;P54289-PRO_0000005002;Q02641
prerank,"SCF E3 ubiquitin ligase complex, FBXO38 variant",0.9968152866242039,1.7672243043784734,0.0,0.008849484486759325,0.537,3/4,0.08%,P62877;P63208;Q13616
prerank,"SCF E3 ubiquitin ligase complex, TSPAN17 variant",0.9968152866242039,1.7663501922925136,0.0,0.008884621062173127,0.54,3/4,0.08%,P62877;P63208;Q13616
prerank,"Cav1.1 voltage-gated calcium channel complex, CACNA2D2-CACNB2-CACNG1 variant",0.9468546637744033,1.7659941427290888,0.0,0.008870934697708702,0.541,5/5,5.44%,Q13698;Q06432;Q9NY47-PRO_0000304637;Q9NY47-PRO_0000304639;Q08289
prerank,FEB1B-Elongin C-Elongin B E3 ubiquitin ligase complex,0.9623599714965367,1.765734641114128,0.0,0.008863412706727037,0.541,4/5,3.38%,P62877;Q15370;Q15369;Q13617
prerank,APPBP2-Elongin C-Elongin B E3 ubiquitin ligase complex,0.9623599714965367,1.7656047968828985,0.0,0.008831964557067315,0.541,4/5,3.38%,P62877;Q15370;Q15369;Q13617
prerank,"SCF E3 ubiquitin ligase complex, FBXL12 variant",0.9968152866242039,1.7647921615334357,0.0,0.008890383834824163,0.548,3/4,0.08%,P62877;P63208;Q13616
prerank,"SCF E3 ubiquitin ligase complex, FBXL8 variant",0.9968152866242039,1.7638555529831093,0.0,0.008972002830041077,0.55,3/4,0.08%,P62877;P63208;Q13616
prerank,"Cav1.1 voltage-gated calcium channel complex, CACNA2D1-CACNB4-CACNG1 variant",0.9482104121475052,1.7629051432309486,0.0038071065989847717,0.009052833235932225,0.551,5/5,5.31%,Q13698;Q06432;O00305;P54289-PRO_0000005001;P54289-PRO_0000005002
prerank,"SCF E3 ubiquitin ligase complex, KDM2B variant",0.9842767295597485,1.7628575428507225,0.0,0.009009309999221012,0.551,3/4,0.08%,P62877;P63208;Q13616
prerank,"SCF E3 ubiquitin ligase complex, BTRC variant",0.9968152866242039,1.7627416179127435,0.0,0.00898377256029754,0.551,3/4,0.08%,P62877;P63208;Q13616
prerank,Myddosome core complex,-0.7335321225264299,-1.7622912877000598,0.014705882352941176,0.02543959394833913,0.95,4/4,26.75%,O43187;P51617;Q99836;Q9NWZ3
prerank,"Non-canonical polycomb repressive complex 1.3, RING2-YAF2-CKIIA1-A2 variant",0.950108459869848,1.7614690778959525,0.0,0.009098363488000596,0.554,5/5,5.12%,Q99496;Q8WXX7;Q8IY57;Q3KNV8;CPX-2437
prerank,"Vacuolar proton translocating ATPase complex, ATP6V0A1 variant",0.8336843495681401,1.7614378118062934,0.004371584699453552,0.009061044206484346,0.554,9/10,14.13%,P27449;P38606;Q15904;Q16864;Q6P5S7;Q99437;Q9UI12;Q9Y5K8;O75787
prerank,"Non-canonical polycomb repressive complex 1.1, RING2-PCGF1-YAF2 variant",0.910600655108385,1.7612461311409395,0.0049261083743842365,0.009029850555397833,0.555,3/6,1.33%,P63208;Q99496;Q8IY57
prerank,"Polycomb repressive complex 2.1, EZH2-RBBP4-PCL3-EPOP variant",0.9460265798752374,1.7611428827110427,0.0012315270935960591,0.008993203346631045,0.555,6/6,5.55%,Q15022;O75530;Q09028;Q15910;A6NHQ4;Q5T6S3
prerank,"Polycomb repressive complex 2.1, EZH2-RBBP4-PCL2-EPOP variant",0.9446704637917006,1.7611290684400942,0.0012406947890818859,0.00895117903192716,0.555,6/6,5.69%,Q15022;O75530;Q09028;Q15910;A6NHQ4;Q9Y483
prerank,"SCF E3 ubiquitin ligase complex, FBXO43 variant",0.9968152866242039,1.7604510945840508,0.0,0.009012019648454444,0.559,3/4,0.08%,P62877;P63208;Q13616
prerank,"Cav1.1 voltage-gated calcium channel complex, CACNA2D2-CACNB1-CACNG1 variant",0.9433297180043383,1.760200224094071,0.001287001287001287,0.008975963979193412,0.559,5/5,5.79%,Q13698;Q06432;Q9NY47-PRO_0000304637;Q9NY47-PRO_0000304639;Q02641
prerank,"SCF E3 ubiquitin ligase complex, FBXL3 variant",0.9968152866242039,1.7599287873056746,0.0,0.008985364863126377,0.561,3/4,0.08%,P62877;P63208;Q13616
prerank,"Non-canonical polycomb repressive complex 1.3, RING2-YAF2-CKIIA1 variant",0.9422451193058567,1.7597096852584537,0.0,0.008972220874948545,0.563,5/5,5.90%,Q99496;Q8WXX7;Q8IY57;Q3KNV8;CPX-914
prerank,"SCF E3 ubiquitin ligase complex, CCNF variant",0.9968152866242039,1.7590863265130776,0.0,0.008992731035194396,0.566,3/4,0.08%,P62877;P63208;Q13616
prerank,KLHDC2-Elongin C-Elongin B E3 ubiquitin ligase complex,0.9623599714965367,1.758674015749372,0.0,0.009001927511364633,0.567,4/5,3.38%,P62877;Q15370;Q15369;Q13617
prerank,"SCF E3 ubiquitin ligase complex, FBXO41 variant",0.9968152866242039,1.7566973509511934,0.0,0.009299039605758374,0.583,3/4,0.08%,P62877;P63208;Q13616
prerank,"CRL4-DCAF11 E3 ubiquitin ligase complex, CUL4A variant ",0.9813864906339109,1.755559779637112,0.0028089887640449437,0.009461151221311977,0.592,3/4,1.08%,P62877;Q16531;Q13619
prerank,"Non-canonical polycomb repressive complex 1.3, RING1-YAF2-CKIIA1 variant",0.9422451193058567,1.755500588959761,0.002635046113306983,0.009429702068643058,0.593,5/5,5.90%,Q06587;Q8WXX7;Q8IY57;Q3KNV8;CPX-914
prerank,"Dynein-1 complex, variant 8",0.9411445619745052,1.754923168316062,0.0,0.00946956914119857,0.601,6/6,6.04%,P63172;Q14204;P63167;Q13409;Q9Y6G9;Q8TF09
prerank,"Non-canonical polycomb repressive complex 1.1, RING1-PCGF1-YAF2 variant",0.9106006551083848,1.7543901655793914,0.002457002457002457,0.009519961796114225,0.604,3/6,1.33%,P63208;Q06587;Q8IY57
prerank,"SCF E3 ubiquitin ligase complex, FBXO30 variant",0.9968152866242039,1.7539340012847644,0.0,0.009537413053515445,0.605,3/4,0.08%,P62877;P63208;Q13616
prerank,"SCF E3 ubiquitin ligase complex, FBXL19 variant",0.9968152866242039,1.7538117570484244,0.0,0.009506182115729667,0.605,3/4,0.08%,P62877;P63208;Q13616
prerank,"CRL4-DCAF6 E3 ubiquitin ligase complex, CUL4A variant ",0.9813864906339109,1.753402106888477,0.0014184397163120568,0.009518172329611196,0.608,3/4,1.08%,P62877;Q16531;Q13619
prerank,"Cav1.1 voltage-gated calcium channel complex, CACNA2D3-CACNB1-CACNG1 variant",0.9433297180043383,1.7530927997568417,0.0,0.009535402782184031,0.612,5/5,5.79%,Q13698;Q06432;Q8IZS8-PRO_0000304648;Q8IZS8-PRO_0000304647;Q02641
prerank,"Non-canonical polycomb repressive complex 1.3, RING2-YAF2-CKIIA2 variant",0.9406182212581343,1.7521617408253778,0.0,0.009616344018025195,0.616,5/5,6.07%,Q99496;Q8WXX7;Q8IY57;Q3KNV8;CPX-2428
prerank,"CRL4-DCAF11 E3 ubiquitin ligase complex, CUL4B variant ",0.9811154144615065,1.751990962553528,0.002688172043010753,0.009617104263421513,0.616,3/4,1.11%,P62877;Q16531;Q13620
prerank,"CRL4-DCAF7 E3 ubiquitin ligase complex, CUL4A variant ",0.9813864906339109,1.7518604062193954,0.001392757660167131,0.009612582114081347,0.618,3/4,1.08%,P62877;Q16531;Q13619
prerank,"Cytoplasmic exosome complex, DIS3L-EXOSC10 variant",0.8435137261543132,1.7518582597357488,0.009911894273127754,0.009571326396853529,0.618,10/12,9.40%,CHEBI:18420;Q9Y3B2;Q9NQT5;Q9NQT4;Q9NPD3;Q96B26;Q5RKV6;Q15024;Q13868;Q06265
prerank,"Nuclear exosome complex, DIS3-EXOSC10 variant",0.8435137261543132,1.7513895284043368,0.0088008800880088,0.009598423019708573,0.62,10/12,9.40%,CHEBI:18420;Q9Y3B2;Q9NQT5;Q9NQT4;Q9NPD3;Q96B26;Q5RKV6;Q15024;Q13868;Q06265
prerank,"CRL4-DCAF1 E3 ubiquitin ligase complex, CUL4A variant ",0.9813864906339109,1.751193397624298,0.0,0.009578412625379121,0.621,3/4,1.08%,P62877;Q16531;Q13619
prerank,"Cav1.1 voltage-gated calcium channel complex, CACNA2D3-CACNB4-CACNG1 variant",0.9490238611713664,1.750964779787363,0.0012755102040816326,0.009579317490121475,0.622,5/5,5.23%,Q13698;Q06432;Q8IZS8-PRO_0000304648;Q8IZS8-PRO_0000304647;O00305
prerank,"CRL4-CDT2 E3 ubiquitin ligase complex, CUL4B variant ",0.9811154144615065,1.750598498573984,0.0013422818791946308,0.009616366472530571,0.625,3/4,1.11%,P62877;Q16531;Q13620
prerank,"Vacuolar proton translocating ATPase complex, ATP6V0A2 variant",0.8336843495681401,1.7504447166795176,0.004415011037527594,0.009596532917403498,0.627,9/10,14.13%,P27449;P38606;Q15904;Q16864;Q6P5S7;Q99437;Q9UI12;Q9Y5K8;O75787
prerank,"Cav1.1 voltage-gated calcium channel complex, CACNA2D2-CACNB4-CACNG1 variant",0.9490238611713664,1.7501942058074202,0.0012853470437017994,0.009592229288529437,0.628,5/5,5.23%,Q13698;Q06432;Q9NY47-PRO_0000304637;Q9NY47-PRO_0000304639;O00305
prerank,"Non-canonical polycomb repressive complex 1.5, RING2-YAF2-CKIIA1-A2 variant",0.950108459869848,1.750181869312582,0.0,0.009557361646027532,0.628,5/5,5.12%,Q99496;Q8WXX7;Q8IY57;Q86SE9;CPX-2437
prerank,"Vacuolar proton translocating ATPase complex, ATP6V0A3 variant",0.8336843495681401,1.7500074931689362,0.0054525627044711015,0.009538019814933173,0.629,9/10,14.13%,P27449;P38606;Q15904;Q16864;Q6P5S7;Q99437;Q9UI12;Q9Y5K8;O75787
prerank,"Non-canonical polycomb repressive complex 1.3, RING1-YAF2-CKIIA2 variant",0.9406182212581343,1.7499020581036777,0.001288659793814433,0.009503664340855235,0.63,5/5,6.07%,Q06587;Q8WXX7;Q8IY57;Q3KNV8;CPX-2428
prerank,"CRL4-DCAF4 E3 ubiquitin ligase complex, CUL4A variant ",0.9813864906339109,1.7497332113514674,0.0,0.009499813728820862,0.632,3/4,1.08%,P62877;Q16531;Q13619
prerank,"Cav1.1 voltage-gated calcium channel complex, CACNA2D1-CACNB3-CACNG1 variant",0.9482104121475052,1.749686625464403,0.0025284450063211127,0.009465896439309595,0.633,5/5,5.31%,Q13698;Q06432;P54284;P54289-PRO_0000005001;P54289-PRO_0000005002
prerank,"60S cytosolic large ribosomal subunit, testis-specific variant",0.7497387397848249,1.7492431817784897,0.001001001001001001,0.009517186297048303,0.636,44/47,23.02%,P40429;P47914;P49207;P61313;P61353;P61513;P61927;P62424;P62750;P62829;P62888;P62899;P63173;P83731;P84098;P62917;P62906;P05386;P05387;P05388;P18077;P18124;P18621;P26373;P30050;P32969;P36578;P42766;Q07020;P50914;P62945;Q9Y3U8;URS000075D341_9606;URS0000ABD82A_9606;P62987;URS00000F9D45_9606;P46779;Q02543;Q02878;P62910;P62913;P46776;P46777;P46778
prerank,Eukaryotic translation initiation factor 2B complex,-0.6624186550976139,-1.74832561581987,0.013761467889908258,0.027966245545455973,0.967,5/5,33.87%,Q9UI10;P49770;Q13144;Q14232;Q9NR50
prerank,"CRL4-DDB2 E3 ubiquitin ligase complex, CUL4B variant ",0.9768785926281184,1.747890163036979,0.002688172043010753,0.009702400088374254,0.645,3/4,1.11%,P62877;Q16531;Q13620
prerank,"CRL4-CDT2 E3 ubiquitin ligase complex, CUL4A variant ",0.9813864906339109,1.747787369345997,0.0013908205841446453,0.009673030007757936,0.645,3/4,1.08%,P62877;Q16531;Q13619
prerank,CCAAT-binding factor complex,-0.8314363143631436,-1.7467985524728575,0.01694915254237288,0.027796345079921216,0.968,3/3,16.95%,P23511;P25208;Q13952
prerank,"Cav1.1 voltage-gated calcium channel complex, CACNA2D3-CACNB2-CACNG1 variant",0.9468546637744033,1.7465894865926264,0.0,0.009752476992056185,0.647,5/5,5.44%,Q13698;Q06432;Q8IZS8-PRO_0000304648;Q8IZS8-PRO_0000304647;Q08289
prerank,"CRL4-DDB2 E3 ubiquitin ligase complex, CUL4A variant ",0.9771496688005228,1.745154110533987,0.001422475106685633,0.009988586421533961,0.657,3/4,1.08%,P62877;Q16531;Q13619
prerank,"CRL4-DCAF16 E3 ubiquitin ligase complex, CUL4A variant ",0.9813864906339109,1.7432545798652455,0.0014285714285714286,0.010291350700507938,0.674,3/4,1.08%,P62877;Q16531;Q13619
prerank,"Vacuolar proton translocating ATPase complex, ATP6V0A4 variant",0.8336843495681401,1.742894178679505,0.004424778761061947,0.010299114047839453,0.676,9/10,14.13%,P27449;P38606;Q15904;Q16864;Q6P5S7;Q99437;Q9UI12;Q9Y5K8;O75787
prerank,FEM1A-Elongin C-Elongin B E3 ubiquitin ligase complex,0.9623599714965367,1.7425434654122693,0.0026560424966799467,0.010321387151399351,0.676,4/5,3.38%,P62877;Q15370;Q15369;Q13617
prerank,"CRL4-AMBRA1 E3 ubiquitin ligase complex, CUL4A variant ",0.9813864906339109,1.7419051939184091,0.0013966480446927375,0.010401539285985898,0.679,3/4,1.08%,P62877;Q16531;Q13619
prerank,"Non-canonical polycomb repressive complex 1.5, RING2-YAF2-CKIIA1 variant",0.9422451193058567,1.7418859346443847,0.001303780964797914,0.010370226100514078,0.679,5/5,5.90%,Q99496;Q8WXX7;Q8IY57;Q86SE9;CPX-914
prerank,"Non-canonical polycomb repressive complex 1.5, RING1-YAF2-CKIIA1-A2 variant",0.950108459869848,1.741590863988957,0.0012919896640826874,0.01036795839307902,0.68,5/5,5.12%,Q06587;Q8WXX7;Q8IY57;Q86SE9;CPX-2437
prerank,"CRL4-ERCC8 E3 ubiquitin ligase complex, CUL4A variant ",0.9813864906339109,1.7412782059244833,0.0014347202295552368,0.010375270863733861,0.683,3/4,1.08%,P62877;Q16531;Q13619
prerank,"CRL4-DCAF13 E3 ubiquitin ligase complex, CUL4A variant ",0.9771496688005228,1.7407271620549323,0.0014184397163120568,0.010415864815615135,0.686,3/4,1.08%,P62877;Q16531;Q13619
prerank,"Polycomb repressive complex 1, RING1-PCGF2-CBX4-PHC2 variant",0.9715370018975331,1.7402595387484707,0.0027247956403269754,0.010384981580578425,0.687,4/4,2.95%,Q06587;P35227;Q8IXK0;O00257
prerank,"Cav1.1 voltage-gated calcium channel complex, CACNA2D2-CACNB3-CACNG1 variant",0.948752711496746,1.7401591174325022,0.0,0.010359062675882044,0.687,5/5,5.25%,Q13698;Q06432;Q9NY47-PRO_0000304637;Q9NY47-PRO_0000304639;P54284
prerank,"CRL4-DCAF9 E3 ubiquitin ligase complex, CUL4A variant ",0.9813864906339109,1.7398486157229245,0.0014104372355430183,0.010366296861285259,0.687,3/4,1.08%,P62877;Q16531;Q13619
prerank,"CRL4-CRBN E3 ubiquitin ligase complex, CUL4A variant ",0.9813864906339109,1.7393771771538735,0.001430615164520744,0.010392234157728632,0.689,3/4,1.08%,P62877;Q16531;Q13619
prerank,"CRL3 E3 ubiquitin ligase complex, SPOP-SPOPL variant",0.980707399407036,1.7380388584516633,0.0,0.01057681251677336,0.696,2/4,0.19%,P62877;Q13618
prerank,"CRL4-DCAF9 E3 ubiquitin ligase complex, CUL4B variant ",0.9811154144615065,1.7361224865146425,0.0013404825737265416,0.01088564452851714,0.707,3/4,1.11%,P62877;Q16531;Q13620
prerank,"CRL4-DCAF8 E3 ubiquitin ligase complex, CUL4B variant ",0.9811154144615065,1.7361169372220224,0.001375515818431912,0.010849047371545757,0.708,3/4,1.11%,P62877;Q16531;Q13620
prerank,"CRL4-DCAF12 E3 ubiquitin ligase complex, CUL4A variant ",0.9813864906339109,1.7355954451674924,0.0014184397163120568,0.010905103407311652,0.711,3/4,1.08%,P62877;Q16531;Q13619
prerank,"CRL4-DCAF1 E3 ubiquitin ligase complex, CUL4B variant ",0.9811154144615065,1.735568213290701,0.0,0.010873309748547862,0.712,3/4,1.11%,P62877;Q16531;Q13620
prerank,"CRL4-DCAF8 E3 ubiquitin ligase complex, CUL4A variant ",0.9813864906339109,1.7355355646709394,0.0014245014245014246,0.01084175424453137,0.713,3/4,1.08%,P62877;Q16531;Q13619
prerank,"GABA-A receptor, alpha1-alpha2-beta2-beta3-gamma2",0.935466377440347,1.7354052195512317,0.0012919896640826874,0.010828702812754875,0.714,5/5,6.58%,P18507;P28472;P47870;P14867;P47869
prerank,"CRL4-DCAF6 E3 ubiquitin ligase complex, CUL4B variant ",0.9811154144615065,1.7350623260628921,0.0013736263736263737,0.010820298585259515,0.717,3/4,1.11%,P62877;Q16531;Q13620
prerank,"Non-canonical polycomb repressive complex 1.3, RING2-RYBP-CKIIA1-A2 variant",0.950108459869848,1.734570485018018,0.0,0.010875423023275252,0.721,5/5,5.12%,Q99496;Q8WXX7;Q8N488;Q3KNV8;CPX-2437
prerank,"Non-canonical polycomb repressive complex 1.5, RING1-YAF2-CKIIA1 variant",0.9422451193058567,1.7342950471564733,0.002600780234070221,0.010875941594379943,0.721,5/5,5.90%,Q06587;Q8WXX7;Q8IY57;Q86SE9;CPX-914
prerank,Hydrogen:potassium-exchanging ATPase complex,-0.8468834688346883,-1.733539060475808,0.014970059880239521,0.03036181316970085,0.979,3/3,15.41%,CHEBI:39128;P20648;P51164
prerank,"CRL4-DCAF5 E3 ubiquitin ligase complex, CUL4A variant ",0.9813864906339109,1.7334378570399815,0.0013774104683195593,0.010970955973232055,0.724,3/4,1.08%,P62877;Q16531;Q13619
prerank,"CRL4-DCAF14 E3 ubiquitin ligase complex, CUL4A variant ",0.9813864906339109,1.7329550528532378,0.0,0.011002505297173145,0.727,3/4,1.08%,P62877;Q16531;Q13619
prerank,"CRL4-DCAF10 E3 ubiquitin ligase complex, CUL4A variant ",0.9813864906339109,1.7327740190083263,0.0014326647564469914,0.01098021870978305,0.727,3/4,1.08%,P62877;Q16531;Q13619
prerank,"GABA-A receptor, alpha1-alpha2-beta1-beta2-gamma2",0.9354663774403471,1.732629977764966,0.0,0.010958094206664883,0.728,5/5,6.58%,P18507;P47870;P14867;P18505;P47869
prerank,"Non-canonical polycomb repressive complex 1.5, RING2-YAF2-CKIIA2 variant",0.9406182212581343,1.7317667376631796,0.0012919896640826874,0.011046999146329443,0.731,5/5,6.07%,Q99496;Q8WXX7;Q8IY57;Q86SE9;CPX-2428
prerank,"CRL4-DCAF10 E3 ubiquitin ligase complex, CUL4B variant ",0.9811154144615065,1.7315219454712238,0.001375515818431912,0.011024793302307628,0.731,3/4,1.11%,P62877;Q16531;Q13620
prerank,"Non-canonical polycomb repressive complex 1.5, RING2-RYBP-CKIIA1-A2 variant",0.950108459869848,1.731317022566577,0.0,0.01101595579264646,0.732,5/5,5.12%,Q99496;Q8WXX7;Q8N488;Q86SE9;CPX-2437
prerank,PAF1 complex,-0.5933201596342361,-1.7306360777651908,0.014492753623188406,0.030621369177508212,0.981,5/6,12.24%,Q8N7H5;Q8WVC0;Q92541;Q6P1J9;Q6PD62
prerank,"Cav1.1 voltage-gated calcium channel complex, CACNA2D3-CACNB3-CACNG1 variant",0.948752711496746,1.730125159547192,0.0,0.011169503563551529,0.74,5/5,5.25%,Q13698;Q06432;Q8IZS8-PRO_0000304648;Q8IZS8-PRO_0000304647;P54284
prerank,"CRL4-DCAF17 E3 ubiquitin ligase complex, CUL4A variant ",0.9813864906339109,1.7292738399571492,0.002828854314002829,0.011313211742606763,0.742,3/4,1.08%,P62877;Q16531;Q13619
prerank,"Non-canonical polycomb repressive complex 1.1, RING2-PCGF1-RYBP variant",0.9223174438796896,1.7291205011986193,0.001221001221001221,0.011303442183439132,0.743,3/6,1.35%,P63208;Q99496;Q8N488
prerank,"Non-canonical polycomb repressive complex 1.3, RING2-RYBP-CKIIA1 variant",0.9422451193058567,1.7284482729186659,0.0,0.011397911706654692,0.744,5/5,5.90%,Q99496;Q8WXX7;Q8N488;Q3KNV8;CPX-914
prerank,"Polycomb repressive complex 1, RING1-PCGF2-CBX6-PHC3 variant",0.9709948495527242,1.7280755400679773,0.0013736263736263737,0.011396562039114025,0.746,4/4,3.01%,Q06587;P35227;Q8NDX5;O95503
prerank,"CRL4-AMBRA1 E3 ubiquitin ligase complex, CUL4B variant ",0.9811154144615065,1.7280626374724037,0.0013531799729364006,0.01136074314139909,0.747,3/4,1.11%,P62877;Q16531;Q13620
prerank,"Cav1.1 voltage-gated calcium channel complex, CACNA2D4-CACNB1-CACNG1 variant",0.940347071583514,1.727453509482933,0.0,0.011398185837693454,0.749,5/5,6.09%,Q13698;Q06432;Q7Z3S7-PRO_0000304657;Q02641;Q7Z3S7-PRO_0000304656
prerank,"Polycomb repressive complex 1, RING1-PCGF2-CBX4-PHC3 variant",0.9715370018975331,1.727077727096926,0.0028208744710860366,0.011443926103161087,0.752,4/4,2.95%,Q06587;P35227;Q8NDX5;O00257
prerank,"CRL4-DCAF16 E3 ubiquitin ligase complex, CUL4B variant ",0.9811154144615065,1.726214382587923,0.001375515818431912,0.011566113863591639,0.756,3/4,1.11%,P62877;Q16531;Q13620
prerank,"CRL4-DCAF7 E3 ubiquitin ligase complex, CUL4B variant ",0.9811154144615065,1.7262051016607687,0.001366120218579235,0.011525953746009725,0.756,3/4,1.11%,P62877;Q16531;Q13620
prerank,"Non-canonical polycomb repressive complex 1.5, RING1-YAF2-CKIIA2 variant",0.9406182212581343,1.7256334606723323,0.0012804097311139564,0.011553835987058649,0.761,5/5,6.07%,Q06587;Q8WXX7;Q8IY57;Q86SE9;CPX-2428
prerank,"Polycomb repressive complex 1, RING2-PCGF2-CBX6-PHC3 variant",0.9709948495527241,1.7256183987907747,0.0,0.011518215846027661,0.762,4/4,3.01%,Q99496;P35227;Q8NDX5;O95503
prerank,SIN3B histone deacetylase complex,0.7918622587697399,1.7251976502500728,0.014767932489451477,0.011533314541212905,0.763,14/15,20.09%,Q09028;Q16576;Q92769;Q13547;Q9H160;Q9H7L9;Q9HAJ7;Q9HCU9;Q9UK53;O75446;P29374;Q5PSV4;Q9H0E3;Q4LE39
prerank,"Polycomb repressive complex 1, RING1-PCGF4-CBX4-PHC2 variant",0.9715370018975332,1.7250712542474558,0.0,0.011502200416674995,0.763,4/4,2.95%,Q06587;P35226;Q8IXK0;O00257
prerank,"CRL4-DCAF14 E3 ubiquitin ligase complex, CUL4B variant ",0.9811154144615065,1.7247315138021406,0.0,0.011525605624539852,0.764,3/4,1.11%,P62877;Q16531;Q13620
prerank,"Non-canonical polycomb repressive complex 1.5, RING2-RYBP-CKIIA1 variant",0.9422451193058567,1.7246695478865433,0.0012804097311139564,0.01149889263011698,0.765,5/5,5.90%,Q99496;Q8WXX7;Q8N488;Q86SE9;CPX-914
prerank,"Non-canonical polycomb repressive complex 1.1, RING1-PCGF1-RYBP variant",0.9103294318916775,1.7241466913440744,0.004884004884004884,0.011542896050901114,0.769,3/6,1.35%,P63208;Q06587;Q8N488
prerank,"Polycomb repressive complex 1, RING2-PCGF2-CBX6-PHC2 variant",0.9709948495527241,1.723672093238572,0.0,0.011574196795652194,0.774,4/4,3.01%,Q99496;P35227;Q8IXK0;O95503
prerank,"CRL4-CRBN E3 ubiquitin ligase complex, CUL4B variant ",0.9811154144615065,1.7232923924296608,0.0013908205841446453,0.011642377521221941,0.776,3/4,1.11%,P62877;Q16531;Q13620
prerank,"CRL4-DCAF4 E3 ubiquitin ligase complex, CUL4B variant ",0.9811154144615065,1.723177778821497,0.0,0.011619738604547665,0.776,3/4,1.11%,P62877;Q16531;Q13620
prerank,"Polycomb repressive complex 1, RING1-PCGF2-CBX6-PHC2 variant",0.9709948495527242,1.7226095797702627,0.0,0.011670936441781889,0.779,4/4,3.01%,Q06587;P35227;Q8IXK0;O95503
prerank,"CRL4-DCAF12 E3 ubiquitin ligase complex, CUL4B variant ",0.9811154144615065,1.7224043591227427,0.001388888888888889,0.011672833156578343,0.781,3/4,1.11%,P62877;Q16531;Q13620
prerank,"Polycomb repressive complex 1, RING2-PCGF2-CBX2-PHC2 variant",0.9707237733803197,1.7223959557215203,0.001379310344827586,0.011634052979978415,0.781,4/4,3.03%,Q99496;P35227;Q8IXK0;Q14781
prerank,"Polycomb repressive complex 1, RING2-PCGF2-CBX4-PHC2 variant",0.971537001897533,1.721781447616936,0.0013986013986013986,0.011737383361112637,0.787,4/4,2.95%,Q99496;P35227;Q8IXK0;O00257
prerank,"Polycomb repressive complex 1, RING1-PCGF2-CBX2-PHC2 variant",0.9707237733803198,1.7217270693947824,0.00273224043715847,0.011706725297795909,0.787,4/4,3.03%,Q06587;P35227;Q8IXK0;Q14781
prerank,"Polycomb repressive complex 1, RING2-PCGF4-CBX6-PHC3 variant",0.9709948495527243,1.7216174993506541,0.0,0.01168432153152779,0.787,4/4,3.01%,Q99496;P35226;Q8NDX5;O95503
prerank,"Cav1.1 voltage-gated calcium channel complex, CACNA2D4-CACNB2-CACNG1 variant",0.940347071583514,1.7209483439073232,0.0,0.011778444536035469,0.79,5/5,6.09%,Q13698;Q06432;Q7Z3S7-PRO_0000304657;Q08289;Q7Z3S7-PRO_0000304656
prerank,"CRL4-DCAF13 E3 ubiquitin ligase complex, CUL4B variant ",0.9768785926281184,1.720391442079687,0.0027662517289073307,0.011863952389611257,0.794,3/4,1.11%,P62877;Q16531;Q13620
prerank,"Non-canonical polycomb repressive complex 1.3, RING1-RYBP-CKIIA1 variant",0.9422451193058567,1.7199652747690106,0.0,0.011928968415344991,0.795,5/5,5.90%,Q06587;Q8WXX7;Q8N488;Q3KNV8;CPX-914
prerank,"Non-canonical polycomb repressive complex 1.3, RING1-RYBP-CKIIA1-A2 variant",0.950108459869848,1.7199004368295225,0.0013020833333333333,0.011910108048543089,0.795,5/5,5.12%,Q06587;Q8WXX7;Q8N488;Q3KNV8;CPX-2437
prerank,Nexin-dynein regulatory complex,-0.46233930834691284,-1.7194412384382842,0.024390243902439025,0.032819224129303444,0.986,10/11,37.29%,Q8IXS2;Q8IY82;Q96DY2;Q96MC2;Q9H069;Q9H095;O95995;Q5JU00;Q5VUJ9;Q86XH1
prerank,"Polycomb repressive complex 1, RING1-PCGF2-CBX2-PHC3 variant",0.9707237733803198,1.7181676534855723,0.002789400278940028,0.012172611345128577,0.799,4/4,3.03%,Q06587;P35227;Q8NDX5;Q14781
prerank,"CRL4-ERCC8 E3 ubiquitin ligase complex, CUL4B variant",0.9811154144615065,1.718146082430011,0.0014084507042253522,0.01213729322817033,0.799,3/4,1.11%,P62877;Q16531;Q13620
prerank,"Histone-lysine N-methyltransferase complex, KMT2C variant",0.8272332337768123,1.7180780779718574,0.0067039106145251395,0.0121061379128905,0.799,5/10,7.39%,CHEBI:29105;P61964;Q9UBL3;Q9C005;Q15291
prerank,"Polycomb repressive complex 1, RING2-PCGF2-CBX2-PHC1 variant",0.9707237733803197,1.7170114968701569,0.0013315579227696406,0.01226741230897631,0.805,4/4,3.03%,Q99496;P35227;P78364;Q14781
prerank,"60S cytosolic large ribosomal subunit, striated muscle variant",0.7357097038418645,1.7169174166153192,0.003003003003003003,0.012239950880718291,0.806,44/48,23.02%,P40429;P47914;P49207;P61313;P61353;P61513;P61927;P62424;P62750;P62829;P62888;P62899;P63173;P83731;P84098;P62917;P62906;P05386;P05387;P05388;P18077;P18124;P18621;P26373;P30050;P32969;P36578;P42766;Q07020;P50914;P62945;Q9Y3U8;URS000075D341_9606;URS0000ABD82A_9606;P62987;URS00000F9D45_9606;P46779;Q02543;Q02878;P62910;P62913;P46776;P46777;P46778
prerank,"Polycomb repressive complex 1, RING2-PCGF2-CBX2-PHC3 variant",0.9707237733803197,1.716799065864085,0.002785515320334262,0.012220460513073834,0.806,4/4,3.03%,Q99496;P35227;Q8NDX5;Q14781
prerank,60S cytosolic large ribosomal subunit,0.7357703524508965,1.7161374468173363,0.003,0.012298236361102662,0.808,44/47,23.02%,P40429;P47914;P49207;P61313;P61353;P61513;P61927;P62424;P62750;P62829;P62888;P62899;P63173;P83731;P84098;P62917;P62906;P05386;P05387;P05388;P18077;P18124;P18621;P26373;P30050;P32969;P36578;P42766;Q07020;P50914;P62945;Q9Y3U8;URS000075D341_9606;URS0000ABD82A_9606;P62987;URS00000F9D45_9606;P46779;Q02543;Q02878;P62910;P62913;P46776;P46777;P46778
prerank,"GABA-A receptor, alpha1-beta2-beta3-gamma2",0.9682840878286799,1.7157809557992887,0.0,0.01230192531555737,0.808,4/4,3.28%,P18507;P28472;P47870;P14867
prerank,DUOX2-DUOXA2 dual oxidase complex,0.9512587918227832,1.715389571730827,0.003875968992248062,0.01236736992774154,0.814,3/5,1.92%,CHEBI:29108;CHEBI:30413;CHEBI:57692
prerank,"Cav1.1 voltage-gated calcium channel complex, CACNA2D4-CACNB4-CACNG1 variant",0.940347071583514,1.71452820816642,0.0012987012987012987,0.012493987597110555,0.819,5/5,6.09%,Q13698;Q06432;O00305;Q7Z3S7-PRO_0000304657;Q7Z3S7-PRO_0000304656
prerank,"Polycomb repressive complex 1, RING2-PCGF4-CBX2-PHC3 variant",0.9707237733803199,1.7127903466118126,0.001375515818431912,0.012773290433200999,0.82,4/4,3.03%,Q99496;P35226;Q8NDX5;Q14781
prerank,DUOX1-DUOXA1 dual oxidase complex,0.9512587918227832,1.7125925221742389,0.00390625,0.012790748670350613,0.82,3/5,1.92%,CHEBI:29108;CHEBI:30413;CHEBI:57692
prerank,"Polycomb repressive complex 1, RING1-PCGF4-CBX4-PHC3 variant",0.9715370018975332,1.7123714723241512,0.0,0.012811911202247181,0.821,4/4,2.95%,Q06587;P35226;Q8NDX5;O00257
prerank,"Polycomb repressive complex 1, RING2-PCGF4-CBX8-PHC1 variant",0.9704526972079154,1.7119674096266224,0.001310615989515072,0.012829141062864665,0.821,4/4,3.06%,Q99496;P35226;P78364;Q9HC52
prerank,"Non-canonical polycomb repressive complex 1.5, RING1-RYBP-CKIIA1-A2 variant",0.950108459869848,1.7119335468809556,0.0012903225806451613,0.01280079073531467,0.822,5/5,5.12%,Q06587;Q8WXX7;Q8N488;Q86SE9;CPX-2437
prerank,"Polycomb repressive complex 1, RING1-PCGF2-CBX7-PHC2 variant",0.9699105448631065,1.7109974616518433,0.001321003963011889,0.01290861486401679,0.827,4/4,3.11%,Q06587;P35227;Q8IXK0;O95931
prerank,"CRL4-DCAF5 E3 ubiquitin ligase complex, CUL4B variant ",0.9811154144615065,1.7102203807101655,0.0013698630136986301,0.013012009320886675,0.831,3/4,1.11%,P62877;Q16531;Q13620
prerank,"Polycomb repressive complex 1, RING2-PCGF4-CBX2-PHC1 variant",0.9707237733803198,1.7094347619125185,0.0,0.013103505697456084,0.833,4/4,3.03%,Q99496;P35226;P78364;Q14781
prerank,"Polycomb repressive complex 1, RING2-PCGF4-CBX2-PHC2 variant",0.9707237733803199,1.7093953109032363,0.001375515818431912,0.013067176918834113,0.834,4/4,3.03%,Q99496;P35226;Q8IXK0;Q14781
prerank,"Polycomb repressive complex 1, RING2-PCGF4-CBX4-PHC2 variant",0.9715370018975332,1.7092114451944787,0.0,0.0130646548882301,0.834,4/4,2.95%,Q99496;P35226;Q8IXK0;O00257
prerank,"Polycomb repressive complex 1, RING2-PCGF2-CBX8-PHC1 variant",0.9704526972079153,1.709072598471233,0.001321003963011889,0.01304726678987205,0.834,4/4,3.06%,Q99496;P35227;P78364;Q9HC52
prerank,"Polycomb repressive complex 1, RING1-PCGF2-CBX4-PHC1 variant",0.9715370018975331,1.7085939709027467,0.0027137042062415195,0.01312642005056425,0.836,4/4,2.95%,Q06587;P35227;P78364;O00257
prerank,"Calcineurin-Calmodulin-AKAP5 complex, alpha-R1 variant",0.893951722267426,1.7081837605587094,0.006165228113440197,0.013142231247756134,0.837,6/6,10.75%,CHEBI:29105;CHEBI:29108;CHEBI:29034;P24588;P63098;Q08209
prerank,"Polycomb repressive complex 1, RING2-PCGF2-CBX6-PHC1 variant",0.9709948495527242,1.7080681716081987,0.0,0.013139513535807223,0.838,4/4,3.01%,Q99496;P35227;P78364;O95503
prerank,"Polycomb repressive complex 1, RING2-PCGF4-CBX6-PHC1 variant",0.9709948495527243,1.7076914497676516,0.0,0.013169893094778867,0.839,4/4,3.01%,Q99496;P35226;P78364;O95503
prerank,"Polycomb repressive complex 1, RING2-PCGF4-CBX8-PHC2 variant",0.9704526972079155,1.7072979646555357,0.0,0.013225743331889913,0.843,4/4,3.06%,Q99496;P35226;Q8IXK0;Q9HC52
prerank,"Cav1.1 voltage-gated calcium channel complex, CACNA2D4-CACNB3-CACNG1 variant",0.940347071583514,1.7071354720603074,0.0,0.013230108101218187,0.844,5/5,6.09%,Q13698;Q06432;P54284;Q7Z3S7-PRO_0000304657;Q7Z3S7-PRO_0000304656
prerank,"Polycomb repressive complex 1, RING1-PCGF2-CBX2-PHC1 variant",0.9707237733803198,1.7068743767806267,0.002680965147453083,0.013263589629968837,0.847,4/4,3.03%,Q06587;P35227;P78364;Q14781
prerank,"Polycomb repressive complex 1, RING1-PCGF4-CBX2-PHC2 variant",0.9707237733803199,1.7066505663220455,0.0013623978201634877,0.013275080257871023,0.849,4/4,3.03%,Q06587;P35226;Q8IXK0;Q14781
prerank,"Polycomb repressive complex 1, RING1-PCGF2-CBX8-PHC2 variant",0.9704526972079154,1.706631452669733,0.0013458950201884253,0.013235804872492707,0.849,4/4,3.06%,Q06587;P35227;Q8IXK0;Q9HC52
prerank,"Polycomb repressive complex 2.2, EZH1-RBBP4 variant",0.899547346883961,1.7066217221946431,0.0037267080745341614,0.013200371805282026,0.849,4/6,2.38%,Q15022;O75530;Q09028;Q92800
prerank,"Polycomb repressive complex 1, RING2-PCGF2-CBX8-PHC2 variant",0.9704526972079153,1.7065848833254433,0.001366120218579235,0.013175947124537924,0.849,4/4,3.06%,Q99496;P35227;Q8IXK0;Q9HC52
prerank,"Non-canonical polycomb repressive complex 1.3, RING2-RYBP-CKIIA2 variant",0.9406182212581343,1.7063036042513187,0.0,0.013169612839107156,0.851,5/5,6.07%,Q99496;Q8WXX7;Q8N488;Q3KNV8;CPX-2428
prerank,"Polycomb repressive complex 1, RING2-PCGF4-CBX6-PHC2 variant",0.9709948495527243,1.7059580091685902,0.0,0.013199104926341828,0.851,4/4,3.01%,Q99496;P35226;Q8IXK0;O95503
prerank,"Non-canonical polycomb repressive complex 1.5, RING2-RYBP-CKIIA2 variant",0.9406182212581343,1.7056403940595553,0.0,0.013285521028837956,0.852,5/5,6.07%,Q99496;Q8WXX7;Q8N488;Q86SE9;CPX-2428
prerank,"CCR4-NOT mRNA deadenylase complex, CNOT6L-CNOT8 variant",0.7939713924618784,1.704972950894273,0.007675438596491228,0.013410574089949777,0.858,10/12,15.03%,CHEBI:18420;CHEBI:60240;A5YKK6;O75175;O95628;Q92600;Q9NZN8;Q9UKZ1;Q9C0C2;Q9H9A5
prerank,"Polycomb repressive complex 1, RING1-PCGF2-CBX6-PHC1 variant",0.9709948495527243,1.704865597899134,0.0013297872340425532,0.013389441919950963,0.858,4/4,3.01%,Q06587;P35227;P78364;O95503
prerank,"DNA-directed RNA polymerase II complex, Pol II(G) variant",0.7835200884300986,1.7048360663340367,0.009533898305084746,0.013357819227049785,0.859,7/15,9.50%,CHEBI:29105;CHEBI:18420;P19388;P62875;P61218;P53803;P52434
prerank,DNA-directed RNA polymerase I complex,0.7757897349232423,1.7046040046262214,0.011891891891891892,0.013365179794536485,0.86,6/14,9.50%,CHEBI:29105;P19388;P62875;P61218;P53803;P52434
prerank,"Polycomb repressive complex 1, RING2-PCGF4-CBX4-PHC1 variant",0.9715370018975331,1.7043995402846712,0.0,0.01335842915085289,0.861,4/4,2.95%,Q99496;P35226;P78364;O00257
prerank,SNAPc snRNA activating protein complex ,-0.6843817787418656,-1.704213095163738,0.017391304347826087,0.03614203580058618,0.993,5/5,31.68%,O75971;Q13487;Q16533;Q5SXM2;Q92966
prerank,"CRL4-DCAF17 E3 ubiquitin ligase complex, CUL4B variant ",0.9811154144615065,1.704139770547069,0.0027548209366391185,0.013344702894307475,0.862,3/4,1.11%,P62877;Q16531;Q13620
prerank,"CCR4-NOT mRNA deadenylase complex, CNOT6-CNOT8 variant",0.7939713924618784,1.702744698296763,0.008686210640608035,0.013579351219951177,0.865,10/12,15.03%,CHEBI:18420;CHEBI:60240;A5YKK6;O75175;O95628;Q92600;Q9NZN8;Q9UKZ1;Q9C0C2;Q9H9A5
prerank,"Calcineurin-Calmodulin-AKAP5 complex, gamma-R1 variant",0.8851726549897934,1.7025313831619788,0.011056511056511056,0.013575535264568747,0.865,5/6,8.10%,CHEBI:29105;CHEBI:29108;CHEBI:29034;P24588;P63098
prerank,"Calcineurin-Calmodulin-AKAP5 complex, beta-R1 variant",0.8851726549897934,1.7023677921366835,0.007361963190184049,0.013554354696886333,0.865,5/6,8.10%,CHEBI:29105;CHEBI:29108;CHEBI:29034;P24588;P63098
prerank,"Polycomb repressive complex 1, RING2-PCGF4-CBX8-PHC3 variant",0.9704526972079155,1.702075952949481,0.0013605442176870747,0.013578370438779835,0.867,4/4,3.06%,Q99496;P35226;Q8NDX5;Q9HC52
prerank,"Polycomb repressive complex 2.2, EZH1-RBBP7 variant",0.895584596735358,1.7014816592147266,0.006195786864931847,0.01365065708391972,0.87,4/6,2.38%,Q15022;O75530;Q16576;Q92800
prerank,"Polycomb repressive complex 1, RING2-PCGF2-CBX4-PHC3 variant",0.971537001897533,1.701417329102219,0.002849002849002849,0.013625996022703852,0.87,4/4,2.95%,Q99496;P35227;Q8NDX5;O00257
prerank,"Polycomb repressive complex 1, RING2-PCGF2-CBX8-PHC3 variant",0.9704526972079153,1.7004463077109069,0.0013831258644536654,0.013804326625304475,0.881,4/4,3.06%,Q99496;P35227;Q8NDX5;Q9HC52
prerank,GET complex,0.9465551925354182,1.7001735930032564,0.0026666666666666666,0.01379994462041768,0.882,1/4,0.11%,CHEBI:29105
prerank,"Polycomb repressive complex 1, RING2-PCGF4-CBX4-PHC3 variant",0.9715370018975332,1.6993508757222004,0.0,0.013922089381643821,0.886,4/4,2.95%,Q99496;P35226;Q8NDX5;O00257
prerank,SIN3A histone deacetylase complex,0.7818643202003723,1.6981537572792011,0.017057569296375266,0.014135609011548197,0.89,14/15,20.09%,Q09028;Q16576;Q92769;Q13547;Q9H160;Q9H7L9;Q9HAJ7;Q9HCU9;Q9UK53;O75446;P29374;Q5PSV4;Q9H0E3;Q4LE39
prerank,Complement component C1q complex,-0.8200542005420054,-1.698052678973436,0.011799410029498525,0.03735363513627301,0.994,3/3,18.09%,P02745;P02746;P02747
prerank,"Polycomb repressive complex 1, RING1-PCGF2-CBX7-PHC1 variant",0.9699105448631065,1.6976285769976023,0.0013020833333333333,0.01420854298070048,0.891,4/4,3.11%,Q06587;P35227;P78364;O95931
prerank,"Polycomb repressive complex 1, RING1-PCGF4-CBX8-PHC2 variant",0.9704526972079155,1.697455172220052,0.0,0.01420648038509962,0.891,4/4,3.06%,Q06587;P35226;Q8IXK0;Q9HC52
prerank,"Non-canonical polycomb repressive complex 1.3, RING1-RYBP-CKIIA2 variant",0.9406182212581343,1.6974237549270512,0.0,0.01417399836794781,0.891,5/5,6.07%,Q06587;Q8WXX7;Q8N488;Q3KNV8;CPX-2428
prerank,"Polycomb repressive complex 1, RING1-PCGF4-CBX6-PHC2 variant",0.9709948495527243,1.6971902646276655,0.0,0.01417541418802746,0.892,4/4,3.01%,Q06587;P35226;Q8IXK0;O95503
prerank,Chromosomal passenger complex,0.9144407882642744,1.6963974049720745,0.005134788189987163,0.014284426192662443,0.893,1/5,0.11%,CHEBI:29105
prerank,"Polycomb repressive complex 1, RING1-PCGF4-CBX6-PHC3 variant",0.9709948495527243,1.6953869309801954,0.0,0.014473322740049354,0.894,4/4,3.01%,Q06587;P35226;Q8NDX5;O95503
prerank,"Non-canonical polycomb repressive complex 1.5, RING1-RYBP-CKIIA1 variant",0.9422451193058567,1.6953429655253112,0.0012970168612191958,0.014433778142398945,0.894,5/5,5.90%,Q06587;Q8WXX7;Q8N488;Q86SE9;CPX-914
prerank,"Polycomb repressive complex 1, RING1-PCGF4-CBX2-PHC3 variant",0.9707237733803199,1.695204999296701,0.0013986013986013986,0.014424465274960925,0.894,4/4,3.03%,Q06587;P35226;Q8NDX5;Q14781
prerank,"Actin-related protein 2/3 complex, ARPC1B-ACTR3-ARPC5L variant",0.8741182854042324,1.6951569697774913,0.009592326139088728,0.014405224800106224,0.894,7/7,12.75%,P59998;O15144;P61160;O15145;P61158;Q9BPX5;O15143
prerank,DNA-directed RNA polymerase II complex,0.790793851185756,1.6950359583349568,0.010764262648008612,0.014382771549808809,0.894,7/14,9.50%,CHEBI:29105;CHEBI:18420;P19388;P62875;P61218;P53803;P52434
prerank,"Histone-lysine N-methyltransferase complex, KMT2B variant",0.8319241342666387,1.694784211848204,0.014623172103487065,0.014416677280586569,0.894,8/9,15.92%,CHEBI:29105;P61964;Q9UBL3;Q9C005;Q15291;P51610;Q9Y5Z7;O00255
prerank,"Polycomb repressive complex 1, RING1-PCGF2-CBX7-PHC3 variant",0.9699105448631065,1.694707961789249,0.001364256480218281,0.014391015024715141,0.894,4/4,3.11%,Q06587;P35227;Q8NDX5;O95931
prerank,"Polycomb repressive complex 1, RING2-PCGF2-CBX4-PHC1 variant",0.971537001897533,1.6945650288112388,0.0027434842249657062,0.014372071356714377,0.895,4/4,2.95%,Q99496;P35227;P78364;O00257
prerank,"Polycomb repressive complex 1, RING1-PCGF4-CBX4-PHC1 variant",0.9715370018975331,1.693931824743122,0.0,0.014458236884837742,0.896,4/4,2.95%,Q06587;P35226;P78364;O00257
prerank,pre-mRNA cleavage and polyadenylation specificity factor complex,0.8429358887381275,1.6939233938523939,0.016166281755196306,0.014426123925723587,0.896,1/8,0.11%,CHEBI:29105
prerank,"Polycomb repressive complex 2.2, EZH2-RBBP4 variant",0.8990049004505465,1.6924692170193627,0.004895960832313341,0.014658565174748223,0.898,4/6,2.44%,Q15022;O75530;Q09028;Q15910
prerank,C-to-U editosome complex,0.9302210337347595,1.6922547900150977,0.0013192612137203166,0.01467166452643546,0.899,1/5,0.11%,CHEBI:29105
prerank,"Polycomb repressive complex 1, RING2-PCGF4-CBX7-PHC2 variant",0.9699105448631066,1.691155566253143,0.0,0.014882741336130672,0.904,4/4,3.11%,Q99496;P35226;Q8IXK0;O95931
prerank,"Polycomb repressive complex 1, RING1-PCGF4-CBX7-PHC2 variant",0.9699105448631066,1.6907995777816973,0.0,0.014908130649425132,0.907,4/4,3.11%,Q06587;P35226;Q8IXK0;O95931
prerank,Dynactin complex,0.8216287872738017,1.6899773777184417,0.02132435465768799,0.015046419829357918,0.909,1/10,0.22%,P60709
prerank,"CCR4-NOT mRNA deadenylase complex, CNOT6L-CNOT7 variant",0.7939713924618784,1.6898730739501742,0.011086474501108648,0.01503259230534533,0.91,10/12,15.03%,CHEBI:18420;CHEBI:60240;A5YKK6;O75175;O95628;Q92600;Q9NZN8;Q9UKZ1;Q9C0C2;Q9H9A5
prerank,"Polycomb repressive complex 1, RING2-PCGF2-CBX7-PHC2 variant",0.9699105448631063,1.6888181666943403,0.0013812154696132596,0.01521801766980644,0.914,4/4,3.11%,Q99496;P35227;Q8IXK0;O95931
prerank,"Polycomb repressive complex 1, RING2-PCGF2-CBX7-PHC3 variant",0.9699105448631063,1.688336292465953,0.0013850415512465374,0.015283917722781738,0.918,4/4,3.11%,Q99496;P35227;Q8NDX5;O95931
prerank,"Histone-lysine N-methyltransferase complex, KMT2D variant",0.8272332337768123,1.6879827819134599,0.004519774011299435,0.015314319744230299,0.918,5/10,7.39%,CHEBI:29105;P61964;Q9UBL3;Q9C005;Q15291
prerank,"Polycomb repressive complex 2.2, EZH2-RBBP7 variant",0.8950421503019432,1.68731986418517,0.008610086100861008,0.015392375729944955,0.92,4/6,2.44%,Q15022;O75530;Q16576;Q15910
prerank,LDLR-PCSK9 complex,-0.7970189701897019,-1.6872411865277228,0.031161473087818695,0.0395496379544373,0.995,3/3,20.39%,P01130;Q8NBP7-PRO_0000027120;Q8NBP7-PRO_0000027121
prerank,"Polycomb repressive complex 1, RING1-PCGF2-CBX8-PHC1 variant",0.9704526972079154,1.687052907867016,0.0013477088948787063,0.015400083653558286,0.92,4/4,3.06%,Q06587;P35227;P78364;Q9HC52
prerank,"Polycomb repressive complex 1, RING1-PCGF4-CBX6-PHC1 variant",0.9709948495527243,1.6861583772006954,0.0,0.015607522858781198,0.923,4/4,3.01%,Q06587;P35226;P78364;O95503
prerank,"Actin-related protein 2/3 complex, ARPC1A-ACTR3-ARPC5 variant",0.8532284319045037,1.685429081060822,0.019115890083632018,0.015760122800676808,0.926,7/7,14.84%,P59998;O15144;P61160;O15145;P61158;O15511;Q92747
prerank,"Non-canonical polycomb repressive complex 1.5, RING1-RYBP-CKIIA2 variant",0.9406182212581343,1.6848929266910946,0.0012853470437017994,0.015848843614620797,0.926,5/5,6.07%,Q06587;Q8WXX7;Q8N488;Q86SE9;CPX-2428
prerank,"Polycomb repressive complex 1, RING1-PCGF4-CBX2-PHC1 variant",0.9707237733803198,1.684268092589147,0.001349527665317139,0.015940254797357032,0.929,4/4,3.03%,Q06587;P35226;P78364;Q14781
prerank,"Polycomb repressive complex 1, RING1-PCGF4-CBX8-PHC1 variant",0.9704526972079154,1.6836306476107048,0.001349527665317139,0.01603433565374096,0.93,4/4,3.06%,Q06587;P35226;P78364;Q9HC52
prerank,"Histone-lysine N-methyltransferase complex, KMT2A variant",0.8319241342666387,1.6824804814228547,0.015945330296127564,0.016240630478047694,0.932,8/9,15.92%,CHEBI:29105;P61964;Q9UBL3;Q9C005;Q15291;P51610;Q9Y5Z7;O00255
prerank,"Calcineurin-Calmodulin-AKAP5 complex, alpha-R2 variant",0.8939517222674261,1.6819895811458223,0.003663003663003663,0.016305363137528294,0.934,6/6,10.75%,CHEBI:29105;CHEBI:29108;CHEBI:29034;Q96LZ3;P24588;Q08209
prerank,"Actin-related protein 2/3 complex, ARPC1B-ACTR3-ARPC5 variant",0.8534997287032016,1.6818956831370953,0.01527614571092832,0.016288789594441896,0.934,7/7,14.81%,P59998;O15144;P61160;O15145;P61158;O15143;O15511
prerank,"Polycomb repressive complex 1, RING2-PCGF4-CBX7-PHC3 variant",0.9699105448631066,1.6814777613453495,0.0,0.01632200556530302,0.934,4/4,3.11%,Q99496;P35226;Q8NDX5;O95931
prerank,"Cav1.2 voltage-gated calcium channel complex, CACNA2D1-CACNB2 variant",0.9465979940363243,1.6808603908897044,0.0053404539385847796,0.016413929067130326,0.934,4/4,5.44%,Q13936;P54289-PRO_0000005001;P54289-PRO_0000005002;Q08289
prerank,"Polycomb repressive complex 1, RING1-PCGF4-CBX7-PHC3 variant",0.9699105448631066,1.6801720784884502,0.0,0.01648375203203804,0.935,4/4,3.11%,Q06587;P35226;Q8NDX5;O95931
prerank,"Polycomb repressive complex 1, RING2-PCGF2-CBX7-PHC1 variant",0.9699105448631063,1.679233765513693,0.0013333333333333333,0.016630301020300872,0.936,4/4,3.11%,Q99496;P35227;P78364;O95931
prerank,"Polycomb repressive complex 1, RING1-PCGF2-CBX8-PHC3 variant",0.9704526972079154,1.6788256570135565,0.0014044943820224719,0.01668385264520018,0.938,4/4,3.06%,Q06587;P35227;Q8NDX5;Q9HC52
prerank,"Nucleosome, variant H3.1-H2A.Z-H2B.1",0.8983369486623283,1.6788042626280872,0.00641025641025641,0.016648173791894275,0.938,4/5,6.93%,P62805;CHEBI:4705;P06899;P68431
prerank,"Cav1.2 voltage-gated calcium channel complex, CACNA2D1-CACNB1 variant",0.9430740037950665,1.6787896259205015,0.005161290322580645,0.016606553357414542,0.938,4/4,5.79%,Q13936;P54289-PRO_0000005001;P54289-PRO_0000005002;Q02641
prerank,"CRL3 E3 ubiquitin ligase complex, ENC1 variant ",0.9940995319044099,1.678191421148997,0.0,0.016705548920242196,0.939,2/3,0.19%,P62877;Q13618
prerank,Gamma tubulin ring complex,0.8216287872738017,1.677608488224081,0.016073478760045924,0.016776649092725818,0.94,1/10,0.22%,P60709
prerank,"CRL3 E3 ubiquitin ligase complex, KLHL38 variant ",0.9940995319044099,1.6767929912570985,0.0,0.016981033591587088,0.94,2/3,0.19%,P62877;Q13618
prerank,"CRL3 E3 ubiquitin ligase complex, KLHL23 variant ",0.9940995319044099,1.6766881119361912,0.0,0.016963238856718243,0.941,2/3,0.19%,P62877;Q13618
prerank,"CCR4-NOT mRNA deadenylase complex, CNOT6-CNOT7 variant",0.7939713924618784,1.6757958416432268,0.011086474501108648,0.017148020073381624,0.944,10/12,15.03%,CHEBI:18420;CHEBI:60240;A5YKK6;O75175;O95628;Q92600;Q9NZN8;Q9UKZ1;Q9C0C2;Q9H9A5
prerank,"CRL3 E3 ubiquitin ligase complex, KLHL32 variant ",0.9940995319044099,1.6752793947167819,0.0,0.017214315154901832,0.945,2/3,0.19%,P62877;Q13618
prerank,"Polycomb repressive complex 1, RING2-PCGF4-CBX7-PHC1 variant",0.9699105448631065,1.6748054648722757,0.0,0.017280284462065674,0.948,4/4,3.11%,Q99496;P35226;P78364;O95931
prerank,HBO1-5.3 histone acetyltransferase complex,0.9018954653444891,1.674091118543472,0.007594936708860759,0.01747192988463317,0.951,4/5,7.53%,CHEBI:29105;Q9HAF1;Q8WYH8;O95251
prerank,"Cav1.2 voltage-gated calcium channel complex, CACNA2D3-CACNB1 variant",0.9430740037950667,1.6733949325435251,0.0026041666666666665,0.017590814493120322,0.954,4/4,5.79%,Q13936;Q8IZS8-PRO_0000304648;Q8IZS8-PRO_0000304647;Q02641
prerank,"Cav1.2 voltage-gated calcium channel complex, CACNA2D2-CACNB2 variant",0.9465979940363243,1.673337774932903,0.0026954177897574125,0.017571792898514113,0.955,4/4,5.44%,Q13936;Q9NY47-PRO_0000304637;Q9NY47-PRO_0000304639;Q08289
prerank,Calprotectin heterotetramer,0.9129017945178466,1.6729802825304787,0.007653061224489796,0.01755779361772939,0.958,3/5,1.52%,CHEBI:29105;CHEBI:29108;CHEBI:29035
prerank,Calprotectin heterodimer,0.9129017945178466,1.6729802825304787,0.007653061224489796,0.01755779361772939,0.958,3/5,1.52%,CHEBI:29105;CHEBI:29108;CHEBI:29035
prerank,PCAF histone acetylase complex,0.8218843334238392,1.6727443453691622,0.012415349887133182,0.01760122718658255,0.959,10/10,18.03%,Q12962;Q16514;Q16594;O75528;Q9Y4A5;O75529;O75486;O75478;Q92831;Q9Y6J9
prerank,"CRL3 E3 ubiquitin ligase complex, KBTBD3 variant",0.9940995319044099,1.6723349251077697,0.0,0.01767697254005185,0.96,2/3,0.19%,P62877;Q13618
prerank,"Cav1.2 voltage-gated calcium channel complex, CACNA2D1-CACNB3 variant",0.9479533748983464,1.6713650954045711,0.006345177664974619,0.017855581357076756,0.96,4/4,5.31%,Q13936;P54284;P54289-PRO_0000005001;P54289-PRO_0000005002
prerank,"Nucleosome complex, H2A type 1 variant ",0.8983369486623283,1.670922291486226,0.007751937984496124,0.017936235713667956,0.961,4/5,6.93%,P62805;CHEBI:4705;P06899;P68431
prerank,"CRL3 E3 ubiquitin ligase complex, KLHL20 variant ",0.9940995319044099,1.6708841675870516,0.0,0.017896158398019047,0.961,2/3,0.19%,P62877;Q13618
prerank,"Nucleosome, variant H3.1-H2A.2-H2B.1",0.9148590021691974,1.6704313376418773,0.002617801047120419,0.018005611953477697,0.962,5/5,8.64%,P62805;CHEBI:4705;P06899;P68431;P04908
prerank,HBO1-5.1 histone acetyltransferase complex,0.9018954653444891,1.6695179898218244,0.01288659793814433,0.01817881010279473,0.963,4/5,7.53%,CHEBI:29105;Q9HAF1;Q8WYH8;O95251
prerank,"CRL3 E3 ubiquitin ligase complex, KLHL40 variant ",0.9940995319044099,1.6693321081932946,0.0,0.01817341278384744,0.964,2/3,0.19%,P62877;Q13618
prerank,"Polycomb repressive complex 1, RING1-PCGF4-CBX7-PHC1 variant",0.9699105448631065,1.668082339524297,0.0,0.018452961577177907,0.967,4/4,3.11%,Q06587;P35226;P78364;O95931
prerank,"Polycomb repressive complex 1, RING1-PCGF4-CBX8-PHC3 variant",0.9704526972079155,1.6675803444066584,0.0014144271570014145,0.018513650822659915,0.967,4/4,3.06%,Q06587;P35226;Q8NDX5;Q9HC52
prerank,"CRL3 E3 ubiquitin ligase complex, KLHL35 variant ",0.9940995319044099,1.6674007786412621,0.0,0.018519074618580864,0.969,2/3,0.19%,P62877;Q13618
prerank,"GABA-A receptor, alpha1-alpha2-beta3-gamma2",0.9352127947953375,1.6672386628119105,0.004098360655737705,0.018518699268822603,0.97,4/4,6.58%,P18507;P28472;P14867;P47869
prerank,"CRL3 E3 ubiquitin ligase complex, KLHL14 variant ",0.9940995319044099,1.667041395655625,0.0,0.018521205673858662,0.97,2/3,0.19%,P62877;Q13618
prerank,"CRL3 E3 ubiquitin ligase complex, KLHL8 variant ",0.9940995319044099,1.6665361184610832,0.0,0.01863862942798581,0.97,2/3,0.19%,P62877;Q13618
prerank,"CRL3 E3 ubiquitin ligase complex, KLHL3 variant ",0.9940995319044099,1.6658394060246628,0.0,0.018758369686983724,0.97,2/3,0.19%,P62877;Q13618
prerank,"CRL3 E3 ubiquitin ligase complex, KLHL31 variant ",0.9940995319044099,1.6654059731580637,0.0,0.018817494578300547,0.971,2/3,0.19%,P62877;Q13618
prerank,"Calcineurin-Calmodulin-AKAP5 complex, gamma-R2 variant",0.8854438782065008,1.6653408101054137,0.008610086100861008,0.018787896631592062,0.971,5/6,8.07%,CHEBI:29105;CHEBI:29108;CHEBI:29034;Q96LZ3;P24588
prerank,BAT3 complex,-0.7956639566395663,-1.6634951287054351,0.020710059171597635,0.04530505892603356,0.997,3/3,20.53%,P11441;P46379;Q7L5D6
prerank,"CRL3 E3 ubiquitin ligase complex, KLHL22 variant ",0.9940995319044099,1.663422323692395,0.0,0.019285038887643352,0.974,2/3,0.19%,P62877;Q13618
prerank,"CRL3 E3 ubiquitin ligase complex, KLHL25 variant ",0.9940995319044099,1.663326642087583,0.0,0.019257333392610376,0.974,2/3,0.19%,P62877;Q13618
prerank,"Cav1.2 voltage-gated calcium channel complex, CACNA2D3-CACNB3 variant",0.9484955272431557,1.6630144615794473,0.0012738853503184713,0.01930342253479947,0.974,4/4,5.25%,Q13936;Q8IZS8-PRO_0000304648;Q8IZS8-PRO_0000304647;P54284
prerank,"CRL3 E3 ubiquitin ligase complex, KLHL30 variant ",0.9940995319044099,1.6628248734777011,0.0,0.01928710966723808,0.974,2/3,0.19%,P62877;Q13618
prerank,"Calcineurin-Calmodulin-AKAP5 complex, beta-R2 variant",0.8854438782065008,1.6623293626905686,0.006165228113440197,0.01937522178583748,0.974,5/6,8.07%,CHEBI:29105;CHEBI:29108;CHEBI:29034;Q96LZ3;P24588
prerank,"Cav1.2 voltage-gated calcium channel complex, CACNA2D1-CACNB4 variant",0.9479533748983464,1.6618605796420067,0.0066050198150594455,0.019451673664001273,0.975,4/4,5.31%,Q13936;O00305;P54289-PRO_0000005001;P54289-PRO_0000005002
prerank,"CRL3 E3 ubiquitin ligase complex, KBTBD13 variant",0.9940995319044099,1.6616149558308873,0.0,0.01946320629725227,0.975,2/3,0.19%,P62877;Q13618
prerank,"CRL3 E3 ubiquitin ligase complex, KEAP1 variant ",0.9940995319044099,1.6611740499214904,0.0,0.019555912368232287,0.975,2/3,0.19%,P62877;Q13618
prerank,"Actin-related protein 2/3 complex, ARPC1A-ACTR3B-ARPC5 variant",0.852957135105806,1.6610503669996954,0.01575757575757576,0.019539209259813308,0.976,7/7,14.87%,P59998;O15144;P61160;O15145;O15511;Q92747;Q9P1U1
prerank,"Actin-related protein 2/3 complex, ARPC1A-ACTR3-ARPC5L variant",0.8532284319045037,1.66075135439758,0.018072289156626505,0.01957834512173208,0.977,7/7,14.84%,P59998;O15144;P61160;O15145;P61158;Q9BPX5;Q92747
prerank,"CRL3 E3 ubiquitin ligase complex, KLHL17 variant ",0.9940995319044099,1.660525218287552,0.0,0.019606175865296026,0.977,2/3,0.19%,P62877;Q13618
prerank,"Cav1.2 voltage-gated calcium channel complex, CACNA2D3-CACNB2 variant",0.9465979940363245,1.6596943276082659,0.0,0.01977820634376384,0.977,4/4,5.44%,Q13936;Q8IZS8-PRO_0000304648;Q8IZS8-PRO_0000304647;Q08289
prerank,"Nucleosome, variant H3.1-H2A.V-H2B.1",0.8983369486623283,1.65962684366193,0.003870967741935484,0.019741766929556717,0.977,4/5,6.93%,P62805;CHEBI:4705;P06899;P68431
prerank,"CRL3 E3 ubiquitin ligase complex, KLHL13 variant ",0.9940995319044099,1.6590244901801763,0.0,0.01985192936297086,0.979,2/3,0.19%,P62877;Q13618
prerank,"CRL3 E3 ubiquitin ligase complex, KLHL21 variant ",0.9940995319044099,1.6589279567119266,0.0,0.0198292717759024,0.979,2/3,0.19%,P62877;Q13618
prerank,"CRL3 E3 ubiquitin ligase complex, KLHL11 variant ",0.9940995319044099,1.6576321859489291,0.0,0.02009277329969598,0.981,2/3,0.19%,P62877;Q13618
prerank,"CRL3 E3 ubiquitin ligase complex, IPP variant ",0.9940995319044099,1.6576038623172875,0.0,0.02005046662209144,0.981,2/3,0.19%,P62877;Q13618
prerank,"CRL3 E3 ubiquitin ligase complex, KLHL1 variant ",0.9940995319044099,1.6575312045857349,0.0,0.020024778700378717,0.981,2/3,0.19%,P62877;Q13618
prerank,"Actin-related protein 2/3 complex, ARPC1B-ACTR3B-ARPC5 variant",0.852957135105806,1.6565316068524283,0.015513126491646777,0.02022870453590139,0.982,7/7,14.87%,P59998;O15144;P61160;O15145;O15143;O15511;Q9P1U1
prerank,"CRL3 E3 ubiquitin ligase complex, KLHL15 variant ",0.9940995319044099,1.6565182180624956,0.0,0.020194555929701805,0.982,2/3,0.19%,P62877;Q13618
prerank,"GABA-A receptor, alpha1-beta1-beta2-gamma2",0.9428029276226619,1.6558420900865243,0.0,0.02029927853840013,0.983,4/4,5.82%,P18507;P47870;P14867;P18505
prerank,MBD3/NuRD nucleosome remodeling and deacetylase complex,0.7795833581807701,1.6557712361525425,0.019693654266958426,0.020273266758085502,0.983,4/12,3.85%,Q09028;Q16576;Q92769;Q13547
prerank,"Cav1.2 voltage-gated calcium channel complex, CACNA2D3-CACNB4 variant",0.94876660341556,1.6551127373348804,0.002635046113306983,0.020409847298224284,0.985,4/4,5.23%,Q13936;Q8IZS8-PRO_0000304648;Q8IZS8-PRO_0000304647;O00305
prerank,"CRL3 E3 ubiquitin ligase complex, KLHL12 variant ",0.9940995319044099,1.6544625661465617,0.0,0.020548526809682693,0.986,2/3,0.19%,P62877;Q13618
prerank,SPATA5-SPATA5L1 ATPase complex,-0.7161832474925454,-1.6538337420645426,0.018050541516245487,0.04769011287461342,0.997,4/4,28.49%,Q9NX04;Q8NB90;Q9BVQ7;Q9BW66
prerank,"Calcineurin-Calmodulin complex, alpha-R1 variant",0.893709327548807,1.6537101538854118,0.010309278350515464,0.020670419251644742,0.986,5/5,10.75%,CHEBI:29105;CHEBI:29108;CHEBI:29034;P63098;Q08209
prerank,"Cav1.2 voltage-gated calcium channel complex, CACNA2D4-CACNB1 variant",0.9400921658986174,1.652768378292815,0.0013280212483399733,0.020885929370966328,0.986,4/4,6.09%,Q13936;Q7Z3S7-PRO_0000304657;Q02641;Q7Z3S7-PRO_0000304656
prerank,"Cav1.2 voltage-gated calcium channel complex, CACNA2D2-CACNB1 variant",0.9430740037950665,1.6514749068755323,0.004070556309362279,0.021194441261875356,0.988,4/4,5.79%,Q13936;Q9NY47-PRO_0000304637;Q9NY47-PRO_0000304639;Q02641
prerank,"CRL3 E3 ubiquitin ligase complex, KBTBD2 variant",0.9940995319044099,1.6509278063288229,0.0,0.02131144182885677,0.988,2/3,0.19%,P62877;Q13618
prerank,"CRL3 E3 ubiquitin ligase complex, KLHL26 variant ",0.9940995319044099,1.6504529331243813,0.0,0.021414569084540536,0.988,2/3,0.19%,P62877;Q13618
prerank,"CRL3 E3 ubiquitin ligase complex, KLHL34 variant ",0.9940995319044099,1.6504264296383837,0.0,0.02137324756186429,0.988,2/3,0.19%,P62877;Q13618
prerank,"CRL3 E3 ubiquitin ligase complex, KBTBD8 variant",0.9940995319044099,1.6496804397448255,0.0,0.021515704961193063,0.988,2/3,0.19%,P62877;Q13618
prerank,"CRL3 E3 ubiquitin ligase complex, KLHL5 variant ",0.9940995319044099,1.6496622768534175,0.0,0.02147168823695636,0.988,2/3,0.19%,P62877;Q13618
prerank,"Dystrophin glycoprotein complex, skeletal muscle variant",0.799671440494959,1.6489212324496436,0.01520086862106406,0.02161331586253243,0.988,9/11,15.35%,Q14118-PRO_0000021066;Q14118-PRO_0000021065;Q13424;Q13884;Q13326;Q14714;Q16585;Q16586;Q92629
prerank,"Cav1.2 voltage-gated calcium channel complex, CACNA2D2-CACNB4 variant",0.94876660341556,1.6485362178817091,0.004037685060565276,0.021643299753874867,0.988,4/4,5.23%,Q13936;Q9NY47-PRO_0000304637;Q9NY47-PRO_0000304639;O00305
prerank,"Actin-related protein 2/3 complex, ARPC1B-ACTR3B-ARPC5L variant",0.852957135105806,1.6484327513063062,0.019300361881785282,0.021617758074889307,0.988,7/7,14.87%,P59998;O15144;P61160;O15145;Q9BPX5;Q92747;Q9P1U1
prerank,"Cav1.2 voltage-gated calcium channel complex, CACNA2D4-CACNB2 variant",0.9400921658986177,1.6483878059698005,0.0013477088948787063,0.021584429510083863,0.988,4/4,6.09%,Q13936;Q7Z3S7-PRO_0000304657;Q08289;Q7Z3S7-PRO_0000304656
prerank,"Cav1.2 voltage-gated calcium channel complex, CACNA2D2-CACNB3 variant",0.9484955272431554,1.6482572954928945,0.001310615989515072,0.021601149365456485,0.988,4/4,5.25%,Q13936;Q9NY47-PRO_0000304637;Q9NY47-PRO_0000304639;P54284
prerank,HBO1-5.2 histone acetyltransferase complex,0.9018954653444891,1.647189402724847,0.012836970474967908,0.021858927268777417,0.988,4/5,7.53%,CHEBI:29105;Q9HAF1;Q8WYH8;O95251
prerank,"CRL3 E3 ubiquitin ligase complex, KLHL6 variant ",0.9940995319044099,1.6471218314703757,0.0,0.02183052777806743,0.988,2/3,0.19%,P62877;Q13618
prerank,"GABA-A receptor, alpha1-alpha2-beta2-gamma2",0.9352127947953376,1.6468613699279535,0.005578800557880056,0.021851835548881503,0.988,4/4,6.58%,P18507;P47870;P14867;P47869
prerank,"Calcineurin-Calmodulin complex, gamma-R1 variant",0.8829738089499478,1.6451874024510738,0.016666666666666666,0.022315774275930855,0.99,4/5,8.10%,CHEBI:29105;CHEBI:29108;CHEBI:29034;P63098
prerank,"CRL3 E3 ubiquitin ligase complex, KLHL28 variant ",0.9940995319044099,1.6449021823278775,0.0,0.02236454719309164,0.99,2/3,0.19%,P62877;Q13618
prerank,"Calcineurin-Calmodulin complex, beta-R1 variant",0.8829738089499478,1.6448743979067455,0.01032258064516129,0.022327537517581455,0.99,4/5,8.10%,CHEBI:29105;CHEBI:29108;CHEBI:29034;P63098
prerank,"Non-canonical polycomb repressive complex 1.6, RING2-YAF2 variant",0.8475725522104691,1.644576453553314,0.02109181141439206,0.022370903882412183,0.99,6/6,15.38%,Q99496;Q8IY57;Q969R5;Q9BYE7;CPX-2551;CPX-2552
prerank,MBD2/NuRD nucleosome remodeling and deacetylase complex,0.7795833581807701,1.6441332122581147,0.017640573318632856,0.022468314897284777,0.991,4/12,3.85%,Q09028;Q16576;Q92769;Q13547
prerank,"CRL3 E3 ubiquitin ligase complex, KBTBD4 variant",0.9940995319044099,1.6438183446284678,0.0,0.02251635595699293,0.991,2/3,0.19%,P62877;Q13618
prerank,"CRL3 E3 ubiquitin ligase complex, SPOPL variant",0.9895952126942085,1.6434804218122436,0.0,0.02257448083651804,0.991,2/3,0.19%,P62877;Q13618
prerank,"CRL3 E3 ubiquitin ligase complex, KLHL4 variant ",0.9940995319044099,1.6427761180976823,0.0,0.022706776801567328,0.991,2/3,0.19%,P62877;Q13618
prerank,"SIN3A histone deacetylase complex, ES cell-specific variant",0.7436523347202956,1.6425789141820357,0.020876826722338204,0.022705364949650433,0.991,14/18,20.09%,Q09028;Q16576;Q92769;Q13547;Q9H160;Q9H7L9;Q9HAJ7;Q9HCU9;Q9UK53;O75446;P29374;Q5PSV4;Q9H0E3;Q4LE39
prerank,"CRL3 E3 ubiquitin ligase complex, KLHL9 variant ",0.9940995319044099,1.6410347462957524,0.0,0.023046370979790867,0.993,2/3,0.19%,P62877;Q13618
prerank,"Calcineurin-Calmodulin complex, beta-R2 variant",0.8902948501646983,1.6406619920906143,0.007566204287515763,0.023085057358988057,0.994,4/5,7.37%,CHEBI:29105;CHEBI:29108;CHEBI:29034;Q96LZ3
prerank,Mitochondrial processing peptidase complex,0.9634727061556329,1.6402725266795108,0.0014771048744460858,0.023169387270049902,0.994,1/3,0.11%,CHEBI:29105
prerank,"CRL3 E3 ubiquitin ligase complex, SPOP variant",0.9895952126942085,1.6398075220530868,0.0,0.02327368253563965,0.994,2/3,0.19%,P62877;Q13618
prerank,"Non-canonical polycomb repressive complex 1.4, RNF2-YAF2 variant",0.9875338753387534,1.639779033402872,0.0,0.023230565160154152,0.994,3/3,1.33%,Q99496;P35226;Q8IY57
prerank,"CRL3 E3 ubiquitin ligase complex, KLHL2 variant ",0.9940995319044099,1.639557773316964,0.0,0.02323567534959497,0.994,2/3,0.19%,P62877;Q13618
prerank,"Calcineurin-Calmodulin complex, alpha-R2 variant",0.893709327548807,1.6388455093464025,0.007594936708860759,0.023404805044903384,0.994,5/5,10.75%,CHEBI:29105;CHEBI:29108;CHEBI:29034;Q96LZ3;Q08209
prerank,"Non-canonical polycomb repressive complex 1.2, RING1-YAF2 variant",0.9875338753387534,1.6386253955253542,0.0015060240963855422,0.023427165245358338,0.994,3/3,1.33%,Q06587;P35227;Q8IY57
prerank,"CRL3 E3 ubiquitin ligase complex, KLHL36 variant ",0.9940995319044099,1.6386238495216898,0.0,0.02337906018325288,0.994,2/3,0.19%,P62877;Q13618
prerank,"Calcineurin-Calmodulin complex, gamma-R2 variant",0.8902948501646983,1.638572425662076,0.012610340479192938,0.02334870957963249,0.994,4/5,7.37%,CHEBI:29105;CHEBI:29108;CHEBI:29034;Q96LZ3
prerank,"CRL3 E3 ubiquitin ligase complex, KLHL18 variant ",0.9940995319044099,1.638221040872905,0.0,0.023411096234633572,0.994,2/3,0.19%,P62877;Q13618
prerank,"CRL3 E3 ubiquitin ligase complex, KLHL7 variant ",0.9940995319044099,1.6370712680419257,0.0,0.023735512911956164,0.995,2/3,0.19%,P62877;Q13618
prerank,"CRL3 E3 ubiquitin ligase complex, KLHL41 variant ",0.9940995319044099,1.6364271026536925,0.0,0.023904050711854922,0.995,2/3,0.19%,P62877;Q13618
prerank,"Non-canonical polycomb repressive complex 1.4, RING1-YAF2 variant",0.9875338753387534,1.635969351611669,0.0,0.024009708526384597,0.996,3/3,1.33%,Q06587;P35226;Q8IY57
prerank,"CRL3 E3 ubiquitin ligase complex, KLHL24 variant ",0.9940995319044099,1.6358336826269781,0.0,0.024013145013855434,0.997,2/3,0.19%,P62877;Q13618
prerank,"PtdIns(3,5)P2 regulatory complex",-0.7913279132791328,-1.634379802037996,0.03374233128834356,0.05285530945765016,0.999,3/3,20.96%,Q08AM6;Q92562;Q9Y2I7
prerank,"CRL3 E3 ubiquitin ligase complex, KLHL42 variant ",0.9940995319044099,1.6338191160486588,0.0,0.02454680027839597,0.999,2/3,0.19%,P62877;Q13618
prerank,"CRL3 E3 ubiquitin ligase complex, KLHL29 variant ",0.9940995319044099,1.63334050235812,0.0,0.02465051925856174,0.999,2/3,0.19%,P62877;Q13618
prerank,"Non-canonical polycomb repressive complex 1.2, RNF2-YAF2 variant",0.9875338753387534,1.6326272953798666,0.0,0.024869803422556232,0.999,3/3,1.33%,Q99496;P35227;Q8IY57
prerank,NuRF chromatin remodeling complex,0.9255726484142043,1.6315793555774953,0.009641873278236915,0.025199029660263488,0.999,2/4,1.25%,Q09028;Q16576
prerank,"Exon junction core complex, MAGOH variant",0.9251829764163729,1.6308462626527225,0.005641748942172073,0.025394211345297464,0.999,4/4,7.58%,Q9Y5S9;P38919;P61326;O15234
prerank,Intron-binding complex ,0.9073029645697759,1.6305208396303719,0.011688311688311689,0.025465965940604667,0.999,3/5,2.68%,Q9HCS7;O60306;Q9UNP9
prerank,GLUK1-GLUK2-GLUK3-GLUK5 glutamate ionotropic kainate-type receptor complex,0.924640824071564,1.6295510797983002,0.008264462809917356,0.02581895238778716,1.0,4/4,7.64%,P39086;Q13002;Q13003;Q16478
prerank,"Cav1.2 voltage-gated calcium channel complex, CACNA2D4-CACNB4 variant",0.9400921658986174,1.6292697197787165,0.003973509933774834,0.025838267567759806,1.0,4/4,6.09%,Q13936;O00305;Q7Z3S7-PRO_0000304657;Q7Z3S7-PRO_0000304656
prerank,"CRL3 E3 ubiquitin ligase complex, KLHL10 variant ",0.9940995319044099,1.6291188397946623,0.0,0.02582337047364291,1.0,2/3,0.19%,P62877;Q13618
prerank,TFTC histone acetylation complex,0.7459806457794382,1.6274452903069572,0.013457556935817806,0.02632927803764849,1.0,17/18,22.94%,Q12962;Q16514;Q16594;O75528;Q9Y4A5;Q9NPA8;O75529;O75486;Q15545;P49848;Q14CW9;Q15542;Q6P1X5;Q92830;Q9UPT9;CHEBI:27363;O15265
prerank,"CRL3 E3 ubiquitin ligase complex, KLHL16 variant ",0.9940995319044099,1.62629874876795,0.0,0.026663178714167877,1.0,2/3,0.19%,P62877;Q13618
prerank,"Cav1.2 voltage-gated calcium channel complex, CACNA2D4-CACNB3 variant",0.9400921658986177,1.6251179393117898,0.0026109660574412533,0.026971519485273886,1.0,4/4,6.09%,Q13936;P54284;Q7Z3S7-PRO_0000304657;Q7Z3S7-PRO_0000304656
prerank,NuA4 histone acetyltransferase complex,0.7328978406822717,1.6231419856378526,0.016511867905056758,0.027544727406865446,1.0,6/19,10.15%,P60709;O96019;Q9HAF1;Q9Y230;Q9Y265;Q9Y4A5
prerank,GLUK1-GLUK2-GLUK3-GLUK4 glutamate ionotropic kainate-type receptor complex,0.9208457576579019,1.622805832782462,0.006802721088435374,0.027577309449791917,1.0,4/4,8.02%,P39086;Q13002;Q13003;Q16099
prerank,"Non-canonical polycomb repressive complex 1.6, RING2-RYBP variant",0.8475725522104691,1.6204120511716549,0.02103960396039604,0.028390421501477088,1.0,6/6,15.38%,Q99496;Q8N488;Q969R5;Q9BYE7;CPX-2551;CPX-2552
prerank,"GABA-A receptor, alpha1-alpha3-beta2-gamma2",0.9243697478991595,1.6201647056710393,0.012552301255230125,0.02841880933365987,1.0,4/4,7.66%,P18507;P47870;P14867;P34903
prerank,"Nucleosome, variant H3.1t-H2A.2-H2B.1",0.8801050938738875,1.6201609394318286,0.011734028683181226,0.028363086178103673,1.0,4/5,8.64%,P62805;CHEBI:4705;P06899;P04908
prerank,[Cu-Zn] Superoxide dismutase complex,0.9634727061556329,1.6196163376116013,0.004545454545454545,0.028525552845102567,1.0,1/3,0.11%,CHEBI:29105
prerank,PDGF receptor alpha-beta - PDGF-AB complex,0.9314177283816751,1.6176523083963086,0.008108108108108109,0.02926591380502994,1.0,4/4,6.96%,P09619;P16234;P01127;P04085
prerank,Non-canonical FBXO45-MYCBP2-SKP1 E3 ubiquitin ligase complex,0.9734132078162886,1.6153129003419513,0.0,0.030063037250887027,1.0,1/3,0.05%,P63208
prerank,Histone pre-RNA core cleavage complex,0.8701542929116227,1.6132284426060568,0.021628498727735368,0.030842771168689356,1.0,1/5,0.11%,CHEBI:29105
prerank,"Non-canonical polycomb repressive complex 1.4, RNF2-RYBP variant",0.9872628726287263,1.61273126219304,0.0,0.03098490089940278,1.0,3/3,1.35%,Q99496;P35226;Q8N488
prerank,"Non-canonical polycomb repressive complex 1.2, RNF2-RYBP variant",0.9872628726287263,1.612616311010095,0.0,0.030972294311926104,1.0,3/3,1.35%,Q99496;P35227;Q8N488
prerank,"Nucleosome, variant H3.2-H2A.2-H2B.1",0.8801050938738875,1.6108915388190357,0.012903225806451613,0.03159896023306519,1.0,4/5,8.64%,P62805;CHEBI:4705;P06899;P04908
prerank,"Non-canonical polycomb repressive complex 1.6, RING1-YAF2 variant",0.847572552210469,1.6107549675249055,0.016624040920716114,0.03159939442622504,1.0,6/6,15.38%,Q06587;Q8IY57;Q969R5;Q9BYE7;CPX-2551;CPX-2552
prerank,"Phagocyte NADPH oxidase complex, RAC1 variant",0.7985334449608822,1.609850214285144,0.023014959723820484,0.03197009135626534,1.0,7/8,18.17%,CHEBI:57692;CHEBI:37565;P04839;P13498;P14598;P19878;Q15080
prerank,"STRIPAK complex, STRIP2-STRN3 variant",0.8187405184537191,1.606543613546274,0.033373063170441,0.033269128028475446,1.0,5/7,8.04%,CHEBI:29035;P30153;P67775;CHEBI:17401;Q9Y3A3
prerank,"GABA-A receptor, alpha1-beta2-gamma2",0.9680216802168022,1.605213646625883,0.0014705882352941176,0.03372916982619433,1.0,3/3,3.28%,P18507;P47870;P14867
prerank,SHOC2-NRAS-PPP1CA complex,0.8693551567738119,1.604014622484865,0.01910828025477707,0.034128828557251856,1.0,4/5,10.89%,CHEBI:29035;CHEBI:37565;Q9UQ13;P62136
prerank,"DNA-directed RNA polymerase III complex, POLR3G variant",0.7169751406278351,1.602713686094111,0.021604938271604937,0.03466737904322754,1.0,7/19,9.50%,CHEBI:29105;CHEBI:18420;P19388;P62875;P61218;P53803;P52434
prerank,"GABA-A receptor, alpha1-beta3-gamma2",0.9680216802168022,1.60251813842301,0.0,0.03471100574188431,1.0,3/3,3.28%,P18507;P28472;P14867
prerank,"STRIPAK complex, STRIP2-STRN4 variant",0.8187405184537191,1.6025176445376392,0.03345280764635603,0.034644889540471194,1.0,5/7,8.04%,CHEBI:29035;P30153;P67775;CHEBI:17401;Q9Y3A3
prerank,"Phagocyte NADPH oxidase complex, RAC3 variant",0.7985334449608822,1.6022528729460563,0.03117782909930716,0.0346907201007126,1.0,7/8,18.17%,CHEBI:57692;CHEBI:37565;P04839;P13498;P14598;P19878;Q15080
prerank,"STRIPAK complex, STRIP2-STRN variant",0.8187405184537191,1.5999515860619389,0.03739445114595899,0.03563753440488452,1.0,5/7,8.04%,CHEBI:29035;P30153;P67775;CHEBI:17401;Q9Y3A3
prerank,"Dystrophin glycoprotein complex, retinal inner limiting membrane variant",0.7770233568712656,1.599264061988462,0.023835319609967497,0.03588531053665135,1.0,9/11,15.35%,Q14118-PRO_0000021066;Q14118-PRO_0000021065;Q13424;Q13884;Q13326;Q14714;Q16585;Q16586;Q92629
prerank,"Dystrophin glycoprotein complex, retinal outer plexiform layer variant",0.7770233568712656,1.598770627818805,0.020719738276990186,0.03604422586386191,1.0,9/11,15.35%,Q14118-PRO_0000021066;Q14118-PRO_0000021065;Q13424;Q13884;Q13326;Q14714;Q16585;Q16586;Q92629
prerank,HBO1-4.3 histone acetyltransferase complex,0.8613312753768285,1.5987315909593596,0.01953125,0.035999312137478624,1.0,3/5,7.53%,CHEBI:29105;Q9HAF1;O95251
prerank,"STRIPAK complex, STRIP1-STRN3 variant",0.8187405184537191,1.598691286404647,0.03365384615384615,0.035947652351186764,1.0,5/7,8.04%,CHEBI:29035;P30153;P67775;CHEBI:17401;Q9Y3A3
prerank,"Non-canonical polycomb repressive complex 1.2, RING1-RYBP variant",0.9872628726287263,1.5984643466888937,0.0014992503748125937,0.03597901350990086,1.0,3/3,1.35%,Q06587;P35227;Q8N488
prerank,"DNA-directed RNA polymerase III complex, POLR3GL variant",0.7169751406278351,1.598232291781405,0.023711340206185566,0.03601025699072111,1.0,7/19,9.50%,CHEBI:29105;CHEBI:18420;P19388;P62875;P61218;P53803;P52434
prerank,USP12-DMWD deubiquitinase complex,0.884432673122131,1.5970687804676968,0.017615176151761516,0.036389786550989435,1.0,1/4,0.11%,CHEBI:29105
prerank,"Non-canonical polycomb repressive complex 1.6, RING1-RYBP variant",0.8475725522104689,1.5970047956938356,0.02506265664160401,0.03634464667123191,1.0,6/6,15.38%,Q06587;Q8N488;Q969R5;Q9BYE7;CPX-2551;CPX-2552
prerank,Interferon kappa receptor-ligand complex,0.9523527962552353,1.5954113844078952,0.014285714285714285,0.03703498570587485,1.0,2/3,1.79%,P48551;P17181
prerank,tRNA-guanine transglycosylase complex,0.9634727061556329,1.5951943008418563,0.0,0.03706403003191064,1.0,1/3,0.11%,CHEBI:29105
prerank,tRNA-intron splicing endonuclease complex,-0.6170462762111353,-1.5948676342229744,0.0392156862745098,0.06542703093709433,1.0,4/5,5.09%,Q7Z6J9;Q8NCE0;Q8WW01;Q9BSV6
prerank,"Nucleosome complex, H2BC12 variant ",0.8788735667802912,1.5939400560407726,0.014925373134328358,0.03757755923732788,1.0,4/5,8.64%,P62805;CHEBI:4705;P68431;P04908
prerank,HBO1-4.1 histone acetyltransferase complex,0.8613312753768285,1.5938333805346447,0.022222222222222223,0.03755098845335021,1.0,3/5,7.53%,CHEBI:29105;Q9HAF1;O95251
prerank,"Dystrophin glycoprotein complex, neuromuscular junction variant",0.7770233568712656,1.592386457682121,0.025027203482045703,0.03812064702072596,1.0,9/11,15.35%,Q14118-PRO_0000021066;Q14118-PRO_0000021065;Q13424;Q13884;Q13326;Q14714;Q16585;Q16586;Q92629
prerank,"Phagocyte NADPH oxidase complex, RAC2 variant",0.7985334449608822,1.5923521752394822,0.030373831775700934,0.038068283460067645,1.0,7/8,18.17%,CHEBI:57692;CHEBI:37565;P04839;P13498;P14598;P19878;Q15080
prerank,"Ribonucleoside-diphosphate reductase RR1 complex, RRM2B variant",0.9068791739569728,1.5923045378938931,0.022818791946308724,0.038025146296962097,1.0,2/4,2.55%,CHEBI:18420;CHEBI:29034
prerank,"Ribonucleoside-diphosphate reductase RR1 complex, RRM2 variant",0.9068791739569728,1.5916693917443598,0.018666666666666668,0.03823012282449028,1.0,2/4,2.55%,CHEBI:18420;CHEBI:29034
prerank,"STRIPAK complex, STRIP1-STRN4 variant",0.8187405184537191,1.5911807984847326,0.03393939393939394,0.03837359600563427,1.0,5/7,8.04%,CHEBI:29035;P30153;P67775;CHEBI:17401;Q9Y3A3
prerank,Kinetochore MIS12 complex,-0.6988343724586609,-1.590932263774086,0.04132231404958678,0.06597577898920443,1.0,4/4,30.22%,Q6P1K2;Q96IY1;Q9H081;Q9H410
prerank,"Interferon alpha receptor-ligand complex, IFNA14 variant",0.9523527962552353,1.5899155103518692,0.004329004329004329,0.03890732276285572,1.0,2/3,1.79%,P48551;P17181
prerank,"WASH complex, variant WASH2P/WASHC2C",0.8496878114557074,1.5891976538252197,0.0311284046692607,0.03918129331377185,1.0,4/5,9.72%,Q2M389;Q12768;Q9Y3C0;Q9Y4E1
prerank,"Interferon alpha receptor-ligand complex, IFNA6 variant",0.9523527962552353,1.5883028854254955,0.0,0.039521391673719646,1.0,2/3,1.79%,P48551;P17181
prerank,ERAP1-ERAP2 endoplasmic reticulum aminopeptidase complex,0.9634727061556329,1.5882651003571648,0.0015037593984962407,0.03945373948120582,1.0,1/3,0.11%,CHEBI:29105
prerank,"CoREST transcriptional corepressor complex, RCOR2-HDAC1 variant",0.8642450528598538,1.5880638333996164,0.032388663967611336,0.039471054716254395,1.0,3/4,7.93%,CHEBI:57692;Q13547;O60341
prerank,SHOC2-KRAS-PPP1CA complex,0.8693551567738119,1.5877936852522987,0.023166023166023165,0.03955061946402281,1.0,4/5,10.89%,CHEBI:29035;CHEBI:37565;Q9UQ13;P62136
prerank,"Non-canonical polycomb repressive complex 1.4, RING1-RYBP variant",0.9872628726287263,1.5876731334414593,0.0,0.03953215351601864,1.0,3/3,1.35%,Q06587;P35226;Q8N488
prerank,TOM40 mitochondrial outer membrane translocase complex,-0.5225176342919153,-1.5874695330574982,0.027472527472527472,0.0663518324732308,1.0,7/7,47.87%,Q96B49;Q9NS69;Q9P0U1;O94826;O96008;Q15388;Q8N4H5
prerank,"Interferon alpha receptor-ligand complex, IFNA7 variant",0.9523527962552353,1.5874148835937156,0.0014534883720930232,0.039586928093018774,1.0,2/3,1.79%,P48551;P17181
prerank,"Interferon alpha receptor-ligand complex, IFNA16 variant",0.9523527962552353,1.5866602428307564,0.0029455081001472753,0.03990489591834902,1.0,2/3,1.79%,P48551;P17181
prerank,Integrator-PP2A complex,0.7181719260065286,1.5863352307205851,0.029197080291970802,0.03999635934903307,1.0,17/17,28.51%,P30153;P67775;Q68E01;Q96SY0;Q9H0H0;Q9NV88;Q9NVH2;Q9NVM9;Q9NVR2;Q9UL03;Q5TA45;Q6P9B9;Q75QN2;Q8N201;Q96CB8;Q96HW7;Q96N11
prerank,"STRIPAK complex, STRIP1-STRN variant",0.8187405184537191,1.5850478038067581,0.029339853300733496,0.04051092932034491,1.0,5/7,8.04%,CHEBI:29035;P30153;P67775;CHEBI:17401;Q9Y3A3
prerank,Nuclear origin recognition complex,-0.5427176566314077,-1.5848732596059472,0.048034934497816595,0.06645698116521834,1.0,6/6,45.84%,O43913;O43929;Q13415;Q13416;Q9UBD5;Q9Y5N6
prerank,"GABA-A receptor, alpha1-beta1-gamma2",0.9425474254742546,1.5836946579348226,0.005822416302765648,0.04108308693092891,1.0,3/3,5.82%,P18507;P14867;P18505
prerank,Interferon beta receptor-ligand complex,0.9523527962552353,1.5836842813743304,0.0043859649122807015,0.0410181190555633,1.0,2/3,1.79%,P48551;P17181
prerank,"Interferon alpha receptor-ligand complex, IFNA1 variant",0.9523527962552353,1.582223728622093,0.001430615164520744,0.04169480041947908,1.0,2/3,1.79%,P48551;P17181
prerank,HBO1-4.2 histone acetyltransferase complex,0.8613312753768285,1.5817034764851396,0.023166023166023165,0.041917999939261354,1.0,3/5,7.53%,CHEBI:29105;Q9HAF1;O95251
prerank,"Interferon alpha receptor-ligand complex, IFNA5 variant",0.9523527962552353,1.5814216010764597,0.00725689404934688,0.0419611744657196,1.0,2/3,1.79%,P48551;P17181
prerank,"Interferon alpha receptor-ligand complex, IFNA8 variant",0.9523527962552353,1.5792316496584182,0.0014749262536873156,0.04303400912144163,1.0,2/3,1.79%,P48551;P17181
prerank,"CoREST transcriptional corepressor complex, RCOR2-HDAC2 variant",0.8642450528598535,1.5790207525569582,0.0456989247311828,0.043083755929247194,1.0,3/4,7.93%,CHEBI:57692;Q92769;O60341
prerank,"WASH complex, variant WASH6P/WASHC2C",0.8496878114557074,1.5786785164526307,0.029639175257731958,0.043198547779728674,1.0,4/5,9.72%,Q2M389;Q12768;Q9Y3C0;Q9Y4E1
prerank,"Interferon alpha receptor-ligand complex, IFNA4 variant",0.9523527962552353,1.5781266860079561,0.001451378809869376,0.043430123585981285,1.0,2/3,1.79%,P48551;P17181
prerank,"GABA-A receptor, alpha2-beta1-gamma2 complex",0.9349593495934959,1.5772536250176123,0.010385756676557863,0.04381035870102053,1.0,3/3,6.58%,P18507;P18505;P47869
prerank,"Interferon alpha receptor-ligand complex, IFNA2 variant",0.9523527962552353,1.5765210163870518,0.0073964497041420114,0.0441395119127811,1.0,2/3,1.79%,P48551;P17181
prerank,Interferon epsilon receptor-ligand complex,0.9523527962552353,1.576294700847036,0.0014858841010401188,0.04420845751079892,1.0,2/3,1.79%,P48551;P17181
prerank,"Beta-catenin destruction core complex, APC-AXIN2-GSK3A variant",0.8799132556248306,1.5755597035011677,0.022546419098143235,0.04455083530069893,1.0,4/4,12.10%,P48729;Q9Y2T1;P25054;P49840
prerank,"WASH complex, variant WASH2P/WASHC2A",0.8499589611303278,1.5753052691451075,0.02656042496679947,0.044597304333752474,1.0,4/5,9.69%,Q2M389;Q12768;Q9Y3C0;Q641Q2
prerank,"WASH complex, variant WASH3P/WASHC2A",0.8499589611303278,1.5733925550647925,0.031088082901554404,0.04554979615470112,1.0,4/5,9.69%,Q2M389;Q12768;Q9Y3C0;Q641Q2
prerank,COP9 signalosome variant 2,0.7817943634046169,1.5722771937812856,0.033105022831050226,0.04606165753500431,1.0,1/9,0.11%,CHEBI:29105
prerank,"Interferon alpha receptor-ligand complex, IFNA10 variant",0.9523527962552353,1.571726601175765,0.001488095238095238,0.04627642967594646,1.0,2/3,1.79%,P48551;P17181
prerank,COP9 signalosome variant 1,0.7817943634046169,1.571433922816535,0.03881278538812785,0.046351604565568263,1.0,1/9,0.11%,CHEBI:29105
prerank,"m-AAA protease complex, AFG3L2-SPG7 variant",0.9465554129225502,1.5713161299688396,0.0015128593040847202,0.04631350055371438,1.0,1/3,0.11%,CHEBI:29105
prerank,SLX1-SLX4 structure-specific endonuclease complex,0.9465554129225502,1.570967237277162,0.010526315789473684,0.046413893739683756,1.0,1/3,0.11%,CHEBI:29105
prerank,"CoREST transcriptional corepressor complex, RCOR3-HDAC1 variant",0.8642450528598538,1.5701852935838148,0.03314917127071823,0.04670518757071307,1.0,3/4,7.93%,CHEBI:57692;Q13547;O60341
prerank,Interferon gamma receptor-ligand complex,-0.7579945799457994,-1.5690851866854405,0.04871060171919771,0.0717271856701047,1.0,3/3,24.29%,CPX-6024;P15260;P38484
prerank,"Interferon alpha receptor-ligand complex, IFNA17 variant",0.9523527962552353,1.568505925840336,0.006006006006006006,0.04760640860746618,1.0,2/3,1.79%,P48551;P17181
prerank,"WASH complex, variant WASH6P/WASHC2A",0.8499589611303278,1.5681909016782165,0.030104712041884817,0.04769980857926981,1.0,4/5,9.69%,Q2M389;Q12768;Q9Y3C0;Q641Q2
prerank,"CoREST transcriptional corepressor complex, RCOR3-HDAC2 variant",0.8642450528598535,1.566355799128582,0.04401650618982118,0.048718809671335704,1.0,3/4,7.93%,CHEBI:57692;Q92769;O60341
prerank,"GABA-A receptor, alpha2-beta3-gamma2",0.9349593495934958,1.5662342981929633,0.014925373134328358,0.04870867349618256,1.0,3/3,6.58%,P18507;P28472;P47869
prerank,"Interferon alpha receptor-ligand complex, IFNA21 variant",0.9523527962552353,1.5658346609700173,0.007246376811594203,0.048877642062572293,1.0,2/3,1.79%,P48551;P17181
prerank,GINS complex,-0.677690431011114,-1.5657215459355518,0.05660377358490566,0.07207507492061761,1.0,4/4,32.33%,Q14691;Q9BRT9;Q9BRX5;Q9Y248
prerank,Integrator core complex,0.7177814029363785,1.5656591887260263,0.035218783351120594,0.04889040173952888,1.0,15/15,28.51%,Q68E01;Q96SY0;Q9H0H0;Q9NV88;Q9NVH2;Q9NVM9;Q9NVR2;Q9UL03;Q5TA45;Q6P9B9;Q75QN2;Q8N201;Q96CB8;Q96HW7;Q96N11
prerank,"WASH complex, variant WASHC1/WASHC2C",0.8496878114557074,1.5652797249626578,0.03979460847240052,0.04902488730971746,1.0,4/5,9.72%,Q2M389;Q12768;Q9Y3C0;Q9Y4E1
prerank,"Beta-catenin destruction core complex, APC-AXIN2-GSK3B variant",0.8801843317972349,1.5614020938615012,0.022727272727272728,0.051271561369008824,1.0,4/4,12.08%,P48729;P49841;Q9Y2T1;P25054
prerank,Interferon omega receptor-ligand complex,0.9523527962552353,1.5600398251733405,0.005813953488372093,0.05205012958284255,1.0,2/3,1.79%,P48551;P17181
prerank,"WASH complex, variant WASHC1/WASHC2A",0.8499589611303278,1.55844846256079,0.037760416666666664,0.05294092065233545,1.0,4/5,9.69%,Q2M389;Q12768;Q9Y3C0;Q641Q2
prerank,SF3A complex,0.9406504065040651,1.557232476315703,0.010263929618768328,0.053565945174577884,1.0,3/3,6.01%,Q12874;Q15459;Q15428
prerank,GPR88-Gi1 signaling complex,-0.6684738411493629,-1.5570417540481893,0.0321285140562249,0.07455486925827905,1.0,4/4,33.25%,Q9GZN0;P62873;P63096;P63211
prerank,"WASH complex, variant WASH3P/WASHC2C",0.8496878114557074,1.5562001348185155,0.029947916666666668,0.05411806853689015,1.0,4/5,9.72%,Q2M389;Q12768;Q9Y3C0;Q9Y4E1
prerank,"CoREST transcriptional corepressor complex, RCOR1-HDAC1 variant",0.8642450528598538,1.5556695253496886,0.037333333333333336,0.05436283786750262,1.0,3/4,7.93%,CHEBI:57692;Q13547;O60341
prerank,Coagulation factor IXa complex,0.9334349593495935,1.5530136520420765,0.01859799713876967,0.05591582984542374,1.0,1/3,0.43%,CHEBI:29108
prerank,VCP-NPL4-UFD1-UBXN1 AAA ATPase complex,0.8694090539441583,1.5526187915063965,0.02193548387096774,0.05606767347594003,1.0,3/4,9.56%,P55072;Q8TAT6;Q92890
prerank,"GABA-A receptor, alpha2-beta2-gamma2",0.9349593495934958,1.5521218857026857,0.00909090909090909,0.056338922558900786,1.0,3/3,6.58%,P18507;P47870;P47869
prerank,"CoREST transcriptional corepressor complex, RCOR1-HDAC2 variant",0.8642450528598535,1.5497014503630628,0.03595206391478029,0.05782086745726163,1.0,3/4,7.93%,CHEBI:57692;Q92769;O60341
prerank,"WASH complex, variant WASH4P/WASHC2A",0.8499589611303278,1.5494739674965239,0.02857142857142857,0.05788013136169967,1.0,4/5,9.69%,Q2M389;Q12768;Q9Y3C0;Q641Q2
prerank,U6 small nuclear ribonucleoprotein complex,0.754900280016001,1.5481943055894687,0.04477611940298507,0.05865302176656133,1.0,8/9,22.04%,URS00006767A8_9606;O95777;P62310;P62312;Q9UK45;Q9Y333;Q9Y4Y9;Q9Y4Z0
prerank,Dehydrodolichyl diphosphate synthase complex,0.9258854312681057,1.5479103931589402,0.018651362984218076,0.058764086325649854,1.0,1/3,0.54%,CHEBI:18420
prerank,PDGF receptor alpha-beta - PDGF-BB complex,0.9441734417344172,1.5478072629831936,0.010385756676557863,0.05871691009596166,1.0,3/3,5.66%,P09619;P16234;P01127
prerank,"GABA-A receptor, alpha3-beta1-gamma2 complex",0.924119241192412,1.5468619769852214,0.017937219730941704,0.05927779556128468,1.0,3/3,7.66%,P18507;P18505;P34903
prerank,SHOC2-HRAS-PPP1CA complex,0.8476379850566401,1.5440521073004487,0.036410923276983094,0.061001544848427895,1.0,4/5,10.89%,CHEBI:29035;CHEBI:37565;Q9UQ13;P62136
prerank,"WASH complex, variant WASH4P/WASHC2C",0.8496878114557074,1.5435210288815377,0.03096774193548387,0.06129359402701029,1.0,4/5,9.72%,Q2M389;Q12768;Q9Y3C0;Q9Y4E1
prerank,Lactose synthase complex,0.9334349593495935,1.5428633300519734,0.015408320493066256,0.06164780585014021,1.0,1/3,0.43%,CHEBI:29108
prerank,USP12-WDR20 deubiquitinase complex,0.8701545134182705,1.5427526841374815,0.019230769230769232,0.06162469621988217,1.0,1/4,0.11%,CHEBI:29105
prerank,Cubam cobalamin uptake receptor complex,0.9334349593495935,1.5423545329799326,0.013574660633484163,0.06179449828552353,1.0,1/3,0.43%,CHEBI:29108
prerank,Interleukin-37 receptor-ligand complex,-0.7439024390243902,-1.5416474794809973,0.05144694533762058,0.08034312065036645,1.0,3/3,25.70%,Q13478-PRO_0000015448;Q6IA17-PRO_0000099065;Q9NZH6-1
prerank,GLUK1-GLUK2-GLUK5 glutamate ionotropic kainate-type receptor complex,0.9243902439024392,1.5404162097482148,0.012139605462822459,0.06304587944536866,1.0,3/3,7.64%,P39086;Q13002;Q16478
prerank,"GABA-A receptor, alpha1-beta2-delta",0.9208672086720868,1.540292927607167,0.017804154302670624,0.06304485113139559,1.0,3/3,7.99%,P47870;P14867;O14764
prerank,"GABA-A receptor, alpha-6/beta-3/delta",0.910840108401084,1.5396057870778044,0.01791044776119403,0.06345182457388862,1.0,3/3,8.99%,P28472;O14764;Q16445
prerank,PDGF receptor alpha - PDGF-AB complex,0.9311653116531164,1.5389833805805493,0.019174041297935103,0.0637505843647296,1.0,3/3,6.96%,P16234;P01127;P04085
prerank,"mTNF-TNR1A receptor-ligand core complex, BIRC3 variant",0.7924579489962019,1.5375045114141142,0.04425837320574163,0.06472276658142977,1.0,7/7,20.90%,Q12933;Q13546;O00463;P19438-PRO_0000034543;Q15628;CPX-8931;Q13489
prerank,CENP-A nucleosome complex,0.8273601810808262,1.5342889285447592,0.05025125628140704,0.06704237135108702,1.0,3/5,8.64%,P62805;P06899;P04908
prerank,Complement factor I complex,0.9334349593495935,1.5340412518984297,0.015082956259426848,0.06714716660202572,1.0,1/3,0.43%,CHEBI:29108
prerank,"DREAM transcriptional repressor complex, RBL2 variant",0.7471847287353254,1.5337236151588216,0.050335570469798654,0.0672796645382854,1.0,7/10,16.95%,Q09028;Q14186;Q5TKA1;Q6MZP7;Q96GY3;Q52LA3;Q16254
prerank,GLUK1-GLUK3-GLUK5 glutamate ionotropic kainate-type receptor complex,0.9243902439024392,1.531954939187521,0.016666666666666666,0.06846572524503745,1.0,3/3,7.64%,P39086;Q13003;Q16478
prerank,PDGF receptor beta - PDGF-AB complex,0.9311653116531164,1.5318201564366734,0.019005847953216373,0.06844987865283911,1.0,3/3,6.96%,P09619;P01127;P04085
prerank,VCP-NPL4-UFD1-FAF2 AAA ATPase complex,0.8694090539441583,1.531172125136513,0.03945578231292517,0.06878493569042095,1.0,3/4,9.56%,P55072;Q8TAT6;Q92890
prerank,"Beta-catenin destruction core complex, APC2-AXIN2-GSK3A variant",0.8541610192464084,1.5310132575732605,0.04371584699453552,0.06877260206231228,1.0,4/4,14.68%,P48729;Q9Y2T1;P49840;O95996
prerank,"GABA-A receptor, alpha3-beta3-gamma2",0.924119241192412,1.5306660019328497,0.023880597014925373,0.0689152948694728,1.0,3/3,7.66%,P18507;P28472;P34903
prerank,WMM N6-adenosine-methyltransferase complex,-0.5629067245119306,-1.5306325849992022,0.06324110671936758,0.08361529133954967,1.0,5/5,43.81%,CPX-21210;Q15007;Q5T200;Q69YN4;Q75N03
prerank,"GABA-A receptor, alpha6-beta2-delta",0.910840108401084,1.5302922996742572,0.0243531202435312,0.06909720083084259,1.0,3/3,8.99%,P47870;O14764;Q16445
prerank,Mitochondrial propionyl-CoA carboxylase complex,0.8658172946597994,1.5301640983005338,0.03310344827586207,0.06908640236589246,1.0,1/4,0.54%,CHEBI:18420
prerank,"GABA-A receptor, alpha3-beta2-gamma2",0.924119241192412,1.5301334252344743,0.022556390977443608,0.06899456641842044,1.0,3/3,7.66%,P18507;P47870;P34903
prerank,"Beta-catenin destruction core complex, APC2-AXIN2-GSK3B variant",0.8541610192464082,1.5282265836685605,0.041891891891891894,0.07029877595346734,1.0,4/4,14.68%,P48729;P49841;Q9Y2T1;O95996
prerank,GABA-A receptor alpha6-beta1-gamma2 complex,0.9108401084010839,1.5272935934385121,0.028700906344410877,0.07091484585142727,1.0,3/3,8.99%,P18507;P18505;Q16445
prerank,BRCA1-A complex,0.7714905821254165,1.5267616867946987,0.05635491606714628,0.07121014509976732,1.0,4/7,15.79%,CHEBI:29105;P46736;Q9NXR7;Q9NWV8
prerank,Mitochondrial pyruvate dehydrogenase serine/threonine phosphatase complex,0.9258854312681057,1.5254266499119475,0.01355421686746988,0.07213319367344655,1.0,1/3,0.54%,CHEBI:18420
prerank,Mitochondrial RNase Z complex,0.8263245250772366,1.5240409521388485,0.038910505836575876,0.07315724487937009,1.0,3/5,11.37%,CHEBI:29105;Q7L0Y3;Q99714
prerank,"SAGA complex, KAT2A variant",0.6906318082788669,1.5223664624035642,0.04,0.07432294013986236,1.0,17/21,22.94%,Q9BWJ5;Q15393;Q12962;Q16514;Q16594;O75528;Q9Y4A5;Q9NPA8;Q96ES7;O75529;O75486;Q14CW9;Q9Y6J9;Q92830;Q9UPT9;CHEBI:27363;O15265
prerank,GLUK1-GLUK3-GLUK4 glutamate ionotropic kainate-type receptor complex,0.9205962059620596,1.5221029119747684,0.022488755622188907,0.07440169503404032,1.0,3/3,8.02%,P39086;Q13003;Q16099
prerank,BRISC-SHMT2 complex,0.7988441104676206,1.5216323224956945,0.05831265508684864,0.07462270532158491,1.0,4/6,15.79%,CHEBI:29105;P46736;Q9NXR7;Q9NWV8
prerank,General transcription factor TFIIB-TBP complex,0.9093518148296238,1.5214769766847498,0.017991004497751123,0.07463251578415044,1.0,2/3,7.47%,CHEBI:29105;P20226
prerank,"GABA-A receptor, alpha5-beta3-gamma2",0.9102981029810298,1.519818384682853,0.021244309559939303,0.07583515513075874,1.0,3/3,9.04%,P18507;P28472;P31644
prerank,"GABA-A receptor, alpha5-beta1-gamma2 complex",0.9102981029810296,1.5197732838906155,0.016591251885369532,0.07575752455426163,1.0,3/3,9.04%,P18507;P18505;P31644
prerank,"GABA-A receptor, alpha6-beta3-gamma2",0.9108401084010839,1.5196569490900977,0.029985007496251874,0.07572475475142323,1.0,3/3,8.99%,P18507;P28472;Q16445
prerank,"DREAM transcriptional repressor complex, RBL1 variant",0.7471847287353254,1.5194056237377775,0.056433408577878104,0.07579086040601733,1.0,7/10,16.95%,Q09028;Q14186;Q5TKA1;Q6MZP7;Q96GY3;Q52LA3;Q16254
prerank,SHOC2-MRAS-PPP1CC complex,0.8288856378953741,1.5184998603172184,0.06241872561768531,0.076295693823144,1.0,3/5,7.88%,CHEBI:29035;CHEBI:37565;Q9UQ13
prerank,"mTNF-TNR1A receptor-ligand core complex, BIRC2 variant",0.7843190450352687,1.5177903377308783,0.058823529411764705,0.07681437943880431,1.0,7/7,21.72%,Q12933;Q13546;O00463;P19438-PRO_0000034543;Q15628;CPX-8931;Q13490
prerank,VCP-NPL4-UFD1-UBXN7 AAA ATPase complex,0.8694090539441583,1.5177042662533557,0.033942558746736295,0.07674160069512398,1.0,3/4,9.56%,P55072;Q8TAT6;Q92890
prerank,GLUK1-GLUK2-GLUK4 glutamate ionotropic kainate-type receptor complex,0.9205962059620598,1.5172559301191344,0.013803680981595092,0.07704048328711224,1.0,3/3,8.02%,P39086;Q13002;Q16099
prerank,"SAGA complex, KAT2B variant",0.6906318082788669,1.5170800661330637,0.039014373716632446,0.07706941756275194,1.0,17/21,22.94%,Q9BWJ5;Q15393;Q12962;Q16514;Q16594;O75528;Q9Y4A5;Q9NPA8;Q96ES7;O75529;O75486;Q14CW9;Q92831;Q9Y6J9;Q9UPT9;CHEBI:27363;O15265
prerank,"Histone-lysine N-methyltransferase complex, SET1A variant",0.7480270649612033,1.515727249305061,0.07807118254879448,0.07797500996801163,1.0,6/9,13.13%,P61964;Q9UBL3;Q9C005;Q15291;P51610;Q9Y5Z7
prerank,"Nav1.1 voltage-gated sodium channel complex, SCN3B-SCN4B variant",0.8977087952697709,1.5156772640162526,0.02373887240356083,0.07788746208321864,1.0,2/3,1.19%,Q9NY72;Q8IWT1
prerank,"Beta-catenin destruction core complex, APC2-AXIN1-GSK3B variant",0.8541610192464082,1.5154185444167978,0.048846675712347354,0.07797039960250061,1.0,4/4,14.68%,P48729;P49841;O15169;O95996
prerank,Mitochondrial 2-oxoglutarate dehydrogenase complex,0.776773606106397,1.5140434799240443,0.06144578313253012,0.07898491860062891,1.0,3/6,11.67%,CHEBI:57692;CHEBI:58937;P09622
prerank,LMAN1-MCFD2 cargo receptor complex,0.9334349593495935,1.512213270804596,0.008955223880597015,0.08029178993622586,1.0,1/3,0.43%,CHEBI:29108
prerank,SHOC2-MRAS-PPP1CA complex,0.8268650381967368,1.512022285565578,0.06135770234986945,0.08031539775416269,1.0,4/5,10.89%,CHEBI:29035;CHEBI:37565;Q9UQ13;P62136
prerank,Ribosome biogenesis complex,-0.7105691056910569,-1.5091260430998135,0.08408408408408409,0.09182401067913155,1.0,3/3,29.03%,P61328;Q13428;Q14978
prerank,"GABA-A receptor, alpha5-beta2-gamma2",0.9102981029810298,1.5085506649578984,0.012102874432677761,0.08302259850489695,1.0,3/3,9.04%,P18507;P47870;P31644
prerank,Chromatin assembly factor 1 complex,0.9199638663053296,1.5069858051342968,0.02976190476190476,0.08413495538721334,1.0,1/3,0.62%,Q09028
prerank,"Nav1.7 voltage-gated sodium channel complex, SCN3B-SCN4B variant",0.8977087952697709,1.505990244585408,0.025449101796407185,0.08477965977673992,1.0,2/3,1.19%,Q9NY72;Q8IWT1
prerank,"GABA-A receptor, alpha4-beta3-delta",0.9100271002710026,1.5059750299839414,0.020989505247376312,0.08465619195691851,1.0,3/3,9.07%,P28472;O14764;P48169
prerank,BRISC complex,0.8131535921261371,1.5045537409425804,0.06426735218508997,0.08567398952110176,1.0,4/5,15.79%,CHEBI:29105;P46736;Q9NXR7;Q9NWV8
prerank,"Beta-catenin destruction core complex, APC2-AXIN1-GSK3A variant",0.8541610192464082,1.5033544769537874,0.04979253112033195,0.08657549232347814,1.0,4/4,14.68%,P48729;P49840;O15169;O95996
prerank,Mitochondrial respiratory chain complex II,0.7424900470503075,1.5011597242262746,0.06566820276497695,0.08840069139928002,1.0,2/9,3.57%,CHEBI:57692;CHEBI:49883
prerank,ULK1-ATG13-RB1CC1-ATG101 autophagy initiation complex,-0.6516671184602872,-1.5007827115928083,0.06465517241379311,0.09456021607409383,1.0,4/4,34.93%,O75143;O75385;Q8TDY2;Q9BSB4
prerank,"Nav1.1 voltage-gated sodium channel complex, SCN1B-SCN4B variant",0.8977087952697709,1.4998635781229404,0.033823529411764704,0.08934788107567032,1.0,2/3,1.19%,Q07699;Q8IWT1
prerank,"Nav1.9 voltage-gated sodium channel complex, SCN3B-SCN4B variant",0.8977087952697709,1.4997074333939484,0.03153153153153153,0.08934413225692404,1.0,2/3,1.19%,Q9NY72;Q8IWT1
prerank,"GABA-A receptor, alpha4-beta3-gamma2",0.9100271002710026,1.4995384661040083,0.026277372262773723,0.08932539957436908,1.0,3/3,9.07%,P18507;P28472;P48169
prerank,"LINC complex, SUN1-SYNE4 variant",0.8899641577060932,1.4990822086481252,0.03829160530191458,0.08955002595422153,1.0,2/3,7.83%,CHEBI:29105;O94901
prerank,SHOC2-MRAS-PPP1CB complex,0.8288856378953741,1.49901793686893,0.06481481481481481,0.08947123789586428,1.0,3/5,7.88%,CHEBI:29035;CHEBI:37565;Q9UQ13
prerank,"GABA-A receptor, alpha4-beta2-delta",0.9100271002710026,1.4983643277834275,0.0226928895612708,0.08994124881922934,1.0,3/3,9.07%,P47870;O14764;P48169
prerank,"Beta-catenin destruction core complex, APC-AXIN1-GSK3B variant",0.8544320954188127,1.497831174598497,0.05277401894451962,0.09024029539729567,1.0,4/4,14.65%,P48729;P49841;P25054;O15169
prerank,"Nax cation channel complex, SCN1B-SCN4B variant",0.8977087952697709,1.4971707614528325,0.04154302670623145,0.09066120456298601,1.0,2/3,1.19%,Q07699;Q8IWT1
prerank,"Exon junction core complex, MAGOHB variant",0.8415785669106353,1.4959370480281657,0.0766016713091922,0.0915711772869762,1.0,3/4,7.58%,Q9Y5S9;P38919;O15234
prerank,"Nax cation channel complex, SCN3B-SCN4B variant",0.8977087952697709,1.495145261094964,0.018433179723502304,0.0921353029856008,1.0,2/3,1.19%,Q9NY72;Q8IWT1
prerank,MUS81-EME1 structure-specific endonuclease complex,0.8948509485094851,1.493107757772109,0.025914634146341462,0.09367358475081636,1.0,1/3,0.54%,CHEBI:18420
prerank,"Beta-catenin destruction core complex, APC-AXIN1-GSK3A variant",0.8544320954188127,1.4923095299266187,0.05,0.09426426219813602,1.0,4/4,14.65%,P48729;P25054;P49840;O15169
prerank,Actin junctional complex,-0.7203252032520325,-1.4919695196538922,0.07547169811320754,0.09745673152582324,1.0,3/3,28.05%,P04921;P11171;Q00013
prerank,"LINC complex, SUN2-SYNE4 variant",0.8905061631261474,1.4910769608351497,0.036585365853658534,0.09519838719685057,1.0,2/3,7.77%,CHEBI:29105;Q9UH99
prerank,GABA-A receptor alpha6-beta2-gamma2,0.910840108401084,1.490640892675324,0.029641185647425898,0.09544396637815525,1.0,3/3,8.99%,P18507;P47870;Q16445
prerank,Myb-MuvB-FOXM1 transcriptional activation complex,0.7774503033591477,1.4904025320707794,0.06900726392251816,0.09551026934606809,1.0,5/7,15.54%,Q09028;Q5TKA1;Q6MZP7;Q96GY3;Q52LA3
prerank,"GID E3 ubiquitin ligase complex, RMND5A-RANBP10 variant",0.7368349619978285,1.4901218062031436,0.08170310701956271,0.095611291984758,1.0,7/9,13.97%,P62699;Q7L5Y9;Q8IUR7;Q8IVV7;Q9H7D7;Q9NWU2;Q9UL63
prerank,"GABA-A receptor, alpha4-beta1-gamma2 complex",0.9100271002710025,1.4898515168933373,0.025411061285500747,0.09571201170699008,1.0,3/3,9.07%,P18507;P18505;P48169
prerank,Myb-MuvB transcriptional activation complex,0.7991623617865411,1.4884895610444628,0.05605095541401274,0.09682387491600537,1.0,5/6,15.54%,Q09028;Q5TKA1;Q6MZP7;Q96GY3;Q52LA3
prerank,"Nav1.3 voltage-gated sodium channel complex, SCN3B-SCN4B variant",0.8977087952697709,1.4881169962777527,0.028700906344410877,0.09702676757940991,1.0,2/3,1.19%,Q9NY72;Q8IWT1
prerank,VCP-NPL4-UFD1 AAA ATPase complex,0.9051490514905149,1.4879882812418013,0.022857142857142857,0.09702810017562832,1.0,3/3,9.56%,P55072;Q8TAT6;Q92890
prerank,Interleukin-17A-F receptor-ligand complex,0.8053145336225597,1.486812865793095,0.0646830530401035,0.0979725069824886,1.0,5/5,19.58%,O43734;Q96F46;Q16552;Q96PD4;Q8NAC3
prerank,"Nax cation channel complex, SCN1B-SCN2B variant",0.8974377925597439,1.4861096877181288,0.04630969609261939,0.09841321220775147,1.0,2/3,1.22%,Q07699;O60939
prerank,Coagulation factor VIIa - tissue factor complex,0.8530767145567905,1.4847348526955606,0.049586776859504134,0.09949279538331263,1.0,1/4,0.43%,CHEBI:29108
prerank,"GABA-A receptor, alpha4-beta2-gamma2",0.9100271002710028,1.4840024143919899,0.023952095808383235,0.09998078571779605,1.0,3/3,9.07%,P18507;P47870;P48169
prerank,"Nav1.4 voltage-gated sodium channel complex, SCN3B-SCN4B variant",0.8977087952697709,1.4834466711838894,0.028315946348733235,0.10028237089723904,1.0,2/3,1.19%,Q9NY72;Q8IWT1
prerank,"GID E3 ubiquitin ligase complex, RMND5A-RANBP9 variant",0.7368349619978285,1.4832301094478366,0.07347876004592423,0.100327763062219,1.0,7/9,13.97%,P62699;Q7L5Y9;Q8IUR7;Q8IVV7;Q9H7D7;Q9NWU2;Q9UL63
prerank,"Nav1.2 voltage-gated sodium channel complex, SCN3B-SCN4B variant",0.8977087952697709,1.4823853299945888,0.0364963503649635,0.1009190278007111,1.0,2/3,1.19%,Q9NY72;Q8IWT1
prerank,"Sodium:potassium-exchanging ATPase complex, FXYD2 variant",0.8712737127371274,1.48229285618914,0.048484848484848485,0.1008405864742127,1.0,2/3,6.26%,P05023;P05026
prerank,C3PO endoribonuclease complex,0.9258854312681057,1.4811392151955354,0.029411764705882353,0.10173760645154328,1.0,1/3,0.54%,CHEBI:18420
prerank,"Nav1.3 voltage-gated sodium channel complex, SCN1B-SCN4B variant",0.8977087952697709,1.4807982046597108,0.03886397608370702,0.1018867911253203,1.0,2/3,1.19%,Q07699;Q8IWT1
prerank,"Nav1.1 voltage-gated sodium channel complex, SCN1B-SCN2B variant",0.8974377925597439,1.4802380265553112,0.049707602339181284,0.10227458516380511,1.0,2/3,1.22%,Q07699;O60939
prerank,"Nav1.6 voltage-gated sodium channel complex, SCN1B-SCN4B variant",0.8977087952697709,1.480203852587793,0.043795620437956206,0.10216410614147926,1.0,2/3,1.19%,Q07699;Q8IWT1
prerank,"GID E3 ubiquitin ligase complex, RMND5B-RANBP10 variant",0.7368349619978285,1.4795725766855652,0.07364787111622555,0.1025754478053519,1.0,7/9,13.97%,P62699;Q7L5Y9;Q8IUR7;Q8IVV7;Q9H7D7;Q9NWU2;Q9UL63
prerank,"Nav1.7 voltage-gated sodium channel complex, SCN1B-SCN4B variant",0.8977087952697709,1.478618538865856,0.03692762186115214,0.10331484855237871,1.0,2/3,1.19%,Q07699;Q8IWT1
prerank,"Sodium:potassium-exchanging ATPase complex, FXYD1 variant",0.8712737127371274,1.4782654143584948,0.04747320061255743,0.10348923141000893,1.0,2/3,6.26%,P05023;P05026
prerank,"Nav1.6 voltage-gated sodium channel complex, SCN3B-SCN4B variant",0.8977087952697709,1.478029329174127,0.034482758620689655,0.1035970886350241,1.0,2/3,1.19%,Q9NY72;Q8IWT1
prerank,"GID E3 ubiquitin ligase complex, RMND5B-RANBP9 variant",0.7368349619978285,1.4778111750046163,0.07894736842105263,0.1036654355159525,1.0,7/9,13.97%,P62699;Q7L5Y9;Q8IUR7;Q8IVV7;Q9H7D7;Q9NWU2;Q9UL63
prerank,"Nav1.8 voltage-gated sodium channel complex, SCN3B-SCN4B variant",0.8977087952697709,1.476147737220992,0.031578947368421054,0.10509456662451622,1.0,2/3,1.19%,Q9NY72;Q8IWT1
prerank,"GABA-A receptor, alpha3-beta3-theta",0.8838482384823848,1.4758687631615952,0.032305433186490456,0.10519251835280881,1.0,2/3,7.66%,P28472;P34903
prerank,"Nav1.4 voltage-gated sodium channel complex, SCN1B-SCN4B variant",0.8977087952697709,1.4756711529212614,0.045655375552282766,0.10519971696088659,1.0,2/3,1.19%,Q07699;Q8IWT1
prerank,"Nav1.5 voltage-gated sodium channel complex, SCN3B-SCN4B variant",0.8977087952697709,1.47544549497176,0.017964071856287425,0.10525472088034174,1.0,2/3,1.19%,Q9NY72;Q8IWT1
prerank,"Mitochondrial succinyl-CoA synthetase complex, GTP-specific variant",0.8948509485094851,1.4738706010383649,0.050974512743628186,0.10650702923156818,1.0,1/3,0.54%,CHEBI:18420
prerank,RXRalpha-RARalpha-NCOA2 retinoic acid receptor complex,0.8775067750677508,1.4728974777456603,0.049773755656108594,0.1072753097607773,1.0,3/3,12.32%,P19793;Q15596;P10276
prerank,"Nav1.6 voltage-gated sodium channel complex, SCN2B-SCN3B variant",0.8974377925597439,1.471026034260753,0.052083333333333336,0.10882268721067434,1.0,2/3,1.22%,Q9NY72;O60939
prerank,"DNA replication factor C complex, ATAD5 variant",0.7925864488962613,1.4708405693327382,0.08136482939632546,0.10885807250188174,1.0,4/5,14.95%,P35249;P35250;P40937;P40938
prerank,Mitochondrial electron transfer flavoprotein complex,0.8231299310895835,1.4703455503671017,0.07073509015256588,0.10911845865615064,1.0,1/4,1.92%,CHEBI:57692
prerank,"Mitochondrial succinyl-CoA synthetase complex, ATP-specific variant",0.8948509485094851,1.4698708900853508,0.033773861967694566,0.10936229283322986,1.0,1/3,0.54%,CHEBI:18420
prerank,"Sodium:potassium-exchanging ATPase complex, FXYD6 variant",0.8712737127371274,1.4694984081320015,0.05359877488514548,0.10956509612867614,1.0,2/3,6.26%,P05023;P05026
prerank,"Sodium:potassium-exchanging ATPase complex, FXYD4 variant",0.8712737127371274,1.4691013420574808,0.05192878338278932,0.10972529357475957,1.0,2/3,6.26%,P05023;P05026
prerank,"Nax cation channel complex, SCN2B-SCN3B variant",0.8974377925597439,1.468920389486288,0.041033434650455926,0.10974689672534325,1.0,2/3,1.22%,Q9NY72;O60939
prerank,"Nav1.1 voltage-gated sodium channel complex, SCN2B-SCN3B variant",0.8974377925597439,1.4676881293452182,0.03852080123266564,0.11075322173522982,1.0,2/3,1.22%,Q9NY72;O60939
prerank,Catalase complex,0.8861788617886179,1.4672628075444885,0.05333333333333334,0.11099299047931123,1.0,1/3,1.41%,CHEBI:30413
prerank,"Nav1.5 voltage-gated sodium channel complex, SCN1B-SCN4B variant",0.8977087952697709,1.4670404064511253,0.036656891495601175,0.11107363676179562,1.0,2/3,1.19%,Q07699;Q8IWT1
prerank,"Nav1.2 voltage-gated sodium channel complex, SCN1B-SCN4B variant",0.8977087952697709,1.4669400703281716,0.04239766081871345,0.11098019099687641,1.0,2/3,1.19%,Q07699;Q8IWT1
prerank,"Nav1.9 voltage-gated sodium channel complex, SCN1B-SCN4B variant",0.8977087952697709,1.466633854089057,0.03987730061349693,0.11111271154823968,1.0,2/3,1.19%,Q07699;Q8IWT1
prerank,SRCAP chromatin remodeling complex,0.7316651860625801,1.4665933356332128,0.09269988412514485,0.1109830673695724,1.0,3/9,6.44%,O96019;Q9Y230;Q9Y265
prerank,Translocon-associated protein complex,-0.6267281105990783,-1.4662622919929953,0.06498194945848375,0.10918249128005451,1.0,4/4,37.42%,P43307;P43308;P51571;Q9UNL2
prerank,CMG helicase complex,-0.705420054200542,-1.4659952952853292,0.08695652173913043,0.10799956491804087,1.0,3/3,29.54%,CPX-2940;CPX-787;O75419
prerank,"Nav1.6 voltage-gated sodium channel complex, SCN1B-SCN2B variant",0.8974377925597439,1.4659162840479851,0.05646359583952452,0.11141471554860331,1.0,2/3,1.22%,Q07699;O60939
prerank,VCP-NPL4-UFD1-FAF1 AAA ATPase complex,0.8361578224170648,1.4656131351595896,0.06340819022457067,0.11150802709128951,1.0,3/4,9.56%,P55072;Q8TAT6;Q92890
prerank,"DNA replication factor C complex, RAD17 variant",0.7925864488962613,1.46458024564912,0.08804204993429698,0.11236067744309589,1.0,4/5,14.95%,P35249;P35250;P40937;P40938
prerank,"Nav1.3 voltage-gated sodium channel complex, SCN1B-SCN2B variant",0.8974377925597439,1.4643511854174327,0.04985337243401759,0.11239377994638163,1.0,2/3,1.22%,Q07699;O60939
prerank,"Nav1.8 voltage-gated sodium channel complex, SCN1B-SCN4B variant",0.8977087952697709,1.463282082898838,0.04769001490312966,0.1131635965040811,1.0,2/3,1.19%,Q07699;Q8IWT1
prerank,"Histone-lysine N-methyltransferase complex, SET1B variant",0.7071169612066244,1.4629342764264646,0.08546059933407325,0.11333644405393192,1.0,6/11,13.13%,P61964;Q9UBL3;Q9C005;Q15291;P51610;Q9Y5Z7
prerank,"Nav1.4 voltage-gated sodium channel complex, SCN1B-SCN2B variant",0.8974377925597439,1.462625617895475,0.06569343065693431,0.11346588967909622,1.0,2/3,1.22%,Q07699;O60939
prerank,"Sodium:potassium-exchanging ATPase complex, FXYD3 variant",0.8712737127371274,1.4615037234332835,0.0471841704718417,0.11430468414909441,1.0,2/3,6.26%,P05023;P05026
prerank,MUS81-EME2 structure-specific endonuclease complex,0.8948509485094851,1.4613271278979152,0.05,0.11429546300727794,1.0,1/3,0.54%,CHEBI:18420
prerank,"Nav1.3 voltage-gated sodium channel complex, SCN2B-SCN3B variant",0.8974377925597439,1.4610898011384341,0.042105263157894736,0.11434609978496726,1.0,2/3,1.22%,Q9NY72;O60939
prerank,"Nav1.7 voltage-gated sodium channel complex, SCN1B-SCN2B variant",0.8974377925597439,1.4599158541774413,0.05232558139534884,0.1153935452905207,1.0,2/3,1.22%,Q07699;O60939
prerank,"ESCRT-I complex, VPS37C-MVB12B variant",0.8251558687991325,1.4599006747260381,0.06740027510316368,0.11524476314612792,1.0,4/4,17.57%,Q99816;Q9UK41;Q9H7P6-1;A5D8V6
prerank,"Sodium:potassium-exchanging ATPase complex, FXYD5 variant",0.8712737127371274,1.4598755242249426,0.06325301204819277,0.1151032042905266,1.0,2/3,6.26%,P05023;P05026
prerank,"Nav1.9 voltage-gated sodium channel complex, SCN2B-SCN3B variant",0.8974377925597439,1.4597052000969635,0.042488619119878605,0.11511333804679977,1.0,2/3,1.22%,Q9NY72;O60939
prerank,"Sodium:potassium-exchanging ATPase complex, FXYD7 variant",0.8712737127371274,1.4596473767484068,0.0631424375917768,0.1150232832070829,1.0,2/3,6.26%,P05023;P05026
prerank,"Nav1.7 voltage-gated sodium channel complex, SCN2B-SCN3B variant",0.8974377925597439,1.4586720381769047,0.041033434650455926,0.1157709481501734,1.0,2/3,1.22%,Q9NY72;O60939
prerank,"ESCRT-I complex, VPS37C-UBAP1 variant",0.8251558687991326,1.457804724729261,0.06224066390041494,0.11646575668589414,1.0,4/4,17.57%,Q99816;Q9UK41;Q9NZ09;A5D8V6
prerank,"ESCRT-I complex, VPS37C-MVB12A variant",0.8251558687991326,1.456994684322706,0.08253094910591471,0.11704537559734383,1.0,4/4,17.57%,Q99816;Q9UK41;Q96EY5;A5D8V6
prerank,"Nav1.5 voltage-gated sodium channel complex, SCN1B-SCN2B variant",0.8974377925597439,1.4569835770946242,0.04927536231884058,0.11689743985266415,1.0,2/3,1.22%,Q07699;O60939
prerank,Kinetochore SKA complex,-0.699728997289973,-1.456490412968006,0.09393939393939393,0.11167913569610013,1.0,3/3,30.11%,Q8IX90;Q8WVK7;Q96BD8
prerank,Hexasome complex,0.8134995933857414,1.4557368051907098,0.07310344827586207,0.11793175814135597,1.0,2/4,6.93%,P62805;P68431
prerank,"Nav1.8 voltage-gated sodium channel complex, SCN2B-SCN3B variant",0.8974377925597439,1.4555188534268095,0.03927492447129909,0.11799177959044005,1.0,2/3,1.22%,Q9NY72;O60939
prerank,"Nav1.5 voltage-gated sodium channel complex, SCN2B-SCN3B variant",0.8974377925597439,1.4550478135226674,0.03490136570561457,0.11832400867876791,1.0,2/3,1.22%,Q9NY72;O60939
prerank,"Mitochondrial calcium uniporter complex, MICU1 variant",0.8780487804878048,1.453890409322746,0.06637168141592921,0.11927320036549599,1.0,3/3,12.27%,Q8NE86;Q9BPX6;Q9H4I9
prerank,"Nav1.2 voltage-gated sodium channel complex, SCN1B-SCN2B variant",0.8974377925597439,1.453506212977355,0.056439942112879886,0.11953234223101464,1.0,2/3,1.22%,Q07699;O60939
prerank,AP-1 transcription factor complex FOS-JUN-NFATC2,0.878590785907859,1.4534908514227975,0.041791044776119404,0.11938724182573116,1.0,2/3,6.63%,P05412;P01100
prerank,"Nav1.4 voltage-gated sodium channel complex, SCN2B-SCN3B variant",0.8974377925597439,1.4520038947568639,0.05421686746987952,0.12070063037893018,1.0,2/3,1.22%,Q9NY72;O60939
prerank,"Nav1.8 voltage-gated sodium channel complex, SCN1B-SCN2B variant",0.8974377925597439,1.450270844869666,0.05192878338278932,0.1221640609116602,1.0,2/3,1.22%,Q07699;O60939
prerank,THUMPD2-TRM112 methyltransferase complex,0.878303841861948,1.449834124764407,0.04940119760479042,0.12243619530846024,1.0,2/3,6.34%,CHEBI:59789;Q9UI30
prerank,"AMPK complex, alpha1-beta2-gamma2 variant",0.8577235772357724,1.4498006590979422,0.07164179104477612,0.12230458673912835,1.0,3/3,14.30%,O43741;Q13131;Q9UGJ0
prerank,"Nav1.9 voltage-gated sodium channel complex, SCN1B-SCN2B variant",0.8974377925597439,1.449799503062086,0.048265460030165915,0.12213841202888497,1.0,2/3,1.22%,Q07699;O60939
prerank,"AMPK complex, alpha1-beta2-gamma3 variant",0.8696476964769648,1.449459862937793,0.0712166172106825,0.12229487964768691,1.0,3/3,13.11%,O43741;Q13131;Q9UGI9
prerank,Mitochondrial CCA tRNA nucleotidyltransferase 1 complex,0.7843664831191945,1.4488730212747525,0.0842911877394636,0.1227030197843064,1.0,3/5,11.37%,CHEBI:18420;Q7L0Y3;Q99714
prerank,"DNA replication factor C complex, RFC1 variant",0.7925864488962613,1.448509528020845,0.08267716535433071,0.12289805078486843,1.0,4/5,14.95%,P35249;P35250;P40937;P40938
prerank,Microprocessor complex,0.8861788617886179,1.4479571586802955,0.0578386605783866,0.12324472703691898,1.0,1/3,1.41%,CHEBI:30413
prerank,ALKBH8-TRM112 methyltransferase complex,0.8259992168910575,1.44690607222707,0.0796221322537112,0.12411078938915646,1.0,2/4,6.34%,CHEBI:59789;Q9UI30
prerank,"ESCRT-I complex, VPS37D-MVB12B variant",0.8248847926267281,1.4465681862625739,0.06030855539971949,0.12425859568623537,1.0,4/4,17.60%,Q99816;Q9UK41;Q9H7P6-1;Q86XT2
prerank,"Nav1.2 voltage-gated sodium channel complex, SCN2B-SCN3B variant",0.8974377925597439,1.4456762601840665,0.04484304932735426,0.12503529903721644,1.0,2/3,1.22%,Q9NY72;O60939
prerank,THUMPD3-TRM112 methyltransferase complex,0.878303841861948,1.4453375302478504,0.057750759878419454,0.1252225942522518,1.0,2/3,6.34%,CHEBI:59789;Q9UI30
prerank,"ESCRT-I complex, VPS37D-MVB12A variant",0.8248847926267281,1.445005230995533,0.0766016713091922,0.12540938666134074,1.0,4/4,17.60%,Q99816;Q9UK41;Q96EY5;Q86XT2
prerank,BUD23-TRM112 methyltransferase complex,0.878303841861948,1.4435143850086656,0.06398809523809523,0.1266720064068331,1.0,2/3,6.34%,CHEBI:59789;Q9UI30
prerank,"ESCRT-I complex, VPS37A-UBAP1 variant",0.825426944971537,1.4408272641516684,0.08089260808926081,0.12921586699510632,1.0,4/4,17.55%,Q99816;Q9UK41;Q9NZ09;Q8NEZ2
prerank,R2T co-chaperone complex,0.8693766937669377,1.440676719972713,0.0748502994011976,0.12916748164710948,1.0,2/3,6.44%,Q9Y230;Q9Y265
prerank,NLGN1(+SSA+SSB) - NRXN1-beta(-SS4) complex,0.8782879005260641,1.4401012581452945,0.07525325615050651,0.12937791280264307,1.0,1/3,0.43%,CHEBI:29108
prerank,NLGN1(-SSA-SSB) - NRXN1-beta(-SS4) complex,0.8782879005260641,1.4401012581452945,0.07525325615050651,0.12937791280264307,1.0,1/3,0.43%,CHEBI:29108
prerank,"ESCRT-I complex, VPS37D-UBAP1 variant",0.8248847926267282,1.4400976685644356,0.0676056338028169,0.12920726843817626,1.0,4/4,17.60%,Q99816;Q9UK41;Q9NZ09;Q86XT2
prerank,RNase H2 complex,-0.6921409214092141,-1.4374691631002456,0.08766233766233766,0.12097656921706997,1.0,3/3,30.87%,O75792;Q5TBB1;Q8TDP1
prerank,"ESCRT-I complex, VPS37B-MVB12B variant",0.8246137164543237,1.437377175309166,0.07181571815718157,0.13168526941549377,1.0,4/4,17.63%,Q99816;Q9UK41;Q9H7P6-1;Q9H9H4
prerank,METTL5-TRM112 methyltransferase complex,0.878303841861948,1.4373720581370009,0.05997001499250375,0.1315152650540711,1.0,2/3,6.34%,CHEBI:59789;Q9UI30
prerank,"AMPK complex, alpha2-beta2-gamma3 variant",0.8696476964769648,1.4365450729999103,0.08727810650887574,0.13226289628082272,1.0,3/3,13.11%,O43741;P54646;Q9UGI9
prerank,"AMPK complex, alpha1-beta1-gamma2 variant",0.8577235772357723,1.4346973447696292,0.06315789473684211,0.13400719732452634,1.0,3/3,14.30%,Q9Y478;Q13131;Q9UGJ0
prerank,INO80 chromatin remodeling complex,0.6652732463295268,1.4346518526008347,0.09862142099681867,0.13387689131953898,1.0,3/15,6.44%,O96019;Q9Y230;Q9Y265
prerank,Laminin-121 complex,0.8548974061169182,1.4333712308848963,0.08052708638360176,0.13510674447053364,1.0,2/3,5.04%,P11047;P55268
prerank,Hemoglobin HbA2 complex,0.8732384823848238,1.4332250224921537,0.05934718100890208,0.135078676922671,1.0,2/3,8.56%,CHEBI:30413;P69905
prerank,R2TP core co-chaperone complex,0.8110260233125508,1.4313814491648147,0.0930888575458392,0.13681652605008426,1.0,2/4,6.44%,Q9Y230;Q9Y265
prerank,"ESCRT-I complex, VPS37B-UBAP1 variant",0.8246137164543237,1.4310515452351997,0.06887052341597796,0.13698598711332308,1.0,4/4,17.63%,Q99816;Q9UK41;Q9NZ09;Q9H9H4
prerank,"ESCRT-I complex, VPS37A-MVB12B variant",0.825426944971537,1.430847373007696,0.0742296918767507,0.13704563137220532,1.0,4/4,17.55%,Q99816;Q9UK41;Q9H7P6-1;Q8NEZ2
prerank,N6AMT1-TRM112 methyltransferase complex,0.878303841861948,1.429613776850325,0.06567164179104477,0.13812511499120284,1.0,2/3,6.34%,CHEBI:59789;Q9UI30
prerank,"AMPK complex, alpha2-beta2-gamma2 variant",0.8577235772357723,1.4294284571006621,0.0852359208523592,0.13812856757329597,1.0,3/3,14.30%,O43741;P54646;Q9UGJ0
prerank,Mitochondrial ribonuclease P complex,0.7843664831191945,1.4291239310829165,0.09196891191709844,0.13823294264934766,1.0,3/5,11.37%,CHEBI:18420;Q7L0Y3;Q99714
prerank,"AMPK complex, alpha1-beta1-gamma3 variant",0.8696476964769647,1.4245745570330053,0.08062015503875969,0.14298982617763567,1.0,3/3,13.11%,Q9Y478;Q13131;Q9UGI9
prerank,KMN complex,-0.6978319783197832,-1.4242921023344453,0.08433734939759036,0.12721993010229687,1.0,3/3,30.30%,CPX-5643;CPX-5644;CPX-550
prerank,"ESCRT-I complex, VPS37B-MVB12A variant",0.8246137164543237,1.4240844325895603,0.08321964529331514,0.1433784011195785,1.0,4/4,17.63%,Q99816;Q9UK41;Q96EY5;Q9H9H4
prerank,Interleukin-17A receptor-ligand complex,0.8050962320412034,1.4207476783060364,0.10198300283286119,0.14677887381431892,1.0,4/4,19.58%,O43734;Q96F46;Q16552;Q8NAC3
prerank,Interleukin-17F receptor-ligand complex,0.8050962320412036,1.4191403076285158,0.09659863945578231,0.1484604042240456,1.0,4/4,19.58%,O43734;Q96F46;Q96PD4;Q8NAC3
prerank,TRMT11-TRM112 methyltransferase complex,0.878303841861948,1.4187930963995308,0.06144393241167435,0.1486636738894628,1.0,2/3,6.34%,CHEBI:59789;Q9UI30
prerank,Peroxisomal receptor export module complex,-0.7018970189701897,-1.4186815001577855,0.08955223880597014,0.12895928373715015,1.0,3/3,29.89%,O43933;Q13608;Q7Z412
prerank,"AMPK complex, alpha1-beta2-gamma1 variant",0.8479674796747969,1.4183240169742668,0.08540372670807453,0.14902219677475045,1.0,3/3,15.27%,O43741;Q13131;P54619
prerank,"AMPK complex, alpha2-beta1-gamma3 variant",0.8696476964769648,1.4153069699493808,0.09076923076923077,0.15209131183209526,1.0,3/3,13.11%,Q9Y478;P54646;Q9UGI9
prerank,"AMPK complex, alpha2-beta2-gamma1 variant",0.8479674796747968,1.4140539754528185,0.08748114630467571,0.15328635895061204,1.0,3/3,15.27%,O43741;P54646;P54619
prerank,"AMPK complex, alpha2-beta1-gamma2 variant",0.8577235772357723,1.4114287407925379,0.07926829268292683,0.15598416057691575,1.0,3/3,14.30%,Q9Y478;P54646;Q9UGJ0
prerank,"ESCRT-I complex, VPS37A-MVB12A variant",0.825426944971537,1.411426234601113,0.08438818565400844,0.1557873748206978,1.0,4/4,17.55%,Q99816;Q9UK41;Q96EY5;Q8NEZ2
prerank,"Exocyst, EXOC6B variant",0.6926277702397104,1.409315140723533,0.10710259301014656,0.1579016837552689,1.0,7/8,24.21%,O00471;O60645;Q8IYI6;Q96A65;Q96KP1;Q9NV70;Q9UPT5
prerank,Mitochondrial 2-oxoisovalerate dehydrogenase complex,0.7068069241944235,1.4072966999985073,0.11218335343787696,0.15999792493394605,1.0,4/7,19.71%,CHEBI:57692;CHEBI:58937;P09622;CHEBI:83088
prerank,PDGF receptor alpha-beta - PDGF-CC complex,0.8571815718157183,1.4061761799042058,0.08928571428571429,0.16100497550393492,1.0,3/3,14.35%,P09619;P16234;Q9NRA1
prerank,tRNA-splicing ligase complex,0.7050746268656716,1.40560872051324,0.11868390129259694,0.16146823634200005,1.0,1/8,1.52%,CHEBI:29035
prerank,Laminin-522 complex,0.8433604336043361,1.4039781585486486,0.08944281524926687,0.1631165931618599,1.0,3/3,15.73%,P55268;O15230;Q13753
prerank,"sTNF-TNR1A receptor-ligand core complex, BIRC3 variant",0.7232211349561248,1.4027949542845863,0.13205282112845138,0.16426014081923945,1.0,6/7,20.90%,Q12933;Q13546;O00463;P19438-PRO_0000034543;Q15628;Q13489
prerank,"AMPK complex, alpha1-beta1-gamma1 variant",0.8479674796747967,1.401509635734092,0.07606973058637084,0.16553710778180147,1.0,3/3,15.27%,Q9Y478;Q13131;P54619
prerank,"Exocyst, EXOC6 variant",0.6926277702397104,1.399103802448567,0.11379310344827587,0.16812245575443902,1.0,7/8,24.21%,O00471;O60645;Q8IYI6;Q96A65;Q96KP1;Q9NV70;Q9UPT5
prerank,"Nuclear meiotic cohesin complex, RAD21 variant",0.785849823800488,1.3988581314852413,0.12780898876404495,0.16819537100405685,1.0,4/4,21.50%,Q9UQE7;Q8NDV3;Q9UJ98;O60216
prerank,"Mitochondrial calcium uniporter complex, MICU1-MICU3 variant",0.8010926454949225,1.3967622234354526,0.11891891891891893,0.17045536697802344,1.0,3/4,12.27%,Q8NE86;Q9BPX6;Q9H4I9
prerank,Interleukin-36G receptor ligand complex,0.8330463892874223,1.3962775251988657,0.11465892597968069,0.17078239744778018,1.0,2/3,10.86%,Q9NPH3;Q9HB29
prerank,"miRNA RISC complex, TNRC6A variant",0.7283914566994828,1.3954360933279142,0.14795918367346939,0.1714496325782853,1.0,4/5,19.55%,Q9UKV8;Q9UL18;Q9H9G7;Q9HCK5
prerank,"AMPK complex, alpha2-beta1-gamma1 variant",0.8479674796747968,1.3923867305610593,0.09384615384615384,0.17464403612422089,1.0,3/3,15.27%,Q9Y478;P54646;P54619
prerank,"sTNF-TNR1A receptor-ligand core complex, BIRC2 variant",0.7150822309951915,1.3911924784106147,0.13706793802145412,0.1756898939360767,1.0,6/7,21.72%,Q12933;Q13546;O00463;P19438-PRO_0000034543;Q15628;Q13490
prerank,ALYREF-binding exon junction complex,0.7560814998450573,1.3903965179016724,0.14157014157014158,0.17635457745501334,1.0,3/5,6.61%,Q9Y5S9;P38919;P61326
prerank,Interleukin-36A receptor ligand complex,0.8330463892874223,1.3895015895709693,0.10741301059001512,0.17718490920492957,1.0,2/3,10.86%,Q9NPH3;Q9HB29
prerank,Laminin-511 complex,0.8544715447154472,1.3887484265722254,0.09649122807017543,0.17784911688046473,1.0,3/3,14.62%,P11047;P07942;O15230
prerank,Pyruvate dehydrogenase E1 heterotetramer,0.787095308916941,1.3882457737486815,0.14168937329700274,0.17818864856009323,1.0,3/4,15.95%,CHEBI:18420;CHEBI:58937;P11177
prerank,Laminin-521 complex,0.8544715447154472,1.3876233230249069,0.09715994020926756,0.1786508038761485,1.0,3/3,14.62%,P11047;P55268;O15230
prerank,Hemoglobin HbF Variant 1 complex,0.8449864498644987,1.3861581298904098,0.07871720116618076,0.1800321037223635,1.0,3/3,15.57%,CHEBI:30413;P69905;P69891
prerank,"mTNF-TNR1B receptor-ligand core complex, BIRC3 variant",0.7888316616969369,1.3859898527130408,0.12059620596205962,0.18000117953678207,1.0,4/4,21.20%,Q12933;CPX-8931;Q13489;P20333-PRO_0000034548
prerank,Hemoglobin E complex,0.8349051490514905,1.385024833834869,0.10818713450292397,0.18084527426261274,1.0,2/3,8.56%,CHEBI:30413;P69905
prerank,General transcription factor complex TFIID,0.6580592552324,1.3849915436888194,0.11802575107296137,0.18065983209588166,1.0,14/14,34.44%,Q12962;Q16514;Q16594;P20226;Q15545;P49848;Q15542;Q6P1X5;P21675;Q15543;Q15544;Q5VWG9;O00268;Q7Z7C8
prerank,2-(3-amino-3-carboxypropyl)histidine synthase complex,0.821641502129307,1.384929689850655,0.11818181818181818,0.1805101327504026,1.0,1/3,3.57%,CHEBI:49883
prerank,"Radial spoke complex, ciliiar variant",0.6440718748787209,1.383653303970944,0.14036996735582155,0.1816659943732942,1.0,11/12,32.93%,Q96FJ2;Q6P9G0;Q86UC2;Q8IYR0;Q8WWB3;Q8WYR4;Q96C74;Q9H1X1;Q9UHP6;P56597;P59910
prerank,"GABA-A receptor, alpha5-beta3-gamma3",0.8300271002710027,1.3835498643792474,0.09818731117824774,0.18156131138913476,1.0,2/3,9.04%,P28472;P31644
prerank,Laminin-523 complex,0.8447154471544716,1.3826089349823474,0.09818731117824774,0.18235998728514857,1.0,3/3,15.60%,P55268;O15230;Q9Y6N6
prerank,UFM1 ribosome E3 ligase complex,-0.6636856368563686,-1.3825851380624545,0.12140575079872204,0.1488894354082076,1.0,3/3,33.71%,O94874;Q96HY6;Q96JB5
prerank,"GABA-A receptor, alpha3-beta3-gamma3",0.8469251615593079,1.379804171538092,0.08497723823975721,0.18537268252790587,1.0,2/3,7.66%,P28472;P34903
prerank,Hemoglobin Portland-1 Variant 1 complex,0.8449864498644987,1.3795852279607508,0.09730538922155689,0.185417726647972,1.0,3/3,15.57%,CHEBI:30413;P02008;P69891
prerank,Laminin-311 complex variant B,0.8390243902439025,1.3792022994528448,0.1338235294117647,0.18564077740617774,1.0,2/3,6.15%,P11047;P07942
prerank,Laminin-111 complex,0.8390243902439025,1.3783447375237545,0.11436950146627566,0.1864669088456855,1.0,2/3,6.15%,P11047;P07942
prerank,"Soluble guanylate cyclase complex, SGCalpha2-SGCbeta1 variant",0.843321718931475,1.3746447698139186,0.10766961651917405,0.19052865475776165,1.0,1/3,1.41%,CHEBI:30413
prerank,AHNAK - Annexin A2 - S100-A10 complex,0.7909788703257195,1.3735881846738134,0.1262135922330097,0.19159694115303305,1.0,3/4,18.33%,CHEBI:29108;P07355;P60903
prerank,"Box C/D snoRNA-guided RNP methyltransferase complex, FBL variant",0.7179278546243558,1.3734090692638117,0.12309644670050761,0.19155826097405332,1.0,6/6,28.32%,P55769;CHEBI:67040;O00567;Q9Y2X3;P22087;CHEBI:133335
prerank,"Soluble guanylate cyclase complex, SGCalpha1-SGCbeta1 variant",0.843321718931475,1.3730569896623561,0.10225563909774436,0.19172846668198568,1.0,1/3,1.41%,CHEBI:30413
prerank,"mTNF-TNR1B receptor-ligand core complex, BIRC2 variant",0.7836812144212524,1.3719473904996444,0.12365591397849462,0.1928018929470181,1.0,4/4,21.72%,Q12933;CPX-8931;P20333-PRO_0000034548;Q13490
prerank,"miRNA RISC complex, TNRC6C variant",0.7283914566994828,1.3704902887668131,0.1590909090909091,0.19432997230595403,1.0,4/5,19.55%,Q9UKV8;Q9UL18;Q9H9G7;Q9HCK5
prerank,"miRNA RISC complex, TNRC6B variant",0.7283914566994828,1.3683732015348704,0.1583652618135377,0.19661250162866117,1.0,4/5,19.55%,Q9UKV8;Q9UL18;Q9H9G7;Q9HCK5
prerank,Interleukin-36B receptor ligand complex,0.8330463892874223,1.3647662592148149,0.12987012987012986,0.2005831360134045,1.0,2/3,10.86%,Q9NPH3;Q9HB29
prerank,"Neuronal nicotinic acetylcholine receptor complex, alpha4-alpha5-beta2",0.8043360433604336,1.3646712438735311,0.13532763532763534,0.2004660358187617,1.0,3/3,19.63%,P17787-PRO_0000000379;P43681-PRO_0000000351;P30532-PRO_0000000356
prerank,"DNA replication factor C complex, CHTF18 variant",0.6934346174715138,1.3612514776360034,0.14545454545454545,0.20433959715712033,1.0,4/7,14.95%,P35249;P35250;P40937;P40938
prerank,NLRP3 inflammasome,0.8185760039418577,1.3608712953543334,0.13556851311953352,0.20457217904584826,1.0,2/3,9.10%,Q9ULZ3;P29466
prerank,Hemoglobin HbF Variant 2 complex,0.8349051490514905,1.3603829618015033,0.11482558139534883,0.20497048711694896,1.0,2/3,8.56%,CHEBI:30413;P69905
prerank,"FTS-Hook-FHIP cargo adaptor complex, FHIP2B-HOOK1/2/3 variant",0.7359002169197397,1.3594326295209667,0.15620998719590268,0.20592146213969312,1.0,5/5,26.51%,Q9H8T0;Q86VS8;Q9UJC3;Q8N612;Q96ED9
prerank,Mitochondrial 3-oxoacyl-[acyl-carrier-protein] reductase,-0.5782054757386825,-1.3581141778549415,0.13405797101449277,0.16360752000293047,1.0,4/4,42.27%,CHEBI:57540;CHEBI:58349;Q8N4T8;Q92506
prerank,MORF1 histone acetyltransferase complex,0.7711715510576991,1.3569532467787342,0.13545816733067728,0.20890412869457436,1.0,2/4,4.41%,Q9HAF1;Q8WYH8
prerank,NLRP1 inflammasome,0.8185760039418577,1.35564443007468,0.13636363636363635,0.2103450485620805,1.0,2/3,9.10%,Q9ULZ3;P29466
prerank,MOZ1 histone acetyltransferase complex,0.7711715510576991,1.351826800946788,0.13854595336076816,0.21498184129105696,1.0,2/4,4.41%,Q9HAF1;Q8WYH8
prerank,AIM2 inflammasome,0.8185760039418577,1.3517211734212504,0.1287988422575977,0.21485729835530457,1.0,2/3,9.10%,Q9ULZ3;P29466
prerank,MORF3 histone acetyltransferase complex,0.7711715510576991,1.349260571749301,0.13008130081300814,0.21760788493487945,1.0,2/4,4.41%,Q9HAF1;Q8WYH8
prerank,Hemoglobin HbA complex,0.8176151761517616,1.349249342506725,0.13142857142857142,0.21735568114333784,1.0,3/3,18.30%,CHEBI:30413;P69905;P68871
prerank,Pyrin inflammasome,0.8185760039418577,1.348177499271725,0.13725490196078433,0.21841265077635674,1.0,2/3,9.10%,Q9ULZ3;P29466
prerank,MOZ2 histone acetyltransferase complex,0.7711715510576991,1.3481260881439028,0.16049382716049382,0.21821935672484474,1.0,2/4,4.41%,Q9HAF1;Q8WYH8
prerank,Laminin-221 complex,0.8137718649913772,1.3481054762501166,0.14390602055800295,0.2179791687740398,1.0,2/3,5.04%,P11047;P55268
prerank,Laminin-421 complex,0.8137718649913772,1.3478938550490192,0.13656387665198239,0.21801599466063948,1.0,2/3,5.04%,P11047;P55268
prerank,MOZ3 histone acetyltransferase complex,0.7711715510576991,1.3473622247473422,0.12863070539419086,0.21838050843358264,1.0,2/4,4.41%,Q9HAF1;Q8WYH8
prerank,NUBP1-NUBP2 iron-sulfur cluster assembly scaffold complex,0.821641502129307,1.346706155554475,0.12058823529411765,0.2188635939831378,1.0,1/3,3.57%,CHEBI:49883
prerank,Laminin-321 complex,0.8137718649913772,1.3449995183707657,0.13423831070889894,0.2206564141383305,1.0,2/3,5.04%,P11047;P55268
prerank,CL-LK-MASP1 lectin-protease complex,0.7679587964217944,1.3449548529771618,0.152832674571805,0.22045299031568708,1.0,4/4,23.29%,P48740-PRO_0000027594;P48740-PRO_0000027593;Q9BWP8;Q9Y6Z7
prerank,R2SP co-chaperone complex,0.7595554350772566,1.3448085005862278,0.1701534170153417,0.2203587891631068,1.0,2/4,6.44%,Q9Y230;Q9Y265
prerank,MORF2 histone acetyltransferase complex,0.7711715510576991,1.344803899928729,0.15167785234899328,0.2200960376114581,1.0,2/4,4.41%,Q9HAF1;Q8WYH8
prerank,"RAG guanosine triphosphatase complex, RAGA-RAGC variant",0.7462727026294389,1.3443417239821172,0.1541501976284585,0.220401204146261,1.0,4/4,25.45%,CHEBI:37565;CHEBI:58189;Q7L523;Q9HB90
prerank,DNA polymerase alpha:primase complex,0.7144793926247288,1.3439914977442624,0.1649746192893401,0.2205021294725572,1.0,1/5,3.57%,CHEBI:49883
prerank,Hemoglobin Portland-2 complex,0.8176151761517615,1.3427578661622466,0.1487481590574374,0.22167472331606253,1.0,3/3,18.30%,CHEBI:30413;P02008;P68871
prerank,R2SD co-chaperone complex,0.7595554350772566,1.3425783270529477,0.16596931659693165,0.22163512966480597,1.0,2/4,6.44%,Q9Y230;Q9Y265
prerank,"General transcription factor complex TFIID, TAF4B variant",0.6365108464950581,1.339714588037863,0.15276273022751896,0.22467093629121082,1.0,13/14,34.44%,Q12962;Q16514;Q16594;P20226;Q15545;P49848;Q15542;Q6P1X5;P21675;Q15543;Q15544;Q5VWG9;Q7Z7C8
prerank,"Neuronal nicotinic acetylcholine receptor complex, alpha3-alpha5-beta2",0.8043360433604336,1.3375744091107145,0.14697406340057637,0.2268529182040174,1.0,3/3,19.63%,P17787-PRO_0000000379;P32297-PRO_0000000346;P30532-PRO_0000000356
prerank,Apoptosome,0.7061676159479251,1.3374449054291309,0.15847665847665848,0.2267592802580634,1.0,1/6,1.41%,CHEBI:30413
prerank,Interleukin-6-mIL6R-mIL6ST receptor-ligand classical signalling complex,0.7947277654594728,1.3366817797994912,0.13798219584569732,0.22736072179903366,1.0,2/3,11.48%,P40189;P05231
prerank,Ribonuclease MRP complex,0.6527325370973578,1.3355493094824837,0.16800920598388952,0.22845585188324302,1.0,8/9,23.77%,O75817;O75818;O95707;P78345;P78346;Q969H6;Q99575;Q9BUL9
prerank,"ERF1-ERF3 translation release factor complex, GSPT2 variant",0.8124661246612466,1.332741163451652,0.14006024096385541,0.23158741186515447,1.0,1/3,2.11%,CHEBI:37565
prerank,CoQ biosynthetic complex,0.6766562444693528,1.33155310651026,0.15752625437572929,0.2327604103043481,1.0,1/8,1.92%,CHEBI:57692
prerank,"ERF1-ERF3 translation release factor complex, GSPT1 variant",0.8124661246612466,1.3312043872968111,0.13435114503816795,0.23292800142331455,1.0,1/3,2.11%,CHEBI:37565
prerank,"TRAPP III complex, TRAPPC2 variant",0.6269345642139559,1.330068915473953,0.1598224195338513,0.2340402886525066,1.0,10/10,37.48%,Q9Y5R8;O43617;Q8IUR0;Q9UL33;Q9Y296;Q8WVT3;Q9Y2L5;Q7Z392;P0DI81;O75865
prerank,Glycoprotein Ib-IX-V-Filamin-A complex,0.7258676789587852,1.3294211159477556,0.17060367454068243,0.23448310618223211,1.0,5/5,27.51%,P07359;P13224;P14770;P40197;P21333
prerank,"Interferon lambda receptor-ligand complex, IFNL1 variant",0.7871273712737126,1.3284049405068092,0.16228748068006182,0.23545686429198012,1.0,2/3,13.00%,Q08334;Q8IU57
prerank,"Interferon lambda receptor-ligand complex, IFNL2 variant",0.7871273712737126,1.3272763112790587,0.14548238897396631,0.2365824105878507,1.0,2/3,13.00%,Q08334;Q8IU57
prerank,NLRC4 inflammasome,0.7427938917502483,1.325652143894289,0.18218085106382978,0.23822741531424807,1.0,2/4,9.10%,Q9ULZ3;P29466
prerank,"Neuronal nicotinic acetylcholine receptor complex, alpha3-alpha5-beta4",0.8043360433604335,1.3249839428865795,0.16395864106351551,0.23878247837863245,1.0,3/3,19.63%,P32297-PRO_0000000346;P30926-PRO_0000000389;P30532-PRO_0000000356
prerank,"Neuronal nicotinic acetylcholine receptor complex, alpha3-alpha6-beta2-beta3",0.7454594741122256,1.3244321676317616,0.1877496671105193,0.23911956561133144,1.0,2/4,7.85%,P17787-PRO_0000000379;P32297-PRO_0000000346
prerank,"TRAPP III complex, TRAPPC2B variant",0.626934564213956,1.3240933019491803,0.16481069042316257,0.2392652412267249,1.0,10/10,37.48%,Q9Y5R8;O43617;Q8IUR0;Q9UL33;Q9Y296;Q8WVT3;Q9Y2L5;Q7Z392;P0DI82;O75865
prerank,"Nuclear meiotic cohesin complex, REC8 variant",0.7401960784313726,1.3236635350875294,0.18232044198895028,0.23949360732618546,1.0,3/4,17.71%,Q9UQE7;Q8NDV3;Q9UJ98
prerank,CL-LK-MASP2 lectin-protease complex,0.7679587964217944,1.3231772716859376,0.149519890260631,0.2397814956937536,1.0,4/4,23.29%,O00187-PRO_0000027599;O00187-PRO_0000027600;Q9BWP8;Q9Y6Z7
prerank,"Phosphatidylinositol 3-kinase complex, class III, UVRAG variant",0.7213882863340563,1.3208873736261215,0.1827814569536424,0.2422596205705015,1.0,4/5,23.94%,CHEBI:29035;Q14457;Q8NEB9;Q99570
prerank,"Ubiquitous AP-1 Adaptor complex, sigma1a variant",0.7476280834914611,1.3203054254128395,0.17305151915455746,0.2426263550046532,1.0,4/4,25.32%,O43747;Q10567;Q9BXS5;P61966
prerank,Oligosaccharyltransferase complex A,0.6486738017682643,1.3191468481704376,0.17927823050058206,0.24371466340945,1.0,6/9,20.96%,P04843;P04844;P0C6T2;P61165;P61803;P39656
prerank,Annexin A2 - S100-A10 complex,0.8173441734417344,1.31777983127505,0.17069486404833836,0.2450793978845404,1.0,3/3,18.33%,CHEBI:29108;P07355;P60903
prerank,"Radial spoke complex, flagellar variant",0.6169987922705314,1.3166657724444604,0.183585313174946,0.2461154165128031,1.0,11/13,32.93%,Q96FJ2;Q6P9G0;Q86UC2;Q8IYR0;Q8WWB3;Q8WYR4;Q96C74;Q9H1X1;Q9UHP6;P56597;P59910
prerank,"Ubiquitous AP-3 Adaptor complex, sigma3b variant",0.7370561127676878,1.3152043314227895,0.18857901726427623,0.24765453283723407,1.0,4/4,26.37%,O14617;O00203;Q9Y2T2;P59780
prerank,"Nuclear meiotic cohesin complex, RAD21L1 variant",0.7401960784313726,1.314864994212187,0.18862690707350901,0.2477916359641127,1.0,3/4,17.71%,Q9UQE7;Q8NDV3;Q9UJ98
prerank,"TREX transcription-export complex, DX39B variant",0.6063572906107582,1.3146716587325251,0.15762004175365343,0.24771592257540734,1.0,15/16,36.58%,Q86V81;Q53F19;P82979;P84090;Q13769;Q6I9Y2;Q86W42;Q8NI27;Q96FV9;Q96J01;Q96QD9;Q9BY77;Q9P127;Q9Y3Y2;O75152
prerank,"Little elongation complex, ELL2 variant",0.7416915153158039,1.3133195036620509,0.18995929443690637,0.24906672765555035,1.0,3/4,15.89%,Q659A1;Q8N5P1;Q9Y2F5
prerank,Interleukin-1 beta ligand-soluble receptor type 1 complex,0.7978319783197831,1.3126541859646752,0.15203761755485892,0.24962715528278773,1.0,3/3,20.28%,Q9NPH3;P01584-PRO_0000015302;P14778-PRO_0000415344
prerank,"TRAPP II complex, TRAPPC2 variant",0.6274775997827857,1.3106402517445397,0.1739618406285073,0.2517858131055624,1.0,10/10,37.42%,Q9Y5R8;O43617;Q8IUR0;Q9UL33;Q9Y296;A5PLN9;P0DI81;P48553;Q86SZ2;Q96Q05
prerank,"Interferon lambda receptor-ligand complex, IFNL3 variant",0.7871273712737126,1.3103589226825183,0.1573373676248109,0.25181301711674975,1.0,2/3,13.00%,Q08334;Q8IU57
prerank,"FTS-Hook-FHIP cargo adaptor complex, FHIP1B-HOOK1/3 variant",0.7359718080780698,1.3098153412968454,0.20080862533692723,0.2521782008898645,1.0,4/4,26.48%,Q9H8T0;Q86VS8;Q9UJC3;Q8N612
prerank,"Phosphatidylinositol 3-kinase complex, class III, ATG14 variant",0.7213882863340563,1.3095978737804677,0.18205461638491546,0.25213313990645597,1.0,4/5,23.94%,CHEBI:29035;Q14457;Q8NEB9;Q99570
prerank,"TREX transcription-export complex, DX39A variant",0.6063572906107582,1.3087916117765281,0.16369359916054566,0.25275287777336297,1.0,15/16,36.58%,Q86V81;Q53F19;P82979;P84090;Q13769;Q6I9Y2;Q86W42;Q8NI27;Q96FV9;Q96J01;Q96QD9;Q9BY77;Q9P127;Q9Y3Y2;O75152
prerank,Collagen type XI trimer variant 3,0.778319783197832,1.3086509630754406,0.1816860465116279,0.2526174266058338,1.0,3/3,22.23%,P05997;P20908;P12107
prerank,Interleukin-19 receptor-ligand complex,0.7799457994579946,1.3044184523272766,0.15915915915915915,0.2574483689140039,1.0,2/3,12.05%,Q6UXL0;Q9UHF4
prerank,Precursor interleukin-1 alpha-soluble receptor type 1 complex,0.7934959349593496,1.3043044733692288,0.1691842900302115,0.2573120566440246,1.0,3/3,20.71%,Q9NPH3;P14778-PRO_0000415344;P01583
prerank,"Scribble cell polarity complex, DLG2-LLGL1-SCRIB variant",0.7853339709867687,1.3041176278442486,0.1875,0.25722221804541257,1.0,2/3,9.75%,Q14160;Q15334
prerank,Laminin-211 complex,0.7961672473867595,1.3029937374640794,0.1698389458272328,0.2582420047631547,1.0,2/3,6.15%,P11047;P07942
prerank,Laminin-411 complex,0.7961672473867595,1.3024258732762135,0.1741654571843251,0.25862723122054104,1.0,2/3,6.15%,P11047;P07942
prerank,"TRAPP II complex, TRAPPC2B variant",0.6272060819983708,1.3000068207548625,0.19004524886877827,0.261179361902343,1.0,10/10,37.45%,Q9Y5R8;O43617;Q8IUR0;Q9UL33;Q9Y296;A5PLN9;P48553;Q86SZ2;Q96Q05;P0DI82
prerank,"Mitochondrial calcium uniporter complex, MICU1-MICU2 variant",0.7351585795608566,1.2990615447741336,0.20600272851296045,0.2619614060790817,1.0,3/4,12.27%,Q8NE86;Q9BPX6;Q9H4I9
prerank,"Scribble cell polarity complex, DLG4-LLGL1-SCRIB variant",0.7853339709867687,1.297268839522588,0.18397626112759644,0.2638808228567038,1.0,2/3,9.75%,Q14160;Q15334
prerank,"Scribble cell polarity complex, DLG5-LLGL1-SCRIB variant",0.7853339709867687,1.2965815527789413,0.168141592920354,0.2643857176729772,1.0,2/3,9.75%,Q14160;Q15334
prerank,"Interferon lambda receptor-ligand complex, IFNL4 variant",0.7871273712737126,1.295931695825724,0.1614420062695925,0.26484228411892524,1.0,2/3,13.00%,Q08334;Q8IU57
prerank,"Ubiquitous AP-3 Adaptor complex, sigma3a variant",0.7373271889400921,1.293775126471643,0.18375499334221038,0.26699727054798106,1.0,4/4,26.35%,O14617;O00203;Q92572;Q9Y2T2
prerank,Laminin-311 complex variant A,0.7961672473867595,1.2932010283852349,0.2033132530120482,0.26736538859331904,1.0,2/3,6.15%,P11047;P07942
prerank,"Little elongation complex, ELL3 variant",0.7416915153158039,1.2921341042427115,0.1981382978723404,0.2682748284899943,1.0,3/4,15.89%,Q659A1;Q8N5P1;Q9Y2F5
prerank,"COPI vesicle coat complex, COPG1-COPZ1 variant",0.6668475311991318,1.2917684621197791,0.1835518474374255,0.26843206950109805,1.0,7/7,33.44%,P35606;P48444;P53618;P53621;O14579;P61923;Q9Y678
prerank,"Short transient receptor potential channel complex,TRPC1-TRPC4-TRPC5 variant",0.7747967479674795,1.291430262487489,0.1656441717791411,0.2685075402842216,1.0,3/3,22.58%,Q9UBN4;Q9UL62;P48995
prerank,"Little elongation complex, ELL variant",0.7416915153158039,1.2911061415573146,0.19302949061662197,0.2685828410881039,1.0,3/4,15.89%,Q659A1;Q8N5P1;Q9Y2F5
prerank,"Neuronal AP-3 Adaptor complex, sigma3b variant",0.7365139604228788,1.2906611374639292,0.21199442119944212,0.26878601696688253,1.0,4/4,26.43%,O14617;P59780;P53677;Q13367
prerank,"Oligosaccharyltransferase complex B, TUCS3 variant",0.6487303741035082,1.2902835427390797,0.1956521739130435,0.2688965928202024,1.0,6/8,20.96%,P04843;P04844;P0C6T2;P61165;P61803;P39656
prerank,Interleukin-20 receptor-ligand Type 1 complex,0.7799457994579946,1.288856665486189,0.16468842729970326,0.2703160869307903,1.0,2/3,12.05%,Q6UXL0;Q9UHF4
prerank,"Neuronal AP-3 Adaptor complex, sigma3a variant",0.736513960422879,1.288576936749016,0.19726027397260273,0.27035471774917497,1.0,4/4,26.43%,O14617;Q92572;P53677;Q13367
prerank,PDGF receptor alpha-beta - PDGF-DD complex,0.7862787048923121,1.2878456952675266,0.18208955223880596,0.27094015347069944,1.0,2/3,5.63%,P09619;P16234
prerank,"Oligosaccharyltransferase complex B, MAGT1 variant",0.6487303741035082,1.287668465738631,0.20481927710843373,0.27084108760341974,1.0,6/8,20.96%,P04843;P04844;P0C6T2;P61165;P61803;P39656
prerank,Laminin-423 complex,0.778590785907859,1.2868409481365708,0.17708333333333334,0.27152177071036976,1.0,3/3,22.20%,P55268;Q9Y6N6;Q16363
prerank,"Scribble cell polarity complex, DLG3-LLGL1-SCRIB variant",0.7853339709867687,1.2861707996890384,0.18479880774962743,0.2719659710925851,1.0,2/3,9.75%,Q14160;Q15334
prerank,"Scribble cell polarity complex, DLG1-LLGL1-SCRIB variant",0.7853339709867687,1.2840970789159802,0.19444444444444445,0.27404936177033873,1.0,2/3,9.75%,Q14160;Q15334
prerank,Precursor interleukin-1 alpha-membrane-bound receptor type 1 complex,0.7831978319783197,1.2836191461264093,0.1791044776119403,0.27430438695901044,1.0,3/3,21.74%,Q9NPH3;P01583;P14778-PRO_0000015435
prerank,"Scribble cell polarity complex, DLG4-LLGL2-SCRIB variant",0.7845209628566874,1.2826372415309342,0.18787878787878787,0.27514156993112754,1.0,2/3,9.83%,Q14160;Q6P1M3
prerank,Interleukin-1 beta ligand-membrane bound receptor type 1 complex,0.7831978319783197,1.282184984790565,0.20461538461538462,0.2753771349034847,1.0,3/3,21.74%,Q9NPH3;P01584-PRO_0000015302;P14778-PRO_0000015435
prerank,eIF4E-CYFIP1-FMRP translational repressor complex,0.7685636856368564,1.280905864438646,0.17638266068759342,0.2765549656485135,1.0,2/3,13.19%,P06730;Q06787
prerank,"Scribble cell polarity complex, DLG5-LLGL2-SCRIB variant",0.7845209628566874,1.2808094333269917,0.16516516516516516,0.27636370690886564,1.0,2/3,9.83%,Q14160;Q6P1M3
prerank,"Scribble cell polarity complex, DLG2-LLGL2-SCRIB variant",0.7845209628566874,1.2807380161270079,0.1948249619482496,0.2761416958219903,1.0,2/3,9.83%,Q14160;Q6P1M3
prerank,iNOS-S100A8/A9 complex,0.7837398373983739,1.2791155368216045,0.17457886676875958,0.27782792931616246,1.0,2/3,10.56%,P05109;P06702
prerank,ISCA1-ISCA2 mitochondrial iron-sulfur protein assembly complex,0.7644986449864499,1.2782772408153174,0.20208023774145617,0.27859074941047035,1.0,1/3,3.57%,CHEBI:49883
prerank,"Septin complex, hexamer variant, SEPT2-SEPT6-SEPT-7",0.7750677506775068,1.2781424434457447,0.19738751814223512,0.27844672364473777,1.0,3/3,22.56%,Q14141;Q15019;Q16181
prerank,METTL1-WDR4 tRNA (guanine-N(7)-)-methyltransferase complex,0.7753633899975364,1.2781392265973026,0.19631901840490798,0.27814242515138754,1.0,1/3,4.31%,CHEBI:59789
prerank,B-WICH chromatin remodelling complex,0.6296041092458031,1.2780927781126026,0.21850613154960982,0.2778967614441319,1.0,2/9,6.31%,O75533;O60264
prerank,Nucleolar ribonuclease P complex,0.6058206352382858,1.2774633981925954,0.21516164994425863,0.2783410612269832,1.0,8/11,23.77%,O75817;O75818;O95707;P78345;P78346;Q969H6;Q99575;Q9BUL9
prerank,PCAF-containing ATAC complex,0.62937822427369,1.276992060020077,0.21564245810055865,0.27859204244152697,1.0,10/10,37.23%,P61964;O75528;Q96ES7;O75478;Q92831;Q01658;Q8IYH5;Q9H8E8;Q9NS73;Q9ULM3
prerank,"CARD-BCL10-MALT1 complex, CARD11 variant",0.7747967479674795,1.2767031238412287,0.17933130699088146,0.27863287525193414,1.0,2/3,11.45%,O95999;Q9UDY8
prerank,GCN5-containing ATAC complex,0.62937822427369,1.2761585463476501,0.21899441340782122,0.27895411739105436,1.0,10/10,37.23%,P61964;O75528;Q96ES7;O75478;Q01658;Q92830;Q8IYH5;Q9H8E8;Q9NS73;Q9ULM3
prerank,"FTS-Hook-FHIP cargo adaptor complex, FHIP1A-HOOK1/3 variant",0.7166268266837527,1.2759821441342911,0.22993197278911565,0.278861741817793,1.0,3/4,19.31%,Q9H8T0;Q86VS8;Q9UJC3
prerank,"Scribble cell polarity complex, DLG3-LLGL2-SCRIB variant",0.7845209628566874,1.2757862060980607,0.1901081916537867,0.27881911741455917,1.0,2/3,9.83%,Q14160;Q6P1M3
prerank,"Scribble cell polarity complex, DLG1-LLGL2-SCRIB variant",0.7845209628566874,1.2749606139422562,0.19282511210762332,0.2795123209318127,1.0,2/3,9.83%,Q14160;Q6P1M3
prerank,"Box C/D snoRNA-Guided RNP methyltransferase complex, FBLL1 variant",0.6621010758520929,1.2741855200165428,0.2257250945775536,0.2801425439020294,1.0,5/6,28.32%,P55769;CHEBI:67040;O00567;Q9Y2X3;CHEBI:133335
prerank,"CARD-BCL10-MALT1 complex, CARD9 variant",0.7747967479674795,1.2675715494175124,0.2113323124042879,0.2879178151335287,1.0,2/3,11.45%,O95999;Q9UDY8
prerank,RB1-E2F1-DP1 transcriptional repressor complex,0.7628048780487805,1.2672407555768848,0.18947368421052632,0.2880441774036051,1.0,2/3,11.26%,Q14186;P06400
prerank,"RAG guanosine triphosphatase complex, RAGA-RAGD variant",0.7027472980777164,1.267176502605461,0.21951219512195122,0.28781731723311665,1.0,2/4,12.37%,CHEBI:37565;CHEBI:58189
prerank,Interleukin-17C receptor-ligand complex,0.7249119002439686,1.267148252262598,0.24478442280945759,0.2875377330591695,1.0,2/4,7.55%,O43734;Q96F46
prerank,Embryonic hemoglobin Gower-1 complex,0.7733062330623306,1.266786239484887,0.2084592145015106,0.28769333407756487,1.0,2/3,14.38%,CHEBI:30413;P02008
prerank,Hemoglobin Portland-1 Variant 2 complex,0.7733062330623306,1.2663571612131828,0.22533136966126657,0.2879149747406097,1.0,2/3,14.38%,CHEBI:30413;P02008
prerank,Laminin-213 complex,0.7737127371273713,1.265313150198362,0.20512820512820512,0.2889437332013898,1.0,3/3,22.69%,P07942;Q9Y6N6;P24043
prerank,"Cleavage stimulation factor complex, CSTF2 variant",0.751219512195122,1.2653036704072465,0.20121951219512196,0.288640296223484,1.0,3/3,24.94%,Q05048;Q12996;P33240
prerank,"CARD-BCL10-MALT1 complex, CARD14 variant",0.7747967479674795,1.2652401551726458,0.23053892215568864,0.2883983842704509,1.0,2/3,11.45%,O95999;Q9UDY8
prerank,RB1-E2F2-DP1 transcriptional repressor complex,0.7628048780487805,1.264739807838177,0.2009132420091324,0.2886685348692426,1.0,2/3,11.26%,Q14186;P06400
prerank,ATG5-ATG12-TECPR1 complex,0.7628726287262872,1.262529924523516,0.20634920634920634,0.29105071550009187,1.0,2/3,12.65%,O94817;Q9H1Y0
prerank,"PAR cell polarity complex, PARD6A-PRKCZ variant",0.7674796747967481,1.2620854251711748,0.21764705882352942,0.2913002792793016,1.0,3/3,23.31%,Q8TEW0;Q05513;Q9NPB6
prerank,"PAR cell polarity complex, PARD6A-PRKCI variant",0.7674796747967481,1.2614360510074485,0.2153392330383481,0.2917693350414494,1.0,3/3,23.31%,Q8TEW0;P41743;Q9NPB6
prerank,Interleukin-35 receptor ligand type 1 complex,0.7758807588075882,1.261283642496043,0.212481426448737,0.29162670066124285,1.0,3/3,22.47%,P40189;CPX-25744;Q99665
prerank,Glycoprotein Ib-IX-V complex,0.7259419896991055,1.260676436127971,0.21348314606741572,0.2920194596962948,1.0,4/4,27.48%,P07359;P13224;P14770;P40197
prerank,ATG12-ATG5-ATG16L1 complex,0.7628726287262872,1.2593351424965888,0.2109375,0.2933582648047691,1.0,2/3,12.65%,O94817;Q9H1Y0
prerank,MTERF4-NSUN4 mitochondiral ribosomal assembly complex,-0.5953929539295393,-1.2579661306146825,0.2034383954154728,0.24147760354372702,1.0,3/3,40.54%,CHEBI:15414;Q7Z6M4;Q96CB9
prerank,CIAO1-CIAO2A-CIAO3 cytosolic iron-sulfur protein assembly complex,0.6985632962862564,1.2553001966556232,0.23045267489711935,0.29800541502800904,1.0,3/4,24.32%,CHEBI:49883;O76071;Q9H6Q4
prerank,"MiDAC histone deacetylase complex, HDAC1 variant",0.7579945799457993,1.2522243218393878,0.20606060606060606,0.3015038007630468,1.0,3/3,24.26%,Q13547;Q6PJG2;Q9H147
prerank,ATG12-ATG5-ATG16L2 complex,0.7628726287262872,1.252098413417335,0.22033898305084745,0.30132009988451475,1.0,2/3,12.65%,O94817;Q9H1Y0
prerank,mRNA cap guanine-N7 methyltransferase complex,0.7753633899975364,1.251387084912264,0.22910216718266255,0.3018991730851526,1.0,1/3,4.31%,CHEBI:59789
prerank,"Ubiquitous AP-1 Adaptor complex, sigma1b variant",0.7041429475015812,1.2510917045687093,0.2489851150202977,0.3019309804445787,1.0,3/4,21.31%,O43747;Q10567;Q9BXS5
prerank,RB1-E2F3-DP1 transcriptional repressor complex,0.7628048780487805,1.250362658771841,0.23100303951367782,0.3024494472423118,1.0,2/3,11.26%,Q14186;P06400
prerank,Collagen type V trimer variant 2,0.743360433604336,1.2500676965854662,0.22781065088757396,0.30249363592442674,1.0,2/3,14.60%,P05997;P20908
prerank,Interleukin-25 receptor-ligand complex,0.7012740580103008,1.2496541436007957,0.25132275132275134,0.30270310013720214,1.0,4/4,29.95%,O43734;Q96F46;Q9H293;Q9NRM6
prerank,"Gamma-delta T cell receptor complex, TRGC1 variant",0.6828633405639912,1.2481546059445456,0.225,0.30415042236848855,1.0,3/5,11.78%,P20963;P07766;P09693
prerank,"COPI vesicle coat complex, COPG2-COPZ1 variant",0.6420690902514016,1.2473781778200865,0.23058252427184467,0.3047786750034143,1.0,5/7,19.23%,P35606;P48444;P53618;P53621;O14579
prerank,Fukutin-FKRP-TMEM5 multienzyme complex,-0.5902439024390244,-1.247077144468954,0.1887905604719764,0.248478194320162,1.0,3/3,41.05%,O75072;Q9H9S5;Q9Y2B1
prerank,"LKB1-STRAD-MO25 serine/threonine protein kinase complex, CAB39-STRADB variant",0.7571815718157182,1.2465806351545716,0.23636363636363636,0.3054185749825722,1.0,3/3,24.34%,Q15831;Q9C0K7;Q9Y376
prerank,SNIP1/SkIP associated RNA-processing complex,0.6755965292841649,1.2456618976855114,0.24146649810366624,0.3061841865281207,1.0,1/5,2.46%,Q13573
prerank,"CARD-BCL10-MALT1 complex, CARD10 variant",0.7747967479674795,1.2453704155626173,0.2287878787878788,0.30626429476193046,1.0,2/3,11.45%,O95999;Q9UDY8
prerank,"MiDAC histone deacetylase complex, HDAC2 variant",0.7579945799457994,1.2445975395723003,0.24071322436849926,0.30686307298923843,1.0,3/3,24.26%,Q92769;Q6PJG2;Q9H147
prerank,"Gamma-delta T cell receptor complex, TRGC2 variant",0.6828633405639912,1.2436067789736356,0.23307291666666666,0.3078560908580409,1.0,3/5,11.78%,P20963;P07766;P09693
prerank,IL33 receptor-ligand complex,0.7669376693766938,1.240758494583238,0.2357473035439137,0.3111077894900039,1.0,1/3,3.33%,Q9NPH3
prerank,"Gamma-secretase complex, APH1B-PSEN1 variant",0.6765184381778742,1.2407409661806945,0.254259501965924,0.31079415003423866,1.0,5/5,32.44%,Q92542;Q9NZ42;P49768-PRO_0000025591;P49768-PRO_0000236055;Q8WW43
prerank,"Mitochondrial calcium uniporter complex, MICUB variant",0.6779826464208243,1.2406282598378435,0.24868421052631579,0.3106022819649895,1.0,3/5,12.27%,Q8NE86;Q9BPX6;Q9H4I9
prerank,"RAG guanosine triphosphatase complex, RAGB-RAGD variant",0.7027472980777164,1.239510383603631,0.24275862068965517,0.31167728550751866,1.0,2/4,12.37%,CHEBI:37565;CHEBI:58189
prerank,"Poly(A) tail exosome targeting complex, RBM27 variant",0.6720896601590743,1.2392312682394606,0.2859025032938076,0.31172789188397415,1.0,4/5,24.53%,P42285;O60293;Q86U42;Q8IXZ2
prerank,"RAG guanosine triphosphatase complex, RAGB-RAGC variant",0.7027472980777164,1.2386594453395539,0.25578231292517006,0.31214571901849425,1.0,2/4,12.37%,CHEBI:37565;CHEBI:58189
prerank,"PAR cell polarity complex, PARD6B-PRKCI variant",0.7661246612466124,1.2386497842476858,0.23458646616541354,0.3118287863577879,1.0,3/3,23.45%,Q8TEW0;P41743;Q9BYG5
prerank,Mitochondrial proton-transporting ATP synthase complex,0.5468409586056644,1.2366564268121853,0.2361963190184049,0.31410277300421713,1.0,21/21,45.63%,Q96IX5;Q7Z4Y8;Q5VTU8;Q06055;P56385;P56381;P56378;P56134;P24539;P18859;P06576;P05496;P03928;P00846;O75964;O75947;P48201;P48047;P36542;P30049;P25705
prerank,TGF-beta-1-TGFR complex,0.734959349593496,1.235124847764254,0.24850299401197604,0.31569342767368935,1.0,3/3,26.56%,P37173;P36897;P01137-PRO_0000033763
prerank,"Neuronal nicotinic acetylcholine receptor complex, alpha3-alpha6-beta4",0.761872003335418,1.233819358146069,0.22938530734632684,0.3171106521905466,1.0,2/3,8.48%,P32297-PRO_0000000346;P30926-PRO_0000000389
prerank,"Gamma-secretase complex, APH1A-PSEN1 variant",0.6767895878524945,1.2331000892847563,0.27225130890052357,0.31770849538140017,1.0,5/5,32.41%,Q92542;Q9NZ42;P49768-PRO_0000025591;P49768-PRO_0000236055;Q96BI3
prerank,"COPI vesicle coat complex, COPG1-COPZ2 variant",0.6420690902514016,1.2329611823169861,0.24431137724550897,0.3175367444852871,1.0,5/7,19.23%,P35606;P48444;P53618;P53621;O14579
prerank,"Poly(A) tail exosome targeting complex, RBM26 variant",0.6720896601590743,1.2326433089717768,0.2750333778371162,0.31764330028812393,1.0,4/5,24.53%,P42285;O60293;Q86U42;Q8IXZ2
prerank,Interleukin-26 receptor-ligand complex,0.7260996456118408,1.2321364914571384,0.24816446402349487,0.31791521118965343,1.0,2/3,12.05%,Q08334;Q9UHF4
prerank,DNA polymerase epsilon complex,0.6703617455659052,1.2307573223894774,0.27522935779816515,0.3194016454667604,1.0,1/5,3.57%,CHEBI:49883
prerank,"PAR cell polarity complex, PARD6B-PRKCZ variant",0.7661246612466124,1.2302450011263986,0.23858615611192932,0.3197321748493343,1.0,3/3,23.45%,Q8TEW0;Q05513;Q9BYG5
prerank,Interleukin-17B receptor-ligand complex,0.7010029818378964,1.2296186936362943,0.2585034013605442,0.3201547069110203,1.0,4/4,29.98%,O43734;Q96F46;Q9NRM6;Q9UHF5
prerank,"LKB1-STRAD-MO25 serine/threonine protein kinase complex, CAB39L-STRADA variant",0.743360433604336,1.2286021332750907,0.25194401244167963,0.3211255755623558,1.0,3/3,25.72%,Q15831;Q7RTN6;Q9H9S4
prerank,"LKB1-STRAD-MO25 serine/threonine protein kinase complex, CAB39-STRADA variant",0.7436314363143632,1.2283048880174294,0.26881720430107525,0.32113779200996784,1.0,3/3,25.70%,Q15831;Q9Y376;Q7RTN6
prerank,"TIM23 mitochondrial inner membrane pre-sequence translocase complex, TIM17B variant",0.5734736543708585,1.2243389074786901,0.27053669222343923,0.3257725582287722,1.0,11/12,38.48%,Q9HAV7;Q9Y3D7;Q9Y5T4;O14925;O43615;P38646;P60602;Q3ZCQ8;Q8TAA5;Q96DA6;Q9BVV7
prerank,"LKB1-STRAD-MO25 serine/threonine protein kinase complex, CAB39L-STRADB variant",0.7433604336043361,1.2228881211576892,0.2507598784194529,0.3271784390894481,1.0,3/3,25.72%,Q15831;Q9C0K7;Q9H9S4
prerank,Caspase-2 PIDDosome,-0.575880758807588,-1.2219048309610503,0.22580645161290322,0.269934954921559,1.0,3/3,42.49%,P42575;P78560;Q9HB75
prerank,"TIM23 mitochondrial inner membrane pre-sequence translocase complex, TIM17A variant",0.5734736543708585,1.221538515182872,0.2678375411635565,0.3284033136868221,1.0,11/12,38.48%,Q9HAV7;Q9Y3D7;Q9Y5T4;O14925;O43615;P38646;P60602;Q3ZCQ8;Q8TAA5;Q96DA6;Q9BVV7
prerank,"Dystrophin glycoprotein complex, CNS variant",0.6108935840279124,1.2180940302071182,0.25578703703703703,0.33205093963479326,1.0,3/8,10.40%,Q14118-PRO_0000021066;Q14118-PRO_0000021065;Q13424
prerank,FCN1-MASP2 lectin-protease complex,0.7306233062330623,1.2179297326118983,0.25,0.33185519554682374,1.0,2/3,10.32%,O00187-PRO_0000027599;O00187-PRO_0000027600
prerank,"4EHP-GIGYF2 co-translational mRNA decay complex, ZNF598 variant",0.7344173441734417,1.2162516658584202,0.25667655786350146,0.3334379211631066,1.0,3/3,26.62%,O60573;Q6Y7W6;Q86UK7
prerank,"Ubiquitous AP-1 Adaptor complex, sigma1c variant",0.7041429475015812,1.2159632820151076,0.28005464480874315,0.33341223651873964,1.0,3/4,21.31%,O43747;Q10567;Q9BXS5
prerank,FCN3-MASP1 lectin-protease complex,0.7357723577235772,1.2158449178459996,0.2687022900763359,0.33319810434467867,1.0,2/3,9.80%,P48740-PRO_0000027594;P48740-PRO_0000027593
prerank,CSL-NOTCH1-MAML transcriptional activation complex,-0.581029810298103,-1.213142329652295,0.2054380664652568,0.2758500605240137,1.0,3/3,41.97%,P46531;Q06330;Q92585
prerank,"Endoplasmic reticulum membrane complex, EMC8 variant",0.609471801750016,1.2103960766374962,0.27610208816705334,0.33875915747264695,1.0,8/9,33.31%,Q9BV81;Q9NPA0;Q9P0I2;Q15006;Q5J8M3;Q5UCC4;Q8N4V1;Q8N766
prerank,Interleukin-1 alpha decoy receptor-ligand type 2 complex,0.735230352303523,1.2103674599617942,0.27202472952086554,0.3384446745984842,1.0,3/3,26.54%,Q9NPH3;P01583;P27930
prerank,"Endoplasmic reticulum membrane complex, EMC9 variant",0.609471801750016,1.210251989985487,0.27325581395348836,0.33821853217663816,1.0,8/9,33.31%,Q9BV81;Q9NPA0;Q9P0I2;Q15006;Q5J8M3;Q5UCC4;Q8N4V1;Q8N766
prerank,FCN2-MASP2 lectin-protease complex,0.7306233062330623,1.2096899992094616,0.2704309063893016,0.3384809484144974,1.0,2/3,10.32%,O00187-PRO_0000027599;O00187-PRO_0000027600
prerank,"Gamma-secretase complex, APH1B-PSEN2 variant",0.6580802603036875,1.209434753797641,0.27741935483870966,0.3384052609687456,1.0,5/5,34.28%,Q92542;Q9NZ42;Q8WW43;P49810-PRO_0000025603;P49810-PRO_0000025604
prerank,"4EHP-GIGYF1 co-translational mRNA decay complex, DDX6 variant",0.7341463414634146,1.2088222453710777,0.24812030075187969,0.33872690190350235,1.0,3/3,26.65%,O60573;P26196;O75420
prerank,"4EHP-GIGYF1 co-translational mRNA decay complex, ZNF598 variant",0.7341463414634146,1.2082380914094732,0.2695139911634757,0.33905786870863125,1.0,3/3,26.65%,O60573;Q86UK7;O75420
prerank,FCN1-MASP1 lectin-protease complex,0.7357723577235772,1.2079161049628515,0.26548672566371684,0.33906284299685885,1.0,2/3,9.80%,P48740-PRO_0000027594;P48740-PRO_0000027593
prerank,"4EHP-GIGYF2 co-translational mRNA decay complex, DDX6 variant",0.7346883468834688,1.2076300754250795,0.2679938744257274,0.3390578458616063,1.0,3/3,26.59%,O60573;P26196;Q6Y7W6
prerank,CIAO1-CIAO2B-CIAO3-MMS19 cytosolic iron-sulfur protein assembly complex,0.6462099301036395,1.2068739419373007,0.29328165374677,0.3395392227849987,1.0,3/5,24.32%,CHEBI:49883;O76071;Q9H6Q4
prerank,Interleukin-1 beta ligand-decoy receptor type 2 complex,0.735230352303523,1.2063494777546777,0.2751572327044025,0.3398195581215623,1.0,3/3,26.54%,Q9NPH3;P01584-PRO_0000015302;P27930
prerank,Laminin-332 complex variant A,0.7252032520325203,1.2052412460219277,0.25736434108527134,0.34067904663810195,1.0,3/3,27.54%,Q13753;Q16787-1;Q13751
prerank,Interleukin-27 receptor-ligand complex,0.693412849010572,1.2030294634426653,0.2746955345060893,0.3428203142216338,1.0,4/4,30.73%,P40189;Q14213;Q6UWB1;Q8NEV9
prerank,FCN3-MASP2 lectin-protease complex,0.7306233062330623,1.2028968664404274,0.24261275272161742,0.34263933752890097,1.0,2/3,10.32%,O00187-PRO_0000027599;O00187-PRO_0000027600
prerank,PSAP splicing-associated complex,0.7325203252032519,1.202723740415196,0.28059701492537314,0.3424513011626162,1.0,3/3,26.81%,O00422;Q15287;Q9H307
prerank,FCN2-MASP1 lectin-protease complex,0.7357723577235772,1.200986689936512,0.28851963746223563,0.3440217467033724,1.0,2/3,9.80%,P48740-PRO_0000027594;P48740-PRO_0000027593
prerank,BORC complex,-0.35115332428765267,-1.199545284426169,0.20625,0.286454550637414,1.0,5/8,10.48%,Q969J3;Q96B45;Q96FH0;Q96GS4;Q9BQD3
prerank,40S cytosolic small ribosomal subunit,0.526229508196721,1.1994436992574407,0.21865596790371114,0.34542228283144333,1.0,33/33,47.85%,P15880;P08865;P08708;P62273;P62269;P62266;P62263;P62249;P62244;P62241;P62081;P61247;P60866;P46783;P46782;P46781;P39019;P25398;P23396;[P62701];URS0000704D22_9606;P63244;P63220;P62979;P62861;P62857;P62854;P62851;P62847;P62841;P62753;P62280;P62277
prerank,MBL2-MASP1 lectin-protease complex,0.7357723577235772,1.1981651884484865,0.2778625954198473,0.3465411415783041,1.0,2/3,9.80%,P48740-PRO_0000027594;P48740-PRO_0000027593
prerank,SNARE complex STX1B-SNAP25-VAMP1,0.7197831978319783,1.1977473432527201,0.277037037037037,0.3466852069294123,1.0,3/3,28.08%,P60880;P61266;P23763
prerank,"Mitochondrial pyruvate dehydrogenase complex, somatic variant",0.6086838534599728,1.196699617934025,0.2992957746478873,0.34757396936058216,1.0,8/8,39.26%,CHEBI:58937;P09622;P11177;CHEBI:83088;CHEBI:16238;P08559;O00330;P10515
prerank,Interleukin-22 receptor-ligand complex,0.7051490514905149,1.195621576291735,0.28296296296296297,0.34848185781349555,1.0,3/3,29.54%,Q08334;Q8N6P7;Q9GZX6
prerank,"Septin complex, octamer variant, SEPT2-SEPT6-SEPT-7-SEPT3",0.6750067769043102,1.1946743796896324,0.2868632707774799,0.349204815498308,1.0,3/4,22.56%,Q14141;Q15019;Q16181
prerank,SNARE complex STX1A-SNAP25-VAMP1,0.7197831978319783,1.1931713442723169,0.2808641975308642,0.35063960390608945,1.0,3/3,28.08%,P60880;Q16623;P23763
prerank,"Gamma-secretase complex, APH1A-PSEN2 variant",0.6580802603036875,1.1930078362800225,0.2905317769130999,0.35046854947126027,1.0,5/5,34.28%,Q92542;Q9NZ42;Q96BI3;P49810-PRO_0000025603;P49810-PRO_0000025604
prerank,LUBAC ubiquitin ligase complex,-0.548509485094851,-1.1923784074128978,0.2549019607843137,0.29071679524992544,1.0,3/3,45.22%,Q96EP0;Q9BYM8;Q9H0F6
prerank,Cyclin-dependent protein kinase-activating kinase complex,0.7130081300813007,1.1922491180100054,0.2753403933434191,0.3510280687915467,1.0,3/3,28.76%,P50613;P51946;P51948
prerank,MBL2-MASP2 lectin-protease complex,0.7306233062330623,1.1876571472784316,0.2884012539184953,0.356178898643638,1.0,2/3,10.32%,O00187-PRO_0000027599;O00187-PRO_0000027600
prerank,"ILK-PINCH-Parvin complex, LIMS2-PARVB variant",0.7046070460704607,1.1866105675105514,0.2680851063829787,0.3570054963974061,1.0,3/3,29.60%,Q13418;Q9HBI1;Q7Z4I7
prerank,SNARE complex STX1B-SNAP25-VAMP2,0.7200542005420054,1.1861986876053263,0.26777609682299547,0.3571427104884077,1.0,3/3,28.05%,P60880;P63027;P61266
prerank,SNARE complex STX17-SNAP47-VAMP8,0.7151761517615176,1.1861338216763442,0.2778625954198473,0.35685619504427174,1.0,3/3,28.54%,P56962;Q5SQN1;Q9BV40
prerank,Interleukin-13 receptor-ligand alpha 1 complex,0.710840108401084,1.1856247116744507,0.29096477794793263,0.3571164154869331,1.0,3/3,28.97%,P35225;P24394;P78552
prerank,SNARE complex STX17-SNAP47-VAMP7,0.7149051490514905,1.1832078032286992,0.27204783258594917,0.359662126814595,1.0,3/3,28.57%,P56962;Q5SQN1;P51809
prerank,"Interleukin-24 receptor-ligand complex, type 1",0.7121951219512195,1.1826350061995747,0.30873493975903615,0.359981092164648,1.0,3/3,28.84%,Q6UXL0;Q9UHF4;Q13007
prerank,SNARE complex STX17-SNAP29-VAMP7,0.7149051490514906,1.1819865986363316,0.2835130970724191,0.36040030941302265,1.0,3/3,28.57%,P56962;O95721;P51809
prerank,SNARE complex STX1A-SNAP25-VAMP2,0.7203252032520325,1.1813358594936383,0.2654320987654321,0.3608174806003012,1.0,3/3,28.03%,P60880;P63027;Q16623
prerank,"Interleukin-24 receptor-ligand complex, type 2",0.7121951219512197,1.18093400990104,0.27365356622998543,0.3610094055698713,1.0,3/3,28.84%,Q6UXL0;Q8N6P7;Q13007
prerank,BRCC E3 ubiquitin ligase complex,0.6196263900189856,1.177919582659197,0.30614805520702637,0.36437606646103454,1.0,5/6,31.87%,P46736;Q9NXR7;P38398;Q99728;P51587
prerank,"SMC5-SMC6 SUMO ligase complex, NSE4EA variant",0.5854364540931705,1.1778975471524695,0.3080459770114943,0.36404228982945847,1.0,7/8,34.90%,Q8WV22;Q96MF7;Q96MG7;Q96SB8;Q9BQI6;Q8IX21;Q8IY18
prerank,SNARE complex STX17-SNAP29-VAMP8,0.7151761517615176,1.1767267025379888,0.3046875,0.36518594951784167,1.0,3/3,28.54%,P56962;O95721;Q9BV40
prerank,C9orf72-SMCR8 complex,-0.5745257452574526,-1.1764540601292492,0.25949367088607594,0.30402384369593916,1.0,3/3,42.62%,Q8TEV9;Q96LT7-1;Q9HAD4
prerank,IL11-sIL11RA-sIL-6ST receptor-ligand buffering complex,0.702710027100271,1.1761696995176936,0.30275229357798167,0.36548275838101363,1.0,3/3,29.79%,P20809;P40189-2;Q14626-PRO_0000450688
prerank,Membrane attack complex,0.580189959294437,1.1751460698572793,0.30742049469964666,0.3663185536215444,1.0,8/8,42.11%,P01031-PRO_0000005985;P01031-PRO_0000005989;P13671;P10643;P07360;P07358;P07357;P02748
prerank,Interleukin-6 sIL6R-mIL6ST receptor-ligand trans-signalling complex,0.7102981029810298,1.1751131606079686,0.27586206896551724,0.36601432624767033,1.0,3/3,29.03%,P05231;P08887-PRO_0000450730;P40189-1
prerank,Interleukin-4 receptor-ligand type-1 complex,0.711111111111111,1.1743104378244154,0.3026706231454006,0.3666431506975318,1.0,3/3,28.95%,P31785;P24394;P05112
prerank,Interleukin-4 receptor-ligand type-2 complex,0.710840108401084,1.1737102511479445,0.29235382308845576,0.3670673411072912,1.0,3/3,28.97%,P24394;P05112;P78552
prerank,"ILK-PINCH-Parvin complex, LIMS2-PARVA variant",0.7046070460704607,1.1729230410890048,0.29558823529411765,0.3676289687020297,1.0,3/3,29.60%,Q13418;Q9NVD7;Q7Z4I7
prerank,"SREBP-SCAP-INSIG sequestering complex, INSIG1-SREBF1 variant",0.7138211382113822,1.1725495937623003,0.26857142857142857,0.3677486635661384,1.0,3/3,28.68%,CHEBI:42977;O15503;CPX-25745
prerank,"Eukaryotic translation initiation factor 4F, EIF4A1 and EIF4G1 variant",0.6883468834688347,1.172065377222532,0.25688073394495414,0.3680157231421143,1.0,3/3,31.22%,P06730;Q04637;P60842
prerank,TGF-beta-3-TGFR complex,0.7075880758807589,1.1720412614975004,0.2997032640949555,0.36769363902818303,1.0,3/3,29.30%,P37173;P36897;P10600-PRO_0000033797
prerank,"SREBP-SCAP-INSIG sequestering complex, INSIG1-SREBF2 variant",0.7143631436314364,1.171177838031859,0.29210134128166915,0.36836144151990263,1.0,3/3,28.62%,CHEBI:42977;CPX-25721;O15503
prerank,"TREX-2 transcription-export complex, CETN2 variant",0.6363882863340563,1.1709443287635704,0.31776913099870296,0.36828851618228514,1.0,5/5,36.45%,P60896;Q9NPA8;P41208;O60318;Q5JVF3
prerank,"Eukaryotic translation initiation factor 4F, EIF4A2 and EIF4G1 variant",0.699728997289973,1.1708824944315621,0.28486646884273,0.3680041638135022,1.0,3/3,30.08%,P06730;Q04637;Q14240
prerank,BRCA1-B complex,0.670371374356194,1.1695640199527209,0.3360107095046854,0.3692178197814799,1.0,1/4,3.57%,CHEBI:49883
prerank,"Septin complex, octamer variant, SEPT2-SEPT6-SEPT-7-SEPT9",0.6750067769043102,1.1686502261222529,0.3048780487804878,0.3699030067964598,1.0,3/4,22.56%,Q14141;Q15019;Q16181
prerank,"SMC5-SMC6 SUMO ligase complex, EID3 variant",0.5854364540931705,1.1678024162296592,0.3302325581395349,0.370521309581767,1.0,7/8,34.90%,Q8WV22;Q96MF7;Q96MG7;Q96SB8;Q9BQI6;Q8IX21;Q8IY18
prerank,"SREBP-SCAP-INSIG sequestering complex, INSIG2-SREBF1 variant",0.7138211382113822,1.1676598273266485,0.28550295857988167,0.37033709748395854,1.0,3/3,28.68%,CHEBI:42977;Q9Y5U4;CPX-25745
prerank,Interleukin 11-sIL11RA-IL-6ST receptor-ligand trans-signalling complex,0.7027100271002709,1.1675243313955803,0.31211180124223603,0.3701449169299587,1.0,3/3,29.79%,P40189;P20809;Q14626-PRO_0000450688
prerank,TGF-beta-2-TGFR complex,0.7078590785907859,1.1669653702298228,0.29256965944272445,0.3704450842668033,1.0,3/3,29.27%,P37173;P36897;P61812-PRO_0000033785
prerank,C5b6 complement complex,0.6962059620596206,1.1654847228748952,0.3067484662576687,0.3717668417454094,1.0,3/3,30.44%,P01031-PRO_0000005985;P01031-PRO_0000005989;P13671
prerank,"Eukaryotic translation initiation factor 4F, EIF4A2 and EIF4G3 variant",0.6994579945799457,1.1648548207004967,0.30132939438700146,0.37209094864857994,1.0,3/3,30.11%,P06730;Q14240;O43432
prerank,Prefoldin co-chaperone complex,0.6088961215080011,1.1648498615553804,0.32456140350877194,0.37173192933245175,1.0,6/6,39.21%,O15212;Q9UHV9;O60925;P61758;Q99471;Q9NUG6
prerank,"LIN-10-LIN-2-LIN-7 complex, LIN7A variant",0.6853271389856754,1.164675955989554,0.2943786982248521,0.3715499828468408,1.0,2/3,17.22%,O14936;Q02410
prerank,DNA polymerase delta complex,0.6311460592913954,1.1644025176903587,0.33118556701030927,0.37150793521472136,1.0,1/5,3.57%,CHEBI:49883
prerank,"ILK-PINCH-Parvin complex, LIMS1-PARVB variant",0.7048780487804878,1.1634966203726118,0.28898426323319026,0.3721240433348416,1.0,3/3,29.57%,Q13418;P48059;Q9HBI1
prerank,Alternative pathway pathogen cell-bound C5 convertase complex C3bBbC3bP,0.6945799457994579,1.1627031479790246,0.30493273542600896,0.37257371796550154,1.0,3/3,30.60%,CPX-973;CPX-5601;P27918
prerank,Mitochondrial respiratory chain complex IV,0.531584542734937,1.1625997463701043,0.308994708994709,0.3723327023497421,1.0,1/16,1.41%,CHEBI:30413
prerank,"LIN-10-LIN-2-LIN-7 complex, LIN7B variant",0.6853271389856754,1.162278241813278,0.2735294117647059,0.3723171584308577,1.0,2/3,17.22%,O14936;Q02410
prerank,"SREBP-SCAP-INSIG sequestering complex, INSIG2-SREBF2 variant",0.7140921409214092,1.161756107314432,0.3148425787106447,0.37255115109515513,1.0,3/3,28.65%,CHEBI:42977;CPX-25721;Q9Y5U4
prerank,"ILK-PINCH-Parvin complex, LIMS1-PARVA variant",0.705420054200542,1.1612049919580285,0.3125,0.372761178450048,1.0,3/3,29.52%,Q13418;P48059;Q9NVD7
prerank,Interleukin-6 sIL6R-sIL6ST buffering receptor-ligand complex,0.7029810298102981,1.160655926571273,0.3076923076923077,0.37300251848504473,1.0,3/3,29.76%,P05231;P08887-PRO_0000450730;P40189-2
prerank,Interleukin-35 receptor ligand type 2 complex,0.7119241192411923,1.160451820335668,0.296137339055794,0.372857303329202,1.0,3/3,28.87%,CPX-25744;Q99665;Q6UWB1
prerank,"Platelet-activating factor acetylhydrolase IB complex, alpha1-alpha2 variant",0.7070460704607046,1.1583685807761843,0.3211009174311927,0.37482387513114557,1.0,3/3,29.35%,P43034;Q15102;P68402
prerank,Interleukin-1 alpha-soluble receptor type 1 complex,0.6924119241192412,1.1508289109052794,0.3095599393019727,0.3824217457130985,1.0,3/3,30.82%,Q9NPH3;P14778-PRO_0000415344;P01583-PRO_0000015266
prerank,"Eukaryotic translation initiation factor 4F, EIF4A1 and EIF4G3 variant",0.6883468834688347,1.1498477471413513,0.305993690851735,0.38306716637311855,1.0,3/3,31.22%,P06730;O43432;P60842
prerank,PPP4C-PPP4R2-PPP4R3A protein phosphatase 4 complex,0.6902439024390243,1.1498049828766992,0.31137724550898205,0.3827398737957864,1.0,2/3,19.90%,P60510;Q9NY27
prerank,"LIN-10-LIN-2-LIN-7 complex, LIN7C variant",0.6853271389856754,1.1486146350714974,0.30409356725146197,0.3835636210532877,1.0,2/3,17.22%,O14936;Q02410
prerank,"Amiloride-sensitive sodium channel complex, delta-alpha-beta-gamma",0.649498509081052,1.145629442421689,0.3247978436657682,0.38635072411040566,1.0,4/4,35.12%,P51170;P51168;P51172;P37088
prerank,"Endothelial AP-1 Adaptor complex, sigma1a variant",0.6564479164099657,1.1442369937629322,0.3382949932341001,0.38756930181588695,1.0,3/4,25.32%,O43747;Q10567;P61966
prerank,PPP4C-PPP4R2-PPP4R3B protein phosphatase 4 complex,0.6902439024390243,1.1428582771946945,0.3109118086696562,0.38870520319740254,1.0,2/3,19.90%,P60510;Q9NY27
prerank,Interleukin-21 receptor-ligand complex,0.6779132791327913,1.142416121395939,0.3191176470588235,0.3888348502407347,1.0,1/3,7.23%,P31785
prerank,Interleukin 11-mIL11RA-IL-6ST receptor-ligand complex,0.6821138211382115,1.142324920842527,0.32192846034214617,0.3885620646206675,1.0,2/3,21.83%,P40189;P20809
prerank,Shelterin complex,-0.40753225618970135,-1.1410096865557895,0.2655367231638418,0.3391934736264402,1.0,5/6,30.79%,P54274;Q96AP0;Q9BSI4;Q9NUX5;Q9NYB0
prerank,uPA-uPAR-vitronectin complex,0.6937669376693767,1.1405035357600382,0.32872503840245776,0.3902395952473866,1.0,3/3,30.68%,P00749;Q03405;P04004
prerank,Interleukin-1 alpha-membrane-bound receptor type 1 complex,0.6924119241192412,1.140111955955599,0.32448377581120946,0.39033493404840025,1.0,3/3,30.82%,Q9NPH3;P14778-PRO_0000015435;P01583-PRO_0000015266
prerank,"BOS complex, NOMO3 variant",0.6793650793650794,1.1372221021408842,0.308868501529052,0.39330462620245943,1.0,2/3,17.82%,Q9BVK8;Q969V3
prerank,Hydride transfer complex,-0.5403794037940379,-1.1354231220372664,0.31230283911671924,0.3421852157899819,1.0,3/3,46.03%,P11498;P40925;P48163
prerank,"BOS complex, NOMO1 variant",0.6793650793650794,1.134576336433098,0.33126934984520123,0.39601162555248837,1.0,2/3,17.82%,Q9BVK8;Q969V3
prerank,Piccolo NuA4 histone acetyltransferase complex ,0.6902439024390243,1.130712629039621,0.3216995447647951,0.4000659181532317,1.0,3/3,31.03%,Q92993;Q9H2F5;Q9NXR8
prerank,"Mitochondrial pyruvate dehydrogenase complex, testis-specific variant",0.5698542858828387,1.1296672817421045,0.3547257876312719,0.4010092235994195,1.0,5/8,21.36%,CHEBI:58937;P09622;P11177;CHEBI:83088;CHEBI:16238
prerank,COG tethering complex,0.5649932157394844,1.1294935746594763,0.37187127532777114,0.400834142384232,1.0,8/8,43.62%,P83436;Q9Y2V7;Q9UP83;Q9H9E3;Q96MW5;Q96JB2;Q8WTW3;Q14746
prerank,GAIT complex,0.6441040932502035,1.1278490427814558,0.3664772727272727,0.4025028823878655,1.0,3/4,25.64%,P40429;O60506;P07814
prerank,SMARCA3 - Annexin A2 - S100-A10 complex,0.6920731707317073,1.1268411461936456,0.34055727554179566,0.4033720761712873,1.0,2/3,18.33%,P07355;P60903
prerank,TMEM219-Interleukin-13 decoy-receptor-ligand alpha 2 complex,0.6802168021680216,1.1211103937032263,0.34080717488789236,0.41040797108286897,1.0,3/3,32.03%,P35225;Q14627;Q86XT9
prerank,TBK1-IKKepsilon-TANK complex,0.6793360433604336,1.1210659288239337,0.3250728862973761,0.4100786175003808,1.0,2/3,19.60%,Q9UHD2;Q14164
prerank,"Serine palmitoyltransferase complex, SPTLC1-SPTLC2-SPTSSA variant",0.6232041203578206,1.1198475862821404,0.3551912568306011,0.4114048616962856,1.0,4/4,37.75%,CHEBI:597326;O15269;O15270;Q969W0
prerank,p53-MDM2-MDM4 transcriptional regulation complex,0.6859078590785908,1.119007340609519,0.34545454545454546,0.41211087901998167,1.0,3/3,31.46%,P04637;O15151;Q00987
prerank,"Serine palmitoyltransferase complex, SPTLC1-SPTLC2-SPTSSB variant",0.6229330441854162,1.118425928178159,0.3491847826086957,0.41250240459701326,1.0,4/4,37.77%,CHEBI:597326;O15269;O15270;Q8NFR3
prerank,"BOS complex, NOMO2 variant",0.6793650793650794,1.1182486789232287,0.3556231003039514,0.41232131163462366,1.0,2/3,17.82%,Q9BVK8;Q969V3
prerank,TBK1-IKKepsilon-SINTBAD complex,0.6793360433604336,1.1181576111697245,0.3219584569732938,0.41205811814799037,1.0,2/3,19.60%,Q9UHD2;Q14164
prerank,Fanconi anemia ubiquitin ligase complex,0.5428881650380021,1.117364505436016,0.3735632183908046,0.4126899625546706,1.0,9/9,45.84%,Q9NW38;Q9NPI8;Q9HB96;Q8NB91;Q6NZ36;Q0VG06;Q00597;O15360;O15287
prerank,BCDX2 complex,-0.48181078883166156,-1.11486865565887,0.2962962962962963,0.36159560000941926,1.0,3/4,11.91%,O15315;O43543;O75771
prerank,Mitochondrial transcription initiation complex,-0.5387533875338754,-1.1139655172413792,0.2958579881656805,0.35900750303212864,1.0,3/3,46.20%,Q9H5Q4;O00411;Q00059
prerank,"MON1-CCZ1 guanyl-nucleotide exchange factor complex, MON1B variant",0.6720867208672087,1.1128298306294373,0.3640416047548291,0.41853089185183273,1.0,3/3,32.85%,Q96DM3;P86791;Q7L1V2
prerank,TBK1-IKKepsilon-NAP1 complex,0.6793360433604336,1.1122422281654594,0.3509544787077827,0.41891688603843447,1.0,2/3,19.60%,Q9UHD2;Q14164
prerank,Interleukin-20 receptor-ligand type 2 complex,0.6769647696476966,1.1108226430045456,0.3466076696165192,0.4204120836102372,1.0,2/3,21.23%,Q6UXL0;Q8N6P7
prerank,SNARE priming complex STX17-SNAP29-YKT6,0.6734417344173442,1.1104787892978525,0.3707692307692308,0.4204434524129042,1.0,2/3,21.58%,P56962;O95721
prerank,"Alpha-beta T cell receptor complex, TRBC2 variant",0.5887139233236012,1.1079014237910498,0.375,0.4234943302722794,1.0,3/6,11.78%,P20963;P07766;P09693
prerank,"MON1-CCZ1 guanyl-nucleotide exchange factor complex, MON1A variant",0.6718157181571816,1.1060394606721853,0.36538461538461536,0.4256295038322342,1.0,3/3,32.87%,Q96DM3;P86791;Q86VX9
prerank,"TREX-2 transcription-export complex, CETN3 variant",0.6044723746331504,1.1033888679378265,0.36787564766839376,0.42864830767692824,1.0,2/5,10.18%,P60896;Q9NPA8
prerank,"Alpha-beta T cell receptor complex, TRBC1 variant",0.5887139233236012,1.1006038553683868,0.37220843672456577,0.43171033432412487,1.0,3/6,11.78%,P20963;P07766;P09693
prerank,"PRMT5 methylosome complex, COPR5 variant",0.6538908246225319,1.0998190783764952,0.36428571428571427,0.4322721855756177,1.0,2/3,20.36%,O14744;Q9BQA1
prerank,N-acetylglucosamine-1-phosphotransferase complex,-0.5186991869918699,-1.0995781021345101,0.32664756446991405,0.3713279158505582,1.0,3/3,48.20%,Q3T906-PRO_0000225008;Q3T906-PRO_0000225009;Q9UJJ9
prerank,DNA polymerase zeta complex,0.5960583399931498,1.0994746128122173,0.4082687338501292,0.4323082651342585,1.0,1/5,3.57%,CHEBI:49883
prerank,"Serine palmitoyltransferase complex, SPTLC1-SPTLC3-SPTSSA variant",0.6226619680130117,1.099196265638079,0.3728129205921938,0.4322570923516423,1.0,4/4,37.80%,CHEBI:597326;O15269;Q969W0;Q9NUV7
prerank,HAUS complex,0.5364993215739484,1.0991248551338175,0.3962485345838218,0.4319356492543459,1.0,8/8,46.47%,Q9NVX0;Q9H6D7;Q9BT25;Q99871;Q96CS2;Q7Z4H7;Q68CZ6;O94927
prerank,"Serine palmitoyltransferase complex, SPTLC1-SPTLC3-SPTSSB variant",0.6226619680130117,1.0989949338940006,0.36778523489932885,0.43170634511210804,1.0,4/4,37.80%,CHEBI:597326;O15269;Q8NFR3;Q9NUV7
prerank,"MON1-CCZ1B guanyl-nucleotide exchange factor complex, MON1B variant",0.6720867208672088,1.0976741856742798,0.38269794721407624,0.4329374508011999,1.0,3/3,32.85%,Q96DM3;P86790;Q7L1V2
prerank,"PRMT5 methylosome complex, CLNS1A variant",0.6538908246225319,1.0969427979405164,0.3609898107714702,0.43344204307285367,1.0,2/3,20.36%,O14744;Q9BQA1
prerank,"PRMT5 methylosome complex, RIOK1 variant",0.6538908246225319,1.0934636490091536,0.38244047619047616,0.43716010201728606,1.0,2/3,20.36%,O14744;Q9BQA1
prerank,Anaphase-promoting core complex,0.514270182114705,1.0922011774540399,0.4081196581196581,0.4381508304643215,1.0,14/14,48.77%,Q9UJX4;Q9UJX3;Q9UJX2;Q9NYG5;Q9H1A4;Q9BS18;Q96DE5;Q8NHZ8;Q13042;P60006;P30260;Q9UM13;Q9UJX6;Q9UJX5
prerank,CRUMBS2-PALS1-PATJ cell polarity complex,0.6555168408826945,1.0898191296693167,0.3913690476190476,0.44026585820020425,1.0,2/3,20.20%,Q8N3R9;Q8NI35
prerank,CRUMBS1-PALS1-PATJ cell polarity complex,0.6555168408826945,1.087971518886485,0.3969924812030075,0.44184761528231875,1.0,2/3,20.20%,Q8N3R9;Q8NI35
prerank,"Casein kinase II complex, CSNK2A1-CNSK2A2 variant",0.6598915989159891,1.0832738422321537,0.3841642228739003,0.4464067296576245,1.0,3/3,34.06%,P67870;P19784;P68400
prerank,"Amiloride-sensitive sodium channel complex, alpha-beta-gamma",0.6493224932249323,1.083165001858213,0.381021897810219,0.4461108696890064,1.0,3/3,35.12%,P51170;P51168;P37088
prerank,CPAP-STIL complex,-0.5140921409214092,-1.081150091848284,0.3531073446327684,0.3881120316012947,1.0,3/3,48.66%,Q15468;Q6UVJ0;Q9HC77
prerank,"MON1-CCZ1B guanyl-nucleotide exchange factor complex, MON1A variant",0.6718157181571816,1.0808681978088883,0.41097922848664686,0.44817387179478424,1.0,3/3,32.87%,Q96DM3;P86790;Q86VX9
prerank,CRUMBS3-PALS1-PATJ cell polarity complex,0.6555168408826945,1.080539483237891,0.3896499238964992,0.44809866654276104,1.0,2/3,20.20%,Q8N3R9;Q8NI35
prerank,HOPS tethering complex,0.5636018443178736,1.0784295526614318,0.41433778857837184,0.44982714547033187,1.0,6/6,43.73%,Q96AX1;Q9H269;Q9H270;Q9P253;Q96JC1;P49754
prerank,"Amiloride-sensitive sodium channel complex, delta-beta-gamma",0.6504065040650406,1.0699255319275178,0.38980509745127434,0.4582358158807578,1.0,3/3,35.01%,P51170;P51168;P51172
prerank,TIM9-TIM10-TIM10B mitochondrial intermembrane space protein transporter complex,0.643592721641502,1.0637246084463599,0.41112828438948995,0.464452530298964,1.0,2/3,21.39%,Q9Y5J7;P62072
prerank,NSL histone acetyltransferase complex,0.512757871878393,1.0588562897888716,0.44046242774566474,0.4696414480407164,1.0,5/9,32.11%,P61964;P51610;O15294;Q96EZ8;Q9H7Z6
prerank,CORVET tethering complex,0.5579061567670193,1.053900981918587,0.4312267657992565,0.4750137658869796,1.0,6/6,44.30%,Q96AX1;Q9H269;Q9H270;Q9P253;Q8WUH2;Q8N3P4
prerank,STING-TRAF3-TBK1 complex,0.6411924119241192,1.0516804533342696,0.4311111111111111,0.4773413783186038,1.0,3/3,35.93%,Q9UHD2;Q13114;Q86WV6
prerank,CKM complex variant 1,0.6017891027378695,1.0483112146146283,0.4126984126984127,0.4810156042157334,1.0,4/4,39.89%,P24863;P49336;Q9UHV7;Q93074
prerank,"NMDA receptor complex, GluN1-GluN2A-GluN2B",0.6447154471544716,1.0458886629204824,0.42071197411003236,0.4835925661408442,1.0,3/3,35.58%,Q05586;Q12879;Q13224
prerank,"TRAMP complex, TENT4B-ZCCHC7 variant",0.6270325203252033,1.0454785891848664,0.4289897510980966,0.4836524402138056,1.0,2/3,24.83%,P42285;Q8N3Z6
prerank,"RNA decapping and exonuclease complex, DCP1A variant",0.5590953662556593,1.044999273316123,0.44680851063829785,0.4838808795680371,1.0,5/6,36.47%,P26196;Q8IU60;Q8IZH2;Q96F86;Q6P2E9
prerank,Interleukin-10 receptor-ligand complex,0.6379403794037941,1.044489952899216,0.4357459379615953,0.4840811878027847,1.0,1/3,6.23%,Q08334
prerank,CKM complex variant 2,0.5904039034968827,1.0440849245221324,0.4370860927152318,0.48416704163885277,1.0,4/4,41.02%,P24863;Q9UHV7;Q93074;Q9BWU1
prerank,"TRAMP complex, TENT4A-ZCCHC7 variant",0.6270325203252033,1.0436249688019634,0.4451219512195122,0.4843213547767185,1.0,2/3,24.83%,P42285;Q8N3Z6
prerank,Mitochondrial isocitrate dehydrogenase complex (NAD+),0.5872413481521641,1.0427871396573172,0.45714285714285713,0.48496078554546757,1.0,1/4,7.96%,CHEBI:60240
prerank,Classical and lectin pathway C3 convertase complex C4b2a-B,0.5744104093250204,1.040379340193833,0.43435754189944137,0.48762064244204517,1.0,4/4,42.62%,P06681-PRO_0000027612;P0C0L5-PRO_0000042706;P0C0L5-PRO_0000042703;P0C0L5-PRO_0000042699
prerank,"RNA decapping and exonuclease complex, DCP1B variant",0.5590953662556593,1.0389386431479506,0.4472049689440994,0.48904287785334827,1.0,5/6,36.47%,P26196;Q8IU60;Q8IZH2;Q96F86;Q6P2E9
prerank,Interleukin-23 receptor-ligand complex,0.5873881810788832,1.038732736129043,0.4534246575342466,0.4888581246845008,1.0,3/4,28.81%,P29460-PRO_0000010930;P42701-PRO_0000010917;Q9NPF7-PRO_0000259488
prerank,"General transcription factor TFIII3B complex, BRF1 variant",0.6284552845528455,1.0367779671509234,0.4233576642335766,0.4911051686945122,1.0,2/3,26.08%,P20226;A6H8Y1
prerank,"General transcription factor TFIII3B complex, BRF2 variant",0.6284552845528455,1.0353561878157413,0.4177777777777778,0.4925138292829603,1.0,2/3,26.08%,P20226;A6H8Y1
prerank,Ripoptosome,0.6229578010065814,1.0271671764207722,0.45845697329376855,0.5030685795537917,1.0,1/3,9.15%,Q13546
prerank,"Katanin complex, KATNAL1-KATNB1 variant",0.6211628479921163,1.0266638563826296,0.43778110944527737,0.5032795314914519,1.0,2/3,19.74%,CHEBI:15422;Q9BVA0
prerank,"AP-2 Adaptor complex, alpha1 variant",0.5814583898075358,1.024919681848958,0.4636118598382749,0.5051191711482362,1.0,3/4,27.62%,P53680;P63010;Q96CW1
prerank,GATOR2 complex,0.5550433839479393,1.024442417757701,0.466403162055336,0.5052840367964765,1.0,5/5,44.57%,P55735;Q96EE3;Q9NXC5;Q96S15;Q6PJI9
prerank,"Katanin complex, KATNA1-KATNB1 variant",0.6211628479921163,1.023666336333324,0.45331325301204817,0.5058661024422628,1.0,2/3,19.74%,CHEBI:15422;Q9BVA0
prerank,PAQosome co-chaperone complex,0.547180043383948,1.0199908717868613,0.45219638242894056,0.5101793265173383,1.0,5/5,45.36%,P19388;Q96MX6;L0R819;CPX-6144;CPX-6143
prerank,Nuclear exosome targeting complex,0.619163763066202,1.0189252137297415,0.45468277945619334,0.5110950642420253,1.0,1/3,9.53%,P42285
prerank,"Katanin complex, KATNAL2-KATNB1 variant",0.6211628479921163,1.018140997500916,0.4673913043478261,0.5116583609857119,1.0,2/3,19.74%,CHEBI:15422;Q9BVA0
prerank,"PAR cell polarity complex, PARD6G-PRKCI variant",0.6162847992116285,1.0180096841449173,0.4535928143712575,0.5113788149047859,1.0,2/3,20.23%,Q8TEW0;P41743
prerank,"Katanin complex, KATNA1-KATNBL1 variant",0.6208918452820891,1.01567974352656,0.4467153284671533,0.5138270289061606,1.0,2/3,19.77%,CHEBI:15422;Q9H079
prerank,"PAR cell polarity complex, PARD6G-PRKCZ variant",0.6160137965016014,1.0124005373811615,0.47496206373292865,0.517427301999647,1.0,2/3,20.25%,Q8TEW0;Q05513
prerank,"Prefoldin co-chaperone complex, URI1 variant",0.5466377440347072,1.0121610126509153,0.4556135770234987,0.5172718672333307,1.0,5/5,45.41%,O15212;Q9UHV9;Q9NUG6;Q9UBK9;O94763
prerank,"Katanin complex, KATNAL2-KATNBL1 variant",0.6208918452820891,1.0100562213047286,0.46199701937406856,0.5192927000631711,1.0,2/3,19.77%,CHEBI:15422;Q9H079
prerank,"Katanin complex, KATNAL1-KATNBL1 variant",0.6208918452820891,1.009375488641603,0.478134110787172,0.5196033073566594,1.0,2/3,19.77%,CHEBI:15422;Q9H079
prerank,"AP-2 Adaptor complex, alpha2 variant",0.5814583898075358,1.0091032247979637,0.49591280653950953,0.5194496137475801,1.0,3/4,27.62%,P53680;P63010;Q96CW1
prerank,SOSS1 complex,0.6051103368176538,1.0076409790261123,0.45132743362831856,0.5206221873236444,1.0,2/3,25.24%,Q68E01;Q9NRY2
prerank,SOSS2 complex,0.6051103368176538,1.001365473671706,0.486646884272997,0.5271830323175484,1.0,2/3,25.24%,Q68E01;Q9NRY2
prerank,Mitochondrial respiratory chain complex I,-0.6251778672195797,-1.0,1.0,0.48416462242191943,1.0,46/49,23.64%,CHEBI:30408;CHEBI:58210;CHEBI:64607;O75306;O75380;O75438;O75489;O95139;O95167;O00217;O15239;O43181;O43674;O43676;O43677;O43678;O43920;O75251;P03897;P03901;P03905;P03915;P03923;P17568;P19404;O95168;O95169;O95178;O95182;O95298;O95299;O96000;P03886;P03891;Q9UI09;Q9Y6M9;P28331;P49821;P51970;P56181;P56556;Q16718;Q16795;Q86Y39;Q9NX14;Q9P0J0
prerank,Interleukin-7 sIL7RA-IL2RG receptor-ligand potentiating complex,0.5986449864498644,0.9996270241108403,0.4845814977973568,0.5285795708300847,1.0,2/3,29.05%,P31785;P13232-PRO_0000015623
prerank,Interleukin-7 mIL7R-IL2RG receptor-ligand signalling complex,0.5986449864498644,0.9991874386723765,0.47467438494934877,0.5286078733760677,1.0,2/3,29.05%,P31785;P13232-PRO_0000015623
prerank,"Nuclear mitotic cohesin complex, STAG2 variant",0.5621134084132187,0.9973638931220493,0.477088948787062,0.5300839434289732,1.0,3/4,34.74%,Q9UQE7;O60216;Q14683
prerank,Laminin-332 complex variant B,0.6008130081300812,0.9968133431690058,0.48214285714285715,0.5301918917418711,1.0,3/3,39.97%,Q13753;Q13751;Q16787-2
prerank,"Nuclear mitotic cohesin complex, STAG1 variant",0.5621134084132187,0.9943260911811704,0.4840499306518724,0.5322684036738318,1.0,3/4,34.74%,Q9UQE7;O60216;Q14683
prerank,GARP tethering complex,0.5624830577392247,0.9922919906528012,0.507482993197279,0.5339541074467777,1.0,4/4,43.81%,Q5VIR6;Q8N1B4;Q9UID3;Q9P1Q0
prerank,EARP tethering complex,0.5622119815668203,0.9906685266962527,0.49043715846994534,0.5351929297198721,1.0,4/4,43.84%,Q5VIR6;Q8N1B4;Q9UID3;Q96JG6
prerank,BOLA2-GLRX3 iron-sulfur cluster assembly complex,0.5634995933857414,0.9903530752739841,0.4904109589041096,0.5350613250787312,1.0,2/4,18.68%,CHEBI:16856;CHEBI:33737
prerank,3M complex,-0.47100271002710026,-0.9893807673115975,0.4691358024691358,0.4935838026163228,1.0,2/3,2.98%,O75147;Q9H0W5
prerank,Complement factor I-H-C3b complex,0.5951219512195122,0.9892369121523871,0.5155763239875389,0.5357312490403107,1.0,1/3,7.18%,CPX-973
prerank,"FTS-Hook-FHIP cargo adaptor complex, FHIP2A-HOOK2 variant",0.5923732094463801,0.9887110638816081,0.48695652173913045,0.5358454914273788,1.0,2/3,26.51%,Q9H8T0;Q96ED9
prerank,KIF3 complex variant AC-KAP3,0.6,0.9880144696415383,0.4841628959276018,0.5361527957715337,1.0,3/3,40.05%,Q9Y496;O14782;Q92845
prerank,MICOS mitochondrial contact site and cristae organizing system complex,0.5062398263700487,0.9792447955350523,0.5114320096269555,0.5450929641473398,1.0,7/7,49.47%,Q6UXV4;Q5XKP0;Q5TGZ0;Q16891;Q9NX63;Q9BUR5;Q9BRQ6
prerank,KICSTOR complex,0.5557061534291137,0.9774937709673881,0.5220883534136547,0.5465631096034511,1.0,4/4,44.49%,Q9Y664;Q96MD2;Q969R8;Q5T011
prerank,KIF3 complex variant AB-KAP3,0.5981029810298102,0.9771850671950947,0.5022222222222222,0.5464040434850276,1.0,3/3,40.24%,Q9Y496;Q92845;O15066
prerank,Fanconi anemia FANCM-FAAP24-MHF anchoring complex,0.5492003252914068,0.9766780711782075,0.5027777777777778,0.5465202263787294,1.0,4/4,45.14%,A8MT69;Q8N2Z9;Q9BTP7;Q8IYD8
prerank,Glutamate decarboxylase 1/2 complex,0.5975609756097561,0.9755475734799487,0.509375,0.5472808081128853,1.0,3/3,40.29%,CHEBI:18405;Q05329;Q99259
prerank,IkappaB kinase complex,0.5905149051490515,0.9741643110124856,0.5038284839203675,0.5483188257584882,1.0,3/3,41.00%,Q9Y6K9;O15111;O14920
prerank,Mitochondrial complex I intermediate assembly (MCIA) complex,0.5180363439110387,0.9729624451939513,0.5130759651307597,0.5491704204001439,1.0,6/6,48.28%,Q8IUX1;Q9Y375;Q9H845;Q9GZY4;Q9BQ95;Q96B77
prerank,Chitinase 3-like-1-tmem219-interleukin-13 receptor-ligand alpha-2 signalling complex,0.5551301165627542,0.9717062482717211,0.5271739130434783,0.5500653117355414,1.0,3/4,32.03%,P35225;Q14627;Q86XT9
prerank,Glycosylphosphatidylinositol-N-acetylglucosaminyltransferase complex,0.50244167118828,0.9712244531718756,0.527122641509434,0.5501128211017484,1.0,7/7,49.85%,O94777;Q14442;P57054;P37287;Q9BRB3;Q92535;Q3MUY2
prerank,RNA polymerase I selectivity factor 1 complex,0.5254338394793927,0.9633851081838423,0.5427069645203679,0.5583716583686005,1.0,1/5,7.47%,P20226
prerank,CENP-A recruiting complex,0.5878048780487803,0.9622276062382562,0.5161764705882353,0.5591318031034082,1.0,3/3,41.27%,O43482;Q9NYP9;Q6P0N0
prerank,"XPC complex, RAD23B variant",0.5829268292682926,0.9613049658231846,0.5064194008559201,0.5596685665336354,1.0,2/3,25.07%,P41208;Q01831
prerank,ISCA2-IBA57 mitochondrial iron-sulfur protein assembly complex,0.578048780487805,0.9578140029663667,0.5284178187403994,0.5629018590115035,1.0,2/3,25.56%,CHEBI:49601;Q86U28
prerank,NELF negative elongation factor complex ,0.5383572783952291,0.9555485848838832,0.5141700404858299,0.5648525200587007,1.0,4/4,46.22%,Q9H3P2;Q8WX92;Q8IXH7;P18615
prerank,Mitochondrial glutamyl-tRNA(Gln) amidotransferase complex,0.5726287262872628,0.9519589051685736,0.5051546391752577,0.5684243786365644,1.0,3/3,42.78%,Q9H0R6;O75879;O43716
prerank,Collagen type XI trimer variant 1,0.5691056910569106,0.9499401990868958,0.49244712990936557,0.5702970054990453,1.0,2/3,26.46%,P12107;P02458
prerank,"XPC complex, RAD23A variant",0.5829268292682926,0.9498601062909607,0.5412979351032449,0.569898248850246,1.0,2/3,25.07%,P41208;Q01831
prerank,Interleukin-2 receptor-ligand complex,0.5278937381404175,0.9480737686790598,0.5435393258426966,0.5713847950989682,1.0,1/4,7.23%,P31785
prerank,General transcription factor TFIIH complex,0.44442151004888647,0.9468160060911194,0.5542035398230089,0.5723586901656056,1.0,1/11,3.57%,CHEBI:49883
prerank,eNoSc complex,0.5710027100271002,0.9433704551904624,0.5294117647058824,0.575877026919643,1.0,3/3,42.95%,Q96EB6;O43463;O43159
prerank,CHRAC chromatin remodeling complex,0.5344492635763982,0.940470451750081,0.5245033112582781,0.5788600646144901,1.0,3/4,38.26%,O60264;Q9NRF9;Q9NRL2
prerank,SKI complex,-0.4582655826558265,-0.939445993151984,0.5222551928783383,0.5553799310258417,1.0,2/3,4.25%,Q15477;Q6PGP7
prerank,Interleukin-15 receptor-ligand complex,0.5278937381404175,0.9381612258522366,0.5733882030178327,0.5811975299436423,1.0,1/4,7.23%,P31785
prerank,GPI-anchor transamidase complex,0.5029826464208244,0.9380790504963152,0.5436766623207301,0.5808051395472877,1.0,5/5,49.77%,Q9H490;Q96S52;Q969N2;Q92643;O43292
prerank,Checkpoint clamp complex,0.5718157181571815,0.9370552259269859,0.527736131934033,0.5815259549790885,1.0,3/3,42.86%,Q99638;O60921;O60671
prerank,NRZ tethering complex,0.5699186991869919,0.9331844895857078,0.5537313432835821,0.5857178967072101,1.0,3/3,43.05%,O43264;Q6NUQ1;A2RRP1
prerank,Lymphotoxin-alpha-beta-LTBR receptor complex,0.5538908246225319,0.9305663588506361,0.5467289719626168,0.5884057210433533,1.0,2/3,30.35%,P01374;P36941
prerank,Mitochondrial NIAUFX iron-sulfur cluster assembly complex ,0.47395550732501346,0.9303087071912411,0.5781057810578106,0.5882371458138244,1.0,7/7,52.69%,CHEBI:597326;O14561;Q9H1K1;Q6P4F2;Q16595;Q9Y697;Q9HD34
prerank,USP46 deubiquitinase complex,0.557142857142857,0.9258430740256692,0.5442073170731707,0.5934521321578262,1.0,2/3,30.03%,Q8TAF3;Q8TBZ3
prerank,GTPase HRAS - Son of sevenless homolog 1 complex,0.5601626016260163,0.9234118860647941,0.5495495495495496,0.5960552435988045,1.0,2/3,24.02%,CHEBI:15996;P01112
prerank,"Cleavage stimulation factor complex, CSTF2T variant",0.5514905149051491,0.9210646566087386,0.5598755832037325,0.5986486745283961,1.0,2/3,24.88%,Q05048;Q12996
prerank,"Phosphorylase kinase, muscle variant",-0.43441734417344174,-0.9194558444592442,0.5319148936170213,0.5782063803874326,1.0,2/3,6.63%,P46020;Q16816
prerank,"Muscle-type nicotinic acetylcholine receptor complex, alpha1-beta1-delta-epsilon",0.5182976416373001,0.9184937932927083,0.5912208504801097,0.6014854017637211,1.0,3/4,33.93%,Q07001;P02708-PRO_0000000305;P11230-PRO_0000000315
prerank,GATOR1 complex,0.5539295392953929,0.9169689555721828,0.5601173020527859,0.6029355940536625,1.0,3/3,44.65%,Q8WTW4;Q12980;O75140
prerank,Fibrin complex,0.5533875338753388,0.9166940495938863,0.5718475073313783,0.6027575811161566,1.0,3/3,44.71%,P02679-PRO_0000009099;P02675-PRO_0000009071;P02671-PRO_0000009022
prerank,"Muscle-type nicotinic acetylcholine receptor complex, alpha1-beta1-delta-gamma",0.5182976416373001,0.9139453140553424,0.5776223776223777,0.6058452484526846,1.0,3/4,33.93%,Q07001;P02708-PRO_0000000305;P11230-PRO_0000000315
prerank,L3MBTL1 complex,0.55420054200542,0.9093292442371195,0.5659824046920822,0.6112318960446526,1.0,1/3,11.26%,P06400
prerank,Methylcrotonyl-CoA carboxylase complex,0.5506775067750678,0.9064023570976965,0.5964125560538116,0.6143966160410212,1.0,3/3,44.98%,CHEBI:57586;Q9HCC0;Q96RQ3
prerank,KEOPS tRNA N6-adenosine threonylcarbamoyltransferase complex,0.4659861429592918,0.9035682501432747,0.58875,0.61746964442116,1.0,1/6,7.96%,CHEBI:60240
prerank,Mitochondrial BOLA3-GLRX5 iron-sulfur cluster assembly complex,0.5139905424535405,0.9020300847473994,0.5953678474114441,0.6189290136730343,1.0,3/4,37.53%,CHEBI:16856;CHEBI:33737;Q86SX6
prerank,TIM22 mitochondrial inner membrane twin-pore carrier translocase complex,0.47545429888798485,0.8955050233219095,0.6032953105196451,0.6268256372020976,1.0,6/6,52.53%,Q9Y5J7;P62072;Q9Y584;Q9BSF4;Q6PF06;Q53H12
prerank,Mitochondrial BOLA1-GLRX5 iron-sulfur cluster assembly complex,0.5139905424535405,0.893017376894054,0.6152777777777778,0.6295587616978264,1.0,3/4,37.53%,CHEBI:16856;CHEBI:33737;Q86SX6
prerank,Dolichol-phosphate mannosyltransferase complex,0.5392953929539296,0.8921438278645764,0.6023564064801178,0.6301646989036631,1.0,3/3,46.11%,O94777;Q9P2X0;O60762
prerank,mTORC1 complex,0.5409214092140922,0.8898474355916645,0.6129985228951256,0.6325590046693783,1.0,2/3,25.94%,P42345;Q9BVC4
prerank,CRD-mediated mRNA stability complex,0.4705722809872524,0.8851525611044366,0.6163366336633663,0.6382994706072366,1.0,6/6,53.02%,O60506;CHEBI:33699;Q9NZI8;Q08211;Q00839;P67809
prerank,"Signal peptidase complex, SEC11C variant",0.49064787205204663,0.8780519398537464,0.5981182795698925,0.6470219980763482,1.0,3/4,36.69%,P61009;Q15005;Q9Y6A9
prerank,ASAP splicing-associated complex,0.5325203252032521,0.877270733364987,0.6174698795180723,0.6475842974277616,1.0,2/3,26.78%,O00422;Q15287
prerank,"Signal peptidase complex, SEC11A variant",0.49064787205204663,0.8745673298327176,0.6185852981969486,0.6506060231630368,1.0,3/4,36.69%,P61009;Q15005;Q9Y6A9
prerank,mCRD-poly(A)-bridging complex,0.4699023861171366,0.8679590064419034,0.611749680715198,0.6590754680004632,1.0,5/5,53.07%,O60506;P11940;O75534;Q9H074;Q14103
prerank,TTT complex,0.5140921409214092,0.8647720597039978,0.6735294117647059,0.662788188696417,1.0,3/3,48.63%,O43156;Q9Y4R8;Q6NXR4
prerank,BRCA1-PALB2-BRCA2 homologous recombination DNA repair complex,0.5149051490514904,0.8594701107645638,0.6646153846153846,0.6692597196237997,1.0,2/3,31.87%,P38398;P51587
prerank,NatC N-alpha-acetyltransferase complex,0.5341463414634146,0.8568918317443384,0.6819571865443425,0.6719321606593981,1.0,3/3,46.63%,Q147X3;Q9BRA0;Q5VZE5
prerank,SAM mitochondrial sorting and assembly machinery complex,0.5149051490514904,0.8463944699311482,0.6803030303030303,0.6841649521589875,1.0,3/3,48.55%,Q9Y512;Q13505;O75431
prerank,Interleukin-5 receptor-ligand complex,0.4385408190941145,0.8412945970273089,0.6204287515762925,0.6894337165037607,1.0,3/6,26.18%,P32927;O60674;P05113
prerank,"TAK1-TAB complex, TAB2 variant",0.5111111111111112,0.8401406412463417,0.6944024205748865,0.6900592928003279,1.0,2/3,28.92%,O43318;Q15750
prerank,TSC1-TSC2 complex,0.5065040650406503,0.838333404153862,0.685459940652819,0.6913306729059235,1.0,3/3,49.39%,Q9P0N9;Q92574;P49815
prerank,ISGF3 complex,0.5091753774680603,0.8327195699065385,0.6953352769679301,0.6964726661226391,1.0,2/3,34.82%,P42224;P52630
prerank,"RAVE complex, DMXL1 variant",0.5056910569105691,0.8322445357285211,0.7259475218658892,0.6963754261607858,1.0,2/3,29.46%,Q9GZN7;Q9Y4E6
prerank,"RAVE complex, DMXL2 variant",0.5056910569105691,0.8315712844278975,0.6925287356321839,0.6964777463677694,1.0,2/3,29.46%,Q9GZN7;Q9Y4E6
prerank,Condensin I complex,0.4471258134490238,0.8303177361263803,0.6649282920469362,0.6972102838776965,1.0,5/5,55.35%,Q9NTJ3;O95347;Q9BPX3;Q15021;Q15003
prerank,"TAK1-TAB complex, TAB3 variant",0.5111111111111112,0.8301953744482283,0.7292307692307692,0.6967472089371949,1.0,2/3,28.92%,O43318;Q15750
prerank,E3 ligase (RANBP2) complex,0.4913279132791328,0.8233079336819413,0.6916030534351145,0.7033238975405806,1.0,3/3,50.91%,P49792;P63279;P46060
prerank,RQT ribosome-associated quality control trigger complex,0.49945799457994583,0.8227168799600763,0.6983655274888558,0.703392574434004,1.0,3/3,50.09%,Q8N3C0;Q9H1I8;Q15650
prerank,RFX gene regulatory complex,0.510840108401084,0.8225763422029155,0.7383040935672515,0.7029631889714757,1.0,3/3,48.96%,P48382;O14593;O00287
prerank,Telomerase holoenzyme complex,0.42105263157894746,0.8210977015994747,0.6772616136919315,0.7039406364122228,1.0,7/7,57.97%,O14746;URS00004A7003_9606;Q9NX24;Q9NPE3;Q9BUR4;O60832;Q9NY12
prerank,ASCC DNA alkylation repair complex,0.4991869918699188,0.8207381507457262,0.7061538461538461,0.7037656608176055,1.0,3/3,50.12%,Q8N3C0;Q9H1I8;Q8N9N2
prerank,Condensin II complex,0.43953362255965284,0.8161411977691228,0.688212927756654,0.7081466751990805,1.0,5/5,56.11%,Q9NTJ3;O95347;Q86XI2;Q6IBW4;P42695
prerank,"Retromer complex, VPS26B variant",0.500271002710027,0.8146643864286847,0.7352941176470589,0.7090676619533722,1.0,2/3,33.33%,Q9UBQ0;Q96QK1
prerank,"Retromer complex, VPS26A variant",0.500271002710027,0.809316647670624,0.7166416791604198,0.7142138098953811,1.0,2/3,33.33%,Q9UBQ0;Q96QK1
prerank,Fibrinogen complex,-0.39295392953929537,-0.7991554612091099,0.6706231454005934,0.7600841021400999,1.0,3/3,60.76%,P02671-PRO_0000009021;P02675-PRO_0000009070;P02679-PRO_0000009099
prerank,Granulocyte-macrophage colony-stimulating factor-receptor complex,0.4548658172946598,0.785812955382687,0.7030812324929971,0.7380649851434451,1.0,2/4,25.97%,P32927;O60674
prerank,"SEC61 protein-conducting channel complex, SEC1A1 variant",0.4693766937669377,0.7765256704748315,0.7605421686746988,0.7469204765316404,1.0,2/3,33.09%,P60468;P60059
prerank,"SEC61 protein-conducting channel complex, SEC1A2 variant",0.4693766937669377,0.7702465513217943,0.7589285714285714,0.7527438288037245,1.0,2/3,33.09%,P60468;P60059
prerank,Collagen type IV trimer variant 3,-0.3712737127371274,-0.7636929728553851,0.7560975609756098,0.8084674701444913,1.0,2/3,12.94%,P53420;Q01955
prerank,Mitotic Checkpoint Complex,0.4250474383301707,0.7632882138821799,0.7440890125173852,0.7593226869198433,1.0,4/4,57.54%,Q13257;Q12834;O60566;O43684
prerank,Shieldin complex,0.43561940905394425,0.7586862466293398,0.7533875338753387,0.7634558273184925,1.0,4/4,56.49%,Q9UI95;Q8IYI0;Q86V20;Q6ZNX1
prerank,"Replication protein A complex, RPA4 variant",0.4525745257452575,0.7484707775405464,0.8,0.7732985026661354,1.0,3/3,54.78%,P27694;P35244;Q13156
prerank,"Replication protein A complex, RPA2 variant",0.4523035230352304,0.7452182436877448,0.7794561933534743,0.7761802525464523,1.0,3/3,54.81%,P27694;P35244;P15927
prerank,Alternative pathway fluid-phase C3 convertase complex C3(H2O)Bb,0.4487804878048781,0.7343586406429073,0.7893939393939394,0.7871487226305816,1.0,2/3,35.15%,P00751-PRO_0000027547;P01024-PRO_0000005908
prerank,RZZ complex,0.44471544715447153,0.7316401151141539,0.773071104387292,0.7894385819598275,1.0,3/3,55.56%,O43264;Q9H900;P50748
prerank,CCM endothelial permeability complex,0.4387533875338754,0.7301938205720879,0.802710843373494,0.7903246772124468,1.0,3/3,56.16%,O00522;Q9BUL8;Q9BSQ5
prerank,LIFT actin modulation complex,0.40824071564109526,0.7262171964907447,0.7792732166890982,0.7940944487436778,1.0,4/4,59.22%,Q9UM54;Q9NZN5;O14908;Q9P0V3
prerank,Classical and lectin pathway C3 convertase complex C4b2a-A,-0.31526158850637026,-0.7153843196539459,0.8346774193548387,0.8720871081892252,1.0,4/4,68.54%,P0C0L4-PRO_0000005966;P0C0L4-PRO_0000005970;P0C0L4-PRO_0000005972;P06681-PRO_0000027612
prerank,Retention and splicing complex,-0.31680216802168026,-0.6796463144078014,0.8957055214723927,0.9104533229127022,1.0,2/3,18.39%,Q9BRD0;Q9Y388
prerank,DISP septin regulator complex,0.40840108401084013,0.6709668396756667,0.9,0.8552050668064789,1.0,3/3,59.19%,Q9UM54;Q96N67;Q96II8
prerank,Interleukin-3 receptor-ligand complex,0.4065040650406505,0.6668900098511618,0.8685015290519877,0.8588332092148588,1.0,1/3,19.36%,P32927
prerank,"Methyltransferase complex, METTL3-METTL14",0.3894308943089432,0.6484734023346015,0.9337442218798151,0.8766561576288151,1.0,1/3,21.07%,CHEBI:67040
prerank,mTORC2 complex,0.354934924078091,0.6421660059975526,0.8642951251646904,0.8818013189159309,1.0,5/5,64.55%,P42345;Q9BVC4;Q9BPZ7;Q6R327;P85299
prerank,BRCA1-C complex,0.37940379403794044,0.635003958489118,0.9212827988338192,0.8873664144427202,1.0,1/3,22.07%,CPX-715
prerank,Interleukin-18 receptor-ligand complex,-0.2970189701897019,-0.6263517374924403,0.9093851132686084,0.9582080054800142,1.0,3/3,70.35%,Q13478;O95256;Q14116
prerank,"Phosphorylase kinase, liver variant",-0.29728997289972897,-0.6250201932647425,0.9298780487804879,0.9509744703623388,1.0,3/3,70.32%,P15735;P46019;Q93100
prerank,U4/U6 small nuclear ribonucleoprotein complex,0.37615176151761526,0.6249208244306517,0.9407294832826748,0.8952194074582737,1.0,1/3,22.39%,Q8WWY3
prerank,Membrane bound interleukin-6 mIL6R receptor-ligand cluster-signalling complex,-0.29024390243902437,-0.6246621568841881,0.9404761904761905,0.9429295242179295,1.0,3/3,71.03%,P05231-PRO_0000015582;P08887-1;P40189-1
prerank,ABCB10-ABCB7-FECH ABC transporter ,0.3355923014367038,0.6000041785622369,0.8876712328767123,0.9122410411907749,1.0,4/4,66.48%,CHEBI:190135;Q9NRK6;P22830;O75027
prerank,Interleukin-12-receptor ligand complex,-0.28780487804878047,-0.5975027671903874,0.9495548961424333,0.9570980313662695,1.0,3/3,71.27%,CPX-381;Q99665-PRO_0000010920;P42701-PRO_0000010917
prerank,MSL histone acetyltransferase complex,0.32420710219571713,0.5848778097445586,0.9172320217096337,0.9214546512782443,1.0,4/4,67.61%,Q9H7Z6;Q9HCI7;Q8N5Y2;Q68DK7
prerank,BLOC-1 complex,0.29172320217096337,0.5800640123672129,0.8934426229508197,0.9236284890508184,1.0,3/8,25.40%,O95295;P78537;Q6QNY1
prerank,Signal recognition particle receptor complex,0.26016260162601623,0.4242417499985258,0.9891304347826086,0.9916792255739221,1.0,1/3,23.99%,CHEBI:15996
