Name,Term,ES,NES,NOM p-val,FDR q-val,FWER p-val,Tag %,Gene %,Lead_genes
prerank,"Intron Lariat Spliceosome, type 1 complex",0.9830673051343441,1.91373778023844,0.0,0.0,0.0,31/32,1.36%,P62306;P62308;P14678;P62304;P62318;P62314;P62316;URS00006A1489_9606;P08579;P09661;CHEBI:139356;URS00006767A8_9606;Q96DI7;Q15029;Q6P2Q9;Q13573;URS000075BAAE_9606;O43660;Q99459;Q9P013;O60306;Q9UNP9;Q9HCS7;Q9BZJ0;Q9NW64;P41223;Q9UMS4;O75934;O60508;Q9Y3C6;O95926
prerank,Major Spliceosomal Post-B-act complex,0.9691728019182632,1.89570528523485,0.0,0.0,0.0,39/41,1.44%,P62306;P62308;P14678;P62304;P62318;P62314;P62316;URS00006A1489_9606;P08579;P09661;Q15393;CHEBI:139356;Q9BWJ5;URS00006767A8_9606;Q96DI7;Q15029;Q6P2Q9;O75533;Q15427;Q13435;Q13573;URS000075BAAE_9606;O43660;Q99459;Q9P013;O60306;Q9UNP9;Q9HCS7;Q9BZJ0;Q9NW64;P41223;Q9UMS4;O75934;Q9HCG8;Q9UQ35;O60508;Q9Y3C6;O95926;Q7RTV0
prerank,39S mitochondrial large ribosomal subunit,0.9713322091062384,1.8944068216978236,0.0,0.0,0.0,54/54,4.32%,Q8TCC3;Q8TAE8;Q96A35;Q9BYD1;Q9BYC9;Q9BYC8;URS000080E36F_9606;Q9NQ50;Q9NRX2;Q9NVS2;Q9NWU5;Q9BZE1;Q9BYD6;Q9BYD3;Q9BYD2;Q5T653;Q6P161;P52815;Q7Z7F7;Q8N983;Q8N5N7;Q8IXM3;Q4U2R6;O75394;Q96DV4;Q96EL3;URS000047A7F4_9606;Q7Z2W9;Q7Z7H8;Q86TS9;Q9BQC6;Q96GC5;Q6P1L8;P49406;P09001;Q9BRJ2;Q9BQ48;Q16540;Q14197;Q13405;Q13084;Q9H0U6;Q9NX20;Q9NYK5;Q9NZE8;Q9P015;Q9P0J6;Q9P0M9;Q9Y3B7;Q9Y6G3;Q9H2W6;Q9H9J2;Q9HD33;Q9NP92
prerank,"Intron Lariat Spliceosome, type 2 complex",0.9714412504314385,1.8920835779506482,0.0,0.0,0.0,31/33,1.36%,P62306;P62308;P14678;P62304;P62318;P62314;P62316;URS00006A1489_9606;P08579;P09661;CHEBI:139356;URS00006767A8_9606;Q96DI7;Q15029;Q6P2Q9;Q13573;URS000075BAAE_9606;O43660;Q99459;Q9P013;O60306;Q9UNP9;Q9HCS7;Q9BZJ0;Q9NW64;P41223;Q9UMS4;O75934;O60508;Q9Y3C6;O95926
prerank,60S cytosolic large ribosomal subunit,0.9683029453015423,1.8906930782663318,0.0,0.0,0.0,47/47,4.43%,P40429;P18124;P18077;P05388;P05387;P42766;P46776;URS000075D341_9606;P36578;P32969;P62945;P62987;P83731;P63173;P84098;P30050;P62917;P61513;P50914;P49207;P26373;P18621;P62750;P62829;P62888;P62424;P62910;Q02543;P62906;P62899;P61927;URS0000ABD82A_9606;P05386;P62913;P61353;P61313;URS00000F9D45_9606;Q9Y3U8;Q07020;Q02878;P46777;P46778;P46779;P47914;P39023;P27635;P62891
prerank,"60S cytosolic large ribosomal subunit, testis-specific variant",0.9663394109396908,1.8872937602376547,0.0,0.0,0.0,47/47,4.62%,P40429;P18124;P18077;P05388;P05387;P42766;P46776;URS000075D341_9606;P36578;P32969;P62945;P62987;P83731;P63173;P84098;P30050;P62917;P61513;P50914;P49207;P26373;P18621;P62750;P62829;P62888;P62424;P62910;Q02543;P62906;P62899;P61927;URS0000ABD82A_9606;P05386;P62913;P61353;P61313;URS00000F9D45_9606;Q9Y3U8;Q07020;Q02878;P46777;P46778;P46779;P47914;P39023;Q96EH5;Q96L21
prerank,"60S cytosolic large ribosomal subunit, striated muscle variant",0.9668911335577994,1.8856428458874925,0.0,0.0,0.0,48/48,4.60%,P40429;P18124;P18077;P05388;P05387;P42766;P46776;URS000075D341_9606;P36578;P32969;P62945;P62987;P83731;P63173;P84098;P30050;P62917;P61513;P50914;P49207;P26373;P18621;P62750;P62829;P62888;P62424;P62910;Q02543;P62906;P62899;P61927;URS0000ABD82A_9606;P05386;P62913;P61353;P61313;URS00000F9D45_9606;Q9Y3U8;Q07020;Q02878;P46777;P46778;P46779;P47914;P27635;P62891;P83881;Q92901
prerank,Major Spliceosomal B-act-IV complex,0.9562049118229555,1.8774468030712104,0.0,0.0,0.0,40/43,1.44%,P62306;P62308;P14678;P62304;P62318;P62314;P62316;URS00006A1489_9606;P08579;P09661;Q15393;CHEBI:139356;Q9BWJ5;URS00006767A8_9606;Q96DI7;Q15029;Q6P2Q9;O75533;Q12874;Q15427;Q13435;Q13573;URS000075BAAE_9606;O43660;Q99459;Q9P013;O60306;Q9UNP9;Q9HCS7;Q9BZJ0;Q9NW64;P41223;Q9UMS4;O75934;Q9HCG8;Q9UQ35;O60508;Q9Y3C6;O95926;Q7RTV0
prerank,Mitochondrial respiratory chain complex I,0.9536907100757794,1.874311073841589,0.0,0.0,0.0,49/49,5.92%,CHEBI:49601;CHEBI:16238;O14561;O95169;O43920;Q9Y6M9;P03901;P03897;P56556;Q16718;P51970;P56181;Q9NX14;O43674;Q9UI09;P03891;O95298;O95299;O15239;O43181;P49821;O43676;Q86Y39;Q16795;O95168;O75438;O95167;P17568;P28331;O43677;O43678;O95139;O75489;O95182;O75251;O75380;P03923;P03915;O95178;CHEBI:58210;CHEBI:30408;O75306;P19404;Q9P0J0;P03905;CHEBI:64607;O00217;P03886;O96000
prerank,Major Spliceosomal B-act-III complex,0.9503645541222653,1.8723821948433141,0.0,0.0,0.0,46/46,6.17%,P62306;P62308;P14678;P62304;P62318;P62314;P62316;URS00006A1489_9606;P08579;P09661;Q15393;CHEBI:139356;Q9BWJ5;URS00006767A8_9606;Q96DI7;Q15029;Q6P2Q9;O75643;O75533;Q12874;Q15427;Q13435;Q15428;Q15459;Q13573;URS000075BAAE_9606;O43660;Q99459;Q9P013;O60306;Q9UNP9;Q9HCS7;Q9BZJ0;Q9NW64;P41223;Q9UMS4;O75934;Q9HCG8;Q9UQ35;O60508;Q9Y3C6;Q7RTV0;O15541;Q13356;Q8WUA2;O60231
prerank,Major Spliceosomal B complex,0.9430894308943091,1.8702830514150874,0.0,0.0,0.0,45/45,6.87%,P62306;P62308;P14678;P62304;P62318;P62314;P62316;URS00006A1489_9606;P08579;P09661;Q15393;CHEBI:139356;Q9BWJ5;URS00006767A8_9606;Q96DI7;Q15029;Q6P2Q9;O75643;O75533;Q12874;Q15427;Q13435;Q15428;Q15459;P55769;Q9Y3B4;Q9BUQ8;Q8WWY3;O94906;Q9Y4Z0;Q9Y333;P62310;O95777;Q9UK45;P62312;Q9Y4Y9;URS0000631BD4_9606;URS0000715A86_9606;Q53GS9;P83876;O43172;O43290;O43395;Q9BTD8;Q8WVK2
prerank,Major Spliceosomal B-act-II complex,0.9495657046791821,1.8666783391311568,0.0,0.0,0.0,43/43,6.17%,P62306;P62308;P14678;P62304;P62318;P62314;P62316;URS00006A1489_9606;P08579;P09661;Q15393;CHEBI:139356;Q9BWJ5;URS00006767A8_9606;Q96DI7;Q15029;Q6P2Q9;O75643;O75533;Q12874;Q15427;Q13435;Q15428;Q15459;Q13573;URS000075BAAE_9606;O43660;Q99459;Q9P013;O60306;Q9UNP9;Q9HCS7;Q9BZJ0;Q9NW64;P41223;Q9HCG8;Q9UQ35;Q9Y3C6;Q7RTV0;O15541;Q13356;Q8WUA2;O60231
prerank,Major Spliceosomal B-act-I complex,0.9422645739910313,1.8599211729338552,0.0,0.0,0.0,44/44,6.92%,P62306;P62308;P14678;P62304;P62318;P62314;P62316;URS00006A1489_9606;P08579;P09661;Q15393;CHEBI:139356;Q9BWJ5;URS00006767A8_9606;Q96DI7;Q15029;Q6P2Q9;O75643;O75533;Q12874;Q15427;Q13435;Q15428;Q15459;Q13573;URS000075BAAE_9606;O43660;Q99459;Q9P013;O60306;Q9UNP9;Q9HCS7;Q9BZJ0;Q9NW64;P41223;Q9Y3B4;Q9HCG8;Q9UQ35;Q7RTV0;O15541;Q13356;CPX-26447;Q8IYB3;Q6UX04
prerank,Major Spliceosomal Pre-B-act complex,0.9426237204594538,1.8538788669893917,0.0,0.0,0.0,37/41,1.44%,P62306;P62308;P14678;P62304;P62318;P62314;P62316;URS00006A1489_9606;P08579;P09661;Q15393;CHEBI:139356;Q9BWJ5;URS00006767A8_9606;Q96DI7;Q15029;Q6P2Q9;O75643;O75533;Q12874;Q15427;Q13435;Q15428;Q15459;Q13573;URS000075BAAE_9606;O43660;Q99459;Q9P013;O60306;Q9UNP9;Q9HCS7;Q9BZJ0;Q9NW64;P41223;Q9Y3B4;Q7RTV0
prerank,Major Post-catalytic P Spliceosome complex,0.9445533464015683,1.849264876275802,0.0,0.0,0.0,41/41,6.62%,P62306;P62308;P14678;P62304;P62318;P62314;P62316;URS00006A1489_9606;P08579;P09661;CHEBI:139356;URS00006767A8_9606;Q96DI7;Q15029;Q6P2Q9;O75643;Q13573;URS000075BAAE_9606;O43660;Q99459;Q9P013;O60306;Q9UNP9;Q9HCS7;Q9BZJ0;Q9NW64;P41223;Q9UMS4;O75934;Q9HCG8;Q9UQ35;O60508;Q9Y3C6;O95926;P38919;Q9Y5S9;P61326;O15234;O95391;Q9H875;Q14562
prerank,Major Spliceosomal C* complex,0.9425448430493273,1.849100627546129,0.0,0.0,0.0,44/44,6.89%,P62306;P62308;P14678;P62304;P62318;P62314;P62316;URS00006A1489_9606;P08579;P09661;CHEBI:139356;URS00006767A8_9606;Q96DI7;Q15029;Q6P2Q9;O75643;Q13573;URS000075BAAE_9606;O43660;Q99459;Q9P013;O60306;Q9UNP9;Q9HCS7;Q9BZJ0;Q9NW64;P41223;Q9UMS4;O75934;Q9HCG8;Q9UQ35;O60508;Q9Y3C6;O95926;P38919;Q9Y5S9;P61326;O15234;Q8WUQ7;O95391;Q9H875;Q14562;Q9Y421;Q8N5F7
prerank,U4/U6.U5 small nuclear ribonucleoprotein complex,0.939664804469274,1.8459908727890837,0.0,0.0,0.0,32/32,6.87%,P62306;P62308;P14678;P62304;P62318;P62314;P62316;URS00006767A8_9606;Q96DI7;Q15029;Q6P2Q9;O75643;P55769;Q9BUQ8;Q8WWY3;O94906;Q9Y4Z0;Q9Y333;P62310;O95777;Q9UK45;P62312;Q9Y4Y9;URS0000631BD4_9606;URS0000715A86_9606;Q53GS9;P83876;O43172;O43290;O43395;Q9BTD8;Q8WVK2
prerank,Major Spliceosomal C complex,0.9389184645558978,1.8412907612887242,0.0,0.0,0.0,43/43,7.23%,P62306;P62308;P14678;P62304;P62318;P62314;P62316;URS00006A1489_9606;P08579;P09661;CHEBI:139356;URS00006767A8_9606;Q96DI7;Q15029;Q6P2Q9;O75643;Q13573;URS000075BAAE_9606;O43660;Q99459;Q9P013;O60306;Q9UNP9;Q9HCS7;Q9BZJ0;Q9NW64;P41223;Q9UMS4;O75934;Q9HCG8;Q9UQ35;O60508;Q9Y3C6;O95926;Q9ULR0;Q14331;Q9NXE8;Q96BP3;CPX-1941;Q86X95;Q92620;Q9NW82;Q9BW85
prerank,Major Spliceosomal Pre-C*-II complex,0.9411599887923787,1.8378465253633944,0.0,0.0,0.0,43/43,7.00%,P62306;P62308;P14678;P62304;P62318;P62314;P62316;URS00006A1489_9606;P08579;P09661;CHEBI:139356;URS00006767A8_9606;Q96DI7;Q15029;Q6P2Q9;Q13573;URS000075BAAE_9606;O43660;Q99459;Q9P013;O60306;Q9UNP9;Q9HCS7;Q9BZJ0;Q9NW64;P41223;Q9UMS4;O75934;Q9HCG8;Q9UQ35;O60508;Q9Y3C6;O95926;P38919;Q9Y5S9;P61326;O15234;Q8WUQ7;O95391;Q9H875;Q14562;Q9Y421;Q9GZU8
prerank,Major Spliceosomal Pre-C*-I complex,0.9401063532045896,1.8341961975550494,0.0,0.0,0.0,39/39,7.00%,P62306;P62308;P14678;P62304;P62318;P62314;P62316;URS00006A1489_9606;P08579;P09661;CHEBI:139356;URS00006767A8_9606;Q96DI7;Q15029;Q6P2Q9;Q13573;URS000075BAAE_9606;O43660;Q99459;Q9P013;O60306;Q9UNP9;Q9HCS7;Q9BZJ0;Q9NW64;P41223;Q9UMS4;O75934;Q9HCG8;Q9UQ35;O60508;Q9Y3C6;O95926;P38919;Q9Y5S9;P61326;O15234;Q14562;Q9GZU8
prerank,U2 small nuclear ribonucleoprotein complex,0.9439881059910519,1.8149814173312677,0.0,0.0,0.0,20/23,1.44%,P62306;P62308;P14678;P62304;P62318;P62314;P62316;URS00006A1489_9606;P08579;P09661;Q15393;Q9BWJ5;O75533;Q12874;Q15427;Q13435;Q15428;Q15459;Q9Y3B4;Q7RTV0
prerank,19S-20S-PA28-alphabeta hybrid proteasome complex,0.9233994967850153,1.7946385594853693,0.0,0.0,0.0,35/35,8.55%,P60900;P49721;P25787;P49720;P28070;P25789;P20618;P25788;P28066;P25786;O14818;P60896;P28074;Q99436;P28072;O43242;Q15008;Q9UNM6;P62191;P62195;P35998;P43686;P48556;O00232;Q16186;P62333;P17980;Q99460;P51665;O00487;O00231;Q13200;P55036;Q9UL46;Q06323
prerank,Major Spliceosomal Pre-B complex,0.9302006716705432,1.7918288503632127,0.0,0.0,0.0,21/26,1.44%,P62306;P62308;P14678;P62304;P62318;P62314;P62316;URS00006A1489_9606;P08579;P09661;Q15393;CHEBI:139356;Q9BWJ5;O75533;Q12874;Q15427;Q13435;Q15428;Q15459;Q9Y3B4;Q7RTV0
prerank,30S proteasome complex,0.9240011176306233,1.7890501080643926,0.0,0.0,0.0,33/33,8.44%,P60900;P49721;P25787;P49720;P28070;P25789;P20618;P25788;P28066;P25786;O14818;P60896;P28074;Q99436;P28072;O43242;Q15008;Q9UNM6;P62191;P62195;P35998;P43686;P48556;O00232;Q16186;P62333;P17980;Q99460;P51665;O00487;O00231;Q13200;P55036
prerank,26S proteasome complex,0.9240011176306233,1.7890501080643926,0.0,0.0,0.0,33/33,8.44%,P60900;P49721;P25787;P49720;P28070;P25789;P20618;P25788;P28066;P25786;O14818;P60896;P28074;Q99436;P28072;O43242;Q15008;Q9UNM6;P62191;P62195;P35998;P43686;P48556;O00232;Q16186;P62333;P17980;Q99460;P51665;O00487;O00231;Q13200;P55036
prerank,19S-20S-PA28-gamma hybrid proteasome complex,0.9206260480715488,1.7840454580041705,0.0,0.0,0.0,34/34,8.80%,P60900;P49721;P25787;P49720;P28070;P25789;P20618;P25788;P28066;P25786;O14818;P60896;P28074;Q99436;P28072;O43242;Q15008;Q9UNM6;P62191;P62195;P35998;P43686;P48556;O00232;Q16186;P62333;P17980;Q99460;P51665;O00487;O00231;Q13200;P55036;P61289
prerank,40S cytosolic small ribosomal subunit,0.9111483654652133,1.7799715008542698,0.0,0.0,0.0,33/33,9.72%,P15880;P62269;P62861;P62854;P46783;P23396;P62280;P46782;P61247;P60866;P62081;URS0000704D22_9606;P62273;P62249;P62266;P62263;P63220;P62979;P08865;P08708;P39019;P46781;P62241;P62244;P25398;P62857;[P62701];P62841;P62847;P62753;P62851;P62277;P63244
prerank,Nuclear pore complex,0.9008379888268156,1.7603598473809319,0.0,0.0,0.0,32/32,10.71%,P55735;Q96EE3;P49792;Q5SRE5;Q53GS7;Q7Z3B4;Q12769;Q9UKX7;P78406;P57740;Q8NFH5;Q8NFH4;Q8NFH3;Q92621;P35658;P12270;O15504;Q8TEM1;Q8WUM0;Q8WYP5;Q9NRG9;P37198;O75694;Q9BW27;Q9BVL2;Q8N1F7;Q9BTX1;Q99567;Q96HA1;P52948-PRO_0000019930;P49790;P52948-PRO_0000019929
prerank,U5 small nuclear ribonucleoprotein complete complex,0.9317668578335422,1.7497672180491484,0.0,0.0,0.0,14/15,6.09%,P62306;P62308;P14678;P62304;P62318;P62314;P62316;Q96DI7;Q15029;Q6P2Q9;O75643;URS000075BAAE_9606;Q9BUQ8;O94906
prerank,19S proteasome regulatory complex,0.9204007792930701,1.7322169275418138,0.0,0.0,0.0,19/19,8.44%,P60896;O43242;Q15008;Q9UNM6;P62191;P62195;P35998;P43686;P48556;O00232;Q16186;P62333;P17980;Q99460;P51665;O00487;O00231;Q13200;P55036
prerank,Sm complex,0.9994452149791957,1.7258220503491868,0.0,0.0,0.0,7/7,0.25%,P62306;P62308;P14678;P62304;P62318;P62314;P62316
prerank,PA28-alphabeta single-capped 20S proteasome complex,0.9185205784204674,1.7256727738400426,0.0,0.0,0.0,16/16,8.55%,P60900;P49721;P25787;P49720;P28070;P25789;P20618;P25788;P28066;P25786;O14818;P28074;Q99436;P28072;Q9UL46;Q06323
prerank,PA28-alphabeta double-capped 20S proteasome complex,0.9185205784204674,1.7256727738400426,0.0,0.0,0.0,16/16,8.55%,P60900;P49721;P25787;P49720;P28070;P25789;P20618;P25788;P28066;P25786;O14818;P28074;Q99436;P28072;Q9UL46;Q06323
prerank,28S mitochondrial small ribosomal subunit,0.8910918737782737,1.7200320294372982,0.0,0.0,0.0,31/31,11.66%,P82663;O60783;P82921;Q9Y2Q9;Q92552;Q9BYN8;Q96EY7;P82650;Q9Y676;Q9Y3D9;Q9Y3D5;URS000044DFF6_9606;Q9Y2R5;Q9Y2R9;Q9Y399;P82673;P82912;Q9Y291;Q9NWT8;Q9Y3D3;P51398;P82675;P82664;Q92665;P82930;P82932;O15235;Q96BP2;Q96EL2;P82914;P82933
prerank,20S proteasome complex,0.9249583101723178,1.7175394433657547,0.0,0.0,0.0,14/14,7.86%,P60900;P49721;P25787;P49720;P28070;P25789;P20618;P25788;P28066;P25786;O14818;P28074;Q99436;P28072
prerank,Small ribosomal subunit processome,0.8836170806586663,1.7136419456988947,0.0,0.0,0.0,29/29,12.35%,P55769;Q9NV06;Q9Y2X3;O00567;P22087;Q9Y324;Q9Y3A2;CPX-2478;Q9NY61;Q8NEJ9;Q92979;Q9BVI4;CPX-2688;Q14692;Q9Y3A4;Q9BVJ6;P78316;Q9H6R4;CPX-2450;O15213;Q9NQZ2;Q5QJE6;Q9NRX1;Q9H0A0;Q9Y2P8;Q13601;Q8NDD1;O75691;O43818
prerank,PA28-gamma double-capped 20S proteasome complex,0.9157631359466221,1.710805334889455,0.0,0.0,0.0,15/15,8.80%,P60900;P49721;P25787;P49720;P28070;P25789;P20618;P25788;P28066;P25786;O14818;P28074;Q99436;P28072;P61289
prerank,PA28-gamma single-capped 20S proteasome complex,0.9157631359466221,1.710805334889455,0.0,0.0,0.0,15/15,8.80%,P60900;P49721;P25787;P49720;P28070;P25789;P20618;P25788;P28066;P25786;O14818;P28074;Q99436;P28072;P61289
prerank,U4 small nuclear ribonucleoprotein complex,0.9347403499028047,1.700604600718674,0.0,0.0,0.0,11/11,6.81%,P62306;P62308;P14678;P62304;P62318;P62314;P62316;P55769;URS0000715A86_9606;O43172;O43395
prerank,U7 small nuclear ribonucleoprotein complex,0.9606280554979987,1.6923712561267255,0.0,0.0,0.0,5/8,0.19%,P62306;P62308;P14678;P62304;P62318
prerank,SF3B complex,0.9875173370319,1.6903145499496117,0.0,0.0,0.0,7/7,1.44%,Q15393;Q9BWJ5;O75533;Q15427;Q13435;Q9Y3B4;Q7RTV0
prerank,PA200-20S single-capped proteasome,0.9005896217862714,1.678870968759597,0.0,0.0,0.0,14/15,7.86%,P60900;P49721;P25787;P49720;P28070;P25789;P20618;P25788;P28066;P25786;O14818;P28074;Q99436;P28072
prerank,PA200-20S-PA200 double-capped proteasome complex,0.9005896217862714,1.678870968759597,0.0,0.0,0.0,14/15,7.86%,P60900;P49721;P25787;P49720;P28070;P25789;P20618;P25788;P28066;P25786;O14818;P28074;Q99436;P28072
prerank,SAM mitochondrial sorting and assembly machinery complex,-0.8573011914657801,-1.676567862325837,0.0,1.0,0.781,3/3,14.37%,Q13505;O75431;Q9Y512
prerank,Core mediator complex,0.8689347462353594,1.6667184103093522,0.0,0.0,0.0,26/26,13.73%,Q9BTT4;Q9Y2X0;Q9Y3C7;Q9H204;Q9NWA0;Q9NPJ6;Q9ULK4;Q96RN5;A0JLT2;O43513;O60244;O75448;Q9H944;Q15648;Q96G25;Q71SY5;Q6P2C8;Q9BUE0;Q9P086;Q9NX70;Q13503;O95402;O75586;Q96HR3;Q9NVC6;Q15528
prerank,20S spermatoproteasome complex,0.9003358086993816,1.6624624162625212,0.0,2.1068862814160768e-05,0.001,13/14,7.86%,P60900;P49721;P25787;P49720;P28070;P25789;P20618;P25788;P28066;P25786;P28074;Q99436;P28072
prerank,NineTeen Core complex,0.9573514533675231,1.6337850689487972,0.0,0.0001648867524586495,0.006,5/7,1.22%,O43660;Q99459;Q9P013;Q9UMS4;O75934
prerank,Collagen type IX trimer,-0.8470490440565254,-1.6329828553253694,0.007633587786259542,1.0,0.906,3/3,15.39%,Q14055;Q14050;P20849
prerank,TFTC histone acetylation complex,0.8644963828603228,1.632938238192338,0.0,0.00016137852368293355,0.006,18/18,13.98%,Q9Y4A5;Q16514;Q16594;Q12962;O75528;Q92830;Q9NPA8;O75486;O75529;O15265;CHEBI:27363;Q14CW9;Q9UPT9;Q6P1X5;Q15545;P49848;Q15542;O00268
prerank,"SAGA complex, KAT2A variant",0.8588137009189638,1.6317706415818578,0.0,0.00015801647110620575,0.006,21/21,14.62%,Q15393;Q9BWJ5;Q9Y4A5;Q16514;Q16594;Q12962;O75528;Q92830;Q9NPA8;Q96ES7;O75486;O75529;O15265;CHEBI:27363;Q14CW9;Q9UPT9;Q9Y6J9;Q86TJ2;O94864;Q96BN2;Q8NEM7
prerank,"SAGA complex, KAT2B variant",0.858813700918964,1.631452777031888,0.0,0.0001741406008109206,0.007,21/21,14.62%,Q15393;Q9BWJ5;Q9Y4A5;Q16514;Q16594;Q12962;O75528;Q9NPA8;Q96ES7;O75486;O75529;Q92831;O15265;CHEBI:27363;Q14CW9;Q9UPT9;Q9Y6J9;Q86TJ2;O94864;Q96BN2;Q8NEM7
prerank,TSC1-TSC2 complex,-0.857578276530895,-1.6295470830182843,0.011278195488721804,1.0,0.915,3/3,14.34%,Q9P0N9;Q92574;P49815
prerank,KMN complex,-0.8611803823773899,-1.628876664430803,0.018656716417910446,1.0,0.916,3/3,13.98%,CPX-5644;CPX-5643;CPX-550
prerank,Checkpoint clamp complex,-0.8509282349681353,-1.6287665642073124,0.007434944237918215,0.8613011825106257,0.917,3/3,15.01%,Q99638;O60921;O60671
prerank,U6 small nuclear ribonucleoprotein complex,0.9183673876885169,1.6283949526997057,0.0,0.00018961976532744693,0.008,8/9,6.45%,URS00006767A8_9606;Q9Y4Z0;Q9Y333;P62310;O95777;Q9UK45;P62312;Q9Y4Y9
prerank,CST complex,-0.8403990024937656,-1.6218123168685283,0.008130081300813009,0.7680287281347754,0.929,3/3,16.06%,Q9H668;Q86WV5;Q2NKJ3
prerank,Mitochondrial glutamyl-tRNA(Gln) amidotransferase complex,-0.8489886395123304,-1.621276802071013,0.00796812749003984,0.66132522949844,0.93,3/3,15.20%,O75879;O43716;Q9H0R6
prerank,Caspase-2 PIDDosome,-0.8345802161263508,-1.6174764789276956,0.02181818181818182,0.5975913184362244,0.933,3/3,16.64%,Q9HB75;P78560;P42575
prerank,TTT complex,-0.8564699362704351,-1.6150373379673113,0.018726591760299626,0.5427789233495584,0.936,3/3,14.45%,Q9Y4R8;Q6NXR4;O43156
prerank,Kinetochore SKA complex,-0.8620116375727349,-1.6126086948080818,0.011235955056179775,0.49917729242940706,0.938,3/3,13.90%,Q96BD8;Q8WVK7;Q8IX90
prerank,Hydrogen:potassium-exchanging ATPase complex,-0.8329177057356609,-1.6119180861895055,0.022026431718061675,0.4567318176079696,0.94,3/3,16.81%,CHEBI:39128;P51164;P20648
prerank,RFX gene regulatory complex,-0.8143530063729566,-1.6078529530423908,0.019305019305019305,0.4341886546311493,0.944,3/3,18.66%,P48382;O14593;O00287
prerank,Mitochondrial proton-transporting ATP synthase complex,0.8526872737399058,1.606751377690272,0.0,0.0004647543267829581,0.017,21/21,15.23%,P00846;P24539;P03928;P56381;Q96IX5;Q5VTU8;P56378;Q7Z4Y8;P05496;P25705;P06576;Q06055;P56385;O75964;P56134;P48201;P18859;P48047;P36542;P30049;O75947
prerank,"Casein kinase II complex, CSNK2A1-CNSK2A2 variant",-0.8168467719589915,-1.6058622064253012,0.0038314176245210726,0.40680566750507413,0.944,3/3,18.41%,P19784;P68400;P67870
prerank,CPLANE complex,-0.8445552784704905,-1.6057881427367244,0.017777777777777778,0.37792546636126995,0.944,3/3,15.64%,Q9ULD6;Q9BT04;O95876
prerank,CMG helicase complex,-0.8376281518426157,-1.604886271382861,0.011673151750972763,0.3552960484787274,0.946,3/3,16.33%,O75419;CPX-787;CPX-2940
prerank,Collagen type VI trimer,-0.8462177888611805,-1.594536434349784,0.0392156862745098,0.3624187286958718,0.96,3/3,15.48%,P12111;P12110;P12109
prerank,NatC N-alpha-acetyltransferase complex,-0.8226655583264063,-1.5902517407605783,0.008695652173913044,0.35409843775914607,0.962,3/3,17.83%,Q9BRA0;Q5VZE5;Q147X3
prerank,CSL-NOTCH1-MAML transcriptional activation complex,-0.8210030479357163,-1.5861917667879395,0.023529411764705882,0.34684055978715744,0.97,3/3,18.00%,Q92585;Q06330;P46531
prerank,BLOC-2 complex,-0.8420615128844556,-1.5847145794901851,0.011278195488721804,0.33211405612883366,0.97,3/3,15.89%,Q9UPZ3;Q969F9;Q86YV9
prerank,U1 small nuclear ribonucleoprotein complex ,0.8777900975060322,1.583997364628432,0.0,0.0013127522214977094,0.052,7/11,0.25%,P62306;P62308;P14678;P62304;P62318;P62314;P62316
prerank,"DNA-directed RNA polymerase III complex, POLR3GL variant",0.8416365154467019,1.5805841856970484,0.0,0.0015742018253599368,0.062,19/19,16.28%,CHEBI:29105;CHEBI:18420;P19388;P52434;P62875;P61218;P53803;P0DPB6;O15160;P05423;Q9BUI4;Q9NW08;O14802;Q9H1D9;Q9Y535;Q9Y2Y1;Q9NVU0;O75575;Q9BT43
prerank,CCAAT-binding factor complex,-0.8196176226101414,-1.5758174623973735,0.012096774193548387,0.33698501872659176,0.975,3/3,18.13%,Q13952;P25208;P23511
prerank,NuA4 histone acetyltransferase complex,0.8363484553298083,1.5743391729589395,0.0,0.0022473453668438153,0.093,19/19,16.81%,P60709;O96019;Q9Y4A5;Q9Y265;Q9Y230;Q9HAF1;O95619;Q9NPF5;Q15906;Q05BQ5;Q15014;Q9NV56;Q9UBU8;Q92993;Q96L91;Q9H0E9;Q9H2F5;Q9NXR8;Q52LR7
prerank,ESCRT-II complex,-0.830978110279856,-1.5742511208446992,0.028688524590163935,0.3255491229863153,0.977,3/3,17.00%,Q9BRG1;Q96H20;Q86VN1
prerank,"SIN3A histone deacetylase complex, ES cell-specific variant",0.8327768503060659,1.5736796417676424,0.0,0.002275437183929363,0.097,18/18,17.14%,Q09028;Q16576;Q13547;Q92769;O15294;O75446;Q9UK53;Q9HCU9;Q9H160;Q9H7L9;Q9H0E3;Q5PSV4;Q9HAJ7;P29374;Q4LE39;Q9NP50;Q96ST3;Q8NFU7
prerank,20S immunoproteasome complex,0.84340078047433,1.573492106337655,0.0010152284263959391,0.002268665049453383,0.099,11/14,7.59%,P60900;P49721;P25787;P49720;P28070;P25789;P20618;P25788;P28066;P25786;O14818
prerank,"DNA-directed RNA polymerase III complex, POLR3G variant",0.8369050932368495,1.573088393928853,0.0,0.0022288639082349024,0.099,19/19,16.75%,CHEBI:29105;CHEBI:18420;P19388;P52434;P62875;P61218;P53803;P0DPB6;O15160;P05423;Q9BUI4;Q9NW08;O14802;Q9H1D9;Q9Y535;Q9Y2Y1;Q9NVU0;O75575;O15318
prerank,CPAP-STIL complex,-0.8320864505403159,-1.572779940255273,0.0205761316872428,0.3153785679035016,0.977,3/3,16.89%,Q9HC77;Q6UVJ0;Q15468
prerank,GATOR1 complex,-0.8395677472984207,-1.5727504929198786,0.017985611510791366,0.30193633141767706,0.977,3/3,16.14%,Q8WTW4;Q12980;O75140
prerank,C9orf72-SMCR8 complex,-0.8354114713216958,-1.5702119485176407,0.02459016393442623,0.2952524232350012,0.978,3/3,16.56%,Q9HAD4;Q96LT7-1;Q8TEV9
prerank,"SCF E3 ubiquitin ligase complex, FBXW8-CUL7 variant",0.9586007317732667,1.5674776888188295,0.0,0.0030241083263429034,0.131,3/5,1.14%,P62877;P63208;Q13616
prerank,20S thymoproteasome complex,0.84340078047433,1.5673564972664518,0.0010162601626016261,0.0030049911962908966,0.132,11/14,7.59%,P60900;P49721;P25787;P49720;P28070;P25789;P20618;P25788;P28066;P25786;O14818
prerank,MPP10 complex,-0.829038514824051,-1.5670170946516762,0.03065134099616858,0.2908908807810462,0.982,3/3,17.19%,Q9NV31;Q96G21;O00566
prerank,"SCF E3 ubiquitin ligase complex, FBXO9 variant",0.9800041268264703,1.558434256536436,0.0,0.004629882603411829,0.189,3/4,1.14%,P62877;P63208;Q13616
prerank,"SCF E3 ubiquitin ligase complex, FBXO47 variant",0.9800041268264703,1.5578883114200366,0.0,0.004724951529470808,0.197,3/4,1.14%,P62877;P63208;Q13616
prerank,"SCF E3 ubiquitin ligase complex, FBXL14 variant",0.9800041268264703,1.5568203940715795,0.0,0.004862829465655493,0.205,3/4,1.14%,P62877;P63208;Q13616
prerank,"SCF E3 ubiquitin ligase complex, FBXO11 variant",0.9800041268264703,1.5544631259484911,0.0011976047904191617,0.005267215703540192,0.223,3/4,1.14%,P62877;P63208;Q13616
prerank,"SCF E3 ubiquitin ligase complex, FBXL20 variant",0.9800041268264703,1.5540741393728006,0.0,0.0052145435465047905,0.224,3/4,1.14%,P62877;P63208;Q13616
prerank,"SCF E3 ubiquitin ligase complex, FBXO28 variant",0.9800041268264703,1.5540538496242189,0.0,0.005134319799635486,0.224,3/4,1.14%,P62877;P63208;Q13616
prerank,"SCF E3 ubiquitin ligase complex, FBXO6 variant",0.9800041268264703,1.5540156310837798,0.0,0.005070892209135513,0.224,3/4,1.14%,P62877;P63208;Q13616
prerank,"SCF E3 ubiquitin ligase complex, FBXL21 variant",0.9800041268264703,1.5525741485652913,0.0,0.005320674012173138,0.235,3/4,1.14%,P62877;P63208;Q13616
prerank,"SCF E3 ubiquitin ligase complex, FBXO3 variant",0.9800041268264703,1.5520252653437974,0.0,0.0053957977339501445,0.239,3/4,1.14%,P62877;P63208;Q13616
prerank,"SCF E3 ubiquitin ligase complex, FBXO25 variant",0.9800041268264703,1.5518277963365499,0.0,0.0053450788922012205,0.24,3/4,1.14%,P62877;P63208;Q13616
prerank,"SCF E3 ubiquitin ligase complex, FBXO8 variant",0.9800041268264703,1.5514665247340436,0.0,0.0054177075807841975,0.244,3/4,1.14%,P62877;P63208;Q13616
prerank,"SCF E3 ubiquitin ligase complex, FBXO38 variant",0.9800041268264703,1.551446148549754,0.0,0.005354755344810297,0.244,3/4,1.14%,P62877;P63208;Q13616
prerank,"SCF E3 ubiquitin ligase complex, FBXO15 variant",0.9800041268264703,1.5505496620477637,0.0,0.005464736292422949,0.249,3/4,1.14%,P62877;P63208;Q13616
prerank,"SCF E3 ubiquitin ligase complex, TSPAN17 variant",0.9800041268264703,1.550052368417289,0.0,0.0055846917185480936,0.256,3/4,1.14%,P62877;P63208;Q13616
prerank,"SCF E3 ubiquitin ligase complex, FBXW4 variant",0.9800041268264703,1.5496644626589742,0.0,0.00566296866721159,0.262,3/4,1.14%,P62877;P63208;Q13616
prerank,"SCF E3 ubiquitin ligase complex, FBXL5 variant",0.9800041268264703,1.5495548890375708,0.0,0.005600103736003933,0.263,3/4,1.14%,P62877;P63208;Q13616
prerank,"SCF E3 ubiquitin ligase complex, FBXO4 variant",0.9800041268264703,1.5493439139261989,0.0,0.005576318098774262,0.266,3/4,1.14%,P62877;P63208;Q13616
prerank,SIN3A histone deacetylase complex,0.8329163191548515,1.5492334970610266,0.0010183299389002036,0.005516211354980274,0.267,15/15,17.05%,Q09028;Q16576;Q13547;Q92769;O75446;Q9UK53;Q9HCU9;Q9H160;Q9H7L9;Q9H0E3;Q5PSV4;Q9HAJ7;P29374;Q4LE39;Q96ST3
prerank,"SCF E3 ubiquitin ligase complex, FBXL3 variant",0.9800041268264703,1.548946163270322,0.0,0.005506266262393171,0.27,3/4,1.14%,P62877;P63208;Q13616
prerank,"SCF E3 ubiquitin ligase complex, FBXO41 variant",0.9800041268264703,1.5485371349817625,0.0,0.0055565791991524,0.278,3/4,1.14%,P62877;P63208;Q13616
prerank,"SCF E3 ubiquitin ligase complex, FBXO2 variant",0.9800041268264703,1.5479479508341083,0.0,0.005653039253824511,0.289,3/4,1.14%,P62877;P63208;Q13616
prerank,"SCF E3 ubiquitin ligase complex, FBXO34 variant",0.9800041268264703,1.5478744960738968,0.0,0.005594953569538248,0.29,3/4,1.14%,P62877;P63208;Q13616
prerank,"SCF E3 ubiquitin ligase complex, FBXO17 variant",0.9800041268264703,1.547598270320781,0.0,0.005665468598198108,0.296,3/4,1.14%,P62877;P63208;Q13616
prerank,"SCF E3 ubiquitin ligase complex, FBXW12 variant",0.9800041268264703,1.5473260475068413,0.0,0.005620055695247222,0.298,3/4,1.14%,P62877;P63208;Q13616
prerank,"SCF E3 ubiquitin ligase complex, FBXO27 variant",0.9800041268264703,1.547038060272495,0.0,0.0056208716150636055,0.302,3/4,1.14%,P62877;P63208;Q13616
prerank,"SCF E3 ubiquitin ligase complex, FBXL15 variant",0.9800041268264703,1.5469756110666286,0.0012330456226880395,0.005588206025238289,0.304,3/4,1.14%,P62877;P63208;Q13616
prerank,"SCF E3 ubiquitin ligase complex, FBXO43 variant",0.9800041268264703,1.5468177034228237,0.0,0.005589373315175325,0.307,3/4,1.14%,P62877;P63208;Q13616
prerank,"SCF E3 ubiquitin ligase complex, FBXO33 variant",0.9800041268264703,1.5466752637514578,0.0,0.0055360253325484506,0.307,3/4,1.14%,P62877;P63208;Q13616
prerank,"SCF E3 ubiquitin ligase complex, KDM2A variant",0.9800041268264703,1.5457840836188288,0.0,0.005720914510731495,0.317,3/4,1.14%,P62877;P63208;Q13616
prerank,"SCF E3 ubiquitin ligase complex, FBXL19 variant",0.9800041268264703,1.545754136853437,0.0,0.005667287368213582,0.317,3/4,1.14%,P62877;P63208;Q13616
prerank,"SCF E3 ubiquitin ligase complex, FBXW5 variant",0.9800041268264703,1.5447247407442024,0.0,0.005836074999522533,0.327,3/4,1.14%,P62877;P63208;Q13616
prerank,"SCF E3 ubiquitin ligase complex, FBXW10 variant",0.9800041268264703,1.5436859526472901,0.0,0.006084502359957637,0.341,3/4,1.14%,P62877;P63208;Q13616
prerank,SF3A complex,0.9930728733721252,1.5433802100454495,0.0,0.006121420685027364,0.344,3/3,0.78%,Q12874;Q15428;Q15459
prerank,"SCF E3 ubiquitin ligase complex, FBXO24 variant",0.9800041268264703,1.5430631755109352,0.0,0.006147350456583361,0.345,3/4,1.14%,P62877;P63208;Q13616
prerank,"SCF E3 ubiquitin ligase complex, FBXO42 variant",0.9800041268264703,1.5429850107374588,0.0,0.0061122115844911085,0.346,3/4,1.14%,P62877;P63208;Q13616
prerank,"SCF E3 ubiquitin ligase complex, FBXO36 variant",0.9800041268264703,1.5429019491139184,0.0,0.006067832490478302,0.347,3/4,1.14%,P62877;P63208;Q13616
prerank,"SCF E3 ubiquitin ligase complex, FBXO30 variant",0.9800041268264703,1.5428303696197174,0.0,0.006014501931479957,0.347,3/4,1.14%,P62877;P63208;Q13616
prerank,"SCF E3 ubiquitin ligase complex, FBXL22 variant",0.9800041268264703,1.5420565722943742,0.0,0.006108884192250223,0.354,3/4,1.14%,P62877;P63208;Q13616
prerank,"SCF E3 ubiquitin ligase complex, BTRC variant",0.9800041268264703,1.542010935729208,0.0012048192771084338,0.006065897594913736,0.354,3/4,1.14%,P62877;P63208;Q13616
prerank,"SCF E3 ubiquitin ligase complex, FBXO39 variant",0.9800041268264703,1.5417800622929017,0.0,0.006042932925334293,0.354,3/4,1.14%,P62877;P63208;Q13616
prerank,"SCF E3 ubiquitin ligase complex, FBXL8 variant",0.9800041268264703,1.5416500126972574,0.0,0.005991984584347322,0.355,3/4,1.14%,P62877;P63208;Q13616
prerank,"SCF E3 ubiquitin ligase complex, FBXL4 variant",0.9800041268264703,1.5406432451542287,0.0,0.006157948814594316,0.366,3/4,1.14%,P62877;P63208;Q13616
prerank,"SCF E3 ubiquitin ligase complex, LMO7 variant",0.9800041268264703,1.5406240351453346,0.0,0.006097576767392411,0.366,3/4,1.14%,P62877;P63208;Q13616
prerank,"SCF E3 ubiquitin ligase complex, FBXO21 variant",0.9800041268264703,1.5406210867237584,0.0,0.006038376992951708,0.366,3/4,1.14%,P62877;P63208;Q13616
prerank,"SCF E3 ubiquitin ligase complex, FBXL16 variant",0.9800041268264703,1.539926982169991,0.0,0.006144409703399001,0.375,3/4,1.14%,P62877;P63208;Q13616
prerank,"SCF E3 ubiquitin ligase complex, FBXL2 variant",0.9800041268264703,1.5398880010066276,0.0,0.006103950541016863,0.376,3/4,1.14%,P62877;P63208;Q13616
prerank,"SCF E3 ubiquitin ligase complex, FBXO32 variant",0.9800041268264703,1.539529569587537,0.0,0.00613580938748248,0.381,3/4,1.14%,P62877;P63208;Q13616
prerank,"SCF E3 ubiquitin ligase complex, CCNF variant",0.9800041268264703,1.539286228184085,0.0,0.006087326111212899,0.382,3/4,1.14%,P62877;P63208;Q13616
prerank,LUBAC ubiquitin ligase complex,-0.7996674979218621,-1.539234076125459,0.03018867924528302,0.3454505873707995,0.993,3/3,20.13%,Q96EP0;Q9H0F6;Q9BYM8
prerank,"SCF E3 ubiquitin ligase complex, FBH1 variant",0.9800041268264703,1.5391992828203227,0.0,0.006039740673392753,0.382,3/4,1.14%,P62877;P63208;Q13616
prerank,"SCF E3 ubiquitin ligase complex, FBXW11 variant",0.9800041268264703,1.5387394989558147,0.0,0.006132198832837159,0.387,3/4,1.14%,P62877;P63208;Q13616
prerank,"SCF E3 ubiquitin ligase complex, FBXO44 variant",0.9800041268264703,1.538480243154473,0.0,0.006154023292899868,0.391,3/4,1.14%,P62877;P63208;Q13616
prerank,"SCF E3 ubiquitin ligase complex, FBXL7 variant",0.9800041268264703,1.5384355166094639,0.0,0.006115664503353694,0.391,3/4,1.14%,P62877;P63208;Q13616
prerank,"SCF E3 ubiquitin ligase complex, FBXW2 variant",0.9800041268264703,1.538036773383051,0.0,0.006179572709331976,0.396,3/4,1.14%,P62877;P63208;Q13616
prerank,"SCF E3 ubiquitin ligase complex, FBXL12 variant",0.9800041268264703,1.5373870561911362,0.0012091898428053204,0.0062591303068263455,0.406,3/4,1.14%,P62877;P63208;Q13616
prerank,"SCF E3 ubiquitin ligase complex, FBXO46 variant",0.9800041268264703,1.5370619893547035,0.0,0.006287392218752187,0.407,3/4,1.14%,P62877;P63208;Q13616
prerank,"SCF E3 ubiquitin ligase complex, FBXO7 variant",0.9800041268264703,1.5370249388182275,0.0,0.006249207918182815,0.407,3/4,1.14%,P62877;P63208;Q13616
prerank,"SCF E3 ubiquitin ligase complex, FBXO5 variant",0.9800041268264703,1.5361587182455296,0.0,0.006489573003016933,0.416,3/4,1.14%,P62877;P63208;Q13616
prerank,"SCF E3 ubiquitin ligase complex, FBXW9 variant",0.9800041268264703,1.535488734121251,0.0,0.006571864516263223,0.421,3/4,1.14%,P62877;P63208;Q13616
prerank,"SCF E3 ubiquitin ligase complex, FBXO31 variant",0.9800041268264703,1.5352591530289086,0.0,0.006628657050641683,0.425,3/4,1.14%,P62877;P63208;Q13616
prerank,"SCF E3 ubiquitin ligase complex, SKP2 variant",0.9800041268264703,1.5352289716120762,0.0,0.006572954050216123,0.425,3/4,1.14%,P62877;P63208;Q13616
prerank,PEX2-PEX10-PEX12 E3 ubiquitin ligase complex,-0.803269603768357,-1.535033035067336,0.03643724696356275,0.3436910166910587,0.994,3/3,19.77%,O60683;O00623;P28328
prerank,"SCF E3 ubiquitin ligase complex, FBXL6 variant",0.9800041268264703,1.5340641805975237,0.0,0.006802609081122158,0.436,3/4,1.14%,P62877;P63208;Q13616
prerank,BTR double Holliday Junction dissolution complex,0.9104200748519041,1.5336942555403177,0.0034285714285714284,0.0068169089187966455,0.438,2/6,0.61%,CHEBI:29105;CHEBI:18420
prerank,"SCF E3 ubiquitin ligase complex, FBXW7 variant",0.9800041268264703,1.5330997526454737,0.0,0.00693977255891025,0.445,3/4,1.14%,P62877;P63208;Q13616
prerank,"SCF E3 ubiquitin ligase complex, FBXO22 variant",0.9800041268264703,1.532862171347472,0.0,0.006960432849214819,0.447,3/4,1.14%,P62877;P63208;Q13616
prerank,MTERF4-NSUN4 mitochondiral ribosomal assembly complex,-0.8110279855915766,-1.5317553892423215,0.04819277108433735,0.3392639217030077,0.994,3/3,18.99%,Q96CB9;Q7Z6M4;CHEBI:15414
prerank,N-acetylglucosamine-1-phosphotransferase complex,-0.7980049875311721,-1.5315261642339388,0.03319502074688797,0.32807885919431395,0.994,3/3,20.29%,Q9UJJ9;Q3T906-PRO_0000225009;Q3T906-PRO_0000225008
prerank,"SCF E3 ubiquitin ligase complex, FBXL18 variant",0.9800041268264703,1.5310317608116824,0.0,0.007447163364069891,0.478,3/4,1.14%,P62877;P63208;Q13616
prerank,"SCF E3 ubiquitin ligase complex, FBXO40 variant",0.9800041268264703,1.530889909389897,0.0,0.0074179252196097225,0.479,3/4,1.14%,P62877;P63208;Q13616
prerank,"SCF E3 ubiquitin ligase complex, FBXO10 variant",0.9800041268264703,1.5305671909255512,0.0,0.007449347923578271,0.483,3/4,1.14%,P62877;P63208;Q13616
prerank,Integrator-PP2A complex,0.8239221140472882,1.5295758069628285,0.0,0.007726632169838881,0.494,17/17,18.00%,P30153;P67775;Q68E01;Q9NV88;Q8N201;Q96CB8;Q9NVH2;Q5TA45;Q6P9B9;Q9NVR2;Q9UL03;Q9H0H0;Q9NVM9;Q96HW7;Q96SY0;Q96N11;Q75QN2
prerank,"SCF E3 ubiquitin ligase complex, FBXO16 variant",0.9800041268264703,1.5293949518832883,0.0,0.007762559143092358,0.497,3/4,1.14%,P62877;P63208;Q13616
prerank,Actin junctional complex,-0.7944028816846772,-1.527046334120466,0.030042918454935622,0.3273639691958086,0.994,3/3,20.65%,Q00013;P11171;P04921
prerank,"TREX transcription-export complex, DX39B variant",0.8225806451612905,1.5246756004139548,0.0010162601626016261,0.009003264051400096,0.548,16/16,18.11%,Q86V81;Q53F19;Q13769;Q96J01;Q96QD9;Q9Y3Y2;Q9P127;Q8NI27;Q86W42;Q96FV9;Q9BY77;Q6I9Y2;O75152;P82979;P84090;Q13838
prerank,Complement component C1q complex,-0.8107509005264617,-1.5223070212840855,0.041353383458646614,0.32813685683761556,0.996,3/3,19.02%,P02746;P02745;P02747
prerank,Mitochondrial transcription initiation complex,-0.800775838182322,-1.5222889733494993,0.04741379310344827,0.31788258006144005,0.996,3/3,20.02%,Q9H5Q4;Q00059;O00411
prerank,Hydride transfer complex,-0.7974508174009421,-1.5211995382488133,0.044,0.3107326260968478,0.996,3/3,20.35%,P40925;P11498;P48163
prerank,Intron-binding complex ,0.9166521520010141,1.5208553686351096,0.004634994206257242,0.01027593266716818,0.595,4/5,6.95%,O60306;Q9UNP9;Q9HCS7;Q9ULR0
prerank,Commander complex,0.8078420467185765,1.5172802041566646,0.0040650406504065045,0.01168839393144377,0.648,16/16,19.57%,Q9UBQ0;Q9GZQ3;Q8TCE6;Q9NX08;Q9P000;Q8N668;Q9H0A8;Q86VX2;Q86X83;Q9Y6G5;Q9UBI1;O14972;Q7Z3J2;Q7Z4G1;O60826;Q567U6
prerank,p53-MDM2-MDM4 transcriptional regulation complex,-0.7927403712939873,-1.5172661124984512,0.034482758620689655,0.31002782377942967,0.996,3/3,20.82%,Q00987;O15151;P04637
prerank,"SCF E3 ubiquitin ligase complex, FBXL17 variant",0.9800041268264703,1.5168570852291943,0.0,0.011793774798017723,0.653,3/4,1.14%,P62877;P63208;Q13616
prerank,RNase H2 complex,-0.8043779440288169,-1.512487297935256,0.026717557251908396,0.311739739450887,0.996,3/3,19.66%,Q8TDP1;Q5TBB1;O75792
prerank,Integrator core complex,0.8234639977759247,1.5103280299999955,0.0020387359836901123,0.015069781349707623,0.742,15/15,18.00%,Q68E01;Q9NV88;Q8N201;Q96CB8;Q9NVH2;Q5TA45;Q6P9B9;Q9NVR2;Q9UL03;Q9H0H0;Q9NVM9;Q96HW7;Q96SY0;Q96N11;Q75QN2
prerank,Translocon-associated protein complex,-0.7014966740576497,-1.504107572837059,0.025906735751295335,0.3213223638990587,0.997,4/4,29.96%,Q9UNL2;P51571;P43308;P43307
prerank,GET complex,0.9372228381374723,1.5036143594352152,0.004932182490752158,0.01906810699841304,0.816,1/4,0.06%,CHEBI:29105
prerank,"SCF E3 ubiquitin ligase complex, KDM2B variant",0.9586036516930825,1.5031568535503548,0.0012300123001230013,0.019256940612142944,0.823,3/4,1.14%,P62877;P63208;Q13616
prerank,"TREX transcription-export complex, DX39A variant",0.8095105672969968,1.501587019897071,0.0020304568527918783,0.0203144116236831,0.841,16/16,19.41%,Q86V81;Q53F19;Q13769;Q96J01;Q96QD9;Q9Y3Y2;Q9P127;Q8NI27;Q86W42;Q96FV9;Q9BY77;Q6I9Y2;O75152;P82979;P84090;O00148
prerank,Mitochondrial respiratory chain complex IV,0.8011679644048941,1.498438737384303,0.0,0.02234606650519438,0.872,16/16,20.24%,CHEBI:30413;P13073;P20674;P14854;CHEBI:23378;O00483;P14406;P10606;P10176;P09669;P00414;P24311;P15954;P12074;P00395;P00403
prerank,[Cu-Zn] Superoxide dismutase complex,0.9709459365176188,1.498101508570622,0.0,0.022452079459786105,0.875,1/3,0.06%,CHEBI:29105
prerank,tRNA-guanine transglycosylase complex,0.9709459365176188,1.4980138848636073,0.0013513513513513514,0.02235876225695579,0.876,1/3,0.06%,CHEBI:29105
prerank,PCAF histone acetylase complex,0.832870627429206,1.4975958559828613,0.008290155440414507,0.02250380286368236,0.877,10/10,16.94%,Q9Y4A5;Q16514;Q16594;Q12962;O75528;O75486;O75529;Q92831;Q9Y6J9;O75478
prerank,"SCF E3 ubiquitin ligase complex, FBXL13 variant",0.9497124975419896,1.4962098875481349,0.0,0.023567988562861755,0.889,3/4,1.14%,P62877;P63208;Q13616
prerank,Fukutin-FKRP-TMEM5 multienzyme complex,-0.7885840953172625,-1.4959690442866815,0.040160642570281124,0.33139357006293,0.998,3/3,21.23%,O75072;Q9Y2B1;Q9H9S5
prerank,"Exon junction core complex, MAGOH variant",0.9370842572062086,1.495669049731496,0.0,0.02378259169353401,0.891,4/4,6.40%,P38919;Q9Y5S9;P61326;O15234
prerank,"Vacuolar proton translocating ATPase complex, ATP6V0A4 variant",0.819822320932815,1.4937156211183478,0.0073145245559038665,0.025340095911940638,0.909,10/10,18.24%,Q9Y5K8;Q16864;Q6P5S7;Q9UI12;O75787;P38606;Q15904;Q99437;P27449;Q9HBG4
prerank,Mitochondrial processing peptidase complex,0.9709459365176188,1.493123806412785,0.0,0.025723764692164412,0.915,1/3,0.06%,CHEBI:29105
prerank,USH2 complex,-0.6906873614190687,-1.4929645881571922,0.06486486486486487,0.3292391754541005,0.998,4/4,31.04%,Q9P202;Q9H5P4;Q8WXG9;O75445
prerank,"Vacuolar proton translocating ATPase complex, ATP6V0A3 variant",0.8200999444752914,1.4908547747346788,0.006355932203389831,0.027625638224429767,0.926,10/10,18.22%,Q9Y5K8;Q16864;Q6P5S7;Q9UI12;O75787;P38606;Q15904;Q99437;P27449;Q13488
prerank,"m-AAA protease complex, AFG3L2-SPG7 variant",0.9709459365176188,1.487521337970369,0.0,0.030637878521058027,0.94,1/3,0.06%,CHEBI:29105
prerank,"Muscle cell-specific SWI/SNF ATP-dependent chromatin remodeling complex, ACTL6A-ARID1A-SMARCA4 variant",0.8213888888888891,1.485597576673733,0.003083247687564234,0.032235360105665974,0.945,12/12,18.13%,P60709;O96019;Q96GM5;Q92922;P51532;Q12824;Q969G3;Q8TAQ2;O14497;Q92925;Q6STE5;Q92784
prerank,"PtdIns(3,5)P2 regulatory complex",-0.7916320310335273,-1.4848827708931303,0.0411522633744856,0.33951402579101103,0.998,3/3,20.93%,Q9Y2I7;Q92562;Q08AM6
prerank,"Muscle cell-specific SWI/SNF ATP-dependent chromatin remodeling complex, ACTL6B-ARID1A-SMARCA2 variant",0.821388888888889,1.4845046413158551,0.002053388090349076,0.03299768281086753,0.955,12/12,18.13%,P60709;Q96GM5;Q92922;O94805;Q12824;Q969G3;P51531;Q8TAQ2;O14497;Q92925;Q6STE5;Q92784
prerank,"Muscle cell-specific SWI/SNF ATP-dependent chromatin remodeling complex, ACTL6B-ARID1A-SMARCA4 variant",0.8213888888888892,1.4843032292561744,0.0,0.033043471186088316,0.956,12/12,18.13%,P60709;Q96GM5;Q92922;P51532;O94805;Q12824;Q969G3;Q8TAQ2;O14497;Q92925;Q6STE5;Q92784
prerank,Intraflagellar transport complex B,0.8017241379310345,1.4831848071738443,0.0,0.03406835117049797,0.964,16/16,20.18%,Q9BW83;Q96LB3;Q8N4P2;A0AVF1;Q8TDR0;Q8IY31;Q9Y366;Q13099;Q8WYA0;Q96AJ1;Q9Y547;Q9UG01;Q9NWB7;Q9P2H3;Q9NQC8;Q9H7X7
prerank,"CRL3 E3 ubiquitin ligase complex, KBTBD6-KBTBD7 variant",0.9282814942728397,1.4820425660843841,0.008464328899637243,0.035029426184166434,0.967,2/4,4.46%,P62877;Q13618
prerank,"Vacuolar proton translocating ATPase complex, ATP6V0A2 variant",0.8206551915602442,1.4817889279924987,0.006342494714587738,0.03507965658557768,0.967,10/10,18.16%,Q9Y5K8;Q16864;Q6P5S7;Q9UI12;O75787;P38606;Q15904;Q99437;P27449;Q9Y487
prerank,"Muscle cell-specific SWI/SNF ATP-dependent chromatin remodeling complex, ACTL6A-ARID1A-SMARCA2 variant",0.8213888888888891,1.481354797103534,0.006211180124223602,0.035327525559861926,0.969,12/12,18.13%,P60709;O96019;Q96GM5;Q92922;Q12824;Q969G3;P51531;Q8TAQ2;O14497;Q92925;Q6STE5;Q92784
prerank,"CRL3 E3 ubiquitin ligase complex, SPOP-SPOPL variant",0.9282814942728397,1.481199617970577,0.008547008547008548,0.035233568732759055,0.969,2/4,4.46%,P62877;Q13618
prerank,"Neural progenitor-specific SWI/SNF ATP-dependent chromatin remodeling complex, ARID1A-SMARCA4 variant",0.8228269925020828,1.4803768706915423,0.0031185031185031187,0.035880953013251726,0.969,11/11,17.97%,P60709;O96019;Q96GM5;Q92922;P51532;Q12824;Q969G3;Q8WUB8;Q8TAQ2;O14497;Q6STE5
prerank,ERAP1-ERAP2 endoplasmic reticulum aminopeptidase complex,0.9709459365176188,1.479977025809305,0.001375515818431912,0.03607637586486298,0.97,1/3,0.06%,CHEBI:29105
prerank,Kinetochore CCAN complex,0.8047830923248055,1.4786257941041343,0.004044489383215369,0.03735026269268341,0.974,16/16,19.88%,Q8N2Z9;A8MT69;Q9H3R5;Q03188;Q13352;Q92674;Q8N0S6;Q6IPU0;Q71F23;Q7L2Z9;Q5EE01;Q9NSP4;Q96H22;Q9BS16;Q96BT3;Q9BU64
prerank,"Neural progenitor-specific SWI/SNF ATP-dependent chromatin remodeling complex, ARID1A-SMARCA2 variant",0.822826992502083,1.4784715239653996,0.0041797283176593526,0.037275885513104436,0.974,11/11,17.97%,P60709;O96019;Q96GM5;Q92922;Q12824;Q969G3;P51531;Q8WUB8;Q8TAQ2;O14497;Q6STE5
prerank,SLX1-SLX4 structure-specific endonuclease complex,0.9640086292205993,1.4781221821099908,0.0027137042062415195,0.03744095932361759,0.974,1/3,0.06%,CHEBI:29105
prerank,"DNA-directed RNA polymerase II complex, Pol II(G) variant",0.795941061996108,1.4774199137007242,0.0020242914979757085,0.038083944742484416,0.975,15/15,20.74%,CHEBI:29105;CHEBI:18420;P19388;P52434;P62875;P61218;P53803;P24928;P0CAP2;P62487;P19387;P30876;O15514;P52435;P36954
prerank,"Short transient receptor potential channel complex,TRPC1-TRPC4-TRPC5 variant",-0.773344416735938,-1.4769907607611754,0.041044776119402986,0.3484682068762362,0.998,3/3,22.76%,Q9UL62;Q9UBN4;P48995
prerank,SIN3B histone deacetylase complex,0.7976091187100363,1.4750889587093694,0.0051387461459403904,0.04060336279294244,0.981,15/15,20.57%,Q09028;Q16576;Q13547;Q92769;O75446;Q9UK53;Q9HCU9;Q9H160;Q9H7L9;Q9H0E3;Q5PSV4;Q9HAJ7;P29374;Q4LE39;O75182
prerank,Embryonic stem cell-specific SWI/SNF ATP-dependent chromatin remodeling complex,0.8007661197436137,1.4738966012021697,0.011282051282051283,0.041845102533680414,0.982,12/13,16.78%,P60709;O96019;Q96GM5;Q92922;P51532;Q12824;Q969G3;Q8WUB8;O14497;Q4VC05;Q9BQE9;Q8WUZ0
prerank,INO80 chromatin remodeling complex,0.7889908256880733,1.4724898476451203,0.003067484662576687,0.04335661750769292,0.987,15/15,21.43%,O96019;Q9Y265;Q9Y230;Q96EZ8;Q6P4R8;Q53TQ3;Q9H9F9;Q9H981;Q9ULG1;Q9Y5K5;P25490;P0C1Z6;Q8NBZ0;Q9C086;Q6PI98
prerank,DNA-directed RNA polymerase II complex,0.7957198443579767,1.4710220559646763,0.003045685279187817,0.045190783706239405,0.989,14/14,20.74%,CHEBI:29105;CHEBI:18420;P19388;P52434;P62875;P61218;P53803;P24928;P62487;P19387;P30876;O15514;P52435;P36954
prerank,"SWI/SNF ATP-dependent chromatin remodeling complex, ACTL6A-ARID1A-SMARCA4 variant",0.8228269925020827,1.4708321054018212,0.005197505197505198,0.04520994889685916,0.989,11/11,17.97%,P60709;O96019;Q96GM5;Q92922;P51532;Q12824;Q969G3;Q8TAQ2;O14497;Q92925;Q6STE5
prerank,Dehydrodolichyl diphosphate synthase complex,0.9482042021383322,1.4703675198923403,0.012113055181695828,0.045582992381878136,0.989,1/3,0.61%,CHEBI:18420
prerank,"SWI/SNF ATP-dependent chromatin remodeling complex, ACTL6A-ARID1A-SMARCA2 variant",0.8228269925020827,1.468810276176743,0.008350730688935281,0.047410618570344586,0.992,11/11,17.97%,P60709;O96019;Q96GM5;Q92922;Q12824;Q969G3;P51531;Q8TAQ2;O14497;Q92925;Q6STE5
prerank,UFM1 ribosome E3 ligase complex,-0.7478525907453589,-1.46855093910074,0.029288702928870293,0.3600437449899054,0.998,3/3,25.30%,Q96JB5;Q96HY6;O94874
prerank,"SWI/SNF ATP-dependent chromatin remodeling complex, ACTL6B-ARID1A-SMARCA2 variant",0.8228269925020827,1.4664668873249032,0.006224066390041493,0.05024359436637679,0.995,11/11,17.97%,P60709;Q96GM5;Q92922;O94805;Q12824;Q969G3;P51531;Q8TAQ2;O14497;Q92925;Q6STE5
prerank,"Vacuolar proton translocating ATPase complex, ATP6V0A1 variant",0.8092726263187118,1.4657160591779168,0.011627906976744186,0.05095610439257989,0.995,10/10,19.30%,Q9Y5K8;Q16864;Q6P5S7;Q9UI12;O75787;P38606;Q15904;Q99437;P27449;Q93050
prerank,"CRL3 E3 ubiquitin ligase complex, KLHL42 variant ",0.9465538032852143,1.46562430466837,0.006702412868632708,0.05076790364046322,0.996,2/3,4.46%,P62877;Q13618
prerank,"SWI/SNF ATP-dependent chromatin remodeling complex, ACTL6B-ARID1A-SMARCA4 variant",0.8228269925020827,1.4645523506823999,0.004149377593360996,0.051846035835583504,0.997,11/11,17.97%,P60709;Q96GM5;Q92922;P51532;O94805;Q12824;Q969G3;Q8TAQ2;O14497;Q92925;Q6STE5
prerank,General transcription factor complex TFIID,0.7904391328515842,1.4628967513793274,0.003061224489795918,0.053766022994299924,0.998,14/14,21.26%,Q16514;Q16594;Q12962;Q6P1X5;Q15545;P49848;Q15542;O00268;P20226;Q15544;Q7Z7C8;P21675;Q15543;Q5VWG9
prerank,NPHP transition zone complex,-0.7586589082848435,-1.4628598455404003,0.045081967213114756,0.3648313805175312,0.998,3/3,24.22%,Q68CZ1;O75161;O15259
prerank,Chromosomal passenger complex,0.8937624963968149,1.461799037686466,0.016203703703703703,0.05502809432522816,1.0,1/5,0.06%,CHEBI:29105
prerank,"CRL3 E3 ubiquitin ligase complex, KLHL9 variant ",0.9465538032852143,1.4616460788111747,0.014686248331108143,0.05486985738067215,1.0,2/3,4.46%,P62877;Q13618
prerank,PeBoW complex,-0.7409254641174842,-1.461202185792349,0.07407407407407407,0.3596381515527853,0.998,3/3,26.00%,Q9GZL7;Q14137;O00541
prerank,"CRL3 E3 ubiquitin ligase complex, IPP variant ",0.9465538032852143,1.4603781686327222,0.007957559681697613,0.05641458903870586,1.0,2/3,4.46%,P62877;Q13618
prerank,"CRL3 E3 ubiquitin ligase complex, KLHL23 variant ",0.9465538032852143,1.4597285624791356,0.00398406374501992,0.05711756737974203,1.0,2/3,4.46%,P62877;Q13618
prerank,"CRL3 E3 ubiquitin ligase complex, KBTBD3 variant",0.9465538032852143,1.4586855989242293,0.006830601092896175,0.058262547668549165,1.0,2/3,4.46%,P62877;Q13618
prerank,"CRL3 E3 ubiquitin ligase complex, KLHL21 variant ",0.9465538032852143,1.4583151753984551,0.005398110661268556,0.05845189058155625,1.0,2/3,4.46%,P62877;Q13618
prerank,"CRL3 E3 ubiquitin ligase complex, KLHL30 variant ",0.9465538032852143,1.4579443220244672,0.009497964721845319,0.058623228006820745,1.0,2/3,4.46%,P62877;Q13618
prerank,"CRL3 E3 ubiquitin ligase complex, KLHL25 variant ",0.9465538032852143,1.4573665319599363,0.009549795361527967,0.05909289297801741,1.0,2/3,4.46%,P62877;Q13618
prerank,"CRL3 E3 ubiquitin ligase complex, KLHL16 variant ",0.9465538032852143,1.4572120590704178,0.009536784741144414,0.05894450881850166,1.0,2/3,4.46%,P62877;Q13618
prerank,"CRL3 E3 ubiquitin ligase complex, KLHL1 variant ",0.9465538032852143,1.4570177473556607,0.007853403141361256,0.058860267264692935,1.0,2/3,4.46%,P62877;Q13618
prerank,"CRL3 E3 ubiquitin ligase complex, KLHL6 variant ",0.9465538032852143,1.4558570900380965,0.006666666666666667,0.06026385547237329,1.0,2/3,4.46%,P62877;Q13618
prerank,"CRL3 E3 ubiquitin ligase complex, KLHL10 variant ",0.9465538032852143,1.4558497751443402,0.008130081300813009,0.059941487229733435,1.0,2/3,4.46%,P62877;Q13618
prerank,"CRL3 E3 ubiquitin ligase complex, KLHL34 variant ",0.9465538032852143,1.4557583234843263,0.009370816599732263,0.05975072551223523,1.0,2/3,4.46%,P62877;Q13618
prerank,"CRL3 E3 ubiquitin ligase complex, KLHL2 variant ",0.9465538032852143,1.4553474297940001,0.007905138339920948,0.05999528596516264,1.0,2/3,4.46%,P62877;Q13618
prerank,"CRL3 E3 ubiquitin ligase complex, KLHL7 variant ",0.9465538032852143,1.4549079010691925,0.010554089709762533,0.0602930013174866,1.0,2/3,4.46%,P62877;Q13618
prerank,Eukaryotic translation initiation factor 2 complex,-0.772513161540593,-1.4533042806156986,0.07279693486590039,0.37011415760942334,0.998,3/3,22.84%,P41091;P20042;P05198
prerank,"CRL3 E3 ubiquitin ligase complex, KLHL14 variant ",0.9465538032852143,1.453296771640843,0.00819672131147541,0.06233749785139818,1.0,2/3,4.46%,P62877;Q13618
prerank,"CRL3 E3 ubiquitin ligase complex, KLHL22 variant ",0.9465538032852143,1.4532265722637625,0.009695290858725761,0.06213809611404987,1.0,2/3,4.46%,P62877;Q13618
prerank,USP12-DMWD deubiquitinase complex,0.9118850002996345,1.4530168380390736,0.011056511056511056,0.06211544312621208,1.0,1/4,0.06%,CHEBI:29105
prerank,"CRL3 E3 ubiquitin ligase complex, KLHL28 variant ",0.9465538032852143,1.4529573552324062,0.012244897959183673,0.061894472614343866,1.0,2/3,4.46%,P62877;Q13618
prerank,eNoSc complex,-0.7575505680243836,-1.4528693140794227,0.06159420289855073,0.36310323705854575,0.998,3/3,24.34%,O43159;Q96EB6;O43463
prerank,"CRL3 E3 ubiquitin ligase complex, KEAP1 variant ",0.9465538032852143,1.4523178382990543,0.009421265141318977,0.06254983248444713,1.0,2/3,4.46%,P62877;Q13618
prerank,"CRL3 E3 ubiquitin ligase complex, KLHL4 variant ",0.9465538032852143,1.4520435024716436,0.011780104712041885,0.06257943498721105,1.0,2/3,4.46%,P62877;Q13618
prerank,"CRL3 E3 ubiquitin ligase complex, KBTBD8 variant",0.9465538032852143,1.451585653087174,0.01038961038961039,0.06283353924780889,1.0,2/3,4.46%,P62877;Q13618
prerank,"CRL3 E3 ubiquitin ligase complex, KLHL13 variant ",0.9465538032852143,1.4514856162710734,0.008075370121130552,0.06262314301070555,1.0,2/3,4.46%,P62877;Q13618
prerank,"CRL3 E3 ubiquitin ligase complex, KLHL12 variant ",0.9465538032852143,1.4508652646805569,0.010610079575596816,0.06320336361654136,1.0,2/3,4.46%,P62877;Q13618
prerank,"General transcription factor complex TFIID, TAF4B variant",0.7846025569760978,1.4506560107402509,0.00508646998982706,0.0631953588455509,1.0,14/14,21.84%,Q16514;Q16594;Q12962;Q6P1X5;Q15545;P49848;Q15542;P20226;Q15544;Q7Z7C8;P21675;Q15543;Q5VWG9;Q92750
prerank,"CRL3 E3 ubiquitin ligase complex, KLHL24 variant ",0.9465538032852143,1.4481455414271422,0.01092896174863388,0.06673083458594192,1.0,2/3,4.46%,P62877;Q13618
prerank,"CRL3 E3 ubiquitin ligase complex, KLHL36 variant ",0.9465538032852143,1.4477197564243127,0.010610079575596816,0.06706250795852117,1.0,2/3,4.46%,P62877;Q13618
prerank,"CRL3 E3 ubiquitin ligase complex, KLHL17 variant ",0.9465538032852143,1.447070269622254,0.009589041095890411,0.06773692066909721,1.0,2/3,4.46%,P62877;Q13618
prerank,"CRL3 E3 ubiquitin ligase complex, KLHL26 variant ",0.9465538032852143,1.446714064715176,0.005270092226613966,0.06788104584147484,1.0,2/3,4.46%,P62877;Q13618
prerank,"Brain-specific SWI/SNF ATP-dependent chromatin remodeling complex, ARID1A-SMARCA4 variant",0.8396226415094338,1.4464396167159088,0.013918629550321198,0.06799558268066148,1.0,8/8,16.22%,P60709;P51532;O94805;Q12824;Q969G3;Q8TAQ2;O14497;Q92925
prerank,"CRL3 E3 ubiquitin ligase complex, KLHL40 variant ",0.9465538032852143,1.446415769718685,0.007957559681697613,0.06769799257195426,1.0,2/3,4.46%,P62877;Q13618
prerank,"Muscle cell-specific SWI/SNF ATP-dependent chromatin remodeling complex, ACTL6A-ARID1B-SMARCA4 variant",0.8011111111111114,1.4463088517500333,0.00513347022587269,0.06751950859502816,1.0,12/12,20.16%,P60709;O96019;Q96GM5;Q92922;P51532;Q12824;Q969G3;Q8TAQ2;Q92925;Q6STE5;Q92784;Q8NFD5
prerank,C-to-U editosome complex,0.8937624963968149,1.4461068762055058,0.01775147928994083,0.06756013492447181,1.0,1/5,0.06%,CHEBI:29105
prerank,"CRL3 E3 ubiquitin ligase complex, KLHL11 variant ",0.9465538032852143,1.4460935669558228,0.009602194787379973,0.06725518521189276,1.0,2/3,4.46%,P62877;Q13618
prerank,MUS81-EME2 structure-specific endonuclease complex,0.9373630318144034,1.4455545113540686,0.01740294511378849,0.0677043326345488,1.0,1/3,0.61%,CHEBI:18420
prerank,"CRL3 E3 ubiquitin ligase complex, KLHL5 variant ",0.9465538032852143,1.4455331291063633,0.005390835579514825,0.06740618003995877,1.0,2/3,4.46%,P62877;Q13618
prerank,Calprotectin heterotetramer,0.8771958565415733,1.4451560842928481,0.021176470588235293,0.06730598717860901,1.0,3/5,7.81%,CHEBI:29105;CHEBI:29108;CHEBI:29035
prerank,Calprotectin heterodimer,0.8771958565415733,1.4451560842928481,0.021176470588235293,0.06730598717860901,1.0,3/5,7.81%,CHEBI:29105;CHEBI:29108;CHEBI:29035
prerank,"CRL3 E3 ubiquitin ligase complex, ENC1 variant ",0.9465538032852143,1.4447611893468502,0.004010695187165776,0.06755316473774496,1.0,2/3,4.46%,P62877;Q13618
prerank,"Muscle cell-specific SWI/SNF ATP-dependent chromatin remodeling complex, ACTL6B-ARID1B-SMARCA4 variant",0.8011111111111112,1.4446841642348545,0.00511770726714432,0.06736868266256274,1.0,12/12,20.16%,P60709;Q96GM5;Q92922;P51532;O94805;Q12824;Q969G3;Q8TAQ2;Q92925;Q6STE5;Q92784;Q8NFD5
prerank,"CRL3 E3 ubiquitin ligase complex, KLHL18 variant ",0.9465538032852143,1.4446224213933767,0.013477088948787063,0.0671814816452384,1.0,2/3,4.46%,P62877;Q13618
prerank,"CRL3 E3 ubiquitin ligase complex, KLHL8 variant ",0.9465538032852143,1.4444643385287783,0.017195767195767195,0.06707134643206118,1.0,2/3,4.46%,P62877;Q13618
prerank,"CRL3 E3 ubiquitin ligase complex, KLHL29 variant ",0.9465538032852143,1.4442707293297092,0.007978723404255319,0.0670063333523385,1.0,2/3,4.46%,P62877;Q13618
prerank,Mitochondrial pyruvate dehydrogenase serine/threonine phosphatase complex,0.9482042021383322,1.4441238357172554,0.010638297872340425,0.06694192224557623,1.0,1/3,0.61%,CHEBI:18420
prerank,"Brain-specific SWI/SNF ATP-dependent chromatin remodeling complex, ARID1A-SMARCA2 variant",0.8396226415094341,1.4433666183436873,0.016181229773462782,0.06770386828373542,1.0,8/8,16.22%,P60709;O94805;Q12824;Q969G3;P51531;Q8TAQ2;O14497;Q92925
prerank,"CRL3 E3 ubiquitin ligase complex, KLHL20 variant ",0.9465538032852143,1.4430972306925653,0.009589041095890411,0.0678543022623584,1.0,2/3,4.46%,P62877;Q13618
prerank,"Exon junction core complex, MAGOHB variant",0.9156803347803004,1.4422737131491683,0.012195121951219513,0.06871768344846038,1.0,3/4,6.40%,P38919;Q9Y5S9;O15234
prerank,"CRL3 E3 ubiquitin ligase complex, SPOP variant",0.9419247830579314,1.442046352888932,0.014686248331108143,0.06874578401144167,1.0,2/3,4.46%,P62877;Q13618
prerank,USP12-WDR20 deubiquitinase complex,0.9057631065938482,1.4416747603627107,0.014796547472256474,0.06906964302651347,1.0,1/4,0.06%,CHEBI:29105
prerank,"CRL3 E3 ubiquitin ligase complex, KLHL31 variant ",0.9465538032852143,1.4411395806063105,0.012016021361815754,0.06959130801826008,1.0,2/3,4.46%,P62877;Q13618
prerank,"Muscle cell-specific SWI/SNF ATP-dependent chromatin remodeling complex, ACTL6A-ARID1B-SMARCA2 variant",0.801111111111111,1.4407320953526124,0.004132231404958678,0.0699679927801299,1.0,12/12,20.16%,P60709;O96019;Q96GM5;Q92922;Q12824;Q969G3;P51531;Q8TAQ2;Q92925;Q6STE5;Q92784;Q8NFD5
prerank,"CRL3 E3 ubiquitin ligase complex, KBTBD4 variant",0.9465538032852143,1.440185509635898,0.008021390374331552,0.07051908281519181,1.0,2/3,4.46%,P62877;Q13618
prerank,"CRL3 E3 ubiquitin ligase complex, KBTBD2 variant",0.9465538032852143,1.4399352127674008,0.013297872340425532,0.07056383533718724,1.0,2/3,4.46%,P62877;Q13618
prerank,"CRL3 E3 ubiquitin ligase complex, KLHL15 variant ",0.9465538032852143,1.439549759586152,0.00804289544235925,0.07080536281408516,1.0,2/3,4.46%,P62877;Q13618
prerank,"CRL3 E3 ubiquitin ligase complex, KLHL35 variant ",0.9465538032852143,1.4395206374034704,0.0068212824010914054,0.07053103473754617,1.0,2/3,4.46%,P62877;Q13618
prerank,"CRL3 E3 ubiquitin ligase complex, KBTBD13 variant",0.9465538032852143,1.4387795253928952,0.009283819628647215,0.07139849497088296,1.0,2/3,4.46%,P62877;Q13618
prerank,"Muscle cell-specific SWI/SNF ATP-dependent chromatin remodeling complex, ACTL6B-ARID1B-SMARCA2 variant",0.8011111111111111,1.4380115805321676,0.003092783505154639,0.07227493981050745,1.0,12/12,20.16%,P60709;Q96GM5;Q92922;O94805;Q12824;Q969G3;P51531;Q8TAQ2;Q92925;Q6STE5;Q92784;Q8NFD5
prerank,"CRL3 E3 ubiquitin ligase complex, KLHL32 variant ",0.9465538032852143,1.4372899334888511,0.008,0.07303246483274732,1.0,2/3,4.46%,P62877;Q13618
prerank,"CRL3 E3 ubiquitin ligase complex, KLHL41 variant ",0.9465538032852143,1.4371404734342965,0.009472259810554804,0.07297077505966838,1.0,2/3,4.46%,P62877;Q13618
prerank,"CRL3 E3 ubiquitin ligase complex, KLHL3 variant ",0.9465538032852143,1.4361461949232355,0.009320905459387484,0.0742336861459714,1.0,2/3,4.46%,P62877;Q13618
prerank,MUS81-EME1 structure-specific endonuclease complex,0.9373630318144034,1.4343206817598573,0.017735334242837655,0.07673496855246768,1.0,1/3,0.61%,CHEBI:18420
prerank,"Neural progenitor-specific SWI/SNF ATP-dependent chromatin remodeling complex, ARID1B-SMARCA4 variant",0.8008886420438769,1.433755516944108,0.008298755186721992,0.07740781232010413,1.0,11/11,20.16%,P60709;O96019;Q96GM5;Q92922;P51532;Q12824;Q969G3;Q8WUB8;Q8TAQ2;Q6STE5;Q8NFD5
prerank,"Mitochondrial succinyl-CoA synthetase complex, GTP-specific variant",0.9373630318144034,1.4327495097715228,0.018867924528301886,0.07869220261089048,1.0,1/3,0.61%,CHEBI:18420
prerank,"SWI/SNF ATP-dependent chromatin remodeling complex, ACTL6A-ARID1B-SMARCA4 variant",0.8008886420438766,1.432714185743796,0.006198347107438017,0.07841902159304585,1.0,11/11,20.16%,P60709;O96019;Q96GM5;Q92922;P51532;Q12824;Q969G3;Q8TAQ2;Q92925;Q6STE5;Q8NFD5
prerank,C3PO endoribonuclease complex,0.9482042021383322,1.4324181224132118,0.005291005291005291,0.07850818342934907,1.0,1/3,0.61%,CHEBI:18420
prerank,"CRL3 E3 ubiquitin ligase complex, SPOPL variant",0.9419247830579314,1.4314593711814658,0.008075370121130552,0.07983549825477655,1.0,2/3,4.46%,P62877;Q13618
prerank,"CRL3 E3 ubiquitin ligase complex, KLHL38 variant ",0.9465538032852143,1.4301908809080703,0.010403120936280884,0.08163170566753561,1.0,2/3,4.46%,P62877;Q13618
prerank,SNAPc snRNA activating protein complex ,-0.5869143332409205,-1.4301866109213286,0.050314465408805034,0.4086179830170762,0.999,5/5,41.42%,O75971;Q92966;Q5SXM2;Q16533;Q13487
prerank,DUOX1-DUOXA1 dual oxidase complex,0.8637806255663738,1.4286967060021287,0.01990632318501171,0.08368552309784658,1.0,3/5,7.72%,CHEBI:57692;CHEBI:30413;CHEBI:29108
prerank,"Neural progenitor-specific SWI/SNF ATP-dependent chromatin remodeling complex, ARID1B-SMARCA2 variant",0.8008886420438768,1.4270964335331855,0.0062959076600209865,0.08610783036280412,1.0,11/11,20.16%,P60709;O96019;Q96GM5;Q92922;Q12824;Q969G3;P51531;Q8WUB8;Q8TAQ2;Q6STE5;Q8NFD5
prerank,DNA-directed RNA polymerase I complex,0.7732073374096717,1.4267718489462151,0.013360739979445015,0.08628482875148122,1.0,14/14,22.98%,CHEBI:29105;P19388;P52434;P62875;P61218;P53803;P0DPB6;O15160;Q3B726;Q9GZS1;O95602;O15446;Q9H9Y6;Q9P1U0
prerank,Anaphase-promoting core complex,0.7770983879933296,1.4267654324738808,0.010183299389002037,0.08594145207546652,1.0,14/14,22.59%,Q9UJX6;Q9UJX5;Q8NHZ8;P30260;Q13042;P60006;Q9UJX4;Q9UM13;Q9UJX3;Q9NYG5;Q9BS18;Q96DE5;Q9UJX2;Q9H1A4
prerank,Non-canonical FBXO45-MYCBP2-SKP1 E3 ubiquitin ligase complex,0.9468453050380584,1.4259232786044977,0.010869565217391304,0.08695698213653555,1.0,1/3,0.64%,P63208
prerank,"SWI/SNF ATP-dependent chromatin remodeling complex, ACTL6A-ARID1B-SMARCA2 variant",0.8008886420438768,1.4254043514895418,0.010427528675703858,0.08746501910063174,1.0,11/11,20.16%,P60709;O96019;Q96GM5;Q92922;Q12824;Q969G3;P51531;Q8TAQ2;Q92925;Q6STE5;Q8NFD5
prerank,"Mitochondrial succinyl-CoA synthetase complex, ATP-specific variant",0.9373630318144034,1.4245771731035997,0.016,0.08848151569893346,1.0,1/3,0.61%,CHEBI:18420
prerank,MKS transition zone complex,0.7698721511951084,1.424568623080397,0.01417004048582996,0.08813480630938277,1.0,14/14,23.31%,Q96GX1;Q9H6L2;Q9BPU9;Q8N157;Q86X19;Q5HYA8;Q96Q45;Q2MV58;Q9P0N5;Q9UPM9;Q6NUS6;Q6UX40;Q9NXB0;Q9P2K1
prerank,Kinetochore MIS12 complex,-0.6671286031042128,-1.4230481423936387,0.08695652173913043,0.4183340630570859,0.999,4/4,33.39%,Q9H410;Q9H081;Q96IY1;Q6P1K2
prerank,"SWI/SNF ATP-dependent chromatin remodeling complex, ACTL6B-ARID1B-SMARCA4 variant",0.8008886420438766,1.4223817018504095,0.008290155440414507,0.09153741252016913,1.0,11/11,20.16%,P60709;Q96GM5;Q92922;P51532;O94805;Q12824;Q969G3;Q8TAQ2;Q92925;Q6STE5;Q8NFD5
prerank,"LINC complex, SUN1-SYNE4 variant",0.9307573976935056,1.4178107867160767,0.021333333333333333,0.09953895391948027,1.0,1/3,0.06%,CHEBI:29105
prerank,"SWI/SNF ATP-dependent chromatin remodeling complex, ACTL6B-ARID1B-SMARCA2 variant",0.8008886420438768,1.4173238986345102,0.009384775808133473,0.10010406651166577,1.0,11/11,20.16%,P60709;Q96GM5;Q92922;O94805;Q12824;Q969G3;P51531;Q8TAQ2;Q92925;Q6STE5;Q8NFD5
prerank,DUOX2-DUOXA2 dual oxidase complex,0.8637806255663738,1.4105788714506478,0.026537997587454766,0.11290308337923084,1.0,3/5,7.72%,CHEBI:57692;CHEBI:30413;CHEBI:29108
prerank,"LINC complex, SUN2-SYNE4 variant",0.9307573976935056,1.409987207910707,0.02666666666666667,0.11370037555477724,1.0,1/3,0.06%,CHEBI:29105
prerank,"Neuron-specific SWI/SNF ATP-dependent chromatin remodeling complex, ARID1A-SMARCA2 variant",0.7764375715922108,1.407478900419291,0.01644398766700925,0.11843740480580948,1.0,11/12,18.13%,P60709;Q96GM5;Q92922;O94805;Q12824;Q969G3;P51531;Q8TAQ2;O14497;Q6STE5;Q92784
prerank,Mitochondrial propionyl-CoA carboxylase complex,0.8771583242911732,1.4074249672967316,0.02973977695167286,0.11804203658888152,1.0,1/4,0.61%,CHEBI:18420
prerank,Interferon gamma receptor-ligand complex,-0.7564422277639236,-1.4074030431132265,0.0653061224489796,0.44768915961789335,1.0,3/3,24.45%,P38484;P15260;CPX-6024
prerank,"CCR4-NOT mRNA deadenylase complex, CNOT6-CNOT8 variant",0.7597222222222221,1.4073618678199815,0.026503567787971458,0.11772784802604469,1.0,12/12,24.28%,CHEBI:18420;CHEBI:60240;A5YKK6;Q9NZN8;Q9UKZ1;Q92600;O95628;Q9C0C2;Q9H9A5;O75175;Q9ULM6;Q9UFF9
prerank,"Neuron-specific SWI/SNF ATP-dependent chromatin remodeling complex, ARID1A-SMARCA4 variant",0.7770433145009417,1.4068592158139421,0.01642710472279261,0.11825681106778725,1.0,11/12,18.13%,P60709;Q96GM5;Q92922;P51532;O94805;Q12824;Q969G3;Q8TAQ2;O14497;Q6STE5;Q92784
prerank,Glutamate decarboxylase 1/2 complex,-0.7281795511221946,-1.4057556016894557,0.06691449814126393,0.4427329573415024,1.0,3/3,27.27%,Q05329;Q99259;CHEBI:18405
prerank,"Polybromo-associated SWI/SNF ATP-dependent chromatin remodeling complex, ACTL6A variant",0.7746596276743538,1.4042890488434894,0.0163098878695209,0.12319013275446372,1.0,13/13,22.81%,P60709;O96019;Q96GM5;Q92922;P51532;Q12824;Q969G3;Q8WUB8;Q8TAQ2;Q92925;Q86U86;Q9NPI1;Q68CP9
prerank,Chromatin assembly factor 1 complex,0.9155177191121812,1.4036364375623045,0.023968042609853527,0.12400985660348883,1.0,1/3,1.58%,Q09028
prerank,"Platelet-activating factor acetylhydrolase IB complex, alpha1-alpha2 variant",-0.7320587420338044,-1.4030317291045136,0.06504065040650407,0.44092959643142704,1.0,3/3,26.88%,P68402;Q15102;P43034
prerank,Interleukin-37 receptor-ligand complex,-0.7353837628151844,-1.402268673344215,0.06589147286821706,0.4340608608043647,1.0,3/3,26.55%,Q9NZH6-1;Q6IA17-PRO_0000099065;Q13478-PRO_0000015448
prerank,SMG1C protein kinase complex,-0.7398171238570241,-1.3984334699056642,0.08679245283018867,0.43490486179224974,1.0,3/3,26.11%,Q96Q15;Q8ND04;Q9H0W8
prerank,"Neuron-specific SWI/SNF ATP-dependent chromatin remodeling complex, ARID1B-SMARCA2 variant",0.7749999999999999,1.3970197071356445,0.01752577319587629,0.1375914694857673,1.0,12/12,22.76%,P60709;Q96GM5;Q92922;O94805;Q12824;Q969G3;P51531;Q8TAQ2;Q6STE5;Q92784;Q8NFD5;Q92782
prerank,"Polybromo-associated SWI/SNF ATP-dependent chromatin remodeling complex, ACTL6B variant",0.7746596276743543,1.3944119132816442,0.012282497441146366,0.1429076654458201,1.0,13/13,22.81%,P60709;Q96GM5;Q92922;P51532;O94805;Q12824;Q969G3;Q8WUB8;Q8TAQ2;Q92925;Q86U86;Q9NPI1;Q68CP9
prerank,"Neuron-specific SWI/SNF ATP-dependent chromatin remodeling complex, ARID1B-SMARCA4 variant",0.775,1.3943011120237079,0.01962809917355372,0.14262167100165174,1.0,12/12,22.76%,P60709;Q96GM5;Q92922;P51532;O94805;Q12824;Q969G3;Q8TAQ2;Q6STE5;Q92784;Q8NFD5;Q92782
prerank,MRN double-strand break repair complex,0.857155771989248,1.3936097876808713,0.038777908343125736,0.14364782832897582,1.0,2/5,7.81%,CHEBI:29105;CHEBI:29035
prerank,"CCR4-NOT mRNA deadenylase complex, CNOT6L-CNOT8 variant",0.7558333333333332,1.3926649525697918,0.02666666666666667,0.1453006513552866,1.0,12/12,24.67%,CHEBI:18420;CHEBI:60240;A5YKK6;Q9NZN8;Q9UKZ1;Q92600;O95628;Q9C0C2;Q9H9A5;O75175;Q9UFF9;Q96LI5
prerank,LDLR-PCSK9 complex,-0.7132169576059851,-1.3902485964327767,0.09578544061302682,0.44747542358145176,1.0,3/3,28.77%,P01130;Q8NBP7-PRO_0000027121;Q8NBP7-PRO_0000027120
prerank,"CCR4-NOT mRNA deadenylase complex, CNOT6-CNOT7 variant",0.7536111111111109,1.389499649860545,0.03381147540983607,0.15236738226415894,1.0,12/12,24.89%,CHEBI:18420;CHEBI:60240;A5YKK6;Q9NZN8;Q9UKZ1;Q92600;O95628;Q9C0C2;Q9H9A5;O75175;Q9ULM6;Q9UIV1
prerank,"Radial spoke complex, flagellar variant",0.7604890247290914,1.3892314958975835,0.027663934426229508,0.15245071359184606,1.0,13/13,24.22%,Q96FJ2;Q8WYR4;Q9H1X1;Q9UHP6;Q96C74;Q6P9G0;P56597;P59910;Q86UC2;Q8WWB3;Q8IYR0;Q9H0K4;Q8NA54
prerank,Ribosome biogenesis complex,-0.7251316154059296,-1.3863289035911783,0.0683453237410072,0.44877540714556247,1.0,3/3,27.57%,Q14978;Q13428;P61328
prerank,AP-4 Adaptor complex,-0.6704545454545454,-1.3861263434233064,0.10465116279069768,0.4410221390779401,1.0,4/4,33.06%,O00189;Q9Y587;Q9UPM8;Q9Y6B7
prerank,R2T co-chaperone complex,0.8985245220282627,1.3860725809171945,0.0411522633744856,0.15952297400366944,1.0,2/3,7.70%,Q9Y265;Q9Y230
prerank,"CCR4-NOT mRNA deadenylase complex, CNOT6L-CNOT7 variant",0.753611111111111,1.3832110085963891,0.03192584963954686,0.16587113254636143,1.0,12/12,24.89%,CHEBI:18420;CHEBI:60240;A5YKK6;Q9NZN8;Q9UKZ1;Q92600;O95628;Q9C0C2;Q9H9A5;O75175;Q96LI5;Q9UIV1
prerank,"Box C/D snoRNA-guided RNP methyltransferase complex, FBL variant",0.8075659658702654,1.3829378481533858,0.05460750853242321,0.16591021929713817,1.0,4/6,11.60%,P55769;Q9Y2X3;O00567;P22087
prerank,BAT3 complex,-0.7137711277362151,-1.3815554533305137,0.06504065040650407,0.44398705069706207,1.0,3/3,28.71%,Q7L5D6;P46379;P11441
prerank,Peroxisomal receptor export module complex,-0.7265170407315046,-1.3809740692852808,0.09836065573770492,0.4372649947471043,1.0,3/3,27.44%,Q13608;O43933;Q7Z412
prerank,IkappaB kinase complex,-0.71626489332225,-1.3807571032272514,0.07661290322580645,0.4301754248491207,1.0,3/3,28.46%,Q9Y6K9;O15111;O14920
prerank,ISCA2-IBA57 mitochondrial iron-sulfur protein assembly complex,0.8965935079382803,1.3791822093393442,0.04741980474198047,0.17453829737510218,1.0,1/3,1.41%,CHEBI:49601
prerank,Mitochondrial RNase Z complex,0.8434727612974772,1.3760700763014688,0.047453703703703706,0.18201039437439917,1.0,1/5,0.06%,CHEBI:29105
prerank,"Brain-specific SWI/SNF ATP-dependent chromatin remodeling complex, ARID1B-SMARCA2 variant",0.8002219755826857,1.3754407737111238,0.04180064308681672,0.18311251876823934,1.0,8/8,20.16%,P60709;O94805;Q12824;Q969G3;P51531;Q8TAQ2;Q92925;Q8NFD5
prerank,Eukaryotic translation initiation factor 3 complex,0.7529869408168939,1.3743323888781114,0.02044989775051125,0.18537074889483374,1.0,13/13,24.97%,Q13347;Q9Y262;Q99613;Q7L2H7;O00303;Q9UBQ5;Q14152;P60228;P55884;O75822;O75821;O15371;O15372
prerank,"Brain-specific SWI/SNF ATP-dependent chromatin remodeling complex, ARID1B-SMARCA4 variant",0.800221975582686,1.3741440500601532,0.04086021505376344,0.18518141257857373,1.0,8/8,20.16%,P60709;P51532;O94805;Q12824;Q969G3;Q8TAQ2;Q92925;Q8NFD5
prerank,R2SP co-chaperone complex,0.8411503847658797,1.3724494179701605,0.06775407779171895,0.18904536968795135,1.0,2/4,7.70%,Q9Y265;Q9Y230
prerank,HUSH epigenetic repressor complex,-0.7085065114990302,-1.371638598001445,0.09090909090909091,0.4446618692925977,1.0,3/3,29.24%,Q9UK61;Q99549;Q8NEY8
prerank,NuRF chromatin remodeling complex,0.8558593664244474,1.3709186164746912,0.05461165048543689,0.19231926125929039,1.0,2/4,7.53%,Q09028;Q16576
prerank,ULK1-ATG13-RB1CC1-ATG101 autophagy initiation complex,-0.6496674057649667,-1.3681946515242827,0.11956521739130435,0.4459201279299751,1.0,4/4,35.13%,Q9BSB4;Q8TDY2;O75385;O75143
prerank,CENP-A recruiting complex,-0.715433638126905,-1.366477968900905,0.10116731517509728,0.4431686400472425,1.0,3/3,28.54%,O43482;Q6P0N0;Q9NYP9
prerank,"CRL4-DCAF13 E3 ubiquitin ligase complex, CUL4B variant ",0.8614190687361418,1.3642936735028368,0.0480295566502463,0.20995579813068035,1.0,4/4,13.95%,P62877;Q9NV06;Q16531;Q13620
prerank,"CRL4-DCAF13 E3 ubiquitin ligase complex, CUL4A variant ",0.8608647450110863,1.3631742111228147,0.040740740740740744,0.21232279607504542,1.0,4/4,14.01%,P62877;Q9NV06;Q16531;Q13619
prerank,NELF negative elongation factor complex ,-0.6216740576496674,-1.3590855843118732,0.10256410256410256,0.4535208571742734,1.0,4/4,37.93%,Q9H3P2;Q8WX92;Q8IXH7;P18615
prerank,MBD2/NuRD nucleosome remodeling and deacetylase complex,0.7436111111111108,1.3588844575301595,0.046296296296296294,0.22353987658548263,1.0,12/12,25.89%,Q09028;Q16576;Q13547;Q92769;Q12873;Q8WXI9;O94776;Q14839;Q86YP4;Q9BTC8;Q13330;Q9UBB5
prerank,"GBAF (SWI/SNF) ATP-dependent chromatin remodeling complex, ACTL6A-BICRAL-SMARCA2 variant",0.7492363232435436,1.357949471886777,0.05098855359001041,0.22527032013121476,1.0,11/11,25.30%,P60709;O96019;Q96GM5;Q92922;P51531;Q4VC05;Q9BQE9;Q8WUZ0;Q15532;Q9H8M2;Q6AI39
prerank,R2TP core co-chaperone complex,0.8520747545137788,1.3572039763028683,0.07481296758104738,0.22641615800268558,1.0,2/4,7.70%,Q9Y265;Q9Y230
prerank,"TIM23 mitochondrial inner membrane pre-sequence translocase complex, TIM17A variant",0.7461111111111112,1.3571933470912563,0.04855371900826446,0.2256373986881319,1.0,12/12,25.64%,Q9HAV7;Q9Y3D7;O14925;Q96DA6;O43615;Q9Y5T4;Q9BVV7;P38646;P60602;Q3ZCQ8;Q8TAA5;Q99595
prerank,CatSpermasome complex,0.7344444444444447,1.356994126918946,0.06032719836400818,0.22541890116444435,1.0,12/12,26.80%,Q96P56;Q9H7T0;Q9NTU4;Q8NEC5;Q86XQ3;Q2WGJ8;Q5SY80;A8MZ26;E9PQX1;Q86XM0;Q6ZRH7;Q7RTX7
prerank,Mitochondrial 3-oxoacyl-[acyl-carrier-protein] reductase,-0.6150221729490022,-1.3557162382611,0.0979381443298969,0.45461799021955573,1.0,4/4,38.59%,Q92506;Q8N4T8;CHEBI:58349;CHEBI:57540
prerank,"CRL4-CRBN E3 ubiquitin ligase complex, CUL4B variant ",0.8422739823453124,1.3554294690661994,0.057387057387057384,0.22923220534920896,1.0,3/4,13.95%,P62877;Q16531;Q13620
prerank,"CRL4-DCAF5 E3 ubiquitin ligase complex, CUL4A variant ",0.8417196586202569,1.3532868146018782,0.06888068880688807,0.23461106070276383,1.0,3/4,14.01%,P62877;Q16531;Q13619
prerank,WMM N6-adenosine-methyltransferase complex,-0.5774882173551428,-1.3524190194069368,0.1015625,0.4555256596389345,1.0,5/5,42.36%,Q75N03;Q69YN4;Q5T200;Q15007;CPX-21210
prerank,"GBAF (SWI/SNF) ATP-dependent chromatin remodeling complex, ACTL6A-BICRAL-SMARCA4 variant",0.7492363232435434,1.352402919729933,0.040498442367601244,0.2364358873880287,1.0,11/11,25.30%,P60709;O96019;Q96GM5;Q92922;P51532;Q4VC05;Q9BQE9;Q8WUZ0;Q15532;Q9H8M2;Q6AI39
prerank,"GBAF (SWI/SNF) ATP-dependent chromatin remodeling complex, ACTL6A-BICRA-SMARCA2 variant",0.7495140238822551,1.3517867213172476,0.04488517745302714,0.2376081520910854,1.0,11/11,25.28%,P60709;O96019;Q96GM5;Q92922;P51531;Q4VC05;Q9BQE9;Q8WUZ0;Q15532;Q9H8M2;Q9NZM4
prerank,"GBAF (SWI/SNF) ATP-dependent chromatin remodeling complex, ACTL6B-BICRAL-SMARCA2 variant",0.7492363232435435,1.3509739007818016,0.052083333333333336,0.2391191131265142,1.0,11/11,25.30%,P60709;Q96GM5;Q92922;O94805;P51531;Q4VC05;Q9BQE9;Q8WUZ0;Q15532;Q9H8M2;Q6AI39
prerank,MBD3/NuRD nucleosome remodeling and deacetylase complex,0.7372222222222219,1.350669225598712,0.050308008213552365,0.2392007251468337,1.0,12/12,26.52%,Q09028;Q16576;Q13547;Q92769;Q12873;Q8WXI9;O94776;Q14839;Q86YP4;Q9BTC8;Q13330;O95983
prerank,"GBAF (SWI/SNF) ATP-dependent chromatin remodeling complex, ACTL6B-BICRA-SMARCA2 variant",0.7495140238822549,1.3503733052305333,0.04171011470281543,0.23925224680908957,1.0,11/11,25.28%,P60709;Q96GM5;Q92922;O94805;P51531;Q4VC05;Q9BQE9;Q8WUZ0;Q15532;Q9H8M2;Q9NZM4
prerank,"SEC61 protein-conducting channel complex, SEC1A1 variant",-0.7015793848711555,-1.349992633801731,0.08771929824561403,0.4544382184326636,1.0,3/3,29.93%,P61619;P60468;P60059
prerank,"CRL4-CRBN E3 ubiquitin ligase complex, CUL4A variant ",0.8417196586202569,1.3495808984695583,0.07125307125307126,0.24087268017293634,1.0,3/4,14.01%,P62877;Q16531;Q13619
prerank,"CRL4-AMBRA1 E3 ubiquitin ligase complex, CUL4B variant ",0.8422739823453124,1.3483965812579717,0.0690505548705302,0.2434626560800481,1.0,3/4,13.95%,P62877;Q16531;Q13620
prerank,R2SD co-chaperone complex,0.8411503847658797,1.3471468823556536,0.06565656565656566,0.24629789244313036,1.0,2/4,7.70%,Q9Y265;Q9Y230
prerank,"CRL4-DCAF9 E3 ubiquitin ligase complex, CUL4A variant ",0.8417196586202569,1.3461524117771948,0.07248157248157248,0.2482692234598697,1.0,3/4,14.01%,P62877;Q16531;Q13619
prerank,"CRL4-DCAF5 E3 ubiquitin ligase complex, CUL4B variant ",0.8422739823453124,1.3456144183861487,0.06327543424317618,0.24909845498219915,1.0,3/4,13.95%,P62877;Q16531;Q13620
prerank,"GBAF (SWI/SNF) ATP-dependent chromatin remodeling complex, ACTL6A-BICRA-SMARCA4 variant",0.7495140238822549,1.345592245397074,0.03858185610010428,0.24833118690374864,1.0,11/11,25.28%,P60709;O96019;Q96GM5;Q92922;P51532;Q4VC05;Q9BQE9;Q8WUZ0;Q15532;Q9H8M2;Q9NZM4
prerank,"CRL4-DCAF17 E3 ubiquitin ligase complex, CUL4B variant ",0.8422739823453124,1.3451799422728807,0.06140350877192982,0.24875102356579146,1.0,3/4,13.95%,P62877;Q16531;Q13620
prerank,"CRL4-DDB2 E3 ubiquitin ligase complex, CUL4B variant ",0.8422739823453124,1.344474729160227,0.07466340269277846,0.2500810171002052,1.0,3/4,13.95%,P62877;Q16531;Q13620
prerank,"CRL4-AMBRA1 E3 ubiquitin ligase complex, CUL4A variant ",0.8417196586202569,1.3439427436386087,0.07835820895522388,0.25088031199489647,1.0,3/4,14.01%,P62877;Q16531;Q13619
prerank,"Dystrophin glycoprotein complex, retinal outer plexiform layer variant",0.7360219951897701,1.3438621295643927,0.06378600823045268,0.2502410140486866,1.0,10/11,20.76%,Q13424;Q14118-PRO_0000021066;Q14118-PRO_0000021065;Q13326;Q13884;Q16585;Q14714;Q16586;Q92629;O60941
prerank,"CRL4-DCAF15 E3 ubiquitin ligase complex, CUL4A variant ",0.8146773729979677,1.343594758754483,0.07701283547257877,0.2501621960670786,1.0,3/5,14.01%,P62877;Q16531;Q13619
prerank,"GBAF (SWI/SNF) ATP-dependent chromatin remodeling complex, ACTL6B-BICRAL-SMARCA4 variant",0.7492363232435435,1.3429327004017513,0.04488517745302714,0.2512461890588672,1.0,11/11,25.30%,P60709;Q96GM5;Q92922;P51532;O94805;Q4VC05;Q9BQE9;Q8WUZ0;Q15532;Q9H8M2;Q6AI39
prerank,"CRL4-DCAF9 E3 ubiquitin ligase complex, CUL4B variant ",0.8422739823453124,1.3429181612640284,0.06829268292682927,0.2504613390368165,1.0,3/4,13.95%,P62877;Q16531;Q13620
prerank,"CRL4-DCAF15 E3 ubiquitin ligase complex, CUL4B variant ",0.8152318504030135,1.3422048053176132,0.07476635514018691,0.2516216737426839,1.0,3/5,13.95%,P62877;Q16531;Q13620
prerank,"GBAF (SWI/SNF) ATP-dependent chromatin remodeling complex, ACTL6B-BICRA-SMARCA4 variant",0.749514023882255,1.342046311926586,0.04075235109717868,0.25125866404342817,1.0,11/11,25.28%,P60709;Q96GM5;Q92922;P51532;O94805;Q4VC05;Q9BQE9;Q8WUZ0;Q15532;Q9H8M2;Q9NZM4
prerank,"CRL4-DDB2 E3 ubiquitin ligase complex, CUL4A variant ",0.8417196586202569,1.34157142420183,0.07814407814407814,0.2518741102489679,1.0,3/4,14.01%,P62877;Q16531;Q13619
prerank,"CRL4-DCAF6 E3 ubiquitin ligase complex, CUL4A variant ",0.8417196586202569,1.3412220677234916,0.06756756756756757,0.25209823865796926,1.0,3/4,14.01%,P62877;Q16531;Q13619
prerank,"Nucleolar exosome complex, EXOSC10 variant",0.7486809219661206,1.341117514370227,0.04612159329140461,0.25156736911740224,1.0,11/11,25.36%,CHEBI:18420;Q15024;Q13868;Q9NPD3;Q9NQT5;Q06265;Q9Y3B2;Q9NQT4;Q96B26;Q01780;Q5RKV6
prerank,Myddosome core complex,-0.6330376940133038,-1.3400510346625936,0.13227513227513227,0.47023702496496333,1.0,4/4,36.79%,P51617;O43187;Q99836;Q9NWZ3
prerank,"CRL4-DCAF14 E3 ubiquitin ligase complex, CUL4B variant ",0.8422739823453124,1.3399748343695557,0.0691358024691358,0.2539581210922029,1.0,3/4,13.95%,P62877;Q16531;Q13620
prerank,"CRL4-DCAF11 E3 ubiquitin ligase complex, CUL4B variant ",0.8422739823453124,1.3396105827086466,0.06527093596059114,0.2541763974065648,1.0,3/4,13.95%,P62877;Q16531;Q13620
prerank,"TIM23 mitochondrial inner membrane pre-sequence translocase complex, TIM17B variant",0.7313888888888889,1.3392829275527178,0.05755395683453238,0.2542892804540415,1.0,12/12,27.10%,Q9HAV7;Q9Y3D7;O14925;Q96DA6;O43615;Q9Y5T4;Q9BVV7;P38646;P60602;Q3ZCQ8;Q8TAA5;O60830
prerank,"CRL4-DCAF7 E3 ubiquitin ligase complex, CUL4B variant ",0.8422739823453124,1.3388750877757256,0.08020050125313283,0.25464837005734675,1.0,3/4,13.95%,P62877;Q16531;Q13620
prerank,CCDC36-MEI4-REC114 meiotic recombination initiation complex,-0.7098919368246052,-1.338482971764395,0.10344827586206896,0.46644256309664905,1.0,3/3,29.10%,Q8IYA8;Q7Z4M0;A8MW99
prerank,"CRL4-DCAF6 E3 ubiquitin ligase complex, CUL4B variant ",0.8422739823453124,1.338217287192806,0.06748466257668712,0.2557466197071035,1.0,3/4,13.95%,P62877;Q16531;Q13620
prerank,"Histone-lysine N-methyltransferase complex, KMT2B variant",0.7577391120229131,1.3369974681877346,0.06171548117154812,0.2585432180472669,1.0,7/9,18.19%,CHEBI:29105;P61964;P51610;Q15291;Q9C005;Q9UBL3;Q9Y5Z7
prerank,Cardiac Troponin complex,-0.7051814907176503,-1.336697377131013,0.128099173553719,0.4636542598354832,1.0,3/3,29.57%,P63316;P45379;P19429
prerank,"CRL4-DCAF16 E3 ubiquitin ligase complex, CUL4B variant ",0.8422739823453124,1.336411738484739,0.07376058041112454,0.25929597081623934,1.0,3/4,13.95%,P62877;Q16531;Q13620
prerank,U4/U6 small nuclear ribonucleoprotein complex,0.8595954558049321,1.3360604493727077,0.09946949602122016,0.2595262521448323,1.0,1/3,6.06%,Q8WWY3
prerank,Ndc80 complex,-0.6042128603104213,-1.334736726242072,0.11235955056179775,0.4610727187010375,1.0,4/4,39.67%,Q9HBM1;Q9BZD4;Q8NBT2;O14777
prerank,"CRL4-DCAF7 E3 ubiquitin ligase complex, CUL4A variant ",0.8417196586202569,1.3346840297088995,0.08020050125313283,0.26267137998239437,1.0,3/4,14.01%,P62877;Q16531;Q13619
prerank,"CRL4-DCAF10 E3 ubiquitin ligase complex, CUL4A variant ",0.8417196586202569,1.3344628450923055,0.07616707616707617,0.26249177766503756,1.0,3/4,14.01%,P62877;Q16531;Q13619
prerank,"TAK1-TAB complex, TAB3 variant",-0.6838459407037961,-1.3337988193224024,0.10218978102189781,0.4565609200377537,1.0,3/3,31.70%,Q8N5C8;Q15750;O43318
prerank,"CRL4-DCAF8 E3 ubiquitin ligase complex, CUL4A variant ",0.8417196586202569,1.3335948433175366,0.08497536945812807,0.2642244097895335,1.0,3/4,14.01%,P62877;Q16531;Q13619
prerank,"CRL4-CDT2 E3 ubiquitin ligase complex, CUL4B variant ",0.8422739823453124,1.3331842571299364,0.0625,0.2646265681106566,1.0,3/4,13.95%,P62877;Q16531;Q13620
prerank,"CRL4-CDT2 E3 ubiquitin ligase complex, CUL4A variant ",0.8417196586202569,1.3331338477672923,0.07037037037037037,0.2639684901888056,1.0,3/4,14.01%,P62877;Q16531;Q13619
prerank,"CRL4-ERCC8 E3 ubiquitin ligase complex, CUL4A variant ",0.8417196586202569,1.3324869433523951,0.0784313725490196,0.26503054178134683,1.0,3/4,14.01%,P62877;Q16531;Q13619
prerank,Histone pre-RNA core cleavage complex,0.8179045794792954,1.3324292962021653,0.07377049180327869,0.264348797066742,1.0,1/5,0.06%,CHEBI:29105
prerank,"CRL4-DCAF12 E3 ubiquitin ligase complex, CUL4A variant ",0.8417196586202569,1.3322893742199304,0.08178438661710037,0.26396773802061874,1.0,3/4,14.01%,P62877;Q16531;Q13619
prerank,"CRL4-DCAF17 E3 ubiquitin ligase complex, CUL4A variant ",0.8417196586202569,1.331873697589955,0.06683480453972257,0.26441715454866405,1.0,3/4,14.01%,P62877;Q16531;Q13619
prerank,"Histone-lysine N-methyltransferase complex, KMT2A variant",0.7577391120229131,1.3317558764217516,0.06360792492179354,0.26388361711115177,1.0,7/9,18.19%,CHEBI:29105;P61964;P51610;Q15291;Q9C005;Q9UBL3;Q9Y5Z7
prerank,"CRL4-DCAF11 E3 ubiquitin ligase complex, CUL4A variant ",0.8417196586202569,1.3316520921980877,0.07035175879396985,0.263376619138327,1.0,3/4,14.01%,P62877;Q16531;Q13619
prerank,"Radial spoke complex, ciliiar variant",0.7358333333333333,1.3315360704831742,0.052307692307692305,0.2628756214553257,1.0,12/12,26.66%,Q96FJ2;Q8WYR4;Q9H1X1;Q9UHP6;Q96C74;Q6P9G0;P56597;P59910;Q86UC2;Q8WWB3;Q8IYR0;Q5TD94
prerank,"CRL4-DCAF14 E3 ubiquitin ligase complex, CUL4A variant ",0.8417196586202569,1.3308790829605552,0.0880893300248139,0.2638720905062801,1.0,3/4,14.01%,P62877;Q16531;Q13619
prerank,"CRL4-DCAF8 E3 ubiquitin ligase complex, CUL4B variant ",0.8422739823453124,1.3307393581616256,0.07711442786069651,0.26346196694979496,1.0,3/4,13.95%,P62877;Q16531;Q13620
prerank,"CRL4-ERCC8 E3 ubiquitin ligase complex, CUL4B variant",0.8422739823453124,1.3304001570971777,0.07881773399014778,0.26370363303553096,1.0,3/4,13.95%,P62877;Q16531;Q13620
prerank,"CRL4-DCAF12 E3 ubiquitin ligase complex, CUL4B variant ",0.8422739823453124,1.3297737816066084,0.0773067331670823,0.2647401273437252,1.0,3/4,13.95%,P62877;Q16531;Q13620
prerank,"CRL4-DCAF16 E3 ubiquitin ligase complex, CUL4A variant ",0.8417196586202569,1.3297050718776928,0.08029197080291971,0.2641454733959768,1.0,3/4,14.01%,P62877;Q16531;Q13619
prerank,"CRL4-DCAF1 E3 ubiquitin ligase complex, CUL4B variant ",0.8422739823453124,1.3296598603157967,0.0794044665012407,0.2634889066400687,1.0,3/4,13.95%,P62877;Q16531;Q13620
prerank,"SEC61 protein-conducting channel complex, SEC1A2 variant",-0.7015793848711555,-1.3280120236329624,0.10084033613445378,0.4639260467065322,1.0,3/3,29.93%,Q9H9S3;P60468;P60059
prerank,SHU complex,-0.6147450110864745,-1.327612506378695,0.10599078341013825,0.45841369870059423,1.0,4/4,38.62%,Q6NVH7;Q19AV6;Q14159;Q9NTI5
prerank,"CRL4-DCAF10 E3 ubiquitin ligase complex, CUL4B variant ",0.8422739823453124,1.326313762121705,0.075,0.27215829701047345,1.0,3/4,13.95%,P62877;Q16531;Q13620
prerank,Mitochondrial respiratory chain complex III,0.7316666666666667,1.3256417000715792,0.06262833675564682,0.27325906271135797,1.0,12/12,27.08%,CHEBI:49601;O14949;P00156;O14957;Q9UDW1;P47985-PRO_0000307241;P22695;P31930;P47985-PRO_0000030664;P08574;P07919;P14927
prerank,KLHDC10-Elongin C-Elongin B E3 ubiquitin ligase complex,0.7924300632368279,1.3256012705525069,0.10688836104513064,0.27258969954899825,1.0,4/5,18.94%,P62877;Q15369;Q13617;Q15370
prerank,"Cytoplasmic exosome complex, DIS3L-EXOSC10 variant",0.7305555555555555,1.3255008502476715,0.06481481481481481,0.2720537229514754,1.0,12/12,27.19%,CHEBI:18420;Q15024;Q13868;Q9NPD3;Q9NQT5;Q06265;Q9Y3B2;Q9NQT4;Q96B26;Q01780;Q5RKV6;Q8TF46
prerank,"CRL4-DCAF4 E3 ubiquitin ligase complex, CUL4A variant ",0.8417196586202569,1.3235554704949077,0.07393939393939394,0.2768420523519582,1.0,3/4,14.01%,P62877;Q16531;Q13619
prerank,SRCAP chromatin remodeling complex,0.7478452640817337,1.3223807503901508,0.08174097664543524,0.27939549492937976,1.0,6/9,14.53%,O96019;Q9Y265;Q9Y230;O95619;Q9NPF5;Q15906
prerank,"CRL4-DCAF4 E3 ubiquitin ligase complex, CUL4B variant ",0.8422739823453124,1.3222674951677982,0.0670807453416149,0.27889721248514604,1.0,3/4,13.95%,P62877;Q16531;Q13620
prerank,ZYG11B-Elongin C-Elongin B E3 ubiquitin ligase complex,0.7924300632368279,1.3209594507209201,0.1091753774680604,0.2820830338865316,1.0,4/5,18.94%,P62877;Q15369;Q13617;Q15370
prerank,"CRL4-DCAF1 E3 ubiquitin ligase complex, CUL4A variant ",0.8417196586202569,1.32046751913827,0.08188585607940446,0.28267206127746275,1.0,3/4,14.01%,P62877;Q16531;Q13619
prerank,SPATA5-SPATA5L1 ATPase complex,-0.6186252771618626,-1.3202345437712175,0.11413043478260869,0.46937797277798626,1.0,4/4,38.23%,Q8NB90;Q9NX04;Q9BW66;Q9BVQ7
prerank,Nexin-dynein regulatory complex,0.7173007497917246,1.319257809264682,0.08704663212435233,0.2855712363742642,1.0,11/11,28.49%,Q8NEE6;Q9H095;Q5VUJ9;Q96DY2;Q8IXS2;Q8IY82;Q96MC2;Q5JU00;Q9H069;Q86XH1;O95995
prerank,"Nuclear exosome complex, DIS3-EXOSC10 variant",0.7330555555555556,1.3184021105095338,0.04931794333683106,0.2872243346487581,1.0,12/12,26.94%,CHEBI:18420;Q15024;Q13868;Q9NPD3;Q9NQT5;Q06265;Q9Y3B2;Q9NQT4;Q96B26;Q01780;Q5RKV6;Q9Y2L1
prerank,"Box C/D snoRNA-Guided RNP methyltransferase complex, FBLL1 variant",0.7758756772899866,1.3178919529569213,0.09843400447427293,0.2877988339664088,1.0,3/6,10.30%,P55769;Q9Y2X3;O00567
prerank,2-(3-amino-3-carboxypropyl)histidine synthase complex,0.8582100304793572,1.3176143919061243,0.10344827586206896,0.2877288126942664,1.0,1/3,6.20%,CHEBI:49883
prerank,"Amiloride-sensitive sodium channel complex, delta-alpha-beta-gamma",-0.6072616407982262,-1.3174688412414626,0.12834224598930483,0.4690911717171028,1.0,4/4,39.37%,P51168;P51172;P51170;P37088
prerank,FEB1C-Elongin C-Elongin B E3 ubiquitin ligase complex,0.7924300632368279,1.3156290726091526,0.11137440758293839,0.2925964128119735,1.0,4/5,18.94%,P62877;Q15369;Q13617;Q15370
prerank,PRAME-Elongin C-Elongin B E3 ubiquitin ligase complex,0.7924300632368279,1.3155448978006277,0.10756501182033097,0.2920389584015089,1.0,4/5,18.94%,P62877;Q15369;Q13617;Q15370
prerank,ZER1-Elongin C-Elongin B E3 ubiquitin ligase complex,0.7924300632368279,1.3147842363123192,0.1182033096926714,0.29341077899650764,1.0,4/5,18.94%,P62877;Q15369;Q13617;Q15370
prerank,"Cytoplasmic exosome complex, DIS3L variant",0.7303526798111635,1.3147312304357062,0.08713692946058091,0.2926970697594471,1.0,11/11,27.19%,CHEBI:18420;Q15024;Q13868;Q9NPD3;Q9NQT5;Q06265;Q9Y3B2;Q9NQT4;Q96B26;Q5RKV6;Q8TF46
prerank,FEB1B-Elongin C-Elongin B E3 ubiquitin ligase complex,0.7924300632368279,1.3142366805504662,0.11918951132300358,0.2932812715093761,1.0,4/5,18.94%,P62877;Q15369;Q13617;Q15370
prerank,Outer dynein arm-docking complex,-0.5569725533684502,-1.3142047232150476,0.09420289855072464,0.4698879209976294,1.0,5/5,44.41%,Q96M63;Q5T2S8;A5D8V7;Q9HAE3;Q96NG3
prerank,NUBP1-NUBP2 iron-sulfur cluster assembly scaffold complex,0.8582100304793572,1.3140999306573042,0.10497237569060773,0.2928709597033326,1.0,1/3,6.20%,CHEBI:49883
prerank,FERRY RAB5 effector complex,-0.5713889658996396,-1.313374409818632,0.12337662337662338,0.46568166565890806,1.0,5/5,42.97%,Q9NQ89;Q8TEA7;Q8NB37;Q6ZMI0;O95825
prerank,APPBP2-Elongin C-Elongin B E3 ubiquitin ligase complex,0.7924300632368279,1.3132769937037256,0.11228070175438597,0.2944800327199991,1.0,4/5,18.94%,P62877;Q15369;Q13617;Q15370
prerank,"Exosome complex, DIS3 variant",0.7328519855595668,1.3114832738313,0.06954689146469968,0.299034119464766,1.0,11/11,26.94%,CHEBI:18420;Q15024;Q13868;Q9NPD3;Q9NQT5;Q06265;Q9Y3B2;Q9NQT4;Q96B26;Q5RKV6;Q9Y2L1
prerank,LRR1-Elongin C-Elongin B E3 ubiquitin ligase complex,0.7924300632368279,1.3106745134072417,0.11538461538461539,0.3005286331375626,1.0,4/5,18.94%,P62877;Q15369;Q13617;Q15370
prerank,FEM1A-Elongin C-Elongin B E3 ubiquitin ligase complex,0.7924300632368279,1.3103530055168862,0.1071849234393404,0.30063787680834514,1.0,4/5,18.94%,P62877;Q15369;Q13617;Q15370
prerank,uPA-uPAR-vitronectin complex,-0.6946522582432807,-1.3094522506785862,0.12295081967213115,0.46827546480368093,1.0,3/3,30.62%,Q03405;P00749;P04004
prerank,BRISC complex,0.7846064822277097,1.3085808676983943,0.10954063604240283,0.30521611722391445,1.0,1/5,0.06%,CHEBI:29105
prerank,Ribosome quality control complex,-0.5914634146341463,-1.3075585712302218,0.12315270935960591,0.46656917617023663,1.0,4/4,40.95%,Q9BQ70;O94822;O60524;CPX-137
prerank,GINS complex,-0.6233370288248337,-1.307378789165322,0.12921348314606743,0.4611032362299224,1.0,4/4,37.76%,Q9Y248;Q9BRX5;Q9BRT9;Q14691
prerank,CCM endothelial permeability complex,-0.6813521751177612,-1.305832785760631,0.14396887159533073,0.45889302697470863,1.0,3/3,31.95%,Q9BUL8;Q9BSQ5;O00522
prerank,Ragulator complex,-0.5719434433046854,-1.3053006568780459,0.12121212121212122,0.4542392130519331,1.0,5/5,42.91%,Q9Y2Q5;Q6IAA8;Q0VGL1;O43504;Q9UHA4
prerank,VHL-Elongin C-Elongin B E3 ubiquitin ligase complex,0.7924300632368279,1.3044749470636214,0.11018957345971564,0.3164663840409766,1.0,4/5,18.94%,P62877;Q15369;Q13617;Q15370
prerank,KLHDC3-Elongin C-Elongin B E3 ubiquitin ligase complex,0.7924300632368279,1.302222196807721,0.1248527679623086,0.3222717317986493,1.0,4/5,18.94%,P62877;Q15369;Q13617;Q15370
prerank,KLHDC2-Elongin C-Elongin B E3 ubiquitin ligase complex,0.7924300632368279,1.3019068839311014,0.10107015457788347,0.3223404330174009,1.0,4/5,18.94%,P62877;Q15369;Q13617;Q15370
prerank,ALYREF-binding exon junction complex,0.7956504692552122,1.300550974468147,0.11058823529411765,0.32545527616540926,1.0,4/5,15.20%,P38919;Q9Y5S9;P61326;Q86V81
prerank,"TAK1-TAB complex, TAB2 variant",-0.6838459407037961,-1.2998747644518323,0.14074074074074075,0.4605235337165895,1.0,3/3,31.70%,Q9NYJ8;Q15750;O43318
prerank,Tubulin polyglutamylase complex,-0.5519822567230386,-1.2985261966192356,0.1069182389937107,0.457697219885729,1.0,5/5,44.91%,Q6ZTW0;Q8IUZ0;Q68CL5;Q9BSH3;O95922
prerank,Lactose synthase complex,0.8277322566599373,1.2983273622580753,0.13227513227513227,0.3314548259808708,1.0,1/3,7.72%,CHEBI:29108
prerank,Collagen type IV trimer variant 3,-0.6816292601828762,-1.298125412260357,0.125,0.45314995501209365,1.0,3/3,31.92%,P53420;Q01955;P29400
prerank,"CoREST transcriptional corepressor complex, RCOR3-HDAC2 variant",0.8146258904561966,1.2976385397579224,0.1282367447595561,0.33263903681230006,1.0,2/4,7.95%,CHEBI:57692;Q92769
prerank,Syndecan-1-syntenin-1-ALIX complex,-0.7060127459129953,-1.2966160792255024,0.13991769547325103,0.4512947711593159,1.0,3/3,29.49%,Q8WUM4;P18827;O00560
prerank,BRISC-SHMT2 complex,0.7624345488216437,1.2957753253152289,0.1082004555808656,0.3372991809117269,1.0,1/6,0.06%,CHEBI:29105
prerank,"Dystrophin glycoprotein complex, skeletal muscle variant",0.7161899472368788,1.295751057357101,0.10412371134020619,0.33643741431152846,1.0,11/11,28.60%,Q13424;Q14118-PRO_0000021066;Q14118-PRO_0000021065;Q13326;Q13884;Q16585;Q14714;Q16586;Q92629;P11532-1;Q9Y4J8-3
prerank,"CoREST transcriptional corepressor complex, RCOR3-HDAC1 variant",0.8149030523187243,1.2956940129439232,0.12030075187969924,0.3356813837425848,1.0,2/4,7.92%,CHEBI:57692;Q13547
prerank,"Dystrophin glycoprotein complex, neuromuscular junction variant",0.7164676478755901,1.2945043473843711,0.0944558521560575,0.33835761258531827,1.0,11/11,28.57%,Q13424;Q14118-PRO_0000021066;Q14118-PRO_0000021065;Q13326;Q13884;Q16585;Q14714;Q16586;Q92629;Q9Y4J8-2;P46939
prerank,"CoREST transcriptional corepressor complex, RCOR1-HDAC1 variant",0.8149030523187243,1.2943289670174831,0.14146341463414633,0.33797146814110246,1.0,2/4,7.92%,CHEBI:57692;Q13547
prerank,Microprocessor complex,0.8337237713796318,1.2935889365622077,0.12352168199737187,0.33930118875448956,1.0,1/3,7.56%,CHEBI:30413
prerank,"Calcineurin-Calmodulin complex, beta-R2 variant",0.7839013968140998,1.2931046056668847,0.12339930151338765,0.3397934946082625,1.0,2/5,7.72%,CHEBI:29105;CHEBI:29108
prerank,HBO1-4.3 histone acetyltransferase complex,0.7890804310380091,1.2929352838501005,0.13472706155632985,0.33939893575657987,1.0,2/5,11.30%,CHEBI:29105;Q9HAF1
prerank,ESCRT-III complex,0.7153568453207444,1.292089524784703,0.09430051813471503,0.3410122879109909,1.0,11/11,28.68%,Q9NZZ3;Q9HD42;Q9H444;O43633;Q9UQN3;Q9BY43;Q9Y3E7;Q7LBR1;Q96FZ7;Q96CF2;Q8WUX9
prerank,LMAN1-MCFD2 cargo receptor complex,0.8277322566599373,1.289293039948444,0.14643799472295516,0.3486893971499262,1.0,1/3,7.72%,CHEBI:29108
prerank,General transcription factor TFIIB-TBP complex,0.8475720421169299,1.289018354748437,0.13288590604026845,0.34854546489841354,1.0,2/3,14.04%,CHEBI:29105;P20226
prerank,"Calcineurin-Calmodulin complex, beta-R1 variant",0.7839013968140998,1.2889255332128926,0.12888377445339472,0.3478814779968095,1.0,2/5,7.72%,CHEBI:29105;CHEBI:29108
prerank,HBO1-4.1 histone acetyltransferase complex,0.7890804310380091,1.2880770669611743,0.13599062133645956,0.3494223268650393,1.0,2/5,11.30%,CHEBI:29105;Q9HAF1
prerank,"CoREST transcriptional corepressor complex, RCOR2-HDAC1 variant",0.8149030523187243,1.28452576469996,0.14054726368159204,0.35951052456744265,1.0,2/4,7.92%,CHEBI:57692;Q13547
prerank,"CoREST transcriptional corepressor complex, RCOR2-HDAC2 variant",0.8146258904561966,1.284304122786919,0.14268292682926828,0.3592466847630277,1.0,2/4,7.95%,CHEBI:57692;Q92769
prerank,"CoREST transcriptional corepressor complex, RCOR1-HDAC2 variant",0.8146258904561966,1.283928815505239,0.14444444444444443,0.3594995627367027,1.0,2/4,7.95%,CHEBI:57692;Q92769
prerank,HBO1-4.2 histone acetyltransferase complex,0.7890804310380091,1.2835618880940491,0.12982456140350876,0.35970869482616685,1.0,2/5,11.30%,CHEBI:29105;Q9HAF1
prerank,Cubam cobalamin uptake receptor complex,0.8277322566599373,1.282485579823955,0.15645371577574968,0.36201697952849937,1.0,1/3,7.72%,CHEBI:29108
prerank,"Calcineurin-Calmodulin complex, gamma-R1 variant",0.7839013968140998,1.281898184284521,0.12082853855005754,0.3628463559168338,1.0,2/5,7.72%,CHEBI:29105;CHEBI:29108
prerank,"Dystrophin glycoprotein complex, retinal inner limiting membrane variant",0.7075812274368231,1.2815381544387907,0.11408016443987667,0.3630253079016983,1.0,11/11,29.46%,Q13424;Q14118-PRO_0000021066;Q14118-PRO_0000021065;Q13326;Q13884;Q16585;Q14714;Q16586;Q92629;Q9Y4J8-2;P11532-7
prerank,"Calcineurin-Calmodulin complex, gamma-R2 variant",0.7839013968140998,1.2812598345205315,0.1324736225087925,0.3629045779542898,1.0,2/5,7.72%,CHEBI:29105;CHEBI:29108
prerank,Catalase complex,0.8337237713796318,1.281076673011377,0.12295081967213115,0.3625283653625295,1.0,1/3,7.56%,CHEBI:30413
prerank,"Calcineurin-Calmodulin complex, alpha-R1 variant",0.7839013968140998,1.2810481877179187,0.14302191464821223,0.36167022778718366,1.0,2/5,7.72%,CHEBI:29105;CHEBI:29108
prerank,Nucleolar ribonuclease P complex,0.7167453485143016,1.2790388187686317,0.10766045548654245,0.3665933132308592,1.0,11/11,28.54%,O75818;O75817;O95707;Q969H6;Q99575;Q9BUL9;P78345;P78346;O95059;URS000013F331_9606;Q9H633
prerank,NLGN1(-SSA-SSB) - NRXN1-beta(-SS4) complex,0.8277322566599373,1.2780088850765592,0.16069057104913678,0.3678794056395824,1.0,1/3,7.72%,CHEBI:29108
prerank,NLGN1(+SSA+SSB) - NRXN1-beta(-SS4) complex,0.8277322566599373,1.2780088850765592,0.16069057104913678,0.3678794056395824,1.0,1/3,7.72%,CHEBI:29108
prerank,SNIP1/SkIP associated RNA-processing complex,0.7860517493190503,1.2778588497104442,0.13317757009345793,0.367361554072972,1.0,1/5,0.80%,Q13573
prerank,"Calcineurin-Calmodulin complex, alpha-R2 variant",0.7839013968140998,1.2762521087844008,0.143698468786808,0.37124252316064926,1.0,2/5,7.72%,CHEBI:29105;CHEBI:29108
prerank,KICSTOR complex,-0.6058758314855875,-1.274866665659419,0.14507772020725387,0.49290376185764656,1.0,4/4,39.51%,Q5T011;Q969R8;Q9Y664;Q96MD2
prerank,AP-5 Adaptor complex,-0.5903547671840355,-1.2735983199527492,0.1524390243902439,0.49022047701899163,1.0,4/4,41.06%,Q9NUS5;Q9H0R1;Q2VPB7;O43299
prerank,Multiaminoacyl-tRNA synthetase complex,0.7078589280755347,1.273391053304755,0.11354166666666667,0.3789347846034747,1.0,11/11,29.43%,P07814;Q12904;Q9P2J5;Q15046;Q13155;O43324;P56192;P54136;P47897;P41252;P14868
prerank,General transcription factor TFIIH complex,0.7045265204109972,1.2733738249196895,0.13389121338912133,0.3780332980510297,1.0,11/11,29.76%,CHEBI:49883;P18074;P51946;P50613;P51948;Q92759;Q6ZYL4;Q13889;Q13888;P32780;P19447
prerank,Piccolo NuA4 histone acetyltransferase complex ,0.8351343862565808,1.2704145306482226,0.1524966261808367,0.3859291619697454,1.0,3/3,16.56%,Q92993;Q9H2F5;Q9NXR8
prerank,"TRAPP III complex, TRAPPC2 variant",0.7101610216546365,1.270304516131994,0.12984293193717278,0.3853529678990585,1.0,10/10,29.18%,Q9Y5R8;Q9Y296;O43617;Q9UL33;Q8IUR0;P0DI81;Q9Y2L5;Q8WVT3;Q7Z392;O75865
prerank,"TRAPP II complex, TRAPPC2 variant",0.7121043864519713,1.2702447141430764,0.12200208550573514,0.38457857202711865,1.0,10/10,28.99%,Q9Y5R8;Q9Y296;O43617;Q9UL33;Q8IUR0;P0DI81;P48553;A5PLN9;Q96Q05;Q86SZ2
prerank,"Soluble guanylate cyclase complex, SGCalpha2-SGCbeta1 variant",0.8135217511776116,1.2701228677092231,0.16145833333333334,0.3839728603133195,1.0,1/3,7.56%,CHEBI:30413
prerank,GCN5-containing ATAC complex,0.7112715158245418,1.2700791029612695,0.12367864693446089,0.38317247327493925,1.0,10/10,29.07%,P61964;O75528;Q92830;Q96ES7;O75478;Q01658;Q9ULM3;Q9NS73;Q9H8E8;Q8IYH5
prerank,"Histone-lysine N-methyltransferase complex, SET1B variant",0.7042488197722854,1.267849974688008,0.125,0.38892249486177793,1.0,11/11,29.79%,P61964;P51610;Q15291;Q9C005;Q9UBL3;Q9Y5Z7;Q6UXN9;Q9P0U4;Q96IK1;Q9UPS6;Q8NFC6
prerank,"TRAPP III complex, TRAPPC2B variant",0.7101610216546365,1.2671982549960135,0.12434141201264488,0.3898392755366981,1.0,10/10,29.18%,Q9Y5R8;Q9Y296;O43617;Q9UL33;Q8IUR0;P0DI82;Q9Y2L5;Q8WVT3;Q7Z392;O75865
prerank,"TRAPP II complex, TRAPPC2B variant",0.7121043864519713,1.266903323887542,0.11764705882352941,0.38973009048978013,1.0,10/10,28.99%,Q9Y5R8;Q9Y296;O43617;Q9UL33;Q8IUR0;P0DI82;P48553;A5PLN9;Q96Q05;Q86SZ2
prerank,Collagen type V trimer variant 2,-0.6705458575782766,-1.266888054349953,0.16981132075471697,0.5000124333857449,1.0,3/3,33.03%,P25940;P05997;P20908
prerank,ISCA1-ISCA2 mitochondrial iron-sulfur protein assembly complex,0.8228254150947418,1.2664808087278925,0.170182841068917,0.39008842270099153,1.0,1/3,6.20%,CHEBI:49883
prerank,Complement factor I complex,0.8277322566599373,1.2655764829054088,0.16205533596837945,0.3917365553871444,1.0,1/3,7.72%,CHEBI:29108
prerank,GPR88-Gi1 signaling complex,-0.5934035476718403,-1.265268707083257,0.1590909090909091,0.497839621316682,1.0,4/4,40.75%,P62873;P63096;P63211;Q9GZN0
prerank,"Dynein-2 complex, light-chain variant 4",0.7139289678135406,1.2649864269055007,0.15292841648590022,0.3925199545656367,1.0,8/8,28.77%,Q9NP97;P51808;P63167;Q8NCM8;Q8TCX1;Q96EX3;Q8WW35;Q8WVS4
prerank,"DREAM transcriptional repressor complex, RBL1 variant",0.7001665741254859,1.264975637224885,0.12785862785862787,0.39160227115729196,1.0,10/10,30.18%,Q09028;Q14186;Q6MZP7;Q96GY3;Q5TKA1;Q52LA3;Q15329;Q14188;Q16254;P28749
prerank,Coagulation factor IXa complex,0.8277322566599373,1.2647536680701719,0.1614654002713704,0.3912986004597083,1.0,1/3,7.72%,CHEBI:29108
prerank,GATOR2 complex,0.7788013206643647,1.2639910428664751,0.15494636471990464,0.3926573420588999,1.0,2/5,8.53%,P55735;Q96EE3
prerank,PCAF-containing ATAC complex,0.7112715158245421,1.263891842640169,0.1246040126715945,0.3919854180669165,1.0,10/10,29.07%,P61964;O75528;Q96ES7;Q92831;O75478;Q01658;Q9ULM3;Q9NS73;Q9H8E8;Q8IYH5
prerank,Interleukin-18 receptor-ligand complex,-0.6744250484898865,-1.263595068137573,0.14112903225806453,0.49559095138567427,1.0,3/3,32.64%,O95256;Q13478;Q14116
prerank,"Dynein-2 complex, light-chain variant 1 ",0.7139289678135406,1.262887058770131,0.1377825618945102,0.3940938516355573,1.0,8/8,28.77%,P63172;Q9NP97;P63167;Q8NCM8;Q8TCX1;Q96EX3;Q8WW35;Q8WVS4
prerank,"Dynein-2 complex, light-chain variant 8",0.7139289678135406,1.2622554545148577,0.1539301310043668,0.3950843432405483,1.0,8/8,28.77%,P51808;Q8TF09;P63167;Q8NCM8;Q8TCX1;Q96EX3;Q8WW35;Q8WVS4
prerank,"Dynein-2 complex, light-chain variant 3",0.7139289678135406,1.2618644308746818,0.15343347639484978,0.39531338132158056,1.0,8/8,28.77%,Q96FJ2;Q9NP97;P51808;Q8NCM8;Q8TCX1;Q96EX3;Q8WW35;Q8WVS4
prerank,Mitochondrial electron transfer flavoprotein complex,0.789998833002684,1.2617173724872028,0.17418546365914786,0.3947565947034737,1.0,1/4,5.23%,CHEBI:57692
prerank,"Dynein-2 complex, light-chain variant 5",0.7139289678135406,1.2596217493776471,0.14655172413793102,0.4002583995572922,1.0,8/8,28.77%,P63172;Q8TF09;P63167;Q8NCM8;Q8TCX1;Q96EX3;Q8WW35;Q8WVS4
prerank,"Ribonucleoside-diphosphate reductase RR1 complex, RRM2B variant",0.8000048436053645,1.2589761631709455,0.15466351829988192,0.4011534380754052,1.0,1/4,0.61%,CHEBI:18420
prerank,"Dynein-2 complex, light-chain variant 7",0.7139289678135406,1.2583877477666303,0.16090712742980562,0.40195734928641347,1.0,8/8,28.77%,Q96FJ2;P51808;Q8TF09;Q8NCM8;Q8TCX1;Q96EX3;Q8WW35;Q8WVS4
prerank,"Soluble guanylate cyclase complex, SGCalpha1-SGCbeta1 variant",0.8135217511776116,1.257865648895404,0.16578947368421051,0.40265711585608993,1.0,1/3,7.56%,CHEBI:30413
prerank,"Calcineurin-Calmodulin-AKAP5 complex, beta-R2 variant",0.7469931067268838,1.2558971175221016,0.16928251121076232,0.4076734009808537,1.0,2/6,7.72%,CHEBI:29105;CHEBI:29108
prerank,"Dynein-2 complex, light-chain variant 2",0.7139289678135406,1.2558076275958996,0.15948275862068967,0.40698616449760505,1.0,8/8,28.77%,Q96FJ2;P63172;Q9NP97;Q8NCM8;Q8TCX1;Q96EX3;Q8WW35;Q8WVS4
prerank,"Dynein-2 complex, light-chain variant 6",0.7139289678135406,1.2556939493515118,0.16756176154672395,0.40638593071018475,1.0,8/8,28.77%,Q96FJ2;P63172;Q8TF09;Q8NCM8;Q8TCX1;Q96EX3;Q8WW35;Q8WVS4
prerank,"Ribonucleoside-diphosphate reductase RR1 complex, RRM2 variant",0.8000048436053645,1.2556609629028654,0.14164648910411623,0.40552444193433185,1.0,1/4,0.61%,CHEBI:18420
prerank,HBO1-5.3 histone acetyltransferase complex,0.7651006612437989,1.2550741257028502,0.18536009445100354,0.4062727333032391,1.0,2/5,11.30%,CHEBI:29105;Q9HAF1
prerank,"Calcineurin-Calmodulin-AKAP5 complex, gamma-R2 variant",0.7469931067268838,1.253767608642785,0.17333333333333334,0.4092349511156373,1.0,2/6,7.72%,CHEBI:29105;CHEBI:29108
prerank,"Signal peptidase complex, SEC11C variant",-0.5848115299334812,-1.2527443131958655,0.16483516483516483,0.5149052016871736,1.0,4/4,41.61%,Q9BY50;P61009;Q15005;Q9Y6A9
prerank,HBO1-5.2 histone acetyltransferase complex,0.7651006612437989,1.2520113905175998,0.1899179366940211,0.4135257428323637,1.0,2/5,11.30%,CHEBI:29105;Q9HAF1
prerank,"DREAM transcriptional repressor complex, RBL2 variant",0.692670738478623,1.251691378644817,0.13655462184873948,0.41352090591710006,1.0,10/10,30.92%,Q09028;Q14186;Q6MZP7;Q96GY3;Q5TKA1;Q52LA3;Q15329;Q14188;Q16254;Q08999
prerank,"Histone-lysine N-methyltransferase complex, KMT2C variant",0.6987784564131039,1.2515714094637413,0.13479623824451412,0.4129048468732056,1.0,10/10,30.32%,CHEBI:29105;P61964;Q15291;Q9C005;Q9UBL3;Q14686;Q6ZW49;O15550;Q9BTK6;Q8NEZ4
prerank,"Calcineurin-Calmodulin-AKAP5 complex, beta-R1 variant",0.7469931067268838,1.251179439546736,0.15865921787709497,0.41308176248082296,1.0,2/6,7.72%,CHEBI:29105;CHEBI:29108
prerank,Mitochondrial ribonuclease P complex,0.7626965057655382,1.2488550665646536,0.1701388888888889,0.419212887038852,1.0,1/5,0.61%,CHEBI:18420
prerank,pre-mRNA cleavage and polyadenylation specificity factor complex,0.7216476642114822,1.2476277142272751,0.15318230852211434,0.42176442125058305,1.0,1/8,0.06%,CHEBI:29105
prerank,GLUK1-GLUK2-GLUK3-GLUK5 glutamate ionotropic kainate-type receptor complex,-0.5701219512195121,-1.2474226804123711,0.17587939698492464,0.5216686884433052,1.0,4/4,43.08%,Q16478;Q13002;P39086;Q13003
prerank,"Calcineurin-Calmodulin-AKAP5 complex, gamma-R1 variant",0.7469931067268838,1.2462798613170976,0.16945373467112598,0.4248830855885507,1.0,2/6,7.72%,CHEBI:29105;CHEBI:29108
prerank,HBO1-5.1 histone acetyltransferase complex,0.7651006612437989,1.24605975268979,0.18311533888228299,0.4245784984970833,1.0,2/5,11.30%,CHEBI:29105;Q9HAF1
prerank,"Calcineurin-Calmodulin-AKAP5 complex, alpha-R2 variant",0.7469931067268838,1.2447339569312665,0.18314606741573033,0.427735555555229,1.0,2/6,7.72%,CHEBI:29105;CHEBI:29108
prerank,Mitochondrial CCA tRNA nucleotidyltransferase 1 complex,0.7626965057655382,1.244119433408459,0.18057142857142858,0.4285955364702752,1.0,1/5,0.61%,CHEBI:18420
prerank,Glycoprotein Ib-IX-V-Filamin-A complex,-0.531466592736346,-1.2423405424974179,0.1103448275862069,0.527525850027082,1.0,5/5,46.95%,P14770;P21333;P40197;P13224;P07359
prerank,"Calcineurin-Calmodulin-AKAP5 complex, alpha-R1 variant",0.7469931067268838,1.2422000822998134,0.17415730337078653,0.4335986564518822,1.0,2/6,7.72%,CHEBI:29105;CHEBI:29108
prerank,"RAVE complex, DMXL1 variant",-0.6331393737877529,-1.2361467336250183,0.18326693227091634,0.5365732620263399,1.0,3/3,36.77%,Q9Y485;Q9Y4E6;Q9GZN7
prerank,BRCA1-A complex,0.7102489232790714,1.2355430647406322,0.19730941704035873,0.4527630654689555,1.0,1/7,0.06%,CHEBI:29105
prerank,GPI-anchor transamidase complex,-0.5126143609647907,-1.2333993269506245,0.16666666666666666,0.537668024372255,1.0,5/5,48.84%,O43292;Q96S52;Q969N2;Q92643;Q9H490
prerank,"Histone-lysine N-methyltransferase complex, KMT2D variant",0.6890616324264298,1.2326171814676512,0.15647668393782382,0.460876288472191,1.0,10/10,31.28%,CHEBI:29105;P61964;Q15291;Q9C005;Q9UBL3;Q14686;Q6ZW49;O15550;Q9BTK6;O14686
prerank,Dynactin complex,0.6815657967795667,1.2311305806504176,0.174321503131524,0.46445534904539826,1.0,10/10,32.03%,P60709;CPX-8695;Q9BTE1;O00399;P61163;Q13561;Q9UJW0;Q9NZ32;Q14203;O75935
prerank,Mitotic Checkpoint Complex,-0.5559866962305987,-1.2288954248581276,0.17204301075268819,0.5426065031070713,1.0,4/4,44.49%,O60566;O43684;Q13257;Q12834
prerank,"GID E3 ubiquitin ligase complex, RMND5A-RANBP9 variant",0.6938662225922841,1.227754480909292,0.16454352441613587,0.47415138275763774,1.0,9/9,30.79%,Q7L5Y9;Q9UL63;P62699;Q8IUR7;Q9NWU2;Q9H7D7;Q8IVV7;Q96S59;Q9H871
prerank,"GID E3 ubiquitin ligase complex, RMND5B-RANBP9 variant",0.6933111296142104,1.227005581285995,0.17088607594936708,0.47545208007583406,1.0,9/9,30.84%,Q7L5Y9;Q9UL63;P62699;Q8IUR7;Q9NWU2;Q9H7D7;Q8IVV7;Q96S59;Q96G75
prerank,Alternative pathway fluid-phase C3 convertase complex C3(H2O)Bb,-0.629537267941258,-1.2219560221711547,0.16115702479338842,0.5531255599214061,1.0,3/3,37.13%,P01024-PRO_0000005909;P01024-PRO_0000005908;P00751-PRO_0000027547
prerank,Ribonuclease MRP complex,0.6988620593949486,1.2204974171949001,0.1810436634717785,0.4952444973382479,1.0,9/9,30.29%,O75818;O75817;O95707;Q969H6;Q99575;Q9BUL9;P78345;P78346;URS000075C8FA_9606
prerank,E3 ligase (RANBP2) complex,0.8046100963806699,1.2185019812106612,0.2111111111111111,0.5004776681111303,1.0,1/3,8.75%,P49792
prerank,"Histone-lysine N-methyltransferase complex, SET1A variant",0.6884342413068473,1.2122627206568592,0.20188284518828453,0.5194076651199605,1.0,8/9,26.55%,P61964;P51610;Q15291;Q9C005;Q9UBL3;Q9Y5Z7;Q6UXN9;Q9P0U4
prerank,"RAVE complex, DMXL2 variant",-0.6331393737877529,-1.2110623067465178,0.20647773279352227,0.5741467398725681,1.0,3/3,36.77%,Q8TDJ6;Q9Y4E6;Q9GZN7
prerank,"GID E3 ubiquitin ligase complex, RMND5A-RANBP10 variant",0.6841520954759922,1.2089031922149123,0.1829787234042553,0.5291228010423978,1.0,9/9,31.76%,Q7L5Y9;Q9UL63;P62699;Q8IUR7;Q9NWU2;Q9H7D7;Q8IVV7;Q9H871;Q6VN20
prerank,"Signal peptidase complex, SEC11A variant",-0.5848115299334812,-1.20743184834354,0.2127659574468085,0.5770497977290049,1.0,4/4,41.61%,P67812;P61009;Q15005;Q9Y6A9
prerank,"TREX-2 transcription-export complex, CETN3 variant",0.7282799784732301,1.207325866346047,0.22790697674418606,0.533191090463749,1.0,2/5,10.74%,P60896;Q9NPA8
prerank,Gamma tubulin ring complex,0.68517490283176,1.2066604576983142,0.20435684647302904,0.5340914016235402,1.0,10/10,31.67%,P60709;Q9UGJ1;Q9BSJ2;Q96RT8;Q08AG7;Q96CW5;Q6P582;Q96RT7;Q6NZ67;P23258
prerank,"GID E3 ubiquitin ligase complex, RMND5B-RANBP10 variant",0.6841520954759922,1.2041453193227178,0.19830328738069988,0.5411748102445335,1.0,9/9,31.76%,Q7L5Y9;Q9UL63;P62699;Q8IUR7;Q9NWU2;Q9H7D7;Q8IVV7;Q96G75;Q6VN20
prerank,KIF3 complex variant AB-KAP3,-0.6198392906622333,-1.2023242478040885,0.2204724409448819,0.5841032277069393,1.0,3/3,38.10%,O15066;Q9Y496;Q92845
prerank,Complement C1 complex,-0.5322983088439146,-1.2019775181594718,0.19117647058823528,0.5792541695780486,1.0,5/5,46.87%,P09871-PRO_0000027588;P09871-PRO_0000027587;P00736-PRO_0000027579;P00736-PRO_0000027578;CPX-1919
prerank,"MiDAC histone deacetylase complex, HDAC2 variant",0.7778965285199698,1.2018866740366119,0.261038961038961,0.54732087151712,1.0,1/3,7.95%,Q92769
prerank,GLUK1-GLUK2-GLUK3-GLUK4 glutamate ionotropic kainate-type receptor complex,-0.5701219512195121,-1.198074262221956,0.22926829268292684,0.5833849046920034,1.0,4/4,43.08%,Q16099;Q13002;P39086;Q13003
prerank,"Endoplasmic reticulum membrane complex, EMC8 variant",0.6744379683597002,1.1967506126619551,0.2289029535864979,0.5629967788529776,1.0,9/9,32.72%,Q5J8M3;Q5UCC4;Q9NPA0;Q15006;Q9BV81;Q8N766;Q8N4V1;Q9P0I2;O43402
prerank,COP9 signalosome variant 1,0.6736053288925893,1.1952754942907817,0.22550052687038988,0.5664721185795577,1.0,9/9,32.81%,CHEBI:29105;Q9BT78;Q92905;Q99627;Q7L5N1;Q13098;Q9UNS2;P61201;Q9UBW8
prerank,"MiDAC histone deacetylase complex, HDAC1 variant",0.7781736135850849,1.1899782358145856,0.2581913499344692,0.5828844015648007,1.0,1/3,7.92%,Q13547
prerank,"Interferon alpha receptor-ligand complex, IFNA5 variant",0.7740371293987254,1.1882934040785125,0.24764468371467024,0.5871997410620676,1.0,2/3,17.08%,P17181;P48551
prerank,Eukaryotic translation initiation factor 2B complex,-0.5156639866925423,-1.187247540576229,0.183206106870229,0.6042368632969016,1.0,5/5,48.53%,Q9UI10;P49770;Q14232;Q9NR50;Q13144
prerank,KIF3 complex variant AC-KAP3,-0.6198392906622333,-1.1852591632876668,0.2188679245283019,0.6038939414539086,1.0,3/3,38.10%,O14782;Q9Y496;Q92845
prerank,"Interferon alpha receptor-ligand complex, IFNA4 variant",0.7740371293987254,1.1850307676187988,0.2699055330634278,0.5966400631530969,1.0,2/3,17.08%,P17181;P48551
prerank,"Non-canonical polycomb repressive complex 1.2, RING1-YAF2 variant",0.7592130784150735,1.1828585356257153,0.27710843373493976,0.6025356824019443,1.0,3/3,24.14%,Q06587;Q8IY57;P35227
prerank,"Interferon alpha receptor-ligand complex, IFNA16 variant",0.7740371293987254,1.182040867787565,0.26005361930294907,0.6038740716327623,1.0,2/3,17.08%,P17181;P48551
prerank,Coagulation factor VIIa - tissue factor complex,0.7314596405151672,1.1815202338545687,0.29253365973072215,0.6042647310193621,1.0,1/4,7.72%,CHEBI:29108
prerank,Interferon omega receptor-ligand complex,0.7740371293987254,1.1814283207296363,0.26666666666666666,0.6032513204518959,1.0,2/3,17.08%,P17181;P48551
prerank,"Interferon alpha receptor-ligand complex, IFNA10 variant",0.7740371293987254,1.1812667400951984,0.2661290322580645,0.6024606668974379,1.0,2/3,17.08%,P17181;P48551
prerank,Embryonic hemoglobin Gower-1 complex,0.7579661956220559,1.1811921190713128,0.2675324675324675,0.6013664305875461,1.0,1/3,7.56%,CHEBI:30413
prerank,"Interferon alpha receptor-ligand complex, IFNA21 variant",0.7740371293987254,1.1806386338024304,0.2733333333333333,0.6019537412693484,1.0,2/3,17.08%,P17181;P48551
prerank,"Interferon alpha receptor-ligand complex, IFNA7 variant",0.7740371293987254,1.1805119022290316,0.27034120734908135,0.6010388855687927,1.0,2/3,17.08%,P17181;P48551
prerank,"Interferon alpha receptor-ligand complex, IFNA6 variant",0.7740371293987254,1.1798298982110782,0.2746955345060893,0.6021148928688447,1.0,2/3,17.08%,P17181;P48551
prerank,"Interferon alpha receptor-ligand complex, IFNA1 variant",0.7740371293987254,1.179575639943736,0.27712418300653596,0.6016478851213373,1.0,2/3,17.08%,P17181;P48551
prerank,Fanconi anemia ubiquitin ligase complex,0.6572300860394116,1.1789550828786572,0.2402938090241343,0.6022397624630361,1.0,9/9,34.44%,Q6NZ36;Q9NPI8;Q9HB96;Q8NB91;Q0VG06;Q00597;Q9NW38;O15360;O15287
prerank,Hemoglobin Portland-1 Variant 1 complex,0.7579661956220559,1.1788097550379701,0.2741514360313316,0.6013977200757871,1.0,1/3,7.56%,CHEBI:30413
prerank,"Endoplasmic reticulum membrane complex, EMC9 variant",0.6611157368859284,1.178772029672975,0.26054852320675104,0.6002139867037811,1.0,9/9,34.05%,Q5J8M3;Q5UCC4;Q9NPA0;Q15006;Q9BV81;Q8N766;Q8N4V1;Q9P0I2;Q9Y3B6
prerank,"Interferon alpha receptor-ligand complex, IFNA2 variant",0.7740371293987254,1.1783575470473777,0.29178082191780824,0.6001893746277338,1.0,2/3,17.08%,P17181;P48551
prerank,"Non-canonical polycomb repressive complex 1.2, RNF2-YAF2 variant",0.7592130784150734,1.1781117851113612,0.29581151832460734,0.5996786114885657,1.0,3/3,24.14%,Q99496;Q8IY57;P35227
prerank,"Interferon alpha receptor-ligand complex, IFNA14 variant",0.7740371293987254,1.1774270169993455,0.2815934065934066,0.600491689596548,1.0,2/3,17.08%,P17181;P48551
prerank,Interferon kappa receptor-ligand complex,0.7740371293987254,1.177077525543356,0.2741046831955923,0.6003369873675745,1.0,2/3,17.08%,P17181;P48551
prerank,Hemoglobin Portland-2 complex,0.7579661956220559,1.1762338675074153,0.2742782152230971,0.6018001709931162,1.0,1/3,7.56%,CHEBI:30413
prerank,"Interferon alpha receptor-ligand complex, IFNA8 variant",0.7740371293987254,1.1754415858867011,0.2706043956043956,0.6030594396138464,1.0,2/3,17.08%,P17181;P48551
prerank,"Interferon alpha receptor-ligand complex, IFNA17 variant",0.7740371293987254,1.1752415898299788,0.28690807799442897,0.6024272281118578,1.0,2/3,17.08%,P17181;P48551
prerank,B-WICH chromatin remodelling complex,0.662503469331113,1.1751929250711872,0.27061310782241016,0.6012834723797522,1.0,9/9,33.91%,O75533;O60264;O00159-3;CHEBI:18111;Q03468;Q9BQG0;Q9NR30;Q9UIG0;P35659
prerank,Interferon beta receptor-ligand complex,0.7740371293987254,1.1733322172619474,0.2743243243243243,0.6059173321490832,1.0,2/3,17.08%,P17181;P48551
prerank,Interferon epsilon receptor-ligand complex,0.7740371293987254,1.1722004877668635,0.26238286479250333,0.6082714041681215,1.0,2/3,17.08%,P17181;P48551
prerank,Hemoglobin Portland-1 Variant 2 complex,0.7579661956220559,1.1716851721460302,0.2716216216216216,0.6087073906665214,1.0,1/3,7.56%,CHEBI:30413
prerank,COPII vesicle coat complex,0.6669442131557034,1.171446764085928,0.23949579831932774,0.6081934464622402,1.0,9/9,33.47%,P55735;O94855;O94979;P53992;O95486;O95487;Q9Y6B6;Q9NR31;Q9NQW1
prerank,"AP-2 Adaptor complex, alpha1 variant",-0.5371396895787139,-1.17094831334237,0.20105820105820105,0.6346050182055737,1.0,4/4,46.37%,O95782;P53680;P63010;Q96CW1
prerank,"Mitochondrial pyruvate dehydrogenase complex, somatic variant",0.6642619311875693,1.1707120879467328,0.2580993520518359,0.6093254259855011,1.0,8/8,33.72%,CHEBI:16238;CHEBI:58937;P09622;CHEBI:83088;P11177;P10515;O00330;P08559
prerank,ASAP splicing-associated complex,-0.6051537822111389,-1.1697127937336813,0.21484375,0.6318974162305598,1.0,3/3,39.56%,Q9UKV3;Q15287;O00422
prerank,"Cleavage stimulation factor complex, CSTF2T variant",-0.6131892490994736,-1.1687290474222327,0.2648221343873518,0.6283122548562695,1.0,3/3,38.76%,Q9H0L4;Q12996;Q05048
prerank,BCDX2 complex,-0.5376940133037694,-1.1647634390065564,0.24257425742574257,0.6330351729501669,1.0,4/4,46.32%,O75771;O43543;O15315;O43502
prerank,"Amiloride-sensitive sodium channel complex, alpha-beta-gamma",-0.6070933776669438,-1.1637161651628967,0.22594142259414227,0.6297786976669844,1.0,3/3,39.37%,P51168;P51170;P37088
prerank,"Non-canonical polycomb repressive complex 1.2, RING1-RYBP variant",0.7592130784150735,1.163610151292535,0.31241473396998637,0.6309359674828963,1.0,3/3,24.14%,Q06587;Q8N488;P35227
prerank,Myb-MuvB transcriptional activation complex,0.6915326308005176,1.1631036516398985,0.3035509736540664,0.6312378649206967,1.0,5/6,25.39%,Q09028;Q6MZP7;Q96GY3;Q5TKA1;Q52LA3
prerank,"Non-canonical polycomb repressive complex 1.4, RING1-YAF2 variant",0.7561651426988085,1.1627685399890257,0.31241655540720964,0.630977545980079,1.0,3/3,24.45%,Q06587;Q8IY57;P35226
prerank,"Non-canonical polycomb repressive complex 1.4, RING1-RYBP variant",0.7561651426988085,1.1602720628779526,0.31398416886543534,0.637628984054163,1.0,3/3,24.45%,Q06587;Q8N488;P35226
prerank,"Dynein-1 complex, variant 15",0.6930116472545758,1.160168173574508,0.2927927927927928,0.6365972198265449,1.0,6/6,30.81%,Q96FJ2;Q9NP97;P51808;Q14204;Q13409;O43237
prerank,"Replication protein A complex, RPA4 variant",-0.602382931559989,-1.1600257152041145,0.23293172690763053,0.6340525568779577,1.0,3/3,39.84%,Q13156;P35244;P27694
prerank,"Dynein-1 complex, variant 1",0.6930116472545756,1.1592644245169401,0.2927927927927928,0.6382942852051957,1.0,6/6,30.81%,P63172;Q9NP97;P63167;Q14204;Q13409;O43237
prerank,RQT ribosome-associated quality control trigger complex,-0.599057910778609,-1.1587540779866392,0.2318840579710145,0.6320422808871237,1.0,3/3,40.17%,Q15650;Q9H1I8;Q8N3C0
prerank,"AP-2 Adaptor complex, alpha2 variant",-0.5371396895787139,-1.1580739870816208,0.26011560693641617,0.6281281749538599,1.0,4/4,46.37%,O94973;P53680;P63010;Q96CW1
prerank,"Non-canonical polycomb repressive complex 1.1, RING2-PCGF1-RYBP variant",0.6902606766500279,1.157886320478737,0.29017857142857145,0.6413379252913856,1.0,3/6,15.70%,P63208;Q99496;Q8N488
prerank,"TREX-2 transcription-export complex, CETN2 variant",0.6998040426443533,1.1576486803573618,0.30327868852459017,0.6407896968585134,1.0,2/5,10.74%,P60896;Q9NPA8
prerank,tRNA-intron splicing endonuclease complex,-0.49376212919323537,-1.157631657244868,0.22535211267605634,0.6237010835987679,1.0,5/5,50.72%,Q7Z6J9;Q9BSV6;Q8WW01;Q8NCE0;Q92989
prerank,COP9 signalosome variant 2,0.6550622593362058,1.1570884957578285,0.27176220806794055,0.6412581512378162,1.0,1/9,0.06%,CHEBI:29105
prerank,"Non-canonical polycomb repressive complex 1.2, RNF2-RYBP variant",0.7592130784150734,1.1565942649055767,0.3092369477911647,0.6414268191094514,1.0,3/3,24.14%,Q99496;Q8N488;P35227
prerank,"Amiloride-sensitive sodium channel complex, delta-beta-gamma",-0.6087558880576337,-1.1554485420553913,0.24782608695652175,0.6237075403232653,1.0,3/3,39.20%,P51168;P51172;P51170
prerank,NSL histone acetyltransferase complex,0.6536219816819318,1.1549818282410231,0.2802950474183351,0.6454260475351551,1.0,9/9,34.80%,P61964;O15294;Q96EZ8;P51610;Q9H7Z6;Q7Z3B3;Q9H9L4;Q9P2N6;Q9BVI0
prerank,"Dynein-1 complex, variant 7",0.6930116472545756,1.1544933544669633,0.30648769574944074,0.6456979556928933,1.0,6/6,30.81%,P63172;Q8TF09;P63167;Q14204;Q13409;O43237
prerank,"Dynein-1 complex, variant 4",0.682196339434276,1.153956125158716,0.29017857142857145,0.6461119362931943,1.0,6/6,31.89%,P63172;Q9NP97;P63167;Q14204;Q9Y6G9;O14576
prerank,"Dynein-1 complex, variant 11",0.6930116472545758,1.153821800256166,0.31496062992125984,0.6452440075589512,1.0,6/6,30.81%,Q96FJ2;P63172;Q9NP97;Q14204;Q13409;O43237
prerank,"Actin-related protein 2/3 complex, ARPC1B-ACTR3B-ARPC5L variant",0.6554785020804437,1.1518061299076046,0.3201320132013201,0.6502281434513596,1.0,7/7,34.58%,P61160;O15144;O15145;P59998;Q92747;Q9P1U1;Q9BPX5
prerank,CIAO1-CIAO2A-CIAO3 cytosolic iron-sulfur protein assembly complex,0.7178539216054719,1.1510744192066447,0.31545338441890164,0.6511035037307545,1.0,1/4,6.20%,CHEBI:49883
prerank,GAIT complex,0.7195517896737409,1.1498834426480427,0.30434782608695654,0.6534166605653029,1.0,3/4,24.53%,P40429;P07814;O60506
prerank,"Actin-related protein 2/3 complex, ARPC1A-ACTR3B-ARPC5 variant",0.6565880721220526,1.148653755140502,0.31788079470198677,0.6559962818793799,1.0,7/7,34.47%,P61160;O15144;O15145;P59998;O15511;Q92747;Q9P1U1
prerank,"Dynein-1 complex, variant 14",0.6821963394342762,1.1478326622136061,0.3012318029115342,0.6572580426288439,1.0,6/6,31.89%,Q96FJ2;Q9NP97;P51808;Q14204;Q9Y6G9;O14576
prerank,"Non-canonical polycomb repressive complex 1.4, RNF2-YAF2 variant",0.7561651426988084,1.1476554494208528,0.32219251336898397,0.6565097925366687,1.0,3/3,24.45%,Q99496;Q8IY57;P35226
prerank,"Actin-related protein 2/3 complex, ARPC1A-ACTR3-ARPC5 variant",0.6579750346740637,1.1469447489624511,0.3092896174863388,0.6572914054146691,1.0,7/7,34.33%,P61160;O15144;O15145;P59998;O15511;Q92747;P61158
prerank,"Dynein-1 complex, variant 13",0.6821963394342762,1.1467859211971003,0.29988851727982163,0.6564415875908979,1.0,6/6,31.89%,Q96FJ2;Q9NP97;P51808;Q14204;O43237;O14576
prerank,Hemoglobin HbA2 complex,0.7579661956220559,1.1459874390336249,0.3228021978021978,0.657519809656495,1.0,1/3,7.56%,CHEBI:30413
prerank,"Dynein-1 complex, variant 6",0.682196339434276,1.1450109785334075,0.32062780269058294,0.659286350537298,1.0,6/6,31.89%,P63172;Q8TF09;P63167;Q14204;Q9Y6G9;O14576
prerank,"Dynein-1 complex, variant 16",0.6824736550194122,1.1449488332387379,0.31214528944381387,0.6581618954220121,1.0,6/6,31.87%,Q96FJ2;Q9NP97;P51808;Q14204;Q13409;Q9Y6G9
prerank,"Dynein-1 complex, variant 3",0.682196339434276,1.1448858263305126,0.3052749719416386,0.6570230624179869,1.0,6/6,31.89%,P63172;Q9NP97;P63167;Q14204;O43237;O14576
prerank,GARP tethering complex,-0.5218957871396895,-1.1442926881677105,0.20994475138121546,0.6485208096620796,1.0,4/4,47.90%,Q9P1Q0;Q8N1B4;Q5VIR6;Q9UID3
prerank,"Polycomb repressive complex 2.1, EZH1-RBBP4-PCL2-EPOP variant",0.6733222407099279,1.1437170138595132,0.33181299885974913,0.6593368937299023,1.0,6/6,32.78%,Q09028;O75530;Q15022;Q92800;A6NHQ4;Q9Y483
prerank,"Replication protein A complex, RPA2 variant",-0.602382931559989,-1.1435395971302424,0.26639344262295084,0.6444818952094461,1.0,3/3,39.84%,P15927;P35244;P27694
prerank,"Actin-related protein 2/3 complex, ARPC1A-ACTR3-ARPC5L variant",0.6554785020804437,1.1431940829037095,0.32632743362831856,0.659670266763416,1.0,7/7,34.58%,P61160;O15144;O15145;P59998;Q92747;P61158;Q9BPX5
prerank,"Nucleosome, variant H3.1-H2A.2-H2B.1",0.6922650401996118,1.1420739499423584,0.334867663981588,0.6618123289678083,1.0,5/5,30.87%,P62805;P06899;P68431;CHEBI:4705;P04908
prerank,"Dynein-1 complex, variant 2",0.682473655019412,1.1419454343432258,0.3287671232876712,0.6608585424795242,1.0,6/6,31.87%,P63172;Q9NP97;P63167;Q14204;Q13409;Q9Y6G9
prerank,"Dynein-1 complex, variant 10",0.6821963394342762,1.141870726719044,0.3093363329583802,0.659740540791593,1.0,6/6,31.89%,Q96FJ2;P63172;Q9NP97;Q14204;Q9Y6G9;O14576
prerank,"Dynein-1 complex, variant 12",0.6824736550194122,1.1404467497970383,0.3337116912599319,0.6629110721186745,1.0,6/6,31.87%,Q96FJ2;P63172;Q9NP97;Q14204;Q13409;Q9Y6G9
prerank,"Non-canonical polycomb repressive complex 1.1, RING1-PCGF1-RYBP variant",0.6780310960760763,1.1403397678993838,0.31776765375854216,0.6619551646888887,1.0,3/6,15.70%,P63208;Q06587;Q8N488
prerank,"Polycomb repressive complex 2.1, EZH1-RBBP4-PCL2-PALI1 variant",0.6733222407099279,1.1401053219354107,0.31657142857142856,0.6613926282345497,1.0,6/6,32.78%,Q09028;O75530;Q15022;Q92800;Q96JN0;Q9Y483
prerank,"Actin-related protein 2/3 complex, ARPC1B-ACTR3B-ARPC5 variant",0.6565880721220525,1.1386148030391232,0.3208791208791209,0.6644895063417678,1.0,7/7,34.47%,P61160;O15144;O15145;P59998;O15511;O15143;Q9P1U1
prerank,"Actin-related protein 2/3 complex, ARPC1B-ACTR3-ARPC5L variant",0.6554785020804437,1.1382235911569245,0.33224043715846996,0.664301244530489,1.0,7/7,34.58%,P61160;O15144;O15145;P59998;O15143;P61158;Q9BPX5
prerank,mTORC2 complex,-0.4904352647629609,-1.1378693733678105,0.28,0.6538918328465102,1.0,5/5,51.05%,Q6R327;P85299;Q9BPZ7;Q9BVC4;P42345
prerank,"Polycomb repressive complex 2.1, EZH1-RBBP7-PCL2-EPOP variant",0.673322240709928,1.1377579342927433,0.33707865168539325,0.6644014650938754,1.0,6/6,32.78%,Q16576;O75530;Q15022;Q92800;A6NHQ4;Q9Y483
prerank,"Actin-related protein 2/3 complex, ARPC1B-ACTR3-ARPC5 variant",0.6579750346740636,1.1376034815423586,0.3246471226927253,0.6635863350592707,1.0,7/7,34.33%,P61160;O15144;O15145;P59998;O15511;O15143;P61158
prerank,"Dynein-1 complex, variant 5",0.682196339434276,1.1374487265304738,0.32996632996632996,0.6627798766458851,1.0,6/6,31.89%,P63172;Q8TF09;P63167;Q14204;O43237;O14576
prerank,"Dynein-1 complex, variant 9",0.6821963394342762,1.1366612028772727,0.3404255319148936,0.6638690679538078,1.0,6/6,31.89%,Q96FJ2;P63172;Q9NP97;Q14204;O43237;O14576
prerank,Pyruvate dehydrogenase E1 heterotetramer,0.7096968422662283,1.1360183552986605,0.3450789793438639,0.6644617014104154,1.0,1/4,0.61%,CHEBI:18420
prerank,"Non-canonical polycomb repressive complex 1.4, RNF2-RYBP variant",0.7561651426988084,1.135354637335127,0.35153129161118507,0.6651744453766019,1.0,3/3,24.45%,Q99496;Q8N488;P35226
prerank,Mitochondrial respiratory chain complex II,0.6422425756314183,1.1341418055379107,0.31243358129649307,0.6674615739526132,1.0,9/9,35.94%,CHEBI:57692;CHEBI:49883;CHEBI:190135;Q99643;CHEBI:21137;P21912;P31040;CHEBI:26355;O14521
prerank,Survival motor neuron complex,0.6411323896752705,1.13391491154958,0.30393198724760895,0.6668355739595936,1.0,9/9,36.05%,P57678;Q9UHI6;Q8WXD5;Q9NWZ8;Q16637;O14893;Q8TEQ6;Q9H840;Q9Y3F4
prerank,Hemoglobin HbF Variant 2 complex,0.7409593929009675,1.1333610077561773,0.34048257372654156,0.6672072945738216,1.0,1/3,7.56%,CHEBI:30413
prerank,Oligosaccharyltransferase complex A,0.6441854010546768,1.1328174380169098,0.3167898627243928,0.6675195838234591,1.0,9/9,35.74%,P0C6T2;P61165;P61803;P39656;P04843;P04844;Q8N6L1;P46977;Q9NRP0
prerank,Hemoglobin HbF Variant 1 complex,0.7409593929009675,1.1312532501845562,0.34464751958224543,0.6708450564064521,1.0,1/3,7.56%,CHEBI:30413
prerank,"Polycomb repressive complex 2.1, EZH1-RBBP7-PCL2-PALI1 variant",0.6733222407099277,1.131226737040363,0.330672748004561,0.6696394924000884,1.0,6/6,32.78%,Q16576;O75530;Q15022;Q92800;Q96JN0;Q9Y483
prerank,Hemoglobin E complex,0.7409593929009675,1.1305995583793838,0.3448735019973369,0.6702554012934644,1.0,1/3,7.56%,CHEBI:30413
prerank,"Septin complex, octamer variant, SEPT2-SEPT6-SEPT-7-SEPT9",-0.5113636363636364,-1.1295872943106695,0.2561576354679803,0.6706960400622817,1.0,4/4,48.95%,Q9UHD8;Q16181;Q15019;Q14141
prerank,"Dynein-1 complex, variant 8",0.682473655019412,1.1294970134164357,0.34062140391254314,0.6720869289493576,1.0,6/6,31.87%,P63172;Q8TF09;P63167;Q14204;Q13409;Q9Y6G9
prerank,ASCC DNA alkylation repair complex,-0.599057910778609,-1.1286246016867902,0.2825278810408922,0.6674697653332258,1.0,3/3,40.17%,Q8N9N2;Q9H1I8;Q8N3C0
prerank,Hemoglobin HbA complex,0.7409593929009675,1.128248966762746,0.33288590604026846,0.6744268681733061,1.0,1/3,7.56%,CHEBI:30413
prerank,"mTNF-TNR1A receptor-ligand core complex, BIRC2 variant",0.6599167822468793,1.1280586370044943,0.33698030634573306,0.6737416085245165,1.0,7/7,34.14%,Q13546;Q12933;CPX-8931;Q13490;P19438-PRO_0000034543;O00463;Q15628
prerank,DNA polymerase alpha:primase complex,0.6801112532083673,1.1273553530972105,0.33761682242990654,0.67459378154092,1.0,1/5,6.20%,CHEBI:49883
prerank,"Non-canonical polycomb repressive complex 1.1, RING1-PCGF1-YAF2 variant",0.670826400443705,1.1260041179793052,0.3409873708381171,0.6772086012494355,1.0,3/6,16.31%,P63208;Q06587;Q8IY57
prerank,Glycoprotein Ib-IX-V complex,-0.531319290465632,-1.12581531925528,0.26063829787234044,0.6688284658222166,1.0,4/4,46.95%,P14770;P40197;P13224;P07359
prerank,"Non-canonical polycomb repressive complex 1.1, RING2-PCGF1-YAF2 variant",0.6719301532030868,1.125450213864467,0.3488636363636364,0.6776233399478867,1.0,3/6,16.31%,P63208;Q99496;Q8IY57
prerank,"Polycomb repressive complex 2.1, EZH2-RBBP7-PCL2-EPOP variant",0.673322240709928,1.125415313623061,0.36373748609566187,0.676467623407143,1.0,6/6,32.78%,Q16576;O75530;Q15022;Q15910;A6NHQ4;Q9Y483
prerank,"mTNF-TNR1A receptor-ligand core complex, BIRC3 variant",0.6599167822468793,1.1249786774767645,0.3442265795206972,0.6764898183972767,1.0,7/7,34.14%,Q13546;Q12933;CPX-8931;Q13489;P19438-PRO_0000034543;O00463;Q15628
prerank,"ILK-PINCH-Parvin complex, LIMS2-PARVB variant",-0.5824328068717096,-1.1240289426983148,0.27106227106227104,0.6681640636547617,1.0,3/3,41.83%,Q7Z4I7;Q9HBI1;Q13418
prerank,"Polycomb repressive complex 2.1, EZH2-RBBP4-PCL2-EPOP variant",0.6733222407099279,1.122627975916229,0.35747126436781607,0.6822093841120058,1.0,6/6,32.78%,Q09028;O75530;Q15022;Q15910;A6NHQ4;Q9Y483
prerank,"Mitochondrial pyruvate dehydrogenase complex, testis-specific variant",0.6298557158712542,1.1208420392904084,0.35522066738428415,0.6861210786582032,1.0,8/8,37.15%,CHEBI:16238;CHEBI:58937;P09622;CHEBI:83088;P11177;P10515;O00330;P29803
prerank,"SMC5-SMC6 SUMO ligase complex, NSE4EA variant",0.6334628190898999,1.1207351129450525,0.33978494623655914,0.6851435287920394,1.0,8/8,36.79%,Q8WV22;Q96SB8;Q96MF7;Q9BQI6;Q8IX21;Q8IY18;Q96MG7;Q9NXX6
prerank,"Polycomb repressive complex 2.1, EZH2-RBBP4-PCL2-PALI1 variant",0.6733222407099279,1.1187558488474028,0.3470790378006873,0.6895727188927941,1.0,6/6,32.78%,Q09028;O75530;Q15022;Q15910;Q96JN0;Q9Y483
prerank,"Oligosaccharyltransferase complex B, MAGT1 variant",0.638457269700333,1.1147462474650438,0.36046511627906974,0.6997180420098925,1.0,8/8,36.30%,P0C6T2;P61165;P61803;P39656;P04843;P04844;Q8TCJ2;Q9H0U3
prerank,"PRMT5 methylosome complex, CLNS1A variant",-0.5813244666112497,-1.114130194273576,0.2638888888888889,0.688635142248281,1.0,3/3,41.94%,P54105;Q9BQA1;O14744
prerank,"ILK-PINCH-Parvin complex, LIMS1-PARVB variant",-0.5824328068717096,-1.113973110097412,0.29056603773584905,0.6833897337837158,1.0,3/3,41.83%,P48059;Q9HBI1;Q13418
prerank,"PRMT5 methylosome complex, COPR5 variant",-0.5813244666112497,-1.1136396173762115,0.2697095435684647,0.6788996990441905,1.0,3/3,41.94%,Q9NQ92;Q9BQA1;O14744
prerank,"Polycomb repressive complex 2.1,EZH2-RBBP7-PCL2-PALI1 variant",0.6733222407099277,1.1136301259686745,0.35876993166287013,0.7017809957383132,1.0,6/6,32.78%,Q16576;O75530;Q15022;Q15910;Q96JN0;Q9Y483
prerank,Annexin A2 - S100-A10 complex,0.731480990195905,1.1126251122425683,0.3751668891855808,0.703277277686412,1.0,1/3,7.72%,CHEBI:29108
prerank,"PRMT5 methylosome complex, RIOK1 variant",-0.5813244666112497,-1.1124178866704104,0.2850678733031674,0.6766068257374911,1.0,3/3,41.94%,Q9BRS2;Q9BQA1;O14744
prerank,"Oligosaccharyltransferase complex B, TUCS3 variant",0.6387347391786904,1.1097147686688704,0.37286324786324787,0.7101889945050874,1.0,8/8,36.27%,P0C6T2;P61165;P61803;P39656;P04843;P04844;Q8TCJ2;Q13454
prerank,GLUK1-GLUK2-GLUK5 glutamate ionotropic kainate-type receptor complex,-0.5702410640066501,-1.1085514571863424,0.32170542635658916,0.680724969924566,1.0,3/3,43.05%,Q16478;Q13002;P39086
prerank,"Cav1.1 voltage-gated calcium channel complex, CACNA2D2-CACNB4-CACNG1 variant",0.6700859439977821,1.1059699475982947,0.36481700118063753,0.7196541524532396,1.0,5/5,33.08%,Q13698;Q06432;O00305;Q9NY47-PRO_0000304637;Q9NY47-PRO_0000304639
prerank,"Cav1.1 voltage-gated calcium channel complex, CACNA2D2-CACNB2-CACNG1 variant",0.670085943997782,1.105231605115781,0.3833718244803695,0.7205010805538098,1.0,5/5,33.08%,Q13698;Q06432;Q08289;Q9NY47-PRO_0000304637;Q9NY47-PRO_0000304639
prerank,"ILK-PINCH-Parvin complex, LIMS2-PARVA variant",-0.5824328068717096,-1.1048856840269126,0.3074074074074074,0.6843970362182192,1.0,3/3,41.83%,Q9NVD7;Q7Z4I7;Q13418
prerank,Myb-MuvB-FOXM1 transcriptional activation complex,0.6417548726184393,1.104436698959397,0.3580931263858093,0.7214353614668275,1.0,5/7,25.39%,Q09028;Q6MZP7;Q96GY3;Q5TKA1;Q52LA3
prerank,"Cav1.1 voltage-gated calcium channel complex, CACNA2D2-CACNB1-CACNG1 variant",0.670085943997782,1.1040089392624164,0.37809187279151946,0.7213052523708685,1.0,5/5,33.08%,Q13698;Q06432;Q02641;Q9NY47-PRO_0000304637;Q9NY47-PRO_0000304639
prerank,"Septin complex, octamer variant, SEPT2-SEPT6-SEPT-7-SEPT3",-0.5113636363636364,-1.1032436674744932,0.3076923076923077,0.6829781330219249,1.0,4/4,48.95%,Q9UH03;Q16181;Q15019;Q14141
prerank,GLUK1-GLUK3-GLUK5 glutamate ionotropic kainate-type receptor complex,-0.569963978941535,-1.0998653061224481,0.31297709923664124,0.6862678511019835,1.0,3/3,43.08%,Q16478;P39086;Q13003
prerank,NALCN channelosome complex,-0.5102549889135255,-1.0996686217184837,0.2663316582914573,0.6814281413574431,1.0,4/4,49.06%,B1AL88;Q9P2D8;Q8N2C7;Q8IZF0
prerank,"Cav1.1 voltage-gated calcium channel complex, CACNA2D2-CACNB3-CACNG1 variant",0.670085943997782,1.0990305249760808,0.40398126463700235,0.734034750976945,1.0,5/5,33.08%,Q13698;Q06432;P54284;Q9NY47-PRO_0000304637;Q9NY47-PRO_0000304639
prerank,"Cav1.1 voltage-gated calcium channel complex, CACNA2D4-CACNB4-CACNG1 variant",0.6606598281120044,1.0981684730464663,0.3878718535469107,0.7350637884636045,1.0,5/5,34.03%,Q13698;Q06432;O00305;Q7Z3S7-PRO_0000304657;Q7Z3S7-PRO_0000304656
prerank,GLUK1-GLUK3-GLUK4 glutamate ionotropic kainate-type receptor complex,-0.569963978941535,-1.0977399471675964,0.32142857142857145,0.6812300089336395,1.0,3/3,43.08%,Q16099;P39086;Q13003
prerank,"STRIPAK complex, STRIP1-STRN variant",0.6321775312066574,1.0952291033333867,0.3734806629834254,0.7420367135349004,1.0,7/7,36.90%,CHEBI:29035;P30153;P67775;CHEBI:17401;Q9Y3A3;Q5VSL9;O43815
prerank,"Cav1.1 voltage-gated calcium channel complex, CACNA2D4-CACNB1-CACNG1 variant",0.6606598281120043,1.0950917037667336,0.40415704387990764,0.7411116146218419,1.0,5/5,34.03%,Q13698;Q06432;Q02641;Q7Z3S7-PRO_0000304657;Q7Z3S7-PRO_0000304656
prerank,"STRIPAK complex, STRIP2-STRN variant",0.6321775312066574,1.0943906370632481,0.3736141906873614,0.7416490166213326,1.0,7/7,36.90%,CHEBI:29035;P30153;P67775;CHEBI:17401;Q9Y3A3;Q9ULQ0;O43815
prerank,EARP tethering complex,-0.5218957871396895,-1.0938631189432044,0.2947976878612717,0.6855303444749222,1.0,4/4,47.90%,Q96JG6;Q8N1B4;Q5VIR6;Q9UID3
prerank,"Polycomb repressive complex 2.1, EZH1-RBBP7-PCL3-PALI1 variant",0.6475318912922905,1.0933782442393962,0.41043083900226757,0.7430226458371274,1.0,6/6,35.35%,Q16576;O75530;Q15022;Q92800;Q96JN0;Q5T6S3
prerank,"Polycomb repressive complex 2.1, EZH1-RBBP4-PCL3-EPOP variant",0.6475318912922906,1.0930271462795924,0.4063926940639269,0.7426648414600555,1.0,6/6,35.35%,Q09028;O75530;Q15022;Q92800;A6NHQ4;Q5T6S3
prerank,"Exocyst, EXOC6 variant",0.6259711431742507,1.0928087700295914,0.3849462365591398,0.741945518414224,1.0,8/8,37.54%,O60645;Q9UPT5;Q8IYI6;Q9NV70;Q96KP1;Q96A65;O00471;Q8TAG9
prerank,"ILK-PINCH-Parvin complex, LIMS1-PARVA variant",-0.5824328068717096,-1.0923095281170483,0.37037037037037035,0.6843616110089642,1.0,3/3,41.83%,Q9NVD7;P48059;Q13418
prerank,BORC complex,0.6204217536071032,1.0921843695738813,0.39289558665231433,0.7423357569643428,1.0,8/8,38.10%,Q6QNY1;O95295;P78537;Q969J3;Q9BQD3;Q96B45;Q96FH0;Q96GS4
prerank,CRUMBS2-PALS1-PATJ cell polarity complex,-0.5680243834857301,-1.091800981079188,0.2781954887218045,0.6806070330081696,1.0,3/3,43.27%,Q5IJ48;Q8NI35;Q8N3R9
prerank,ATG12-ATG5-ATG16L2 complex,-0.5644222776392352,-1.091671013807607,0.3231939163498099,0.6759057420421726,1.0,3/3,43.63%,Q8NAA4;Q9H1Y0;O94817
prerank,"ERF1-ERF3 translation release factor complex, GSPT1 variant",0.7129130578571492,1.0910408781459808,0.39242219215155616,0.7441825495066823,1.0,1/3,12.60%,CHEBI:37565
prerank,"Cav1.1 voltage-gated calcium channel complex, CACNA2D4-CACNB2-CACNG1 variant",0.6606598281120043,1.0907852932328765,0.40660592255125283,0.7435358663384263,1.0,5/5,34.03%,Q13698;Q06432;Q08289;Q7Z3S7-PRO_0000304657;Q7Z3S7-PRO_0000304656
prerank,"STRIPAK complex, STRIP1-STRN3 variant",0.6324549237170597,1.0907507822121927,0.37609649122807015,0.7423036117943997,1.0,7/7,36.88%,CHEBI:29035;P30153;P67775;CHEBI:17401;Q9Y3A3;Q5VSL9;Q13033
prerank,Mitochondrial 2-oxoglutarate dehydrogenase complex,0.6474138846603179,1.0902547880015776,0.3902161547212742,0.7424071749391,1.0,3/6,19.35%,CHEBI:57692;CHEBI:58937;P09622
prerank,ATG5-ATG12-TECPR1 complex,-0.5644222776392352,-1.0891713800740006,0.31636363636363635,0.6771155912181815,1.0,3/3,43.63%,Q7Z6L1;Q9H1Y0;O94817
prerank,"Polycomb repressive complex 2.1, EZH1-RBBP7-PCL3-EPOP variant",0.6475318912922907,1.0891034259215848,0.4108967082860386,0.7440442566742358,1.0,6/6,35.35%,Q16576;O75530;Q15022;Q92800;A6NHQ4;Q5T6S3
prerank,"Polycomb repressive complex 2.1, EZH1-RBBP4-PCL3-PALI1 variant",0.6475318912922906,1.0887415606761366,0.38204833141542005,0.7436812835450183,1.0,6/6,35.35%,Q09028;O75530;Q15022;Q92800;Q96JN0;Q5T6S3
prerank,"STRIPAK complex, STRIP2-STRN3 variant",0.6324549237170597,1.0885385201017796,0.3967032967032967,0.7428674838334515,1.0,7/7,36.88%,CHEBI:29035;P30153;P67775;CHEBI:17401;Q9Y3A3;Q9ULQ0;Q13033
prerank,"STRIPAK complex, STRIP2-STRN4 variant",0.6291262135922331,1.0884292914163873,0.37583148558758317,0.7418191293525547,1.0,7/7,37.21%,CHEBI:29035;P30153;P67775;CHEBI:17401;Q9Y3A3;Q9ULQ0;Q9NRL3
prerank,"STRIPAK complex, STRIP1-STRN4 variant",0.6291262135922331,1.0874667035480372,0.3780487804878049,0.7431749979805229,1.0,7/7,37.21%,CHEBI:29035;P30153;P67775;CHEBI:17401;Q9Y3A3;Q5VSL9;Q9NRL3
prerank,AHNAK - Annexin A2 - S100-A10 complex,0.6829490022172949,1.0871964543516752,0.40977443609022557,0.7426130889100443,1.0,1/4,7.72%,CHEBI:29108
prerank,"Polycomb repressive complex 2.1, EZH1-RBBP4-PCL1-PALI1 variant",0.6472545757071547,1.0871382942056704,0.4009111617312073,0.74149033639856,1.0,6/6,35.38%,Q09028;O75530;Q15022;Q92800;Q96JN0;O43189
prerank,"Mitochondrial calcium uniporter complex, MICUB variant",-0.4782367618519545,-1.0871087458861421,0.3125,0.6773110131649798,1.0,5/5,52.27%,Q9NWR8;Q8IYU8;Q9H4I9;Q9BPX6;Q8NE86
prerank,"SMC5-SMC6 SUMO ligase complex, EID3 variant",0.614594894561598,1.0869999597517919,0.37526881720430105,0.7405688557857817,1.0,8/8,38.68%,Q8WV22;Q96SB8;Q96MF7;Q9BQI6;Q8IX21;Q8IY18;Q96MG7;Q8N140
prerank,"ERF1-ERF3 translation release factor complex, GSPT2 variant",0.7129130578571492,1.0869365318421929,0.3946308724832215,0.7394469788778902,1.0,1/3,12.60%,CHEBI:37565
prerank,"Polycomb repressive complex 2.1, EZH2-RBBP7-PCL3-EPOP variant",0.6475318912922907,1.0866876266108951,0.41601779755283647,0.7387939303117345,1.0,6/6,35.35%,Q16576;O75530;Q15022;Q15910;A6NHQ4;Q5T6S3
prerank,GLUK1-GLUK2-GLUK4 glutamate ionotropic kainate-type receptor complex,-0.5702410640066501,-1.086520986500968,0.3382899628252788,0.6738243048656204,1.0,3/3,43.05%,Q16099;Q13002;P39086
prerank,"Exocyst, EXOC6B variant",0.6262486126526081,1.0861076147891315,0.3877551020408163,0.7390580053451976,1.0,8/8,37.51%,O60645;Q9UPT5;Q8IYI6;Q9NV70;Q96KP1;Q96A65;O00471;Q9Y2D4
prerank,"Polycomb repressive complex 2.1, EZH1-RBBP4-PCL1-EPOP variant",0.6472545757071547,1.0845231325230258,0.40386803185437997,0.7420442413692353,1.0,6/6,35.38%,Q09028;O75530;Q15022;Q92800;A6NHQ4;O43189
prerank,Cyclin-dependent protein kinase-activating kinase complex,0.7096148517594901,1.0839441266391843,0.417910447761194,0.742291765608845,1.0,3/3,29.10%,P51946;P50613;P51948
prerank,"Polycomb repressive complex 2.1, EZH2-RBBP4-PCL3-EPOP variant",0.6475318912922906,1.0822854719422452,0.4146620847651776,0.7455514938882926,1.0,6/6,35.35%,Q09028;O75530;Q15022;Q15910;A6NHQ4;Q5T6S3
prerank,"Cav1.1 voltage-gated calcium channel complex, CACNA2D1-CACNB4-CACNG1 variant",0.6540060992514555,1.0817159170814945,0.38829151732377537,0.7457292793536677,1.0,5/5,34.69%,Q13698;Q06432;O00305;P54289-PRO_0000005001;P54289-PRO_0000005002
prerank,"Cav1.2 voltage-gated calcium channel complex, CACNA2D2-CACNB4 variant",0.66990022172949,1.0815312286673493,0.4051724137931034,0.7449336145953097,1.0,4/4,33.08%,Q13936;O00305;Q9NY47-PRO_0000304637;Q9NY47-PRO_0000304639
prerank,tRNA-splicing ligase complex,0.6157047724750279,1.0814995402213197,0.417910447761194,0.7436995832466353,1.0,8/8,38.57%,CHEBI:29035;Q92499;Q9BVC5;Q9Y224;Q9Y3I0;Q52LJ0;Q8IWT0;Q8NCA5
prerank,"Polycomb repressive complex 2.1, EZH1-RBBP7-PCL1-PALI1 variant",0.6472545757071546,1.0809286043226878,0.4228571428571429,0.7440127492305603,1.0,6/6,35.38%,Q16576;O75530;Q15022;Q92800;Q96JN0;O43189
prerank,"Phagocyte NADPH oxidase complex, RAC2 variant",0.6229189789123195,1.0804223043813708,0.40540540540540543,0.7441066704464737,1.0,8/8,37.85%,CHEBI:57692;CHEBI:37565;Q15080;P19878;P14598;P04839;P13498;P15153
prerank,"Cav1.1 voltage-gated calcium channel complex, CACNA2D4-CACNB3-CACNG1 variant",0.6606598281120044,1.0803865592344732,0.4072769953051643,0.7429050234166154,1.0,5/5,34.03%,Q13698;Q06432;P54284;Q7Z3S7-PRO_0000304657;Q7Z3S7-PRO_0000304656
prerank,"Polycomb repressive complex 2.1,EZH2-RBBP7-PCL3-PALI1 variant",0.6475318912922905,1.0803104093899827,0.39841089670828606,0.7418333882897068,1.0,6/6,35.35%,Q16576;O75530;Q15022;Q15910;Q96JN0;Q5T6S3
prerank,BLOC-1 complex,0.6201442841287459,1.0792962582743746,0.4061505832449629,0.7432686840927728,1.0,8/8,38.12%,Q6QNY1;O95295;P78537;Q6QNY0;Q8TDH9;Q96EV8;Q9UL45;Q9NUP1
prerank,CIAO1-CIAO2B-CIAO3-MMS19 cytosolic iron-sulfur protein assembly complex,0.6569257693373995,1.0791974471184231,0.4339622641509434,0.742250606823602,1.0,1/5,6.20%,CHEBI:49883
prerank,"Polycomb repressive complex 2.1, EZH2-RBBP7-PCL1-EPOP variant",0.6472545757071548,1.0790033205821907,0.43444444444444447,0.7414929682665184,1.0,6/6,35.38%,Q16576;O75530;Q15022;Q15910;A6NHQ4;O43189
prerank,"Polycomb repressive complex 2.1,EZH2-RBBP4-PCL3-PALI1 variant",0.6475318912922906,1.0788815334735453,0.3901601830663616,0.7405479799053214,1.0,6/6,35.35%,Q09028;O75530;Q15022;Q15910;Q96JN0;Q5T6S3
prerank,"Cav1.1 voltage-gated calcium channel complex, CACNA2D1-CACNB1-CACNG1 variant",0.6540060992514555,1.078645419822013,0.4195064629847238,0.7398671520361091,1.0,5/5,34.69%,Q13698;Q06432;Q02641;P54289-PRO_0000005001;P54289-PRO_0000005002
prerank,"NMDA receptor complex, GluN1-GluN2A-GluN2B",-0.5613743419229704,-1.0786072697175577,0.32388663967611336,0.6884375595092667,1.0,3/3,43.94%,Q12879;Q13224;Q05586
prerank,"sTNF-TNR1A receptor-ligand core complex, BIRC2 variant",0.6305131761442441,1.0783354868914452,0.4133771929824561,0.7393973589866485,1.0,7/7,37.07%,Q13546;Q12933;Q13490;P19438-PRO_0000034543;O00463;Q15628;CPX-8826
prerank,"Phagocyte NADPH oxidase complex, RAC3 variant",0.6226415094339621,1.078298920674514,0.41252699784017277,0.7382443388223751,1.0,8/8,37.87%,CHEBI:57692;CHEBI:37565;Q15080;P19878;P14598;P04839;P13498;P60763
prerank,"Polycomb repressive complex 2.1, EZH1-RBBP7-PCL1-EPOP variant",0.6472545757071548,1.0782096800909515,0.4276018099547511,0.7372371328367963,1.0,6/6,35.38%,Q16576;O75530;Q15022;Q92800;A6NHQ4;O43189
prerank,"Polycomb repressive complex 2.1, EZH2-RBBP7-PCL1-PALI1 variant",0.6472545757071546,1.075767790834041,0.4242081447963801,0.7424708391860062,1.0,6/6,35.38%,Q16576;O75530;Q15022;Q15910;Q96JN0;O43189
prerank,"sTNF-TNR1A receptor-ligand core complex, BIRC3 variant",0.6305131761442441,1.0757029959295623,0.41938997821350765,0.741385964328533,1.0,7/7,37.07%,Q13546;Q12933;Q13489;P19438-PRO_0000034543;O00463;Q15628;CPX-8826
prerank,"Cav1.1 voltage-gated calcium channel complex, CACNA2D3-CACNB1-CACNG1 variant",0.6556695314665926,1.0756846443291495,0.4200700116686114,0.7401796309959959,1.0,5/5,34.52%,Q13698;Q06432;Q02641;Q8IZS8-PRO_0000304647;Q8IZS8-PRO_0000304648
prerank,CRUMBS1-PALS1-PATJ cell polarity complex,-0.5680243834857301,-1.0747118723682674,0.336,0.6937087068131128,1.0,3/3,43.27%,P82279;Q8NI35;Q8N3R9
prerank,"Cav1.2 voltage-gated calcium channel complex, CACNA2D4-CACNB4 variant",0.6604767184035476,1.0746646977995187,0.42700729927007297,0.7414693355704057,1.0,4/4,34.03%,Q13936;O00305;Q7Z3S7-PRO_0000304657;Q7Z3S7-PRO_0000304656
prerank,"Cav1.1 voltage-gated calcium channel complex, CACNA2D3-CACNB2-CACNG1 variant",0.6556695314665926,1.074597475644258,0.4009163802978236,0.7404108238058629,1.0,5/5,34.52%,Q13698;Q06432;Q08289;Q8IZS8-PRO_0000304647;Q8IZS8-PRO_0000304648
prerank,"Cav1.1 voltage-gated calcium channel complex, CACNA2D1-CACNB2-CACNG1 variant",0.6540060992514555,1.0741835715764052,0.42276422764227645,0.7402433220937432,1.0,5/5,34.69%,Q13698;Q06432;Q08289;P54289-PRO_0000005001;P54289-PRO_0000005002
prerank,"Polycomb repressive complex 2.1, EZH2-RBBP4-PCL1-EPOP variant",0.6472545757071547,1.073841583593457,0.42955326460481097,0.739883576760449,1.0,6/6,35.38%,Q09028;O75530;Q15022;Q15910;A6NHQ4;O43189
prerank,IL11-sIL11RA-sIL-6ST receptor-ligand buffering complex,-0.5591576614020505,-1.0735677314234333,0.3254901960784314,0.6917030558562495,1.0,3/3,44.16%,Q14626-PRO_0000450688;P40189-2;P20809
prerank,"Cav1.1 voltage-gated calcium channel complex, CACNA2D1-CACNB3-CACNG1 variant",0.6540060992514555,1.0732908464014081,0.42402826855123676,0.7401056696190829,1.0,5/5,34.69%,Q13698;Q06432;P54284;P54289-PRO_0000005001;P54289-PRO_0000005002
prerank,"Cav1.1 voltage-gated calcium channel complex, CACNA2D3-CACNB4-CACNG1 variant",0.6556695314665927,1.0732338789207594,0.4265402843601896,0.7390263602587331,1.0,5/5,34.52%,Q13698;Q06432;O00305;Q8IZS8-PRO_0000304647;Q8IZS8-PRO_0000304648
prerank,"Polycomb repressive complex 2.1, EZH2-RBBP4-PCL1-PALI1 variant",0.6472545757071547,1.07295454778982,0.4150513112884835,0.7384469063356046,1.0,6/6,35.38%,Q09028;O75530;Q15022;Q15910;Q96JN0;O43189
prerank,"Cav1.1 voltage-gated calcium channel complex, CACNA2D3-CACNB3-CACNG1 variant",0.6556695314665927,1.0729390260260347,0.41040462427745666,0.7372600081046145,1.0,5/5,34.52%,Q13698;Q06432;P54284;Q8IZS8-PRO_0000304647;Q8IZS8-PRO_0000304648
prerank,"BOS complex, NOMO2 variant",-0.5458575782765309,-1.0728596948127498,0.33073929961089493,0.6886328491506206,1.0,3/3,45.49%,Q5JPE7;Q969V3;Q9BVK8
prerank,PDGF receptor alpha-beta - PDGF-AB complex,-0.4825388026607539,-1.071982127774805,0.2670157068062827,0.6862827237148661,1.0,4/4,51.83%,P04085;P01127;P09619;P16234
prerank,"Muscle-type nicotinic acetylcholine receptor complex, alpha1-beta1-delta-epsilon",-0.501940133037694,-1.0715372478304974,0.35714285714285715,0.6826807081036345,1.0,4/4,49.89%,Q04844-PRO_0000000329;Q07001;P11230-PRO_0000000315;P02708-PRO_0000000305
prerank,"Cav1.2 voltage-gated calcium channel complex, CACNA2D2-CACNB3 variant",0.66990022172949,1.0714116333967558,0.43580246913580245,0.7398125755780116,1.0,4/4,33.08%,Q13936;P54284;Q9NY47-PRO_0000304637;Q9NY47-PRO_0000304639
prerank,"Cav1.2 voltage-gated calcium channel complex, CACNA2D2-CACNB1 variant",0.66990022172949,1.071020932999178,0.4355444305381727,0.7396054267642171,1.0,4/4,33.08%,Q13936;Q02641;Q9NY47-PRO_0000304637;Q9NY47-PRO_0000304639
prerank,ATG12-ATG5-ATG16L1 complex,-0.5644222776392352,-1.0705344629889164,0.3484848484848485,0.6806523325889132,1.0,3/3,43.63%,Q676U5;Q9H1Y0;O94817
prerank,"Cav1.2 voltage-gated calcium channel complex, CACNA2D4-CACNB1 variant",0.6604767184035477,1.06939589355515,0.42735042735042733,0.7426606151058933,1.0,4/4,34.03%,Q13936;Q02641;Q7Z3S7-PRO_0000304657;Q7Z3S7-PRO_0000304656
prerank,"Phagocyte NADPH oxidase complex, RAC1 variant",0.6231964483906769,1.0690885507597616,0.4294940796555436,0.7422434585173233,1.0,8/8,37.82%,CHEBI:57692;CHEBI:37565;Q15080;P19878;P14598;P04839;P13498;P63000
prerank,Fanconi anemia FANCM-FAAP24-MHF anchoring complex,0.6784368070953437,1.0678531208282909,0.4518147684605757,0.7441508393072302,1.0,2/4,17.19%,Q8N2Z9;A8MT69
prerank,"Cav1.2 voltage-gated calcium channel complex, CACNA2D4-CACNB3 variant",0.6604767184035476,1.0675889275236259,0.43636363636363634,0.7435884248623382,1.0,4/4,34.03%,Q13936;P54284;Q7Z3S7-PRO_0000304657;Q7Z3S7-PRO_0000304656
prerank,"Cav1.2 voltage-gated calcium channel complex, CACNA2D2-CACNB2 variant",0.66990022172949,1.0653964640204512,0.451338199513382,0.7479561030458239,1.0,4/4,33.08%,Q13936;Q08289;Q9NY47-PRO_0000304637;Q9NY47-PRO_0000304639
prerank,CRUMBS3-PALS1-PATJ cell polarity complex,-0.5680243834857301,-1.0651487469770091,0.3252032520325203,0.6894504464463287,1.0,3/3,43.27%,Q9BUF7;Q8NI35;Q8N3R9
prerank,"Dystrophin glycoprotein complex, CNS variant",0.608490566037736,1.0638524614683618,0.4396551724137931,0.750616245011119,1.0,8/8,39.29%,Q13424;Q14118-PRO_0000021066;Q14118-PRO_0000021065;O60941;O43556;P11532-4;Q96LD1;Q9NSN8
prerank,SHOC2-MRAS-PPP1CB complex,0.6427035506839682,1.060084001116563,0.4591121495327103,0.758935957619335,1.0,2/5,12.60%,CHEBI:29035;CHEBI:37565
prerank,"Cav1.2 voltage-gated calcium channel complex, CACNA2D1-CACNB4 variant",0.6538248337028825,1.060081525098444,0.45031446540880504,0.7576944277980879,1.0,4/4,34.69%,Q13936;O00305;P54289-PRO_0000005001;P54289-PRO_0000005002
prerank,"Cav1.2 voltage-gated calcium channel complex, CACNA2D4-CACNB2 variant",0.6604767184035477,1.057746118242067,0.45346062052505964,0.7622745651370796,1.0,4/4,34.03%,Q13936;Q08289;Q7Z3S7-PRO_0000304657;Q7Z3S7-PRO_0000304656
prerank,"Non-canonical polycomb repressive complex 1.6, RING1-YAF2 variant",0.6184137548530226,1.0573599050614528,0.45475113122171945,0.7619533547186923,1.0,6/6,38.26%,Q06587;Q8IY57;CPX-2551;CPX-2552;Q969R5;Q9BYE7
prerank,"Nucleosome complex, H2A type 1 variant ",0.6408514057133804,1.0562545891857407,0.45895953757225433,0.7633357440246695,1.0,4/5,27.82%,P62805;P06899;P68431;CHEBI:4705
prerank,"Non-canonical polycomb repressive complex 1.5, RING1-YAF2-CKIIA1-A2 variant",0.6357083448849459,1.0557738224021587,0.44535840188014103,0.7632458485588839,1.0,5/5,36.52%,Q06587;Q8IY57;Q8WXX7;Q86SE9;CPX-2437
prerank,"BOS complex, NOMO3 variant",-0.5458575782765309,-1.0553654350141324,0.348,0.7100279660742805,1.0,3/3,45.49%,P69849;Q969V3;Q9BVK8
prerank,Membrane attack complex,0.601276359600444,1.0543465856192107,0.4477124183006536,0.7653319319818008,1.0,8/8,40.01%,P07358;P10643;P13671;P01031-PRO_0000005985;P01031-PRO_0000005989;P07360;P02748;P07357
prerank,SHOC2-MRAS-PPP1CC complex,0.6427035506839682,1.0541588989741983,0.44680851063829785,0.7644975618287986,1.0,2/5,12.60%,CHEBI:29035;CHEBI:37565
prerank,"Non-canonical polycomb repressive complex 1.5, RING1-RYBP-CKIIA1-A2 variant",0.635708344884946,1.0539755511079134,0.4628975265017668,0.763664361548328,1.0,5/5,36.52%,Q06587;Q8N488;Q8WXX7;Q86SE9;CPX-2437
prerank,"Cav1.2 voltage-gated calcium channel complex, CACNA2D1-CACNB3 variant",0.6538248337028825,1.053473604499584,0.4542079207920792,0.763637517972707,1.0,4/4,34.69%,Q13936;P54284;P54289-PRO_0000005001;P54289-PRO_0000005002
prerank,"Nucleosome, variant H3.1-H2A.V-H2B.1",0.6408514057133804,1.052654969987977,0.4690781796966161,0.7643226024597249,1.0,4/5,27.82%,P62805;P06899;P68431;CHEBI:4705
prerank,"Non-canonical polycomb repressive complex 1.5, RING1-YAF2-CKIIA1 variant",0.635431106182423,1.0525779758174976,0.4591715976331361,0.7633252401263955,1.0,5/5,36.54%,Q06587;Q8IY57;Q8WXX7;Q86SE9;CPX-914
prerank,"Non-canonical polycomb repressive complex 1.5, RING2-YAF2-CKIIA1-A2 variant",0.6357083448849459,1.0524425427591124,0.4539089848308051,0.7623494453907858,1.0,5/5,36.52%,Q99496;Q8IY57;Q8WXX7;Q86SE9;CPX-2437
prerank,"Non-canonical polycomb repressive complex 1.6, RING1-RYBP variant",0.6184137548530226,1.0512336992590268,0.4608501118568233,0.7639783398501215,1.0,6/6,38.26%,Q06587;Q8N488;CPX-2551;CPX-2552;Q969R5;Q9BYE7
prerank,HAUS complex,0.6007214206437292,1.0511342043657552,0.44538706256627786,0.7630046327186075,1.0,8/8,40.06%,Q7Z4H7;Q96CS2;Q99871;Q9BT25;Q9H6D7;Q68CZ6;Q9NVX0;O94927
prerank,BBSome complex,0.6046059933407325,1.0503256495824154,0.4579741379310345,0.7636517545870589,1.0,8/8,39.67%,Q8TAM2;Q96RK4;Q9BXC9;A8MTZ0;Q3SYG4;Q8IWZ6;Q8N3I7;Q8NFJ9
prerank,"Non-canonical polycomb repressive complex 1.5, RING1-RYBP-CKIIA1 variant",0.6354311061824232,1.0501121596626974,0.47878787878787876,0.7629217551705044,1.0,5/5,36.54%,Q06587;Q8N488;Q8WXX7;Q86SE9;CPX-914
prerank,Chaperonin-containing T-complex,0.6029411764705882,1.0500499708265527,0.4592274678111588,0.7618376065932674,1.0,8/8,39.84%,P40227;P48643;P49368;P50990;P50991;P78371;P17987;Q99832
prerank,DNA polymerase epsilon complex,0.6458680770297073,1.049340382640428,0.44549763033175355,0.7623047763834069,1.0,1/5,6.20%,CHEBI:49883
prerank,"BOS complex, NOMO1 variant",-0.5458575782765309,-1.0490595019370064,0.36254980079681276,0.7208405697706292,1.0,3/3,45.49%,Q15155;Q969V3;Q9BVK8
prerank,"Non-canonical polycomb repressive complex 1.3, RING1-YAF2-CKIIA1-A2 variant",0.6357083448849458,1.048988576461525,0.46099290780141844,0.7619418146000576,1.0,5/5,36.52%,Q06587;Q8IY57;Q8WXX7;Q3KNV8;CPX-2437
prerank,"Non-canonical polycomb repressive complex 1.6, RING2-YAF2 variant",0.6184137548530226,1.0479980221600704,0.4711211778029445,0.763165205828708,1.0,6/6,38.26%,Q99496;Q8IY57;CPX-2551;CPX-2552;Q969R5;Q9BYE7
prerank,"Cav1.2 voltage-gated calcium channel complex, CACNA2D1-CACNB1 variant",0.6538248337028825,1.0479453797440883,0.46441947565543074,0.7620860573227335,1.0,4/4,34.69%,Q13936;Q02641;P54289-PRO_0000005001;P54289-PRO_0000005002
prerank,"Muscle-type nicotinic acetylcholine receptor complex, alpha1-beta1-delta-gamma",-0.501940133037694,-1.0477129118975697,0.3532934131736527,0.7195936833727465,1.0,4/4,49.89%,P07510-PRO_0000000334;Q07001;P11230-PRO_0000000315;P02708-PRO_0000000305
prerank,"Non-canonical polycomb repressive complex 1.3, RING1-RYBP-CKIIA1-A2 variant",0.6357083448849461,1.0474869454899247,0.4752941176470588,0.7619117810297233,1.0,5/5,36.52%,Q06587;Q8N488;Q8WXX7;Q3KNV8;CPX-2437
prerank,"General transcription factor TFIII3B complex, BRF1 variant",0.6812235284803863,1.0469908199067381,0.4480946123521682,0.761882300362614,1.0,1/3,14.04%,P20226
prerank,BRCA1-B complex,0.6683516348150494,1.046898822080764,0.46835443037974683,0.7608988135366324,1.0,1/4,6.20%,CHEBI:49883
prerank,SHOC2-NRAS-PPP1CA complex,0.6334470123354522,1.046421353322276,0.4610011641443539,0.76073023435313,1.0,2/5,12.60%,CHEBI:29035;CHEBI:37565
prerank,"Non-canonical polycomb repressive complex 1.3, RING2-YAF2-CKIIA1-A2 variant",0.6357083448849459,1.0462241331277717,0.468384074941452,0.7600088800789515,1.0,5/5,36.52%,Q99496;Q8IY57;Q8WXX7;Q3KNV8;CPX-2437
prerank,"Non-canonical polycomb repressive complex 1.3, RING1-YAF2-CKIIA1 variant",0.6354311061824229,1.0461333640219672,0.4772727272727273,0.7590359760536234,1.0,5/5,36.54%,Q06587;Q8IY57;Q8WXX7;Q3KNV8;CPX-914
prerank,COG tethering complex,0.6032186459489457,1.0460623378018028,0.4535752401280683,0.757999049010767,1.0,8/8,39.81%,Q14746;Q9UP83;Q9Y2V7;Q8WTW3;Q96JB2;Q96MW5;Q9H9E3;P83436
prerank,"Non-canonical polycomb repressive complex 1.3, RING2-RYBP-CKIIA1 variant",0.6354311061824229,1.0457796104582813,0.4817432273262662,0.7575041716214872,1.0,5/5,36.54%,Q99496;Q8N488;Q8WXX7;Q3KNV8;CPX-914
prerank,CKM complex variant 1,-0.48226164079822614,-1.0457380888234933,0.39408866995073893,0.72005176114127,1.0,4/4,51.85%,P49336;Q9UHV7;Q93074;P24863
prerank,"Non-canonical polycomb repressive complex 1.5, RING2-RYBP-CKIIA1-A2 variant",0.6357083448849459,1.0457277091003985,0.48182883939038684,0.7564461472112928,1.0,5/5,36.52%,Q99496;Q8N488;Q8WXX7;Q86SE9;CPX-2437
prerank,CKM complex variant 2,-0.48226164079822614,-1.0454358741700336,0.3673469387755102,0.7160477931494033,1.0,4/4,51.85%,Q9BWU1;Q9UHV7;Q93074;P24863
prerank,"General transcription factor TFIII3B complex, BRF2 variant",0.6812235284803863,1.0452155057672454,0.4607190412782956,0.7564285564922405,1.0,1/3,14.04%,P20226
prerank,"Non-canonical polycomb repressive complex 1.3, RING1-RYBP-CKIIA1 variant",0.6354311061824232,1.0451017970674001,0.4783132530120482,0.7554895871970471,1.0,5/5,36.54%,Q06587;Q8N488;Q8WXX7;Q3KNV8;CPX-914
prerank,"Non-canonical polycomb repressive complex 1.5, RING2-RYBP-CKIIA1 variant",0.635431106182423,1.0447652579156839,0.49227110582639716,0.7550860212032264,1.0,5/5,36.54%,Q99496;Q8N488;Q8WXX7;Q86SE9;CPX-914
prerank,"Nucleosome, variant H3.1-H2A.Z-H2B.1",0.6408514057133804,1.0436879810052466,0.49239766081871345,0.756359868449625,1.0,4/5,27.82%,P62805;P06899;P68431;CHEBI:4705
prerank,"Non-canonical polycomb repressive complex 1.5, RING1-YAF2-CKIIA2 variant",0.6262822289991682,1.0430046731329965,0.4727488151658768,0.7568350019136748,1.0,5/5,37.46%,Q06587;Q8IY57;Q8WXX7;Q86SE9;CPX-2428
prerank,"COPI vesicle coat complex, COPG1-COPZ1 variant",0.6130374479889042,1.0422723207617752,0.4745011086474501,0.7573174930268424,1.0,7/7,38.82%,O14579;P53621;P53618;P48444;P35606;P61923;Q9Y678
prerank,"Non-canonical polycomb repressive complex 1.5, RING2-YAF2-CKIIA1 variant",0.635431106182423,1.0418904491893333,0.4558303886925795,0.7570106105689961,1.0,5/5,36.54%,Q99496;Q8IY57;Q8WXX7;Q86SE9;CPX-914
prerank,"Non-canonical polycomb repressive complex 1.3, RING2-YAF2-CKIIA1 variant",0.635431106182423,1.0412710252043231,0.46226415094339623,0.7571875334964119,1.0,5/5,36.54%,Q99496;Q8IY57;Q8WXX7;Q3KNV8;CPX-914
prerank,"Non-canonical polycomb repressive complex 1.3, RING2-RYBP-CKIIA1-A2 variant",0.6357083448849458,1.0408699428033383,0.4859484777517564,0.7569286925948229,1.0,5/5,36.52%,Q99496;Q8N488;Q8WXX7;Q3KNV8;CPX-2437
prerank,DNA polymerase delta complex,0.6351454663070966,1.0404100527974571,0.48708920187793425,0.7568067203239136,1.0,1/5,6.20%,CHEBI:49883
prerank,SHOC2-KRAS-PPP1CA complex,0.6334470123354522,1.0401848487543481,0.47141190198366395,0.7561285358674775,1.0,2/5,12.60%,CHEBI:29035;CHEBI:37565
prerank,"Cav1.2 voltage-gated calcium channel complex, CACNA2D3-CACNB4 variant",0.6554878048780488,1.040170972785858,0.47044025157232705,0.7549988093092392,1.0,4/4,34.52%,Q13936;O00305;Q8IZS8-PRO_0000304647;Q8IZS8-PRO_0000304648
prerank,"Non-canonical polycomb repressive complex 1.6, RING2-RYBP variant",0.618413754853023,1.0400999817525378,0.48419864559819414,0.7539890633335624,1.0,6/6,38.26%,Q99496;Q8N488;CPX-2551;CPX-2552;Q969R5;Q9BYE7
prerank,"Cav1.2 voltage-gated calcium channel complex, CACNA2D1-CACNB2 variant",0.6538248337028825,1.0397845980702354,0.48363636363636364,0.7536018780819637,1.0,4/4,34.69%,Q13936;Q08289;P54289-PRO_0000005001;P54289-PRO_0000005002
prerank,CoQ biosynthetic complex,0.6034961154273029,1.0387690737846362,0.48324324324324325,0.7547244157268108,1.0,8/8,39.78%,CHEBI:57692;O75208;Q5HYK3;CHEBI:24875;Q9Y3A0;Q99807;Q9NZJ6;Q9Y2Z9
prerank,"Non-canonical polycomb repressive complex 1.5, RING1-RYBP-CKIIA2 variant",0.6262822289991683,1.0387399131985573,0.4688995215311005,0.7536182427077776,1.0,5/5,37.46%,Q06587;Q8N488;Q8WXX7;Q86SE9;CPX-2428
prerank,"Little elongation complex, ELL3 variant",-0.479490022172949,-1.0371768787749294,0.3829787234042553,0.7319348190574909,1.0,4/4,52.13%,Q9HB65;Q659A1;Q9Y2F5;Q8N5P1
prerank,LIFT actin modulation complex,-0.4866962305986696,-1.0366296958166363,0.358695652173913,0.7285627488661864,1.0,4/4,51.41%,Q9P0V3;Q9NZN5;O14908;Q9UM54
prerank,"Cav1.2 voltage-gated calcium channel complex, CACNA2D3-CACNB3 variant",0.6554878048780488,1.0363000475337583,0.48567870485678705,0.7580563974053937,1.0,4/4,34.52%,Q13936;P54284;Q8IZS8-PRO_0000304647;Q8IZS8-PRO_0000304648
prerank,"Cav1.2 voltage-gated calcium channel complex, CACNA2D3-CACNB1 variant",0.6554878048780488,1.0355391829048632,0.48375,0.7586235885699457,1.0,4/4,34.52%,Q13936;Q02641;Q8IZS8-PRO_0000304647;Q8IZS8-PRO_0000304648
prerank,"Non-canonical polycomb repressive complex 1.3, RING1-YAF2-CKIIA2 variant",0.6262822289991682,1.0352434909701385,0.4849939975990396,0.7581399392028475,1.0,5/5,37.46%,Q06587;Q8IY57;Q8WXX7;Q3KNV8;CPX-2428
prerank,"Mitochondrial calcium uniporter complex, MICU1-MICU3 variant",-0.4781042128603104,-1.0327587149810464,0.3605769230769231,0.7337229218620458,1.0,4/4,52.27%,Q86XE3;Q9H4I9;Q9BPX6;Q8NE86
prerank,"Non-canonical polycomb repressive complex 1.5, RING2-YAF2-CKIIA2 variant",0.6262822289991682,1.032597062286465,0.47455621301775147,0.7627613557060884,1.0,5/5,37.46%,Q99496;Q8IY57;Q8WXX7;Q86SE9;CPX-2428
prerank,"Little elongation complex, ELL variant",-0.479490022172949,-1.0325592499628986,0.372972972972973,0.729381676311642,1.0,4/4,52.13%,P55199;Q659A1;Q9Y2F5;Q8N5P1
prerank,"Non-canonical polycomb repressive complex 1.3, RING1-RYBP-CKIIA2 variant",0.6262822289991684,1.030866422601173,0.5,0.7654121238978983,1.0,5/5,37.46%,Q06587;Q8N488;Q8WXX7;Q3KNV8;CPX-2428
prerank,"Non-canonical polycomb repressive complex 1.5, RING2-RYBP-CKIIA2 variant",0.6262822289991682,1.03001706226316,0.491725768321513,0.7660753440298751,1.0,5/5,37.46%,Q99496;Q8N488;Q8WXX7;Q86SE9;CPX-2428
prerank,"Polycomb repressive complex 2.2, EZH1-RBBP4 variant",0.6051026067665002,1.0293095095664582,0.49886363636363634,0.7664181339352598,1.0,6/6,39.59%,Q09028;O75530;Q15022;Q92800;Q92833;Q6ZN18
prerank,"Polycomb repressive complex 2.2, EZH1-RBBP7 variant",0.6051026067665002,1.0281026309174377,0.5,0.7679213808928984,1.0,6/6,39.59%,Q16576;O75530;Q15022;Q92800;Q92833;Q6ZN18
prerank,Telomerase holoenzyme complex,0.5963938973647712,1.0273963280137959,0.47671840354767187,0.7683046827846359,1.0,7/7,40.48%,O14746;URS00004A7003_9606;Q9NY12;Q9NX24;Q9NPE3;Q9BUR4;O60832
prerank,"Cav1.2 voltage-gated calcium channel complex, CACNA2D3-CACNB2 variant",0.6554878048780488,1.0267440224768278,0.4963768115942029,0.7685483277637724,1.0,4/4,34.52%,Q13936;Q08289;Q8IZS8-PRO_0000304647;Q8IZS8-PRO_0000304648
prerank,Signal recognition particle receptor complex,-0.5286783042394015,-1.0261614387138154,0.38114754098360654,0.7403353845722234,1.0,3/3,47.20%,Q9Y5M8;P08240;CHEBI:15996
prerank,"Non-canonical polycomb repressive complex 1.3, RING2-YAF2-CKIIA2 variant",0.6262822289991683,1.026150440105167,0.4916267942583732,0.768675757261832,1.0,5/5,37.46%,Q99496;Q8IY57;Q8WXX7;Q3KNV8;CPX-2428
prerank,"Non-canonical polycomb repressive complex 1.3, RING2-RYBP-CKIIA2 variant",0.6262822289991682,1.0243604215015683,0.5113500597371565,0.7714506476586142,1.0,5/5,37.46%,Q99496;Q8N488;Q8WXX7;Q3KNV8;CPX-2428
prerank,Mitochondrial 2-oxoisovalerate dehydrogenase complex,0.5946404713127793,1.0240654252282075,0.48135964912280704,0.7708953180574283,1.0,4/7,24.09%,CHEBI:57692;CHEBI:58937;P09622;CHEBI:83088
prerank,"Polycomb repressive complex 2.2, EZH2-RBBP4 variant",0.6051026067665002,1.0237533367377185,0.4852607709750567,0.770340231810098,1.0,6/6,39.59%,Q09028;O75530;Q15022;Q15910;Q92833;Q6ZN18
prerank,Fibrin complex,-0.5408700471044611,-1.0218855575666892,0.4048582995951417,0.7469745691999364,1.0,3/3,45.99%,P02675-PRO_0000009071;P02671-PRO_0000009022;P02679-PRO_0000009099
prerank,"Polycomb repressive complex 2.2, EZH2-RBBP7 variant",0.6051026067665002,1.0197504514347668,0.48717948717948717,0.7776989660733963,1.0,6/6,39.59%,Q16576;O75530;Q15022;Q15910;Q92833;Q6ZN18
prerank,"Little elongation complex, ELL2 variant",-0.479490022172949,-1.0196679391735657,0.4,0.7479825832841931,1.0,4/4,52.13%,O00472;Q659A1;Q9Y2F5;Q8N5P1
prerank,Collagen type XI trimer variant 1,-0.5272928789138266,-1.0193825567920933,0.4122448979591837,0.7439263301623448,1.0,3/3,47.34%,P02458;P13942;P12107
prerank,SHOC2-MRAS-PPP1CA complex,0.6155873383453743,1.0173449613100023,0.4994152046783626,0.7816508796473768,1.0,2/5,12.60%,CHEBI:29035;CHEBI:37565
prerank,"LIN-10-LIN-2-LIN-7 complex, LIN7A variant",-0.5270157938487116,-1.0167902392084767,0.40384615384615385,0.7462830871522956,1.0,3/3,47.37%,O14910;O14936;Q02410
prerank,"Mitochondrial calcium uniporter complex, MICU1-MICU2 variant",-0.4781042128603104,-1.0147766521012687,0.4072164948453608,0.7469604738093018,1.0,4/4,52.27%,Q8IYU8;Q9H4I9;Q9BPX6;Q8NE86
prerank,"Nucleosome, variant H3.1t-H2A.2-H2B.1",0.6086544681637556,1.0147733483478691,0.5053003533568905,0.7858396957047257,1.0,4/5,30.87%,P62805;P06899;CHEBI:4705;P04908
prerank,PAQosome co-chaperone complex,0.6193774160306741,1.0123628286533408,0.5262569832402234,0.7896576862649309,1.0,1/5,7.89%,P19388
prerank,SHOC2-HRAS-PPP1CA complex,0.6155873383453743,1.0108508024224168,0.5134818288393904,0.7917216883709449,1.0,2/5,12.60%,CHEBI:29035;CHEBI:37565
prerank,"LIN-10-LIN-2-LIN-7 complex, LIN7B variant",-0.5270157938487116,-1.0080712919613708,0.4263565891472868,0.7596759252765088,1.0,3/3,47.37%,Q9HAP6;O14936;Q02410
prerank,"COPI vesicle coat complex, COPG2-COPZ1 variant",0.588626907073509,1.007537399985928,0.5248618784530387,0.7975255408792185,1.0,7/7,41.25%,O14579;P53621;P53618;P48444;P35606;P61923;Q9UBF2
prerank,SNARE complex STX1B-SNAP25-VAMP2,-0.5267387087835966,-1.0056990755340158,0.43137254901960786,0.7607578828663111,1.0,3/3,47.40%,P63027;P61266;P60880
prerank,"Nucleosome, variant H3.2-H2A.2-H2B.1",0.6086544681637556,1.004843037505667,0.5214285714285715,0.8020733476539949,1.0,4/5,30.87%,P62805;P06899;CHEBI:4705;P04908
prerank,Fibrinogen complex,-0.5408700471044611,-1.004744873677696,0.4444444444444444,0.7585338397570316,1.0,3/3,45.99%,P02675-PRO_0000009070;P02671-PRO_0000009021;P02679-PRO_0000009099
prerank,Membrane bound interleukin-6 mIL6R receptor-ligand cluster-signalling complex,-0.516486561374342,-1.0027632820016965,0.4052863436123348,0.7591055103490403,1.0,3/3,48.42%,P08887-1;P05231-PRO_0000015582;P40189-1
prerank,Mitochondrial NIAUFX iron-sulfur cluster assembly complex ,0.5811373092926492,1.002706646319214,0.5279642058165548,0.8055838648474181,1.0,7/7,42.00%,O14561;CHEBI:597326;Q9Y697;Q9HD34;Q9H1K1;Q6P4F2;Q16595
prerank,"Polycomb repressive complex 1, RING1-PCGF4-CBX2-PHC2 variant",0.6258314855875832,1.0024735197871208,0.511166253101737,0.8049190985182328,1.0,4/4,37.49%,Q06587;P35226;Q8IXK0;Q14781
prerank,"Nucleosome complex, H2BC12 variant ",0.6068814185183655,1.000692585720193,0.5288683602771362,0.8075354845210868,1.0,4/5,30.87%,P62805;P68431;CHEBI:4705;P04908
prerank,"Polycomb repressive complex 1, RING2-PCGF2-CBX2-PHC3 variant",0.6258314855875831,1.0000840224054484,0.5024813895781638,0.8076098496957342,1.0,4/4,37.49%,Q99496;P35227;Q8NDX5;Q14781
prerank,SNARE complex STX1A-SNAP25-VAMP1,-0.5267387087835966,-0.9999587437470995,0.43529411764705883,0.7617567860128812,1.0,3/3,47.40%,P23763;Q16623;P60880
prerank,"Polycomb repressive complex 1, RING1-PCGF2-CBX2-PHC1 variant",0.6258314855875831,0.9996106453224552,0.5308176100628931,0.8073563443488978,1.0,4/4,37.49%,Q06587;P35227;P78364;Q14781
prerank,"LIN-10-LIN-2-LIN-7 complex, LIN7C variant",-0.5270157938487116,-0.9995561269142023,0.4262948207171315,0.7582881201364473,1.0,3/3,47.37%,Q9NUP9;O14936;Q02410
prerank,"DNA replication factor C complex, CHTF18 variant",0.5839112343966713,0.9991691080120207,0.5230769230769231,0.8070409338089557,1.0,7/7,41.72%,P40938;P35249;P40937;P35250;Q9BVC3;Q8WVB6;P0CG13
prerank,Collagen type XI trimer variant 3,-0.5272928789138266,-0.9988857706468782,0.41155234657039713,0.7553558403119696,1.0,3/3,47.34%,P05997;P20908;P12107
prerank,Chitinase 3-like-1-tmem219-interleukin-13 receptor-ligand alpha-2 signalling complex,-0.4517738359201774,-0.9988054542888324,0.449438202247191,0.7510478848450939,1.0,4/4,54.90%,Q86XT9;Q14627;P36222;P35225
prerank,Signal recognition particle,0.5775312066574202,0.9976344653780418,0.514161220043573,0.8091745450502277,1.0,7/7,42.36%,P37108;P09132;O76094;P61011;P49458;URS00000478B7_9606;Q9UHB9
prerank,"Polycomb repressive complex 1, RING2-PCGF2-CBX2-PHC2 variant",0.6258314855875831,0.9974621355078949,0.5268414481897628,0.8083257388584207,1.0,4/4,37.49%,Q99496;P35227;Q8IXK0;Q14781
prerank,"Polycomb repressive complex 1, RING1-PCGF2-CBX2-PHC2 variant",0.6258314855875832,0.9974249707239307,0.5298602287166455,0.8072271426460521,1.0,4/4,37.49%,Q06587;P35227;Q8IXK0;Q14781
prerank,XRCC1 DNA repair complex,0.5872399445214979,0.996829924250218,0.5522222222222222,0.8073442132432587,1.0,7/7,41.39%,Q9NUW8;Q8IW19;Q7Z2E3;P49916;P18887;P06746;Q96T60
prerank,"Polycomb repressive complex 1, RING2-PCGF2-CBX2-PHC1 variant",0.6258314855875831,0.9955144118746379,0.5180572851805728,0.8088637418110807,1.0,4/4,37.49%,Q99496;P35227;P78364;Q14781
prerank,"Polycomb repressive complex 1, RING1-PCGF4-CBX2-PHC1 variant",0.6258314855875831,0.9948865070276884,0.5235732009925558,0.8090070705378357,1.0,4/4,37.49%,Q06587;P35226;P78364;Q14781
prerank,"COPI vesicle coat complex, COPG1-COPZ2 variant",0.5889042995839112,0.994884531800493,0.5449438202247191,0.8078353223197284,1.0,7/7,41.22%,O14579;P53621;P53618;P48444;P35606;Q9Y678;Q9P299
prerank,Synaptonemal complex,0.5783633841886269,0.9946051904130035,0.5376226826608506,0.8072394124300931,1.0,7/7,42.28%,Q9BX26;Q8N0S2;Q9BXU0;Q15431;A1L190;Q8IZU3;Q6PIF2
prerank,DNA polymerase zeta complex,0.6048424360040662,0.9937932028743547,0.5311398354876615,0.8076840163559897,1.0,1/5,6.20%,CHEBI:49883
prerank,"Polycomb repressive complex 1, RING1-PCGF2-CBX2-PHC3 variant",0.6258314855875831,0.9933786771892343,0.5401002506265664,0.8073438827451834,1.0,4/4,37.49%,Q06587;P35227;Q8NDX5;Q14781
prerank,SNARE complex STX1A-SNAP25-VAMP2,-0.5267387087835966,-0.9920981673903881,0.45726495726495725,0.7634622287243391,1.0,3/3,47.40%,Q16623;P63027;P60880
prerank,"Polycomb repressive complex 1, RING2-PCGF4-CBX2-PHC2 variant",0.6258314855875831,0.990752733748085,0.55,0.8114602486306862,1.0,4/4,37.49%,Q99496;P35226;Q8IXK0;Q14781
prerank,"Polycomb repressive complex 1, RING1-PCGF4-CBX2-PHC3 variant",0.6258314855875831,0.9906938220377126,0.5395061728395062,0.8104069676068193,1.0,4/4,37.49%,Q06587;P35226;Q8NDX5;Q14781
prerank,"Polycomb repressive complex 1, RING2-PCGF4-CBX2-PHC3 variant",0.6258314855875831,0.9895622444987893,0.5454545454545454,0.8115780601480239,1.0,4/4,37.49%,Q99496;P35226;Q8NDX5;Q14781
prerank,"PAR cell polarity complex, PARD6A-PRKCZ variant",-0.5006927126627875,-0.9891456746510601,0.44981412639405205,0.7668236013872862,1.0,3/3,50.00%,Q9NPB6;Q05513;Q8TEW0
prerank,"LKB1-STRAD-MO25 serine/threonine protein kinase complex, CAB39-STRADA variant",-0.5206428373510669,-0.9887396084472947,0.467680608365019,0.7634263105922926,1.0,3/3,48.01%,Q9Y376;Q7RTN6;Q15831
prerank,"Polycomb repressive complex 1, RING2-PCGF4-CBX2-PHC1 variant",0.6258314855875831,0.9854023119289668,0.5444305381727159,0.818945939713666,1.0,4/4,37.49%,Q99496;P35226;P78364;Q14781
prerank,SOSS2 complex,0.637884455527847,0.9843745412362521,0.5252659574468085,0.8198684603345486,1.0,1/3,15.39%,Q68E01
prerank,"Polycomb repressive complex 1, RING1-PCGF2-CBX7-PHC2 variant",0.6053215077605322,0.9834528574229392,0.5276752767527675,0.820646867154553,1.0,4/4,39.53%,Q06587;P35227;Q8IXK0;O95931
prerank,"Polycomb repressive complex 1, RING2-PCGF2-CBX6-PHC2 variant",0.6055986696230597,0.9833095479423117,0.5327564894932015,0.8197713413286681,1.0,4/4,39.51%,Q99496;P35227;Q8IXK0;O95503
prerank,"SREBP-SCAP-INSIG sequestering complex, INSIG1-SREBF2 variant",-0.5023552230534775,-0.9825407973917417,0.476,0.7761350708185529,1.0,3/3,49.83%,O15503;CPX-25721;CHEBI:42977
prerank,SNARE complex STX1B-SNAP25-VAMP1,-0.5267387087835966,-0.9822111029994703,0.4574898785425101,0.7725734879057126,1.0,3/3,47.40%,P23763;P61266;P60880
prerank,"PAR cell polarity complex, PARD6B-PRKCZ variant",-0.5006927126627875,-0.9816484169425347,0.44140625,0.7696697747398417,1.0,3/3,50.00%,Q9BYG5;Q05513;Q8TEW0
prerank,"GABA-A receptor, alpha1-alpha3-beta2-gamma2",0.6238913525498891,0.9812694794588745,0.5576441102756893,0.8226554504118487,1.0,4/4,37.68%,P47870;P18507;P34903;P14867
prerank,"GABA-A receptor, alpha1-beta1-beta2-gamma2",0.6238913525498891,0.980311554231627,0.5555555555555556,0.8234251853613336,1.0,4/4,37.68%,P47870;P18507;P18505;P14867
prerank,"LKB1-STRAD-MO25 serine/threonine protein kinase complex, CAB39-STRADB variant",-0.5206428373510669,-0.9795509963844278,0.4767025089605735,0.7707772635456955,1.0,3/3,48.01%,Q9C0K7;Q9Y376;Q15831
prerank,"PAR cell polarity complex, PARD6G-PRKCZ variant",-0.5006927126627875,-0.9794862824366813,0.46215139442231074,0.7666049460646103,1.0,3/3,50.00%,Q9BYG4;Q05513;Q8TEW0
prerank,"Polycomb repressive complex 1, RING1-PCGF4-CBX8-PHC1 variant",0.6050443458980044,0.9793706281979045,0.5295566502463054,0.8241305094464468,1.0,4/4,39.56%,Q06587;P35226;P78364;Q9HC52
prerank,"Polycomb repressive complex 1, RING1-PCGF4-CBX8-PHC2 variant",0.6050443458980044,0.9792425905086677,0.5239263803680981,0.8232117917381675,1.0,4/4,39.56%,Q06587;P35226;Q8IXK0;Q9HC52
prerank,"Polycomb repressive complex 1, RING1-PCGF2-CBX7-PHC1 variant",0.6053215077605321,0.9790521333317687,0.5396039603960396,0.8224184146111693,1.0,4/4,39.53%,Q06587;P35227;P78364;O95931
prerank,Glycosylphosphatidylinositol-N-acetylglucosaminyltransferase complex,0.5725381414701802,0.9790483796216128,0.5668859649122807,0.8212555935610206,1.0,7/7,42.86%,O94777;Q9BRB3;Q92535;Q3MUY2;Q14442;P57054;P37287
prerank,"PAR cell polarity complex, PARD6B-PRKCI variant",-0.5006927126627875,-0.9790210411319046,0.4672131147540984,0.7635256538467176,1.0,3/3,50.00%,Q9BYG5;P41743;Q8TEW0
prerank,"Septin complex, hexamer variant, SEPT2-SEPT6-SEPT-7",-0.5112219451371571,-0.979020291848867,0.45925925925925926,0.7592601474006466,1.0,3/3,48.95%,Q16181;Q15019;Q14141
prerank,"Polycomb repressive complex 1, RING2-PCGF2-CBX6-PHC1 variant",0.6055986696230597,0.9789210546128161,0.5410036719706243,0.8203636906791005,1.0,4/4,39.51%,Q99496;P35227;P78364;O95503
prerank,SOSS1 complex,0.637884455527847,0.9789083325191397,0.532345013477089,0.8192312466047479,1.0,1/3,15.39%,Q68E01
prerank,"Polycomb repressive complex 1, RING1-PCGF4-CBX4-PHC1 variant",0.6058758314855875,0.97883728329286,0.5408038976857491,0.8181958772206542,1.0,4/4,39.48%,Q06587;P35226;P78364;O00257
prerank,"Polycomb repressive complex 1, RING1-PCGF4-CBX6-PHC1 variant",0.6055986696230597,0.9788224170227121,0.5450061652281134,0.8170750505148237,1.0,4/4,39.51%,Q06587;P35226;P78364;O95503
prerank,"Polycomb repressive complex 1, RING1-PCGF2-CBX8-PHC1 variant",0.6050443458980044,0.9785089453343766,0.5143570536828964,0.8165738503428315,1.0,4/4,39.56%,Q06587;P35227;P78364;Q9HC52
prerank,"Polycomb repressive complex 1, RING1-PCGF4-CBX4-PHC2 variant",0.6058758314855875,0.9782606882465069,0.5320754716981132,0.8158537291764009,1.0,4/4,39.48%,Q06587;P35226;Q8IXK0;O00257
prerank,"Polycomb repressive complex 1, RING2-PCGF2-CBX7-PHC2 variant",0.6053215077605321,0.9779025712353381,0.5554202192448234,0.8154143293842322,1.0,4/4,39.53%,Q99496;P35227;Q8IXK0;O95931
prerank,"Polycomb repressive complex 1, RING1-PCGF2-CBX4-PHC2 variant",0.6058758314855875,0.9777658767772447,0.552258064516129,0.8145473888299946,1.0,4/4,39.48%,Q06587;P35227;Q8IXK0;O00257
prerank,"Polycomb repressive complex 1, RING1-PCGF2-CBX8-PHC2 variant",0.6050443458980044,0.9775798923975536,0.5411471321695761,0.8137267612384327,1.0,4/4,39.56%,Q06587;P35227;Q8IXK0;Q9HC52
prerank,"Polycomb repressive complex 1, RING1-PCGF2-CBX4-PHC3 variant",0.6058758314855875,0.9775300679711554,0.5519399249061326,0.8126866781162467,1.0,4/4,39.48%,Q06587;P35227;Q8NDX5;O00257
prerank,"Polycomb repressive complex 1, RING1-PCGF2-CBX6-PHC1 variant",0.6055986696230597,0.9772005635706993,0.5418781725888325,0.8121984734282879,1.0,4/4,39.51%,Q06587;P35227;P78364;O95503
prerank,"Polycomb repressive complex 1, RING1-PCGF4-CBX7-PHC2 variant",0.6053215077605322,0.977132687150951,0.5396039603960396,0.8111899132538497,1.0,4/4,39.53%,Q06587;P35226;Q8IXK0;O95931
prerank,"Polycomb repressive complex 1, RING1-PCGF2-CBX6-PHC2 variant",0.6055986696230599,0.9767616209190181,0.5408163265306123,0.8107183810380033,1.0,4/4,39.51%,Q06587;P35227;Q8IXK0;O95503
prerank,"Polycomb repressive complex 1, RING1-PCGF2-CBX7-PHC3 variant",0.6053215077605321,0.9767527636651688,0.5406403940886699,0.8096037719935117,1.0,4/4,39.53%,Q06587;P35227;Q8NDX5;O95931
prerank,"Polycomb repressive complex 1, RING1-PCGF4-CBX6-PHC2 variant",0.6055986696230599,0.976706111224995,0.5430711610486891,0.8085924796790803,1.0,4/4,39.51%,Q06587;P35226;Q8IXK0;O95503
prerank,"Polycomb repressive complex 1, RING1-PCGF4-CBX7-PHC1 variant",0.6053215077605321,0.9765146883950732,0.5462392108508015,0.8078078531773675,1.0,4/4,39.53%,Q06587;P35226;P78364;O95931
prerank,"Polycomb repressive complex 1, RING2-PCGF2-CBX4-PHC2 variant",0.6058758314855874,0.9764951673842284,0.5539845758354756,0.8067347931282435,1.0,4/4,39.48%,Q99496;P35227;Q8IXK0;O00257
prerank,"LKB1-STRAD-MO25 serine/threonine protein kinase complex, CAB39L-STRADA variant",-0.5206428373510669,-0.9762236904007034,0.5039370078740157,0.7622629952260049,1.0,3/3,48.01%,Q7RTN6;Q9H9S4;Q15831
prerank,"Polycomb repressive complex 1, RING1-PCGF2-CBX4-PHC1 variant",0.6058758314855875,0.9756898601591577,0.5562579013906448,0.8071144300662465,1.0,4/4,39.48%,Q06587;P35227;P78364;O00257
prerank,"Polycomb repressive complex 1, RING2-PCGF2-CBX7-PHC1 variant",0.6053215077605321,0.9753455025574628,0.5473300970873787,0.806660315927084,1.0,4/4,39.53%,Q99496;P35227;P78364;O95931
prerank,TGF-beta-3-TGFR complex,-0.5040177334441674,-0.9750497508548658,0.42916666666666664,0.7612066021204329,1.0,3/3,49.67%,P10600-PRO_0000033797;P37173;P36897
prerank,"Nav1.5 voltage-gated sodium channel complex, SCN1B-SCN2B variant",0.6218976368602303,0.9749131694956911,0.5194630872483221,0.8063148376056877,1.0,2/3,23.56%,Q07699;O60939
prerank,Interleukin-23 receptor-ligand complex,-0.47034368070953436,-0.9747172884013068,0.4588235294117647,0.7576994293002373,1.0,4/4,53.05%,Q9NPF7-PRO_0000259488;Q5VWK5-PRO_0000268662;P29460-PRO_0000010930;P42701-PRO_0000010917
prerank,"GABA-A receptor, alpha1-beta2-beta3-gamma2",0.6238913525498893,0.9744226376735488,0.5632911392405063,0.8061403162554712,1.0,4/4,37.68%,P28472;P47870;P18507;P14867
prerank,"SREBP-SCAP-INSIG sequestering complex, INSIG2-SREBF2 variant",-0.5023552230534775,-0.9742668624587126,0.4652014652014652,0.7546850973030811,1.0,3/3,49.83%,Q9Y5U4;CPX-25721;CHEBI:42977
prerank,"MON1-CCZ1B guanyl-nucleotide exchange factor complex, MON1B variant",-0.5020781379883624,-0.9741874344958299,0.42023346303501946,0.750772460474724,1.0,3/3,49.86%,Q7L1V2;P86790;Q96DM3
prerank,"LKB1-STRAD-MO25 serine/threonine protein kinase complex, CAB39L-STRADB variant",-0.5206428373510669,-0.9741514246213986,0.48659003831417624,0.7468752807851406,1.0,3/3,48.01%,Q9C0K7;Q9H9S4;Q15831
prerank,"Polycomb repressive complex 1, RING2-PCGF4-CBX6-PHC2 variant",0.6055986696230597,0.9740498923326334,0.5436654366543665,0.8057063973518112,1.0,4/4,39.51%,Q99496;P35226;Q8IXK0;O95503
prerank,"Polycomb repressive complex 1, RING1-PCGF4-CBX7-PHC3 variant",0.6053215077605321,0.9738805506386021,0.5504926108374384,0.8049098213163426,1.0,4/4,39.53%,Q06587;P35226;Q8NDX5;O95931
prerank,"Polycomb repressive complex 1, RING1-PCGF4-CBX4-PHC3 variant",0.6058758314855875,0.9727082854908276,0.5521091811414393,0.8060546083371019,1.0,4/4,39.48%,Q06587;P35226;Q8NDX5;O00257
prerank,"Nav1.2 voltage-gated sodium channel complex, SCN1B-SCN2B variant",0.6218976368602303,0.972544484371468,0.5370121130551817,0.8052532373043119,1.0,2/3,23.56%,Q07699;O60939
prerank,"Polycomb repressive complex 1, RING2-PCGF2-CBX8-PHC1 variant",0.6050443458980044,0.9722425705531469,0.5385556915544676,0.804739790222105,1.0,4/4,39.56%,Q99496;P35227;P78364;Q9HC52
prerank,Rixosome RNA degradation complex,0.5650485436893203,0.9722028453558755,0.5770065075921909,0.8037076554034863,1.0,7/7,43.60%,Q9Y4W2;Q9NXF1;Q9NU22;Q9BV38;Q8IZL8;Q9H4L4;Q5SY16
prerank,"Polycomb repressive complex 1, RING2-PCGF2-CBX6-PHC3 variant",0.6055986696230597,0.9720354965347908,0.5471464019851117,0.802943860105493,1.0,4/4,39.51%,Q99496;P35227;Q8NDX5;O95503
prerank,"Polycomb repressive complex 1, RING2-PCGF2-CBX4-PHC3 variant",0.6058758314855874,0.9719557652809507,0.5474083438685209,0.8020010658373314,1.0,4/4,39.48%,Q99496;P35227;Q8NDX5;O00257
prerank,"Polycomb repressive complex 1, RING2-PCGF2-CBX4-PHC1 variant",0.6058758314855874,0.9715671636324172,0.5561160151324086,0.8016679337449956,1.0,4/4,39.48%,Q99496;P35227;P78364;O00257
prerank,"Polycomb repressive complex 1, RING2-PCGF4-CBX8-PHC2 variant",0.6050443458980044,0.9705878090818154,0.5503597122302158,0.802285096891557,1.0,4/4,39.56%,Q99496;P35226;Q8IXK0;Q9HC52
prerank,"Polycomb repressive complex 1, RING2-PCGF2-CBX8-PHC2 variant",0.6050443458980044,0.9705273575526775,0.5563725490196079,0.801295513483386,1.0,4/4,39.56%,Q99496;P35227;Q8IXK0;Q9HC52
prerank,"Polycomb repressive complex 1, RING2-PCGF2-CBX7-PHC3 variant",0.6053215077605321,0.9699854044949566,0.5517241379310345,0.8011653778165403,1.0,4/4,39.53%,Q99496;P35227;Q8NDX5;O95931
prerank,"Polycomb repressive complex 1, RING2-PCGF4-CBX4-PHC2 variant",0.6058758314855874,0.9699702187438342,0.560853199498118,0.8001093356691095,1.0,4/4,39.48%,Q99496;P35226;Q8IXK0;O00257
prerank,NRZ tethering complex,-0.5081740094208923,-0.9697223761183216,0.46215139442231074,0.7536121710855269,1.0,3/3,49.25%,Q6NUQ1;A2RRP1;O43264
prerank,"Polycomb repressive complex 1, RING2-PCGF4-CBX7-PHC1 variant",0.6053215077605321,0.9695611663576172,0.5488997555012225,0.7997373971228146,1.0,4/4,39.53%,Q99496;P35226;P78364;O95931
prerank,"Polycomb repressive complex 1, RING2-PCGF4-CBX6-PHC1 variant",0.6055986696230597,0.9693691193221738,0.554601226993865,0.7989936303583317,1.0,4/4,39.51%,Q99496;P35226;P78364;O95503
prerank,"Nav1.4 voltage-gated sodium channel complex, SCN1B-SCN2B variant",0.6218976368602303,0.9691221696261497,0.5372750642673522,0.7983747016787156,1.0,2/3,23.56%,Q07699;O60939
prerank,"Retromer complex, VPS26B variant",0.6238389533412844,0.9689650623338225,0.5373961218836565,0.797595165595294,1.0,1/3,15.89%,Q9UBQ0
prerank,"Polycomb repressive complex 1, RING2-PCGF4-CBX7-PHC2 variant",0.6053215077605321,0.9685914847445084,0.5591133004926109,0.797231165301909,1.0,4/4,39.53%,Q99496;P35226;Q8IXK0;O95931
prerank,"MON1-CCZ1B guanyl-nucleotide exchange factor complex, MON1A variant",-0.5020781379883624,-0.9678513720994162,0.47280334728033474,0.7544549214941396,1.0,3/3,49.86%,Q86VX9;P86790;Q96DM3
prerank,"Polycomb repressive complex 1, RING1-PCGF2-CBX6-PHC3 variant",0.6055986696230597,0.9667832868221556,0.565989847715736,0.7994384598121721,1.0,4/4,39.51%,Q06587;P35227;Q8NDX5;O95503
prerank,"Polycomb repressive complex 1, RING1-PCGF4-CBX6-PHC3 variant",0.6055986696230597,0.9656348688568993,0.5545905707196029,0.8004346614662661,1.0,4/4,39.51%,Q06587;P35226;Q8NDX5;O95503
prerank,Subcortical maternal complex,0.560887656033287,0.9654272555268442,0.5693832599118943,0.7997505911974788,1.0,7/7,44.02%,Q6TGC4;Q587J8;P59047;A6NGQ2;Q9NX02;Q9H808-1;Q8WX94
prerank,"Polycomb repressive complex 1, RING2-PCGF4-CBX4-PHC3 variant",0.6058758314855874,0.9652988713178954,0.59,0.7988830479860524,1.0,4/4,39.48%,Q99496;P35226;Q8NDX5;O00257
prerank,"Polycomb repressive complex 1, RING2-PCGF4-CBX8-PHC1 variant",0.6050443458980044,0.9651873876775765,0.5585365853658537,0.7980165568970807,1.0,4/4,39.56%,Q99496;P35226;P78364;Q9HC52
prerank,"Polycomb repressive complex 1, RING1-PCGF2-CBX8-PHC3 variant",0.6050443458980044,0.9650098374601281,0.5631313131313131,0.7972903538645598,1.0,4/4,39.56%,Q06587;P35227;Q8NDX5;Q9HC52
prerank,"Nax cation channel complex, SCN1B-SCN2B variant",0.6218976368602303,0.9649496652624072,0.5546666666666666,0.7963423360503723,1.0,2/3,23.56%,Q07699;O60939
prerank,"Retromer complex, VPS26A variant",0.6238389533412844,0.9647273246613074,0.5505464480874317,0.7956632195518291,1.0,1/3,15.89%,Q9UBQ0
prerank,MICOS mitochondrial contact site and cristae organizing system complex,0.5678224687933425,0.9645302638460633,0.5971769815418024,0.7949241314980889,1.0,7/7,43.33%,Q9NX63;Q9BUR5;Q9BRQ6;Q6UXV4;Q5XKP0;Q5TGZ0;Q16891
prerank,"Polycomb repressive complex 1, RING2-PCGF4-CBX4-PHC1 variant",0.6058758314855874,0.9644713559731636,0.5643564356435643,0.7939628875146887,1.0,4/4,39.48%,Q99496;P35226;P78364;O00257
prerank,"Nav1.8 voltage-gated sodium channel complex, SCN1B-SCN2B variant",0.6218976368602303,0.9644491386468586,0.5428571428571428,0.7929501239535983,1.0,2/3,23.56%,Q07699;O60939
prerank,"Polycomb repressive complex 1, RING1-PCGF4-CBX8-PHC3 variant",0.6050443458980044,0.9642011746591603,0.5734002509410289,0.792270308099167,1.0,4/4,39.56%,Q06587;P35226;Q8NDX5;Q9HC52
prerank,"Nav1.5 voltage-gated sodium channel complex, SCN2B-SCN3B variant",0.6207892965997703,0.9639157490321212,0.5339547270306259,0.7917239710919655,1.0,2/3,23.67%,O60939;Q9NY72
prerank,PDGF receptor alpha-beta - PDGF-CC complex,-0.4824050983651982,-0.9638817853470779,0.5,0.7600100863043835,1.0,3/3,51.83%,Q9NRA1;P09619;P16234
prerank,"DNA replication factor C complex, ATAD5 variant",0.5845023565289715,0.9631708608401148,0.5735981308411215,0.7920482724727439,1.0,4/5,31.62%,P40938;P35249;P40937;P35250
prerank,"Nav1.6 voltage-gated sodium channel complex, SCN1B-SCN2B variant",0.6218976368602303,0.9630578842599148,0.5595716198125836,0.7911959755688248,1.0,2/3,23.56%,Q07699;O60939
prerank,Vault ribonucleoprotein complex,0.5664355062413315,0.9629601667697495,0.5871459694989106,0.79031844338114,1.0,7/7,43.47%,Q14764;URS000058CD99_9606;URS0000000A8C_9606;Q9UKK3;Q99973;URS0000A76E3A_9606;URS00005CCF67_9606
prerank,PDGF receptor alpha-beta - PDGF-DD complex,-0.4824050983651982,-0.9624721366215827,0.4939759036144578,0.7593124743526629,1.0,3/3,51.83%,Q9GZP0;P09619;P16234
prerank,"Nav1.3 voltage-gated sodium channel complex, SCN1B-SCN2B variant",0.6218976368602303,0.9622292491405435,0.5557046979865772,0.7904724067149699,1.0,2/3,23.56%,Q07699;O60939
prerank,"Polycomb repressive complex 1, RING2-PCGF4-CBX6-PHC3 variant",0.6055986696230597,0.9618419515414666,0.5865504358655044,0.7901276217474561,1.0,4/4,39.51%,Q99496;P35226;Q8NDX5;O95503
prerank,"Nav1.7 voltage-gated sodium channel complex, SCN1B-SCN2B variant",0.6218976368602303,0.9616266933481885,0.551490514905149,0.7894602434400595,1.0,2/3,23.56%,Q07699;O60939
prerank,"Polycomb repressive complex 1, RING2-PCGF4-CBX7-PHC3 variant",0.6053215077605321,0.9613110046630915,0.5748129675810474,0.7889946720365992,1.0,4/4,39.53%,Q99496;P35226;Q8NDX5;O95931
prerank,Interleukin-4 receptor-ligand type-2 complex,-0.516209476309227,-0.9613003095975234,0.45491803278688525,0.7583543190763173,1.0,3/3,48.45%,P78552;P05112;P24394
prerank,"Polycomb repressive complex 1, RING2-PCGF2-CBX8-PHC3 variant",0.6050443458980044,0.960804591572218,0.5566625155666252,0.7888231876303814,1.0,4/4,39.56%,Q99496;P35227;Q8NDX5;Q9HC52
prerank,RZZ complex,-0.5081740094208923,-0.9603967512398481,0.4588235294117647,0.756665241158711,1.0,3/3,49.25%,Q9H900;P50748;O43264
prerank,"SREBP-SCAP-INSIG sequestering complex, INSIG1-SREBF1 variant",-0.5023552230534775,-0.9600740937670889,0.5142857142857142,0.7535518935249478,1.0,3/3,49.83%,CPX-25745;O15503;CHEBI:42977
prerank,"DNA replication factor C complex, RAD17 variant",0.5845023565289715,0.9600286522371513,0.5801169590643275,0.7891726763954057,1.0,4/5,31.62%,P40938;P35249;P40937;P35250
prerank,"Nav1.1 voltage-gated sodium channel complex, SCN1B-SCN2B variant",0.6218976368602303,0.959442232892238,0.5581081081081081,0.789133844128749,1.0,2/3,23.56%,Q07699;O60939
prerank,"GABA-A receptor, alpha3-beta3-gamma2",0.6281518426156829,0.9591931717854101,0.5568942436412316,0.7885561677631608,1.0,3/3,37.24%,P28472;P18507;P34903
prerank,PDGF receptor alpha-beta - PDGF-BB complex,-0.4824050983651982,-0.9586415528119266,0.4820717131474104,0.7531530600430547,1.0,3/3,51.83%,P01127;P09619;P16234
prerank,"PAR cell polarity complex, PARD6A-PRKCI variant",-0.5006927126627875,-0.9583960332535709,0.5038759689922481,0.7498659442406131,1.0,3/3,50.00%,Q9NPB6;P41743;Q8TEW0
prerank,Prefoldin co-chaperone complex,0.5671103716028841,0.9582499529937765,0.5876993166287016,0.7891515397559189,1.0,6/6,43.38%,O15212;Q9UHV9;Q9NUG6;O60925;Q99471;P61758
prerank,"Nav1.9 voltage-gated sodium channel complex, SCN1B-SCN2B variant",0.6218976368602303,0.957862205128903,0.5558546433378196,0.7887602775400049,1.0,2/3,23.56%,Q07699;O60939
prerank,"Nav1.2 voltage-gated sodium channel complex, SCN2B-SCN3B variant",0.6207892965997703,0.9577588651654139,0.5590659340659341,0.7879132203367528,1.0,2/3,23.67%,O60939;Q9NY72
prerank,"MON1-CCZ1 guanyl-nucleotide exchange factor complex, MON1A variant",-0.5020781379883624,-0.9567155285930269,0.4979919678714859,0.7501012671066957,1.0,3/3,49.86%,Q86VX9;P86791;Q96DM3
prerank,"GABA-A receptor, alpha3-beta2-gamma2",0.628151842615683,0.9561671023418935,0.5661375661375662,0.7896372040715701,1.0,3/3,37.24%,P47870;P18507;P34903
prerank,"Polycomb repressive complex 1, RING2-PCGF4-CBX8-PHC3 variant",0.6050443458980044,0.955654763105048,0.5855181023720349,0.7895722816372508,1.0,4/4,39.56%,Q99496;P35226;Q8NDX5;Q9HC52
prerank,"SREBP-SCAP-INSIG sequestering complex, INSIG2-SREBF1 variant",-0.5023552230534775,-0.9554855770578505,0.4929078014184397,0.7490864291683091,1.0,3/3,49.83%,CPX-25745;Q9Y5U4;CHEBI:42977
prerank,"Nav1.7 voltage-gated sodium channel complex, SCN2B-SCN3B variant",0.6207892965997703,0.9553781012213635,0.5625841184387618,0.78910154954349,1.0,2/3,23.67%,O60939;Q9NY72
prerank,"Phosphatidylinositol 3-kinase complex, class III, UVRAG variant",0.5828102103053586,0.9548228935131291,0.5855106888361045,0.789049736266358,1.0,1/5,7.81%,CHEBI:29035
prerank,"4EHP-GIGYF2 co-translational mRNA decay complex, ZNF598 variant",-0.5095594347464673,-0.9545009334215133,0.49193548387096775,0.7478739395865817,1.0,3/3,49.11%,Q86UK7;Q6Y7W6;O60573
prerank,"Nav1.4 voltage-gated sodium channel complex, SCN2B-SCN3B variant",0.6207892965997703,0.954339740814546,0.5661375661375662,0.7888488075952965,1.0,2/3,23.67%,O60939;Q9NY72
prerank,"MON1-CCZ1 guanyl-nucleotide exchange factor complex, MON1B variant",-0.5020781379883624,-0.9543345524149406,0.4962686567164179,0.744491797578529,1.0,3/3,49.86%,Q7L1V2;P86791;Q96DM3
prerank,TOM40 mitochondrial outer membrane translocase complex,0.5578363384188626,0.9535999341179158,0.5989130434782609,0.7891407728475299,1.0,7/7,44.32%,Q8N4H5;Q15388;O96008;O94826;Q9P0U1;Q9NS69;Q96B49
prerank,"DNA replication factor C complex, RFC1 variant",0.5845023565289715,0.9533447181953733,0.5825471698113207,0.7885448979743197,1.0,4/5,31.62%,P40938;P35249;P40937;P35250
prerank,"Ubiquitous AP-1 Adaptor complex, sigma1c variant",-0.43819290465631927,-0.9529837251356241,0.49238578680203043,0.7439883210184661,1.0,4/4,56.26%,Q96PC3;Q9BXS5;O43747;Q10567
prerank,"4EHP-GIGYF1 co-translational mRNA decay complex, ZNF598 variant",-0.5095594347464673,-0.9520830344500659,0.4819277108433735,0.7424408744687119,1.0,3/3,49.11%,O75420;Q86UK7;O60573
prerank,"Nav1.1 voltage-gated sodium channel complex, SCN2B-SCN3B variant",0.6207892965997703,0.9519199716858554,0.5634178905206942,0.7898954980073557,1.0,2/3,23.67%,O60939;Q9NY72
prerank,"Nav1.3 voltage-gated sodium channel complex, SCN2B-SCN3B variant",0.6207892965997703,0.9512238212250704,0.586436170212766,0.7900924977948995,1.0,2/3,23.67%,O60939;Q9NY72
prerank,PDGF receptor alpha - PDGF-AB complex,-0.4824050983651982,-0.9508254224795533,0.46747967479674796,0.7417673237984633,1.0,3/3,51.83%,P04085;P01127;P16234
prerank,SNARE complex STX17-SNAP29-VAMP8,-0.48185092823496817,-0.9502183444911888,0.5284552845528455,0.7396439176804943,1.0,3/3,51.88%,Q9BV40;O95721;P56962
prerank,TGF-beta-2-TGFR complex,-0.5040177334441674,-0.9498754278236361,0.5060240963855421,0.7369298920435358,1.0,3/3,49.67%,P61812-PRO_0000033785;P37173;P36897
prerank,TGF-beta-1-TGFR complex,-0.5040177334441674,-0.9492964038418585,0.512,0.7347293081269034,1.0,3/3,49.67%,P01137-PRO_0000033763;P37173;P36897
prerank,"GABA-A receptor, alpha3-beta1-gamma2 complex",0.6281518426156829,0.9487955231818813,0.5615696887686062,0.7933715291526704,1.0,3/3,37.24%,P18507;P18505;P34903
prerank,"Nav1.8 voltage-gated sodium channel complex, SCN2B-SCN3B variant",0.6207892965997703,0.9487393166576981,0.5756358768406962,0.7924503770135218,1.0,2/3,23.67%,O60939;Q9NY72
prerank,ISGF3 complex,-0.5078969243557773,-0.9483160018624865,0.5307692307692308,0.7333858847993857,1.0,3/3,49.28%,Q00978;P52630;P42224
prerank,"Nax cation channel complex, SCN2B-SCN3B variant",0.6207892965997703,0.9470825843055797,0.5917001338688086,0.7942849470477383,1.0,2/3,23.67%,O60939;Q9NY72
prerank,"PAR cell polarity complex, PARD6G-PRKCI variant",-0.5006927126627875,-0.9468433044639774,0.5409836065573771,0.7331281926826767,1.0,3/3,50.00%,Q9BYG4;P41743;Q8TEW0
prerank,"Phosphatidylinositol 3-kinase complex, class III, ATG14 variant",0.5828102103053586,0.9465744173306829,0.597864768683274,0.7941629341335416,1.0,1/5,7.81%,CHEBI:29035
prerank,"GABA-A receptor, alpha1-beta3-gamma2",0.6237184815738431,0.9464593067130903,0.5772913816689467,0.7933313676665288,1.0,3/3,37.68%,P28472;P18507;P14867
prerank,"Nav1.9 voltage-gated sodium channel complex, SCN2B-SCN3B variant",0.6207892965997703,0.9458519021354586,0.5883134130146083,0.7933533971303611,1.0,2/3,23.67%,O60939;Q9NY72
prerank,"GABA-A receptor, alpha1-beta2-gamma2",0.6237184815738432,0.9450327494367614,0.5783783783783784,0.79371311566866,1.0,3/3,37.68%,P47870;P18507;P14867
prerank,Classical and lectin pathway C3 convertase complex C4b2a-B,-0.4351441241685144,-0.944871837737122,0.5505050505050505,0.7342943328655496,1.0,4/4,56.56%,P0C0L5-PRO_0000042706;P0C0L5-PRO_0000042703;P0C0L5-PRO_0000042699;P06681-PRO_0000027612
prerank,"GABA-A receptor, alpha1-beta1-gamma2",0.623718481573843,0.9421962548855665,0.581989247311828,0.7974017105979991,1.0,3/3,37.68%,P18507;P18505;P14867
prerank,"Nav1.6 voltage-gated sodium channel complex, SCN2B-SCN3B variant",0.6207892965997703,0.94185992240158,0.6016150740242261,0.7969263938036872,1.0,2/3,23.67%,O60939;Q9NY72
prerank,"Nav1.5 voltage-gated sodium channel complex, SCN1B-SCN4B variant",0.6080433836044807,0.9417602009454774,0.5733157199471598,0.7960857797868965,1.0,2/3,24.94%,Q07699;Q8IWT1
prerank,"Nav1.2 voltage-gated sodium channel complex, SCN1B-SCN4B variant",0.6080433836044807,0.9417382734280003,0.5791610284167794,0.7951260812720593,1.0,2/3,24.94%,Q07699;Q8IWT1
prerank,"FTS-Hook-FHIP cargo adaptor complex, FHIP1A-HOOK1/3 variant",-0.43957871396895787,-0.9416188402928952,0.5364583333333334,0.7383618359505243,1.0,4/4,56.12%,Q05DH4;Q9UJC3;Q86VS8;Q9H8T0
prerank,"Nav1.2 voltage-gated sodium channel complex, SCN3B-SCN4B variant",0.6080433836044807,0.941225166089397,0.5805142083897158,0.7950845457162368,1.0,2/3,24.94%,Q9NY72;Q8IWT1
prerank,"Ubiquitous AP-1 Adaptor complex, sigma1b variant",-0.43819290465631927,-0.941071428571429,0.4852941176470588,0.7359635128955856,1.0,4/4,56.26%,P56377;Q9BXS5;O43747;Q10567
prerank,SNARE complex STX17-SNAP47-VAMP8,-0.48185092823496817,-0.9401802003614343,0.5537848605577689,0.7345161445464438,1.0,3/3,51.88%,Q9BV40;Q5SQN1;P56962
prerank,SNARE complex STX17-SNAP29-VAMP7,-0.48185092823496817,-0.939860732313484,0.5135135135135135,0.7317469330332131,1.0,3/3,51.88%,P51809;O95721;P56962
prerank,"Nav1.5 voltage-gated sodium channel complex, SCN3B-SCN4B variant",0.6080433836044807,0.9390600419277931,0.5748344370860927,0.7975103267674986,1.0,2/3,24.94%,Q9NY72;Q8IWT1
prerank,C5b6 complement complex,0.6095871432529786,0.9387022425356483,0.5931307793923382,0.7971131918065791,1.0,3/3,39.09%,P13671;P01031-PRO_0000005985;P01031-PRO_0000005989
prerank,PDGF receptor beta - PDGF-AB complex,-0.48268218343031316,-0.9375445127873109,0.5075187969924813,0.7337938756859205,1.0,3/3,51.80%,P04085;P01127;P09619
prerank,"Nav1.7 voltage-gated sodium channel complex, SCN1B-SCN4B variant",0.6080433836044807,0.935614276816244,0.596537949400799,0.8011339558754493,1.0,2/3,24.94%,Q07699;Q8IWT1
prerank,Methylcrotonyl-CoA carboxylase complex,-0.5009697977279025,-0.9355507050264572,0.5515873015873016,0.7352912238401158,1.0,3/3,49.97%,Q9HCC0;Q96RQ3;CHEBI:57586
prerank,"Nav1.3 voltage-gated sodium channel complex, SCN1B-SCN4B variant",0.6080433836044807,0.9352515584304971,0.59526938239159,0.8007034475436468,1.0,2/3,24.94%,Q07699;Q8IWT1
prerank,"Nax cation channel complex, SCN3B-SCN4B variant",0.6080433836044807,0.9352288404430784,0.5906735751295337,0.7997237424263632,1.0,2/3,24.94%,Q9NY72;Q8IWT1
prerank,"Nav1.1 voltage-gated sodium channel complex, SCN1B-SCN4B variant",0.6080433836044807,0.9348789292377353,0.5816993464052288,0.7993484255355703,1.0,2/3,24.94%,Q07699;Q8IWT1
prerank,"Nav1.7 voltage-gated sodium channel complex, SCN3B-SCN4B variant",0.6080433836044807,0.9335442964851289,0.5916442048517521,0.8005577782809794,1.0,2/3,24.94%,Q9NY72;Q8IWT1
prerank,"Nav1.8 voltage-gated sodium channel complex, SCN1B-SCN4B variant",0.6080433836044807,0.9325365850200285,0.5956873315363881,0.8011862263529675,1.0,2/3,24.94%,Q07699;Q8IWT1
prerank,"Nav1.4 voltage-gated sodium channel complex, SCN3B-SCN4B variant",0.6080433836044807,0.9322236242050685,0.5926412614980289,0.80071093841881,1.0,2/3,24.94%,Q9NY72;Q8IWT1
prerank,"Nav1.4 voltage-gated sodium channel complex, SCN1B-SCN4B variant",0.6080433836044807,0.931991665228558,0.5939553219448095,0.8000947999436685,1.0,2/3,24.94%,Q07699;Q8IWT1
prerank,SNARE priming complex STX17-SNAP29-YKT6,-0.48185092823496817,-0.9317874573755686,0.5313807531380753,0.7406670859157859,1.0,3/3,51.88%,O15498;O95721;P56962
prerank,"Nav1.1 voltage-gated sodium channel complex, SCN3B-SCN4B variant",0.6080433836044807,0.9300467277140662,0.6007905138339921,0.8021637195899942,1.0,2/3,24.94%,Q9NY72;Q8IWT1
prerank,SNARE complex STX17-SNAP47-VAMP7,-0.48185092823496817,-0.9290699894774044,0.5399239543726235,0.7435966995788842,1.0,3/3,51.88%,P51809;Q5SQN1;P56962
prerank,"Nax cation channel complex, SCN1B-SCN4B variant",0.6080433836044807,0.9290052811868491,0.6169088507265522,0.8028484334221172,1.0,2/3,24.94%,Q07699;Q8IWT1
prerank,"Endothelial AP-1 Adaptor complex, sigma1a variant",-0.43819290465631927,-0.9289674609274915,0.5290697674418605,0.7403840159226684,1.0,4/4,56.26%,Q9Y6Q5;P61966;O43747;Q10567
prerank,"Nav1.3 voltage-gated sodium channel complex, SCN3B-SCN4B variant",0.6080433836044807,0.9289080610049264,0.6057818659658344,0.8020055237351695,1.0,2/3,24.94%,Q9NY72;Q8IWT1
prerank,"Nav1.6 voltage-gated sodium channel complex, SCN1B-SCN4B variant",0.6080433836044807,0.9286398285934271,0.5922974767596282,0.8014355936128185,1.0,2/3,24.94%,Q07699;Q8IWT1
prerank,"Nav1.8 voltage-gated sodium channel complex, SCN3B-SCN4B variant",0.6080433836044807,0.9286138090501918,0.596514745308311,0.8004812508913457,1.0,2/3,24.94%,Q9NY72;Q8IWT1
prerank,VCP-NPL4-UFD1 AAA ATPase complex,0.5982266555832639,0.9280125881539221,0.5929778933680104,0.8004186299755819,1.0,3/3,40.23%,P55072;Q92890;Q8TAT6
prerank,TIM22 mitochondrial inner membrane twin-pore carrier translocase complex,0.5521353300055463,0.9275449261630104,0.6187214611872146,0.8001754620579983,1.0,6/6,44.88%,Q9Y5J7;P62072;Q53H12;Q6PF06;Q9BSF4;Q9Y584
prerank,Classical and lectin pathway C3 convertase complex C4b2a-A,-0.4351441241685144,-0.9259234577938307,0.5536723163841808,0.7442147116756466,1.0,4/4,56.56%,P0C0L4-PRO_0000005972;P0C0L4-PRO_0000005970;P0C0L4-PRO_0000005966;P06681-PRO_0000027612
prerank,"Nav1.9 voltage-gated sodium channel complex, SCN1B-SCN4B variant",0.6080433836044807,0.9253260868991103,0.6136363636363636,0.8026541381593105,1.0,2/3,24.94%,Q07699;Q8IWT1
prerank,Laminin-332 complex variant B,-0.4757550568024384,-0.9251706098849483,0.5391304347826087,0.7425946859797071,1.0,3/3,52.49%,Q13751;Q16787-2;Q13753
prerank,METTL5-TRM112 methyltransferase complex,0.593585480742588,0.9250238611294623,0.58,0.8021126761979146,1.0,2/3,32.34%,CHEBI:59789;Q9UI30
prerank,"Nav1.9 voltage-gated sodium channel complex, SCN3B-SCN4B variant",0.6080433836044807,0.9248725494367941,0.6133682830930537,0.8013445849550497,1.0,2/3,24.94%,Q9NY72;Q8IWT1
prerank,"Katanin complex, KATNA1-KATNBL1 variant",-0.4704904405652536,-0.9237961365096642,0.6063348416289592,0.7422818982812965,1.0,3/3,53.02%,O75449;Q9H079;CHEBI:15422
prerank,BUD23-TRM112 methyltransferase complex,0.593585480742588,0.9211714150460504,0.5926928281461434,0.8063463759610439,1.0,2/3,32.34%,CHEBI:59789;Q9UI30
prerank,"Katanin complex, KATNA1-KATNB1 variant",-0.4704904405652536,-0.9204597597732694,0.5892116182572614,0.7466216578102703,1.0,3/3,53.02%,O75449;Q9BVA0;CHEBI:15422
prerank,N6AMT1-TRM112 methyltransferase complex,0.593585480742588,0.9196570875891975,0.5951417004048583,0.8077020666892847,1.0,2/3,32.34%,CHEBI:59789;Q9UI30
prerank,Apoptosome,0.5399547762276548,0.9188091387197437,0.6342857142857142,0.808027125296456,1.0,1/6,7.56%,CHEBI:30413
prerank,"Gamma-secretase complex, APH1B-PSEN1 variant",0.5547546437482672,0.9181204686413802,0.6342925659472423,0.8081396635310353,1.0,5/5,44.60%,Q92542;Q9NZ42;Q8WW43;P49768-PRO_0000025591;P49768-PRO_0000236055
prerank,"Nav1.6 voltage-gated sodium channel complex, SCN3B-SCN4B variant",0.6080433836044807,0.9177243597335532,0.6173333333333333,0.8077581244644017,1.0,2/3,24.94%,Q9NY72;Q8IWT1
prerank,"Katanin complex, KATNAL1-KATNB1 variant",-0.4704904405652536,-0.9174078029302141,0.59375,0.7500683122151,1.0,3/3,53.02%,Q9BW62;Q9BVA0;CHEBI:15422
prerank,DISP septin regulator complex,-0.48656137434192304,-0.9174076361537761,0.5387596899224806,0.7467008101397699,1.0,3/3,51.41%,Q96N67;Q96II8;Q9UM54
prerank,Interleukin-35 receptor ligand type 2 complex,-0.4815738431698532,-0.9168520358370617,0.5208333333333334,0.744571534033106,1.0,3/3,51.91%,Q99665;CPX-25744;Q6UWB1
prerank,"Katanin complex, KATNAL1-KATNBL1 variant",-0.4704904405652536,-0.9161077178235301,0.6213991769547325,0.7429489722918583,1.0,3/3,53.02%,Q9BW62;Q9H079;CHEBI:15422
prerank,THUMPD3-TRM112 methyltransferase complex,0.593585480742588,0.914807192841226,0.5992010652463382,0.8113509470385748,1.0,2/3,32.34%,CHEBI:59789;Q9UI30
prerank,"Gamma-secretase complex, APH1A-PSEN1 variant",0.5547546437482672,0.9134729808730745,0.6390887290167866,0.8124639012221134,1.0,5/5,44.60%,Q92542;Q9NZ42;Q96BI3;P49768-PRO_0000025591;P49768-PRO_0000236055
prerank,PAF1 complex,0.5415973377703827,0.9127170884233137,0.6338672768878718,0.8126306692614808,1.0,6/6,45.93%,Q9GZS3;Q6P1J9;Q6PD62;Q8N7H5;Q8WVC0;Q92541
prerank,TRMT11-TRM112 methyltransferase complex,0.593585480742588,0.9119793112020489,0.6126482213438735,0.8128004992037762,1.0,2/3,32.34%,CHEBI:59789;Q9UI30
prerank,"AMPK complex, alpha2-beta2-gamma2 variant",-0.4696591853699086,-0.9084052772045081,0.5645161290322581,0.7572807398990963,1.0,3/3,53.10%,Q9UGJ0;O43741;P54646
prerank,"AMPK complex, alpha1-beta1-gamma1 variant",-0.46328622887226384,-0.90787751654492,0.5854700854700855,0.7550724912940061,1.0,3/3,53.74%,P54619;Q9Y478;Q13131
prerank,Laminin-332 complex variant A,-0.4757550568024384,-0.9061804376231639,0.5806451612903226,0.7559189025399683,1.0,3/3,52.49%,Q13751;Q16787-1;Q13753
prerank,Elongator holoenzyme complex,0.5324459234608984,0.9060658430396308,0.6295871559633027,0.8212302697636741,1.0,6/6,46.84%,O95163;Q0PNE2;Q6IA86;Q8TE02;Q96EB1;Q9H9T3
prerank,"WASH complex, variant WASH6P/WASHC2A",0.551739672858331,0.9059677486589239,0.6577102803738317,0.8204180577687246,1.0,4/5,32.39%,Q9Y3C0;Q12768;Q2M389;Q641Q2
prerank,THUMPD2-TRM112 methyltransferase complex,0.593585480742588,0.9051980971819764,0.6361149110807114,0.8206365586245368,1.0,2/3,32.34%,CHEBI:59789;Q9UI30
prerank,mTORC1 complex,-0.4901634801884179,-0.9050867892965434,0.5826086956521739,0.7550536511501368,1.0,3/3,51.05%,Q8N122;Q9BVC4;P42345
prerank,"Katanin complex, KATNAL2-KATNB1 variant",-0.4704904405652536,-0.9034152522754131,0.6030534351145038,0.7558385416982514,1.0,3/3,53.02%,Q8IYT4;Q9BVA0;CHEBI:15422
prerank,"WASH complex, variant WASH4P/WASHC2A",0.551739672858331,0.9023119295909515,0.6651270207852193,0.8241866822961622,1.0,4/5,32.39%,Q9Y3C0;Q12768;Q2M389;Q641Q2
prerank,"WASH complex, variant WASHC1/WASHC2A",0.551739672858331,0.9020753524036336,0.6530373831775701,0.8235289837133926,1.0,4/5,32.39%,Q9Y3C0;Q12768;Q2M389;Q641Q2
prerank,"WASH complex, variant WASH3P/WASHC2A",0.551739672858331,0.9016371042001579,0.6701631701631702,0.8232160756225481,1.0,4/5,32.39%,Q9Y3C0;Q12768;Q2M389;Q641Q2
prerank,Mitochondrial isocitrate dehydrogenase complex (NAD+),0.554490022172949,0.9007440739648628,0.635678391959799,0.8236055403226148,1.0,1/4,14.56%,CHEBI:60240
prerank,"Katanin complex, KATNAL2-KATNBL1 variant",-0.4704904405652536,-0.8997985867390591,0.6228813559322034,0.7611181248158903,1.0,3/3,53.02%,Q8IYT4;Q9H079;CHEBI:15422
prerank,Shelterin complex,0.5363283416528009,0.8996539808977391,0.6591676040494938,0.8244074262147297,1.0,6/6,46.46%,Q15554;P54274;Q96AP0;Q9BSI4;Q9NUX5;Q9NYB0
prerank,"RNA decapping and exonuclease complex, DCP1A variant",0.5257903494176371,0.898408800515805,0.6579841449603624,0.8254212429980353,1.0,6/6,47.51%,P26196;Q96F86;Q8IZH2;Q8IU60;Q6P2E9;Q9NPI6
prerank,"WASH complex, variant WASH2P/WASHC2A",0.551739672858331,0.8973342822217715,0.6527293844367015,0.8261630369419998,1.0,4/5,32.39%,Q9Y3C0;Q12768;Q2M389;Q641Q2
prerank,"AMPK complex, alpha1-beta1-gamma2 variant",-0.46328622887226384,-0.8967294989527953,0.6126482213438735,0.7652180542598419,1.0,3/3,53.74%,Q9UGJ0;Q9Y478;Q13131
prerank,PPP4C-PPP4R2-PPP4R3A protein phosphatase 4 complex,-0.46494873926295377,-0.8960270612049746,0.5732217573221757,0.7634928866522426,1.0,3/3,53.57%,Q6IN85;Q9NY27;P60510
prerank,"AMPK complex, alpha2-beta1-gamma1 variant",-0.4635633139373788,-0.8957545425464584,0.6101694915254238,0.7607915179565593,1.0,3/3,53.71%,P54619;P54646;Q9Y478
prerank,"AMPK complex, alpha1-beta2-gamma2 variant",-0.46328622887226384,-0.8951668768151256,0.6163265306122448,0.7589886021902181,1.0,3/3,53.74%,Q9UGJ0;O43741;Q13131
prerank,BOLA2-GLRX3 iron-sulfur cluster assembly complex,-0.42045454545454547,-0.8945325127812166,0.5786802030456852,0.7571270731093663,1.0,4/4,58.03%,Q9H3K6;O76003;CHEBI:16856;CHEBI:33737
prerank,MORF3 histone acetyltransferase complex,0.553370288248337,0.8919148132068896,0.6505576208178439,0.8334530279688002,1.0,2/4,26.69%,Q9HAF1;Q8WYH8
prerank,Mitochondrial BOLA1-GLRX5 iron-sulfur cluster assembly complex,-0.42045454545454547,-0.8893051944741807,0.5978260869565217,0.7656966712957117,1.0,4/4,58.03%,Q9Y3E2;Q86SX6;CHEBI:16856;CHEBI:33737
prerank,"Gamma-secretase complex, APH1A-PSEN2 variant",0.544496811754921,0.8879078642909856,0.6592244418331374,0.8384122250050627,1.0,5/5,45.63%,Q92542;Q9NZ42;Q96BI3;P49810-PRO_0000025603;P49810-PRO_0000025604
prerank,MORF2 histone acetyltransferase complex,0.553370288248337,0.8870685797671589,0.6537013801756587,0.8386702388962859,1.0,2/4,26.69%,Q9HAF1;Q8WYH8
prerank,"Gamma-secretase complex, APH1B-PSEN2 variant",0.5444968117549209,0.8867831945659046,0.6587957497048406,0.8380613854809382,1.0,5/5,45.63%,Q92542;Q9NZ42;Q8WW43;P49810-PRO_0000025603;P49810-PRO_0000025604
prerank,"WASH complex, variant WASH3P/WASHC2C",0.5433878569448296,0.8867637153820748,0.6932870370370371,0.8370940534773113,1.0,5/5,45.74%,Q9Y3C0;Q12768;Q2M389;Q9Y4E1;C4AMC7
prerank,"WASH complex, variant WASH4P/WASHC2C",0.5431106182423067,0.8865432081766155,0.6897347174163783,0.8364499829951502,1.0,5/5,45.76%,Q9Y3C0;Q12768;Q2M389;Q9Y4E1;A8MWX3
prerank,MORF1 histone acetyltransferase complex,0.553370288248337,0.8858714064106743,0.6496894409937888,0.8364021371545053,1.0,2/4,26.69%,Q9HAF1;Q8WYH8
prerank,"WASH complex, variant WASH2P/WASHC2C",0.5436650956473524,0.8856949027536509,0.6897347174163783,0.8356687874985131,1.0,5/5,45.71%,Q9Y3C0;Q12768;Q2M389;Q9Y4E1;Q6VEQ5
prerank,"CARD-BCL10-MALT1 complex, CARD11 variant",-0.4527569963978942,-0.8852645836252392,0.6163793103448276,0.7720149095383011,1.0,3/3,54.79%,Q9BXL7;Q9UDY8;O95999
prerank,General transcription factor TFIIIC complex,0.5266222961730448,0.8852316700575207,0.6843291995490417,0.8353010570576453,1.0,6/6,47.43%,Q9Y5Q9;Q969F1;Q9UKN8;Q9Y5Q8;Q12789;Q8WUA4
prerank,MOZ3 histone acetyltransferase complex,0.553370288248337,0.8851489573951231,0.6494464944649446,0.8344172625671128,1.0,2/4,26.69%,Q9HAF1;Q8WYH8
prerank,iNOS-S100A8/A9 complex,-0.45968412302576894,-0.8849830854686899,0.6156583629893239,0.7693136211687047,1.0,3/3,54.10%,P35228;P06702;P05109
prerank,"Neuronal nicotinic acetylcholine receptor complex, alpha3-alpha5-beta4",-0.46522582432806875,-0.8847829948487181,0.6217228464419475,0.7665206642230802,1.0,3/3,53.54%,P30532-PRO_0000000356;P30926-PRO_0000000389;P32297-PRO_0000000346
prerank,CL-LK-MASP1 lectin-protease complex,0.5485033259423502,0.884569216516568,0.6708701134930644,0.8342593266207924,1.0,4/4,45.21%,P48740-PRO_0000027593;P48740-PRO_0000027594;Q9BWP8;Q9Y6Z7
prerank,"WASH complex, variant WASH6P/WASHC2C",0.5428333795397837,0.8844215714530226,0.6812278630460449,0.8334655712384179,1.0,5/5,45.79%,Q9Y3C0;Q12768;Q2M389;Q9Y4E1;Q9NQA3
prerank,MOZ2 histone acetyltransferase complex,0.553370288248337,0.8837827431280519,0.6582914572864321,0.833399112717189,1.0,2/4,26.69%,Q9HAF1;Q8WYH8
prerank,"AMPK complex, alpha1-beta2-gamma1 variant",-0.46328622887226384,-0.8837624506671679,0.6133333333333333,0.7654734601411157,1.0,3/3,53.74%,P54619;O43741;Q13131
prerank,CRD-mediated mRNA stability complex,0.5271769273433167,0.8836951517063908,0.6848691695108078,0.8325105269162731,1.0,6/6,47.37%,O60506;CHEBI:33699;P67809;Q00839;Q08211;Q9NZI8
prerank,CORVET tethering complex,0.5205213533000553,0.8831239541634974,0.6746575342465754,0.8323174467324738,1.0,6/6,48.03%,Q96AX1;Q9H269;Q9H270;Q9P253;Q8N3P4;Q8WUH2
prerank,Interleukin-6 sIL6R-mIL6ST receptor-ligand trans-signalling complex,-0.4524799113327792,-0.8827869113110947,0.6519607843137255,0.764579178586327,1.0,3/3,54.82%,P08887-PRO_0000450730;P40189-1;P05231
prerank,Interleukin-6 sIL6R-sIL6ST buffering receptor-ligand complex,-0.4524799113327792,-0.8811772982794066,0.6075949367088608,0.7651440377307176,1.0,3/3,54.82%,P08887-PRO_0000450730;P40189-2;P05231
prerank,"AMPK complex, alpha2-beta2-gamma1 variant",-0.4696591853699086,-0.8804041650666251,0.6111111111111112,0.7636965098939129,1.0,3/3,53.10%,P54619;O43741;P54646
prerank,PPP4C-PPP4R2-PPP4R3B protein phosphatase 4 complex,-0.46494873926295377,-0.8800310250732426,0.6091954022988506,0.7614264461281935,1.0,3/3,53.57%,Q5MIZ7;Q9NY27;P60510
prerank,MOZ1 histone acetyltransferase complex,0.553370288248337,0.8800209597193772,0.6613102595797281,0.8357547191016834,1.0,2/4,26.69%,Q9HAF1;Q8WYH8
prerank,Mitochondrial complex I intermediate assembly (MCIA) complex,0.528563505268996,0.8793426968348574,0.6883408071748879,0.8356959460298778,1.0,6/6,47.23%,Q96B77;Q9BQ95;Q9GZY4;Q8IUX1;Q9H845;Q9Y375
prerank,Interleukin-12-receptor ligand complex,-0.4702133555001386,-0.879077964702082,0.6051660516605166,0.7603859369779978,1.0,3/3,53.05%,Q99665-PRO_0000010920;CPX-381;P42701-PRO_0000010917
prerank,"WASH complex, variant WASHC1/WASHC2C",0.5403728860548933,0.8790587018215108,0.6901408450704225,0.8351308389694836,1.0,4/5,33.53%,Q9Y3C0;Q12768;Q2M389;Q9Y4E1
prerank,"Neuronal nicotinic acetylcholine receptor complex, alpha3-alpha6-beta4",-0.46522582432806875,-0.8788784508972635,0.6106870229007634,0.7578449998614366,1.0,3/3,53.54%,Q15825-PRO_0000000360;P30926-PRO_0000000389;P32297-PRO_0000000346
prerank,HOPS tethering complex,0.516638935108153,0.8784881397010876,0.6662908680947013,0.8349199479789813,1.0,6/6,48.42%,Q96AX1;Q9H269;Q9H270;Q9P253;Q96JC1;P49754
prerank,"AMPK complex, alpha2-beta1-gamma2 variant",-0.4635633139373788,-0.8781205306555072,0.6007751937984496,0.7565007246832375,1.0,3/3,53.71%,Q9UGJ0;P54646;Q9Y478
prerank,"CARD-BCL10-MALT1 complex, CARD14 variant",-0.4527569963978942,-0.8778260285624744,0.6527777777777778,0.7540910544041768,1.0,3/3,54.79%,Q9BXL6;Q9UDY8;O95999
prerank,Mitochondrial BOLA3-GLRX5 iron-sulfur cluster assembly complex,-0.42045454545454547,-0.8776409744996131,0.6408839779005525,0.7514963274382721,1.0,4/4,58.03%,Q53S33;Q86SX6;CHEBI:16856;CHEBI:33737
prerank,"ESCRT-I complex, VPS37D-MVB12A variant",0.5559866962305986,0.8774656134924926,0.6809290953545232,0.8353051823477793,1.0,4/4,44.46%,Q9UK41;Q99816;Q96EY5;Q86XT2
prerank,"CARD-BCL10-MALT1 complex, CARD9 variant",-0.4527569963978942,-0.877388464090678,0.6157205240174672,0.7491656777342928,1.0,3/3,54.79%,Q9H257;Q9UDY8;O95999
prerank,CL-LK-MASP2 lectin-protease complex,0.5485033259423502,0.8772975784430141,0.6650185414091471,0.8345208207848732,1.0,4/4,45.21%,O00187-PRO_0000027599;O00187-PRO_0000027600;Q9BWP8;Q9Y6Z7
prerank,"GABA-A receptor, alpha1-alpha2-beta1-beta2-gamma2",0.5392292764069864,0.8769582374622066,0.6795321637426901,0.8340153856667543,1.0,5/5,46.15%,P47870;P18507;P18505;P14867;P47869
prerank,"ESCRT-I complex, VPS37B-UBAP1 variant",0.5557095343680709,0.8766562652378368,0.6774595267745953,0.833457784225725,1.0,4/4,44.49%,Q9UK41;Q99816;Q9NZ09;Q9H9H4
prerank,"ESCRT-I complex, VPS37D-MVB12B variant",0.5559866962305986,0.8763307570959915,0.656641604010025,0.8329092599447292,1.0,4/4,44.46%,Q9UK41;Q99816;Q9H7P6-1;Q86XT2
prerank,"Alpha-beta T cell receptor complex, TRBC1 variant",0.5163616195230172,0.8759983326380253,0.6831460674157304,0.8324085920371612,1.0,6/6,48.45%,P20963;P07766;P09693;P04234;P01848;P01850
prerank,MCM complex,0.5196894065446477,0.8759414522983613,0.6875712656784493,0.8315214366839065,1.0,6/6,48.12%,P25205;P33991;P33992;P33993;P49736;Q14566
prerank,"GABA-A receptor, alpha1-alpha2-beta2-beta3-gamma2",0.5392292764069864,0.8745176705808204,0.6757075471698113,0.8325104233645257,1.0,5/5,46.15%,P28472;P47870;P18507;P14867;P47869
prerank,"ESCRT-I complex, VPS37D-UBAP1 variant",0.5559866962305986,0.8744429939931524,0.6720297029702971,0.8316539475554103,1.0,4/4,44.46%,Q9UK41;Q99816;Q9NZ09;Q86XT2
prerank,"ESCRT-I complex, VPS37B-MVB12B variant",0.5557095343680709,0.8734302309018824,0.6807980049875312,0.832042258976111,1.0,4/4,44.49%,Q9UK41;Q99816;Q9H7P6-1;Q9H9H4
prerank,"ESCRT-I complex, VPS37B-MVB12A variant",0.5557095343680709,0.8697389289760907,0.6822660098522167,0.8362077309270957,1.0,4/4,44.49%,Q9UK41;Q99816;Q96EY5;Q9H9H4
prerank,Lymphotoxin-alpha-beta-LTBR receptor complex,-0.45663618730950406,-0.86512417340496,0.6640316205533597,0.773902831631015,1.0,3/3,54.40%,Q06643;P36941;P01374
prerank,"RAG guanosine triphosphatase complex, RAGA-RAGD variant",0.5408351810790835,0.8640291212137777,0.6769041769041769,0.8433333557137814,1.0,1/4,12.60%,CHEBI:37565
prerank,"RAG guanosine triphosphatase complex, RAGA-RAGC variant",0.5408351810790835,0.8639797308565098,0.6786155747836835,0.8424276030071044,1.0,1/4,12.60%,CHEBI:37565
prerank,"Phosphorylase kinase, muscle variant",-0.45303408146300916,-0.8638662991594487,0.6577946768060836,0.7736102176987166,1.0,3/3,54.76%,Q16816;P46020;Q93100
prerank,"Phosphorylase kinase, liver variant",-0.45303408146300916,-0.8622802217410956,0.6090225563909775,0.7739087354556415,1.0,3/3,54.76%,P46019;P15735;Q93100
prerank,KEOPS tRNA N6-adenosine threonylcarbamoyltransferase complex,0.5047143649473099,0.8621598995130866,0.70996640537514,0.8439848316180179,1.0,6/6,49.61%,CHEBI:60240;Q14657;Q96S44;Q9BXV9;Q9NPF4;Q9Y3C4
prerank,"RAG guanosine triphosphatase complex, RAGB-RAGD variant",0.5408351810790835,0.8620770976712604,0.6788321167883211,0.8431298016853079,1.0,1/4,12.60%,CHEBI:37565
prerank,TMEM219-Interleukin-13 decoy-receptor-ligand alpha 2 complex,-0.4516486561374342,-0.8592775052541474,0.6637168141592921,0.7771276294351604,1.0,3/3,54.90%,Q86XT9;Q14627;P35225
prerank,UTP-B complex,0.5077648363838047,0.8591523432003549,0.6974885844748858,0.8462061525079276,1.0,6/6,49.31%,Q12788;Q15269;Q8NI36;Q9NYH9;Q9UNX4;Q9Y5J1
prerank,"RNA decapping and exonuclease complex, DCP1B variant",0.504437049362174,0.8579611972685356,0.6877113866967306,0.8469160995510454,1.0,6/6,49.64%,P26196;Q96F86;Q8IZH2;Q8IU60;Q6P2E9;Q8IZD4
prerank,Intraflagellar transport complex A,0.5088740987243482,0.8576004401877715,0.7001114827201784,0.8464204217934552,1.0,6/6,49.20%,Q96FT9;Q96RY7;Q9HBG6;Q9P2L0;Q7Z4L5;Q8NEZ3
prerank,Interleukin-5 receptor-ligand complex,0.5094287298946201,0.8564433993819746,0.7273768613974799,0.8470072431071624,1.0,6/6,49.14%,P32927;O60674;P05113;P23458;P29597;Q01344
prerank,"RAG guanosine triphosphatase complex, RAGB-RAGC variant",0.5408351810790835,0.8548402511068666,0.7043478260869566,0.8482124148131623,1.0,1/4,12.60%,CHEBI:37565
prerank,UTP-A complex,0.5038824181919023,0.8534279786127078,0.7224080267558528,0.8491739771121524,1.0,6/6,49.70%,Q969X6;Q15061;Q8IWA0;Q8TED0;Q9H583;Q9H8H0
prerank,"Alpha-beta T cell receptor complex, TRBC2 variant",0.5066555740432612,0.8526816531954996,0.7181510710259301,0.8491895867047213,1.0,6/6,49.42%,P20963;P07766;P09693;P04234;P01848;A0A5B9
prerank,"CARD-BCL10-MALT1 complex, CARD10 variant",-0.4527569963978942,-0.852490851780733,0.6944444444444444,0.789113492470169,1.0,3/3,54.79%,Q9BWT7;Q9UDY8;O95999
prerank,BRCC E3 ubiquitin ligase complex,0.5022185246810871,0.8518531398817004,0.703579418344519,0.8493508545812174,1.0,6/6,49.86%,Q9NXR7;P46736;P51587;P38398;Q99728;Q06609
prerank,"GABA-A receptor, alpha1-alpha2-beta2-gamma2",0.539079822616408,0.8469168968657701,0.7108886107634543,0.8551710233166524,1.0,4/4,46.15%,P47870;P18507;P14867;P47869
prerank,"Interleukin-24 receptor-ligand complex, type 1",-0.4405652535328346,-0.845905499387069,0.6844106463878327,0.800278318052224,1.0,3/3,56.01%,Q13007;Q6UXL0;Q9UHF4
prerank,"GABA-A receptor, alpha1-alpha2-beta3-gamma2",0.539079822616408,0.8454905034054981,0.7150063051702396,0.8561397491410199,1.0,4/4,46.15%,P28472;P18507;P14867;P47869
prerank,Interleukin-20 receptor-ligand Type 1 complex,-0.4405652535328346,-0.8445437987114149,0.6732283464566929,0.799956394951377,1.0,3/3,56.01%,Q9NYY1;Q6UXL0;Q9UHF4
prerank,Nuclear origin recognition complex,0.5011092623405434,0.8441978076710532,0.6951219512195121,0.8568971372223135,1.0,6/6,49.97%,O43913;O43929;Q13415;Q13416;Q9UBD5;Q9Y5N6
prerank,"FTS-Hook-FHIP cargo adaptor complex, FHIP2A-HOOK2 variant",-0.4394569132723747,-0.8428621241592545,0.6758893280632411,0.8003539148053436,1.0,3/3,56.12%,Q5W0V3;Q96ED9;Q9H8T0
prerank,"GABA-A receptor, alpha1-beta2-delta",0.5386533665835411,0.8390561223254124,0.684913217623498,0.8629485124983254,1.0,3/3,46.18%,P47870;P14867;O14764
prerank,"GABA-A receptor, alpha-6/beta-3/delta",0.5383762815184261,0.8390234026837287,0.7020979020979021,0.8620056153978851,1.0,3/3,46.21%,P28472;O14764;Q16445
prerank,"GABA-A receptor, alpha6-beta2-delta",0.5383762815184261,0.8382925791586483,0.7032967032967034,0.8620432004513563,1.0,3/3,46.21%,P47870;O14764;Q16445
prerank,NLRC4 inflammasome,-0.39218403547671843,-0.8377115215270005,0.6733668341708543,0.8082592304281484,1.0,4/4,60.85%,Q9NPP4;Q13075;P29466;Q9ULZ3
prerank,"Cleavage stimulation factor complex, CSTF2 variant",-0.43696314768633976,-0.8375732455218072,0.689795918367347,0.8054370239447881,1.0,3/3,56.37%,Q12996;Q05048;P33240
prerank,Interleukin-13 receptor-ligand alpha 1 complex,-0.4516486561374342,-0.8372823480620526,0.6762295081967213,0.80293609805514,1.0,3/3,54.90%,P78552;P24394;P35225
prerank,"Sodium:potassium-exchanging ATPase complex, FXYD6 variant",0.5464117484067608,0.83581242156039,0.7064220183486238,0.8643015594683532,1.0,2/3,34.27%,P05023;P05026
prerank,"Interleukin-24 receptor-ligand complex, type 2",-0.44084233859794963,-0.8346882632502445,0.7310924369747899,0.8052825564664805,1.0,3/3,55.98%,Q13007;Q8N6P7;Q6UXL0
prerank,SMARCA3 - Annexin A2 - S100-A10 complex,-0.44361318924909954,-0.8345454994821051,0.7370689655172413,0.8025652238542552,1.0,3/3,55.70%,Q14527;P60903;P07355
prerank,"Sodium:potassium-exchanging ATPase complex, FXYD4 variant",0.5464117484067608,0.8343654242761147,0.7273954116059379,0.8652877810556235,1.0,2/3,34.27%,P05023;P05026
prerank,"mTNF-TNR1B receptor-ligand core complex, BIRC2 variant",0.5221729490022172,0.8340487924894453,0.7266922094508301,0.8647199379990965,1.0,4/4,47.84%,Q12933;CPX-8931;Q13490;P20333-PRO_0000034548
prerank,"Sodium:potassium-exchanging ATPase complex, FXYD1 variant",0.5464117484067608,0.8336148118948021,0.7040951122853368,0.8643124739816345,1.0,2/3,34.27%,P05023;P05026
prerank,PSAP splicing-associated complex,-0.4411194236630646,-0.832847846044551,0.7042801556420234,0.8027557324284379,1.0,3/3,55.95%,Q15287;O00422;Q9H307
prerank,"GABA-A receptor, alpha4-beta3-delta",0.5344970906068162,0.8323673943920906,0.7140974967061924,0.864886243437281,1.0,3/3,46.59%,P28472;O14764;P48169
prerank,"GABA-A receptor, alpha4-beta2-delta",0.5344970906068163,0.8319720474586711,0.7076719576719577,0.8644215976166044,1.0,3/3,46.59%,P47870;O14764;P48169
prerank,"Sodium:potassium-exchanging ATPase complex, FXYD7 variant",0.5464117484067608,0.8317895126826923,0.7211796246648794,0.8636816069308082,1.0,2/3,34.27%,P05023;P05026
prerank,Interleukin-19 receptor-ligand complex,-0.4405652535328346,-0.8314752259770085,0.7063829787234043,0.8026543564237727,1.0,3/3,56.01%,Q9UHD0-PRO_0000015379;Q6UXL0;Q9UHF4
prerank,Hexasome complex,0.5228381374722838,0.8312893512291639,0.7094017094017094,0.8633413597493917,1.0,2/4,27.74%,P62805;P68431
prerank,"Sodium:potassium-exchanging ATPase complex, FXYD2 variant",0.5464117484067608,0.8305478456400066,0.713527851458886,0.8632904780443619,1.0,2/3,34.27%,P05023;P05026
prerank,"GABA-A receptor, alpha5-beta2-gamma2",0.539207536713771,0.8296325828863312,0.6889185580774366,0.8634137425917554,1.0,3/3,46.12%,P47870;P18507;P31644
prerank,"Nuclear meiotic cohesin complex, RAD21 variant",0.5124722838137472,0.8292951559530409,0.702801461632156,0.8628925771949603,1.0,4/4,48.81%,Q9UQE7;O60216;Q8NDV3;Q9UJ98
prerank,Interleukin-20 receptor-ligand type 2 complex,-0.44084233859794963,-0.8286048168242359,0.756198347107438,0.805638638953146,1.0,3/3,55.98%,Q9NYY1-PRO_0000015381;Q8N6P7;Q6UXL0
prerank,"Sodium:potassium-exchanging ATPase complex, FXYD3 variant",0.5464117484067608,0.827818528285953,0.7191601049868767,0.8636839421199449,1.0,2/3,34.27%,P05023;P05026
prerank,GABA-A receptor alpha6-beta2-gamma2,0.5383762815184261,0.8276691617921329,0.6855600539811066,0.8628827251418179,1.0,3/3,46.21%,P47870;P18507;Q16445
prerank,"mTNF-TNR1B receptor-ligand core complex, BIRC3 variant",0.5221729490022172,0.8270225384488568,0.73,0.8627369826169846,1.0,4/4,47.84%,Q12933;CPX-8931;Q13489;P20333-PRO_0000034548
prerank,"Sodium:potassium-exchanging ATPase complex, FXYD5 variant",0.5464117484067608,0.825965540177768,0.7443105756358769,0.8630183702302902,1.0,2/3,34.27%,P05023;P05026
prerank,"GABA-A receptor, alpha5-beta1-gamma2 complex",0.5392075367137712,0.825402979027362,0.7318361955085865,0.8627137250387517,1.0,3/3,46.12%,P18507;P18505;P31644
prerank,"GABA-A receptor, alpha6-beta3-gamma2",0.5383762815184261,0.8237391985024043,0.694560669456067,0.8637190903948185,1.0,3/3,46.21%,P28472;P18507;Q16445
prerank,GABA-A receptor alpha6-beta1-gamma2 complex,0.5383762815184262,0.82362565604024,0.7117726657645467,0.8628873864472013,1.0,3/3,46.21%,P18507;P18505;Q16445
prerank,CENP-A nucleosome complex,0.5012343723183756,0.8228471040215576,0.7251461988304093,0.8628650592124557,1.0,3/5,30.87%,P62805;P06899;P04908
prerank,"GABA-A receptor, alpha5-beta3-gamma2",0.5392075367137712,0.8223086229028698,0.7336122733612274,0.862552439636,1.0,3/3,46.12%,P28472;P18507;P31644
prerank,"Beta-catenin destruction core complex, APC-AXIN2-GSK3B variant",0.5144124168514412,0.820646160491862,0.7338308457711443,0.8637127579918453,1.0,4/4,48.62%,P49841;P48729;P25054;Q9Y2T1
prerank,Condensin I complex,0.4948710840033269,0.8196391984282522,0.7375886524822695,0.8639887659536827,1.0,5/5,50.58%,O95347;Q9NTJ3;Q15003;Q15021;Q9BPX3
prerank,METTL1-WDR4 tRNA (guanine-N(7)-)-methyltransferase complex,0.5314002575261193,0.8181994920271752,0.7266576454668471,0.864814500519746,1.0,1/3,23.34%,CHEBI:59789
prerank,"GABA-A receptor, alpha4-beta3-gamma2",0.5344970906068163,0.8167987174458705,0.7211155378486056,0.8655921554655165,1.0,3/3,46.59%,P28472;P18507;P48169
prerank,VCP-NPL4-UFD1-UBXN7 AAA ATPase complex,0.5043652993348116,0.8156208313317918,0.7344913151364765,0.8660573048048903,1.0,3/4,40.23%,P55072;Q92890;Q8TAT6
prerank,"Beta-catenin destruction core complex, APC-AXIN2-GSK3A variant",0.5144124168514412,0.8150233792163452,0.7408312958435208,0.8658313265705848,1.0,4/4,48.62%,P48729;P25054;P49840;Q9Y2T1
prerank,Laminin-511 complex,0.5242449431975615,0.8118223879767784,0.7091633466135459,0.8688398599763875,1.0,3/3,47.62%,P07942;P11047;O15230
prerank,"GABA-A receptor, alpha2-beta3-gamma2",0.5389304516486562,0.8113836853842558,0.7308743169398907,0.8684344564656973,1.0,3/3,46.15%,P28472;P18507;P47869
prerank,"GABA-A receptor, alpha2-beta1-gamma2 complex",0.5389304516486562,0.8109712974755376,0.746684350132626,0.8679818625040656,1.0,3/3,46.15%,P18507;P18505;P47869
prerank,VCP-NPL4-UFD1-FAF1 AAA ATPase complex,0.5043652993348116,0.8104708737248791,0.7376237623762376,0.8676701831136814,1.0,3/4,40.23%,P55072;Q92890;Q8TAT6
prerank,"GABA-A receptor, alpha3-beta3-theta",0.5278747575505681,0.8100581776637,0.7338603425559947,0.8672559311984828,1.0,2/3,37.24%,P28472;P34903
prerank,VCP-NPL4-UFD1-FAF2 AAA ATPase complex,0.5043652993348116,0.8092243233900268,0.7469437652811736,0.8672801738008863,1.0,3/4,40.23%,P55072;Q92890;Q8TAT6
prerank,mRNA cap guanine-N7 methyltransferase complex,0.5314002575261193,0.8091976953748045,0.7334235453315291,0.8663562643546935,1.0,1/3,23.34%,CHEBI:59789
prerank,Laminin-311 complex variant A,0.5245220282626766,0.8089785652258036,0.7158469945355191,0.8656786828066937,1.0,3/3,47.59%,P07942;P11047;Q16787-1
prerank,VCP-NPL4-UFD1-UBXN1 AAA ATPase complex,0.5043652993348116,0.8084869594302119,0.741190765492102,0.8652995803687862,1.0,3/4,40.23%,P55072;Q92890;Q8TAT6
prerank,"GABA-A receptor, alpha4-beta1-gamma2 complex",0.5344970906068163,0.8083362506160552,0.7526881720430108,0.8645395784086396,1.0,3/3,46.59%,P18507;P18505;P48169
prerank,"GABA-A receptor, alpha2-beta2-gamma2",0.5389304516486562,0.8079774839610706,0.7448559670781894,0.8640257746200849,1.0,3/3,46.15%,P47870;P18507;P47869
prerank,"Beta-catenin destruction core complex, APC2-AXIN2-GSK3B variant",0.5005543237250555,0.8077123812577632,0.717852684144819,0.863380607248307,1.0,4/4,50.00%,P49841;P48729;Q9Y2T1;O95996
prerank,"Beta-catenin destruction core complex, APC2-AXIN1-GSK3B variant",0.5002771618625277,0.8065530777335097,0.7354368932038835,0.8639155085756676,1.0,4/4,50.03%,P49841;P48729;O95996;O15169
prerank,Shieldin complex,-0.3719512195121951,-0.8061033343550967,0.7628865979381443,0.8465268212739377,1.0,4/4,62.87%,Q6ZNX1;Q86V20;Q8IYI0;Q9UI95
prerank,"GABA-A receptor, alpha4-beta2-gamma2",0.5344970906068163,0.8059325437106946,0.7476255088195387,0.8637035720430208,1.0,3/3,46.59%,P47870;P18507;P48169
prerank,Laminin-521 complex,0.5242449431975615,0.804153796423,0.7369127516778523,0.8649838822746643,1.0,3/3,47.62%,P11047;P55268;O15230
prerank,TIM9-TIM10-TIM10B mitochondrial intermembrane space protein transporter complex,-0.43086727625380994,-0.8025373339351242,0.8060836501901141,0.8501913485218775,1.0,3/3,56.98%,Q9Y5J6;P62072;Q9Y5J7
prerank,TBK1-IKKepsilon-NAP1 complex,-0.41368800221668056,-0.8015584920584075,0.7942386831275721,0.8488075476432623,1.0,3/3,58.69%,Q9H6S1;Q14164;Q9UHD2
prerank,Laminin-321 complex,0.5245220282626766,0.8002872297449579,0.7456492637215528,0.8686594809292658,1.0,3/3,47.59%,P11047;P55268;Q16787-1
prerank,"Beta-catenin destruction core complex, APC2-AXIN2-GSK3A variant",0.5005543237250554,0.7994289161643774,0.7595092024539877,0.8687580873696867,1.0,4/4,50.00%,P48729;P49840;Q9Y2T1;O95996
prerank,"Beta-catenin destruction core complex, APC2-AXIN1-GSK3A variant",0.5002771618625277,0.7991002719993919,0.7566265060240964,0.868198363591096,1.0,4/4,50.03%,P48729;P49840;O95996;O15169
prerank,Laminin-522 complex,0.5242449431975617,0.7987146090690695,0.7430939226519337,0.8677435991072481,1.0,3/3,47.62%,P55268;Q13753;O15230
prerank,TBK1-IKKepsilon-TANK complex,-0.41368800221668056,-0.7972366955002107,0.7748917748917749,0.8538940088933776,1.0,3/3,58.69%,Q92844;Q14164;Q9UHD2
prerank,Laminin-523 complex,0.515101136048767,0.7970410901232821,0.7311827956989247,0.868890505292796,1.0,3/3,48.53%,P55268;O15230;Q9Y6N6
prerank,"Neuronal AP-3 Adaptor complex, sigma3b variant",0.493070953436807,0.7950727948192361,0.7599009900990099,0.8703588227397993,1.0,4/4,50.75%,O14617;P59780;P53677;Q13367
prerank,"ESCRT-I complex, VPS37A-UBAP1 variant",0.5033259423503325,0.7949777637265286,0.773561811505508,0.8695335832644684,1.0,4/4,49.72%,Q9UK41;Q99816;Q9NZ09;Q8NEZ2
prerank,eIF4E-CYFIP1-FMRP translational repressor complex,-0.4114713216957606,-0.7937313061633209,0.763265306122449,0.8572800625115202,1.0,3/3,58.91%,Q7L576;Q06787;P06730
prerank,"Beta-catenin destruction core complex, APC-AXIN1-GSK3B variant",0.5002771618625278,0.7926954753721956,0.7616707616707616,0.8714674860928748,1.0,4/4,50.03%,P49841;P48729;P25054;O15169
prerank,L3MBTL1 complex,-0.41091715156553066,-0.7924302327417838,0.7783251231527094,0.8562277675872773,1.0,3/3,58.97%,Q9Y468;Q13185;P06400
prerank,"ESCRT-I complex, VPS37C-MVB12B variant",0.5022172949002217,0.7918920644151854,0.7524875621890548,0.8714816118678314,1.0,4/4,49.83%,Q9UK41;Q99816;Q9H7P6-1;A5D8V6
prerank,"ESCRT-I complex, VPS37C-UBAP1 variant",0.5022172949002217,0.7912574431075601,0.77125,0.8713048627965758,1.0,4/4,49.83%,Q9UK41;Q99816;Q9NZ09;A5D8V6
prerank,"Beta-catenin destruction core complex, APC-AXIN1-GSK3A variant",0.5002771618625277,0.7910342238746279,0.7676646706586826,0.8706299773510373,1.0,4/4,50.03%,P48729;P25054;P49840;O15169
prerank,"ESCRT-I complex, VPS37A-MVB12B variant",0.5033259423503325,0.7909849362777246,0.7816377171215881,0.8697447215670998,1.0,4/4,49.72%,Q9UK41;Q99816;Q9H7P6-1;Q8NEZ2
prerank,TBK1-IKKepsilon-SINTBAD complex,-0.41368800221668056,-0.7909442304296354,0.8065843621399177,0.8559926095590784,1.0,3/3,58.69%,A7MCY6;Q14164;Q9UHD2
prerank,Retention and splicing complex,-0.41285674702133557,-0.7900094959332635,0.7909836065573771,0.8545992957830841,1.0,3/3,58.78%,Q9Y388;Q9BRD0;Q8TAD8
prerank,"Neuronal AP-3 Adaptor complex, sigma3a variant",0.49307095343680707,0.7896644503131998,0.7627329192546584,0.8703699819542684,1.0,4/4,50.75%,O14617;Q92572;P53677;Q13367
prerank,STING-TRAF3-TBK1 complex,-0.41368800221668056,-0.7888396315381765,0.8207171314741036,0.8536314285386373,1.0,3/3,58.69%,Q86WV6;Q13114;Q9UHD2
prerank,3M complex,-0.41867553338875035,-0.7883814914456754,0.78125,0.8513751740466089,1.0,3/3,58.19%,Q9H0W5;O75147;Q14999
prerank,"FTS-Hook-FHIP cargo adaptor complex, FHIP2B-HOOK1/2/3 variant",0.4796229553645689,0.7881857648530796,0.7820965842167256,0.8711991710040377,1.0,5/5,52.10%,Q9H8T0;Q86VS8;Q9UJC3;Q96ED9;Q8N612
prerank,"ESCRT-I complex, VPS37C-MVB12A variant",0.5022172949002217,0.7880946648926488,0.7683823529411765,0.8703760398501542,1.0,4/4,49.83%,Q9UK41;Q99816;Q96EY5;A5D8V6
prerank,"Mitochondrial calcium uniporter complex, MICU1 variant",0.5173178165696868,0.7876232953272083,0.7651821862348178,0.8699947495016913,1.0,3/3,48.31%,Q8NE86;Q9BPX6;Q9H4I9
prerank,"Eukaryotic translation initiation factor 4F, EIF4A2 and EIF4G1 variant",-0.4114713216957606,-0.786257614612519,0.7686832740213523,0.8522410154061976,1.0,3/3,58.91%,Q14240;Q04637;P06730
prerank,"ESCRT-I complex, VPS37A-MVB12A variant",0.5033259423503325,0.7843993532777672,0.8022113022113022,0.8727492801458985,1.0,4/4,49.72%,Q9UK41;Q99816;Q96EY5;Q8NEZ2
prerank,GTPase HRAS - Son of sevenless homolog 1 complex,-0.41202549182599063,-0.78269996546401,0.8142292490118577,0.8562175887367369,1.0,3/3,58.86%,Q07889;CHEBI:15996;P01112
prerank,"Eukaryotic translation initiation factor 4F, EIF4A1 and EIF4G1 variant",-0.4114713216957606,-0.7818357653876598,0.7872340425531915,0.8547816950450212,1.0,3/3,58.91%,P60842;Q04637;P06730
prerank,"Eukaryotic translation initiation factor 4F, EIF4A2 and EIF4G3 variant",-0.4114713216957606,-0.7780300384212365,0.7931034482758621,0.8587207904244893,1.0,3/3,58.91%,O43432;Q14240;P06730
prerank,"Ubiquitous AP-1 Adaptor complex, sigma1a variant",0.4922394678492239,0.7774551015745861,0.7578692493946732,0.8797072067959995,1.0,4/4,50.83%,Q10567;O43747;Q9BXS5;P61966
prerank,"Eukaryotic translation initiation factor 4F, EIF4A1 and EIF4G3 variant",-0.4114713216957606,-0.7748101829375161,0.7606177606177607,0.8613153197433194,1.0,3/3,58.91%,P60842;O43432;P06730
prerank,"Neuronal nicotinic acetylcholine receptor complex, alpha4-alpha5-beta2",-0.39623164311443615,-0.7748093193848201,0.8346153846153846,0.8582654123177965,1.0,3/3,60.44%,P43681-PRO_0000000351;P30532-PRO_0000000356;P17787-PRO_0000000379
prerank,Condensin II complex,0.4618796784031052,0.7713362870226215,0.7600459242250287,0.8857931679255369,1.0,5/5,53.88%,O95347;Q9NTJ3;P42695;Q6IBW4;Q86XI2
prerank,RB1-E2F3-DP1 transcriptional repressor complex,0.5024034117604539,0.7694358232407009,0.769433465085639,0.8869419087145326,1.0,2/3,41.09%,Q14186;P06400
prerank,RB1-E2F1-DP1 transcriptional repressor complex,0.5024034117604539,0.7665352445932733,0.7967914438502673,0.8892430704342956,1.0,2/3,41.09%,Q14186;P06400
prerank,"FTS-Hook-FHIP cargo adaptor complex, FHIP1B-HOOK1/3 variant",0.47949002217294906,0.7661704389057704,0.8020050125313283,0.8887141881228895,1.0,4/4,52.10%,Q9H8T0;Q86VS8;Q9UJC3;Q8N612
prerank,AP-1 transcription factor complex FOS-JUN-NFATC2,0.5001385425325574,0.7661697069670756,0.773209549071618,0.8877707548021647,1.0,2/3,38.90%,P05412;P01100
prerank,Laminin-111 complex,0.4982426973501917,0.7660091216374805,0.774108322324967,0.8869952145599515,1.0,2/3,34.41%,P07942;P11047
prerank,Interleukin-21 receptor-ligand complex,0.5025630368523136,0.7647906704775974,0.8010610079575596,0.8874476189658406,1.0,1/3,24.75%,P31785
prerank,USP46 deubiquitinase complex,-0.40260459961208095,-0.761107227291105,0.8136882129277566,0.8791092813024495,1.0,3/3,59.80%,P62068;Q8TBZ3;Q8TAF3
prerank,Alternative pathway pathogen cell-bound C5 convertase complex C3bBbC3bP,-0.400387919091161,-0.7604579819528409,0.8577235772357723,0.8771416001797089,1.0,3/3,60.02%,P27918;CPX-5601;CPX-973
prerank,RB1-E2F2-DP1 transcriptional repressor complex,0.5024034117604539,0.7597244708004499,0.8048128342245989,0.8923074746261553,1.0,2/3,41.09%,Q14186;P06400
prerank,Laminin-121 complex,0.4924239109827769,0.7543450913290878,0.8046875,0.8975038233971421,1.0,2/3,34.99%,P11047;P55268
prerank,"Poly(A) tail exosome targeting complex, RBM27 variant",0.4541169947324647,0.7533829410770853,0.7961859356376639,0.8976773892497678,1.0,5/5,54.65%,P42285;Q8IXZ2;O60293;Q86U42;Q9P2N5
prerank,Interleukin-1 beta ligand-membrane bound receptor type 1 complex,0.49376558603491283,0.753099768495616,0.8163265306122449,0.897045505010465,1.0,3/3,50.66%,Q9NPH3;P01584-PRO_0000015302;P14778-PRO_0000015435
prerank,Complement factor I-H-C3b complex,-0.400387919091161,-0.750841040558695,0.8589743589743589,0.8895534189595944,1.0,3/3,60.02%,CPX-6165;P08603;CPX-973
prerank,RNA polymerase I selectivity factor 1 complex,0.4566121430551705,0.7502153986715532,0.8204518430439952,0.8993471653703813,1.0,5/5,54.40%,P20226;Q15572;Q15573;Q53T94;Q9H5J8
prerank,"Poly(A) tail exosome targeting complex, RBM26 variant",0.4543942334349876,0.7494527583237931,0.8057553956834532,0.8992068671456998,1.0,5/5,54.62%,P42285;Q8IXZ2;O60293;Q86U42;Q5T8P6
prerank,"AMPK complex, alpha2-beta2-gamma3 variant",0.4854530340814629,0.7434813592702794,0.8117647058823529,0.9046408077603222,1.0,3/3,51.50%,P54646;O43741;Q9UGI9
prerank,"Scribble cell polarity complex, DLG2-LLGL1-SCRIB variant",-0.38764200609587146,-0.7423712034296812,0.8656126482213439,0.8993565244669903,1.0,3/3,61.30%,Q15700;Q15334;Q14160
prerank,AIM2 inflammasome,0.48181629260182873,0.7411816420619974,0.8183023872679045,0.9061205560053165,1.0,2/3,39.34%,Q9ULZ3;P29466
prerank,ALKBH8-TRM112 methyltransferase complex,0.46254355400696856,0.7410134231177805,0.8079800498753117,0.9053468320128044,1.0,2/4,32.34%,CHEBI:59789;Q9UI30
prerank,"GABA-A receptor, alpha3-beta3-gamma3",0.4850176146934251,0.7409342057635812,0.8141112618724559,0.9044763424690849,1.0,2/3,37.24%,P28472;P34903
prerank,"AMPK complex, alpha2-beta1-gamma3 variant",0.4854530340814629,0.7404968118303848,0.8197596795727636,0.9040216625481876,1.0,3/3,51.50%,Q9Y478;P54646;Q9UGI9
prerank,"Ubiquitous AP-3 Adaptor complex, sigma3b variant",0.46258314855875826,0.739764482894502,0.8181818181818182,0.9038575205114113,1.0,4/4,53.79%,O14617;P59780;O00203;Q9Y2T2
prerank,"Scribble cell polarity complex, DLG3-LLGL1-SCRIB variant",-0.38764200609587146,-0.738761862508521,0.8647540983606558,0.9013832296600239,1.0,3/3,61.30%,Q92796;Q15334;Q14160
prerank,"AMPK complex, alpha1-beta1-gamma3 variant",0.48545303408146284,0.7384817716287464,0.8254593175853019,0.9042257268069004,1.0,3/3,51.50%,Q13131;Q9Y478;Q9UGI9
prerank,Pyrin inflammasome,0.48181629260182873,0.7383546819078741,0.797886393659181,0.9034124943625467,1.0,2/3,39.34%,Q9ULZ3;P29466
prerank,"Ubiquitous AP-3 Adaptor complex, sigma3a variant",0.46258314855875826,0.7354335287485952,0.8186274509803921,0.9054917201392315,1.0,4/4,53.79%,O14617;Q92572;O00203;Q9Y2T2
prerank,"AMPK complex, alpha1-beta2-gamma3 variant",0.48545303408146284,0.7339878808088606,0.8424479166666666,0.9059805238668198,1.0,3/3,51.50%,Q13131;O43741;Q9UGI9
prerank,NLRP1 inflammasome,0.48181629260182873,0.7335440712044807,0.8260869565217391,0.9055024531316267,1.0,2/3,39.34%,Q9ULZ3;P29466
prerank,"Scribble cell polarity complex, DLG1-LLGL1-SCRIB variant",-0.38764200609587146,-0.7306980311264493,0.8776371308016878,0.910090076426003,1.0,3/3,61.30%,Q12959;Q15334;Q14160
prerank,"Scribble cell polarity complex, DLG5-LLGL1-SCRIB variant",-0.38764200609587146,-0.7297830540703126,0.8790322580645161,0.9082253574696029,1.0,3/3,61.30%,Q8TDM6;Q15334;Q14160
prerank,NLRP3 inflammasome,0.48181629260182873,0.7293048028959872,0.8161375661375662,0.9089626474212632,1.0,2/3,39.34%,Q9ULZ3;P29466
prerank,"Scribble cell polarity complex, DLG4-LLGL1-SCRIB variant",-0.38764200609587146,-0.7285302828340842,0.8765432098765432,0.9069043151697728,1.0,3/3,61.30%,P78352;Q15334;Q14160
prerank,Laminin-211 complex,0.46993627043502356,0.7261982230866361,0.8157181571815718,0.9112716358696412,1.0,3/3,53.05%,P07942;P11047;P24043
prerank,Laminin-221 complex,0.46993627043502356,0.7250559189196383,0.8246318607764391,0.9115114568761019,1.0,3/3,53.05%,P11047;P55268;P24043
prerank,Laminin-213 complex,0.4699362704350235,0.7234404375309499,0.839622641509434,0.9122371113304101,1.0,3/3,53.05%,P07942;Q9Y6N6;P24043
prerank,SKI complex,-0.3704627320587421,-0.7233148761630926,0.9123505976095617,0.9110145244426165,1.0,3/3,63.01%,Q6PGP7;Q15477;Q9GZS3
prerank,Interleukin-10 receptor-ligand complex,0.4673316708229426,0.7192781974799627,0.8398950131233596,0.9157074129979916,1.0,1/3,26.61%,Q08334
prerank,BRCA1-C complex,0.4662233305624826,0.7192088487651351,0.8228187919463087,0.9148418336697733,1.0,1/3,26.72%,CPX-715
prerank,IL33 receptor-ligand complex,0.4628787508353299,0.714306512492054,0.8360215053763441,0.9192542910541079,1.0,1/3,24.31%,Q9NPH3
prerank,"XPC complex, RAD23A variant",-0.37101690218897204,-0.7126029788472046,0.9066666666666666,0.9226429196073784,1.0,3/3,62.96%,P54725;Q01831;P41208
prerank,Interleukin-7 sIL7RA-IL2RG receptor-ligand potentiating complex,0.45844538979349003,0.7115655694167741,0.8318002628120894,0.9212497245714426,1.0,1/3,24.75%,P31785
prerank,"Gamma-delta T cell receptor complex, TRGC2 variant",0.431175492098697,0.7060192897488328,0.8601645123384254,0.9262466148154525,1.0,3/5,31.92%,P20963;P07766;P09693
prerank,"miRNA RISC complex, TNRC6B variant",0.423541526397085,0.7052387846760488,0.8291814946619217,0.9261421857365225,1.0,4/5,43.41%,Q9UL18;Q9UKV8;Q9HCK5;Q9H9G7
prerank,Interleukin-17A-F receptor-ligand complex,0.43166065982811197,0.7051777524179621,0.8473988439306358,0.925257643279864,1.0,5/5,56.89%,Q96F46;O43734;Q8NAC3;Q96PD4;Q16552
prerank,"Gamma-delta T cell receptor complex, TRGC1 variant",0.431175492098697,0.7050880783698176,0.857981220657277,0.9243983047869803,1.0,3/5,31.92%,P20963;P07766;P09693
prerank,Laminin-311 complex variant B,0.4561374341922971,0.7034413407697399,0.8577127659574468,0.9251692414624227,1.0,2/3,34.41%,P07942;P11047
prerank,"miRNA RISC complex, TNRC6A variant",0.423541526397085,0.7033780128792685,0.8443396226415094,0.9242874461573721,1.0,4/5,43.41%,Q9UL18;Q9UKV8;Q9HCK5;Q9H9G7
prerank,Laminin-411 complex,0.4561374341922971,0.7031956527209529,0.848202396804261,0.9235143132104567,1.0,2/3,34.41%,P07942;P11047
prerank,"miRNA RISC complex, TNRC6C variant",0.423541526397085,0.7015802777800273,0.8480861244019139,0.924145988010943,1.0,4/5,43.41%,Q9UL18;Q9UKV8;Q9HCK5;Q9H9G7
prerank,"XPC complex, RAD23B variant",-0.37101690218897204,-0.6978656870098011,0.9024390243902439,0.9379797715179146,1.0,3/3,62.96%,P54727;Q01831;P41208
prerank,Interleukin-7 mIL7R-IL2RG receptor-ligand signalling complex,0.45844538979349003,0.6977769088967194,0.8563758389261745,0.9270894219635311,1.0,1/3,24.75%,P31785
prerank,Laminin-423 complex,0.45247991133277915,0.6959775278545802,0.8685258964143426,0.9279175892028184,1.0,3/3,54.79%,P55268;Q9Y6N6;Q16363
prerank,FCN2-MASP2 lectin-protease complex,0.44693821003047923,0.6929768875398647,0.8758256274768824,0.9300230322730612,1.0,3/3,55.34%,O00187-PRO_0000027599;O00187-PRO_0000027600;Q15485
prerank,Interleukin-26 receptor-ligand complex,0.45444867363754354,0.6926833574962254,0.8709239130434783,0.9293678344261681,1.0,2/3,44.05%,Q08334;Q9UHF4
prerank,Laminin-421 complex,0.45247991133277915,0.6920990249818327,0.8580901856763926,0.928954374872072,1.0,3/3,54.79%,P11047;P55268;Q16363
prerank,FCN3-MASP1 lectin-protease complex,0.4491548905513991,0.689126593591557,0.8544474393530997,0.9308816220041713,1.0,3/3,55.12%,P48740-PRO_0000027593;P48740-PRO_0000027594;O75636
prerank,"Prefoldin co-chaperone complex, URI1 variant",0.4153035763792625,0.6888847169999276,0.8783943329397875,0.9301716652872221,1.0,5/5,58.53%,O15212;Q9UHV9;Q9NUG6;Q9UBK9;O94763
prerank,Interleukin-17A receptor-ligand complex,0.43154101995565414,0.6887995455280435,0.8693045563549161,0.9293081816691005,1.0,4/4,56.89%,Q96F46;O43734;Q8NAC3;Q16552
prerank,Interleukin-17F receptor-ligand complex,0.43375831485587585,0.6866601067342855,0.8706586826347306,0.9303426471923226,1.0,4/4,56.67%,Q96F46;O43734;Q8NAC3;Q96PD4
prerank,FCN2-MASP1 lectin-protease complex,0.44693821003047923,0.6856114521858878,0.8878248974008208,0.9303327802353544,1.0,3/3,55.34%,P48740-PRO_0000027593;P48740-PRO_0000027594;Q15485
prerank,FCN3-MASP2 lectin-protease complex,0.4491548905513991,0.6851796360395399,0.8846657929226737,0.9297807512306778,1.0,3/3,55.12%,O00187-PRO_0000027599;O00187-PRO_0000027600;O75636
prerank,Interleukin-17C receptor-ligand complex,0.4318181818181818,0.6814589488007188,0.8880778588807786,0.9321537024881373,1.0,2/4,31.84%,Q96F46;O43734
prerank,Interleukin-1 beta ligand-soluble receptor type 1 complex,0.4341922970351899,0.6775767693452422,0.8787878787878788,0.9346942415095161,1.0,3/3,56.62%,Q9NPH3;P01584-PRO_0000015302;P14778-PRO_0000415344
prerank,"Serine palmitoyltransferase complex, SPTLC1-SPTLC3-SPTSSB variant",0.42488913525498884,0.672747485841565,0.8604651162790697,0.9382236741765387,1.0,4/4,57.56%,CHEBI:597326;O15269;Q8NFR3;Q9NUV7
prerank,"Serine palmitoyltransferase complex, SPTLC1-SPTLC3-SPTSSA variant",0.42488913525498884,0.6720799789015441,0.8668341708542714,0.9378226587098116,1.0,4/4,57.56%,CHEBI:597326;O15269;Q969W0;Q9NUV7
prerank,MBL2-MASP1 lectin-protease complex,0.4330839567747297,0.670877185774768,0.8827586206896552,0.9379743150988044,1.0,3/3,56.73%,P48740-PRO_0000027593;P48740-PRO_0000027594;P11226
prerank,mCRD-poly(A)-bridging complex,0.41169947324646516,0.6694662529878581,0.881437125748503,0.9383517221006089,1.0,5/5,58.89%,O60506;O75534;P11940;Q14103;Q9H074
prerank,MBL2-MASP2 lectin-protease complex,0.4330839567747297,0.6693779186661194,0.9007731958762887,0.9374848840946093,1.0,3/3,56.73%,O00187-PRO_0000027599;O00187-PRO_0000027600;P11226
prerank,"Serine palmitoyltransferase complex, SPTLC1-SPTLC2-SPTSSA variant",0.41962305986696224,0.6689673080275468,0.8764186633039092,0.936950098266175,1.0,4/4,58.08%,CHEBI:597326;O15269;Q969W0;O15270
prerank,Nuclear exosome targeting complex,0.4358152238451489,0.668932020803267,0.8846675712347354,0.93604456312023,1.0,1/3,27.85%,P42285
prerank,"Serine palmitoyltransferase complex, SPTLC1-SPTLC2-SPTSSB variant",0.41962305986696224,0.6679787409935733,0.8848484848484849,0.9360157915911435,1.0,4/4,58.08%,CHEBI:597326;O15269;Q8NFR3;O15270
prerank,Precursor interleukin-1 alpha-membrane-bound receptor type 1 complex,0.4397339983374897,0.66785006571546,0.8827493261455526,0.9352126545971141,1.0,3/3,56.06%,Q9NPH3;P14778-PRO_0000015435;P01583
prerank,FCN1-MASP1 lectin-protease complex,0.43280687170961474,0.6672176729772938,0.8893333333333333,0.9348463012384993,1.0,3/3,56.76%,P48740-PRO_0000027593;P48740-PRO_0000027594;O00602
prerank,Precursor interleukin-1 alpha-soluble receptor type 1 complex,0.4341922970351899,0.6670161538274716,0.892328398384926,0.9340904533645427,1.0,3/3,56.62%,Q9NPH3;P01583;P14778-PRO_0000415344
prerank,"Neuronal nicotinic acetylcholine receptor complex, alpha3-alpha5-beta2",0.4344693821003047,0.665466527225943,0.8817345597897503,0.93461349282762,1.0,3/3,56.59%,P17787-PRO_0000000379;P32297-PRO_0000000346;P30532-PRO_0000000356
prerank,FCN1-MASP2 lectin-protease complex,0.43280687170961474,0.6635066287235796,0.8975356679636836,0.9355466787619445,1.0,3/3,56.76%,O00187-PRO_0000027599;O00187-PRO_0000027600;O00602
prerank,Interleukin-36A receptor ligand complex,0.42757142232138945,0.6588817611922326,0.8977119784656796,0.9389880124147286,1.0,2/3,46.73%,Q9NPH3;Q9HB29
prerank,"Neuronal nicotinic acetylcholine receptor complex, alpha3-alpha6-beta2-beta3",0.4088137472283813,0.6580671018969787,0.8892900120336944,0.9388027412266045,1.0,4/4,59.16%,P17787-PRO_0000000379;P32297-PRO_0000000346;Q15825-PRO_0000000360;Q05901-PRO_0000000383
prerank,CHRAC chromatin remodeling complex,0.41580438531658037,0.6578927034287168,0.8925518925518926,0.9380344654347902,1.0,2/4,36.21%,O60264;Q9NRF9
prerank,Interleukin-36B receptor ligand complex,0.42757142232138945,0.6574402313881205,0.9130434782608695,0.9375482849775555,1.0,2/3,46.73%,Q9NPH3;Q9HB29
prerank,Ripoptosome,0.42611724656612426,0.6573191771436449,0.8897742363877822,0.9367272841629843,1.0,1/3,28.82%,Q13546
prerank,Interleukin-36G receptor ligand complex,0.42757142232138945,0.6561108247900479,0.9090909090909091,0.9369603097978314,1.0,2/3,46.73%,Q9NPH3;Q9HB29
prerank,BRCA1-PALB2-BRCA2 homologous recombination DNA repair complex,0.43431104777738183,0.6556228903607962,0.9103896103896104,0.9364879015019119,1.0,2/3,42.30%,P51587;P38398
prerank,ABCB10-ABCB7-FECH ABC transporter ,0.40770509977827063,0.6441519453861688,0.9031862745098039,0.9456108877776218,1.0,4/4,59.27%,CHEBI:190135;P22830;Q9NRK6;O75027
prerank,Interleukin-6-mIL6R-mIL6ST receptor-ligand classical signalling complex,0.4301501149088064,0.6441192557778813,0.910761154855643,0.9447158376421881,1.0,2/3,45.24%,P40189;P05231
prerank,Interleukin-17B receptor-ligand complex,0.4018181818181818,0.6420119186535738,0.8936678614097969,0.9455353096716281,1.0,2/4,31.84%,Q96F46;O43734
prerank,"Interferon lambda receptor-ligand complex, IFNL3 variant",0.4125796619562205,0.6395974805654019,0.9074074074074074,0.9464980917346676,1.0,2/3,47.65%,Q08334;Q8IU57
prerank,Interleukin-25 receptor-ligand complex,0.4018181818181818,0.6360074134276082,0.9065868263473054,0.9483697120162738,1.0,2/4,31.84%,Q96F46;O43734
prerank,"Methyltransferase complex, METTL3-METTL14",-0.3361041839844833,-0.6323119777158772,0.973568281938326,0.9916880441525597,1.0,3/3,66.45%,Q9HCE5;Q86U44;CHEBI:67040
prerank,"Interferon lambda receptor-ligand complex, IFNL1 variant",0.4125796619562205,0.6306048592557444,0.9232954545454546,0.9514834274681532,1.0,2/3,47.65%,Q08334;Q8IU57
prerank,"Interferon lambda receptor-ligand complex, IFNL2 variant",0.4125796619562205,0.626590963132405,0.933422103861518,0.9533930776072178,1.0,2/3,47.65%,Q08334;Q8IU57
prerank,"Nuclear meiotic cohesin complex, REC8 variant",0.3877494456762749,0.6247523681617718,0.9194139194139194,0.953743646861447,1.0,4/4,61.27%,Q9UQE7;Q8NDV3;Q9UJ98;O95072
prerank,"Nuclear meiotic cohesin complex, RAD21L1 variant",0.38664079822616404,0.6198114681766679,0.9334170854271356,0.9562641998487836,1.0,4/4,61.38%,Q9UQE7;Q8NDV3;Q9UJ98;Q9H4I0
prerank,"Interferon lambda receptor-ligand complex, IFNL4 variant",0.4125796619562205,0.6196409071857072,0.9349269588313412,0.9554530991042481,1.0,2/3,47.65%,Q08334;Q8IU57
prerank,Interleukin-2 receptor-ligand complex,0.38941241685144123,0.6181722828151907,0.9312883435582822,0.955588900227495,1.0,4/4,61.10%,P31785;P14784;P01589;P60568
prerank,Interleukin-22 receptor-ligand complex,0.40232751454696586,0.6137691066826433,0.9287671232876712,0.9577096914552011,1.0,3/3,59.80%,Q08334;Q8N6P7;Q9GZX6
prerank,"Scribble cell polarity complex, DLG5-LLGL2-SCRIB variant",0.39327029648101963,0.6124808095588111,0.9541029207232267,0.9576891752765719,1.0,2/3,41.94%,Q14160;Q6P1M3
prerank,"Scribble cell polarity complex, DLG1-LLGL2-SCRIB variant",0.39327029648101963,0.6122868228052436,0.9478609625668449,0.9569113311606069,1.0,2/3,41.94%,Q14160;Q6P1M3
prerank,Interleukin-15 receptor-ligand complex,0.38414634146341464,0.6120393359153312,0.9427148194271482,0.9561599790998135,1.0,4/4,61.63%,P31785;P14784;P40933;Q13261
prerank,RXRalpha-RARalpha-NCOA2 retinoic acid receptor complex,-0.31393737877528405,-0.6097664361509592,1.0,0.9960905609561083,1.0,3/3,68.66%,P10276;Q15596;P19793
prerank,"Scribble cell polarity complex, DLG3-LLGL2-SCRIB variant",0.39327029648101963,0.6081770664973124,0.9473684210526315,0.9579845588471421,1.0,2/3,41.94%,Q14160;Q6P1M3
prerank,"Scribble cell polarity complex, DLG2-LLGL2-SCRIB variant",0.39327029648101963,0.6068415154227973,0.9622905027932961,0.9580044745533179,1.0,2/3,41.94%,Q14160;Q6P1M3
prerank,Interleukin-1 alpha-soluble receptor type 1 complex,0.38857534526257453,0.6036967236998572,0.9574193548387097,0.9594077641977655,1.0,1/3,24.31%,Q9NPH3
prerank,"Scribble cell polarity complex, DLG4-LLGL2-SCRIB variant",0.39327029648101963,0.6027597000191759,0.9470827679782904,0.9591387879013428,1.0,2/3,41.94%,Q14160;Q6P1M3
prerank,"TRAMP complex, TENT4B-ZCCHC7 variant",0.38819617622610136,0.5997942386375386,0.9408602150537635,0.9603587569983815,1.0,1/3,27.85%,P42285
prerank,Interleukin-1 beta ligand-decoy receptor type 2 complex,0.38857534526257453,0.5995827352358891,0.9571619812583668,0.9595734892548674,1.0,1/3,24.31%,Q9NPH3
prerank,"TRAMP complex, TENT4A-ZCCHC7 variant",0.38819617622610136,0.5992388205646881,0.9498644986449865,0.9589036621993281,1.0,1/3,27.85%,P42285
prerank,Interleukin-1 alpha-membrane-bound receptor type 1 complex,0.38857534526257453,0.5941700706965047,0.96248382923674,0.9616530603950068,1.0,1/3,24.31%,Q9NPH3
prerank,Interleukin-4 receptor-ligand type-1 complex,0.38902743142144625,0.5940388189923536,0.9557640750670241,0.9608128869178457,1.0,3/3,61.13%,P31785;P24394;P05112
prerank,Interleukin-1 alpha decoy receptor-ligand type 2 complex,0.38857534526257453,0.5927621997105409,0.9514824797843666,0.9607657933761135,1.0,1/3,24.31%,Q9NPH3
prerank,Interleukin-3 receptor-ligand complex,0.38668286548585795,0.5908248971083531,0.9611260053619303,0.9612102280747169,1.0,1/3,30.56%,P32927
prerank,Interleukin-27 receptor-ligand complex,0.37139689578713975,0.5853870483491155,0.9392812887236679,0.9641049656516397,1.0,4/4,62.90%,P40189;Q6UWB1;Q14213;Q8NEV9
prerank,"GABA-A receptor, alpha5-beta3-gamma3",0.38103571480655085,0.5831501841656392,0.975103734439834,0.9647216113636037,1.0,2/3,46.12%,P28472;P31644
prerank,"Nuclear mitotic cohesin complex, STAG1 variant",0.34827367754197014,0.5599855442543498,0.9751243781094527,0.9771184983260865,1.0,3/4,50.91%,Q9UQE7;O60216;Q14683
prerank,"Nuclear mitotic cohesin complex, STAG2 variant",0.34827367754197014,0.5532101652930796,0.9720873786407767,0.9791554446440142,1.0,3/4,50.91%,Q9UQE7;O60216;Q14683
prerank,Granulocyte-macrophage colony-stimulating factor-receptor complex,0.3361973392461197,0.5438952189449991,0.9793689320388349,0.9819881228324041,1.0,2/4,39.12%,P32927;O60674
prerank,MSL histone acetyltransferase complex,0.33619733924611983,0.5378695614171743,0.969437652811736,0.9834514483360476,1.0,4/4,66.42%,Q9H7Z6;Q9HCI7;Q8N5Y2;Q68DK7
prerank,Interleukin-35 receptor ligand type 1 complex,0.34930036021058464,0.5323387965746856,0.9851951547779273,0.9846474455467296,1.0,1/3,27.57%,P40189
prerank,Interleukin 11-mIL11RA-IL-6ST receptor-ligand complex,0.34930036021058464,0.5253012673753683,0.9894179894179894,0.9864214534430437,1.0,1/3,27.57%,P40189
prerank,Dolichol-phosphate mannosyltransferase complex,0.34192297035189795,0.5230849603697871,0.9837177747625508,0.9863112920729352,1.0,1/3,32.48%,O94777
prerank,"4EHP-GIGYF1 co-translational mRNA decay complex, DDX6 variant",0.3228041008589636,0.49935425652968657,1.0,0.9928325946974902,1.0,3/3,67.75%,P26196;O60573;O75420
prerank,"4EHP-GIGYF2 co-translational mRNA decay complex, DDX6 variant",0.3233582709891936,0.49566362548245574,0.9986893840104849,0.9927554585719196,1.0,3/3,67.69%,P26196;O60573;Q6Y7W6
prerank,Interleukin 11-sIL11RA-IL-6ST receptor-ligand trans-signalling complex,0.32696037683568846,0.4940367013716659,0.9986504723346828,0.9921754706568842,1.0,3/3,67.33%,P40189;P20809;Q14626-PRO_0000450688
