Name,Term,ES,NES,NOM p-val,FDR q-val,FWER p-val,Tag %,Gene %,Lead_genes
prerank,Actin junctional complex,-0.9085619285120533,-1.65883813022252,0.0,1.0,0.307,3/3,9.25%,P04921;P11171;Q00013
prerank,Translocon-associated protein complex,-0.8123614190687362,-1.6419822248430989,0.0,0.9805662761706343,0.386,4/4,18.88%,P51571;P43308;P43307;Q9UNL2
prerank,RNase H2 complex,-0.8819617622610142,-1.6409613087822092,0.011111111111111112,0.6629324772020903,0.388,3/3,11.90%,Q8TDP1;O75792;Q5TBB1
prerank,NPHP transition zone complex,-0.8863951233028541,-1.6337669188256023,0.0,0.5609822739847672,0.421,3/3,11.46%,O15259;O75161;Q68CZ1
prerank,"Short transient receptor potential channel complex,TRPC1-TRPC4-TRPC5 variant",-0.8969243557772237,-1.619241201958644,0.004694835680751174,0.5459202841627105,0.473,3/3,10.41%,Q9UBN4;P48995;Q9UL62
prerank,eNoSc complex,-0.8897201440842339,-1.6186098926910635,0.0,0.4585197581884627,0.479,3/3,11.13%,Q96EB6;O43159;O43463
prerank,Ribosome quality control complex,-0.8126385809312638,-1.615728298559596,0.007692307692307693,0.41233843856884267,0.496,4/4,18.85%,Q9BQ70;O94822;O60524;CPX-137
prerank,MTERF4-NSUN4 mitochondiral ribosomal assembly complex,-0.888888888888889,-1.6128051481062087,0.0,0.37309163564329384,0.502,3/3,11.21%,Q7Z6M4;Q96CB9;CHEBI:15414
prerank,LUBAC ubiquitin ligase complex,-0.8858409531726241,-1.6118944497322876,0.0,0.33539396837323676,0.509,3/3,11.52%,Q96EP0;Q9BYM8;Q9H0F6
prerank,CMG helicase complex,-0.8944305901911888,-1.6098737581479234,0.009345794392523364,0.30708015984152465,0.515,3/3,10.66%,O75419;CPX-787;CPX-2940
prerank,"Amiloride-sensitive sodium channel complex, delta-alpha-beta-gamma",-0.8215077605321508,-1.609611307420495,0.02054794520547945,0.27972266812391133,0.516,4/4,17.97%,P51172;P51170;P51168;P37088
prerank,SAM mitochondrial sorting and assembly machinery complex,-0.8747575505680245,-1.6064476856717578,0.009345794392523364,0.2669148536493733,0.531,3/3,12.62%,Q13505;O75431;Q9Y512
prerank,CPAP-STIL complex,-0.8894430590191189,-1.6063862216125597,0.005076142131979695,0.24638294183019072,0.531,3/3,11.16%,Q15468;Q9HC77;Q6UVJ0
prerank,UFM1 ribosome E3 ligase complex,-0.9027431421446385,-1.6039017584135684,0.0,0.23427322361712197,0.542,3/3,9.83%,Q96HY6;Q96JB5;O94874
prerank,TTT complex,-0.8692158492657247,-1.6025882241532707,0.004878048780487805,0.2245978346254995,0.551,3/3,13.18%,Q6NXR4;O43156;Q9Y4R8
prerank,ULK1-ATG13-RB1CC1-ATG101 autophagy initiation complex,-0.800720620842572,-1.5977611015227944,0.008620689655172414,0.22535349567949725,0.572,4/4,20.04%,O75385;O75143;Q8TDY2;Q9BSB4
prerank,Major Spliceosomal B complex,0.978413232408187,1.595770049042528,0.0,0.0,0.0,45/45,3.38%,Q15393;Q9BWJ5;P14678;P62318;P62308;P62306;P62304;P62316;P62314;URS00006A1489_9606;P08579;P09661;CHEBI:139356;O75533;Q96DI7;Q15029;Q6P2Q9;URS00006767A8_9606;P55769;O75643;Q13435;Q12874;Q15427;Q15428;Q15459;Q9Y3B4;Q8WWY3;O94906;Q9BUQ8;P62310;P62312;O95777;Q9Y4Z0;Q9Y4Y9;Q9Y333;Q9UK45;Q9BTD8;O43172;URS0000715A86_9606;Q8WVK2;P83876;URS0000631BD4_9606;O43395;Q53GS9;O43290
prerank,C9orf72-SMCR8 complex,-0.8753117206982545,-1.5945535326073368,0.0,0.22294637995913558,0.586,3/3,12.57%,Q8TEV9;Q96LT7-1;Q9HAD4
prerank,Collagen type VI trimer,-0.8769742310889443,-1.5937732337106967,0.020942408376963352,0.21226817855801086,0.586,3/3,12.40%,P12110;P12109;P12111
prerank,Ndc80 complex,-0.8148558758314856,-1.5918035859311541,0.02564102564102564,0.2064350055096072,0.592,4/4,18.63%,Q9HBM1;Q9BZD4;Q8NBT2;O14777
prerank,Checkpoint clamp complex,-0.8830701025214742,-1.5904099569102046,0.0091324200913242,0.20103145599234948,0.605,3/3,11.79%,Q99638;O60921;O60671
prerank,Interferon gamma receptor-ligand complex,-0.9066223330562484,-1.5887818838607157,0.005050505050505051,0.1958497801935078,0.613,3/3,9.44%,P38484;CPX-6024;P15260
prerank,Peroxisomal receptor export module complex,-0.8786367414796343,-1.5881699080852751,0.01020408163265306,0.1886241768068333,0.62,3/3,12.24%,O43933;Q13608;Q7Z412
prerank,p53-MDM2-MDM4 transcriptional regulation complex,-0.8808534220005543,-1.586578740092295,0.004739336492890996,0.18510076223201968,0.627,3/3,12.02%,P04637;Q00987;O15151
prerank,CPLANE complex,-0.8683845940703797,-1.5859851754829875,0.0106951871657754,0.17828477748556987,0.629,3/3,13.26%,O95876;Q9BT04;Q9ULD6
prerank,KMN complex,-0.8789138265447494,-1.5858295233262425,0.005,0.17127634140510267,0.63,3/3,12.21%,CPX-550;CPX-5643;CPX-5644
prerank,Fukutin-FKRP-TMEM5 multienzyme complex,-0.8816846771958993,-1.5808374733853796,0.004761904761904762,0.17556557995097563,0.651,3/3,11.93%,Q9Y2B1;O75072;Q9H9S5
prerank,"PtdIns(3,5)P2 regulatory complex",-0.8744804655029095,-1.5797262619559391,0.004524886877828055,0.1721370265377916,0.659,3/3,12.65%,Q08AM6;Q92562;Q9Y2I7
prerank,AP-4 Adaptor complex,-0.8001662971175166,-1.5769880692267786,0.007194244604316547,0.17246637033856543,0.675,4/4,20.10%,Q9Y6B7;Q9Y587;Q9UPM8;O00189
prerank,TSC1-TSC2 complex,-0.8694929343308396,-1.5756009386693723,0.0,0.16906315106390246,0.68,3/3,13.15%,Q92574;Q9P0N9;P49815
prerank,Cardiac Troponin complex,-0.8697700193959547,-1.5730945209804406,0.01,0.16947300112708769,0.694,3/3,13.12%,P45379;P19429;P63316
prerank,RFX gene regulatory complex,-0.8617345525076199,-1.572091275504042,0.004424778761061947,0.16598927559001334,0.696,3/3,13.93%,O00287;P48382;O14593
prerank,NELF negative elongation factor complex ,-0.8015521064301552,-1.5708921071315531,0.015748031496062992,0.16368386898459644,0.704,4/4,19.96%,Q9H3P2;Q8IXH7;Q8WX92;P18615
prerank,GPR88-Gi1 signaling complex,-0.8192904656319291,-1.5706636643666374,0.006993006993006993,0.15909634270917103,0.704,4/4,18.19%,Q9GZN0;P63211;P63096;P62873
prerank,U4/U6.U5 small nuclear ribonucleoprotein complex,0.9748603351955311,1.56957097774728,0.0,0.0,0.0,32/32,3.38%,P14678;P62318;P62308;P62306;P62304;P62316;P62314;Q96DI7;Q15029;Q6P2Q9;URS00006767A8_9606;P55769;O75643;Q8WWY3;O94906;Q9BUQ8;P62310;P62312;O95777;Q9Y4Z0;Q9Y4Y9;Q9Y333;Q9UK45;Q9BTD8;O43172;URS0000715A86_9606;Q8WVK2;P83876;URS0000631BD4_9606;O43395;Q53GS9;O43290
prerank,Mitochondrial transcription initiation complex,-0.8844555278470492,-1.5692685865766967,0.00980392156862745,0.1574005058835584,0.711,3/3,11.66%,Q9H5Q4;Q00059;O00411
prerank,KICSTOR complex,-0.7935144124168514,-1.5646070183925957,0.00819672131147541,0.1614223748859495,0.733,4/4,20.76%,Q9Y664;Q96MD2;Q969R8;Q5T011
prerank,Kinetochore MIS12 complex,-0.7979490022172949,-1.5628529891839835,0.0,0.1612076915195191,0.739,4/4,20.32%,Q9H410;Q6P1K2;Q96IY1;Q9H081
prerank,Eukaryotic translation initiation factor 2 complex,-0.86062621224716,-1.5620491120976692,0.008620689655172414,0.1590938252026404,0.742,3/3,14.04%,P20042;P05198;P41091
prerank,Kinetochore SKA complex,-0.8653366583541148,-1.561995506978055,0.012605042016806723,0.15498803705188377,0.743,3/3,13.57%,Q96BD8;Q8IX90;Q8WVK7
prerank,Major Spliceosomal B-act-III complex,0.95877734155917,1.5617893828819436,0.0,0.0,0.0,46/46,5.34%,Q15393;Q9BWJ5;P14678;P62318;P62308;P62306;P62304;P62316;P62314;URS00006A1489_9606;P08579;P09661;CHEBI:139356;O75533;Q96DI7;Q15029;Q6P2Q9;URS00006767A8_9606;O75643;Q13435;Q12874;Q15427;Q15428;Q15459;Q13573;URS000075BAAE_9606;Q9P013;Q99459;O43660;Q9HCS7;O60306;Q9UNP9;P41223;Q9BZJ0;Q9NW64;Q9HCG8;Q9UQ35;Q9UMS4;O75934;O60508;Q9Y3C6;Q7RTV0;Q13356;O15541;O60231;Q8WUA2
prerank,Mitochondrial 3-oxoacyl-[acyl-carrier-protein] reductase,-0.7896341463414634,-1.5594748408181658,0.014705882352941176,0.15479721617226314,0.752,4/4,21.15%,CHEBI:58349;CHEBI:57540;Q8N4T8;Q92506
prerank,NatC N-alpha-acetyltransferase complex,-0.8647824882238848,-1.5587304268101434,0.004830917874396135,0.15177260152327607,0.754,3/3,13.62%,Q5VZE5;Q147X3;Q9BRA0
prerank,Major Spliceosomal B-act-I complex,0.9571188340807173,1.5587119525178692,0.0,0.0,0.0,44/44,5.45%,Q15393;Q9BWJ5;P14678;P62318;P62308;P62306;P62304;P62316;P62314;URS00006A1489_9606;P08579;P09661;CHEBI:139356;O75533;Q96DI7;Q15029;Q6P2Q9;URS00006767A8_9606;O75643;Q13435;Q12874;Q15427;Q15428;Q15459;Q9Y3B4;Q13573;URS000075BAAE_9606;Q9P013;Q99459;O43660;Q9HCS7;O60306;Q9UNP9;P41223;Q9BZJ0;Q9NW64;Q9HCG8;Q9UQ35;Q7RTV0;Q13356;O15541;CPX-26447;Q8IYB3;Q6UX04
prerank,PeBoW complex,-0.8487115544472154,-1.5583662338719535,0.02,0.14897050162482225,0.756,3/3,15.23%,O00541;Q14137;Q9GZL7
prerank,Major Spliceosomal B-act-IV complex,0.9579714205659855,1.5578981804711185,0.0,0.0,0.0,43/43,5.34%,Q15393;Q9BWJ5;P14678;P62318;P62308;P62306;P62304;P62316;P62314;URS00006A1489_9606;P08579;P09661;CHEBI:139356;O75533;Q96DI7;Q15029;Q6P2Q9;URS00006767A8_9606;Q13435;Q12874;Q15427;Q13573;URS000075BAAE_9606;Q9P013;Q99459;O43660;Q9HCS7;O60306;Q9UNP9;P41223;Q9BZJ0;Q9NW64;Q9HCG8;Q9UQ35;Q9UMS4;O75934;O60508;Q9Y3C6;O95926;Q7RTV0;O15541;O60231;Q8WUA2
prerank,CENP-A recruiting complex,-0.8484344693821003,-1.5577387322963507,0.009433962264150943,0.1466677726112816,0.76,3/3,15.25%,Q9NYP9;O43482;Q6P0N0
prerank,Major Spliceosomal B-act-II complex,0.9579714205659848,1.5571855057583184,0.0,0.0,0.0,43/43,5.34%,Q15393;Q9BWJ5;P14678;P62318;P62308;P62306;P62304;P62316;P62314;URS00006A1489_9606;P08579;P09661;CHEBI:139356;O75533;Q96DI7;Q15029;Q6P2Q9;URS00006767A8_9606;O75643;Q13435;Q12874;Q15427;Q15428;Q15459;Q13573;URS000075BAAE_9606;Q9P013;Q99459;O43660;Q9HCS7;O60306;Q9UNP9;P41223;Q9BZJ0;Q9NW64;Q9HCG8;Q9UQ35;Q9Y3C6;Q7RTV0;Q13356;O15541;O60231;Q8WUA2
prerank,Interleukin-37 receptor-ligand complex,-0.8664449986145748,-1.5570894296884101,0.015957446808510637,0.1440432344159676,0.76,3/3,13.46%,Q9NZH6-1;Q13478-PRO_0000015448;Q6IA17-PRO_0000099065
prerank,IkappaB kinase complex,-0.8620116375727349,-1.5569630758552007,0.005025125628140704,0.14090924615532696,0.76,3/3,13.90%,O15111;O14920;Q9Y6K9
prerank,SMG1C protein kinase complex,-0.8536990856192852,-1.554904665888429,0.004672897196261682,0.14194473854981388,0.77,3/3,14.73%,Q9H0W8;Q96Q15;Q8ND04
prerank,Major Spliceosomal Post-B-act complex,0.957434892187063,1.5547166756180875,0.0,0.0,0.0,41/41,5.34%,Q15393;Q9BWJ5;P14678;P62318;P62308;P62306;P62304;P62316;P62314;URS00006A1489_9606;P08579;P09661;CHEBI:139356;O75533;Q96DI7;Q15029;Q6P2Q9;URS00006767A8_9606;Q13435;Q15427;Q13573;URS000075BAAE_9606;Q9P013;Q99459;O43660;Q9HCS7;O60306;Q9UNP9;P41223;Q9BZJ0;Q9NW64;Q9HCG8;Q9UQ35;Q9UMS4;O75934;O60508;Q9Y3C6;O95926;Q7RTV0;O60231;Q8WUA2
prerank,CCDC36-MEI4-REC114 meiotic recombination initiation complex,-0.86007204211693,-1.5546332885438106,0.00881057268722467,0.13912627688341697,0.77,3/3,14.09%,Q7Z4M0;Q8IYA8;A8MW99
prerank,GPI-anchor transamidase complex,-0.748544496811755,-1.5525172501916689,0.0,0.13930542041242253,0.779,5/5,25.28%,O43292;Q92643;Q969N2;Q96S52;Q9H490
prerank,Myddosome core complex,-0.8012749445676275,-1.5523443387074212,0.008403361344537815,0.13672341951569383,0.779,4/4,19.99%,Q9NWZ3;Q99836;P51617;O43187
prerank,Hydrogen:potassium-exchanging ATPase complex,-0.8681075090052647,-1.5513614796458048,0.014084507042253521,0.13550144946123535,0.782,3/3,13.29%,P20648;P51164;CHEBI:39128
prerank,Major Spliceosomal Pre-B-act complex,0.954074488938673,1.5501884959621313,0.0,0.0,0.0,41/41,5.68%,Q15393;Q9BWJ5;P14678;P62318;P62308;P62306;P62304;P62316;P62314;URS00006A1489_9606;P08579;P09661;CHEBI:139356;O75533;Q96DI7;Q15029;Q6P2Q9;URS00006767A8_9606;O75643;Q13435;Q12874;Q15427;Q15428;Q15459;Q9Y3B4;Q13573;URS000075BAAE_9606;Q9P013;Q99459;O43660;Q9HCS7;O60306;Q9UNP9;P41223;Q9BZJ0;Q9NW64;Q7RTV0;Q13356;CPX-26447;Q8IYB3;O60870
prerank,BLOC-2 complex,-0.8528678304239402,-1.5489033509589805,0.0051813471502590676,0.13604972847433314,0.79,3/3,14.81%,Q9UPZ3;Q86YV9;Q969F9
prerank,"Platelet-activating factor acetylhydrolase IB complex, alpha1-alpha2 variant",-0.8456636187309504,-1.5444195823650309,0.009478672985781991,0.14133799973078476,0.807,3/3,15.53%,P68402;P43034;Q15102
prerank,"Intron Lariat Spliceosome, type 1 complex",0.9583502664662812,1.5426060560674577,0.0,0.0,0.0,31/32,2.49%,P14678;P62318;P62308;P62306;P62304;P62316;P62314;URS00006A1489_9606;P08579;P09661;CHEBI:139356;Q96DI7;Q15029;Q6P2Q9;URS00006767A8_9606;Q13573;URS000075BAAE_9606;Q9P013;Q99459;O43660;Q9HCS7;O60306;Q9UNP9;P41223;Q9BZJ0;Q9NW64;Q9UMS4;O75934;O60508;Q9Y3C6;O95926
prerank,Glutamate decarboxylase 1/2 complex,-0.8492657245774453,-1.5404236862215928,0.0136986301369863,0.1447085992323193,0.813,3/3,15.17%,CHEBI:18405;Q05329;Q99259
prerank,Hydride transfer complex,-0.8564699362704351,-1.5400381490156234,0.029411764705882353,0.1422682365556613,0.814,3/3,14.45%,P11498;P40925;P48163
prerank,Ragulator complex,-0.7443859162739118,-1.5399426464563704,0.03296703296703297,0.13986133406195567,0.814,5/5,25.69%,O43504;Q0VGL1;Q9Y2Q5;Q9UHA4;Q6IAA8
prerank,GINS complex,-0.7915742793791575,-1.536585365853658,0.022727272727272728,0.1424601560535165,0.824,4/4,20.96%,Q14691;Q9BRT9;Q9BRX5;Q9Y248
prerank,CCAAT-binding factor complex,-0.8417844278193406,-1.5361200580469343,0.01,0.14041024039657873,0.826,3/3,15.92%,Q13952;P25208;P23511
prerank,SPATA5-SPATA5L1 ATPase complex,-0.7901884700665188,-1.5325004591409357,0.016666666666666666,0.14404072615364705,0.84,4/4,21.10%,Q9NX04;Q9BVQ7;Q9BW66;Q8NB90
prerank,Outer dynein arm-docking complex,-0.7543665095647353,-1.5324158673289037,0.010638297872340425,0.1416102632108926,0.84,5/5,24.70%,Q5T2S8;A5D8V7;Q96NG3;Q96M63;Q9HAE3
prerank,Mitochondrial glutamyl-tRNA(Gln) amidotransferase complex,-0.8464948739262954,-1.5321953274590356,0.022222222222222223,0.13957478634828802,0.841,3/3,15.45%,O43716;O75879;Q9H0R6
prerank,SNAPc snRNA activating protein complex ,-0.7269198780149709,-1.5310948905109498,0.03488372093023256,0.13858055261450186,0.845,5/5,27.44%,Q92966;Q5SXM2;O75971;Q13487;Q16533
prerank,Complement component C1q complex,-0.859240786921585,-1.5304060627055343,0.0,0.13751813390563034,0.845,3/3,14.17%,P02747;P02745;P02746
prerank,Syndecan-1-syntenin-1-ALIX complex,-0.85896370185647,-1.5294826436322793,0.02512562814070352,0.13698577313476906,0.849,3/3,14.20%,Q8WUM4;O00560;P18827
prerank,BAT3 complex,-0.8639512330285398,-1.5255903993788207,0.016304347826086956,0.14056881333769206,0.86,3/3,13.70%,P11441;P46379;Q7L5D6
prerank,Caspase-2 PIDDosome,-0.8509282349681353,-1.523053107252141,0.024271844660194174,0.1418785648416954,0.866,3/3,15.01%,Q9HB75;P78560;P42575
prerank,PEX2-PEX10-PEX12 E3 ubiquitin ligase complex,-0.8470490440565254,-1.5209562007308093,0.009433962264150943,0.14314801629942175,0.871,3/3,15.39%,O00623;P28328;O60683
prerank,Ribosome biogenesis complex,-0.8658908284843447,-1.519092894322238,0.015384615384615385,0.14368039146890885,0.878,3/3,13.51%,Q13428;Q14978;P61328
prerank,"SAGA complex, KAT2B variant",0.9671400724032303,1.5184518459501155,0.0,0.0,0.0,21/21,3.85%,Q15393;Q9BWJ5;Q9Y4A5;O75528;Q96ES7;Q92831;Q16594;Q12962;Q16514;Q9NPA8;O75529;O75486;O15265;Q9UPT9;Q14CW9;CHEBI:27363;Q9Y6J9;Q96BN2;Q86TJ2;O94864;Q8NEM7
prerank,"SAGA complex, KAT2A variant",0.9671400724032302,1.5171731941149273,0.0,0.0,0.0,21/21,3.85%,Q15393;Q9BWJ5;Q9Y4A5;O75528;Q92830;Q96ES7;Q16594;Q12962;Q16514;Q9NPA8;O75529;O75486;O15265;Q9UPT9;Q14CW9;CHEBI:27363;Q9Y6J9;Q96BN2;Q86TJ2;O94864;Q8NEM7
prerank,Collagen type IX trimer,-0.8428927680798005,-1.5163761207023652,0.014084507042253521,0.1451603283490332,0.887,3/3,15.81%,P20849;Q14050;Q14055
prerank,HUSH epigenetic repressor complex,-0.8661679135494598,-1.5153778479989959,0.018518518518518517,0.14456255537496257,0.89,3/3,13.48%,Q8NEY8;Q99549;Q9UK61
prerank,CSL-NOTCH1-MAML transcriptional activation complex,-0.8442781934053755,-1.5153640172089147,0.026200873362445413,0.1424674458767747,0.89,3/3,15.67%,Q06330;P46531;Q92585
prerank,USH2 complex,-0.7899113082039911,-1.5128139523338537,0.014388489208633094,0.14403302220509093,0.894,4/4,21.12%,Q8WXG9;O75445;Q9H5P4;Q9P202
prerank,"DNA-directed RNA polymerase III complex, POLR3GL variant",0.9677150013915947,1.5119750825850475,0.0,0.0,0.0,19/19,3.74%,CHEBI:29105;CHEBI:18420;P19388;P52434;P61218;P62875;P53803;P0DPB6;O15160;Q9BUI4;Q9NVU0;Q9H1D9;Q9NW08;O75575;O14802;Q9Y535;P05423;Q9Y2Y1;Q9BT43
prerank,UTP-B complex,-0.6794231835829174,-1.5115309083957529,0.04225352112676056,0.14412579510671736,0.9,6/6,32.20%,Q9NYH9;Q8NI36;Q15269;Q12788;Q9UNX4;Q9Y5J1
prerank,ESCRT-II complex,-0.8525907453588253,-1.5107893484305719,0.01020408163265306,0.14319136582533556,0.901,3/3,14.84%,Q9BRG1;Q96H20;Q86VN1
prerank,"DNA-directed RNA polymerase III complex, POLR3G variant",0.9679933203451156,1.510697974046133,0.0,0.0,0.0,19/19,3.71%,CHEBI:29105;CHEBI:18420;P19388;P52434;P61218;P62875;P53803;P0DPB6;O15160;Q9BUI4;Q9NVU0;Q9H1D9;Q9NW08;O75575;O14802;Q9Y535;P05423;Q9Y2Y1;O15318
prerank,"Intron Lariat Spliceosome, type 2 complex",0.9344122548614344,1.5072597480583603,0.0,0.0,0.0,31/33,2.49%,P14678;P62318;P62308;P62306;P62304;P62316;P62314;URS00006A1489_9606;P08579;P09661;CHEBI:139356;Q96DI7;Q15029;Q6P2Q9;URS00006767A8_9606;Q13573;URS000075BAAE_9606;Q9P013;Q99459;O43660;Q9HCS7;O60306;Q9UNP9;P41223;Q9BZJ0;Q9NW64;Q9UMS4;O75934;O60508;Q9Y3C6;O95926
prerank,AP-5 Adaptor complex,-0.7904656319290465,-1.5064798928821492,0.015503875968992248,0.1476723463962904,0.906,4/4,21.07%,Q9H0R1;Q2VPB7;O43299;Q9NUS5
prerank,NuA4 histone acetyltransferase complex,0.9621486223211801,1.5059296614152997,0.0,0.0,0.0,19/19,4.29%,Q9HAF1;Q9Y4A5;O96019;P60709;Q9Y230;Q9Y265;O95619;Q15906;Q9NPF5;Q9NV56;Q52LR7;Q15014;Q92993;Q9NXR8;Q9H0E9;Q05BQ5;Q9H2F5;Q96L91;Q9UBU8
prerank,CST complex,-0.8423385979495706,-1.5027321793240123,0.01809954751131222,0.1508691313670992,0.914,3/3,15.86%,Q86WV5;Q2NKJ3;Q9H668
prerank,GATOR1 complex,-0.8440011083402605,-1.5017092380343147,0.0371900826446281,0.150333003176338,0.916,3/3,15.70%,Q12980;O75140;Q8WTW4
prerank,Eukaryotic translation initiation factor 2B complex,-0.7255336845023566,-1.500898745952147,0.024390243902439025,0.14944697205289942,0.917,5/5,27.57%,Q13144;P49770;Q9NR50;Q14232;Q9UI10
prerank,"TAK1-TAB complex, TAB2 variant",-0.8187863674147964,-1.499168811338644,0.03398058252427184,0.14974164808517074,0.922,3/3,18.22%,Q9NYJ8;O43318;Q15750
prerank,Major Spliceosomal C* complex,0.9184417040358749,1.4978708903528541,0.0,0.0,0.0,44/44,9.27%,P14678;P62318;P62308;P62306;P62304;P62316;P62314;URS00006A1489_9606;P08579;P09661;CHEBI:139356;Q96DI7;Q15029;Q6P2Q9;URS00006767A8_9606;O75643;Q13573;URS000075BAAE_9606;Q9P013;Q99459;O43660;Q9HCS7;O60306;Q9UNP9;P41223;Q9BZJ0;Q9NW64;Q9HCG8;Q9UQ35;Q9UMS4;O75934;O60508;Q9Y3C6;O95926;P38919;Q9Y5S9;P61326;O15234;Q9H875;Q9Y421;O95391;Q8WUQ7;Q14562;Q8N5F7
prerank,WMM N6-adenosine-methyltransferase complex,-0.7391183809259773,-1.4969118472768104,0.033707865168539325,0.15109280213962753,0.925,5/5,26.22%,CPX-21210;Q75N03;Q69YN4;Q5T200;Q15007
prerank,Major Spliceosomal Pre-C*-II complex,0.9179041748388911,1.4963790981089582,0.0,0.0,0.0,43/43,9.30%,P14678;P62318;P62308;P62306;P62304;P62316;P62314;URS00006A1489_9606;P08579;P09661;CHEBI:139356;Q96DI7;Q15029;Q6P2Q9;URS00006767A8_9606;Q13573;URS000075BAAE_9606;Q9P013;Q99459;O43660;Q9HCS7;O60306;Q9UNP9;P41223;Q9BZJ0;Q9NW64;Q9HCG8;Q9UQ35;Q9UMS4;O75934;O60508;Q9Y3C6;O95926;P38919;Q9Y5S9;P61326;O15234;Q9H875;Q9Y421;O95391;Q8WUQ7;Q14562;Q9GZU8
prerank,LDLR-PCSK9 complex,-0.8459407037960655,-1.4942905318376607,0.014354066985645933,0.15279884792357767,0.927,3/3,15.50%,Q8NBP7-PRO_0000027120;Q8NBP7-PRO_0000027121;P01130
prerank,MPP10 complex,-0.8462177888611805,-1.4935243314325566,0.023923444976076555,0.1521184125140886,0.928,3/3,15.48%,O00566;Q96G21;Q9NV31
prerank,TFTC histone acetylation complex,0.9582637729549246,1.492730600084015,0.0,0.0,0.0,18/18,4.65%,Q9Y4A5;O75528;Q92830;Q16594;Q12962;Q16514;Q9NPA8;O75529;O75486;O15265;Q9UPT9;Q14CW9;CHEBI:27363;P49848;Q6P1X5;Q15542;Q15545;O00268
prerank,Major Post-catalytic P Spliceosome complex,0.9179501540184822,1.492657732640955,0.0,0.0,0.0,41/41,9.25%,P14678;P62318;P62308;P62306;P62304;P62316;P62314;URS00006A1489_9606;P08579;P09661;CHEBI:139356;Q96DI7;Q15029;Q6P2Q9;URS00006767A8_9606;O75643;Q13573;URS000075BAAE_9606;Q9P013;Q99459;O43660;Q9HCS7;O60306;Q9UNP9;P41223;Q9BZJ0;Q9NW64;Q9HCG8;Q9UQ35;Q9UMS4;O75934;O60508;Q9Y3C6;O95926;P38919;Q9Y5S9;P61326;O15234;Q9H875;O95391;Q14562
prerank,SHU complex,-0.7893569844789357,-1.491854943280865,0.00819672131147541,0.15221375957739905,0.93,4/4,21.18%,Q14159;Q9NTI5;Q6NVH7;Q19AV6
prerank,"Casein kinase II complex, CSNK2A1-CNSK2A2 variant",-0.8451094486007205,-1.4912534859295208,0.023148148148148147,0.15144459651844033,0.931,3/3,15.59%,P19784;P67870;P68400
prerank,Glycoprotein Ib-IX-V-Filamin-A complex,-0.7280288328250624,-1.49101803641108,0.02127659574468085,0.1499162399795569,0.931,5/5,27.33%,P14770;P07359;P13224;P40197;P21333
prerank,N-acetylglucosamine-1-phosphotransferase complex,-0.8467719589914104,-1.4903269514146453,0.032432432432432434,0.14889999170541537,0.931,3/3,15.42%,Q9UJJ9;Q3T906-PRO_0000225008;Q3T906-PRO_0000225009
prerank,Major Spliceosomal Pre-C*-I complex,0.9168765743073054,1.4897949475158228,0.0,0.0,0.0,39/39,9.30%,P14678;P62318;P62308;P62306;P62304;P62316;P62314;URS00006A1489_9606;P08579;P09661;CHEBI:139356;Q96DI7;Q15029;Q6P2Q9;URS00006767A8_9606;Q13573;URS000075BAAE_9606;Q9P013;Q99459;O43660;Q9HCS7;O60306;Q9UNP9;P41223;Q9BZJ0;Q9NW64;Q9HCG8;Q9UQ35;Q9UMS4;O75934;O60508;Q9Y3C6;O95926;P38919;Q9Y5S9;P61326;O15234;Q14562;Q9GZU8
prerank,Major Spliceosomal C complex,0.9134211263659288,1.4888594727536733,0.0,0.0,0.0,43/43,9.75%,P14678;P62318;P62308;P62306;P62304;P62316;P62314;URS00006A1489_9606;P08579;P09661;CHEBI:139356;Q96DI7;Q15029;Q6P2Q9;URS00006767A8_9606;O75643;Q13573;URS000075BAAE_9606;Q9P013;Q99459;O43660;Q9HCS7;O60306;Q9UNP9;P41223;Q9BZJ0;Q9NW64;Q9HCG8;Q9UQ35;Q9UMS4;O75934;O60508;Q9Y3C6;O95926;Q9ULR0;Q92620;CPX-1941;Q9BW85;Q96BP3;Q9NW82;Q14331;Q86X95;Q9NXE8
prerank,Major Spliceosomal Pre-B complex,0.9316787506971559,1.4884614509376441,0.0,0.0,0.0,26/26,7.50%,Q15393;Q9BWJ5;P14678;P62318;P62308;P62306;P62304;P62316;P62314;URS00006A1489_9606;P08579;P09661;CHEBI:139356;O75533;Q13435;Q12874;Q15427;Q15428;Q15459;Q9Y3B4;Q7RTV0;CPX-2391;P09234;P08621;P09012;M14387
prerank,"Amiloride-sensitive sodium channel complex, delta-beta-gamma",-0.8215572180659463,-1.4880556417000257,0.018867924528301886,0.15040291877535195,0.932,3/3,17.94%,P51172;P51170;P51168
prerank,"Amiloride-sensitive sodium channel complex, alpha-beta-gamma",-0.8212801330008314,-1.485516175902595,0.03669724770642202,0.15208535048137523,0.936,3/3,17.97%,P51170;P51168;P37088
prerank,Tubulin polyglutamylase complex,-0.7319101746603826,-1.482696069254455,0.034482758620689655,0.15454173934242618,0.941,5/5,26.94%,O95922;Q68CL5;Q9BSH3;Q8IUZ0;Q6ZTW0
prerank,MCM complex,-0.6930116472545758,-1.4798707229677508,0.0,0.15725667481191916,0.946,6/6,30.84%,Q14566;P49736;P33992;P33993;P25205;P33991
prerank,U2 small nuclear ribonucleoprotein complex,0.9297854555586514,1.479360910100089,0.0,0.0,0.0,23/23,7.61%,Q15393;Q9BWJ5;P14678;P62318;P62308;P62306;P62304;P62316;P62314;URS00006A1489_9606;P08579;P09661;O75533;Q13435;Q12874;Q15427;Q15428;Q15459;Q9Y3B4;Q7RTV0;CPX-26447;O43719;Q7L014
prerank,"DNA-directed RNA polymerase II complex, Pol II(G) variant",0.9588546010564359,1.477676823222542,0.0,0.0,0.0,15/15,4.51%,CHEBI:29105;CHEBI:18420;P19388;P52434;P61218;P62875;P53803;P0CAP2;P36954;P19387;P24928;P62487;P30876;P52435;O15514
prerank,"AP-2 Adaptor complex, alpha1 variant",-0.7344789356984479,-1.475863240763466,0.0423728813559322,0.16156842097588064,0.951,4/4,26.66%,O95782;P53680;Q96CW1;P63010
prerank,Small ribosomal subunit processome,0.9176667596985764,1.4725465963100894,0.0,0.0,0.0,29/29,8.97%,P55769;Q9NV06;Q9Y2X3;O00567;P22087;O43818;CPX-2450;O75691;O15213;Q9NY61;Q9NRX1;Q8NDD1;Q92979;Q9Y2P8;P78316;Q8NEJ9;Q9BVI4;Q5QJE6;Q14692;Q13601;Q9Y3A2;Q9H0A0;CPX-2688;Q9Y324;Q9NQZ2;Q9H6R4;Q9Y3A4;Q9BVJ6;CPX-2478
prerank,FERRY RAB5 effector complex,-0.7252564457998336,-1.4700758640067428,0.021739130434782608,0.16803852590593943,0.959,5/5,27.60%,O95825;Q8NB37;Q8TEA7;Q6ZMI0;Q9NQ89
prerank,DNA-directed RNA polymerase II complex,0.9585881045025016,1.4687674668047848,0.0,0.0,0.0,14/14,4.51%,CHEBI:29105;CHEBI:18420;P19388;P52434;P61218;P62875;P53803;P36954;P19387;P24928;P62487;P30876;P52435;O15514
prerank,U4 small nuclear ribonucleoprotein complex,0.9697306303804498,1.4681044383878818,0.0,0.0,0.0,11/11,3.32%,P14678;P62318;P62308;P62306;P62304;P62316;P62314;P55769;O43172;URS0000715A86_9606;O43395
prerank,"TAK1-TAB complex, TAB3 variant",-0.8187863674147964,-1.467204758877922,0.03864734299516908,0.17065075707788915,0.964,3/3,18.22%,Q8N5C8;O43318;Q15750
prerank,Collagen type IV trimer variant 3,-0.8229426433915212,-1.4667094824880857,0.034482758620689655,0.16953091472297255,0.965,3/3,17.80%,Q01955;P53420;P29400
prerank,Complement C1 complex,-0.7369004713057943,-1.4618876460198924,0.014084507042253521,0.17435153897596978,0.969,5/5,26.44%,P09871-PRO_0000027588;CPX-1919;P00736-PRO_0000027578;P09871-PRO_0000027587;P00736-PRO_0000027579
prerank,"Histone-lysine N-methyltransferase complex, KMT2C variant",0.9789006107717937,1.460980720165677,0.0,0.0,0.0,10/10,2.38%,CHEBI:29105;P61964;Q9UBL3;Q9C005;Q15291;O15550;Q6ZW49;Q9BTK6;Q14686;Q8NEZ4
prerank,Mitochondrial complex I intermediate assembly (MCIA) complex,-0.6763727121464227,-1.4604117728340476,0.019230769230769232,0.17429527953009671,0.969,6/6,32.50%,Q8IUX1;Q9BQ95;Q9H845;Q9Y375;Q96B77;Q9GZY4
prerank,GLUK1-GLUK2-GLUK3-GLUK4 glutamate ionotropic kainate-type receptor complex,-0.7358647450110865,-1.4596350494074455,0.034782608695652174,0.1740784215739321,0.97,4/4,26.52%,Q16099;P39086;Q13003;Q13002
prerank,"Histone-lysine N-methyltransferase complex, KMT2B variant",0.9811268387454897,1.4591209755773993,0.0,0.0,0.0,9/9,2.13%,CHEBI:29105;P61964;P51610;Q9UBL3;Q9C005;Q15291;O00255;Q9Y5Z7;Q9UMN6
prerank,"Histone-lysine N-methyltransferase complex, KMT2D variant",0.9786229872293173,1.4587200744474071,0.0,0.0,0.0,10/10,2.41%,CHEBI:29105;P61964;Q9UBL3;Q9C005;Q15291;O15550;Q6ZW49;Q9BTK6;Q14686;O14686
prerank,MICOS mitochondrial contact site and cristae organizing system complex,-0.6313453536754507,-1.4585475265042283,0.0,0.17373800334710884,0.972,7/7,37.02%,Q16891;Q5XKP0;Q6UXV4;Q9BRQ6;Q9BUR5;Q9NX63;Q5TGZ0
prerank,Intraflagellar transport complex A,-0.6744315030504715,-1.4580481419678453,0.0,0.1727708152952945,0.972,6/6,32.70%,Q96FT9;Q8NEZ3;Q7Z4L5;Q9P2L0;Q96RY7;Q9HBG6
prerank,Elongator holoenzyme complex,-0.6799778147531892,-1.4578846534980514,0.015873015873015872,0.17119604424986634,0.972,6/6,32.14%,O95163;Q0PNE2;Q96EB1;Q8TE02;Q9H9T3;Q6IA86
prerank,"Histone-lysine N-methyltransferase complex, KMT2A variant",0.9808492922564527,1.4575423723515126,0.0,0.0,0.0,9/9,2.16%,CHEBI:29105;P61964;P51610;Q9UBL3;Q9C005;Q15291;O00255;Q9Y5Z7;Q03164
prerank,General transcription factor TFIIIC complex,-0.6741541874653356,-1.4564606741573034,0.0,0.1717644355712596,0.973,6/6,32.72%,Q9UKN8;Q969F1;Q9Y5Q8;Q9Y5Q9;Q8WUA4;Q12789
prerank,ASCC DNA alkylation repair complex,-0.8068717096148518,-1.4562460324347029,0.0365296803652968,0.1704156562724137,0.973,3/3,19.41%,Q8N9N2;Q8N3C0;Q9H1I8
prerank,"SEC61 protein-conducting channel complex, SEC1A2 variant",-0.8060404544195069,-1.4560345462129205,0.03431372549019608,0.16909358547453504,0.973,3/3,19.49%,Q9H9S3;P60468;P60059
prerank,Nuclear origin recognition complex,-0.6758180809761509,-1.4558204643532224,0.0,0.1676166214291311,0.973,6/6,32.56%,Q13415;O43929;O43913;Q9Y5N6;Q13416;Q9UBD5
prerank,GLUK1-GLUK2-GLUK3-GLUK5 glutamate ionotropic kainate-type receptor complex,-0.7358647450110865,-1.4538991043668341,0.01652892561983471,0.16861549929586037,0.974,4/4,26.52%,Q16478;P39086;Q13003;Q13002
prerank,CCM endothelial permeability complex,-0.8046550290939319,-1.4529274755487118,0.04854368932038835,0.16850157766001886,0.974,3/3,19.63%,Q9BUL8;Q9BSQ5;O00522
prerank,XRCC1 DNA repair complex,-0.6338418862690707,-1.452316197120643,0.023255813953488372,0.16765795084726742,0.974,7/7,36.77%,Q7Z2E3;P49916;P18887;P06746;Q8IW19;Q96T60;Q9NUW8
prerank,mTORC2 complex,-0.6850568339340172,-1.452242995823768,0.011764705882352941,0.16616326854136554,0.974,5/5,31.62%,Q9BPZ7;Q6R327;P85299;Q9BVC4;P42345
prerank,Sm complex,0.9972260748959778,1.4503961123444713,0.0,0.0,0.0,7/7,0.47%,P14678;P62318;P62308;P62306;P62304;P62316;P62314
prerank,"Replication protein A complex, RPA2 variant",-0.8052091992241619,-1.448808803105303,0.05102040816326531,0.1695802516109118,0.977,3/3,19.57%,P15927;P35244;P27694
prerank,DNA-directed RNA polymerase I complex,0.9438576987215123,1.4457462830392156,0.0,0.0,0.0,14/14,5.98%,CHEBI:29105;P19388;P52434;P61218;P62875;P53803;P0DPB6;O15160;Q3B726;Q9P1U0;Q9GZS1;Q9H9Y6;O15446;O95602
prerank,PCAF histone acetylase complex,0.9625208217656861,1.4433366984474407,0.0,0.0,0.0,10/10,4.01%,Q9Y4A5;O75528;Q92831;Q16594;Q12962;Q16514;O75529;O75486;Q9Y6J9;O75478
prerank,"AP-2 Adaptor complex, alpha2 variant",-0.7344789356984479,-1.4413562555698272,0.023076923076923078,0.1793094026435329,0.984,4/4,26.66%,O94973;P53680;Q96CW1;P63010
prerank,UTP-A complex,-0.6749861342207433,-1.4371798349903457,0.013513513513513514,0.18375571181524408,0.987,6/6,32.64%,Q15061;Q8IWA0;Q8TED0;Q969X6;Q9H8H0;Q9H583
prerank,"SEC61 protein-conducting channel complex, SEC1A1 variant",-0.8060404544195069,-1.4369048903595536,0.05339805825242718,0.18258820314901467,0.987,3/3,19.49%,P61619;P60468;P60059
prerank,U5 small nuclear ribonucleoprotein complete complex,0.9261884120088162,1.4354380844141557,0.0,0.0,0.0,14/15,2.66%,P14678;P62318;P62308;P62306;P62304;P62316;P62314;Q96DI7;Q15029;Q6P2Q9;O75643;URS000075BAAE_9606;O94906;Q9BUQ8
prerank,"Replication protein A complex, RPA4 variant",-0.8052091992241619,-1.433067636356933,0.028037383177570093,0.18542946101947436,0.992,3/3,19.57%,Q13156;P35244;P27694
prerank,uPA-uPAR-vitronectin complex,-0.7844278193405376,-1.4310353497259523,0.04712041884816754,0.18665559908857152,0.992,3/3,21.65%,Q03405;P00749;P04004
prerank,BCDX2 complex,-0.7355875831485588,-1.4307036606526173,0.0234375,0.18552062594622923,0.992,4/4,26.55%,O75771;O15315;O43543;O43502
prerank,RQT ribosome-associated quality control trigger complex,-0.8068717096148518,-1.4279986482675215,0.06735751295336788,0.1874255124473981,0.993,3/3,19.41%,Q15650;Q8N3C0;Q9H1I8
prerank,KIF3 complex variant AB-KAP3,-0.8085342200055418,-1.4271909412932968,0.05555555555555555,0.18705200492414062,0.993,3/3,19.24%,O15066;Q92845;Q9Y496
prerank,tRNA-intron splicing endonuclease complex,-0.6969780981425007,-1.4246717387896835,0.05319148936170213,0.18930833090917226,0.993,5/5,30.43%,Q8NCE0;Q8WW01;Q9BSV6;Q7Z6J9;Q92989
prerank,"Muscle-type nicotinic acetylcholine receptor complex, alpha1-beta1-delta-epsilon",-0.727549889135255,-1.4199423007573024,0.047619047619047616,0.19470505245292635,0.993,4/4,27.35%,Q04844-PRO_0000000329;Q07001;P11230-PRO_0000000315;P02708-PRO_0000000305
prerank,"General transcription factor complex TFIID, TAF4B variant",0.9246803779877706,1.4193000013530053,0.0,0.00022929898474519257,0.009,14/14,7.89%,Q16594;Q12962;Q16514;P20226;P49848;Q6P1X5;Q15542;Q15545;P21675;Q15544;Q15543;Q5VWG9;Q7Z7C8;Q92750
prerank,"Signal peptidase complex, SEC11C variant",-0.7386363636363636,-1.4172200991850008,0.03875968992248062,0.19724902617193674,0.994,4/4,26.25%,Q9BY50;P61009;Q15005;Q9Y6A9
prerank,"RAVE complex, DMXL1 variant",-0.7908007758381824,-1.4169459350929072,0.04411764705882353,0.1960564272841894,0.994,3/3,21.01%,Q9Y485;Q9Y4E6;Q9GZN7
prerank,General transcription factor complex TFIID,0.9249583101723174,1.4168015829441176,0.0,0.00029746895318295255,0.01,14/14,7.86%,Q16594;Q12962;Q16514;P20226;P49848;Q6P1X5;Q15542;Q15545;O00268;P21675;Q15544;Q15543;Q5VWG9;Q7Z7C8
prerank,"Muscle-type nicotinic acetylcholine receptor complex, alpha1-beta1-delta-gamma",-0.727549889135255,-1.4164245863140892,0.03773584905660377,0.1949093206735203,0.994,4/4,27.35%,P07510-PRO_0000000334;Q07001;P11230-PRO_0000000315;P02708-PRO_0000000305
prerank,KIF3 complex variant AC-KAP3,-0.8085342200055418,-1.4140182764460936,0.04411764705882353,0.19662641461075958,0.995,3/3,19.24%,O14782;Q92845;Q9Y496
prerank,PCAF-containing ATAC complex,0.9444752915047193,1.4125042747877048,0.0,0.000398256131399545,0.013,10/10,5.81%,P61964;O75528;Q96ES7;Q92831;O75478;Q01658;Q9NS73;Q8IYH5;Q9ULM3;Q9H8E8
prerank,HAUS complex,-0.5876803551609323,-1.4121711722633044,0.0,0.19778624975434195,0.995,8/8,41.39%,Q9H6D7;Q9NVX0;Q96CS2;Q68CZ6;Q9BT25;O94927;Q99871;Q7Z4H7
prerank,GCN5-containing ATAC complex,0.9444752915047193,1.4116072834473068,0.0,0.00038804443572263363,0.013,10/10,5.81%,P61964;O75528;Q92830;Q96ES7;O75478;Q01658;Q9NS73;Q8IYH5;Q9ULM3;Q9H8E8
prerank,EARP tethering complex,-0.7264412416851441,-1.409780220238418,0.023255813953488372,0.19997684180537287,0.995,4/4,27.46%,Q96JG6;Q8N1B4;Q9UID3;Q5VIR6
prerank,Signal recognition particle,-0.6299583911234397,-1.4088561751785658,0.05405405405405406,0.1994796446644022,0.996,7/7,37.15%,O76094;URS00000478B7_9606;P61011;P49458;P37108;Q9UHB9;P09132
prerank,"SIN3A histone deacetylase complex, ES cell-specific variant",0.8981636060100168,1.4068517892659735,0.0,0.00061910725881202,0.024,18/18,10.63%,O15294;Q13547;Q92769;Q09028;Q16576;Q9HCU9;Q9UK53;Q4LE39;Q9H0E3;Q9H160;O75446;Q5PSV4;P29374;Q9HAJ7;Q9H7L9;Q8NFU7;Q96ST3;Q9NP50
prerank,Interleukin-18 receptor-ligand complex,-0.7963424771404822,-1.404968174052403,0.05154639175257732,0.20361351139041634,0.996,3/3,20.46%,O95256;Q13478;Q14116
prerank,Membrane attack complex,-0.5899001109877914,-1.404961863590054,0.0,0.2020219269783804,0.996,8/8,41.17%,P10643;P07360;P07357;P07358;P01031-PRO_0000005985;P13671;P01031-PRO_0000005989;P02748
prerank,Subcortical maternal complex,-0.631622746185853,-1.4043034331528819,0.044444444444444446,0.201084704228905,0.996,7/7,36.99%,Q587J8;Q9H808-1;Q9NX02;Q6TGC4;Q8WX94;P59047;A6NGQ2
prerank,"Mitochondrial calcium uniporter complex, MICUB variant",-0.6847795952314943,-1.4031373055322443,0.0,0.20112271167048054,0.997,5/5,31.64%,Q9NWR8;Q8IYU8;Q9H4I9;Q9BPX6;Q8NE86
prerank,U1 small nuclear ribonucleoprotein complex ,0.927797833935018,1.4030458615019583,0.0010030090270812437,0.0007885648011968818,0.031,11/11,7.50%,P14678;P62318;P62308;P62306;P62304;P62316;P62314;P09234;P08621;P09012;M14387
prerank,Glycoprotein Ib-IX-V complex,-0.7281042128603105,-1.3982308182465617,0.06338028169014084,0.20690279643239814,0.997,4/4,27.30%,P14770;P07359;P13224;P40197
prerank,Rixosome RNA degradation complex,-0.6296809986130374,-1.3969640135974675,0.0,0.2072501425279867,0.997,7/7,37.18%,Q9BV38;Q8IZL8;Q9Y4W2;Q9NXF1;Q9H4L4;Q9NU22;Q5SY16
prerank,"Signal peptidase complex, SEC11A variant",-0.7386363636363636,-1.3963373122943834,0.047619047619047616,0.20663013300051702,0.997,4/4,26.25%,P67812;P61009;Q15005;Q9Y6A9
prerank,"Septin complex, octamer variant, SEPT2-SEPT6-SEPT-7-SEPT9",-0.729490022172949,-1.3956000351154423,0.033112582781456956,0.20639210852332884,0.997,4/4,27.16%,Q9UHD8;Q14141;Q15019;Q16181
prerank,"RAVE complex, DMXL2 variant",-0.7908007758381824,-1.392897450637634,0.052884615384615384,0.2086537426937678,0.997,3/3,21.01%,Q8TDJ6;Q9Y4E6;Q9GZN7
prerank,GARP tethering complex,-0.7264412416851441,-1.3927646073168456,0.058394160583941604,0.2072572007954354,0.997,4/4,27.46%,Q9P1Q0;Q8N1B4;Q9UID3;Q5VIR6
prerank,SIN3A histone deacetylase complex,0.8976925215457325,1.392480116822967,0.001001001001001001,0.0015395788975748645,0.06,15/15,10.60%,Q13547;Q92769;Q09028;Q16576;Q9HCU9;Q9UK53;Q4LE39;Q9H0E3;Q9H160;O75446;Q5PSV4;P29374;Q9HAJ7;Q9H7L9;Q96ST3
prerank,COP9 signalosome variant 2,0.938939772411879,1.3885990974234623,0.0,0.001807729205316751,0.074,9/9,6.34%,CHEBI:29105;Q92905;P61201;Q99627;Q7L5N1;Q9UNS2;Q13098;Q9BT78;Q9H9Q2
prerank,Synaptonemal complex,-0.629126213592233,-1.386498754413046,0.025,0.21503466648451108,0.998,7/7,37.24%,Q15431;Q6PIF2;Q9BXU0;A1L190;Q8IZU3;Q8N0S2;Q9BX26
prerank,TOM40 mitochondrial outer membrane translocase complex,-0.6366158113730929,-1.3854410530500467,0.024390243902439025,0.21514868114669622,0.998,7/7,36.49%,Q9P0U1;Q96B49;Q9NS69;Q15388;O94826;O96008;Q8N4H5
prerank,"Septin complex, octamer variant, SEPT2-SEPT6-SEPT-7-SEPT3",-0.729490022172949,-1.3850168888888894,0.033783783783783786,0.21416161604577955,0.998,4/4,27.16%,Q9UH03;Q14141;Q15019;Q16181
prerank,COP9 signalosome variant 1,0.938662225922842,1.3846423798132632,0.0010183299389002036,0.002126226949455422,0.09,9/9,6.37%,CHEBI:29105;Q92905;P61201;Q99627;Q7L5N1;Q9UNS2;Q13098;Q9BT78;Q9UBW8
prerank,pre-mRNA cleavage and polyadenylation specificity factor complex,0.9370144284128743,1.3823953044487354,0.0,0.0023541362433839768,0.099,8/8,6.51%,CHEBI:29105;Q92797;Q9P2I0;Q9UKF6;O95639;Q6UN15;Q9C0J8;Q10570
prerank,SF3B complex,0.9545076282940359,1.3821521592436121,0.0010526315789473684,0.0023179136501416207,0.1,7/7,4.73%,Q15393;Q9BWJ5;O75533;Q13435;Q15427;Q9Y3B4;Q7RTV0
prerank,CKM complex variant 1,-0.7006651884700665,-1.3807841329987884,0.0234375,0.21866837338528727,0.998,4/4,30.04%,P49336;Q9UHV7;Q93074;P24863
prerank,RZZ complex,-0.7597672485453034,-1.3771315141224012,0.0380952380952381,0.22246897314622088,0.998,3/3,24.11%,Q9H900;P50748;O43264
prerank,NSL histone acetyltransferase complex,0.9250624479600332,1.3752817602256213,0.0010152284263959391,0.0035273014036334943,0.154,9/9,7.72%,P61964;P51610;O15294;Q96EZ8;Q9H7Z6;Q7Z3B3;Q9P2N6;Q9BVI0;Q9H9L4
prerank,"PRMT5 methylosome complex, COPR5 variant",-0.7367691881407593,-1.3749738217187955,0.07,0.2241733470600577,0.998,3/3,26.41%,Q9NQ92;O14744;Q9BQA1
prerank,"LKB1-STRAD-MO25 serine/threonine protein kinase complex, CAB39L-STRADB variant",-0.745081740094209,-1.3741460362004858,0.07203389830508475,0.22386969674728746,0.998,3/3,25.58%,Q9C0K7;Q9H9S4;Q15831
prerank,INO80 chromatin remodeling complex,0.893522379760912,1.373962047147727,0.0,0.003754770875202528,0.172,15/15,11.02%,O96019;Q9Y230;Q9Y265;Q96EZ8;Q9C086;Q9ULG1;Q6PI98;Q9H981;P25490;P0C1Z6;Q6P4R8;Q9Y5K5;Q53TQ3;Q9H9F9;Q8NBZ0
prerank,"Histone-lysine N-methyltransferase complex, SET1B variant",0.9083587892252152,1.3736460300289552,0.0010070493454179255,0.0037483364649163113,0.175,11/11,9.44%,P61964;P51610;Q9UBL3;Q9C005;Q15291;Q9Y5Z7;Q6UXN9;Q9P0U4;Q8NFC6;Q96IK1;Q9UPS6
prerank,HBO1-4.2 histone acetyltransferase complex,0.9739395619628501,1.3726621026853552,0.0011111111111111111,0.003934770578227505,0.181,5/5,2.74%,CHEBI:29105;Q9HAF1;O95251;Q9UNL4;Q9NQC1
prerank,HBO1-5.2 histone acetyltransferase complex,0.9739395619628499,1.3720916176019495,0.0011061946902654867,0.003992499969681,0.184,5/5,2.74%,CHEBI:29105;Q9HAF1;Q8WYH8;O95251;Q9NQC1
prerank,HBO1-5.1 histone acetyltransferase complex,0.9744940393678956,1.3695122530103725,0.0,0.004603618078345789,0.207,5/5,2.69%,CHEBI:29105;Q9HAF1;Q8WYH8;O95251;Q6IE81
prerank,HBO1-4.3 histone acetyltransferase complex,0.9742168006653731,1.3694335176946224,0.0,0.004529736547702201,0.208,5/5,2.71%,CHEBI:29105;Q9HAF1;O95251;Q9UNL4;Q92613
prerank,"FTS-Hook-FHIP cargo adaptor complex, FHIP2B-HOOK1/2/3 variant",-0.6512337122262268,-1.3681133784891497,0.06172839506172839,0.23216418632014774,0.998,5/5,34.99%,Q8N612;Q86VS8;Q9UJC3;Q96ED9;Q9H8T0
prerank,"miRNA RISC complex, TNRC6A variant",-0.6390352093152204,-1.3679604042545834,0.019417475728155338,0.23082010376658416,0.998,5/5,36.21%,Q8NDV7;Q9H9G7;Q9UL18;Q9UKV8;Q9HCK5
prerank,LIFT actin modulation complex,-0.7034368070953437,-1.3676292288638292,0.06451612903225806,0.22990026981795827,0.998,4/4,29.76%,Q9P0V3;O14908;Q9NZN5;Q9UM54
prerank,BRCA1-A complex,0.9453536754507628,1.3675895375263656,0.0031120331950207467,0.005031838831908392,0.235,7/7,5.65%,CHEBI:29105;CPX-715;Q9NXR7;P46736;Q9NWV8;Q96RL1;Q6UWZ7
prerank,HBO1-4.1 histone acetyltransferase complex,0.9744940393678959,1.3660498037975795,0.0,0.005503175633884622,0.253,5/5,2.69%,CHEBI:29105;Q9HAF1;O95251;Q9UNL4;Q6IE81
prerank,HBO1-5.3 histone acetyltransferase complex,0.9742168006653728,1.3660197184141794,0.0,0.005429472388787953,0.254,5/5,2.71%,CHEBI:29105;Q9HAF1;Q8WYH8;O95251;Q92613
prerank,"PRMT5 methylosome complex, RIOK1 variant",-0.7367691881407593,-1.363614591441209,0.08629441624365482,0.23497128105232534,0.998,3/3,26.41%,Q9BRS2;O14744;Q9BQA1
prerank,"Calcineurin-Calmodulin-AKAP5 complex, gamma-R2 variant",0.9525790349417638,1.360646291803583,0.0,0.007928917525136395,0.345,6/6,4.90%,CHEBI:29105;CHEBI:29108;CHEBI:29034;P24588;Q96LZ3;P48454
prerank,"Calcineurin-Calmodulin-AKAP5 complex, alpha-R2 variant",0.9531336661120355,1.3604217538401964,0.0032085561497326204,0.007910814973709145,0.348,6/6,4.84%,CHEBI:29105;CHEBI:29108;CHEBI:29034;P24588;Q96LZ3;Q08209
prerank,PDGF receptor alpha-beta - PDGF-AB complex,-0.6945676274944568,-1.360263185884199,0.0472972972972973,0.23883591353286543,0.998,4/4,30.65%,P01127;P04085;P16234;P09619
prerank,"LKB1-STRAD-MO25 serine/threonine protein kinase complex, CAB39-STRADB variant",-0.745081740094209,-1.3596688051069745,0.08173076923076923,0.23844491176025723,0.998,3/3,25.58%,Q9C0K7;Q9Y376;Q15831
prerank,"LKB1-STRAD-MO25 serine/threonine protein kinase complex, CAB39L-STRADA variant",-0.745081740094209,-1.35857982730112,0.09545454545454546,0.23855766008845006,0.998,3/3,25.58%,Q7RTN6;Q9H9S4;Q15831
prerank,GLUK1-GLUK2-GLUK5 glutamate ionotropic kainate-type receptor complex,-0.7356608478802993,-1.3577927033640265,0.09230769230769231,0.23819440417130175,0.998,3/3,26.52%,Q16478;P39086;Q13002
prerank,CRUMBS3-PALS1-PATJ cell polarity complex,-0.7459129952895539,-1.3573482723924137,0.07964601769911504,0.23722121657160422,0.998,3/3,25.50%,Q9BUF7;Q8NI35;Q8N3R9
prerank,"Calcineurin-Calmodulin-AKAP5 complex, beta-R2 variant",0.9528563505268997,1.3562234336669274,0.0010706638115631692,0.01062159534421375,0.444,6/6,4.87%,CHEBI:29105;CHEBI:29108;CHEBI:29034;P24588;Q96LZ3;P16298
prerank,"LIN-10-LIN-2-LIN-7 complex, LIN7A variant",-0.7522859517871987,-1.3560591871136916,0.06770833333333333,0.23805231650105663,0.998,3/3,24.86%,O14910;Q02410;O14936
prerank,GLUK1-GLUK2-GLUK4 glutamate ionotropic kainate-type receptor complex,-0.7356608478802993,-1.3559382533676736,0.06989247311827956,0.23660752002962424,0.998,3/3,26.52%,Q16099;P39086;Q13002
prerank,"Calcineurin-Calmodulin-AKAP5 complex, alpha-R1 variant",0.9531336661120355,1.3557288321958716,0.0010649627263045794,0.010937561572345687,0.461,6/6,4.84%,CHEBI:29105;CHEBI:29108;CHEBI:29034;P24588;P63098;Q08209
prerank,"BOS complex, NOMO2 variant",-0.7470213355500139,-1.3553611168211344,0.08444444444444445,0.23596514667207774,0.998,3/3,25.39%,Q5JPE7;Q969V3;Q9BVK8
prerank,"Calcineurin-Calmodulin-AKAP5 complex, gamma-R1 variant",0.9525790349417638,1.3537876418300874,0.0,0.012393422175490163,0.508,6/6,4.90%,CHEBI:29105;CHEBI:29108;CHEBI:29034;P24588;P63098;P48454
prerank,CRUMBS1-PALS1-PATJ cell polarity complex,-0.7459129952895539,-1.35356767381268,0.07272727272727272,0.23744690024276074,0.998,3/3,25.50%,P82279;Q8NI35;Q8N3R9
prerank,Mitotic Checkpoint Complex,-0.6893015521064302,-1.352410326233598,0.07633587786259542,0.2377791414963273,0.998,4/4,31.17%,O60566;O43684;Q13257;Q12834
prerank,BTR double Holliday Junction dissolution complex,0.9503605102606765,1.3512459147748799,0.0,0.014689928506579112,0.562,6/6,5.12%,CHEBI:29105;CHEBI:18420;Q9H9A7;Q13472;Q96E14;P54132
prerank,"Calcineurin-Calmodulin-AKAP5 complex, beta-R1 variant",0.9528563505268997,1.3508614918039406,0.003215434083601286,0.01493719100625826,0.569,6/6,4.87%,CHEBI:29105;CHEBI:29108;CHEBI:29034;P24588;P63098;P16298
prerank,BBSome complex,-0.5918423973362931,-1.3503241721059183,0.034482758620689655,0.23964406098358762,0.998,8/8,40.97%,A8MTZ0;Q9BXC9;Q8TAM2;Q96RK4;Q8IWZ6;Q8N3I7;Q8NFJ9;Q3SYG4
prerank,"BOS complex, NOMO1 variant",-0.7470213355500139,-1.349738488052583,0.06451612903225806,0.2391553433984445,0.998,3/3,25.39%,Q15155;Q969V3;Q9BVK8
prerank,Vault ribonucleoprotein complex,-0.6285714285714286,-1.349192817223508,0.045454545454545456,0.23853662775540946,0.998,7/7,37.29%,URS000058CD99_9606;Q9UKK3;Q14764;Q99973;URS0000000A8C_9606;URS0000A76E3A_9606;URS00005CCF67_9606
prerank,Calprotectin heterotetramer,0.9614638203493209,1.3489918764535276,0.0032537960954446853,0.016520109931719026,0.612,5/5,3.99%,CHEBI:29105;CHEBI:29108;CHEBI:29035;P05109;P06702
prerank,Calprotectin heterodimer,0.9614638203493209,1.3489918764535276,0.0032537960954446853,0.016520109931719026,0.612,5/5,3.99%,CHEBI:29105;CHEBI:29108;CHEBI:29035;P05109;P06702
prerank,"LKB1-STRAD-MO25 serine/threonine protein kinase complex, CAB39-STRADA variant",-0.745081740094209,-1.3482731009994802,0.10714285714285714,0.23867966415493877,0.998,3/3,25.58%,Q9Y376;Q7RTN6;Q15831
prerank,Fanconi anemia ubiquitin ligase complex,-0.5617540938107134,-1.346391219187701,0.0,0.2400696745107415,0.999,9/9,43.99%,O15360;Q9NW38;Q9NPI8;Q9HB96;Q8NB91;Q6NZ36;Q00597;Q0VG06;O15287
prerank,Mitochondrial respiratory chain complex II,0.9025811823480434,1.3463524242020886,0.0,0.01985520754270872,0.692,9/9,9.97%,CHEBI:57692;CHEBI:49883;CHEBI:190135;P21912;CHEBI:21137;CHEBI:26355;P31040;Q99643;O14521
prerank,"CCR4-NOT mRNA deadenylase complex, CNOT6L-CNOT7 variant",0.881666666666667,1.3462431009484972,0.0030211480362537764,0.019702600823553337,0.694,12/12,12.13%,CHEBI:18420;CHEBI:60240;Q9NZN8;Q92600;O75175;O95628;Q9H9A5;Q9C0C2;A5YKK6;Q9UKZ1;Q96LI5;Q9UIV1
prerank,"LIN-10-LIN-2-LIN-7 complex, LIN7C variant",-0.7522859517871987,-1.3452503089514305,0.07647058823529412,0.24035415118503306,0.999,3/3,24.86%,Q9NUP9;Q02410;O14936
prerank,"miRNA RISC complex, TNRC6C variant",-0.6390352093152204,-1.3452193157326031,0.0594059405940594,0.2389463817449746,0.999,5/5,36.21%,Q9HCJ0-1;Q9H9G7;Q9UL18;Q9UKV8;Q9HCK5
prerank,CRUMBS2-PALS1-PATJ cell polarity complex,-0.7459129952895539,-1.3451478553634713,0.05339805825242718,0.23763131807654597,0.999,3/3,25.50%,Q5IJ48;Q8NI35;Q8N3R9
prerank,"CCR4-NOT mRNA deadenylase complex, CNOT6L-CNOT8 variant",0.8813888888888892,1.3447664914105704,0.004020100502512563,0.02139561850306245,0.727,12/12,12.15%,CHEBI:18420;CHEBI:60240;Q9NZN8;Q92600;O75175;O95628;Q9H9A5;Q9C0C2;A5YKK6;Q9UKZ1;Q96LI5;Q9UFF9
prerank,"Histone-lysine N-methyltransferase complex, SET1A variant",0.9075770191507077,1.344662719976816,0.004077471967380225,0.021225110370544132,0.729,9/9,9.47%,P61964;P51610;Q9UBL3;Q9C005;Q15291;Q9Y5Z7;Q6UXN9;Q9P0U4;O15047
prerank,Collagen type V trimer variant 2,-0.7359379329454143,-1.3444866005422929,0.0891089108910891,0.23698830177959895,0.999,3/3,26.50%,P25940;P05997;P20908
prerank,"miRNA RISC complex, TNRC6B variant",-0.6390352093152204,-1.3438367573570233,0.06666666666666667,0.23678155923109642,0.999,5/5,36.21%,Q9UPQ9;Q9H9G7;Q9UL18;Q9UKV8;Q9HCK5
prerank,Chaperonin-containing T-complex,-0.5871254162042175,-1.3415361495291993,0.0,0.23918824997726484,0.999,8/8,41.45%,P78371;Q99832;P48643;P50991;P40227;P17987;P50990;P49368
prerank,"PRMT5 methylosome complex, CLNS1A variant",-0.7367691881407593,-1.3414834189209757,0.1005586592178771,0.23781120432723135,0.999,3/3,26.41%,P54105;O14744;Q9BQA1
prerank,Interleukin-23 receptor-ligand complex,-0.6668514412416852,-1.3412907512199594,0.04794520547945205,0.23661522397818038,0.999,4/4,33.42%,Q9NPF7-PRO_0000259488;Q5VWK5-PRO_0000268662;P29460-PRO_0000010930;P42701-PRO_0000010917
prerank,"CCR4-NOT mRNA deadenylase complex, CNOT6-CNOT7 variant",0.8811111111111115,1.341011590685563,0.0030181086519114686,0.026769018619110192,0.812,12/12,12.18%,CHEBI:18420;CHEBI:60240;Q9NZN8;Q92600;O75175;O95628;Q9H9A5;Q9C0C2;A5YKK6;Q9UKZ1;Q9UIV1;Q9ULM6
prerank,"CCR4-NOT mRNA deadenylase complex, CNOT6-CNOT8 variant",0.8811111111111115,1.340458003269883,0.0030120481927710845,0.027244594863527385,0.823,12/12,12.18%,CHEBI:18420;CHEBI:60240;Q9NZN8;Q92600;O75175;O95628;Q9H9A5;Q9C0C2;A5YKK6;Q9UKZ1;Q9UFF9;Q9ULM6
prerank,"BOS complex, NOMO3 variant",-0.7470213355500139,-1.3396273291925456,0.0847457627118644,0.23788885989938466,0.999,3/3,25.39%,P69849;Q969V3;Q9BVK8
prerank,"LIN-10-LIN-2-LIN-7 complex, LIN7B variant",-0.7522859517871987,-1.3396018149263444,0.08247422680412371,0.23652567690555165,0.999,3/3,24.86%,Q9HAP6;Q02410;O14936
prerank,"SREBP-SCAP-INSIG sequestering complex, INSIG1-SREBF2 variant",-0.7395400387919092,-1.3389419398855713,0.075,0.23602330393078566,0.999,3/3,26.14%,O15503;CPX-25721;CHEBI:42977
prerank,MRN double-strand break repair complex,0.945661214305517,1.3385769589247247,0.006659267480577136,0.03042988610055993,0.863,5/5,5.56%,CHEBI:29105;CHEBI:29035;P49959;Q92878;O60934
prerank,BRISC-SHMT2 complex,0.9356627842484748,1.3367078385830935,0.004301075268817204,0.033782336725130764,0.893,6/6,6.59%,CHEBI:29105;Q9NXR7;P46736;Q9NWV8;Q15018;P34897-3
prerank,"Calcineurin-Calmodulin complex, alpha-R2 variant",0.9528694205711117,1.3363791409511248,0.004415011037527594,0.0341066746633829,0.896,5/5,4.84%,CHEBI:29105;CHEBI:29108;CHEBI:29034;Q96LZ3;Q08209
prerank,TIM22 mitochondrial inner membrane twin-pore carrier translocase complex,-0.6317249029395453,-1.3347996297460027,0.028985507246376812,0.241138382378989,0.999,6/6,36.96%,Q9BSF4;Q6PF06;Q53H12;Q9Y584;Q9Y5J7;P62072
prerank,"SREBP-SCAP-INSIG sequestering complex, INSIG1-SREBF1 variant",-0.7395400387919092,-1.334635495989441,0.07614213197969544,0.23992219956026012,0.999,3/3,26.14%,O15503;CPX-25745;CHEBI:42977
prerank,NRZ tethering complex,-0.7597672485453034,-1.3344546121627647,0.10362694300518134,0.2388259915603863,0.999,3/3,24.11%,A2RRP1;Q6NUQ1;O43264
prerank,"Little elongation complex, ELL2 variant",-0.6787694013303769,-1.3341183891473885,0.06015037593984962,0.23797065668714293,0.999,4/4,32.23%,O00472;Q9Y2F5;Q8N5P1;Q659A1
prerank,SF3A complex,0.9883624272651703,1.3336679950864674,0.00258732212160414,0.040118150371018894,0.935,3/3,1.25%,Q12874;Q15428;Q15459
prerank,"Exocyst, EXOC6B variant",-0.5579911209766926,-1.3330239957576557,0.03333333333333333,0.2380157668077337,0.999,8/8,44.35%,Q9Y2D4;Q96A65;O60645;O00471;Q96KP1;Q8IYI6;Q9UPT5;Q9NV70
prerank,"Calcineurin-Calmodulin complex, alpha-R1 variant",0.9528694205711118,1.3316632834523596,0.005500550055005501,0.04492148136672595,0.96,5/5,4.84%,CHEBI:29105;CHEBI:29108;CHEBI:29034;P63098;Q08209
prerank,"Mitochondrial calcium uniporter complex, MICU1-MICU2 variant",-0.684589800443459,-1.3313431598150802,0.05384615384615385,0.2389634266707034,0.999,4/4,31.64%,Q8IYU8;Q9H4I9;Q9BPX6;Q8NE86
prerank,"Nuclear exosome complex, DIS3-EXOSC10 variant",0.872777777777778,1.3312799385030045,0.003015075376884422,0.04532972916612106,0.963,12/12,13.01%,CHEBI:18420;Q96B26;Q06265;Q13868;Q01780;Q9NQT4;Q9NQT5;Q9NPD3;Q15024;Q5RKV6;Q9Y3B2;Q9Y2L1
prerank,"Calcineurin-Calmodulin complex, gamma-R2 variant",0.952314943166066,1.331176392793837,0.005567928730512249,0.04501315454382549,0.963,5/5,4.90%,CHEBI:29105;CHEBI:29108;CHEBI:29034;Q96LZ3;P48454
prerank,"Cytoplasmic exosome complex, DIS3L-EXOSC10 variant",0.8730555555555558,1.331000619449477,0.0020100502512562816,0.044922283378498046,0.963,12/12,12.98%,CHEBI:18420;Q96B26;Q06265;Q13868;Q01780;Q9NQT4;Q9NQT5;Q9NPD3;Q15024;Q5RKV6;Q9Y3B2;Q8TF46
prerank,"Calcineurin-Calmodulin complex, beta-R2 variant",0.9525921818685888,1.3309872633663484,0.006615214994487321,0.044403748395906543,0.963,5/5,4.87%,CHEBI:29105;CHEBI:29108;CHEBI:29034;Q96LZ3;P16298
prerank,"Calcineurin-Calmodulin complex, gamma-R1 variant",0.952314943166066,1.3294441317475887,0.004449388209121246,0.04811032402153762,0.975,5/5,4.90%,CHEBI:29105;CHEBI:29108;CHEBI:29034;P63098;P48454
prerank,TGF-beta-2-TGFR complex,-0.7373233582709893,-1.32870003689583,0.07881773399014778,0.24161006604035337,0.999,3/3,26.36%,P61812-PRO_0000033785;P36897;P37173
prerank,"SMC5-SMC6 SUMO ligase complex, NSE4EA variant",-0.5593784683684795,-1.328646748681898,0.0,0.24032897908982376,0.999,8/8,44.21%,Q9NXX6;Q96SB8;Q8WV22;Q8IY18;Q96MF7;Q96MG7;Q8IX21;Q9BQI6
prerank,"ILK-PINCH-Parvin complex, LIMS2-PARVA variant",-0.7348295926849543,-1.3284971987438654,0.07075471698113207,0.2391645889545408,0.999,3/3,26.61%,Q9NVD7;Q7Z4I7;Q13418
prerank,"Little elongation complex, ELL3 variant",-0.6787694013303769,-1.3283045399758944,0.06666666666666667,0.23818289238284598,0.999,4/4,32.23%,Q9HB65;Q9Y2F5;Q8N5P1;Q659A1
prerank,"Calcineurin-Calmodulin complex, beta-R1 variant",0.9525921818685888,1.3278479424738516,0.005537098560354375,0.0516677724528893,0.984,5/5,4.87%,CHEBI:29105;CHEBI:29108;CHEBI:29034;P63098;P16298
prerank,GLUK1-GLUK3-GLUK4 glutamate ionotropic kainate-type receptor complex,-0.7370462732058742,-1.3273027035702285,0.09941520467836257,0.23866447429410648,0.999,3/3,26.38%,Q16099;P39086;Q13003
prerank,TGF-beta-1-TGFR complex,-0.7373233582709893,-1.327108158450843,0.10697674418604651,0.23762905097874099,0.999,3/3,26.36%,P01137-PRO_0000033763;P36897;P37173
prerank,Mitochondrial respiratory chain complex I,0.81055290485546,1.3247238366377547,0.0,0.06021999119850251,0.99,49/49,20.04%,CHEBI:16238;CHEBI:49601;O14561;P03897;Q9UI09;O95167;O75380;Q16718;Q9P0J0;P03905;O95139;Q9NX14;P03915;O95298;O95182;O43181;O43674;O95299;O43678;O43677;O00217;CHEBI:30408;Q86Y39;P03891;P03901;P49821;P28331;O75306;P51970;P17568;O43920;O43676;O75489;O75438;Q9Y6M9;O75251;P56181;P19404;O95168;P56556;P03886;CHEBI:58210;Q16795;O96000;O15239;O95169;P03923;O95178;CHEBI:64607
prerank,"Muscle cell-specific SWI/SNF ATP-dependent chromatin remodeling complex, ACTL6A-ARID1A-SMARCA2 variant",0.8705555555555553,1.3245007963840827,0.006012024048096192,0.06021555124397861,0.99,12/12,13.23%,O96019;P60709;Q96GM5;Q92922;Q969G3;Q12824;P51531;Q8TAQ2;O14497;Q92925;Q6STE5;Q92784
prerank,"Muscle cell-specific SWI/SNF ATP-dependent chromatin remodeling complex, ACTL6A-ARID1B-SMARCA4 variant",0.8702777777777779,1.324364883469063,0.0020060180541624875,0.05991987116659079,0.991,12/12,13.26%,O96019;P60709;Q96GM5;Q92922;P51532;Q969G3;Q12824;Q8TAQ2;Q92925;Q6STE5;Q92784;Q8NFD5
prerank,"Nucleolar exosome complex, EXOSC10 variant",0.8744793113024161,1.324164844590442,0.0020181634712411706,0.05987103142387558,0.991,11/11,12.82%,CHEBI:18420;Q96B26;Q06265;Q13868;Q01780;Q9NQT4;Q9NQT5;Q9NPD3;Q15024;Q5RKV6;Q9Y3B2
prerank,"Muscle cell-specific SWI/SNF ATP-dependent chromatin remodeling complex, ACTL6A-ARID1A-SMARCA4 variant",0.8705555555555554,1.3240550150419905,0.003006012024048096,0.05958610858757832,0.991,12/12,13.23%,O96019;P60709;Q96GM5;Q92922;P51532;Q969G3;Q12824;Q8TAQ2;O14497;Q92925;Q6STE5;Q92784
prerank,"Muscle cell-specific SWI/SNF ATP-dependent chromatin remodeling complex, ACTL6A-ARID1B-SMARCA2 variant",0.8702777777777778,1.3237618357537937,0.004008016032064128,0.059948656159461884,0.992,12/12,13.26%,O96019;P60709;Q96GM5;Q92922;Q969G3;Q12824;P51531;Q8TAQ2;Q92925;Q6STE5;Q92784;Q8NFD5
prerank,"MON1-CCZ1 guanyl-nucleotide exchange factor complex, MON1B variant",-0.7381546134663343,-1.3228721819445834,0.08205128205128205,0.2425688689177731,1.0,3/3,26.27%,P86791;Q7L1V2;Q96DM3
prerank,"Cytoplasmic exosome complex, DIS3L variant",0.8728131074701475,1.3221194812951076,0.004024144869215292,0.06431450063139597,0.993,11/11,12.98%,CHEBI:18420;Q96B26;Q06265;Q13868;Q9NQT4;Q9NQT5;Q9NPD3;Q15024;Q5RKV6;Q9Y3B2;Q8TF46
prerank,"Exosome complex, DIS3 variant",0.872535406831436,1.32209809872518,0.007049345417925478,0.0636992579622145,0.993,11/11,13.01%,CHEBI:18420;Q96B26;Q06265;Q13868;Q9NQT4;Q9NQT5;Q9NPD3;Q15024;Q5RKV6;Q9Y3B2;Q9Y2L1
prerank,Histone pre-RNA core cleavage complex,0.937344053229831,1.3213166313835671,0.013186813186813187,0.06554675263930433,0.994,5/5,6.40%,CHEBI:29105;Q92797;Q9P2I0;Q9UKF6;P33240
prerank,CKM complex variant 2,-0.7006651884700665,-1.3207474535591244,0.08270676691729323,0.2442983302302268,1.0,4/4,30.04%,Q9BWU1;Q9UHV7;Q93074;P24863
prerank,"Polybromo-associated SWI/SNF ATP-dependent chromatin remodeling complex, ACTL6A variant",0.8644067796610171,1.319741389114363,0.005005005005005005,0.06982901799571806,0.995,13/13,13.87%,O96019;P60709;Q96GM5;Q92922;P51532;Q969G3;Q12824;Q8WUB8;Q8TAQ2;Q92925;Q68CP9;Q9NPI1;Q86U86
prerank,"SWI/SNF ATP-dependent chromatin remodeling complex, ACTL6A-ARID1A-SMARCA2 variant",0.8722577061927241,1.3193252771091049,0.005035246727089627,0.07079421235471735,0.995,11/11,13.04%,O96019;P60709;Q96GM5;Q92922;Q969G3;Q12824;P51531;Q8TAQ2;O14497;Q92925;Q6STE5
prerank,"ILK-PINCH-Parvin complex, LIMS1-PARVA variant",-0.7348295926849543,-1.3192281829703323,0.10050251256281408,0.24510025351209552,1.0,3/3,26.61%,Q9NVD7;P48059;Q13418
prerank,"Neural progenitor-specific SWI/SNF ATP-dependent chromatin remodeling complex, ARID1A-SMARCA2 variant",0.8722577061927242,1.3185079724349629,0.008032128514056224,0.07308539236117781,0.996,11/11,13.04%,O96019;P60709;Q96GM5;Q92922;Q969G3;Q12824;P51531;Q8WUB8;Q8TAQ2;O14497;Q6STE5
prerank,"Neural progenitor-specific SWI/SNF ATP-dependent chromatin remodeling complex, ARID1A-SMARCA4 variant",0.8722577061927242,1.3183770298222535,0.01002004008016032,0.07272881061412781,0.996,11/11,13.04%,O96019;P60709;Q96GM5;Q92922;P51532;Q969G3;Q12824;Q8WUB8;Q8TAQ2;O14497;Q6STE5
prerank,"Little elongation complex, ELL variant",-0.6787694013303769,-1.3179268623024822,0.08053691275167785,0.24572922170678446,1.0,4/4,32.23%,P55199;Q9Y2F5;Q8N5P1;Q659A1
prerank,"SWI/SNF ATP-dependent chromatin remodeling complex, ACTL6A-ARID1A-SMARCA4 variant",0.8722577061927244,1.31792538287603,0.004020100502512563,0.07346166223774107,0.997,11/11,13.04%,O96019;P60709;Q96GM5;Q92922;P51532;Q969G3;Q12824;Q8TAQ2;O14497;Q92925;Q6STE5
prerank,"MON1-CCZ1 guanyl-nucleotide exchange factor complex, MON1A variant",-0.7381546134663343,-1.3179097164525686,0.09090909090909091,0.24445485218147056,1.0,3/3,26.27%,P86791;Q86VX9;Q96DM3
prerank,"ILK-PINCH-Parvin complex, LIMS2-PARVB variant",-0.7348295926849543,-1.3178546682126664,0.07981220657276995,0.24329155139633643,1.0,3/3,26.61%,Q7Z4I7;Q9HBI1;Q13418
prerank,ATG5-ATG12-TECPR1 complex,-0.7270712108617347,-1.3169060629891276,0.09821428571428571,0.24349947240792305,1.0,3/3,27.38%,Q7Z6L1;Q9H1Y0;O94817
prerank,"SREBP-SCAP-INSIG sequestering complex, INSIG2-SREBF2 variant",-0.7395400387919092,-1.316666341044076,0.08415841584158416,0.24243382271552846,1.0,3/3,26.14%,CPX-25721;Q9Y5U4;CHEBI:42977
prerank,"SWI/SNF ATP-dependent chromatin remodeling complex, ACTL6A-ARID1B-SMARCA2 variant",0.8700361010830325,1.3160962751368608,0.0050150451354062184,0.07920743383357905,0.999,11/11,13.26%,O96019;P60709;Q96GM5;Q92922;Q969G3;Q12824;P51531;Q8TAQ2;Q92925;Q6STE5;Q8NFD5
prerank,"Septin complex, hexamer variant, SEPT2-SEPT6-SEPT-7",-0.7292878913826545,-1.3159478258571242,0.09251101321585903,0.24227582055398067,1.0,3/3,27.16%,Q14141;Q15019;Q16181
prerank,COG tethering complex,-0.5890677025527192,-1.315926083756247,0.0,0.24102050542157666,1.0,8/8,41.25%,Q9Y2V7;Q9H9E3;P83436;Q9UP83;Q96JB2;Q96MW5;Q14746;Q8WTW3
prerank,"Polybromo-associated SWI/SNF ATP-dependent chromatin remodeling complex, ACTL6B variant",0.8638510697415946,1.3155048686371267,0.003006012024048096,0.08051904042894197,0.999,13/13,13.93%,P60709;Q96GM5;Q92922;P51532;Q969G3;Q12824;Q8WUB8;Q8TAQ2;Q92925;Q68CP9;Q9NPI1;Q86U86;O94805
prerank,"Neural progenitor-specific SWI/SNF ATP-dependent chromatin remodeling complex, ARID1B-SMARCA2 variant",0.8700361010830324,1.3153119472784214,0.006024096385542169,0.08045614982922986,0.999,11/11,13.26%,O96019;P60709;Q96GM5;Q92922;Q969G3;Q12824;P51531;Q8WUB8;Q8TAQ2;Q6STE5;Q8NFD5
prerank,"MON1-CCZ1B guanyl-nucleotide exchange factor complex, MON1B variant",-0.7381546134663343,-1.315304447413629,0.07216494845360824,0.24071297009960693,1.0,3/3,26.27%,Q7L1V2;P86790;Q96DM3
prerank,"SWI/SNF ATP-dependent chromatin remodeling complex, ACTL6A-ARID1B-SMARCA4 variant",0.8700361010830324,1.3151867329057214,0.0020060180541624875,0.08012623722936009,0.999,11/11,13.26%,O96019;P60709;Q96GM5;Q92922;P51532;Q969G3;Q12824;Q8TAQ2;Q92925;Q6STE5;Q8NFD5
prerank,B-WICH chromatin remodelling complex,0.8878712184290868,1.3149547172510458,0.009174311926605505,0.07998675079745173,0.999,9/9,11.43%,O75533;O60264;Q9NR30;Q9UIG0;Q9BQG0;CHEBI:18111;P35659;Q03468;O00159-3
prerank,"Muscle cell-specific SWI/SNF ATP-dependent chromatin remodeling complex, ACTL6B-ARID1B-SMARCA4 variant",0.8636111111111111,1.3141314312112602,0.002012072434607646,0.08219019785557828,0.999,12/12,13.93%,P60709;Q96GM5;Q92922;P51532;Q969G3;Q12824;Q8TAQ2;Q92925;Q6STE5;Q92784;Q8NFD5;O94805
prerank,"Neural progenitor-specific SWI/SNF ATP-dependent chromatin remodeling complex, ARID1B-SMARCA4 variant",0.8700361010830325,1.3138733118469872,0.008032128514056224,0.08223373978157929,1.0,11/11,13.26%,O96019;P60709;Q96GM5;Q92922;P51532;Q969G3;Q12824;Q8WUB8;Q8TAQ2;Q6STE5;Q8NFD5
prerank,Embryonic stem cell-specific SWI/SNF ATP-dependent chromatin remodeling complex,0.8616282300639067,1.313379541124246,0.007021063189568706,0.08312970116185328,1.0,13/13,14.15%,O96019;P60709;Q96GM5;Q92922;P51532;Q969G3;Q12824;Q8WUB8;O14497;Q8WUZ0;Q9BQE9;Q4VC05;Q92785
prerank,GLUK1-GLUK3-GLUK5 glutamate ionotropic kainate-type receptor complex,-0.7370462732058742,-1.3131932445237164,0.11827956989247312,0.2426312374056491,1.0,3/3,26.38%,Q16478;P39086;Q13003
prerank,"Muscle cell-specific SWI/SNF ATP-dependent chromatin remodeling complex, ACTL6B-ARID1B-SMARCA2 variant",0.8636111111111112,1.3124819957225493,0.0050150451354062184,0.08535163352172483,1.0,12/12,13.93%,P60709;Q96GM5;Q92922;Q969G3;Q12824;P51531;Q8TAQ2;Q92925;Q6STE5;Q92784;Q8NFD5;O94805
prerank,"Muscle cell-specific SWI/SNF ATP-dependent chromatin remodeling complex, ACTL6B-ARID1A-SMARCA4 variant",0.8636111111111111,1.3124680707630623,0.002012072434607646,0.08461132537097606,1.0,12/12,13.93%,P60709;Q96GM5;Q92922;P51532;Q969G3;Q12824;Q8TAQ2;O14497;Q92925;Q6STE5;Q92784;O94805
prerank,"Muscle cell-specific SWI/SNF ATP-dependent chromatin remodeling complex, ACTL6B-ARID1A-SMARCA2 variant",0.863611111111111,1.312186048666799,0.006018054162487462,0.08490705677186239,1.0,12/12,13.93%,P60709;Q96GM5;Q92922;Q969G3;Q12824;P51531;Q8TAQ2;O14497;Q92925;Q6STE5;Q92784;O94805
prerank,Collagen type XI trimer variant 3,-0.7195899141036298,-1.3108406281997658,0.10476190476190476,0.2452983994239794,1.0,3/3,28.13%,P05997;P20908;P12107
prerank,C-to-U editosome complex,0.9317992791793734,1.3108175693252053,0.01098901098901099,0.08906991674102147,1.0,5/5,6.95%,CHEBI:29105;Q9NQ94;Q99729;P41238;O60506-1
prerank,SNARE complex STX1A-SNAP25-VAMP1,-0.7339983374896094,-1.3099204517071472,0.11224489795918367,0.24547314190468975,1.0,3/3,26.69%,P23763;Q16623;P60880
prerank,BRISC complex,0.9356806210146935,1.3094572125118344,0.011148272017837236,0.09301755237135945,1.0,5/5,6.56%,CHEBI:29105;Q9NXR7;P46736;Q9NWV8;Q15018
prerank,U6 small nuclear ribonucleoprotein complex,0.8823154063529964,1.3086095357660532,0.0020304568527918783,0.09536753229175056,1.0,8/9,2.99%,URS00006767A8_9606;P62310;P62312;O95777;Q9Y4Z0;Q9Y4Y9;Q9Y333;Q9UK45
prerank,SNARE complex STX1B-SNAP25-VAMP1,-0.7339983374896094,-1.3081291484510036,0.12254901960784313,0.24704333543433243,1.0,3/3,26.69%,P61266;P23763;P60880
prerank,"MON1-CCZ1B guanyl-nucleotide exchange factor complex, MON1A variant",-0.7381546134663343,-1.3078598543779953,0.107981220657277,0.24628075656124812,1.0,3/3,26.27%,Q86VX9;P86790;Q96DM3
prerank,"GBAF (SWI/SNF) ATP-dependent chromatin remodeling complex, ACTL6A-BICRAL-SMARCA2 variant",0.8605942793668424,1.3077564776188877,0.004020100502512563,0.09753883029471853,1.0,11/11,14.20%,O96019;P60709;Q96GM5;Q92922;P51531;Q8WUZ0;Q9BQE9;Q4VC05;Q15532;Q9H8M2;Q6AI39
prerank,"GBAF (SWI/SNF) ATP-dependent chromatin remodeling complex, ACTL6A-BICRA-SMARCA2 variant",0.8608719800055539,1.3066749284382788,0.006018054162487462,0.10069091667623269,1.0,11/11,14.17%,O96019;P60709;Q96GM5;Q92922;P51531;Q8WUZ0;Q9BQE9;Q4VC05;Q15532;Q9H8M2;Q9NZM4
prerank,Chromosomal passenger complex,0.9323537565844191,1.3050592126289822,0.010964912280701754,0.10558913868332828,1.0,5/5,6.89%,CHEBI:29105;Q96GD4;O15392;Q9NQS7;Q53HL2
prerank,"SWI/SNF ATP-dependent chromatin remodeling complex, ACTL6B-ARID1A-SMARCA2 variant",0.8633712857539573,1.305031233909933,0.008032128514056224,0.10477153347712574,1.0,11/11,13.93%,P60709;Q96GM5;Q92922;Q969G3;Q12824;P51531;Q8TAQ2;O14497;Q92925;Q6STE5;O94805
prerank,"GBAF (SWI/SNF) ATP-dependent chromatin remodeling complex, ACTL6A-BICRAL-SMARCA4 variant",0.8605942793668424,1.3048620688337793,0.00404040404040404,0.1044227576529607,1.0,11/11,14.20%,O96019;P60709;Q96GM5;Q92922;P51532;Q8WUZ0;Q9BQE9;Q4VC05;Q15532;Q9H8M2;Q6AI39
prerank,"GBAF (SWI/SNF) ATP-dependent chromatin remodeling complex, ACTL6A-BICRA-SMARCA4 variant",0.8608719800055539,1.3045478753183757,0.004016064257028112,0.10467300982079468,1.0,11/11,14.17%,O96019;P60709;Q96GM5;Q92922;P51532;Q8WUZ0;Q9BQE9;Q4VC05;Q15532;Q9H8M2;Q9NZM4
prerank,"SWI/SNF ATP-dependent chromatin remodeling complex, ACTL6B-ARID1B-SMARCA2 variant",0.8633712857539574,1.3041698664734447,0.007021063189568706,0.10533054645410576,1.0,11/11,13.93%,P60709;Q96GM5;Q92922;Q969G3;Q12824;P51531;Q8TAQ2;Q92925;Q6STE5;Q8NFD5;O94805
prerank,"SWI/SNF ATP-dependent chromatin remodeling complex, ACTL6B-ARID1B-SMARCA4 variant",0.8633712857539573,1.3034813684044337,0.006042296072507553,0.10700295419486465,1.0,11/11,13.93%,P60709;Q96GM5;Q92922;P51532;Q969G3;Q12824;Q8TAQ2;Q92925;Q6STE5;Q8NFD5;O94805
prerank,SIN3B histone deacetylase complex,0.8398550992614593,1.303405988673265,0.003006012024048096,0.10640436333289309,1.0,14/15,10.47%,Q13547;Q92769;Q09028;Q16576;Q9HCU9;Q9UK53;Q4LE39;Q9H0E3;Q9H160;O75446;Q5PSV4;P29374;Q9HAJ7;Q9H7L9
prerank,"SWI/SNF ATP-dependent chromatin remodeling complex, ACTL6B-ARID1A-SMARCA4 variant",0.8633712857539574,1.3033789291143312,0.009054325955734407,0.10563804227211024,1.0,11/11,13.93%,P60709;Q96GM5;Q92922;P51532;Q969G3;Q12824;Q8TAQ2;O14497;Q92925;Q6STE5;O94805
prerank,"GBAF (SWI/SNF) ATP-dependent chromatin remodeling complex, ACTL6B-BICRAL-SMARCA2 variant",0.8605942793668424,1.3032512318935103,0.006024096385542169,0.10524254889924806,1.0,11/11,14.20%,P60709;Q96GM5;Q92922;P51531;Q8WUZ0;Q9BQE9;Q4VC05;Q15532;Q9H8M2;O94805;Q6AI39
prerank,"GBAF (SWI/SNF) ATP-dependent chromatin remodeling complex, ACTL6B-BICRAL-SMARCA4 variant",0.8605942793668423,1.3020765071918077,0.008040201005025126,0.10898092074971513,1.0,11/11,14.20%,P60709;Q96GM5;Q92922;P51532;Q8WUZ0;Q9BQE9;Q4VC05;Q15532;Q9H8M2;O94805;Q6AI39
prerank,TGF-beta-3-TGFR complex,-0.7373233582709893,-1.302057972674934,0.12682926829268293,0.2541019160490454,1.0,3/3,26.36%,P10600-PRO_0000033797;P36897;P37173
prerank,Fibrinogen complex,-0.7245774452756997,-1.3015313893155211,0.0815450643776824,0.25383176674433766,1.0,3/3,27.63%,P02675-PRO_0000009070;P02671-PRO_0000009021;P02679-PRO_0000009099
prerank,General transcription factor TFIIB-TBP complex,0.9540038791909116,1.3012474847031592,0.018564356435643563,0.11141134329534101,1.0,3/3,4.68%,CHEBI:29105;P20226;Q00403
prerank,"GBAF (SWI/SNF) ATP-dependent chromatin remodeling complex, ACTL6B-BICRA-SMARCA2 variant",0.8608719800055539,1.3009658592277928,0.009045226130653266,0.11149478214698903,1.0,11/11,14.17%,P60709;Q96GM5;Q92922;P51531;Q8WUZ0;Q9BQE9;Q4VC05;Q15532;Q9H8M2;O94805;Q9NZM4
prerank,"ILK-PINCH-Parvin complex, LIMS1-PARVB variant",-0.7348295926849543,-1.30083748686129,0.10138248847926268,0.2537468986490165,1.0,3/3,26.61%,Q9HBI1;P48059;Q13418
prerank,Mitochondrial RNase Z complex,0.9345716662046022,1.3007009353170214,0.015435501653803748,0.11151635104503796,1.0,5/5,6.67%,CHEBI:29105;CHEBI:10668;Q7L0Y3;Q99714;Q9BQ52
prerank,Piccolo NuA4 histone acetyltransferase complex ,0.9584372402327516,1.2990405351985903,0.019851116625310174,0.11658761474365686,1.0,3/3,4.24%,Q92993;Q9NXR8;Q9H2F5
prerank,ATG12-ATG5-ATG16L1 complex,-0.7270712108617347,-1.2981266419837316,0.0776255707762557,0.25678216889759586,1.0,3/3,27.38%,Q676U5;Q9H1Y0;O94817
prerank,GET complex,0.9301552106430153,1.2981118382903634,0.012600229095074456,0.11926074912093662,1.0,4/4,7.09%,CHEBI:29105;P49069;O00258;O43681
prerank,"GBAF (SWI/SNF) ATP-dependent chromatin remodeling complex, ACTL6B-BICRA-SMARCA4 variant",0.8608719800055538,1.2979218521566767,0.008048289738430584,0.11899005049789006,1.0,11/11,14.17%,P60709;Q96GM5;Q92922;P51532;Q8WUZ0;Q9BQE9;Q4VC05;Q15532;Q9H8M2;O94805;Q9NZM4
prerank,Mitochondrial BOLA1-GLRX5 iron-sulfur cluster assembly complex,-0.647450110864745,-1.2974795066268292,0.05172413793103448,0.25669873810380056,1.0,4/4,35.35%,Q9Y3E2;Q86SX6;CHEBI:33737;CHEBI:16856
prerank,"Mitochondrial calcium uniporter complex, MICU1-MICU3 variant",-0.684589800443459,-1.2949476299563474,0.09420289855072464,0.25925515582216174,1.0,4/4,31.64%,Q86XE3;Q9H4I9;Q9BPX6;Q8NE86
prerank,DUOX2-DUOXA2 dual oxidase complex,0.9196007762683671,1.294791761717436,0.02176278563656148,0.12949526850121526,1.0,5/5,8.17%,CHEBI:29108;CHEBI:57692;CHEBI:30413;Q1HG44;Q9NRD8
prerank,"Exocyst, EXOC6 variant",-0.5579911209766926,-1.2940797940797941,0.037037037037037035,0.25960818201321934,1.0,8/8,44.35%,Q8TAG9;Q96A65;O60645;O00471;Q96KP1;Q8IYI6;Q9UPT5;Q9NV70
prerank,SNARE complex STX1B-SNAP25-VAMP2,-0.7339983374896094,-1.2935780444560065,0.1261682242990654,0.25920046568470945,1.0,3/3,26.69%,P61266;P63027;P60880
prerank,SNARE complex STX1A-SNAP25-VAMP2,-0.7339983374896094,-1.2910395435286868,0.13679245283018868,0.2619148799218132,1.0,3/3,26.69%,Q16623;P63027;P60880
prerank,DUOX1-DUOXA1 dual oxidase complex,0.9193235375658442,1.2907109916637984,0.019758507135016465,0.14433665554372194,1.0,5/5,8.19%,CHEBI:29108;CHEBI:57692;CHEBI:30413;Q9NRD9;Q1HG43
prerank,"Neuron-specific SWI/SNF ATP-dependent chromatin remodeling complex, ARID1B-SMARCA4 variant",0.8475000000000003,1.2876060371625913,0.006036217303822937,0.1558585457913449,1.0,12/12,15.53%,P60709;Q96GM5;Q92922;P51532;Q969G3;Q12824;Q8TAQ2;Q6STE5;Q92784;Q8NFD5;O94805;Q92782
prerank,Mitochondrial 2-oxoisovalerate dehydrogenase complex,0.8907073509015258,1.2874672283313173,0.01973001038421599,0.15519372194799627,1.0,7/7,11.10%,CHEBI:57692;CHEBI:58937;P09622;CHEBI:83088;P12694;P21953;P11182
prerank,Survival motor neuron complex,-0.5573133499861227,-1.2863091213210434,0.05555555555555555,0.2684272788227302,1.0,9/9,44.44%,Q16637;P57678;Q9Y3F4;Q9UHI6;Q9NWZ8;Q9H840;O14893;Q8WXD5;Q8TEQ6
prerank,USP12-WDR20 deubiquitinase complex,0.9337583148558757,1.2861697482571604,0.02745995423340961,0.15933348550512186,1.0,4/4,6.73%,CHEBI:29105;Q8TAF3;O75317;Q8TBZ3
prerank,"Neuron-specific SWI/SNF ATP-dependent chromatin remodeling complex, ARID1B-SMARCA2 variant",0.8475,1.285546555881235,0.011022044088176353,0.16080361339160626,1.0,12/12,15.53%,P60709;Q96GM5;Q92922;Q969G3;Q12824;P51531;Q8TAQ2;Q6STE5;Q92784;Q8NFD5;O94805;Q92782
prerank,"Neuron-specific SWI/SNF ATP-dependent chromatin remodeling complex, ARID1A-SMARCA2 variant",0.8474999999999999,1.2852122330429474,0.014014014014014014,0.16093731409315915,1.0,12/12,15.53%,P60709;Q96GM5;Q92922;Q969G3;Q12824;P51531;Q8TAQ2;O14497;Q6STE5;Q92784;O94805;Q92782
prerank,"Neuron-specific SWI/SNF ATP-dependent chromatin remodeling complex, ARID1A-SMARCA4 variant",0.8474999999999998,1.2850000902149892,0.01006036217303823,0.16048737103632826,1.0,12/12,15.53%,P60709;Q96GM5;Q92922;P51532;Q969G3;Q12824;Q8TAQ2;O14497;Q6STE5;Q92784;O94805;Q92782
prerank,"SREBP-SCAP-INSIG sequestering complex, INSIG2-SREBF1 variant",-0.7395400387919092,-1.2836510578505385,0.11764705882352941,0.2716281293760033,1.0,3/3,26.14%,Q9Y5U4;CPX-25745;CHEBI:42977
prerank,Collagen type XI trimer variant 1,-0.7195899141036298,-1.2828638876408405,0.1306532663316583,0.2716082195980523,1.0,3/3,28.13%,P13942;P02458;P12107
prerank,"FTS-Hook-FHIP cargo adaptor complex, FHIP1B-HOOK1/3 variant",-0.6510532150776053,-1.281948663840934,0.10833333333333334,0.27177699001216016,1.0,4/4,34.99%,Q8N612;Q86VS8;Q9UJC3;Q9H8T0
prerank,Mitochondrial 2-oxoglutarate dehydrogenase complex,0.889073765945646,1.2818542641747768,0.024494142705005325,0.17158258919808878,1.0,6/6,11.24%,CHEBI:57692;CHEBI:58937;P09622;P82909;P36957;Q02218
prerank,"NMDA receptor complex, GluN1-GluN2A-GluN2B",-0.7243003602105847,-1.2818337516396074,0.12807881773399016,0.27067421778527995,1.0,3/3,27.66%,Q13224;Q12879;Q05586
prerank,USP12-DMWD deubiquitinase complex,0.9312638580931265,1.2784394813042852,0.029545454545454545,0.18451589607234886,1.0,4/4,6.98%,CHEBI:29105;Q8TAF3;O75317;Q09019
prerank,PPP4C-PPP4R2-PPP4R3B protein phosphatase 4 complex,-0.7029648101967304,-1.278169631122405,0.10144927536231885,0.2753847690906659,1.0,3/3,29.79%,Q5MIZ7;Q9NY27;P60510
prerank,ATG12-ATG5-ATG16L2 complex,-0.7270712108617347,-1.275303759470149,0.10784313725490197,0.2792079726957253,1.0,3/3,27.38%,Q8NAA4;Q9H1Y0;O94817
prerank,Pyruvate dehydrogenase E1 heterotetramer,0.9201773835920175,1.2733281102475866,0.04645760743321719,0.20526053290557428,1.0,4/4,8.08%,CHEBI:18420;CHEBI:58937;P11177;P08559
prerank,"CARD-BCL10-MALT1 complex, CARD10 variant",-0.6960376835688556,-1.2729508379971528,0.11274509803921569,0.28152999305531834,1.0,3/3,30.48%,Q9BWT7;O95999;Q9UDY8
prerank,"Phagocyte NADPH oxidase complex, RAC1 variant",0.8648723640399556,1.2722389661194344,0.017382413087934562,0.2087079359150743,1.0,8/8,13.70%,CHEBI:57692;CHEBI:37565;P14598;P13498;Q15080;P19878;P04839;P63000
prerank,"Phagocyte NADPH oxidase complex, RAC3 variant",0.8645948945615982,1.2722293881689801,0.019487179487179488,0.2072716461042448,1.0,8/8,13.73%,CHEBI:57692;CHEBI:37565;P14598;P13498;Q15080;P19878;P04839;P60763
prerank,"PAR cell polarity complex, PARD6G-PRKCZ variant",-0.7026877251316155,-1.2720497911718935,0.12653061224489795,0.2816916482661721,1.0,3/3,29.82%,Q9BYG4;Q05513;Q8TEW0
prerank,"PAR cell polarity complex, PARD6B-PRKCI variant",-0.7026877251316155,-1.2711568064767478,0.14691943127962084,0.28196462317138093,1.0,3/3,29.82%,Q9BYG5;P41743;Q8TEW0
prerank,PAF1 complex,-0.5912368275097061,-1.268906629422128,0.10666666666666667,0.2845370027702308,1.0,6/6,41.00%,Q6PD62;Q8WVC0;Q8N7H5;Q6P1J9;Q92541;Q9GZS3
prerank,"Brain-specific SWI/SNF ATP-dependent chromatin remodeling complex, ARID1B-SMARCA2 variant",0.8626526082130967,1.2684454631942716,0.019507186858316223,0.22225853704456552,1.0,8/8,13.93%,P60709;Q969G3;Q12824;P51531;Q8TAQ2;Q92925;Q8NFD5;O94805
prerank,"Brain-specific SWI/SNF ATP-dependent chromatin remodeling complex, ARID1A-SMARCA2 variant",0.8626526082130966,1.2678392457819834,0.03282051282051282,0.22340776467558535,1.0,8/8,13.93%,P60709;Q969G3;Q12824;P51531;Q8TAQ2;O14497;Q92925;O94805
prerank,"Brain-specific SWI/SNF ATP-dependent chromatin remodeling complex, ARID1B-SMARCA4 variant",0.8626526082130964,1.2678169711922271,0.023517382413087935,0.22198052548207517,1.0,8/8,13.93%,P60709;P51532;Q969G3;Q12824;Q8TAQ2;Q92925;Q8NFD5;O94805
prerank,"Phagocyte NADPH oxidase complex, RAC2 variant",0.8643174250832408,1.267799743821098,0.021494370522006142,0.2205160429432974,1.0,8/8,13.76%,CHEBI:57692;CHEBI:37565;P14598;P13498;Q15080;P19878;P04839;P15153
prerank,PDGF receptor alpha-beta - PDGF-CC complex,-0.6943751731781658,-1.2677689154496068,0.09813084112149532,0.2851019502032173,1.0,3/3,30.65%,Q9NRA1;P16234;P09619
prerank,PPP4C-PPP4R2-PPP4R3A protein phosphatase 4 complex,-0.7029648101967304,-1.267722505163091,0.12807881773399016,0.28389534976267483,1.0,3/3,29.79%,Q6IN85;Q9NY27;P60510
prerank,PDGF receptor alpha - PDGF-AB complex,-0.6954835134386257,-1.2673967242086643,0.1201923076923077,0.2830319304584136,1.0,3/3,30.54%,P01127;P04085;P16234
prerank,"FTS-Hook-FHIP cargo adaptor complex, FHIP1A-HOOK1/3 variant",-0.6510532150776053,-1.2666185601344866,0.14705882352941177,0.28314114847155486,1.0,4/4,34.99%,Q05DH4;Q86VS8;Q9UJC3;Q9H8T0
prerank,"LINC complex, SUN1-SYNE4 variant",0.9337766694375174,1.2663592063827012,0.04668304668304668,0.22504124811749246,1.0,3/3,6.70%,CHEBI:29105;O94901;Q8N205
prerank,"SMC5-SMC6 SUMO ligase complex, EID3 variant",-0.5593784683684795,-1.2663051443646491,0.13333333333333333,0.28234369587173647,1.0,8/8,44.21%,Q8N140;Q96SB8;Q8WV22;Q8IY18;Q96MF7;Q96MG7;Q8IX21;Q9BQI6
prerank,"PAR cell polarity complex, PARD6B-PRKCZ variant",-0.7026877251316155,-1.2656418198379256,0.13901345291479822,0.282236415178114,1.0,3/3,29.82%,Q9BYG5;Q05513;Q8TEW0
prerank,"Brain-specific SWI/SNF ATP-dependent chromatin remodeling complex, ARID1A-SMARCA4 variant",0.8626526082130966,1.2644549943899803,0.02672147995889003,0.23183063271962417,1.0,8/8,13.93%,P60709;P51532;Q969G3;Q12824;Q8TAQ2;O14497;Q92925;O94805
prerank,[Cu-Zn] Superoxide dismutase complex,0.9276807980049875,1.2641522443688809,0.049429657794676805,0.23158887595771555,1.0,3/3,7.31%,CHEBI:29105;P00441;CHEBI:29036
prerank,Gamma tubulin ring complex,0.8400888395335923,1.263979697083942,0.02032520325203252,0.23083328734781647,1.0,10/10,16.22%,P60709;Q08AG7;P23258;Q9UGJ1;Q6NZ67;Q96CW5;Q96RT8;Q6P582;Q9BSJ2;Q96RT7
prerank,Mitochondrial BOLA3-GLRX5 iron-sulfur cluster assembly complex,-0.647450110864745,-1.263971554456211,0.1111111111111111,0.28381663501612653,1.0,4/4,35.35%,Q53S33;Q86SX6;CHEBI:33737;CHEBI:16856
prerank,Fibrin complex,-0.7245774452756997,-1.2634854919199545,0.14705882352941177,0.2834329847752136,1.0,3/3,27.63%,P02671-PRO_0000009022;P02675-PRO_0000009071;P02679-PRO_0000009099
prerank,DISP septin regulator complex,-0.7032418952618454,-1.2633038028084134,0.15246636771300448,0.28251342348836334,1.0,3/3,29.76%,Q96N67;Q96II8;Q9UM54
prerank,tRNA-guanine transglycosylase complex,0.9271266278747574,1.2612512894828845,0.04950495049504951,0.2413325954646203,1.0,3/3,7.36%,CHEBI:29105;Q9BXR0;Q9H974
prerank,"Endoplasmic reticulum membrane complex, EMC8 variant",-0.520954759922287,-1.2611422172452407,0.0,0.2848502682593945,1.0,9/9,48.06%,O43402;Q5UCC4;Q15006;Q5J8M3;Q9NPA0;Q9BV81;Q9P0I2;Q8N766;Q8N4V1
prerank,"LINC complex, SUN2-SYNE4 variant",0.9337766694375174,1.2606482206819927,0.04975124378109453,0.24256795513395743,1.0,3/3,6.70%,CHEBI:29105;Q9UH99;Q8N205
prerank,U7 small nuclear ribonucleoprotein complex,0.8504439511653717,1.2595173187982094,0.029804727646454265,0.24593221241493265,1.0,8/8,15.14%,P14678;P62318;P62308;P62306;P62304;M17910;Q969L4;P83369
prerank,"Exon junction core complex, MAGOH variant",0.9104767184035476,1.2593272512289349,0.06091954022988506,0.24514309498523293,1.0,4/4,9.05%,P38919;Q9Y5S9;P61326;O15234
prerank,Dynactin complex,0.8398112159911159,1.2590098368992053,0.029352226720647773,0.24495385179461437,1.0,10/10,16.25%,P60709;O75935;Q14203;CPX-8695;Q9UJW0;O00399;Q9BTE1;Q9NZ32;P61163;Q13561
prerank,SRCAP chromatin remodeling complex,0.851790174854288,1.2577292019549482,0.027439024390243903,0.24882342345917358,1.0,9/9,15.03%,O96019;Q9Y230;Q9Y265;O95619;Q15906;Q9NPF5;O43257;Q9GZN1;Q6ZRS2
prerank,ERAP1-ERAP2 endoplasmic reticulum aminopeptidase complex,0.9279578830701023,1.2576850903113899,0.05802469135802469,0.24740478534834182,1.0,3/3,7.28%,CHEBI:29105;Q9NZ08;Q6P179
prerank,General transcription factor TFIIH complex,0.8333796167731184,1.257654231286332,0.02434077079107505,0.24597354849573946,1.0,11/11,16.92%,CHEBI:49883;Q13889;P50613;P51946;P51948;Q13888;P18074;Q92759;P19447;Q6ZYL4;P32780
prerank,"PAR cell polarity complex, PARD6A-PRKCZ variant",-0.7026877251316155,-1.2573661935656784,0.14414414414414414,0.28977290445593146,1.0,3/3,29.82%,Q9NPB6;Q05513;Q8TEW0
prerank,"Gamma-secretase complex, APH1A-PSEN2 variant",-0.5938453008039922,-1.2553546725182467,0.11627906976744186,0.291791954075502,1.0,5/5,40.73%,P49810-PRO_0000025603;P49810-PRO_0000025604;Q96BI3;Q92542;Q9NZ42
prerank,"Ubiquitous AP-1 Adaptor complex, sigma1c variant",-0.6419068736141906,-1.2550047851908182,0.12096774193548387,0.29128944954074415,1.0,4/4,35.91%,Q96PC3;Q9BXS5;O43747;Q10567
prerank,"Endoplasmic reticulum membrane complex, EMC9 variant",-0.520954759922287,-1.253422370617696,0.0,0.29283611113269165,1.0,9/9,48.06%,Q9Y3B6;Q5UCC4;Q15006;Q5J8M3;Q9NPA0;Q9BV81;Q9P0I2;Q8N766;Q8N4V1
prerank,mTORC1 complex,-0.6846771958991411,-1.2511971098955408,0.15865384615384615,0.2949212746336965,1.0,3/3,31.62%,Q8N122;Q9BVC4;P42345
prerank,"COPI vesicle coat complex, COPG1-COPZ2 variant",-0.553120665742025,-1.2511839844625383,0.11904761904761904,0.2936793708074846,1.0,7/7,44.82%,Q9P299;Q9Y678;O14579;P53621;P53618;P48444;P35606
prerank,SLX1-SLX4 structure-specific endonuclease complex,0.9307287337212524,1.250271148434601,0.060196560196560195,0.2769830147564128,1.0,3/3,7.00%,CHEBI:29105;Q8IY92;Q9BQ83
prerank,"Ubiquitous AP-1 Adaptor complex, sigma1a variant",-0.6419068736141906,-1.2500699680945486,0.0962962962962963,0.29449290027387015,1.0,4/4,35.91%,P61966;Q9BXS5;O43747;Q10567
prerank,"CARD-BCL10-MALT1 complex, CARD14 variant",-0.6960376835688556,-1.2494731468513163,0.14736842105263157,0.29444354855793736,1.0,3/3,30.48%,Q9BXL6;O95999;Q9UDY8
prerank,Mitochondrial processing peptidase complex,0.9285120532003324,1.2486913721455721,0.066167290886392,0.2826910370233138,1.0,3/3,7.23%,CHEBI:29105;Q10713;O75439
prerank,MBD2/NuRD nucleosome remodeling and deacetylase complex,0.8175000000000002,1.2481863206066248,0.013039117352056168,0.28328886382210283,1.0,12/12,18.52%,Q13547;Q92769;Q09028;Q16576;Q13330;O94776;Q8WXI9;Q14839;Q9BTC8;Q12873;Q86YP4;Q9UBB5
prerank,MBD3/NuRD nucleosome remodeling and deacetylase complex,0.817777777777778,1.2474818371701353,0.01905717151454363,0.2846440688892807,1.0,12/12,18.49%,Q13547;Q92769;Q09028;Q16576;Q13330;O94776;Q8WXI9;Q14839;Q9BTC8;Q12873;Q86YP4;O95983
prerank,SNARE complex STX17-SNAP29-VAMP8,-0.6904959822665558,-1.2471910378868913,0.13270142180094788,0.2971714318433408,1.0,3/3,31.04%,Q9BV40;O95721;P56962
prerank,SNARE complex STX17-SNAP29-VAMP7,-0.6904959822665558,-1.246489276164476,0.11682242990654206,0.2971884542893567,1.0,3/3,31.04%,P51809;O95721;P56962
prerank,PDGF receptor alpha-beta - PDGF-BB complex,-0.6943751731781658,-1.245639403524628,0.11363636363636363,0.2974102599132484,1.0,3/3,30.65%,P01127;P16234;P09619
prerank,"CRL4-DCAF13 E3 ubiquitin ligase complex, CUL4B variant ",0.9002217294900222,1.2452006405419456,0.053409090909090906,0.293162998274224,1.0,4/4,10.08%,P62877;Q9NV06;Q16531;Q13620
prerank,CORVET tethering complex,-0.5862451469772602,-1.2442133091477479,0.13114754098360656,0.29867610776789166,1.0,6/6,41.50%,Q8WUH2;Q8N3P4;Q9H270;Q9H269;Q96AX1;Q9P253
prerank,SHOC2-HRAS-PPP1CA complex,0.881064596617688,1.2438170384370653,0.059782608695652176,0.2975091023668177,1.0,5/5,12.02%,CHEBI:29035;CHEBI:37565;Q9UQ13;P62136;P01112
prerank,"Katanin complex, KATNAL2-KATNB1 variant",-0.6755333887503464,-1.2436343697964305,0.14096916299559473,0.29831834454446376,1.0,3/3,32.53%,Q8IYT4;Q9BVA0;CHEBI:15422
prerank,MORF1 histone acetyltransferase complex,0.8960643015521065,1.243371320395646,0.0784313725490196,0.29762448954109544,1.0,4/4,10.49%,Q9HAF1;Q8WYH8;Q8WYB5;P55201
prerank,"PAR cell polarity complex, PARD6A-PRKCI variant",-0.7026877251316155,-1.2432645608591735,0.13777777777777778,0.29758403507506964,1.0,3/3,29.82%,Q9NPB6;P41743;Q8TEW0
prerank,"m-AAA protease complex, AFG3L2-SPG7 variant",0.9287891382654474,1.2425950736209925,0.059186189889025895,0.2996270679027681,1.0,3/3,7.20%,CHEBI:29105;Q9UQ90;Q9Y4W6
prerank,CoQ biosynthetic complex,0.8473917869034407,1.2422533142177712,0.03983656792645557,0.2994423729702581,1.0,8/8,15.45%,CHEBI:57692;Q9NZJ6;Q5HYK3;Q9Y2Z9;Q99807;Q9Y3A0;O75208;CHEBI:24875
prerank,"Neuronal AP-3 Adaptor complex, sigma3b variant",-0.6277716186252772,-1.242100590170784,0.11564625850340136,0.29835488872178856,1.0,4/4,37.32%,Q13367;P53677;P59780;O14617
prerank,Glycosylphosphatidylinositol-N-acetylglucosaminyltransferase complex,-0.5572815533980583,-1.2416563658838071,0.13513513513513514,0.29796517807915546,1.0,7/7,44.41%,Q9BRB3;Q14442;P57054;Q3MUY2;P37287;Q92535;O94777
prerank,"Neuronal AP-3 Adaptor complex, sigma3a variant",-0.6277716186252772,-1.2410603662949737,0.1417910447761194,0.29782854439084366,1.0,4/4,37.32%,Q13367;P53677;Q92572;O14617
prerank,"PAR cell polarity complex, PARD6G-PRKCI variant",-0.7026877251316155,-1.2410226602501084,0.1572052401746725,0.2966974298501655,1.0,3/3,29.82%,Q9BYG4;P41743;Q8TEW0
prerank,"Endothelial AP-1 Adaptor complex, sigma1a variant",-0.6419068736141906,-1.2404466298194576,0.1388888888888889,0.29659179925279483,1.0,4/4,35.91%,Q9Y6Q5;P61966;O43747;Q10567
prerank,SHOC2-MRAS-PPP1CA complex,0.8788466869975051,1.2396359744890486,0.05555555555555555,0.3099490671761095,1.0,5/5,12.24%,CHEBI:29035;CHEBI:37565;Q9UQ13;P62136;O14807
prerank,MORF3 histone acetyltransferase complex,0.8957871396895788,1.239578164218277,0.07134502923976609,0.3083498097360977,1.0,4/4,10.52%,Q9HAF1;Q8WYH8;Q8WYB5;Q9ULD4
prerank,MOZ1 histone acetyltransferase complex,0.8960643015521064,1.2390837507393722,0.06307339449541284,0.30875583175494387,1.0,4/4,10.49%,Q9HAF1;Q8WYH8;Q92794;P55201
prerank,"Actin-related protein 2/3 complex, ARPC1A-ACTR3-ARPC5L variant",-0.5242718446601942,-1.2387535005660495,0.09090909090909091,0.2983881288328285,1.0,7/7,47.70%,Q92747;P61158;Q9BPX5;P59998;P61160;O15144;O15145
prerank,SNARE priming complex STX17-SNAP29-YKT6,-0.6904959822665558,-1.2384956554714686,0.13744075829383887,0.29757573687625943,1.0,3/3,31.04%,O15498;O95721;P56962
prerank,BOLA2-GLRX3 iron-sulfur cluster assembly complex,-0.647450110864745,-1.2384407400955793,0.15714285714285714,0.29647590178239874,1.0,4/4,35.35%,O76003;Q9H3K6;CHEBI:33737;CHEBI:16856
prerank,BRCA1-B complex,0.8996674057649665,1.2380925816575183,0.0624263839811543,0.31118434983281545,1.0,4/4,10.13%,CHEBI:49883;CPX-715;Q9BX63;Q92547
prerank,"CARD-BCL10-MALT1 complex, CARD11 variant",-0.6960376835688556,-1.235558302430985,0.14136125654450263,0.30043473381702146,1.0,3/3,30.48%,Q9BXL7;O95999;Q9UDY8
prerank,SHOC2-MRAS-PPP1CC complex,0.8727474355420016,1.2355378307753047,0.06458557588805167,0.3209139861239122,1.0,5/5,12.85%,CHEBI:29035;CHEBI:37565;Q9UQ13;O14807;P36873
prerank,SNARE complex STX17-SNAP47-VAMP7,-0.6904959822665558,-1.2350268638270423,0.14225941422594143,0.3000612750143873,1.0,3/3,31.04%,Q5SQN1;P51809;P56962
prerank,"CRL4-DCAF13 E3 ubiquitin ligase complex, CUL4A variant ",0.9004988913525499,1.2348803965700115,0.0639269406392694,0.32207575361363555,1.0,4/4,10.05%,P62877;Q9NV06;Q16531;Q13619
prerank,tRNA-splicing ligase complex,0.8374028856825747,1.2347351831108337,0.031762295081967214,0.32091386985832815,1.0,8/8,16.45%,CHEBI:29035;Q9BVC5;Q9Y3I0;Q52LJ0;Q9Y224;Q8IWT0;Q92499;Q8NCA5
prerank,"Ubiquitous AP-1 Adaptor complex, sigma1b variant",-0.6419068736141906,-1.2339861232802103,0.16296296296296298,0.3006468047158575,1.0,4/4,35.91%,P56377;Q9BXS5;O43747;Q10567
prerank,MOZ3 histone acetyltransferase complex,0.8957871396895787,1.2339151962836072,0.0836197021764032,0.32263553182880034,1.0,4/4,10.52%,Q9HAF1;Q8WYH8;Q92794;Q9ULD4
prerank,SHOC2-MRAS-PPP1CB complex,0.8721929581369559,1.2337534629891767,0.061452513966480445,0.32142869625598525,1.0,5/5,12.90%,CHEBI:29035;CHEBI:37565;Q9UQ13;O14807;P62140
prerank,"Actin-related protein 2/3 complex, ARPC1A-ACTR3-ARPC5 variant",-0.5242718446601942,-1.2328096972332447,0.027777777777777776,0.3010830890640351,1.0,7/7,47.70%,O15511;Q92747;P61158;P59998;P61160;O15144;O15145
prerank,PDGF receptor alpha-beta - PDGF-DD complex,-0.6943751731781658,-1.2324309555793356,0.14814814814814814,0.30056738618122203,1.0,3/3,30.65%,Q9GZP0;P16234;P09619
prerank,PDGF receptor beta - PDGF-AB complex,-0.6943751731781658,-1.2308419149548244,0.16666666666666666,0.3020291963682819,1.0,3/3,30.65%,P01127;P04085;P09619
prerank,"STRIPAK complex, STRIP1-STRN3 variant",0.8454923717059638,1.2306118134629447,0.06230200633579725,0.33357530372835015,1.0,7/7,15.61%,CHEBI:29035;P30153;P67775;CHEBI:17401;Q9Y3A3;Q5VSL9;Q13033
prerank,MORF2 histone acetyltransferase complex,0.895509977827051,1.2304964824619316,0.08391608391608392,0.3321959325437302,1.0,4/4,10.55%,Q9HAF1;Q8WYH8;Q8WYB5;O95696
prerank,Prefoldin co-chaperone complex,-0.5596228508042153,-1.2303210947026153,0.07407407407407407,0.30166870929795697,1.0,6/6,44.16%,O60925;P61758;Q99471;Q9NUG6;O15212;Q9UHV9
prerank,"STRIPAK complex, STRIP2-STRN3 variant",0.8454923717059639,1.2289468532647057,0.05771248688352571,0.33712747641989116,1.0,7/7,15.61%,CHEBI:29035;P30153;P67775;CHEBI:17401;Q9Y3A3;Q9ULQ0;Q13033
prerank,"Katanin complex, KATNAL2-KATNBL1 variant",-0.6755333887503464,-1.2284675762524366,0.1318181818181818,0.30370839141630496,1.0,3/3,32.53%,Q8IYT4;Q9H079;CHEBI:15422
prerank,"STRIPAK complex, STRIP1-STRN4 variant",0.8457697642163661,1.2271081742600176,0.06553911205073996,0.34367946713568553,1.0,7/7,15.59%,CHEBI:29035;P30153;P67775;CHEBI:17401;Q9Y3A3;Q5VSL9;Q9NRL3
prerank,Classical and lectin pathway C3 convertase complex C4b2a-B,-0.6421840354767184,-1.2263302106107428,0.15384615384615385,0.3060043034256635,1.0,4/4,35.88%,P0C0L5-PRO_0000042703;P0C0L5-PRO_0000042699;P0C0L5-PRO_0000042706;P06681-PRO_0000027612
prerank,"Mitochondrial calcium uniporter complex, MICU1 variant",-0.6844001108340261,-1.2263269639065821,0.15350877192982457,0.30485542774567154,1.0,3/3,31.64%,Q9H4I9;Q9BPX6;Q8NE86
prerank,"CARD-BCL10-MALT1 complex, CARD9 variant",-0.6960376835688556,-1.2262936617052225,0.1683673469387755,0.3037153221090384,1.0,3/3,30.48%,Q9H257;O95999;Q9UDY8
prerank,"CoREST transcriptional corepressor complex, RCOR3-HDAC2 variant",0.8858093126385812,1.2262297107397566,0.08741258741258741,0.3457522957977844,1.0,4/4,11.52%,CHEBI:57692;Q92769;O60341;Q9P2K3
prerank,SHOC2-KRAS-PPP1CA complex,0.8719157194344331,1.224947427513634,0.07431693989071038,0.3492882297183468,1.0,5/5,12.93%,CHEBI:29035;CHEBI:37565;Q9UQ13;P62136;P01116
prerank,Classical and lectin pathway C3 convertase complex C4b2a-A,-0.6421840354767184,-1.2247199259987955,0.125,0.3049681853239134,1.0,4/4,35.88%,P0C0L4-PRO_0000005970;P0C0L4-PRO_0000005972;P0C0L4-PRO_0000005966;P06681-PRO_0000027612
prerank,"STRIPAK complex, STRIP1-STRN variant",0.8452149791955617,1.2245918842754908,0.06666666666666667,0.34899053501312,1.0,7/7,15.64%,CHEBI:29035;P30153;P67775;CHEBI:17401;Q9Y3A3;Q5VSL9;O43815
prerank,"STRIPAK complex, STRIP2-STRN variant",0.8452149791955617,1.2244285792516987,0.059009483667017915,0.3477826568627085,1.0,7/7,15.64%,CHEBI:29035;P30153;P67775;CHEBI:17401;Q9Y3A3;Q9ULQ0;O43815
prerank,"CoREST transcriptional corepressor complex, RCOR3-HDAC1 variant",0.8858093126385812,1.2239968605432237,0.0869047619047619,0.34789640746383654,1.0,4/4,11.52%,CHEBI:57692;Q13547;O60341;Q9P2K3
prerank,SHOC2-NRAS-PPP1CA complex,0.8724701968394789,1.223874827920242,0.06222707423580786,0.34657735899154324,1.0,5/5,12.87%,CHEBI:29035;CHEBI:37565;Q9UQ13;P62136;P01111
prerank,"CoREST transcriptional corepressor complex, RCOR1-HDAC1 variant",0.8852549889135257,1.2235561627182152,0.08618654073199528,0.34628214904317944,1.0,4/4,11.57%,CHEBI:57692;Q13547;O60341;Q9UKL0
prerank,MOZ2 histone acetyltransferase complex,0.895509977827051,1.2231376037257566,0.08149010477299184,0.3463322056009154,1.0,4/4,10.55%,Q9HAF1;Q8WYH8;Q92794;O95696
prerank,"Box C/D snoRNA-Guided RNP methyltransferase complex, FBLL1 variant",0.8508042151968942,1.2229061990176808,0.07922912205567452,0.345474291106705,1.0,6/6,15.06%,P55769;Q9Y2X3;O00567;CHEBI:67040;CHEBI:133335;A6NHQ2
prerank,"STRIPAK complex, STRIP2-STRN4 variant",0.8457697642163661,1.2228209287590788,0.05450733752620545,0.3440285497791285,1.0,7/7,15.59%,CHEBI:29035;P30153;P67775;CHEBI:17401;Q9Y3A3;Q9ULQ0;Q9NRL3
prerank,"Ribonucleoside-diphosphate reductase RR1 complex, RRM2B variant",0.8802660753880267,1.2227479723202128,0.08548009367681499,0.34256906269903226,1.0,4/4,12.07%,CHEBI:18420;CHEBI:29034;P23921;Q7LG56
prerank,"CoREST transcriptional corepressor complex, RCOR2-HDAC1 variant",0.8855321507760535,1.2219809293764718,0.08421052631578947,0.3440457190956127,1.0,4/4,11.54%,CHEBI:57692;Q13547;O60341;Q8IZ40
prerank,"CoREST transcriptional corepressor complex, RCOR1-HDAC2 variant",0.8852549889135257,1.2214748817174677,0.09313154831199069,0.3443676643242762,1.0,4/4,11.57%,CHEBI:57692;Q92769;O60341;Q9UKL0
prerank,"CoREST transcriptional corepressor complex, RCOR2-HDAC2 variant",0.8855321507760535,1.2213259414542061,0.08449074074074074,0.3432035524367773,1.0,4/4,11.54%,CHEBI:57692;Q92769;O60341;Q8IZ40
prerank,"Gamma-secretase complex, APH1A-PSEN1 variant",-0.5938453008039922,-1.2206312062756888,0.1276595744680851,0.31099702237719246,1.0,5/5,40.73%,P49768-PRO_0000025591;P49768-PRO_0000236055;Q96BI3;Q92542;Q9NZ42
prerank,"Box C/D snoRNA-guided RNP methyltransferase complex, FBL variant",0.8521907931225736,1.22013766270304,0.08004268943436499,0.34646603813586757,1.0,6/6,14.92%,P55769;Q9Y2X3;O00567;P22087;CHEBI:67040;CHEBI:133335
prerank,Interleukin-12-receptor ligand complex,-0.6666666666666667,-1.2199609259539619,0.16113744075829384,0.31109939701776085,1.0,3/3,33.42%,CPX-381;Q99665-PRO_0000010920;P42701-PRO_0000010917
prerank,"Katanin complex, KATNA1-KATNBL1 variant",-0.6755333887503464,-1.217283085796899,0.14925373134328357,0.3144597721634254,1.0,3/3,32.53%,O75449;Q9H079;CHEBI:15422
prerank,"Actin-related protein 2/3 complex, ARPC1B-ACTR3B-ARPC5 variant",-0.5242718446601942,-1.2169082414949692,0.06976744186046512,0.3138806776034209,1.0,7/7,47.70%,O15143;O15511;Q9P1U1;P59998;P61160;O15144;O15145
prerank,"Actin-related protein 2/3 complex, ARPC1B-ACTR3-ARPC5 variant",-0.5242718446601942,-1.2150888104778426,0.06976744186046512,0.3155883718808193,1.0,7/7,47.70%,O15143;O15511;P61158;P59998;P61160;O15144;O15145
prerank,RNA polymerase I selectivity factor 1 complex,0.8608261713335181,1.2150324722865635,0.08250825082508251,0.36661027216399067,1.0,5/5,14.04%,P20226;Q15572;Q15573;Q9H5J8;Q53T94
prerank,SNARE complex STX17-SNAP47-VAMP8,-0.6904959822665558,-1.2148860406861153,0.17972350230414746,0.314735138205682,1.0,3/3,31.04%,Q5SQN1;Q9BV40;P56962
prerank,"Ribonucleoside-diphosphate reductase RR1 complex, RRM2 variant",0.8805432372505544,1.214105851869743,0.09642857142857143,0.368747864253649,1.0,4/4,12.04%,CHEBI:18420;CHEBI:29034;P23921;P31350
prerank,"Ubiquitous AP-3 Adaptor complex, sigma3a variant",-0.6277716186252772,-1.2138364518594833,0.11627906976744186,0.31550485558477637,1.0,4/4,37.32%,O00203;Q9Y2T2;Q92572;O14617
prerank,"AMPK complex, alpha1-beta2-gamma1 variant",-0.6650041562759768,-1.2130471176408706,0.1493212669683258,0.31586055469147883,1.0,3/3,33.58%,P54619;O43741;Q13131
prerank,"Ubiquitous AP-3 Adaptor complex, sigma3b variant",-0.6277716186252772,-1.2120972957989402,0.15827338129496402,0.31630404646574645,1.0,4/4,37.32%,O00203;Q9Y2T2;P59780;O14617
prerank,"Actin-related protein 2/3 complex, ARPC1B-ACTR3B-ARPC5L variant",-0.5242718446601942,-1.2099429323968391,0.05714285714285714,0.318680943360748,1.0,7/7,47.70%,Q92747;Q9P1U1;Q9BPX5;P59998;P61160;O15144;O15145
prerank,"COPI vesicle coat complex, COPG1-COPZ1 variant",-0.553120665742025,-1.2088412635994232,0.1891891891891892,0.3190660304849668,1.0,7/7,44.82%,Q9Y678;P61923;O14579;P53621;P53618;P48444;P35606
prerank,"Mitochondrial pyruvate dehydrogenase complex, testis-specific variant",0.8290788013318536,1.2083156599724343,0.06864754098360656,0.3923910885193633,1.0,8/8,17.28%,CHEBI:58937;P11177;P09622;CHEBI:83088;CHEBI:16238;O00330;P10515;P29803
prerank,"Mitochondrial pyruvate dehydrogenase complex, somatic variant",0.8299112097669257,1.2080721237498295,0.06063720452209661,0.3914342123222933,1.0,8/8,17.19%,CHEBI:58937;P11177;P08559;P09622;CHEBI:83088;CHEBI:16238;O00330;P10515
prerank,"Gamma-secretase complex, APH1B-PSEN2 variant",-0.5938453008039922,-1.2073828883931788,0.18085106382978725,0.32064433397812264,1.0,5/5,40.73%,P49810-PRO_0000025603;P49810-PRO_0000025604;Q8WW43;Q92542;Q9NZ42
prerank,"Katanin complex, KATNAL1-KATNBL1 variant",-0.6755333887503464,-1.2064081152965922,0.18055555555555555,0.32098610519187964,1.0,3/3,32.53%,Q9BW62;Q9H079;CHEBI:15422
prerank,Mitochondrial respiratory chain complex IV,0.7764182424916574,1.2057182754946243,0.019,0.3998720797591114,1.0,16/16,22.70%,CHEBI:30413;P09669;P10176;P14406;P12074;P00395;P13073;P24311;O00483;CHEBI:23378;P10606;P00403;P14854;P20674;P15954;P00414
prerank,"AMPK complex, alpha1-beta2-gamma2 variant",-0.6650041562759768,-1.2056822010559813,0.18473895582329317,0.321014692089043,1.0,3/3,33.58%,Q9UGJ0;O43741;Q13131
prerank,DNA polymerase epsilon complex,0.8599944552259495,1.205559870010227,0.10097719869706841,0.39862252704043255,1.0,5/5,14.12%,CHEBI:49883;Q9NRF9;P56282;Q9NR33;Q07864
prerank,Condensin I complex,-0.5888550041585805,-1.204484133616676,0.12631578947368421,0.321905527594728,1.0,5/5,41.22%,Q15021;Q15003;Q9BPX3;Q9NTJ3;O95347
prerank,"COPI vesicle coat complex, COPG2-COPZ1 variant",-0.553120665742025,-1.2036300813854257,0.1724137931034483,0.32225012091678606,1.0,7/7,44.82%,Q9UBF2;P61923;O14579;P53621;P53618;P48444;P35606
prerank,AHNAK - Annexin A2 - S100-A10 complex,0.8689024390243903,1.203472207010466,0.11874272409778813,0.40645811825765366,1.0,4/4,13.21%,CHEBI:29108;P07355;P60903;Q09666
prerank,"AMPK complex, alpha2-beta2-gamma1 variant",-0.6683291770573566,-1.203028883212671,0.16161616161616163,0.3220104121432719,1.0,3/3,33.25%,P54619;P54646;O43741
prerank,"GID E3 ubiquitin ligase complex, RMND5A-RANBP10 variant",-0.4940327504857064,-1.2029165925662457,0.05263157894736842,0.32105043161271263,1.0,9/9,50.75%,Q6VN20;Q9H871;P62699;Q9NWU2;Q9H7D7;Q8IUR7;Q7L5Y9;Q9UL63;Q8IVV7
prerank,"Katanin complex, KATNAL1-KATNB1 variant",-0.6755333887503464,-1.2022720242444895,0.1590909090909091,0.3209147795275533,1.0,3/3,32.53%,Q9BW62;Q9BVA0;CHEBI:15422
prerank,"Gamma-secretase complex, APH1B-PSEN1 variant",-0.5938453008039922,-1.1998249555095253,0.21875,0.3237018970771874,1.0,5/5,40.73%,P49768-PRO_0000025591;P49768-PRO_0000236055;Q8WW43;Q92542;Q9NZ42
prerank,"Katanin complex, KATNA1-KATNB1 variant",-0.6755333887503464,-1.1992744922961434,0.1848341232227488,0.3237418637306265,1.0,3/3,32.53%,O75449;Q9BVA0;CHEBI:15422
prerank,"AMPK complex, alpha1-beta1-gamma1 variant",-0.6650041562759768,-1.1975138571010189,0.2217391304347826,0.3256582317845914,1.0,3/3,33.58%,P54619;Q9Y478;Q13131
prerank,Coagulation factor VIIa - tissue factor complex,0.8675166297117515,1.1946849207005035,0.12689173457508732,0.44412943058166127,1.0,4/4,13.34%,CHEBI:29108;P08709-PRO_0000027730;P13726-PRO_0000033638;P08709-PRO_0000027731
prerank,Mitochondrial CCA tRNA nucleotidyltransferase 1 complex,0.856944829498198,1.1936733080632422,0.10733844468784227,0.4464823985033066,1.0,5/5,14.42%,CHEBI:18420;CHEBI:10668;Q7L0Y3;Q99714;Q96Q11
prerank,"TREX-2 transcription-export complex, CETN2 variant",0.8486276684225117,1.1920657340397578,0.11014176663031625,0.4518572537476551,1.0,5/5,15.25%,Q9NPA8;P60896;P41208;Q5JVF3;O60318
prerank,HOPS tethering complex,-0.5862451469772602,-1.1918782780287687,0.10526315789473684,0.33333277603915257,1.0,6/6,41.50%,Q96JC1;P49754;Q9H270;Q9H269;Q96AX1;Q9P253
prerank,Mitochondrial ribonuclease P complex,0.8572220682007209,1.191478404597102,0.10197368421052631,0.45235768151041716,1.0,5/5,14.40%,CHEBI:18420;CHEBI:10668;Q7L0Y3;Q99714;O15091
prerank,19S-20S-PA28-alphabeta hybrid proteasome complex,0.7374895163544875,1.1902873243439585,0.007,0.45571503565305477,1.0,35/35,26.97%,P60896;P28070;P49720;P49721;P25787;P25788;P25786;P25789;P28066;P20618;P60900;O14818;Q99436;P28072;P28074;P17980;O00232;O43242;P55036;P43686;Q16186;P62333;P62195;P48556;P51665;O00231;Q13200;P35998;Q99460;Q15008;Q9UNM6;P62191;O00487;Q06323;Q9UL46
prerank,30S proteasome complex,0.7379156188879576,1.189472284779557,0.006,0.4551959662840214,1.0,33/33,26.88%,P60896;P28070;P49720;P49721;P25787;P25788;P25786;P25789;P28066;P20618;P60900;O14818;Q99436;P28072;P28074;P17980;O00232;O43242;P55036;P43686;Q16186;P62333;P62195;P48556;P51665;O00231;Q13200;P35998;Q99460;Q15008;Q9UNM6;P62191;O00487
prerank,26S proteasome complex,0.7379156188879576,1.189472284779557,0.006,0.4551959662840214,1.0,33/33,26.88%,P60896;P28070;P49720;P49721;P25787;P25788;P25786;P25789;P28066;P20618;P60900;O14818;Q99436;P28072;P28074;P17980;O00232;O43242;P55036;P43686;Q16186;P62333;P62195;P48556;P51665;O00231;Q13200;P35998;Q99460;Q15008;Q9UNM6;P62191;O00487
prerank,19S-20S-PA28-gamma hybrid proteasome complex,0.7370039128004474,1.1892042181436335,0.005,0.4542851737533835,1.0,34/34,26.99%,P60896;P28070;P49720;P49721;P25787;P25788;P25786;P25789;P28066;P20618;P60900;O14818;Q99436;P28072;P28074;P17980;O00232;O43242;P55036;P43686;Q16186;P62333;P62195;P48556;P51665;O00231;Q13200;P35998;Q99460;Q15008;Q9UNM6;P62191;O00487;P61289
prerank,Mitochondrial propionyl-CoA carboxylase complex,0.8561529933481155,1.188288532853283,0.12696629213483146,0.4562099843492531,1.0,4/4,14.48%,CHEBI:18420;CHEBI:57586;P05165;P05166
prerank,Annexin A2 - S100-A10 complex,0.8711554447215296,1.1876930287506318,0.14559386973180077,0.45699831022239973,1.0,3/3,12.96%,CHEBI:29108;P07355;P60903
prerank,NineTeen Core complex,0.8147018030513176,1.1867222311644186,0.09090909090909091,0.45936914956643854,1.0,7/7,18.69%,Q9P013;Q99459;O43660;Q9UMS4;O75934;Q8WYA6;P11142
prerank,"AMPK complex, alpha1-beta1-gamma2 variant",-0.6650041562759768,-1.1849735271871586,0.22127659574468084,0.3437599554353509,1.0,3/3,33.58%,Q9UGJ0;Q9Y478;Q13131
prerank,"Actin-related protein 2/3 complex, ARPC1A-ACTR3B-ARPC5 variant",-0.5242718446601942,-1.184266177921895,0.075,0.34380443321151677,1.0,7/7,47.70%,O15511;Q92747;Q9P1U1;P59998;P61160;O15144;O15145
prerank,NLRC4 inflammasome,-0.6031042128603105,-1.1840157227724375,0.1791044776119403,0.34299770339784375,1.0,4/4,39.78%,Q9NPP4;Q13075;P29466;Q9ULZ3
prerank,"AMPK complex, alpha1-beta2-gamma3 variant",-0.6650041562759768,-1.1811316921201447,0.18807339449541285,0.34680735044889177,1.0,3/3,33.58%,Q9UGI9;O43741;Q13131
prerank,"GID E3 ubiquitin ligase complex, RMND5B-RANBP10 variant",-0.4940327504857064,-1.1806937453665771,0.17647058823529413,0.3463549928293844,1.0,9/9,50.75%,Q6VN20;Q96G75;P62699;Q9NWU2;Q9H7D7;Q8IUR7;Q7L5Y9;Q9UL63;Q8IVV7
prerank,"TREX-2 transcription-export complex, CETN3 variant",0.8444690878846688,1.1789647965265317,0.12157721796276014,0.493729157603881,1.0,5/5,15.67%,Q9NPA8;P60896;Q5JVF3;O60318;O15182
prerank,"AMPK complex, alpha2-beta2-gamma2 variant",-0.6683291770573566,-1.1768091939617065,0.22477064220183487,0.351948214789505,1.0,3/3,33.25%,Q9UGJ0;P54646;O43741
prerank,"AMPK complex, alpha2-beta1-gamma1 variant",-0.6652812413410918,-1.1748558342773119,0.225,0.35393630328531656,1.0,3/3,33.55%,P54619;P54646;Q9Y478
prerank,"GID E3 ubiquitin ligase complex, RMND5A-RANBP9 variant",-0.4940327504857064,-1.1738979520999653,0.10526315789473684,0.3543425635563833,1.0,9/9,50.75%,Q9H871;Q96S59;P62699;Q9NWU2;Q9H7D7;Q8IUR7;Q7L5Y9;Q9UL63;Q8IVV7
prerank,Complement factor I complex,0.8645054031587698,1.1737529693246784,0.16966580976863754,0.5164788192892195,1.0,3/3,13.62%,CHEBI:29108;P05156-PRO_0000027569;P05156-PRO_0000027570
prerank,"AMPK complex, alpha2-beta1-gamma2 variant",-0.6652812413410918,-1.173470867202335,0.23923444976076555,0.3538812164210943,1.0,3/3,33.55%,Q9UGJ0;P54646;Q9Y478
prerank,"AMPK complex, alpha2-beta2-gamma3 variant",-0.6683291770573566,-1.1726927342225222,0.20952380952380953,0.3542849177946005,1.0,3/3,33.25%,Q9UGI9;P54646;O43741
prerank,"General transcription factor TFIII3B complex, BRF2 variant",0.85730119146578,1.1717931080212198,0.17861482381530985,0.5235855677947958,1.0,3/3,14.34%,P20226;A6H8Y1;Q9HAW0
prerank,Coagulation factor IXa complex,0.8647824882238848,1.171518971198721,0.18527918781725888,0.5224545520337998,1.0,3/3,13.59%,CHEBI:29108;P00740-PRO_0000027757;P00740-PRO_0000027759
prerank,"Beta-catenin destruction core complex, APC-AXIN2-GSK3A variant",-0.604490022172949,-1.1708181232553145,0.16296296296296298,0.35644535798229565,1.0,4/4,39.65%,P49840;Q9Y2T1;P25054;P48729
prerank,"FTS-Hook-FHIP cargo adaptor complex, FHIP2A-HOOK2 variant",-0.6508728179551123,-1.1708102590154579,0.20192307692307693,0.3552595476383078,1.0,3/3,34.99%,Q5W0V3;Q96ED9;Q9H8T0
prerank,"General transcription factor TFIII3B complex, BRF1 variant",0.857578276530895,1.170797226700097,0.1623296158612144,0.5236005332949255,1.0,3/3,14.31%,P20226;A6H8Y1;Q92994
prerank,CIAO1-CIAO2B-CIAO3-MMS19 cytosolic iron-sulfur protein assembly complex,0.8258940948156361,1.1688837311418483,0.1487513572204126,0.5300530026540545,1.0,5/5,17.52%,CHEBI:49883;O76071;Q9H6Q4;Q96T76;Q9Y3D0
prerank,NLGN1(+SSA+SSB) - NRXN1-beta(-SS4) complex,0.8667220836796896,1.1683043380386904,0.1810012836970475,0.5279953072235177,1.0,3/3,13.40%,CHEBI:29108;Q8N2Q7;P58400-1
prerank,NLGN1(-SSA-SSB) - NRXN1-beta(-SS4) complex,0.8667220836796896,1.1683043380386904,0.1810012836970475,0.5279953072235177,1.0,3/3,13.40%,CHEBI:29108;Q8N2Q7;P58400-1
prerank,Condensin II complex,-0.5888550041585805,-1.1682043807664275,0.1875,0.35860509792709305,1.0,5/5,41.22%,Q6IBW4;P42695;Q86XI2;Q9NTJ3;O95347
prerank,"AMPK complex, alpha2-beta1-gamma3 variant",-0.6652812413410918,-1.1673359846753728,0.225,0.35910037911130843,1.0,3/3,33.55%,Q9UGI9;P54646;Q9Y478
prerank,"AMPK complex, alpha1-beta1-gamma3 variant",-0.6650041562759768,-1.1668044144100345,0.2318181818181818,0.35886730241839904,1.0,3/3,33.58%,Q9UGI9;Q9Y478;Q13131
prerank,DNA polymerase zeta complex,0.8275575270307736,1.1664744259214581,0.14585635359116023,0.5344772575056348,1.0,5/5,17.36%,CHEBI:49883;Q9UI95;Q15054;P49005;O60673
prerank,LMAN1-MCFD2 cargo receptor complex,0.8650595732889999,1.1662193259841493,0.18838709677419355,0.5332936630885962,1.0,3/3,13.57%,CHEBI:29108;Q8NI22;P49257
prerank,Lymphotoxin-alpha-beta-LTBR receptor complex,-0.6251039068994182,-1.1656237441873813,0.18840579710144928,0.35977574958794467,1.0,3/3,37.57%,Q06643;P36941;P01374
prerank,"Beta-catenin destruction core complex, APC2-AXIN2-GSK3A variant",-0.604490022172949,-1.1646111982092433,0.152,0.3603738563002104,1.0,4/4,39.65%,P49840;Q9Y2T1;O95996;P48729
prerank,"Prefoldin co-chaperone complex, URI1 variant",-0.5594677016911561,-1.1640003392993465,0.14705882352941177,0.3602905621237424,1.0,5/5,44.16%,Q9UBK9;O94763;Q9NUG6;O15212;Q9UHV9
prerank,Cubam cobalamin uptake receptor complex,0.8639512330285397,1.1634915089165072,0.1952141057934509,0.5439352369386263,1.0,3/3,13.68%,CHEBI:29108;O60494;Q9BXJ7
prerank,Dehydrodolichyl diphosphate synthase complex,0.8536990856192852,1.162633574439795,0.18988902589395806,0.5455913427966382,1.0,3/3,14.70%,CHEBI:18420;Q86SQ9;Q96E22
prerank,DNA polymerase alpha:primase complex,0.8253396174105905,1.1621618888718614,0.14176663031624864,0.5455083993484063,1.0,5/5,17.58%,CHEBI:49883;Q14181;P49642;P49643;P09884
prerank,MUS81-EME1 structure-specific endonuclease complex,0.8542532557495153,1.1611271537679109,0.17743979721166034,0.5480560260566169,1.0,3/3,14.65%,CHEBI:18420;Q96NY9;Q96AY2
prerank,DNA polymerase delta complex,0.8256168561131133,1.16061597476122,0.1588170865279299,0.5481296268203649,1.0,5/5,17.55%,CHEBI:49883;Q15054;P49005;Q9HCU8;P28340
prerank,ISGF3 complex,-0.6616791354945969,-1.1594397759103636,0.2403846153846154,0.3678975419634394,1.0,3/3,33.91%,Q00978;P52630;P42224
prerank,"Beta-catenin destruction core complex, APC-AXIN1-GSK3A variant",-0.604490022172949,-1.1588531495107104,0.1456953642384106,0.36773997826187416,1.0,4/4,39.65%,P49840;O15169;P25054;P48729
prerank,MUS81-EME2 structure-specific endonuclease complex,0.8539761706844002,1.15881228425328,0.20780856423173805,0.5542307315886531,1.0,3/3,14.67%,CHEBI:18420;Q96NY9;A4GXA9
prerank,Mitochondrial electron transfer flavoprotein complex,0.8434035476718404,1.1581675386431065,0.16295427901524032,0.5548324503850389,1.0,4/4,15.75%,CHEBI:57692;CHEBI:456215;P38117;P13804
prerank,"Phosphatidylinositol 3-kinase complex, class III, UVRAG variant",0.835042971998891,1.157863323079169,0.1590909090909091,0.5537929384355134,1.0,5/5,16.61%,CHEBI:29035;Q99570;Q14457;Q8NEB9;Q9P2Y5
prerank,PAQosome co-chaperone complex,0.8225672303853617,1.1576236557835613,0.1713362068965517,0.5526016195092358,1.0,5/5,17.86%,P19388;CPX-6143;CPX-6144;Q96MX6;L0R819
prerank,"Phosphatidylinositol 3-kinase complex, class III, ATG14 variant",0.8353202107014138,1.1559855662859235,0.16974972796517954,0.5581839022659923,1.0,5/5,16.58%,CHEBI:29035;Q99570;Q14457;Q8NEB9;Q6ZNE5
prerank,Lactose synthase complex,0.8658908284843447,1.1557673342252945,0.21019900497512436,0.5568156801106617,1.0,3/3,13.48%,CHEBI:29108;P00709;P15291-2
prerank,19S proteasome regulatory complex,0.7350403562482605,1.1547996625326273,0.035035035035035036,0.5591573332234467,1.0,19/19,26.88%,P60896;P17980;O00232;O43242;P55036;P43686;Q16186;P62333;P62195;P48556;P51665;O00231;Q13200;P35998;Q99460;Q15008;Q9UNM6;P62191;O00487
prerank,C3PO endoribonuclease complex,0.8531449154890554,1.154257853032533,0.23333333333333334,0.5592280243616243,1.0,3/3,14.76%,CHEBI:18420;Q15631;Q99598
prerank,Mitochondrial pyruvate dehydrogenase serine/threonine phosphatase complex,0.8525907453588253,1.1530990727422215,0.21238938053097345,0.5622828896475175,1.0,3/3,14.81%,CHEBI:18420;Q8NCN5;Q9P0J1
prerank,CIAO1-CIAO2A-CIAO3 cytosolic iron-sulfur protein assembly complex,0.8248337028824833,1.1511160537086829,0.17893544733861835,0.5692274733329549,1.0,4/4,17.61%,CHEBI:49883;O76071;Q9H6Q4;Q9H5X1
prerank,"Actin-related protein 2/3 complex, ARPC1B-ACTR3-ARPC5L variant",-0.5242718446601942,-1.150845895596077,0.21621621621621623,0.3815810889573777,1.0,7/7,47.70%,O15143;P61158;Q9BPX5;P59998;P61160;O15144;O15145
prerank,"Beta-catenin destruction core complex, APC2-AXIN1-GSK3A variant",-0.604490022172949,-1.1500003713248126,0.2112676056338028,0.3816895048665259,1.0,4/4,39.65%,P49840;O95996;O15169;P48729
prerank,SNIP1/SkIP associated RNA-processing complex,0.8164679789298587,1.1479112144938033,0.16575192096597147,0.5824666298672955,1.0,5/5,18.47%,Q13573;Q9H307;Q8TAD8;Q9Y2W1;Q9NYF8
prerank,"Mitochondrial succinyl-CoA synthetase complex, GTP-specific variant",0.8528678304239402,1.146238799213073,0.23574144486692014,0.5881634087911551,1.0,3/3,14.78%,CHEBI:18420;P53597;Q96I99
prerank,R2SP co-chaperone complex,0.8314855875831486,1.1461728618828786,0.19742990654205608,0.5860882050087123,1.0,4/4,16.94%,Q9Y230;Q9Y265;Q07617;Q8WWB5
prerank,R2TP core co-chaperone complex,0.8309312638580932,1.1453682986702047,0.18488372093023256,0.5875153771129354,1.0,4/4,17.00%,Q9Y230;Q9Y265;Q9NWS0;Q9H6T3
prerank,"Beta-catenin destruction core complex, APC2-AXIN2-GSK3B variant",-0.5734478935698448,-1.1439093989655786,0.24193548387096775,0.3930084088897673,1.0,4/4,42.75%,Q9Y2T1;O95996;P48729;P49841
prerank,R2SD co-chaperone complex,0.8306541019955654,1.1436690446881033,0.19548022598870057,0.5932656422378232,1.0,4/4,17.03%,Q9Y230;Q9Y265;Q07617;Q9NVR5
prerank,"Mitochondrial succinyl-CoA synthetase complex, ATP-specific variant",0.8523136602937103,1.1432798135633464,0.22400990099009901,0.5925963329831467,1.0,3/3,14.84%,CHEBI:18420;P53597;Q9P2R7
prerank,"RNA decapping and exonuclease complex, DCP1B variant",-0.5135884636716584,-1.1426347612312893,0.16923076923076924,0.39409066720725744,1.0,6/6,48.75%,Q8IZD4;Q6P2E9;Q8IZH2;Q96F86;Q8IU60;P26196
prerank,"Neuronal nicotinic acetylcholine receptor complex, alpha3-alpha5-beta4",-0.6220559711831533,-1.1419348527829407,0.21153846153846154,0.39408862667172867,1.0,3/3,37.87%,P30532-PRO_0000000356;P30926-PRO_0000000389;P32297-PRO_0000000346
prerank,TIM9-TIM10-TIM10B mitochondrial intermembrane space protein transporter complex,-0.631199778331948,-1.140863946729868,0.22065727699530516,0.39493388540487145,1.0,3/3,36.96%,Q9Y5J6;Q9Y5J7;P62072
prerank,BRCC E3 ubiquitin ligase complex,0.7972823072656684,1.1387612304860948,0.15817409766454352,0.6121803620228528,1.0,6/6,20.40%,Q9NXR7;P46736;P51587;P38398;Q99728;Q06609
prerank,CHRAC chromatin remodeling complex,0.8284368070953436,1.1386720395873724,0.19324796274738068,0.610153367436276,1.0,4/4,17.25%,O60264;Q9NRF9;Q9NRL2;Q9NRG0
prerank,"SCF E3 ubiquitin ligase complex, KDM2B variant",0.8215077605321509,1.1374069549624959,0.2128146453089245,0.6138585491246209,1.0,4/4,17.94%,P62877;P63208;Q13616;Q8NHM5
prerank,Cyclin-dependent protein kinase-activating kinase complex,0.8331947908007757,1.1364312983943052,0.23552123552123552,0.6163863060821083,1.0,3/3,16.75%,P50613;P51946;P51948
prerank,20S proteasome complex,0.7409672040022235,1.1360281489114394,0.0802407221664995,0.6158952238402264,1.0,14/14,26.19%,P28070;P49720;P49721;P25787;P25788;P25786;P25789;P28066;P20618;P60900;O14818;Q99436;P28072;P28074
prerank,"SCF E3 ubiquitin ligase complex, FBXL13 variant",0.8212305986696231,1.135086686131667,0.21729237770193402,0.6180685067847406,1.0,4/4,17.97%,P62877;P63208;Q13616;Q8NEE6
prerank,"Neuronal nicotinic acetylcholine receptor complex, alpha3-alpha6-beta2-beta3",-0.5817627494456763,-1.1343067947459553,0.20408163265306123,0.4058497694375157,1.0,4/4,41.92%,Q05901-PRO_0000000383;Q15825-PRO_0000000360;P32297-PRO_0000000346;P17787-PRO_0000000379
prerank,PA28-alphabeta double-capped 20S proteasome complex,0.7335928809788652,1.1332917952773487,0.06713426853707415,0.6220561716516912,1.0,16/16,26.97%,P28070;P49720;P49721;P25787;P25788;P25786;P25789;P28066;P20618;P60900;O14818;Q99436;P28072;P28074;Q06323;Q9UL46
prerank,PA28-alphabeta single-capped 20S proteasome complex,0.7335928809788652,1.1332917952773487,0.06713426853707415,0.6220561716516912,1.0,16/16,26.97%,P28070;P49720;P49721;P25787;P25788;P25786;P25789;P28066;P20618;P60900;O14818;Q99436;P28072;P28074;Q06323;Q9UL46
prerank,ISCA1-ISCA2 mitochondrial iron-sulfur protein assembly complex,0.8359656414519259,1.1321995396394064,0.25475285171102663,0.6249707614219329,1.0,3/3,16.47%,CHEBI:49883;Q86U28;Q9BUE6
prerank,"Scribble cell polarity complex, DLG2-LLGL2-SCRIB variant",-0.6068162926018288,-1.1311551741246704,0.22660098522167488,0.4104015334135485,1.0,3/3,39.40%,Q15700;Q6P1M3;Q14160
prerank,"Beta-catenin destruction core complex, APC-AXIN2-GSK3B variant",-0.5734478935698448,-1.1301795669929684,0.23015873015873015,0.4107966216644791,1.0,4/4,42.75%,Q9Y2T1;P25054;P48729;P49841
prerank,PA28-gamma double-capped 20S proteasome complex,0.7331109257714761,1.1300171804616626,0.08224674022066199,0.6306850520378353,1.0,15/15,26.99%,P28070;P49720;P49721;P25787;P25788;P25786;P25789;P28066;P20618;P60900;O14818;Q99436;P28072;P28074;P61289
prerank,PA28-gamma single-capped 20S proteasome complex,0.7331109257714761,1.1300171804616626,0.08224674022066199,0.6306850520378353,1.0,15/15,26.99%,P28070;P49720;P49721;P25787;P25788;P25786;P25789;P28066;P20618;P60900;O14818;Q99436;P28072;P28074;P61289
prerank,R2T co-chaperone complex,0.830146855084511,1.1268762804441488,0.2490842490842491,0.6438661538942715,1.0,3/3,17.05%,Q9Y230;Q9Y265;Q9H6T3-2
prerank,NALCN channelosome complex,0.8167960088691796,1.1268021234238996,0.2250879249706917,0.6417675518396317,1.0,4/4,18.41%,Q8IZF0;Q9P2D8;Q8N2C7;B1AL88
prerank,"Scribble cell polarity complex, DLG3-LLGL2-SCRIB variant",-0.6068162926018288,-1.1264222597857225,0.24271844660194175,0.4167144032466351,1.0,3/3,39.40%,Q92796;Q6P1M3;Q14160
prerank,"GID E3 ubiquitin ligase complex, RMND5B-RANBP9 variant",-0.4940327504857064,-1.12640404999209,0.25,0.4154192403056292,1.0,9/9,50.75%,Q96S59;Q96G75;P62699;Q9NWU2;Q9H7D7;Q8IUR7;Q7L5Y9;Q9UL63;Q8IVV7
prerank,Alternative pathway fluid-phase C3 convertase complex C3(H2O)Bb,-0.6201163757273483,-1.1247879714363496,0.2222222222222222,0.41725442989276235,1.0,3/3,38.07%,P01024-PRO_0000005909;P01024-PRO_0000005908;P00751-PRO_0000027547
prerank,"SCF E3 ubiquitin ligase complex, FBXW8-CUL7 variant",0.7976157471583032,1.124216138031539,0.2004381161007667,0.6523029709771158,1.0,5/5,20.35%,P62877;P63208;Q13616;Q14999;Q8N3Y1
prerank,"Scribble cell polarity complex, DLG2-LLGL1-SCRIB variant",-0.6068162926018288,-1.1239515377446418,0.21890547263681592,0.41750744994566913,1.0,3/3,39.40%,Q15700;Q15334;Q14160
prerank,Integrator-PP2A complex,0.716550764951321,1.116828970737196,0.097,0.6880356001333306,1.0,17/17,28.68%,P30153;P67775;Q68E01;Q96SY0;Q75QN2;Q9NVH2;Q9NVR2;Q96HW7;Q9NVM9;Q8N201;Q9NV88;Q6P9B9;Q5TA45;Q9UL03;Q9H0H0;Q96CB8;Q96N11
prerank,"Beta-catenin destruction core complex, APC2-AXIN1-GSK3B variant",-0.5734478935698448,-1.1167671110569997,0.2932330827067669,0.43043862495303803,1.0,4/4,42.75%,O95996;O15169;P48729;P49841
prerank,"DNA replication factor C complex, CHTF18 variant",-0.5239944521497919,-1.1163964237005606,0.2564102564102564,0.42982546579746955,1.0,7/7,47.73%,Q9BVC3;P0CG13;Q8WVB6;P35250;P40937;P35249;P40938
prerank,Intron-binding complex ,0.800388134183532,1.1158877233441706,0.2327113062568606,0.6902076505683381,1.0,5/5,20.07%,Q9HCS7;O60306;Q9UNP9;Q9ULR0;Q96NB3
prerank,CL-LK-MASP1 lectin-protease complex,-0.5551552106430155,-1.11325488701507,0.22857142857142856,0.4349915643438082,1.0,4/4,44.57%,Q9Y6Z7;Q9BWP8;P48740-PRO_0000027594;P48740-PRO_0000027593
prerank,"ESCRT-I complex, VPS37D-MVB12B variant",-0.5529379157427938,-1.112926362766975,0.24369747899159663,0.4343014895554322,1.0,4/4,44.80%,Q86XT2;Q9H7P6-1;Q9UK41;Q99816
prerank,NUBP1-NUBP2 iron-sulfur cluster assembly scaffold complex,0.8234968135217513,1.1128346965898208,0.2780487804878049,0.7033746357058781,1.0,3/3,17.72%,CHEBI:49883;Q9Y5Y2;P53384
prerank,"SCF E3 ubiquitin ligase complex, FBXO4 variant",0.7962860310421286,1.1123214942253252,0.24681344148319814,0.7032230875263052,1.0,4/4,20.46%,P62877;P63208;Q13616;Q9UKT5
prerank,"Alpha-beta T cell receptor complex, TRBC1 variant",-0.5221852468108709,-1.1122972089196432,0.19642857142857142,0.43420388522680264,1.0,6/6,47.90%,P01850;P04234;P01848;P07766;P20963;P09693
prerank,"Scribble cell polarity complex, DLG1-LLGL2-SCRIB variant",-0.6068162926018288,-1.1117863706589148,0.28365384615384615,0.43393663612933403,1.0,3/3,39.40%,Q12959;Q6P1M3;Q14160
prerank,"Scribble cell polarity complex, DLG1-LLGL1-SCRIB variant",-0.6068162926018288,-1.1102240773598728,0.26635514018691586,0.4356794176273662,1.0,3/3,39.40%,Q12959;Q15334;Q14160
prerank,"Neuronal nicotinic acetylcholine receptor complex, alpha3-alpha6-beta4",-0.6220559711831533,-1.1096298936612605,0.28846153846153844,0.43571949836608326,1.0,3/3,37.87%,Q15825-PRO_0000000360;P30926-PRO_0000000389;P32297-PRO_0000000346
prerank,"Oligosaccharyltransferase complex B, TUCS3 variant",-0.4827968923418424,-1.1090389745284577,0.18518518518518517,0.4355906464218507,1.0,8/8,51.85%,Q13454;Q8TCJ2;P39656;P61165;P61803;P04844;P04843;P0C6T2
prerank,"SCF E3 ubiquitin ligase complex, FBXO3 variant",0.7965631929046563,1.1085239033744323,0.25539160045402953,0.7205274250265691,1.0,4/4,20.43%,P62877;P63208;Q13616;Q9UK99
prerank,"ESCRT-I complex, VPS37B-UBAP1 variant",-0.5529379157427938,-1.1082230623818525,0.208955223880597,0.43587367358017004,1.0,4/4,44.80%,Q9H9H4;Q9NZ09;Q9UK41;Q99816
prerank,"SCF E3 ubiquitin ligase complex, FBXO38 variant",0.7960088691796009,1.1081576588018498,0.23726851851851852,0.7197023799523253,1.0,4/4,20.49%,P62877;P63208;Q13616;Q6PIJ6
prerank,Integrator core complex,0.716152349179872,1.108057903780326,0.11911911911911911,0.7174400438837709,1.0,15/15,28.68%,Q68E01;Q96SY0;Q75QN2;Q9NVH2;Q9NVR2;Q96HW7;Q9NVM9;Q8N201;Q9NV88;Q6P9B9;Q5TA45;Q9UL03;Q9H0H0;Q96CB8;Q96N11
prerank,"Scribble cell polarity complex, DLG4-LLGL1-SCRIB variant",-0.6068162926018288,-1.1080079008358228,0.2777777777777778,0.43496269432947593,1.0,3/3,39.40%,P78352;Q15334;Q14160
prerank,Interleukin-5 receptor-ligand complex,-0.5268996117581809,-1.1075105218439412,0.2542372881355932,0.43459584419052494,1.0,6/6,47.43%,P05113;Q01344;P29597;P23458;O60674;P32927
prerank,"SCF E3 ubiquitin ligase complex, FBXL8 variant",0.79490022172949,1.1073821898808955,0.2611241217798595,0.718468133216832,1.0,4/4,20.60%,P62877;P63208;Q13616;Q96CD0
prerank,"Beta-catenin destruction core complex, APC-AXIN1-GSK3B variant",-0.5734478935698448,-1.1073628208303044,0.23880597014925373,0.43356458039542306,1.0,4/4,42.75%,O15169;P25054;P48729;P49841
prerank,2-(3-amino-3-carboxypropyl)histidine synthase complex,0.8237738985868662,1.10677132408846,0.27870813397129185,0.7190048958239227,1.0,3/3,17.69%,CHEBI:49883;Q9BQC3;Q9BZG8
prerank,BRCA1-C complex,0.8215572180659464,1.1064403173287856,0.2875318066157761,0.7179145100925017,1.0,3/3,17.91%,CPX-715;CPX-4442;Q99708
prerank,"SCF E3 ubiquitin ligase complex, FBXO21 variant",0.7954545454545454,1.1059018772632205,0.251131221719457,0.7180463483566639,1.0,4/4,20.54%,P62877;P63208;Q13616;O94952
prerank,"Scribble cell polarity complex, DLG5-LLGL2-SCRIB variant",-0.6068162926018288,-1.1052261327025816,0.2727272727272727,0.4367210887242309,1.0,3/3,39.40%,Q8TDM6;Q6P1M3;Q14160
prerank,"SCF E3 ubiquitin ligase complex, FBXL17 variant",0.7912971175166297,1.1051647267570919,0.2607184241019699,0.719417466718506,1.0,4/4,20.96%,P62877;P63208;Q13616;Q9UF56
prerank,60S cytosolic large ribosomal subunit,0.6751753155680226,1.1051639769896036,0.012,0.7167555053490088,1.0,47/47,33.36%,P40429;P84098;Q02878;Q07020;P61313;Q02543;P50914;P63173;P62987;P05386;P61353;P62750;P18621;P46778;P46776;P62829;P42766;P62945;P62913;P62910;P46779;P18077;URS0000ABD82A_9606;P32969;P62906;P62888;P62899;P26373;P49207;P18124;P30050;P62917;URS000075D341_9606;URS00000F9D45_9606;Q9Y3U8;P05388;P05387;P83731;P61927;P61513;P62424;P46777;P47914;P36578;P39023;P62891;P27635
prerank,"Oligosaccharyltransferase complex B, MAGT1 variant",-0.4827968923418424,-1.1050250059537985,0.125,0.4357724661336844,1.0,8/8,51.85%,Q9H0U3;Q8TCJ2;P39656;P61165;P61803;P04844;P04843;P0C6T2
prerank,"SCF E3 ubiquitin ligase complex, FBXL14 variant",0.7926829268292683,1.1049050402469696,0.2675086107921929,0.7155169053759368,1.0,4/4,20.82%,P62877;P63208;Q13616;Q8N1E6
prerank,"SCF E3 ubiquitin ligase complex, LMO7 variant",0.7937915742793792,1.1048569510634552,0.2565864833906071,0.7131316447111754,1.0,4/4,20.71%,P62877;P63208;Q13616;Q8WWI1
prerank,"Nuclear mitotic cohesin complex, STAG2 variant",-0.5618070953436807,-1.1038953363194624,0.2868217054263566,0.43677476547043803,1.0,4/4,43.91%,Q8N3U4;Q14683;O60216;Q9UQE7
prerank,"SCF E3 ubiquitin ligase complex, FBXL19 variant",0.7951773835920177,1.1036455182976281,0.2678983833718245,0.7166727169365678,1.0,4/4,20.57%,P62877;P63208;Q13616;Q6PCT2
prerank,"SCF E3 ubiquitin ligase complex, FBXO22 variant",0.792960088691796,1.103317736140994,0.25704225352112675,0.7157517597364673,1.0,4/4,20.79%,P62877;P63208;Q13616;Q8NEZ5
prerank,"Phosphorylase kinase, liver variant",0.8146300914380714,1.10330764838199,0.2894736842105263,0.7131740404993978,1.0,3/3,18.60%,Q93100;P15735;P46019
prerank,"SCF E3 ubiquitin ligase complex, FBXO40 variant",0.7915742793791574,1.1028664766734884,0.2630979498861048,0.7128531578687692,1.0,4/4,20.93%,P62877;P63208;Q13616;Q9UH90
prerank,"Phosphorylase kinase, muscle variant",0.8143530063729565,1.102767626484951,0.291044776119403,0.7107937409433468,1.0,3/3,18.63%,Q93100;Q16816;P46020
prerank,"60S cytosolic large ribosomal subunit, striated muscle variant",0.673400673400673,1.102227177783993,0.017,0.7109464511014209,1.0,48/48,33.55%,P40429;P84098;Q02878;Q07020;P61313;Q02543;P50914;P63173;P62987;P05386;P61353;P62750;P18621;P46778;P46776;P62829;P42766;P62945;P62913;P62910;P46779;P18077;URS0000ABD82A_9606;P32969;P62906;P62888;P62899;P26373;P49207;P18124;P30050;P62917;URS000075D341_9606;URS00000F9D45_9606;Q9Y3U8;P05388;P05387;P83731;P61927;P61513;P62424;P46777;P47914;P36578;P62891;P27635;Q92901;P83881
prerank,"Scribble cell polarity complex, DLG4-LLGL2-SCRIB variant",-0.6068162926018288,-1.1020438517122992,0.2955665024630542,0.4392622942821037,1.0,3/3,39.40%,P78352;Q6P1M3;Q14160
prerank,"60S cytosolic large ribosomal subunit, testis-specific variant",0.6726507713884992,1.1013178248152933,0.018,0.7130187537578225,1.0,47/47,33.61%,P40429;P84098;Q02878;Q07020;P61313;Q02543;P50914;P63173;P62987;P05386;P61353;P62750;P18621;P46778;P46776;P62829;P42766;P62945;P62913;P62910;P46779;P18077;URS0000ABD82A_9606;P32969;P62906;P62888;P62899;P26373;P49207;P18124;P30050;P62917;URS000075D341_9606;URS00000F9D45_9606;Q9Y3U8;P05388;P05387;P83731;P61927;P61513;P62424;P46777;P47914;P36578;P39023;Q96L21;Q96EH5
prerank,"ESCRT-I complex, VPS37D-UBAP1 variant",-0.5529379157427938,-1.101139756094613,0.24817518248175183,0.4395824353505611,1.0,4/4,44.80%,Q86XT2;Q9NZ09;Q9UK41;Q99816
prerank,"WASH complex, variant WASH6P/WASHC2C",-0.529248683116163,-1.1010485191775083,0.2641509433962264,0.43850015894826166,1.0,5/5,47.18%,Q9NQA3;Q9Y4E1;Q9Y3C0;Q2M389;Q12768
prerank,"SCF E3 ubiquitin ligase complex, FBXO16 variant",0.7885254988913526,1.100911284505336,0.256140350877193,0.7125777142436156,1.0,4/4,21.23%,P62877;P63208;Q13616;Q8IX29
prerank,"ESCRT-I complex, VPS37C-UBAP1 variant",-0.5529379157427938,-1.1004344819592056,0.26811594202898553,0.4384307578568953,1.0,4/4,44.80%,A5D8V6;Q9NZ09;Q9UK41;Q99816
prerank,"SCF E3 ubiquitin ligase complex, FBH1 variant",0.7943458980044346,1.1003555803074083,0.26573426573426573,0.7129525603800657,1.0,4/4,20.65%,P62877;P63208;Q13616;Q8NFZ0
prerank,"SCF E3 ubiquitin ligase complex, FBXO46 variant",0.7907427937915743,1.0997557972968062,0.27398843930635836,0.7134393975256513,1.0,4/4,21.01%,P62877;P63208;Q13616;Q6PJ61
prerank,"ESCRT-I complex, VPS37B-MVB12A variant",-0.5529379157427938,-1.0997014177437208,0.23484848484848486,0.43847929554006787,1.0,4/4,44.80%,Q9H9H4;Q96EY5;Q9UK41;Q99816
prerank,"WASH complex, variant WASHC1/WASHC2A",-0.529248683116163,-1.0991325584779594,0.25274725274725274,0.43827514821257996,1.0,5/5,47.18%,A8K0Z3;Q641Q2;Q9Y3C0;Q2M389;Q12768
prerank,"SCF E3 ubiquitin ligase complex, FBXL18 variant",0.7940687361419069,1.0990264843545474,0.2638888888888889,0.7146009681551256,1.0,4/4,20.68%,P62877;P63208;Q13616;Q96ME1
prerank,"SCF E3 ubiquitin ligase complex, KDM2A variant",0.7946230598669622,1.098778933620295,0.26107226107226106,0.7133660967489125,1.0,4/4,20.63%,P62877;P63208;Q13616;Q9Y2K7
prerank,"SCF E3 ubiquitin ligase complex, FBXO17 variant",0.7957317073170731,1.0983121226808286,0.2742123687281214,0.7132284578661124,1.0,4/4,20.51%,P62877;P63208;Q13616;Q96EF6
prerank,"SCF E3 ubiquitin ligase complex, FBXO42 variant",0.7921286031042128,1.097926450395395,0.275626423690205,0.7127550487181815,1.0,4/4,20.87%,P62877;P63208;Q13616;Q6P3S6
prerank,"SCF E3 ubiquitin ligase complex, FBXO7 variant",0.7888026607538803,1.097675459283116,0.2694954128440367,0.7114795958130127,1.0,4/4,21.21%,P62877;P63208;Q13616;Q9Y3I1
prerank,"SCF E3 ubiquitin ligase complex, FBXO43 variant",0.7901884700665188,1.0974607745186524,0.272,0.7100266947945799,1.0,4/4,21.07%,P62877;P63208;Q13616;Q4G163
prerank,"SCF E3 ubiquitin ligase complex, FBXO44 variant",0.7904656319290465,1.0971635811025031,0.2672018348623853,0.7091336899646082,1.0,4/4,21.04%,P62877;P63208;Q13616;Q9H4M3
prerank,"SCF E3 ubiquitin ligase complex, FBXO41 variant",0.7918514412416852,1.0971388050092723,0.2669735327963176,0.7068046322432047,1.0,4/4,20.90%,P62877;P63208;Q13616;Q8TF61
prerank,iNOS-S100A8/A9 complex,0.8129675810473818,1.0971098689245995,0.29336734693877553,0.7045506794678446,1.0,3/3,18.77%,P05109;P06702;P35228
prerank,"SCF E3 ubiquitin ligase complex, FBXL22 variant",0.7924057649667405,1.0967190051624878,0.28390804597701147,0.704112004701343,1.0,4/4,20.85%,P62877;P63208;Q13616;Q6P050
prerank,"SCF E3 ubiquitin ligase complex, FBXL12 variant",0.7935144124168514,1.096687183384441,0.2608200455580866,0.7018474105566282,1.0,4/4,20.74%,P62877;P63208;Q13616;Q9NXK8
prerank,"SCF E3 ubiquitin ligase complex, FBXO31 variant",0.7863082039911308,1.0961423400711128,0.26187717265353416,0.702216441854359,1.0,4/4,21.46%,P62877;P63208;Q13616;Q5XUX0
prerank,"SCF E3 ubiquitin ligase complex, FBXO47 variant",0.791019955654102,1.0956516048967477,0.2826086956521739,0.7022028790295956,1.0,4/4,20.99%,P62877;P63208;Q13616;Q5MNV8
prerank,"SCF E3 ubiquitin ligase complex, FBXL16 variant",0.7932372505543237,1.0947297001805316,0.26865671641791045,0.7043971852324447,1.0,4/4,20.76%,P62877;P63208;Q13616;Q8N461
prerank,"SCF E3 ubiquitin ligase complex, FBXW4 variant",0.7843680709534367,1.0947004368612034,0.2823397075365579,0.7021343366520292,1.0,4/4,21.65%,P62877;P63208;Q13616;P57775
prerank,"SCF E3 ubiquitin ligase complex, FBXO6 variant",0.789079822616408,1.0942292675786456,0.27325581395348836,0.7020865602009673,1.0,4/4,21.18%,P62877;P63208;Q13616;Q9NRD1
prerank,"SCF E3 ubiquitin ligase complex, FBXW10 variant",0.7896341463414633,1.0937359897738534,0.2748267898383372,0.7020713125467664,1.0,4/4,21.12%,P62877;P63208;Q13616;Q5XX13
prerank,"SCF E3 ubiquitin ligase complex, FBXO10 variant",0.7871396895787139,1.0936226447569148,0.2728323699421965,0.7002905643610554,1.0,4/4,21.37%,P62877;P63208;Q13616;Q9UK96
prerank,"SCF E3 ubiquitin ligase complex, CCNF variant",0.7899113082039911,1.0935527558777398,0.26558891454965355,0.6983091087986917,1.0,4/4,21.10%,P62877;P63208;Q13616;P41002
prerank,"SCF E3 ubiquitin ligase complex, FBXO5 variant",0.7893569844789357,1.093375869178734,0.27713625866050806,0.6968441702496087,1.0,4/4,21.15%,P62877;P63208;Q13616;Q9UKT4
prerank,"SCF E3 ubiquitin ligase complex, FBXO11 variant",0.7879711751662971,1.09334223814343,0.2863636363636364,0.6947237071774469,1.0,4/4,21.29%,P62877;P63208;Q13616;Q86XK2
prerank,"CRL4-DCAF15 E3 ubiquitin ligase complex, CUL4B variant ",0.7732187413362902,1.093267268025359,0.2584514721919302,0.6927869059398641,1.0,5/5,22.79%,P62877;Q16531;Q13620;Q9BW61;Q66K64
prerank,"SCF E3 ubiquitin ligase complex, FBXO32 variant",0.7854767184035476,1.0932011800539723,0.2718786464410735,0.6908244632408163,1.0,4/4,21.54%,P62877;P63208;Q13616;Q969P5
prerank,"WASH complex, variant WASHC1/WASHC2C",-0.529248683116163,-1.0931429614201122,0.2857142857142857,0.44939699910659875,1.0,5/5,47.18%,A8K0Z3;Q9Y4E1;Q9Y3C0;Q2M389;Q12768
prerank,"Scribble cell polarity complex, DLG5-LLGL1-SCRIB variant",-0.6068162926018288,-1.0923275093944913,0.28640776699029125,0.44976264842004093,1.0,3/3,39.40%,Q8TDM6;Q15334;Q14160
prerank,"Alpha-beta T cell receptor complex, TRBC2 variant",-0.5221852468108709,-1.09191690638893,0.23529411764705882,0.4492683461517382,1.0,6/6,47.90%,A0A5B9;P04234;P01848;P07766;P20963;P09693
prerank,"SCF E3 ubiquitin ligase complex, FBXL6 variant",0.7838137472283814,1.0918730811131427,0.28036322360953464,0.6951131281672647,1.0,4/4,21.71%,P62877;P63208;Q13616;Q8N531
prerank,Pyrin inflammasome,-0.602937101690219,-1.0917453656803482,0.31100478468899523,0.44837596912462857,1.0,3/3,39.78%,O15553;P29466;Q9ULZ3
prerank,"CRL4-DCAF15 E3 ubiquitin ligase complex, CUL4A variant ",0.7732187413362903,1.0915036233942366,0.27135135135135136,0.6945272053351969,1.0,5/5,22.79%,P62877;Q16531;Q13619;Q9BW61;Q66K64
prerank,"Nuclear meiotic cohesin complex, RAD21 variant",-0.5618070953436807,-1.091146099041252,0.3137254901960784,0.44831496543025273,1.0,4/4,43.91%,Q8NDV3;Q9UJ98;O60216;Q9UQE7
prerank,"SCF E3 ubiquitin ligase complex, FBXO30 variant",0.7860310421286031,1.091132320969176,0.27526132404181186,0.694054525348654,1.0,4/4,21.48%,P62877;P63208;Q13616;Q8TB52
prerank,"ESCRT-I complex, VPS37B-MVB12B variant",-0.5529379157427938,-1.0911131432371768,0.256,0.44705842518951877,1.0,4/4,44.80%,Q9H9H4;Q9H7P6-1;Q9UK41;Q99816
prerank,FEB1B-Elongin C-Elongin B E3 ubiquitin ligase complex,0.7729415026337676,1.090729815870526,0.267260579064588,0.6936093930205891,1.0,5/5,22.81%,P62877;Q15370;Q15369;Q13617;Q9UK73
prerank,"SCF E3 ubiquitin ligase complex, TSPAN17 variant",0.7882483370288248,1.0907101341826673,0.2831050228310502,0.6914451711059735,1.0,4/4,21.26%,P62877;P63208;Q13616;Q96FV3
prerank,ZER1-Elongin C-Elongin B E3 ubiquitin ligase complex,0.7723870252287217,1.0906727635726379,0.2579933847850055,0.6893899781716196,1.0,5/5,22.87%,P62877;Q15370;Q15369;Q13617;Q7Z7L7
prerank,"RNA decapping and exonuclease complex, DCP1A variant",-0.5135884636716584,-1.090251316521814,0.2545454545454545,0.44751387071585963,1.0,6/6,48.75%,Q9NPI6;Q6P2E9;Q8IZH2;Q96F86;Q8IU60;P26196
prerank,"SCF E3 ubiquitin ligase complex, FBXL3 variant",0.7865853658536586,1.0901344769585088,0.2848904267589389,0.6898239476266095,1.0,4/4,21.43%,P62877;P63208;Q13616;Q9UKT7
prerank,"SCF E3 ubiquitin ligase complex, FBXO33 variant",0.7857538802660754,1.0901246974715337,0.2786127167630058,0.6876705855892957,1.0,4/4,21.51%,P62877;P63208;Q13616;Q7Z6M2
prerank,"SCF E3 ubiquitin ligase complex, FBXO15 variant",0.7876940133037694,1.0900255547253457,0.2880184331797235,0.6859690901600131,1.0,4/4,21.32%,P62877;P63208;Q13616;Q8NCQ5
prerank,"SCF E3 ubiquitin ligase complex, FBXO34 variant",0.7851995565410199,1.0895345960198835,0.27033218785796104,0.6861695685504973,1.0,4/4,21.57%,P62877;P63208;Q13616;Q9NWN3
prerank,"ESCRT-I complex, VPS37A-MVB12B variant",-0.5529379157427938,-1.0891064162162842,0.24615384615384617,0.4483102052176418,1.0,4/4,44.80%,Q8NEZ2;Q9H7P6-1;Q9UK41;Q99816
prerank,"SCF E3 ubiquitin ligase complex, FBXW11 variant",0.7810421286031042,1.089014474489733,0.29350348027842227,0.6864732687670015,1.0,4/4,21.98%,P62877;P63208;Q13616;Q9UKB1
prerank,"SCF E3 ubiquitin ligase complex, FBXL7 variant",0.7824279379157428,1.0889474266445767,0.28703703703703703,0.6846093710000354,1.0,4/4,21.84%,P62877;P63208;Q13616;Q9UJT9
prerank,"SCF E3 ubiquitin ligase complex, FBXO2 variant",0.7807649667405765,1.0886459922819836,0.2839224629418472,0.6839015275862913,1.0,4/4,22.01%,P62877;P63208;Q13616;Q9UK22
prerank,"ESCRT-I complex, VPS37D-MVB12A variant",-0.5529379157427938,-1.0882177923237135,0.3140495867768595,0.4487594716837519,1.0,4/4,44.80%,Q86XT2;Q96EY5;Q9UK41;Q99816
prerank,ALYREF-binding exon junction complex,0.7737732187413363,1.0880804619918611,0.26977248104008666,0.6843668999594535,1.0,5/5,22.73%,P38919;Q9Y5S9;P61326;CHEBI:33699;Q86V81
prerank,"SCF E3 ubiquitin ligase complex, FBXO8 variant",0.7868625277161863,1.0880367651605913,0.27699530516431925,0.6824281734494049,1.0,4/4,21.40%,P62877;P63208;Q13616;Q9NRD0
prerank,"SCF E3 ubiquitin ligase complex, FBXL4 variant",0.7835365853658537,1.088034597677451,0.2899543378995434,0.680308657927328,1.0,4/4,21.73%,P62877;P63208;Q13616;Q9UKA2
prerank,"SCF E3 ubiquitin ligase complex, FBXO9 variant",0.7874168514412416,1.0879537511393018,0.27566320645905423,0.6785718914863905,1.0,4/4,21.35%,P62877;P63208;Q13616;Q9UK97
prerank,"Nuclear mitotic cohesin complex, STAG1 variant",-0.5618070953436807,-1.087780458729502,0.25190839694656486,0.44846179242845796,1.0,4/4,43.91%,Q8WVM7;Q14683;O60216;Q9UQE7
prerank,"SCF E3 ubiquitin ligase complex, FBXW5 variant",0.7846452328159645,1.0873692950119167,0.28832951945080093,0.6792631020607449,1.0,4/4,21.62%,P62877;P63208;Q13616;Q969U6
prerank,"DREAM transcriptional repressor complex, RBL2 variant",0.726540810660744,1.087132051178963,0.19776876267748478,0.6782621505987844,1.0,10/10,27.55%,Q09028;Q14186;Q6MZP7;Q5TKA1;Q52LA3;Q96GY3;Q15329;Q16254;Q14188;Q08999
prerank,"SCF E3 ubiquitin ligase complex, FBXO24 variant",0.7827050997782705,1.086909274541455,0.2855504587155963,0.6771911610216591,1.0,4/4,21.82%,P62877;P63208;Q13616;O75426
prerank,ZYG11B-Elongin C-Elongin B E3 ubiquitin ligase complex,0.7726642639312447,1.0866803671713816,0.27932960893854747,0.6761816048800073,1.0,5/5,22.84%,P62877;Q15370;Q15369;Q13617;Q9C0D3
prerank,"SCF E3 ubiquitin ligase complex, FBXO36 variant",0.7785476718403548,1.0866084054932919,0.29357798165137616,0.674437734929158,1.0,4/4,22.23%,P62877;P63208;Q13616;Q8NEA4
prerank,"SCF E3 ubiquitin ligase complex, FBXL20 variant",0.782150776053215,1.0865760550657544,0.2997737556561086,0.672536718586732,1.0,4/4,21.87%,P62877;P63208;Q13616;Q96IG2
prerank,"WASH complex, variant WASH6P/WASHC2A",-0.529248683116163,-1.0862675449184398,0.2727272727272727,0.4503926177309831,1.0,5/5,47.18%,Q9NQA3;Q641Q2;Q9Y3C0;Q2M389;Q12768
prerank,"SCF E3 ubiquitin ligase complex, FBXW7 variant",0.7849223946784922,1.086248284940829,0.28337236533957844,0.6719916894001063,1.0,4/4,21.59%,P62877;P63208;Q13616;Q969H0
prerank,"WASH complex, variant WASH3P/WASHC2A",-0.529248683116163,-1.0858540499113856,0.28421052631578947,0.45003104352992757,1.0,5/5,47.18%,C4AMC7;Q641Q2;Q9Y3C0;Q2M389;Q12768
prerank,"SCF E3 ubiquitin ligase complex, FBXW2 variant",0.7840909090909091,1.0854034233026035,0.29953379953379955,0.6736658254278012,1.0,4/4,21.68%,P62877;P63208;Q13616;Q9UKT8
prerank,"SCF E3 ubiquitin ligase complex, FBXO39 variant",0.7818736141906873,1.085253927221832,0.2949886104783599,0.6722769134258055,1.0,4/4,21.90%,P62877;P63208;Q13616;Q8N4B4
prerank,SKI complex,-0.5907453588251593,-1.084910594388296,0.3101851851851852,0.4503922230371626,1.0,3/3,41.00%,Q6PGP7;Q15477;Q9GZS3
prerank,"SCF E3 ubiquitin ligase complex, FBXO25 variant",0.7829822616407982,1.084718578095276,0.2904707233065442,0.6726741261549489,1.0,4/4,21.79%,P62877;P63208;Q13616;Q8TCJ0
prerank,CL-LK-MASP2 lectin-protease complex,-0.5557095343680709,-1.0846973566674634,0.2713178294573643,0.4495391351490204,1.0,4/4,44.52%,Q9Y6Z7;Q9BWP8;O00187-PRO_0000027600;O00187-PRO_0000027599
prerank,"SCF E3 ubiquitin ligase complex, FBXL5 variant",0.7832594235033259,1.0842213586385954,0.2875586854460094,0.6728665090733613,1.0,4/4,21.76%,P62877;P63208;Q13616;Q9UKA1
prerank,"SCF E3 ubiquitin ligase complex, FBXO28 variant",0.7791019955654102,1.0838399851797544,0.296551724137931,0.6725449066401525,1.0,4/4,22.18%,P62877;P63208;Q13616;Q9NVF7
prerank,"DREAM transcriptional repressor complex, RBL1 variant",0.7257079400333148,1.0836782551112343,0.18869828456104945,0.6712950232654444,1.0,10/10,27.63%,Q09028;Q14186;Q6MZP7;Q5TKA1;Q52LA3;Q96GY3;Q15329;Q16254;Q14188;P28749
prerank,"ESCRT-I complex, VPS37A-MVB12A variant",-0.5529379157427938,-1.0836681635547154,0.26717557251908397,0.45038319829643597,1.0,4/4,44.80%,Q8NEZ2;Q96EY5;Q9UK41;Q99816
prerank,LRR1-Elongin C-Elongin B E3 ubiquitin ligase complex,0.7698918769060159,1.0833991862032373,0.2827050997782705,0.6704825152691258,1.0,5/5,23.12%,P62877;Q15370;Q15369;Q13617;Q96L50
prerank,"Scribble cell polarity complex, DLG3-LLGL1-SCRIB variant",-0.6068162926018288,-1.0829884435940642,0.2757009345794392,0.4505681503449428,1.0,3/3,39.40%,Q92796;Q15334;Q14160
prerank,"SCF E3 ubiquitin ligase complex, SKP2 variant",0.7804878048780488,1.0829735582445936,0.2974828375286041,0.6703708911819674,1.0,4/4,22.04%,P62877;P63208;Q13616;Q13309
prerank,"SCF E3 ubiquitin ligase complex, FBXW9 variant",0.7815964523281597,1.082871630694407,0.295906432748538,0.6688820984858056,1.0,4/4,21.93%,P62877;P63208;Q13616;Q5XUX1
prerank,"SCF E3 ubiquitin ligase complex, FBXL2 variant",0.780210643015521,1.0828301124186033,0.29147465437788017,0.6671119144059758,1.0,4/4,22.07%,P62877;P63208;Q13616;Q9UKC9
prerank,"ESCRT-I complex, VPS37C-MVB12A variant",-0.5529379157427938,-1.0826001007791004,0.2698412698412698,0.45025406697003456,1.0,4/4,44.80%,A5D8V6;Q96EY5;Q9UK41;Q99816
prerank,"TREX transcription-export complex, DX39A variant",0.6979977753058955,1.0823651961291891,0.166,0.6672944404562221,1.0,16/16,30.51%,Q86V81;Q53F19;Q6I9Y2;Q13769;O75152;P84090;Q96FV9;Q9BY77;P82979;Q9Y3Y2;Q9P127;Q96QD9;Q8NI27;Q96J01;Q86W42;O00148
prerank,FEM1A-Elongin C-Elongin B E3 ubiquitin ligase complex,0.7693373995009702,1.0817717120830848,0.29515418502202645,0.6680810839087271,1.0,5/5,23.17%,P62877;Q15370;Q15369;Q13617;Q9BSK4
prerank,"TREX transcription-export complex, DX39B variant",0.6977196885428254,1.0815657386954298,0.174,0.6670066098885289,1.0,16/16,30.54%,Q86V81;Q53F19;Q6I9Y2;Q13769;O75152;P84090;Q96FV9;Q9BY77;P82979;Q9Y3Y2;Q9P127;Q96QD9;Q8NI27;Q96J01;Q86W42;Q13838
prerank,FEB1C-Elongin C-Elongin B E3 ubiquitin ligase complex,0.7690601607984473,1.0815255738824392,0.28460686600221485,0.6652444874772954,1.0,5/5,23.20%,P62877;Q15370;Q15369;Q13617;Q96JP0
prerank,PRAME-Elongin C-Elongin B E3 ubiquitin ligase complex,0.767673967285833,1.0812495950948229,0.2737430167597765,0.6645984443117443,1.0,5/5,23.34%,P62877;Q15370;Q15369;Q13617;P78395
prerank,VHL-Elongin C-Elongin B E3 ubiquitin ligase complex,0.7696146382034932,1.0808969559324242,0.29464285714285715,0.6641754757876337,1.0,5/5,23.15%,P62877;Q15370;Q15369;Q13617;P40337
prerank,"SCF E3 ubiquitin ligase complex, FBXW12 variant",0.7813192904656319,1.0801255796116096,0.3028571428571429,0.6656993545418198,1.0,4/4,21.95%,P62877;P63208;Q13616;Q6X9E4
prerank,NLRP3 inflammasome,-0.602937101690219,-1.0793702028281058,0.291866028708134,0.4549935064261693,1.0,3/3,39.78%,Q96P20;P29466;Q9ULZ3
prerank,"SCF E3 ubiquitin ligase complex, FBXO27 variant",0.7788248337028825,1.0793113761640296,0.30609896432681244,0.6675693018761206,1.0,4/4,22.20%,P62877;P63208;Q13616;Q8NI29
prerank,KLHDC10-Elongin C-Elongin B E3 ubiquitin ligase complex,0.7685056833934016,1.0784956793293397,0.3018867924528302,0.6694166420943466,1.0,5/5,23.26%,P62877;Q15370;Q15369;Q13617;Q6PID8
prerank,APPBP2-Elongin C-Elongin B E3 ubiquitin ligase complex,0.7687829220959246,1.0779474670282794,0.28555555555555556,0.6700293728884559,1.0,5/5,23.23%,P62877;Q15370;Q15369;Q13617;Q92624
prerank,"ESCRT-I complex, VPS37C-MVB12B variant",-0.5529379157427938,-1.0777907228021386,0.26956521739130435,0.45671812561904435,1.0,4/4,44.80%,A5D8V6;Q9H7P6-1;Q9UK41;Q99816
prerank,"SCF E3 ubiquitin ligase complex, FBXL21 variant",0.7793791574279378,1.077675787856129,0.30202140309155767,0.6693591140288635,1.0,4/4,22.15%,P62877;P63208;Q13616;Q9UKT6
prerank,"SCF E3 ubiquitin ligase complex, FBXL15 variant",0.7796563192904656,1.0769716638387994,0.3099885189437428,0.6705878206178892,1.0,4/4,22.12%,P62877;P63208;Q13616;Q9H469
prerank,KLHDC2-Elongin C-Elongin B E3 ubiquitin ligase complex,0.7682284446908787,1.0767290566706729,0.3085339168490153,0.669800574132676,1.0,5/5,23.28%,P62877;Q15370;Q15369;Q13617;Q9Y2U9
prerank,KLHDC3-Elongin C-Elongin B E3 ubiquitin ligase complex,0.7679512059883558,1.0766369287343989,0.3034330011074197,0.6683201474303352,1.0,5/5,23.31%,P62877;Q15370;Q15369;Q13617;Q9BQ90
prerank,"WASH complex, variant WASH3P/WASHC2C",-0.529248683116163,-1.0763144972082281,0.3225806451612903,0.4586801219597229,1.0,5/5,47.18%,C4AMC7;Q9Y4E1;Q9Y3C0;Q2M389;Q12768
prerank,"WASH complex, variant WASH2P/WASHC2C",-0.529248683116163,-1.076138772809157,0.2717391304347826,0.4577696872855339,1.0,5/5,47.18%,Q6VEQ5;Q9Y4E1;Q9Y3C0;Q2M389;Q12768
prerank,"4EHP-GIGYF2 co-translational mRNA decay complex, ZNF598 variant",-0.5965641451925742,-1.0758288876938669,0.319047619047619,0.4571945198643204,1.0,3/3,40.42%,Q86UK7;Q6Y7W6;O60573
prerank,U4/U6 small nuclear ribonucleoprotein complex,0.7993904128567468,1.0746154793717826,0.32917705735660846,0.6757305055619366,1.0,3/3,20.13%,Q8WWY3;CPX-26415;CPX-26417
prerank,"SCF E3 ubiquitin ligase complex, BTRC variant",0.7799334811529933,1.0745776625192045,0.3097949886104784,0.6740033734979183,1.0,4/4,22.09%,P62877;P63208;Q13616;Q9Y297
prerank,"DNA replication factor C complex, ATAD5 variant",-0.5237039090657056,-1.0742076188571716,0.26373626373626374,0.4590292558631641,1.0,5/5,47.73%,Q96QE3;P35250;P40937;P35249;P40938
prerank,"ESCRT-I complex, VPS37A-UBAP1 variant",-0.5529379157427938,-1.0736417237149305,0.29411764705882354,0.4587485443538709,1.0,4/4,44.80%,Q8NEZ2;Q9NZ09;Q9UK41;Q99816
prerank,AIM2 inflammasome,-0.602937101690219,-1.0712158506567884,0.36633663366336633,0.4627022444890003,1.0,3/3,39.78%,O14862;P29466;Q9ULZ3
prerank,"Nuclear meiotic cohesin complex, REC8 variant",-0.5618070953436807,-1.0712115206764432,0.3092105263157895,0.46147497816040794,1.0,4/4,43.91%,O95072;Q8NDV3;Q9UJ98;Q9UQE7
prerank,C5b6 complement complex,-0.5904682737600444,-1.0700778585940354,0.30612244897959184,0.46252637667299756,1.0,3/3,41.03%,P01031-PRO_0000005985;P13671;P01031-PRO_0000005989
prerank,"Nuclear meiotic cohesin complex, RAD21L1 variant",-0.5618070953436807,-1.0693370773915098,0.36220472440944884,0.46269739653576736,1.0,4/4,43.91%,Q9H4I0;Q8NDV3;Q9UJ98;Q9UQE7
prerank,"CRL4-DCAF7 E3 ubiquitin ligase complex, CUL4B variant ",0.7718957871396892,1.0687273369641863,0.32608695652173914,0.6986192581655024,1.0,4/4,22.90%,P62877;Q16531;Q13620;P61962
prerank,Mitochondrial respiratory chain complex III,0.7038888888888889,1.0684755160503667,0.22401614530776992,0.697926376215399,1.0,12/12,29.84%,CHEBI:49601;O14949;O14957;Q9UDW1;P22695;P31930;P47985-PRO_0000030664;P00156;P47985-PRO_0000307241;P14927;P08574;P07919
prerank,"Eukaryotic translation initiation factor 4F, EIF4A2 and EIF4G3 variant",-0.599057910778609,-1.0683534951556448,0.3155339805825243,0.4636899613504006,1.0,3/3,40.17%,O43432;Q14240;P06730
prerank,TBK1-IKKepsilon-NAP1 complex,-0.5896370185646994,-1.0672016048144435,0.3165829145728643,0.4648263122267609,1.0,3/3,41.11%,Q9H6S1;Q14164;Q9UHD2
prerank,"Eukaryotic translation initiation factor 4F, EIF4A1 and EIF4G1 variant",-0.599057910778609,-1.0671371439853432,0.32558139534883723,0.4637172519332914,1.0,3/3,40.17%,P60842;Q04637;P06730
prerank,"CRL4-DCAF8 E3 ubiquitin ligase complex, CUL4B variant ",0.7716186252771615,1.0670532630089686,0.3241695303550974,0.7027424622479356,1.0,4/4,22.92%,P62877;Q16531;Q13620;Q5TAQ9
prerank,"DNA replication factor C complex, RAD17 variant",-0.5237039090657056,-1.06701488937688,0.2696629213483146,0.46270478882695254,1.0,5/5,47.73%,O75943;P35250;P40937;P35249;P40938
prerank,STING-TRAF3-TBK1 complex,-0.5896370185646994,-1.0664967985798526,0.29439252336448596,0.46264291557545306,1.0,3/3,41.11%,Q86WV6;Q13114;Q9UHD2
prerank,Interleukin-17B receptor-ligand complex,-0.5260532150776053,-1.066175147565444,0.2578125,0.4620813552375423,1.0,4/4,47.48%,Q9UHF5;Q9NRM6;Q96F46;O43734
prerank,"WASH complex, variant WASH4P/WASHC2A",-0.529248683116163,-1.065923794957697,0.2608695652173913,0.46125300029866734,1.0,5/5,47.18%,A8MWX3;Q641Q2;Q9Y3C0;Q2M389;Q12768
prerank,"WASH complex, variant WASH2P/WASHC2A",-0.529248683116163,-1.0654273816167947,0.2967032967032967,0.4609019437347614,1.0,5/5,47.18%,Q6VEQ5;Q641Q2;Q9Y3C0;Q2M389;Q12768
prerank,"CRL4-DCAF14 E3 ubiquitin ligase complex, CUL4B variant ",0.7707871396895785,1.0653403342960275,0.32142857142857145,0.7085070367975773,1.0,4/4,23.01%,P62877;Q16531;Q13620;Q8WWQ0
prerank,NLRP1 inflammasome,-0.602937101690219,-1.0651991842851944,0.33649289099526064,0.4600892237081998,1.0,3/3,39.78%,Q9C000;P29466;Q9ULZ3
prerank,"CRL4-DCAF12 E3 ubiquitin ligase complex, CUL4A variant ",0.7713414634146338,1.0644218374823344,0.34812286689419797,0.7107141140425973,1.0,4/4,22.95%,P62877;Q16531;Q13619;Q5T6F0
prerank,"CRL4-DCAF14 E3 ubiquitin ligase complex, CUL4A variant ",0.7707871396895785,1.0642119987141994,0.3242630385487528,0.7096676542415097,1.0,4/4,23.01%,P62877;Q16531;Q13619;Q8WWQ0
prerank,"CRL4-DCAF8 E3 ubiquitin ligase complex, CUL4A variant ",0.7716186252771617,1.0641108363662988,0.3429228998849252,0.7081766125107215,1.0,4/4,22.92%,P62877;Q16531;Q13619;Q5TAQ9
prerank,"WASH complex, variant WASH4P/WASHC2C",-0.529248683116163,-1.064088770205981,0.32558139534883723,0.46136518821156597,1.0,5/5,47.18%,A8MWX3;Q9Y4E1;Q9Y3C0;Q2M389;Q12768
prerank,"Gamma-delta T cell receptor complex, TRGC2 variant",-0.5220404768505683,-1.0632963152873063,0.2988505747126437,0.461809344221923,1.0,5/5,47.90%,P03986;B7Z8K6;P07766;P20963;P09693
prerank,"CRL4-DCAF10 E3 ubiquitin ligase complex, CUL4B variant ",0.7669068736141904,1.0630277539917845,0.33101851851851855,0.7113157712064958,1.0,4/4,23.39%,P62877;Q16531;Q13620;Q5QP82
prerank,"Neuronal nicotinic acetylcholine receptor complex, alpha4-alpha5-beta2",-0.5816015516763647,-1.062310034692083,0.3463687150837989,0.4626303606922593,1.0,3/3,41.92%,P43681-PRO_0000000351;P30532-PRO_0000000356;P17787-PRO_0000000379
prerank,PA200-20S single-capped proteasome,0.6897414512093412,1.061912951603525,0.21421421421421422,0.7126612445880585,1.0,15/15,31.31%,P28070;P49720;P49721;P25787;P25788;P25786;P25789;P28066;P20618;P60900;O14818;Q99436;P28072;P28074;Q14997
prerank,PA200-20S-PA200 double-capped proteasome complex,0.6897414512093412,1.061912951603525,0.21421421421421422,0.7126612445880585,1.0,15/15,31.31%,P28070;P49720;P49721;P25787;P25788;P25786;P25789;P28066;P20618;P60900;O14818;Q99436;P28072;P28074;Q14997
prerank,"CRL4-CRBN E3 ubiquitin ligase complex, CUL4B variant ",0.7657982261640794,1.0607925857538758,0.32840909090909093,0.7159071408721155,1.0,4/4,23.50%,P62877;Q16531;Q13620;Q96SW2
prerank,"CRL4-DCAF9 E3 ubiquitin ligase complex, CUL4B variant ",0.7699556541019952,1.060612746665317,0.33986175115207373,0.7147924130811535,1.0,4/4,23.09%,P62877;Q16531;Q13620;Q8N5D0
prerank,"CRL3 E3 ubiquitin ligase complex, SPOP-SPOPL variant",0.7635809312638583,1.0602327870873611,0.3225806451612903,0.7146015626274512,1.0,4/4,23.73%,P62877;Q13618;Q6IQ16;O43791
prerank,"CRL4-DCAF4 E3 ubiquitin ligase complex, CUL4B variant ",0.7666297117516627,1.059923752157613,0.33816964285714285,0.714029581618977,1.0,4/4,23.42%,P62877;Q16531;Q13620;Q8WV16
prerank,"CRL4-DCAF16 E3 ubiquitin ligase complex, CUL4B variant ",0.7702328159645231,1.0597887696442807,0.3387096774193548,0.712711442473908,1.0,4/4,23.06%,P62877;Q16531;Q13620;Q9NXF7
prerank,"CRL4-DCAF10 E3 ubiquitin ligase complex, CUL4A variant ",0.7669068736141904,1.0597623401576182,0.34717416378316035,0.7109109084026182,1.0,4/4,23.39%,P62877;Q16531;Q13619;Q5QP82
prerank,"CRL4-DCAF17 E3 ubiquitin ligase complex, CUL4A variant ",0.7710643015521061,1.059674048917793,0.3401360544217687,0.7094177734651306,1.0,4/4,22.98%,P62877;Q16531;Q13619;Q5H9S7
prerank,"CRL4-DCAF12 E3 ubiquitin ligase complex, CUL4B variant ",0.7713414634146338,1.0589138028778589,0.33914053426248547,0.7110862740815781,1.0,4/4,22.95%,P62877;Q16531;Q13620;Q5T6F0
prerank,"CRL4-DCAF9 E3 ubiquitin ligase complex, CUL4A variant ",0.7699556541019954,1.0589013252312847,0.344,0.7092493492669169,1.0,4/4,23.09%,P62877;Q16531;Q13619;Q8N5D0
prerank,"CRL4-DCAF17 E3 ubiquitin ligase complex, CUL4B variant ",0.7710643015521061,1.058866716673453,0.3294930875576037,0.7075304505054001,1.0,4/4,22.98%,P62877;Q16531;Q13620;Q5H9S7
prerank,"CRL4-DCAF11 E3 ubiquitin ligase complex, CUL4A variant ",0.7705099778270508,1.0584747092387237,0.3469150174621653,0.707286134876505,1.0,4/4,23.03%,P62877;Q16531;Q13619;Q8TEB1
prerank,"CRL4-DCAF5 E3 ubiquitin ligase complex, CUL4B variant ",0.7671840354767181,1.0584298380978876,0.3494809688581315,0.7056107569722329,1.0,4/4,23.37%,P62877;Q16531;Q13620;Q96JK2
prerank,"CRL4-DCAF11 E3 ubiquitin ligase complex, CUL4B variant ",0.7705099778270508,1.0577891259061478,0.3329479768786127,0.706661254487226,1.0,4/4,23.03%,P62877;Q16531;Q13620;Q8TEB1
prerank,"CRL4-CDT2 E3 ubiquitin ligase complex, CUL4B variant ",0.766352549889135,1.0573924646519561,0.34011299435028247,0.7066117444601768,1.0,4/4,23.45%,P62877;Q16531;Q13620;Q9NZJ0
prerank,"CRL4-CRBN E3 ubiquitin ligase complex, CUL4A variant ",0.7657982261640797,1.0571168950210899,0.3321995464852608,0.7060212287245424,1.0,4/4,23.50%,P62877;Q16531;Q13619;Q96SW2
prerank,"CRL4-DCAF7 E3 ubiquitin ligase complex, CUL4A variant ",0.7718957871396894,1.0570526027741265,0.3402061855670103,0.7044425912135694,1.0,4/4,22.90%,P62877;Q16531;Q13619;P61962
prerank,20S thymoproteasome complex,0.688715953307393,1.0569354723505573,0.215,0.7031153237650145,1.0,14/14,31.40%,P28070;P49720;P49721;P25787;P25788;P25786;P25789;P28066;P20618;P60900;O14818;P40306;P28065;A5LHX3
prerank,TBK1-IKKepsilon-SINTBAD complex,-0.5896370185646994,-1.0563338875635562,0.32524271844660196,0.47373088193403456,1.0,3/3,41.11%,A7MCY6;Q14164;Q9UHD2
prerank,"CRL4-DCAF6 E3 ubiquitin ligase complex, CUL4B variant ",0.7652439024390241,1.056007085417135,0.3378995433789954,0.7054500010599754,1.0,4/4,23.56%,P62877;Q16531;Q13620;Q58WW2
prerank,Apoptosome,0.7420965058236272,1.0553919218388952,0.3308668076109937,0.7064307612369352,1.0,6/6,25.91%,CHEBI:30413;P55211;P55211-PRO_0000004643;O14727;CHEBI:18248;P99999
prerank,20S spermatoproteasome complex,0.6881600889382989,1.0549724117113553,0.2389558232931727,0.7064951864346378,1.0,14/14,31.45%,P28070;P49720;P49721;P25787;P25788;P25786;P25789;P28066;P20618;P60900;Q99436;P28072;P28074;Q8TAA3
prerank,20S immunoproteasome complex,0.688438021122846,1.054933148579595,0.23523523523523523,0.7048145858069724,1.0,14/14,31.42%,P28070;P49720;P49721;P25787;P25788;P25786;P25789;P28066;P20618;P60900;O14818;P40306;P28065;P28062
prerank,"Eukaryotic translation initiation factor 4F, EIF4A2 and EIF4G1 variant",-0.599057910778609,-1.0548803548500056,0.36363636363636365,0.4751344697903674,1.0,3/3,40.17%,Q04637;Q14240;P06730
prerank,"CRL4-CDT2 E3 ubiquitin ligase complex, CUL4A variant ",0.766352549889135,1.0545975053108387,0.345372460496614,0.7045469045464943,1.0,4/4,23.45%,P62877;Q16531;Q13619;Q9NZJ0
prerank,"CRL4-DCAF4 E3 ubiquitin ligase complex, CUL4A variant ",0.7666297117516627,1.054396173711906,0.348993288590604,0.7035678851079702,1.0,4/4,23.42%,P62877;Q16531;Q13619;Q8WV16
prerank,TBK1-IKKepsilon-TANK complex,-0.5896370185646994,-1.054343754154029,0.35609756097560974,0.47490575583182487,1.0,3/3,41.11%,Q92844;Q14164;Q9UHD2
prerank,"CRL4-AMBRA1 E3 ubiquitin ligase complex, CUL4B variant ",0.7660753880266071,1.0543043394052336,0.3340909090909091,0.7021358906764643,1.0,4/4,23.48%,P62877;Q16531;Q13620;Q9C0C7
prerank,"CRL3 E3 ubiquitin ligase complex, KBTBD6-KBTBD7 variant",0.7633037694013306,1.0535282971085391,0.3565525383707202,0.7039743407429042,1.0,4/4,23.75%,P62877;Q13618;Q8WVZ9;Q86V97
prerank,"CRL4-DCAF1 E3 ubiquitin ligase complex, CUL4B variant ",0.7649667405764964,1.0533836845792528,0.34533183352080987,0.702826605267913,1.0,4/4,23.59%,P62877;Q16531;Q13620;Q9Y4B6
prerank,"CRL4-DCAF16 E3 ubiquitin ligase complex, CUL4A variant ",0.7702328159645231,1.0531731352027751,0.35028901734104045,0.702000596636576,1.0,4/4,23.06%,P62877;Q16531;Q13619;Q9NXF7
prerank,"CRL4-ERCC8 E3 ubiquitin ligase complex, CUL4B variant",0.7655210643015518,1.052883454827073,0.34637514384349827,0.7015131130320117,1.0,4/4,23.53%,P62877;Q16531;Q13620;Q13216
prerank,"Neuronal nicotinic acetylcholine receptor complex, alpha3-alpha5-beta2",-0.5816015516763647,-1.0527211251652788,0.3444976076555024,0.47708942582401376,1.0,3/3,41.92%,P30532-PRO_0000000356;P32297-PRO_0000000346;P17787-PRO_0000000379
prerank,"CRL4-AMBRA1 E3 ubiquitin ligase complex, CUL4A variant ",0.7660753880266074,1.0526920957256396,0.3408833522083805,0.7006178100948681,1.0,4/4,23.48%,P62877;Q16531;Q13619;Q9C0C7
prerank,"CRL4-DCAF6 E3 ubiquitin ligase complex, CUL4A variant ",0.7652439024390241,1.0522027579016708,0.3595890410958904,0.70101924170435,1.0,4/4,23.56%,P62877;Q16531;Q13619;Q58WW2
prerank,"CRL4-DCAF5 E3 ubiquitin ligase complex, CUL4A variant ",0.7671840354767181,1.0518624317404885,0.3593570608495982,0.7008714551224099,1.0,4/4,23.37%,P62877;Q16531;Q13619;Q96JK2
prerank,"4EHP-GIGYF1 co-translational mRNA decay complex, ZNF598 variant",-0.5965641451925742,-1.051481250251742,0.33505154639175255,0.4781309775331026,1.0,3/3,40.42%,Q86UK7;O75420;O60573
prerank,"CRL4-ERCC8 E3 ubiquitin ligase complex, CUL4A variant ",0.765521064301552,1.0514535320950298,0.36082474226804123,0.7010120475519734,1.0,4/4,23.53%,P62877;Q16531;Q13619;Q13216
prerank,Nexin-dynein regulatory complex,0.69369619550125,1.050931956165384,0.2828282828282828,0.7015892147166185,1.0,11/11,30.84%,Q8NEE6;Q8IXS2;Q96DY2;Q96MC2;Q5JU00;O95995;Q8IY82;Q9H095;Q86XH1;Q5VUJ9;Q9H069
prerank,"CRL4-DDB2 E3 ubiquitin ligase complex, CUL4B variant ",0.7646895787139687,1.0508807954050223,0.35267349260523323,0.7000532485321067,1.0,4/4,23.62%,P62877;Q16531;Q13620;Q92466
prerank,"CRL4-DCAF1 E3 ubiquitin ligase complex, CUL4A variant ",0.7649667405764964,1.0491233930165749,0.35327313769751695,0.7063274333819345,1.0,4/4,23.59%,P62877;Q16531;Q13619;Q9Y4B6
prerank,"CRL4-DDB2 E3 ubiquitin ligase complex, CUL4A variant ",0.7646895787139687,1.0487311947662303,0.35267349260523323,0.7063483747836024,1.0,4/4,23.62%,P62877;Q16531;Q13619;Q92466
prerank,39S mitochondrial large ribosomal subunit,0.6394041596402477,1.0458604809960548,0.119,0.7177160893711727,1.0,54/54,37.02%,O75394;P09001;Q9NWU5;Q9NZE8;Q9P015;Q9BYD6;Q8N983;Q16540;Q14197;Q9BRJ2;Q9BYD1;Q9BQC6;Q9BYD2;Q9P0J6;Q9BYD3;Q9P0M9;Q8IXM3;Q86TS9;Q9Y3B7;P52815;Q7Z7H8;Q8TAE8;URS000047A7F4_9606;Q9HD33;Q13084;Q9BYC9;Q5T653;Q7Z7F7;Q7Z2W9;Q6P1L8;Q6P161;Q13405;Q9NP92;Q9BZE1;Q8N5N7;Q9NRX2;Q9H2W6;Q9H0U6;Q9NQ50;Q9H9J2;URS000080E36F_9606;Q96EL3;P49406;Q8TCC3;Q9BYC8;Q9NVS2;Q9Y6G3;Q9BQ48;Q96GC5;Q9NX20;Q96DV4;Q96A35;Q4U2R6;Q9NYK5
prerank,eIF4E-CYFIP1-FMRP translational repressor complex,-0.599057910778609,-1.0445093921753392,0.3415841584158416,0.4908192791563443,1.0,3/3,40.17%,Q7L576;Q06787;P06730
prerank,"CRL3 E3 ubiquitin ligase complex, SPOP variant",0.7633693543917983,1.0430886751334008,0.38946015424164526,0.7285170133421387,1.0,3/3,23.73%,P62877;Q13618;O43791
prerank,Interleukin-25 receptor-ligand complex,-0.5260532150776053,-1.0424528301886788,0.3602941176470588,0.4940541811924594,1.0,4/4,47.48%,Q9H293;Q9NRM6;Q96F46;O43734
prerank,"Gamma-delta T cell receptor complex, TRGC1 variant",-0.5220404768505683,-1.0420226195828868,0.35,0.4937639662247726,1.0,5/5,47.90%,P0CF51;B7Z8K6;P07766;P20963;P09693
prerank,Myb-MuvB-FOXM1 transcriptional activation complex,0.7220527045769763,1.0417457316540675,0.3426791277258567,0.7327005001682528,1.0,7/7,27.93%,Q09028;Q6MZP7;Q5TKA1;Q52LA3;Q96GY3;P10244;Q08050
prerank,Interleukin-17A-F receptor-ligand complex,-0.5261990573884114,-1.0407857377868224,0.34444444444444444,0.4949885320799628,1.0,5/5,47.48%,Q96PD4;Q16552;Q8NAC3;Q96F46;O43734
prerank,"CRL3 E3 ubiquitin ligase complex, KLHL35 variant ",0.7567193128290385,1.0406841595560081,0.4088541666666667,0.7356302088155343,1.0,3/3,24.39%,P62877;Q13618;Q6PF15
prerank,"Eukaryotic translation initiation factor 4F, EIF4A1 and EIF4G3 variant",-0.599057910778609,-1.0401554138326512,0.3791469194312796,0.49516910638972145,1.0,3/3,40.17%,P60842;O43432;P06730
prerank,"CRL3 E3 ubiquitin ligase complex, SPOPL variant",0.7639235245220284,1.03847556846366,0.4060529634300126,0.7441537093377547,1.0,3/3,23.67%,P62877;Q13618;Q6IQ16
prerank,"CRL3 E3 ubiquitin ligase complex, KLHL22 variant ",0.7592130784150734,1.0380942173514451,0.3840304182509506,0.744093233919555,1.0,3/3,24.14%,P62877;Q13618;Q53GT1
prerank,"CRL3 E3 ubiquitin ligase complex, KLHL32 variant ",0.7628151842615682,1.0374618774727582,0.4189873417721519,0.7451053649075565,1.0,3/3,23.78%,P62877;Q13618;Q96NJ5
prerank,"Polycomb repressive complex 2.2, EZH1-RBBP4 variant",0.7224070992789793,1.0369429205910414,0.3769968051118211,0.745865307352163,1.0,6/6,27.88%,Q09028;O75530;Q15022;Q92800;Q92833;Q6ZN18
prerank,"CRL3 E3 ubiquitin ligase complex, KLHL25 variant ",0.7611526738708783,1.0365524138640132,0.4129032258064516,0.7458145221873146,1.0,3/3,23.95%,P62877;Q13618;Q9H0H3
prerank,"CRL3 E3 ubiquitin ligase complex, KLHL18 variant ",0.7617068440011083,1.036350683962086,0.4117647058823529,0.7449204316827945,1.0,3/3,23.89%,P62877;Q13618;O94889
prerank,"Polycomb repressive complex 2.2, EZH2-RBBP4 variant",0.7224070992789793,1.035325191773765,0.3740621650589496,0.7478792311309979,1.0,6/6,27.88%,Q09028;O75530;Q15022;Q15910;Q92833;Q6ZN18
prerank,"Polycomb repressive complex 2.1, EZH2-RBBP4-PCL2-EPOP variant",0.7232390460343869,1.0351859386158568,0.3573735199138859,0.7467596137093921,1.0,6/6,27.80%,Q09028;O75530;Q15022;Q15910;A6NHQ4;Q9Y483
prerank,"Polycomb repressive complex 2.1, EZH2-RBBP4-PCL2-PALI1 variant",0.7232390460343869,1.035058354134576,0.35501066098081024,0.7455606641384558,1.0,6/6,27.80%,Q09028;O75530;Q15022;Q15910;Q96JN0;Q9Y483
prerank,"Polycomb repressive complex 2.1, EZH1-RBBP4-PCL2-EPOP variant",0.7232390460343869,1.0349021335968565,0.37339055793991416,0.7445166751097437,1.0,6/6,27.80%,Q09028;O75530;Q15022;Q92800;A6NHQ4;Q9Y483
prerank,"Polycomb repressive complex 2.1, EZH1-RBBP4-PCL2-PALI1 variant",0.7232390460343869,1.0346337802269083,0.37751855779427357,0.7439340984306145,1.0,6/6,27.80%,Q09028;O75530;Q15022;Q92800;Q96JN0;Q9Y483
prerank,"CRL3 E3 ubiquitin ligase complex, KLHL6 variant ",0.7625380991964532,1.0341828414739116,0.4217948717948718,0.7443473949404734,1.0,3/3,23.81%,P62877;Q13618;Q8WZ60
prerank,"CRL3 E3 ubiquitin ligase complex, KLHL14 variant ",0.7619839290662233,1.0341122456369831,0.40993788819875776,0.7428645288011819,1.0,3/3,23.86%,P62877;Q13618;Q9P2G3
prerank,"Polycomb repressive complex 2.1, EZH2-RBBP7-PCL2-EPOP variant",0.7232390460343869,1.0340980110307239,0.3729903536977492,0.7411720286149203,1.0,6/6,27.80%,Q16576;O75530;Q15022;Q15910;A6NHQ4;Q9Y483
prerank,"CRL3 E3 ubiquitin ligase complex, KLHL7 variant ",0.7622610141313383,1.0339425420283577,0.4316185696361355,0.7401279872607506,1.0,3/3,23.84%,P62877;Q13618;Q8IXQ5
prerank,"Poly(A) tail exosome targeting complex, RBM27 variant",-0.5012475741613529,-1.033765339497824,0.3978494623655914,0.5073306005348961,1.0,5/5,49.97%,Q9P2N5;Q86U42;Q8IXZ2;O60293;P42285
prerank,"CRL3 E3 ubiquitin ligase complex, KLHL5 variant ",0.7605985037406483,1.0334080480653327,0.41890166028097064,0.740843778238071,1.0,3/3,24.00%,P62877;Q13618;Q96PQ7
prerank,"CRL3 E3 ubiquitin ligase complex, KLHL15 variant ",0.7586589082848434,1.0330761361584297,0.4275092936802974,0.7405748641243856,1.0,3/3,24.20%,P62877;Q13618;Q96M94
prerank,"Polycomb repressive complex 2.1, EZH2-RBBP4-PCL1-EPOP variant",0.7235163616195228,1.0324346431665035,0.36977491961414793,0.7418375076044663,1.0,6/6,27.77%,Q09028;O75530;Q15022;Q15910;A6NHQ4;O43189
prerank,"Polycomb repressive complex 2.1,EZH2-RBBP4-PCL3-PALI1 variant",0.722961730449251,1.032353419485966,0.3775401069518717,0.7404594200924746,1.0,6/6,27.82%,Q09028;O75530;Q15022;Q15910;Q96JN0;Q5T6S3
prerank,"CRL3 E3 ubiquitin ligase complex, KLHL36 variant ",0.7581047381546134,1.0322836749452369,0.4129353233830846,0.7390667761442921,1.0,3/3,24.25%,P62877;Q13618;Q8N4N3
prerank,"Polycomb repressive complex 2.1, EZH1-RBBP7-PCL2-EPOP variant",0.7232390460343869,1.0322291740228942,0.38257173219978746,0.7375886278803933,1.0,6/6,27.80%,Q16576;O75530;Q15022;Q92800;A6NHQ4;Q9Y483
prerank,"Polycomb repressive complex 2.1, EZH1-RBBP4-PCL3-PALI1 variant",0.722961730449251,1.0320346735625345,0.3812566560170394,0.7366796419901621,1.0,6/6,27.82%,Q09028;O75530;Q15022;Q92800;Q96JN0;Q5T6S3
prerank,"Polycomb repressive complex 2.1, EZH2-RBBP4-PCL3-EPOP variant",0.722961730449251,1.0319373415393154,0.3754010695187166,0.7354277407486822,1.0,6/6,27.82%,Q09028;O75530;Q15022;Q15910;A6NHQ4;Q5T6S3
prerank,"Polycomb repressive complex 2.1, EZH2-RBBP4-PCL1-PALI1 variant",0.7235163616195228,1.0317161843829863,0.3810032017075774,0.7347653460196143,1.0,6/6,27.77%,Q09028;O75530;Q15022;Q15910;Q96JN0;O43189
prerank,"CRL3 E3 ubiquitin ligase complex, KLHL21 variant ",0.7578276530894984,1.0316149664977492,0.40597758405977585,0.7335141208635486,1.0,3/3,24.28%,P62877;Q13618;Q9UJP4
prerank,"Polycomb repressive complex 2.1, EZH1-RBBP4-PCL1-EPOP variant",0.7235163616195228,1.0315916816047404,0.38110403397027603,0.7319207632580369,1.0,6/6,27.77%,Q09028;O75530;Q15022;Q92800;A6NHQ4;O43189
prerank,"CRL3 E3 ubiquitin ligase complex, IPP variant ",0.7597672485453033,1.031365875462769,0.41794871794871796,0.7312201311658725,1.0,3/3,24.09%,P62877;Q13618;Q9Y573
prerank,"CRL3 E3 ubiquitin ligase complex, KLHL26 variant ",0.7608755888057633,1.0312349029391337,0.4273182957393484,0.7301366868434658,1.0,3/3,23.98%,P62877;Q13618;Q53HC5
prerank,"CRL3 E3 ubiquitin ligase complex, KLHL42 variant ",0.7556109725685785,1.030780410624011,0.4316455696202532,0.730491089837358,1.0,3/3,24.50%,P62877;Q13618;Q9P2K6
prerank,"Polycomb repressive complex 2.1, EZH1-RBBP4-PCL1-PALI1 variant",0.7235163616195228,1.0305735223750192,0.3887113951011715,0.72977801845621,1.0,6/6,27.77%,Q09028;O75530;Q15022;Q92800;Q96JN0;O43189
prerank,Dolichol-phosphate mannosyltransferase complex,-0.5566638958160156,-1.0303595720206415,0.4,0.5130478061941068,1.0,3/3,44.41%,Q9P2X0;O60762;O94777
prerank,"Polycomb repressive complex 2.2, EZH1-RBBP7 variant",0.7224070992789793,1.030177918400323,0.3900106269925611,0.729806602848788,1.0,6/6,27.88%,Q16576;O75530;Q15022;Q92800;Q92833;Q6ZN18
prerank,"DNA replication factor C complex, RFC1 variant",-0.5237039090657056,-1.0297616583171174,0.3670886075949367,0.5128612995610409,1.0,5/5,47.73%,P35251;P35250;P40937;P35249;P40938
prerank,Myb-MuvB transcriptional activation complex,0.7221297836938435,1.0297520616188995,0.37898089171974525,0.7301010852195825,1.0,6/6,27.91%,Q09028;Q6MZP7;Q5TKA1;Q52LA3;Q96GY3;P10244
prerank,"Polycomb repressive complex 2.2, EZH2-RBBP7 variant",0.7224070992789793,1.0297256543026039,0.38038793103448276,0.7285331318472019,1.0,6/6,27.88%,Q16576;O75530;Q15022;Q15910;Q92833;Q6ZN18
prerank,MSL histone acetyltransferase complex,0.7433481152993349,1.0296344641801536,0.41834451901565994,0.7272590760815862,1.0,4/4,25.75%,Q9H7Z6;Q68DK7;Q9HCI7;Q8N5Y2
prerank,"CRL3 E3 ubiquitin ligase complex, ENC1 variant ",0.7575505680243835,1.0295375589832343,0.4276649746192893,0.7260533475652903,1.0,3/3,24.31%,P62877;Q13618;O14682
prerank,"Polycomb repressive complex 2.1, EZH1-RBBP4-PCL3-EPOP variant",0.722961730449251,1.029344640663932,0.37713675213675213,0.7252851676053568,1.0,6/6,27.82%,Q09028;O75530;Q15022;Q92800;A6NHQ4;Q5T6S3
prerank,"CRL3 E3 ubiquitin ligase complex, KLHL13 variant ",0.7589359933499584,1.0292416691679587,0.4199743918053777,0.7241049240099912,1.0,3/3,24.17%,P62877;Q13618;Q9P2N7
prerank,"Polycomb repressive complex 2.1,EZH2-RBBP7-PCL2-PALI1 variant",0.7232390460343869,1.028964791916134,0.37393162393162394,0.7237638703731248,1.0,6/6,27.80%,Q16576;O75530;Q15022;Q15910;Q96JN0;Q9Y483
prerank,"Polycomb repressive complex 2.1, EZH2-RBBP7-PCL1-EPOP variant",0.7235163616195228,1.0289544859741397,0.37849462365591396,0.7221725045025905,1.0,6/6,27.77%,Q16576;O75530;Q15022;Q15910;A6NHQ4;O43189
prerank,"CRL3 E3 ubiquitin ligase complex, KLHL2 variant ",0.7564422277639234,1.0286703248354738,0.411543287327478,0.7218945221333374,1.0,3/3,24.42%,P62877;Q13618;O95198
prerank,"Polycomb repressive complex 2.1, EZH2-RBBP7-PCL1-PALI1 variant",0.7235163616195228,1.0283377441480652,0.3895410885805763,0.7217982435945419,1.0,6/6,27.77%,Q16576;O75530;Q15022;Q15910;Q96JN0;O43189
prerank,"CRL3 E3 ubiquitin ligase complex, KLHL38 variant ",0.7561651426988085,1.0281481728370885,0.43018867924528303,0.7210514329426276,1.0,3/3,24.45%,P62877;Q13618;Q2WGJ6
prerank,"CRL3 E3 ubiquitin ligase complex, KLHL10 variant ",0.7603214186755334,1.0280765480616438,0.4078282828282828,0.7197582528971587,1.0,3/3,24.03%,P62877;Q13618;Q6JEL2
prerank,"CRL3 E3 ubiquitin ligase complex, KLHL16 variant ",0.7583818232197284,1.028036495279345,0.4305912596401028,0.7183651206696154,1.0,3/3,24.22%,P62877;Q13618;Q9H2C0
prerank,"Polycomb repressive complex 2.1,EZH2-RBBP7-PCL3-PALI1 variant",0.722961730449251,1.028030233107125,0.3995749202975558,0.7168008555926584,1.0,6/6,27.82%,Q16576;O75530;Q15022;Q15910;Q96JN0;Q5T6S3
prerank,"Polycomb repressive complex 2.1, EZH1-RBBP7-PCL2-PALI1 variant",0.7232390460343869,1.0279365207966515,0.38918345705196183,0.715606541746881,1.0,6/6,27.80%,Q16576;O75530;Q15022;Q92800;Q96JN0;Q9Y483
prerank,"CRL3 E3 ubiquitin ligase complex, KLHL41 variant ",0.7558880576336935,1.027656702947012,0.4152866242038217,0.7152195516236116,1.0,3/3,24.47%,P62877;Q13618;O60662
prerank,"CRL3 E3 ubiquitin ligase complex, KLHL34 variant ",0.7594901634801884,1.0274502601714917,0.42213642213642216,0.7145168959745394,1.0,3/3,24.11%,P62877;Q13618;Q8N239
prerank,"CRL3 E3 ubiquitin ligase complex, KLHL20 variant ",0.7572734829592684,1.0273471173072535,0.4255050505050505,0.7134233859272225,1.0,3/3,24.34%,P62877;Q13618;Q9Y2M5
prerank,"CRL3 E3 ubiquitin ligase complex, KLHL30 variant ",0.7614297589359933,1.0270290858593776,0.4258064516129032,0.7132720366089622,1.0,3/3,23.92%,P62877;Q13618;Q0D2K2
prerank,"CRL3 E3 ubiquitin ligase complex, KLHL4 variant ",0.7547797173732336,1.02659433148936,0.42661691542288555,0.7136176627217983,1.0,3/3,24.58%,P62877;Q13618;Q9C0H6
prerank,"Polycomb repressive complex 2.1, EZH1-RBBP7-PCL1-PALI1 variant",0.7235163616195228,1.0260745817967505,0.40981856990394877,0.7144073287607352,1.0,6/6,27.77%,Q16576;O75530;Q15022;Q92800;Q96JN0;O43189
prerank,"Polycomb repressive complex 2.1, EZH2-RBBP7-PCL3-EPOP variant",0.722961730449251,1.0260391863798897,0.39701173959445035,0.7129976832730995,1.0,6/6,27.82%,Q16576;O75530;Q15022;Q15910;A6NHQ4;Q5T6S3
prerank,"CRL3 E3 ubiquitin ligase complex, KLHL31 variant ",0.7600443336104183,1.0259143592098678,0.4174135723431498,0.7120258016499412,1.0,3/3,24.06%,P62877;Q13618;Q9H511
prerank,"Polycomb repressive complex 2.1, EZH1-RBBP7-PCL1-EPOP variant",0.7235163616195228,1.0256667010061222,0.3987274655355249,0.7115591140331202,1.0,6/6,27.77%,Q16576;O75530;Q15022;Q92800;A6NHQ4;O43189
prerank,"Polycomb repressive complex 2.1, EZH1-RBBP7-PCL3-PALI1 variant",0.722961730449251,1.025639454797222,0.4074468085106383,0.7101275156763622,1.0,6/6,27.82%,Q16576;O75530;Q15022;Q92800;Q96JN0;Q5T6S3
prerank,"Polycomb repressive complex 2.1, EZH1-RBBP7-PCL3-EPOP variant",0.722961730449251,1.0255665277625157,0.3987274655355249,0.7089001456564589,1.0,6/6,27.82%,Q16576;O75530;Q15022;Q92800;A6NHQ4;Q5T6S3
prerank,"CRL3 E3 ubiquitin ligase complex, KBTBD2 variant",0.7550568024383485,1.0254304956945859,0.4178525226390686,0.7079752251633091,1.0,3/3,24.56%,P62877;Q13618;Q8IY47
prerank,"CRL3 E3 ubiquitin ligase complex, KLHL24 variant ",0.7569963978941534,1.0252883478224002,0.42098609355246525,0.7070231581290976,1.0,3/3,24.36%,P62877;Q13618;Q6TFL4
prerank,"Sodium:potassium-exchanging ATPase complex, FXYD2 variant",-0.5519534497090607,-1.025086214044963,0.3981042654028436,0.5214771376728731,1.0,3/3,44.88%,P54710;P05023;P05026
prerank,"CRL3 E3 ubiquitin ligase complex, KBTBD3 variant",0.7531172069825436,1.0248704512895352,0.4221938775510204,0.707208366795989,1.0,3/3,24.75%,P62877;Q13618;Q8NAB2
prerank,NuRF chromatin remodeling complex,0.7411308203991132,1.0244471533889803,0.41061130334486734,0.7074680654356964,1.0,4/4,25.97%,Q09028;Q16576;P28370;Q12830
prerank,"CRL3 E3 ubiquitin ligase complex, KLHL3 variant ",0.7545026323081185,1.0243482708770009,0.438685208596713,0.70638915629869,1.0,3/3,24.61%,P62877;Q13618;Q9UH77
prerank,"CRL3 E3 ubiquitin ligase complex, KBTBD4 variant",0.7536713771127735,1.024284048106966,0.4475,0.7051458233765061,1.0,3/3,24.70%,P62877;Q13618;Q9NVX7
prerank,"CRL3 E3 ubiquitin ligase complex, KBTBD13 variant",0.7525630368523136,1.0236904524730859,0.4227330779054917,0.7062384284631169,1.0,3/3,24.81%,P62877;Q13618;C9JR72
prerank,Interleukin-17C receptor-ligand complex,-0.5260532150776053,-1.0236036457116147,0.38333333333333336,0.5233350617414281,1.0,4/4,47.48%,Q8NFR9;Q9P0M4;Q96F46;O43734
prerank,"CRL3 E3 ubiquitin ligase complex, KLHL28 variant ",0.7506234413965087,1.023578576196131,0.4309252217997465,0.7052070761031185,1.0,3/3,25.00%,P62877;Q13618;Q9NXS3
prerank,"CRL3 E3 ubiquitin ligase complex, KLHL9 variant ",0.7542255472430035,1.0234487561745989,0.45103092783505155,0.7042502073068638,1.0,3/3,24.64%,P62877;Q13618;Q9P2J3
prerank,"CRL3 E3 ubiquitin ligase complex, KLHL23 variant ",0.7520088667220837,1.0221154255722473,0.4411764705882353,0.7087247834156214,1.0,3/3,24.86%,P62877;Q13618;Q8NBE8
prerank,"Sodium:potassium-exchanging ATPase complex, FXYD1 variant",-0.5519534497090607,-1.0218044124356551,0.4020100502512563,0.5260740433197064,1.0,3/3,44.88%,O00168;P05023;P05026
prerank,KEOPS tRNA N6-adenosine threonylcarbamoyltransferase complex,0.7124237382140877,1.0214083776240999,0.39312567132116005,0.7102921449296024,1.0,6/6,28.88%,CHEBI:60240;Q9NPF4;Q9Y3C4;Q96S44;Q9BXV9;Q14657
prerank,"CRL3 E3 ubiquitin ligase complex, KLHL12 variant ",0.7528401219174286,1.0208992802902035,0.43686868686868685,0.7110721155482105,1.0,3/3,24.78%,P62877;Q13618;Q53G59
prerank,"CRL3 E3 ubiquitin ligase complex, KLHL17 variant ",0.7511776115267387,1.0207559275170532,0.4643304130162703,0.7101949529816096,1.0,3/3,24.94%,P62877;Q13618;Q6TDP4
prerank,"CRL3 E3 ubiquitin ligase complex, KLHL1 variant ",0.7514546965918536,1.0202857914004821,0.43434343434343436,0.7108085473289618,1.0,3/3,24.92%,P62877;Q13618;Q9NR64
prerank,FCN3-MASP2 lectin-protease complex,-0.5555555555555556,-1.0201030591938727,0.3891625615763547,0.5280578238712261,1.0,3/3,44.52%,O75636;O00187-PRO_0000027600;O00187-PRO_0000027599
prerank,Granulocyte-macrophage colony-stimulating factor-receptor complex,-0.5266075388026608,-1.0198642155374744,0.4068965517241379,0.5273660944601676,1.0,4/4,47.43%,P04141;P15509;O60674;P32927
prerank,"CRL3 E3 ubiquitin ligase complex, KLHL11 variant ",0.7522859517871986,1.0198521742255715,0.4479695431472081,0.711200364892795,1.0,3/3,24.83%,P62877;Q13618;Q9NVR0
prerank,"CRL3 E3 ubiquitin ligase complex, KLHL8 variant ",0.7539484621778886,1.0198284189321767,0.44165621079046424,0.7098204316431609,1.0,3/3,24.67%,P62877;Q13618;Q9P2G9
prerank,"Non-canonical polycomb repressive complex 1.1, RING2-PCGF1-YAF2 variant",0.7096505823627287,1.0190444436363475,0.3941997851772288,0.7117277727294925,1.0,6/6,29.15%,P63208;Q8NHM5;Q99496;Q8IY57;Q9BSM1;Q6W2J9
prerank,"CRL3 E3 ubiquitin ligase complex, KLHL40 variant ",0.7553338875034635,1.0187343941507359,0.44015444015444016,0.7116021699022668,1.0,3/3,24.53%,P62877;Q13618;Q2TBA0
prerank,USP46 deubiquitinase complex,0.743973399833749,1.0185735607797852,0.45387453874538747,0.7108263759970311,1.0,3/3,25.66%,Q8TAF3;Q8TBZ3;P62068
prerank,"CRL3 E3 ubiquitin ligase complex, KBTBD8 variant",0.7533942920476586,1.0185198853599848,0.4402035623409669,0.7095913973918745,1.0,3/3,24.72%,P62877;Q13618;Q8NFY9
prerank,Hemoglobin HbA2 complex,0.737323358270989,1.0177004591629772,0.4401496259351621,0.7116400807864294,1.0,3/3,26.33%,CHEBI:30413;P69905;P02042
prerank,"Sodium:potassium-exchanging ATPase complex, FXYD4 variant",-0.5519534497090607,-1.017588159158944,0.43523316062176165,0.5309581952935551,1.0,3/3,44.88%,P59646;P05023;P05026
prerank,"Non-canonical polycomb repressive complex 1.1, RING2-PCGF1-RYBP variant",0.709095951192457,1.017167770480788,0.4105037513397642,0.7124921128988974,1.0,6/6,29.21%,P63208;Q8NHM5;Q99496;Q8N488;Q9BSM1;Q5H9F3
prerank,"Non-canonical polycomb repressive complex 1.1, RING1-PCGF1-RYBP variant",0.7096505823627288,1.01714773019621,0.4188034188034188,0.7111265961252072,1.0,6/6,29.15%,P63208;Q8NHM5;Q06587;Q8N488;Q9BSM1;Q6W2J9
prerank,"CRL3 E3 ubiquitin ligase complex, KEAP1 variant ",0.7517317816569686,1.0165159931425332,0.44191919191919193,0.7124121296416688,1.0,3/3,24.89%,P62877;Q13618;Q14145
prerank,"CRL3 E3 ubiquitin ligase complex, KLHL29 variant ",0.7509005264616236,1.0163937979192057,0.44,0.711480378358611,1.0,3/3,24.97%,P62877;Q13618;Q96CT2
prerank,"Non-canonical polycomb repressive complex 1.1, RING1-PCGF1-YAF2 variant",0.7096505823627289,1.016277686917498,0.4017278617710583,0.7105594938528839,1.0,6/6,29.15%,P63208;Q8NHM5;Q06587;Q8IY57;Q9BSM1;Q6W2J9
prerank,Chitinase 3-like-1-tmem219-interleukin-13 receptor-ligand alpha-2 signalling complex,-0.5180155210643016,-1.0162314911605579,0.36619718309859156,0.5327003199675254,1.0,4/4,48.28%,Q14627;Q86XT9;P36222;P35225
prerank,"MiDAC histone deacetylase complex, HDAC1 variant",0.7500692712662786,1.0149806727425486,0.4599745870393901,0.7148248141496419,1.0,3/3,25.06%,Q13547;Q6PJG2;Q9H147
prerank,"Cleavage stimulation factor complex, CSTF2 variant",0.7489609310058188,1.0144445336850576,0.47096774193548385,0.7156683369880027,1.0,3/3,25.17%,P33240;Q05048;Q12996
prerank,"RAG guanosine triphosphatase complex, RAGB-RAGD variant",0.7292128603104211,1.0121245255931588,0.45622119815668205,0.724447959610429,1.0,4/4,27.16%,CHEBI:37565;CHEBI:58189;Q9NQL2;Q5VZM2
prerank,"RAG guanosine triphosphatase complex, RAGB-RAGC variant",0.7289356984478934,1.0117218890541233,0.4408352668213457,0.72469804312264,1.0,4/4,27.19%,CHEBI:37565;CHEBI:58189;Q5VZM2;Q9HB90
prerank,"MiDAC histone deacetylase complex, HDAC2 variant",0.7500692712662786,1.0115732476970005,0.45905707196029777,0.7238294539627067,1.0,3/3,25.06%,Q92769;Q6PJG2;Q9H147
prerank,Nuclear pore complex,0.6265363128491618,1.011134736727211,0.399,0.7243095401795172,1.0,32/32,37.90%,P55735;Q96EE3;P49792;Q9BVL2;Q92621;Q9UKX7;Q12769;Q8WYP5;Q9NRG9;Q9BTX1;Q8NFH5;Q96HA1;P52948-PRO_0000019930;P49790;P37198;P57740;Q8NFH3;P12270;P78406;O75694;Q5SRE5;O15504;Q9BW27;Q8N1F7;Q99567;P35658;P52948-PRO_0000019929;Q7Z3B4;Q8TEM1;Q8WUM0;Q53GS7;Q8NFH4
prerank,FCN3-MASP1 lectin-protease complex,-0.5550013854253256,-1.0097868895915774,0.4131455399061033,0.5454140887488511,1.0,3/3,44.57%,O75636;P48740-PRO_0000027594;P48740-PRO_0000027593
prerank,Laminin-332 complex variant B,-0.5605430867276254,-1.0086178979225249,0.42990654205607476,0.5467303228111646,1.0,3/3,44.02%,Q13751;Q16787-2;Q13753
prerank,"RAG guanosine triphosphatase complex, RAGA-RAGD variant",0.7294900221729489,1.0085238479993002,0.4689655172413793,0.7341931141010404,1.0,4/4,27.13%,CHEBI:37565;CHEBI:58189;Q9NQL2;Q7L523
prerank,Hemoglobin HbF Variant 2 complex,0.7406483790523688,1.0080101916060056,0.4600760456273764,0.7349721282630337,1.0,3/3,26.00%,CHEBI:30413;P69905;P69892
prerank,Hemoglobin HbA complex,0.7403712939872538,1.0069151842192317,0.4721878862793572,0.7382975169952041,1.0,3/3,26.02%,CHEBI:30413;P69905;P68871
prerank,"Soluble guanylate cyclase complex, SGCalpha2-SGCbeta1 variant",0.7376004433361043,1.0068602566695537,0.47613065326633164,0.7370581040372729,1.0,3/3,26.30%,CHEBI:30413;Q02153;P33402
prerank,Hemoglobin Portland-1 Variant 2 complex,0.740648379052369,1.0066372325649457,0.48346055979643765,0.7365708333140342,1.0,3/3,26.00%,CHEBI:30413;P02008;P69892
prerank,Hemoglobin HbF Variant 1 complex,0.7395400387919089,1.0057367233911063,0.472636815920398,0.7389733030875693,1.0,3/3,26.11%,CHEBI:30413;P69905;P69891
prerank,Microprocessor complex,0.7381546134663343,1.005387273017663,0.4742647058823529,0.7390127782121886,1.0,3/3,26.25%,CHEBI:30413;Q8WYQ5;Q9NRR4
prerank,"RAG guanosine triphosphatase complex, RAGA-RAGC variant",0.7289356984478934,1.0052375835568352,0.4509132420091324,0.7381778365896935,1.0,4/4,27.19%,CHEBI:37565;CHEBI:58189;Q7L523;Q9HB90
prerank,CRD-mediated mRNA stability complex,0.701608430393788,1.0050584109354914,0.4692144373673036,0.7374624598267508,1.0,6/6,29.96%,CHEBI:33699;O60506;P67809;Q08211;Q9NZI8;Q00839
prerank,FCN1-MASP1 lectin-protease complex,-0.5550013854253256,-1.0042555793335368,0.4146341463414634,0.55499430369281,1.0,3/3,44.57%,O00602;P48740-PRO_0000027594;P48740-PRO_0000027593
prerank,"Sodium:potassium-exchanging ATPase complex, FXYD7 variant",-0.5519534497090607,-1.0026405655921142,0.4153846153846154,0.5570393645806058,1.0,3/3,44.88%,P58549;P05023;P05026
prerank,FCN2-MASP2 lectin-protease complex,-0.5555555555555556,-1.002559291140874,0.4032258064516129,0.5558641956095232,1.0,3/3,44.52%,Q15485;O00187-PRO_0000027600;O00187-PRO_0000027599
prerank,"Soluble guanylate cyclase complex, SGCalpha1-SGCbeta1 variant",0.7370462732058742,1.0019675297438053,0.4975,0.7494664613894804,1.0,3/3,26.36%,CHEBI:30413;Q02153;Q02108
prerank,MBL2-MASP1 lectin-protease complex,-0.5550013854253256,-1.0016526123078837,0.4334763948497854,0.5563714607739336,1.0,3/3,44.57%,P11226;P48740-PRO_0000027594;P48740-PRO_0000027593
prerank,"Sodium:potassium-exchanging ATPase complex, FXYD5 variant",-0.5519534497090607,-1.0013260578324987,0.45701357466063347,0.5557838081098077,1.0,3/3,44.88%,Q96DB9;P05023;P05026
prerank,Embryonic hemoglobin Gower-1 complex,0.740094208922139,1.00078971325385,0.4866920152091255,0.7531422776295891,1.0,3/3,26.05%,CHEBI:30413;P02008;P02100
prerank,Laminin-332 complex variant A,-0.5605430867276254,-1.0003126795180375,0.45588235294117646,0.5567021466439852,1.0,3/3,44.02%,Q13751;Q16787-1;Q13753
prerank,"Poly(A) tail exosome targeting complex, RBM26 variant",-0.5012475741613529,-0.9993303500249792,0.4807692307692308,0.557870912224611,1.0,5/5,49.97%,Q5T8P6;Q86U42;Q8IXZ2;O60293;P42285
prerank,Hemoglobin E complex,0.7400942089221388,0.9991387316682335,0.48675914249684743,0.7587666542836028,1.0,3/3,26.05%,CHEBI:30413;P69905;P02100
prerank,Hemoglobin Portland-2 complex,0.740371293987254,0.998927009785079,0.48484848484848486,0.7582496817918365,1.0,3/3,26.02%,CHEBI:30413;P02008;P68871
prerank,Hemoglobin Portland-1 Variant 1 complex,0.7395400387919091,0.9988629411091813,0.49876543209876545,0.757027889880528,1.0,3/3,26.11%,CHEBI:30413;P02008;P69891
prerank,FCN1-MASP2 lectin-protease complex,-0.5555555555555556,-0.9982490024364837,0.4444444444444444,0.5588320569561952,1.0,3/3,44.52%,O00602;O00187-PRO_0000027600;O00187-PRO_0000027599
prerank,MBL2-MASP2 lectin-protease complex,-0.5555555555555556,-0.9976182896489917,0.44549763033175355,0.5589006932633714,1.0,3/3,44.52%,P11226;O00187-PRO_0000027600;O00187-PRO_0000027599
prerank,Catalase complex,0.7367691881407592,0.9965762066530929,0.5068836045056321,0.7658590595381077,1.0,3/3,26.38%,CHEBI:30413;CHEBI:16474;P04040
prerank,40S cytosolic small ribosomal subunit,0.6172115115954172,0.9957611985263211,0.512,0.7678912771078314,1.0,33/33,38.84%,P61247;P62841;P62979;P63220;P62244;P46782;P46781;P62861;P62263;URS0000704D22_9606;[P62701];P62081;P62249;P39019;P08708;P25398;P60866;P63244;P23396;P15880;P46783;P62266;P62280;P62753;P62269;P08865;P62241;P62277;P62851;P62857;P62847;P62854;P62273
prerank,Interleukin-17F receptor-ligand complex,-0.5260532150776053,-0.9954628326909145,0.40476190476190477,0.5623331417777718,1.0,4/4,47.48%,Q96PD4;Q8NAC3;Q96F46;O43734
prerank,Shelterin complex,0.6910704381586246,0.9948448467810233,0.48136315228966986,0.7705199747114345,1.0,6/6,31.01%,Q15554;Q96AP0;Q9NYB0;P54274;Q9NUX5;Q9BSI4
prerank,"Sodium:potassium-exchanging ATPase complex, FXYD3 variant",-0.5519534497090607,-0.9942717493413578,0.4386792452830189,0.563580960979601,1.0,3/3,44.88%,Q14802;P05023;P05026
prerank,"Exon junction core complex, MAGOHB variant",0.7200665188470067,0.9933762118681644,0.488558352402746,0.7756924901173708,1.0,4/4,28.07%,P38919;Q9Y5S9;O15234;Q96A72
prerank,"GABA-A receptor, alpha1-alpha2-beta2-beta3-gamma2",-0.4782367618519545,-0.9930915371329877,0.3764705882352941,0.5648672081680319,1.0,5/5,52.27%,P47869;P14867;P18507;P47870;P28472
prerank,"Sodium:potassium-exchanging ATPase complex, FXYD6 variant",-0.5519534497090607,-0.9922887418590371,0.43564356435643564,0.5654379155971595,1.0,3/3,44.88%,Q9H0Q3;P05023;P05026
prerank,Mitochondrial NIAUFX iron-sulfur cluster assembly complex ,0.6893203883495146,0.9904889657499727,0.4787123572170301,0.787342985268753,1.0,7/7,31.20%,O14561;CHEBI:597326;Q16595;Q9Y697;Q9HD34;Q6P4F2;Q9H1K1
prerank,"GABA-A receptor, alpha1-alpha2-beta1-beta2-gamma2",-0.4846132520099806,-0.9881461623637747,0.3711340206185567,0.573406775450571,1.0,5/5,51.63%,P47869;P14867;P18505;P18507;P47870
prerank,"ERF1-ERF3 translation release factor complex, GSPT2 variant",0.7267941257966197,0.9874944818074514,0.52,0.7995651136995122,1.0,3/3,27.38%,CHEBI:37565;P62495;Q8IYD1
prerank,ABCB10-ABCB7-FECH ABC transporter ,0.7184035476718406,0.9859639428427645,0.5023364485981309,0.8050691806811181,1.0,4/4,28.24%,CHEBI:190135;Q9NRK6;O75027;P22830
prerank,Alternative pathway pathogen cell-bound C5 convertase complex C3bBbC3bP,-0.5494596841230258,-0.9849632075905999,0.4634146341463415,0.579499064518865,1.0,3/3,45.13%,P27918;CPX-5601;CPX-973
prerank,ISCA2-IBA57 mitochondrial iron-sulfur protein assembly complex,0.7209753394292049,0.9848736791084318,0.5223499361430396,0.8083589092447382,1.0,3/3,27.96%,Q86U28;CHEBI:49601;Q5T440
prerank,Interleukin-17A receptor-ligand complex,-0.5260532150776053,-0.9845046160992509,0.4701492537313433,0.5790330391482619,1.0,4/4,47.48%,Q16552;Q8NAC3;Q96F46;O43734
prerank,"ERF1-ERF3 translation release factor complex, GSPT1 variant",0.7270712108617348,0.9827456415822801,0.5113350125944585,0.8164738097009564,1.0,3/3,27.35%,CHEBI:37565;P62495;P15170
prerank,Complement factor I-H-C3b complex,-0.5494596841230258,-0.982011574336267,0.48936170212765956,0.5829897586275877,1.0,3/3,45.13%,P08603;CPX-6165;CPX-973
prerank,Membrane bound interleukin-6 mIL6R receptor-ligand cluster-signalling complex,-0.5486284289276808,-0.9796724188359168,0.4236453201970443,0.5870079963759259,1.0,3/3,45.21%,P08887-1;P05231-PRO_0000015582;P40189-1
prerank,Mitochondrial isocitrate dehydrogenase complex (NAD+),0.7103658536585364,0.979311534146061,0.5161662817551963,0.8309622568934021,1.0,4/4,29.04%,CHEBI:60240;P50213;P51553;O43837
prerank,28S mitochondrial small ribosomal subunit,0.6082099972074833,0.9786967006527387,0.632,0.8322015650167806,1.0,31/31,39.70%,P82921;P82914;P82932;Q96EL2;P82650;Q92552;Q96BP2;P82673;P82664;P82675;Q92665;Q9BYN8;P82912;P82933;Q9Y2Q9;P51398;Q9Y2R9;Q96EY7;O60783;Q9Y676;Q9Y291;Q9Y3D5;URS000044DFF6_9606;Q9Y2R5;Q9NWT8;Q9Y399;Q9Y3D3;P82663;P82930;O15235;Q9Y3D9
prerank,Chromatin assembly factor 1 complex,0.7201440842338599,0.9773818749396527,0.5494791666666666,0.836743303465817,1.0,3/3,28.05%,Q09028;Q13111;Q13112
prerank,Multiaminoacyl-tRNA synthetase complex,0.6481532907525689,0.97617725082676,0.5548841893252769,0.8406562899633965,1.0,11/11,35.38%,P07814;P41252;P54136;P47897;P56192;Q15046;P14868;Q12904;Q9P2J5;O43324;Q13155
prerank,FCN2-MASP1 lectin-protease complex,-0.5550013854253256,-0.9737667413374004,0.45098039215686275,0.5987647196792293,1.0,3/3,44.57%,Q15485;P48740-PRO_0000027594;P48740-PRO_0000027593
prerank,Shieldin complex,0.7053769401330378,0.9730318655210807,0.5368421052631579,0.8536195009345227,1.0,4/4,29.54%,Q9UI95;Q8IYI0;Q86V20;Q6ZNX1
prerank,Interleukin-3 receptor-ligand complex,-0.5264616237184816,-0.9713155450635274,0.4816753926701571,0.60300280572889,1.0,3/3,47.43%,P26951;P08700;P32927
prerank,GTPase HRAS - Son of sevenless homolog 1 complex,0.711000277085065,0.9711710601296378,0.5529556650246306,0.8605196310324036,1.0,3/3,28.96%,P01112;CHEBI:15996;Q07889
prerank,"GABA-A receptor, alpha1-alpha2-beta3-gamma2",-0.4781042128603104,-0.967694825515895,0.45454545454545453,0.6101787809796061,1.0,4/4,52.27%,P47869;P14867;P18507;P28472
prerank,SMARCA3 - Annexin A2 - S100-A10 complex,0.709891936824605,0.9671038395911311,0.578343949044586,0.877563534878886,1.0,3/3,29.07%,P07355;P60903;Q14527
prerank,Methylcrotonyl-CoA carboxylase complex,0.7079523413688003,0.9631522636582165,0.5925,0.894197905950784,1.0,3/3,29.26%,CHEBI:57586;Q96RQ3;Q9HCC0
prerank,"Methyltransferase complex, METTL3-METTL14",0.7071210861734551,0.9615273441206131,0.5853051058530511,0.8999483832175696,1.0,3/3,29.35%,CHEBI:67040;Q9HCE5;Q86U44
prerank,Non-canonical FBXO45-MYCBP2-SKP1 E3 ubiquitin ligase complex,0.7060127459129951,0.9597565286954699,0.5935563816604709,0.9063675446100803,1.0,3/3,29.46%,P63208;O75592;P0C2W1
prerank,"XPC complex, RAD23A variant",0.7065669160432252,0.9573281667673554,0.5882352941176471,0.9157771515126595,1.0,3/3,29.40%,P41208;Q01831;P54725
prerank,"XPC complex, RAD23B variant",0.7068440011083402,0.955044530144145,0.6009913258983891,0.9243800625595356,1.0,3/3,29.37%,P41208;Q01831;P54727
prerank,Core mediator complex,0.5976017847183489,0.9541630681471396,0.768,0.9266971371015046,1.0,26/26,40.67%,Q96HR3;Q9Y3C7;Q9H944;Q15648;Q6P2C8;Q9Y2X0;O75448;Q9H204;Q9NWA0;Q13503;Q9ULK4;Q15528;Q9P086;Q9BTT4;Q9NVC6;Q96G25;Q9NX70;Q71SY5;O43513;A0JLT2;O60244;O95402;O75586;Q9NPJ6;Q9BUE0;Q96RN5
prerank,Retention and splicing complex,0.6996397894153503,0.953504106543798,0.5944931163954944,0.927847330238256,1.0,3/3,30.09%,Q8TAD8;Q9Y388;Q9BRD0
prerank,TMEM219-Interleukin-13 decoy-receptor-ligand alpha 2 complex,-0.517871986699917,-0.9517830998467357,0.5096153846153846,0.6469748444478376,1.0,3/3,48.28%,Q14627;Q86XT9;P35225
prerank,BRCA1-PALB2-BRCA2 homologous recombination DNA repair complex,0.6949293433083956,0.9490914215130122,0.6128205128205129,0.9459811508157472,1.0,3/3,30.56%,P51587;P38398;Q86YC2
prerank,Laminin-421 complex,-0.5087281795511223,-0.9490294477475861,0.5175879396984925,0.6522532854148697,1.0,3/3,49.20%,Q16363;P55268;P11047
prerank,Laminin-321 complex,-0.5087281795511223,-0.9487047621846394,0.5071090047393365,0.6516112090632854,1.0,3/3,49.20%,Q16787-1;P55268;P11047
prerank,"GABA-A receptor, alpha1-alpha2-beta2-gamma2",-0.4844789356984479,-0.9479902794854915,0.46564885496183206,0.6517621477930818,1.0,4/4,51.63%,P47869;P14867;P18507;P47870
prerank,PSAP splicing-associated complex,0.7001939595455807,0.9473139579699918,0.6123737373737373,0.952050675275462,1.0,3/3,30.04%,Q9H307;O00422;Q15287
prerank,Laminin-521 complex,-0.5087281795511223,-0.9452156151899221,0.4930232558139535,0.657300621438741,1.0,3/3,49.20%,O15230;P55268;P11047
prerank,Laminin-522 complex,-0.5092823496813522,-0.9450715513412257,0.49765258215962443,0.6560579572469195,1.0,3/3,49.14%,Q13753;O15230;P55268
prerank,Laminin-523 complex,-0.5092823496813522,-0.9367686622045561,0.5570776255707762,0.6753397131635963,1.0,3/3,49.14%,Q9Y6N6;O15230;P55268
prerank,Laminin-511 complex,-0.5087281795511223,-0.9364446144598072,0.49489795918367346,0.6746018192788916,1.0,3/3,49.20%,O15230;P07942;P11047
prerank,"Non-canonical polycomb repressive complex 1.6, RING1-RYBP variant",0.6566833056017748,0.9362406075293137,0.6586387434554973,0.9994369827116837,1.0,6/6,34.44%,Q06587;Q8N488;CPX-2552;CPX-2551;Q969R5;Q9BYE7
prerank,Laminin-121 complex,-0.5087281795511223,-0.9359380737934632,0.5450236966824644,0.6744707503434939,1.0,3/3,49.20%,P25391;P55268;P11047
prerank,"Non-canonical polycomb repressive complex 1.6, RING2-RYBP variant",0.6566833056017748,0.9357294756983356,0.6586387434554973,0.9998035769616832,1.0,6/6,34.44%,Q99496;Q8N488;CPX-2552;CPX-2551;Q969R5;Q9BYE7
prerank,"Non-canonical polycomb repressive complex 1.6, RING1-YAF2 variant",0.6566833056017747,0.9343380559425257,0.663135593220339,1.0,1.0,6/6,34.44%,Q06587;Q8IY57;CPX-2552;CPX-2551;Q969R5;Q9BYE7
prerank,"Non-canonical polycomb repressive complex 1.5, RING1-YAF2-CKIIA2 variant",0.6584419184918213,0.9339584794107283,0.6456953642384106,1.0,1.0,5/5,34.25%,Q06587;Q8IY57;Q8WXX7;Q86SE9;CPX-2428
prerank,"Non-canonical polycomb repressive complex 1.6, RING2-YAF2 variant",0.6566833056017748,0.933894827122515,0.6642259414225942,1.0,1.0,6/6,34.44%,Q99496;Q8IY57;CPX-2552;CPX-2551;Q969R5;Q9BYE7
prerank,"Non-canonical polycomb repressive complex 1.3, RING1-YAF2-CKIIA1-A2 variant",0.6587191571943443,0.9333633282119655,0.6722595078299777,1.0,1.0,5/5,34.22%,Q06587;Q8IY57;Q8WXX7;Q3KNV8;CPX-2437
prerank,"Non-canonical polycomb repressive complex 1.3, RING2-YAF2-CKIIA1-A2 variant",0.6587191571943445,0.9333420050199994,0.6530837004405287,1.0,1.0,5/5,34.22%,Q99496;Q8IY57;Q8WXX7;Q3KNV8;CPX-2437
prerank,"Non-canonical polycomb repressive complex 1.3, RING1-YAF2-CKIIA2 variant",0.6584419184918213,0.9320201098502181,0.6588888888888889,1.0,1.0,5/5,34.25%,Q06587;Q8IY57;Q8WXX7;Q3KNV8;CPX-2428
prerank,"Non-canonical polycomb repressive complex 1.5, RING2-YAF2-CKIIA2 variant",0.6584419184918215,0.9319322461817537,0.6473165388828039,1.0,1.0,5/5,34.25%,Q99496;Q8IY57;Q8WXX7;Q86SE9;CPX-2428
prerank,Laminin-423 complex,-0.5092823496813522,-0.93169918755642,0.5981735159817352,0.6839797889146261,1.0,3/3,49.14%,Q16363;Q9Y6N6;P55268
prerank,"Non-canonical polycomb repressive complex 1.3, RING2-RYBP-CKIIA1-A2 variant",0.6587191571943444,0.931681677236547,0.6419213973799127,1.0,1.0,5/5,34.22%,Q99496;Q8N488;Q8WXX7;Q3KNV8;CPX-2437
prerank,"Non-canonical polycomb repressive complex 1.5, RING1-YAF2-CKIIA1-A2 variant",0.6587191571943443,0.9314985438321464,0.6670378619153675,1.0,1.0,5/5,34.22%,Q06587;Q8IY57;Q8WXX7;Q86SE9;CPX-2437
prerank,"Cleavage stimulation factor complex, CSTF2T variant",0.6899418121363258,0.9305652078071776,0.6591211717709721,1.0,1.0,3/3,31.06%,Q05048;Q12996;Q9H0L4
prerank,"Non-canonical polycomb repressive complex 1.5, RING2-YAF2-CKIIA1-A2 variant",0.6587191571943445,0.9302820069761403,0.6567328918322296,1.0,1.0,5/5,34.22%,Q99496;Q8IY57;Q8WXX7;Q86SE9;CPX-2437
prerank,"Non-canonical polycomb repressive complex 1.3, RING2-YAF2-CKIIA2 variant",0.6584419184918215,0.9302018510719339,0.653288740245262,1.0,1.0,5/5,34.25%,Q99496;Q8IY57;Q8WXX7;Q3KNV8;CPX-2428
prerank,"Non-canonical polycomb repressive complex 1.3, RING2-RYBP-CKIIA1 variant",0.6567784862766843,0.929187874917915,0.6615384615384615,1.0,1.0,5/5,34.41%,Q99496;Q8N488;Q8WXX7;Q3KNV8;CPX-914
prerank,"Non-canonical polycomb repressive complex 1.3, RING2-RYBP-CKIIA2 variant",0.6584419184918215,0.9288886641987731,0.6703056768558951,1.0,1.0,5/5,34.25%,Q99496;Q8N488;Q8WXX7;Q3KNV8;CPX-2428
prerank,Interleukin-35 receptor ligand type 2 complex,-0.516486561374342,-0.928708547647309,0.5833333333333334,0.6897352580583236,1.0,3/3,48.42%,CPX-25744;Q99665;Q6UWB1
prerank,"Non-canonical polycomb repressive complex 1.5, RING2-RYBP-CKIIA1-A2 variant",0.6587191571943444,0.9287023778428455,0.6471238938053098,1.0,1.0,5/5,34.22%,Q99496;Q8N488;Q8WXX7;Q86SE9;CPX-2437
prerank,"Non-canonical polycomb repressive complex 1.3, RING1-RYBP-CKIIA2 variant",0.6584419184918214,0.928429314576647,0.6724890829694323,1.0,1.0,5/5,34.25%,Q06587;Q8N488;Q8WXX7;Q3KNV8;CPX-2428
prerank,"Non-canonical polycomb repressive complex 1.3, RING1-RYBP-CKIIA1-A2 variant",0.6587191571943443,0.9283778856541692,0.6773835920177383,1.0,1.0,5/5,34.22%,Q06587;Q8N488;Q8WXX7;Q3KNV8;CPX-2437
prerank,Laminin-221 complex,-0.5087281795511223,-0.9283752831770902,0.5544554455445545,0.6891262203457968,1.0,3/3,49.20%,P24043;P55268;P11047
prerank,"Non-canonical polycomb repressive complex 1.5, RING2-RYBP-CKIIA2 variant",0.6584419184918215,0.9272379585040406,0.6637458926615553,1.0,1.0,5/5,34.25%,Q99496;Q8N488;Q8WXX7;Q86SE9;CPX-2428
prerank,"Non-canonical polycomb repressive complex 1.5, RING1-RYBP-CKIIA2 variant",0.6584419184918214,0.9268420435895254,0.6666666666666666,1.0,1.0,5/5,34.25%,Q06587;Q8N488;Q8WXX7;Q86SE9;CPX-2428
prerank,"Non-canonical polycomb repressive complex 1.3, RING2-YAF2-CKIIA1 variant",0.6567784862766843,0.926344401492216,0.6714285714285714,1.0,1.0,5/5,34.41%,Q99496;Q8IY57;Q8WXX7;Q3KNV8;CPX-914
prerank,"Non-canonical polycomb repressive complex 1.5, RING2-RYBP-CKIIA1 variant",0.6567784862766843,0.9259684970468681,0.6754385964912281,1.0,1.0,5/5,34.41%,Q99496;Q8N488;Q8WXX7;Q86SE9;CPX-914
prerank,"Non-canonical polycomb repressive complex 1.3, RING1-YAF2-CKIIA1 variant",0.6567784862766841,0.9251683386257246,0.6829268292682927,1.0,1.0,5/5,34.41%,Q06587;Q8IY57;Q8WXX7;Q3KNV8;CPX-914
prerank,"Non-canonical polycomb repressive complex 1.5, RING1-RYBP-CKIIA1-A2 variant",0.6587191571943443,0.9247333375668065,0.6704035874439462,1.0,1.0,5/5,34.22%,Q06587;Q8N488;Q8WXX7;Q86SE9;CPX-2437
prerank,"Non-canonical polycomb repressive complex 1.5, RING1-YAF2-CKIIA1 variant",0.6567784862766841,0.9244526379049735,0.6903440621531631,1.0,1.0,5/5,34.41%,Q06587;Q8IY57;Q8WXX7;Q86SE9;CPX-914
prerank,"Non-canonical polycomb repressive complex 1.5, RING2-YAF2-CKIIA1 variant",0.6567784862766843,0.9241607972512822,0.6834061135371179,1.0,1.0,5/5,34.41%,Q99496;Q8IY57;Q8WXX7;Q86SE9;CPX-914
prerank,3M complex,0.684677195899141,0.9241389863308814,0.6559691912708601,1.0,1.0,3/3,31.59%,Q14999;O75147;Q9H0W5
prerank,"Non-canonical polycomb repressive complex 1.3, RING1-RYBP-CKIIA1 variant",0.6567784862766842,0.9231603534644831,0.6879120879120879,1.0,1.0,5/5,34.41%,Q06587;Q8N488;Q8WXX7;Q3KNV8;CPX-914
prerank,Mitochondrial proton-transporting ATP synthase complex,0.5856307435254802,0.9228334593572565,0.892,1.0,1.0,21/21,41.78%,P56378;P18859;P25705;Q7Z4Y8;P24539;P30049;P03928;P00846;Q96IX5;Q5VTU8;Q06055;P56385;P56134;P48201;O75947;P36542;P48047;P56381;P05496;P06576;O75964
prerank,GAIT complex,0.6638026607538802,0.9223896136029364,0.6761229314420804,1.0,1.0,4/4,33.69%,O60506;P40429;P07814;P04406
prerank,"Non-canonical polycomb repressive complex 1.5, RING1-RYBP-CKIIA1 variant",0.6567784862766842,0.9222902346340137,0.6939226519337016,1.0,1.0,5/5,34.41%,Q06587;Q8N488;Q8WXX7;Q86SE9;CPX-914
prerank,Laminin-411 complex,-0.5087281795511223,-0.9217562762240946,0.533678756476684,0.7046841938790878,1.0,3/3,49.20%,Q16363;P07942;P11047
prerank,"Polycomb repressive complex 1, RING2-PCGF2-CBX8-PHC1 variant",0.6590909090909091,0.9215838905884961,0.6854838709677419,1.0,1.0,4/4,34.16%,Q99496;P35227;P78364;Q9HC52
prerank,"Polycomb repressive complex 1, RING2-PCGF2-CBX2-PHC3 variant",0.6568736141906873,0.9213594623777454,0.6937142857142857,1.0,1.0,4/4,34.39%,Q99496;P35227;Q8NDX5;Q14781
prerank,"Polycomb repressive complex 1, RING2-PCGF2-CBX7-PHC1 variant",0.6588137472283813,0.9209363461448568,0.6931949250288351,1.0,1.0,4/4,34.19%,Q99496;P35227;P78364;O95931
prerank,"Polycomb repressive complex 1, RING2-PCGF2-CBX6-PHC3 variant",0.6571507760532151,0.9202937809764995,0.6987542468856173,1.0,1.0,4/4,34.36%,Q99496;P35227;Q8NDX5;O95503
prerank,mCRD-poly(A)-bridging complex,0.6553922927640699,0.9201064526201426,0.6836283185840708,1.0,1.0,5/5,34.55%,O60506;Q14103;P11940;O75534;Q9H074
prerank,"Polycomb repressive complex 1, RING2-PCGF2-CBX4-PHC1 variant",0.6579822616407982,0.9192524976086629,0.693012600229095,1.0,1.0,4/4,34.27%,Q99496;P35227;P78364;O00257
prerank,IL11-sIL11RA-sIL-6ST receptor-ligand buffering complex,-0.5184261568301469,-0.9191478105331228,0.5897435897435898,0.7100301445657203,1.0,3/3,48.23%,P40189-2;Q14626-PRO_0000450688;P20809
prerank,"Polycomb repressive complex 1, RING2-PCGF2-CBX2-PHC1 variant",0.6568736141906873,0.9189707140011385,0.6951080773606371,1.0,1.0,4/4,34.39%,Q99496;P35227;P78364;Q14781
prerank,"Polycomb repressive complex 1, RING2-PCGF4-CBX4-PHC1 variant",0.6579822616407982,0.9188423179474468,0.6892980437284235,1.0,1.0,4/4,34.27%,Q99496;P35226;P78364;O00257
prerank,"Polycomb repressive complex 1, RING2-PCGF4-CBX6-PHC3 variant",0.6571507760532151,0.9185010180214134,0.7019562715765247,1.0,1.0,4/4,34.36%,Q99496;P35226;Q8NDX5;O95503
prerank,"Polycomb repressive complex 1, RING1-PCGF2-CBX2-PHC3 variant",0.6568736141906873,0.9176099431511772,0.7103448275862069,1.0,1.0,4/4,34.39%,Q06587;P35227;Q8NDX5;Q14781
prerank,"Polycomb repressive complex 1, RING2-PCGF4-CBX2-PHC3 variant",0.6568736141906873,0.9176086211839082,0.7023255813953488,1.0,1.0,4/4,34.39%,Q99496;P35226;Q8NDX5;Q14781
prerank,"Polycomb repressive complex 1, RING2-PCGF2-CBX6-PHC1 variant",0.657150776053215,0.917176156446722,0.69327251995439,1.0,1.0,4/4,34.36%,Q99496;P35227;P78364;O95503
prerank,"Polycomb repressive complex 1, RING2-PCGF2-CBX8-PHC3 variant",0.6590909090909091,0.9170702877175038,0.7068965517241379,1.0,1.0,4/4,34.16%,Q99496;P35227;Q8NDX5;Q9HC52
prerank,"Polycomb repressive complex 1, RING1-PCGF4-CBX8-PHC3 variant",0.6590909090909091,0.9170421027525792,0.7070588235294117,0.9986291566616252,1.0,4/4,34.16%,Q06587;P35226;Q8NDX5;Q9HC52
prerank,"Polycomb repressive complex 1, RING2-PCGF4-CBX7-PHC3 variant",0.6588137472283814,0.9168915550648639,0.696969696969697,0.9974363512908104,1.0,4/4,34.19%,Q99496;P35226;Q8NDX5;O95931
prerank,"Polycomb repressive complex 1, RING1-PCGF2-CBX8-PHC3 variant",0.6590909090909091,0.9168688092463687,0.6960556844547564,0.995814312401048,1.0,4/4,34.16%,Q06587;P35227;Q8NDX5;Q9HC52
prerank,"Polycomb repressive complex 1, RING2-PCGF4-CBX7-PHC1 variant",0.6588137472283813,0.9167229894500802,0.6967213114754098,0.9947190890346489,1.0,4/4,34.19%,Q99496;P35226;P78364;O95931
prerank,"Polycomb repressive complex 1, RING2-PCGF4-CBX8-PHC3 variant",0.6590909090909091,0.9166787532720141,0.7099056603773585,0.9931639118838899,1.0,4/4,34.16%,Q99496;P35226;Q8NDX5;Q9HC52
prerank,"Polycomb repressive complex 1, RING1-PCGF2-CBX8-PHC1 variant",0.6590909090909092,0.9159433643842154,0.7038327526132404,0.9943114648350161,1.0,4/4,34.16%,Q06587;P35227;P78364;Q9HC52
prerank,"Polycomb repressive complex 1, RING2-PCGF4-CBX4-PHC3 variant",0.6579822616407982,0.9156070727340535,0.7112922002328289,0.9939182033842822,1.0,4/4,34.27%,Q99496;P35226;Q8NDX5;O00257
prerank,"Polycomb repressive complex 1, RING2-PCGF2-CBX2-PHC2 variant",0.6568736141906873,0.9153721990504997,0.7086705202312139,0.9931295107942478,1.0,4/4,34.39%,Q99496;P35227;Q8IXK0;Q14781
prerank,"Polycomb repressive complex 1, RING2-PCGF4-CBX8-PHC1 variant",0.6590909090909091,0.9151176068615494,0.6864608076009501,0.9924466313509813,1.0,4/4,34.16%,Q99496;P35226;P78364;Q9HC52
prerank,"Polycomb repressive complex 1, RING1-PCGF2-CBX7-PHC1 variant",0.6588137472283814,0.9145907706934908,0.7066974595842956,0.9929301179423253,1.0,4/4,34.19%,Q06587;P35227;P78364;O95931
prerank,"Polycomb repressive complex 1, RING1-PCGF4-CBX2-PHC3 variant",0.6568736141906873,0.9144856495531796,0.7229885057471265,0.991630905334362,1.0,4/4,34.39%,Q06587;P35226;Q8NDX5;Q14781
prerank,"Polycomb repressive complex 1, RING2-PCGF2-CBX7-PHC3 variant",0.6588137472283814,0.9144689330946888,0.7044392523364486,0.9900201306088023,1.0,4/4,34.19%,Q99496;P35227;Q8NDX5;O95931
prerank,"Polycomb repressive complex 1, RING1-PCGF2-CBX4-PHC1 variant",0.6579822616407983,0.9143497984146023,0.720504009163803,0.9887837803907618,1.0,4/4,34.27%,Q06587;P35227;P78364;O00257
prerank,"Polycomb repressive complex 1, RING1-PCGF2-CBX2-PHC1 variant",0.6568736141906875,0.9142342747908926,0.7109826589595376,0.9875434731148774,1.0,4/4,34.39%,Q06587;P35227;P78364;Q14781
prerank,"Polycomb repressive complex 1, RING2-PCGF4-CBX6-PHC1 variant",0.657150776053215,0.9139163701505347,0.7017543859649122,0.9871066086990605,1.0,4/4,34.36%,Q99496;P35226;P78364;O95503
prerank,"Polycomb repressive complex 1, RING2-PCGF4-CBX2-PHC1 variant",0.6568736141906873,0.9138602304471083,0.7045191193511008,0.9856185244135997,1.0,4/4,34.39%,Q99496;P35226;P78364;Q14781
prerank,"Polycomb repressive complex 1, RING2-PCGF2-CBX4-PHC3 variant",0.6579822616407982,0.9137437034394346,0.7111622554660529,0.9844071324858134,1.0,4/4,34.27%,Q99496;P35227;Q8NDX5;O00257
prerank,"Polycomb repressive complex 1, RING1-PCGF2-CBX2-PHC2 variant",0.6568736141906873,0.913708077685446,0.7242990654205608,0.9828720158077797,1.0,4/4,34.39%,Q06587;P35227;Q8IXK0;Q14781
prerank,"Polycomb repressive complex 1, RING2-PCGF2-CBX7-PHC2 variant",0.6588137472283814,0.9136438383984102,0.6961583236321304,0.9814814648999615,1.0,4/4,34.19%,Q99496;P35227;Q8IXK0;O95931
prerank,"Polycomb repressive complex 1, RING1-PCGF2-CBX4-PHC3 variant",0.6579822616407982,0.9130821300438121,0.7172413793103448,0.98200166040516,1.0,4/4,34.27%,Q06587;P35227;Q8NDX5;O00257
prerank,Laminin-311 complex variant A,-0.5087281795511223,-0.912998647116896,0.5931372549019608,0.7245733665456073,1.0,3/3,49.20%,Q16787-1;P07942;P11047
prerank,"Polycomb repressive complex 1, RING1-PCGF4-CBX8-PHC1 variant",0.6590909090909092,0.9128645009716791,0.7096018735362998,0.9811925582974924,1.0,4/4,34.16%,Q06587;P35226;P78364;Q9HC52
prerank,"Polycomb repressive complex 1, RING2-PCGF4-CBX2-PHC2 variant",0.6568736141906873,0.9128613645628992,0.7121387283236994,0.9795652628314627,1.0,4/4,34.39%,Q99496;P35226;Q8IXK0;Q14781
prerank,"Polycomb repressive complex 1, RING1-PCGF2-CBX6-PHC3 variant",0.6571507760532151,0.9126705969863024,0.7017341040462428,0.9786083878668355,1.0,4/4,34.36%,Q06587;P35227;Q8NDX5;O95503
prerank,"Polycomb repressive complex 1, RING1-PCGF4-CBX8-PHC2 variant",0.6590909090909091,0.9125511465423407,0.7191142191142191,0.9774192985788807,1.0,4/4,34.16%,Q06587;P35226;Q8IXK0;Q9HC52
prerank,"4EHP-GIGYF2 co-translational mRNA decay complex, DDX6 variant",-0.513161540592962,-0.9124759601652797,0.5797101449275363,0.7243797136638422,1.0,3/3,48.75%,Q6Y7W6;O60573;P26196
prerank,"Polycomb repressive complex 1, RING2-PCGF2-CBX6-PHC2 variant",0.6571507760532151,0.9122005094783059,0.703788748564868,0.9771114214573984,1.0,4/4,34.36%,Q99496;P35227;Q8IXK0;O95503
prerank,"Polycomb repressive complex 1, RING1-PCGF2-CBX8-PHC2 variant",0.6590909090909091,0.9121664769301111,0.7188235294117648,0.9756246610737556,1.0,4/4,34.16%,Q06587;P35227;Q8IXK0;Q9HC52
prerank,"Polycomb repressive complex 1, RING1-PCGF2-CBX6-PHC1 variant",0.6571507760532151,0.9121025057514127,0.7154377880184332,0.9742769839320418,1.0,4/4,34.36%,Q06587;P35227;P78364;O95503
prerank,"Polycomb repressive complex 1, RING2-PCGF2-CBX4-PHC2 variant",0.6579822616407982,0.9119387503832442,0.7132947976878613,0.9732629461814364,1.0,4/4,34.27%,Q99496;P35227;Q8IXK0;O00257
prerank,"Polycomb repressive complex 1, RING1-PCGF2-CBX4-PHC2 variant",0.6579822616407982,0.9117737450878804,0.7184241019698725,0.9722545161234335,1.0,4/4,34.27%,Q06587;P35227;Q8IXK0;O00257
prerank,"Polycomb repressive complex 1, RING1-PCGF4-CBX2-PHC2 variant",0.6568736141906873,0.9117528128007055,0.717391304347826,0.9707255606876426,1.0,4/4,34.39%,Q06587;P35226;Q8IXK0;Q14781
prerank,"Polycomb repressive complex 1, RING1-PCGF4-CBX4-PHC1 variant",0.6579822616407983,0.9117286567423796,0.717741935483871,0.9692106628651613,1.0,4/4,34.27%,Q06587;P35226;P78364;O00257
prerank,"Non-canonical polycomb repressive complex 1.2, RNF2-YAF2 variant",0.6616791354945968,0.9117054086837972,0.6967418546365914,0.9677007319207864,1.0,3/3,33.89%,Q99496;Q8IY57;P35227
prerank,"Polycomb repressive complex 1, RING2-PCGF4-CBX4-PHC2 variant",0.6579822616407982,0.9116014091879142,0.7032332563510393,0.9664659484901681,1.0,4/4,34.27%,Q99496;P35226;Q8IXK0;O00257
prerank,Laminin-111 complex,-0.5087281795511223,-0.9114743718882208,0.5555555555555556,0.7251627725102131,1.0,3/3,49.20%,P25391;P07942;P11047
prerank,"Polycomb repressive complex 1, RING1-PCGF4-CBX7-PHC1 variant",0.6588137472283814,0.9114636351044355,0.7114716106604867,0.9654004304502914,1.0,4/4,34.19%,Q06587;P35226;P78364;O95931
prerank,"Polycomb repressive complex 1, RING2-PCGF2-CBX8-PHC2 variant",0.6590909090909092,0.9110873433782415,0.7030516431924883,0.9651665583946002,1.0,4/4,34.16%,Q99496;P35227;Q8IXK0;Q9HC52
prerank,"Polycomb repressive complex 1, RING1-PCGF2-CBX6-PHC2 variant",0.657150776053215,0.9110177746491289,0.727906976744186,0.9638422239784626,1.0,4/4,34.36%,Q06587;P35227;Q8IXK0;O95503
prerank,"Polycomb repressive complex 1, RING1-PCGF2-CBX7-PHC3 variant",0.6588137472283814,0.9106904961799278,0.7116279069767442,0.9634964373931728,1.0,4/4,34.19%,Q06587;P35227;Q8NDX5;O95931
prerank,"Polycomb repressive complex 1, RING1-PCGF4-CBX7-PHC3 variant",0.6588137472283814,0.9106484684557554,0.7190751445086705,0.9620830764376997,1.0,4/4,34.19%,Q06587;P35226;Q8NDX5;O95931
prerank,"Non-canonical polycomb repressive complex 1.4, RNF2-YAF2 variant",0.6619562205597118,0.9104953499749456,0.7027707808564232,0.9611013058475155,1.0,3/3,33.86%,Q99496;Q8IY57;P35226
prerank,"Polycomb repressive complex 1, RING1-PCGF4-CBX2-PHC1 variant",0.6568736141906875,0.9102218498304628,0.7194982896237172,0.9605846497835258,1.0,4/4,34.39%,Q06587;P35226;P78364;Q14781
prerank,"Polycomb repressive complex 1, RING1-PCGF2-CBX7-PHC2 variant",0.6588137472283814,0.9101882937652566,0.7084309133489461,0.9591606166655186,1.0,4/4,34.19%,Q06587;P35227;Q8IXK0;O95931
prerank,Nuclear exosome targeting complex,-0.5009697977279025,-0.9100391565624462,0.6150234741784038,0.72747922584083,1.0,3/3,49.97%,Q9Y580;Q6NZY4;P42285
prerank,"Polycomb repressive complex 1, RING2-PCGF4-CBX7-PHC2 variant",0.6588137472283814,0.9096919042731845,0.7074592074592074,0.9594032250050613,1.0,4/4,34.19%,Q99496;P35226;Q8IXK0;O95931
prerank,"Polycomb repressive complex 1, RING1-PCGF4-CBX6-PHC1 variant",0.6571507760532151,0.9094890743721609,0.7256027554535017,0.9585927136615074,1.0,4/4,34.36%,Q06587;P35226;P78364;O95503
prerank,"Polycomb repressive complex 1, RING1-PCGF4-CBX6-PHC3 variant",0.6571507760532151,0.909429258551317,0.7305045871559633,0.9572462139031216,1.0,4/4,34.36%,Q06587;P35226;Q8NDX5;O95503
prerank,"Polycomb repressive complex 1, RING1-PCGF4-CBX4-PHC3 variant",0.6579822616407982,0.9090269676911693,0.7441860465116279,0.9571131012465088,1.0,4/4,34.27%,Q06587;P35226;Q8NDX5;O00257
prerank,"Non-canonical polycomb repressive complex 1.2, RING1-YAF2 variant",0.6616791354945968,0.9086628496225785,0.7126436781609196,0.9567930074089557,1.0,3/3,33.89%,Q06587;Q8IY57;P35227
prerank,"Polycomb repressive complex 1, RING2-PCGF4-CBX6-PHC2 variant",0.6571507760532151,0.9083422574950366,0.7096399535423926,0.9563858870615407,1.0,4/4,34.36%,Q99496;P35226;Q8IXK0;O95503
prerank,"Polycomb repressive complex 1, RING2-PCGF4-CBX8-PHC2 variant",0.6590909090909092,0.9079699371256399,0.7159763313609467,0.9561822607720715,1.0,4/4,34.16%,Q99496;P35226;Q8IXK0;Q9HC52
prerank,"Polycomb repressive complex 1, RING1-PCGF4-CBX4-PHC2 variant",0.6579822616407982,0.9078489508161524,0.722158438576349,0.9550642823179237,1.0,4/4,34.27%,Q06587;P35226;Q8IXK0;O00257
prerank,"Polycomb repressive complex 1, RING1-PCGF4-CBX7-PHC2 variant",0.6588137472283814,0.9074220203965316,0.716589861751152,0.9551175365232082,1.0,4/4,34.19%,Q06587;P35226;Q8IXK0;O95931
prerank,"Polycomb repressive complex 1, RING1-PCGF4-CBX6-PHC2 variant",0.657150776053215,0.9067288572012548,0.7245714285714285,0.9559296046837055,1.0,4/4,34.36%,Q06587;P35226;Q8IXK0;O95503
prerank,"Non-canonical polycomb repressive complex 1.2, RNF2-RYBP variant",0.661679135494597,0.9066722114556576,0.7153652392947103,0.9546055223919848,1.0,3/3,33.89%,Q99496;Q8N488;P35227
prerank,Laminin-211 complex,-0.5087281795511223,-0.9059137843887648,0.6048780487804878,0.7362729718608942,1.0,3/3,49.20%,P24043;P07942;P11047
prerank,Laminin-213 complex,-0.5090052646162372,-0.9057119188751614,0.6036036036036037,0.7350923962659336,1.0,3/3,49.17%,P24043;Q9Y6N6;P07942
prerank,"Non-canonical polycomb repressive complex 1.4, RING1-YAF2 variant",0.6619562205597118,0.9056679973049098,0.7208706786171575,0.9566226457127815,1.0,3/3,33.86%,Q06587;Q8IY57;P35226
prerank,"Serine palmitoyltransferase complex, SPTLC1-SPTLC3-SPTSSA variant",0.6516075388026608,0.9046577011233269,0.7336448598130841,0.958622501286452,1.0,4/4,34.91%,CHEBI:597326;O15269;Q969W0;Q9NUV7
prerank,SOSS1 complex,0.661402050429482,0.9044907941382048,0.7271604938271605,0.957691661101836,1.0,3/3,33.91%,Q68E01;Q9NRY2;Q9BQ15
prerank,Interleukin-6 sIL6R-mIL6ST receptor-ligand trans-signalling complex,-0.4918259905791078,-0.9036612093104108,0.5426829268292683,0.7386626377535611,1.0,3/3,50.89%,P08887-PRO_0000450730;P40189-1;P05231
prerank,"Non-canonical polycomb repressive complex 1.4, RNF2-RYBP variant",0.6619562205597119,0.9035028951646408,0.7137452711223203,0.9594502444804005,1.0,3/3,33.86%,Q99496;Q8N488;P35226
prerank,"Non-canonical polycomb repressive complex 1.2, RING1-RYBP variant",0.6616791354945968,0.9030262228565038,0.7191435768261965,0.9595653359509946,1.0,3/3,33.89%,Q06587;Q8N488;P35227
prerank,"Serine palmitoyltransferase complex, SPTLC1-SPTLC2-SPTSSA variant",0.6510532150776053,0.9023601542808868,0.7619589977220956,0.9603744520468686,1.0,4/4,34.97%,CHEBI:597326;O15269;Q969W0;O15270
prerank,RB1-E2F1-DP1 transcriptional repressor complex,0.6691604322527016,0.9019385190801684,0.7158948685857321,0.960179959494755,1.0,3/3,33.14%,Q14186;P06400;Q01094
prerank,"4EHP-GIGYF1 co-translational mRNA decay complex, DDX6 variant",-0.513161540592962,-0.9010588680800884,0.5960591133004927,0.7438296199988451,1.0,3/3,48.75%,O75420;O60573;P26196
prerank,Signal recognition particle receptor complex,0.6625103906899419,0.9008774818714382,0.739454094292804,0.9623441183909445,1.0,3/3,33.80%,CHEBI:15996;Q9Y5M8;P08240
prerank,RB1-E2F2-DP1 transcriptional repressor complex,0.6694375173178166,0.8999047443743842,0.7169811320754716,0.9641968482482591,1.0,3/3,33.11%,Q14186;P06400;Q14209
prerank,"GABA-A receptor, alpha3-beta1-gamma2 complex",-0.49099473538376287,-0.8993865511903311,0.6136363636363636,0.7470823970543976,1.0,3/3,50.97%,P34903;P18505;P18507
prerank,Laminin-311 complex variant B,-0.5087281795511223,-0.8991908072191405,0.582089552238806,0.7459568474235556,1.0,3/3,49.20%,Q16787-2;P07942;P11047
prerank,Interleukin-6 sIL6R-sIL6ST buffering receptor-ligand complex,-0.4918259905791078,-0.8985162268557757,0.5767441860465117,0.7460754460333276,1.0,3/3,50.89%,P08887-PRO_0000450730;P40189-2;P05231
prerank,"Non-canonical polycomb repressive complex 1.4, RING1-RYBP variant",0.6619562205597118,0.8974605482567766,0.7291925465838509,0.9707709302071572,1.0,3/3,33.86%,Q06587;Q8N488;P35226
prerank,RB1-E2F3-DP1 transcriptional repressor complex,0.6688833471875866,0.8965650366941894,0.7329974811083123,0.9721593706611354,1.0,3/3,33.17%,Q14186;P06400;O00716
prerank,SOSS2 complex,0.6611249653643669,0.8962131609108043,0.7319201995012469,0.9717498105196336,1.0,3/3,33.94%,Q68E01;Q9NRY2;Q96AH0
prerank,"Serine palmitoyltransferase complex, SPTLC1-SPTLC3-SPTSSB variant",0.6513303769401331,0.8957672936306942,0.7399527186761229,0.9716827981987912,1.0,4/4,34.94%,CHEBI:597326;O15269;Q9NUV7;Q8NFR3
prerank,"Radial spoke complex, flagellar variant",0.5837732703528759,0.8951856791914758,0.8896690070210632,0.9720251004091817,1.0,13/13,41.83%,Q96FJ2;Q6P9G0;Q96C74;P56597;Q86UC2;P59910;Q9UHP6;Q9H1X1;Q8WWB3;Q8IYR0;Q8WYR4;Q8NA54;Q9H0K4
prerank,"Serine palmitoyltransferase complex, SPTLC1-SPTLC2-SPTSSB variant",0.6510532150776053,0.894963689206136,0.7727272727272727,0.9712369104041362,1.0,4/4,34.97%,CHEBI:597326;O15269;Q8NFR3;O15270
prerank,COPII vesicle coat complex,0.6019983347210656,0.8941457530262407,0.8260427263479145,0.9723828093387089,1.0,9/9,39.95%,P55735;P53992;O94979;Q9NQW1;O95487;Q9NR31;Q9Y6B6;O95486;O94855
prerank,Interleukin-27 receptor-ligand complex,-0.46175166297117515,-0.8941300793389937,0.6434108527131783,0.7558318248574063,1.0,4/4,53.90%,Q8NEV9;Q14213;Q6UWB1;P40189
prerank,ALKBH8-TRM112 methyltransferase complex,-0.4523281596452328,-0.8895374288632716,0.6141732283464567,0.7659402480713685,1.0,4/4,54.84%,Q96BT7;CHEBI:29033;Q9UI30;CHEBI:59789
prerank,GABA-A receptor alpha6-beta1-gamma2 complex,-0.49099473538376287,-0.8879391316462406,0.6098654708520179,0.7684824696911949,1.0,3/3,50.97%,Q16445;P18505;P18507
prerank,"Radial spoke complex, ciliiar variant",0.5833333333333333,0.8872070646903875,0.892354124748491,0.9927044136204012,1.0,12/12,41.86%,Q96FJ2;Q6P9G0;Q96C74;P56597;Q86UC2;P59910;Q9UHP6;Q9H1X1;Q8WWB3;Q8IYR0;Q8WYR4;Q5TD94
prerank,"TRAMP complex, TENT4A-ZCCHC7 variant",-0.5009697977279025,-0.8871787397366756,0.6435643564356436,0.7689845738498018,1.0,3/3,49.97%,Q5XG87;Q8N3Z6;P42285
prerank,ASAP splicing-associated complex,0.6544749238016071,0.886802649867156,0.7641866330390921,0.9924357299196604,1.0,3/3,34.61%,O00422;Q15287;Q9UKV3
prerank,Interleukin-13 receptor-ligand alpha 1 complex,-0.49127182044887785,-0.8864999999999997,0.6375545851528385,0.7689292727282849,1.0,3/3,50.94%,P78552;P35225;P24394
prerank,"Interleukin-24 receptor-ligand complex, type 2",-0.48462177888611807,-0.885018099723639,0.6256410256410256,0.7712792689055539,1.0,3/3,51.61%,Q13007;Q6UXL0;Q8N6P7
prerank,"GABA-A receptor, alpha-6/beta-3/delta",-0.4779717373233583,-0.8847227831447396,0.6328502415458938,0.7703765587334913,1.0,3/3,52.27%,O14764;Q16445;P28472
prerank,"GABA-A receptor, alpha1-beta1-gamma2",-0.49099473538376287,-0.8846578260021817,0.6394849785407726,0.7688724407445668,1.0,3/3,50.97%,P14867;P18505;P18507
prerank,AP-1 transcription factor complex FOS-JUN-NFATC2,0.6503186478248821,0.884147250950662,0.7772277227722773,0.998652548427571,1.0,3/3,35.02%,P05412;P01100;Q13469
prerank,L3MBTL1 complex,0.6497644776946523,0.882683595378717,0.7745952677459527,1.0,1.0,3/3,35.08%,P06400;Q13185;Q9Y468
prerank,"GABA-A receptor, alpha2-beta1-gamma2 complex",-0.49099473538376287,-0.8820457802037949,0.6310679611650486,0.7741199670509186,1.0,3/3,50.97%,P47869;P18505;P18507
prerank,"GABA-A receptor, alpha2-beta2-gamma2",-0.4843446938210031,-0.8786064078813207,0.6285714285714286,0.7815010289781407,1.0,3/3,51.63%,P47869;P18507;P47870
prerank,"GABA-A receptor, alpha6-beta2-delta",-0.4843446938210031,-0.8785048444764707,0.639269406392694,0.780069407217222,1.0,3/3,51.63%,O14764;Q16445;P47870
prerank,Commander complex,0.5670189098998887,0.8783898784464598,0.9318637274549099,1.0,1.0,16/16,43.55%,Q9UBQ0;Q8TCE6;Q8N668;Q86X83;O60826;Q9NX08;Q9P000;Q9UBI1;Q9H0A8;Q567U6;O14972;Q7Z3J2;Q9GZQ3;Q9Y6G5;Q86VX2;Q7Z4G1
prerank,Interleukin-20 receptor-ligand type 2 complex,-0.48462177888611807,-0.8778423952231263,0.647887323943662,0.7804043068633068,1.0,3/3,51.61%,Q9NYY1-PRO_0000015381;Q6UXL0;Q8N6P7
prerank,"GABA-A receptor, alpha5-beta1-gamma2 complex",-0.49099473538376287,-0.8773077800593199,0.6267281105990783,0.7799593077437267,1.0,3/3,50.97%,P31644;P18505;P18507
prerank,"GABA-A receptor, alpha3-beta3-gamma3",-0.4779717373233583,-0.8756141082384384,0.6632653061224489,0.7834133472881035,1.0,3/3,52.27%,Q99928;P34903;P28472
prerank,"GABA-A receptor, alpha5-beta2-gamma2",-0.4843446938210031,-0.8734891290644234,0.6605504587155964,0.7876474665259672,1.0,3/3,51.63%,P31644;P18507;P47870
prerank,Kinetochore CCAN complex,0.5631256952169078,0.8734347590478365,0.946,1.0,1.0,16/16,43.94%,Q8N2Z9;A8MT69;Q92674;Q9BS16;Q9BU64;Q71F23;Q13352;Q03188;Q5EE01;Q9NSP4;Q7L2Z9;Q96BT3;Q9H3R5;Q8N0S6;Q96H22;Q6IPU0
prerank,"GABA-A receptor, alpha2-beta3-gamma2",-0.4779717373233583,-0.872717686812177,0.6263157894736842,0.7878309787153404,1.0,3/3,52.27%,P47869;P18507;P28472
prerank,RXRalpha-RARalpha-NCOA2 retinoic acid receptor complex,-0.49044056525353286,-0.8724337729217956,0.609375,0.7868725435198175,1.0,3/3,51.02%,P10276;Q15596;P19793
prerank,"TRAMP complex, TENT4B-ZCCHC7 variant",-0.5009697977279025,-0.871310749909939,0.6831683168316832,0.7879915979274342,1.0,3/3,49.97%,Q8NDF8;Q8N3Z6;P42285
prerank,"GABA-A receptor, alpha4-beta2-delta",-0.4843446938210031,-0.871024337785565,0.6465116279069767,0.7870631878453184,1.0,3/3,51.63%,O14764;P48169;P47870
prerank,Interleukin-19 receptor-ligand complex,-0.48018841784427824,-0.8698294908741602,0.6842105263157895,0.7886424051644604,1.0,3/3,52.05%,Q9UHD0-PRO_0000015379;Q6UXL0;Q9UHF4
prerank,Interleukin-4 receptor-ligand type-2 complex,-0.49127182044887785,-0.8674682141799314,0.6816143497757847,0.7935503843071027,1.0,3/3,50.94%,P78552;P05112;P24394
prerank,"GABA-A receptor, alpha5-beta3-gamma3",-0.4779717373233583,-0.8670263220298784,0.6615384615384615,0.7929685044149162,1.0,3/3,52.27%,Q99928;P31644;P28472
prerank,"GABA-A receptor, alpha1-beta2-delta",-0.4843446938210031,-0.8664670006786791,0.6728971962616822,0.7928840361663736,1.0,3/3,51.63%,O14764;P14867;P47870
prerank,"Interleukin-24 receptor-ligand complex, type 1",-0.48018841784427824,-0.8662356870595903,0.6820512820512821,0.7918706138876641,1.0,3/3,52.05%,Q13007;Q6UXL0;Q9UHF4
prerank,Intraflagellar transport complex B,0.5581201334816464,0.8655442912867157,0.953953953953954,1.0,1.0,16/16,44.44%,Q96AJ1;Q9NQC8;Q9Y366;Q9Y547;Q9BW83;Q8TDR0;Q8WYA0;Q96LB3;A0AVF1;Q9P2H3;Q13099;Q8N4P2;Q8IY31;Q9UG01;Q9H7X7;Q9NWB7
prerank,"GABA-A receptor, alpha5-beta3-gamma2",-0.4779717373233583,-0.8637303659118581,0.6614583333333334,0.7969249139984981,1.0,3/3,52.27%,P31644;P18507;P28472
prerank,Interleukin-20 receptor-ligand Type 1 complex,-0.48018841784427824,-0.8637149599251398,0.6989795918367347,0.795318361822107,1.0,3/3,52.05%,Q9NYY1;Q6UXL0;Q9UHF4
prerank,GABA-A receptor alpha6-beta2-gamma2,-0.4843446938210031,-0.8636270471908364,0.6637554585152838,0.793867087461372,1.0,3/3,51.63%,Q16445;P18507;P47870
prerank,"Nav1.3 voltage-gated sodium channel complex, SCN1B-SCN2B variant",-0.46300914380714886,-0.8632799046231298,0.6923076923076923,0.7931178699138477,1.0,3/3,53.77%,Q9NY46;Q07699;O60939
prerank,"GABA-A receptor, alpha4-beta3-delta",-0.4779717373233583,-0.8615497612926921,0.6813725490196079,0.7958186433477034,1.0,3/3,52.27%,O14764;P48169;P28472
prerank,"Vacuolar proton translocating ATPase complex, ATP6V0A4 variant",0.571071626873959,0.8613207544760869,0.9122098890010091,1.0,1.0,10/10,43.05%,Q9UI12;Q99437;Q15904;Q6P5S7;P27449;P38606;Q9Y5K8;O75787;Q16864;Q9HBG4
prerank,"Vacuolar proton translocating ATPase complex, ATP6V0A1 variant",0.5713492504164354,0.8598877177215938,0.9173387096774194,1.0,1.0,10/10,43.02%,Q9UI12;Q99437;Q15904;Q6P5S7;P27449;P38606;Q9Y5K8;O75787;Q16864;Q93050
prerank,"Nav1.1 voltage-gated sodium channel complex, SCN2B-SCN3B variant",-0.4627320587420338,-0.8594604144316227,0.6965174129353234,0.7995028179330935,1.0,3/3,53.79%,P35498;O60939;Q9NY72
prerank,"Vacuolar proton translocating ATPase complex, ATP6V0A2 variant",0.5707940033314826,0.8581109920519747,0.9219858156028369,1.0,1.0,10/10,43.08%,Q9UI12;Q99437;Q15904;Q6P5S7;P27449;P38606;Q9Y5K8;O75787;Q16864;Q9Y487
prerank,"GABA-A receptor, alpha6-beta3-gamma2",-0.4779717373233583,-0.8576551149190057,0.6767676767676768,0.802723368284436,1.0,3/3,52.27%,Q16445;P18507;P28472
prerank,"Nav1.3 voltage-gated sodium channel complex, SCN2B-SCN3B variant",-0.4627320587420338,-0.8571703540532741,0.6822916666666666,0.8023198422460693,1.0,3/3,53.79%,Q9NY46;O60939;Q9NY72
prerank,"GABA-A receptor, alpha4-beta2-gamma2",-0.4843446938210031,-0.8569313694796955,0.6881188118811881,0.8012675024187815,1.0,3/3,51.63%,P48169;P18507;P47870
prerank,"Nax cation channel complex, SCN1B-SCN2B variant",-0.46300914380714886,-0.8567187824441861,0.745,0.8001367863978994,1.0,3/3,53.77%,Q01118;Q07699;O60939
prerank,"Dynein-2 complex, light-chain variant 8",0.5799112097669255,0.8560933386958859,0.9144329896907216,1.0,1.0,8/8,42.14%,P51808;Q8TF09;Q8NCM8;Q8TCX1;Q96EX3;Q8WVS4;Q8WW35;P63167
prerank,"Nav1.2 voltage-gated sodium channel complex, SCN2B-SCN3B variant",-0.4627320587420338,-0.8560440579471226,0.7437185929648241,0.8002301313750102,1.0,3/3,53.79%,Q99250;O60939;Q9NY72
prerank,"Dynein-2 complex, light-chain variant 4",0.5799112097669255,0.8558629959635249,0.9044193216855088,1.0,1.0,8/8,42.14%,Q9NP97;P51808;Q8NCM8;Q8TCX1;Q96EX3;Q8WVS4;Q8WW35;P63167
prerank,"GABA-A receptor, alpha3-beta3-theta",-0.4779717373233583,-0.8545229131298635,0.6864864864864865,0.8024652974247403,1.0,3/3,52.27%,Q9UN88;P34903;P28472
prerank,"GABA-A receptor, alpha4-beta1-gamma2 complex",-0.49099473538376287,-0.8541963061158762,0.6592920353982301,0.8017944854926993,1.0,3/3,50.97%,P48169;P18505;P18507
prerank,"Vacuolar proton translocating ATPase complex, ATP6V0A3 variant",0.5669072737368129,0.8540521209178633,0.9183467741935484,1.0,1.0,10/10,43.47%,Q9UI12;Q99437;Q15904;Q6P5S7;P27449;P38606;Q9Y5K8;O75787;Q16864;Q13488
prerank,"Nav1.4 voltage-gated sodium channel complex, SCN1B-SCN2B variant",-0.46300914380714886,-0.8539759438254694,0.75,0.8007540287370537,1.0,3/3,53.77%,P35499;Q07699;O60939
prerank,"Nav1.5 voltage-gated sodium channel complex, SCN1B-SCN2B variant",-0.46300914380714886,-0.8536937485111061,0.7584269662921348,0.7998501135766194,1.0,3/3,53.77%,Q14524;Q07699;O60939
prerank,"Dynein-2 complex, light-chain variant 3",0.5807436182019977,0.8536700177155334,0.9048603929679421,1.0,1.0,8/8,42.05%,Q96FJ2;Q9NP97;P51808;Q8NCM8;Q8TCX1;Q96EX3;Q8WVS4;Q8WW35
prerank,"Dynein-2 complex, light-chain variant 5",0.5799112097669255,0.8535855040943577,0.9072164948453608,1.0,1.0,8/8,42.14%,P63172;Q8TF09;Q8NCM8;Q8TCX1;Q96EX3;Q8WVS4;Q8WW35;P63167
prerank,"Dynein-2 complex, light-chain variant 7",0.5807436182019977,0.8533908083863142,0.8929313929313929,1.0,1.0,8/8,42.05%,Q96FJ2;P51808;Q8TF09;Q8NCM8;Q8TCX1;Q96EX3;Q8WVS4;Q8WW35
prerank,"Dynein-2 complex, light-chain variant 1 ",0.5799112097669255,0.8530861930847239,0.9083419155509783,1.0,1.0,8/8,42.14%,Q9NP97;P63172;Q8NCM8;Q8TCX1;Q96EX3;Q8WVS4;Q8WW35;P63167
prerank,"Dynein-2 complex, light-chain variant 6",0.5807436182019977,0.8494300358333484,0.9115504682622269,1.0,1.0,8/8,42.05%,Q96FJ2;P63172;Q8TF09;Q8NCM8;Q8TCX1;Q96EX3;Q8WVS4;Q8WW35
prerank,"Dynein-2 complex, light-chain variant 2",0.5807436182019977,0.8493809189049408,0.9099378881987578,1.0,1.0,8/8,42.05%,Q96FJ2;Q9NP97;P63172;Q8NCM8;Q8TCX1;Q96EX3;Q8WVS4;Q8WW35
prerank,"Nav1.5 voltage-gated sodium channel complex, SCN3B-SCN4B variant",-0.46217788861180387,-0.8489456116951779,0.7232142857142857,0.8099504722600025,1.0,3/3,53.85%,Q14524;Q9NY72;Q8IWT1
prerank,"Nav1.2 voltage-gated sodium channel complex, SCN1B-SCN2B variant",-0.46300914380714886,-0.848598826267493,0.7647058823529411,0.8092008551089414,1.0,3/3,53.77%,Q99250;Q07699;O60939
prerank,"Nav1.1 voltage-gated sodium channel complex, SCN1B-SCN4B variant",-0.46217788861180387,-0.8483096442624266,0.7081339712918661,0.8083353430501372,1.0,3/3,53.85%,P35498;Q07699;Q8IWT1
prerank,"Nav1.1 voltage-gated sodium channel complex, SCN1B-SCN2B variant",-0.46300914380714886,-0.8473482662749825,0.7241379310344828,0.8090602687850028,1.0,3/3,53.77%,P35498;Q07699;O60939
prerank,"Nav1.4 voltage-gated sodium channel complex, SCN3B-SCN4B variant",-0.46217788861180387,-0.8465634929975285,0.7294685990338164,0.8092834503223413,1.0,3/3,53.85%,P35499;Q9NY72;Q8IWT1
prerank,"Nav1.9 voltage-gated sodium channel complex, SCN2B-SCN3B variant",-0.4627320587420338,-0.8461924214089455,0.7164948453608248,0.808690591272323,1.0,3/3,53.79%,Q9UI33;O60939;Q9NY72
prerank,"Nav1.6 voltage-gated sodium channel complex, SCN2B-SCN3B variant",-0.4627320587420338,-0.8460518175870225,0.6834170854271356,0.807354945679342,1.0,3/3,53.79%,Q9UQD0;O60939;Q9NY72
prerank,"Nav1.5 voltage-gated sodium channel complex, SCN1B-SCN4B variant",-0.46217788861180387,-0.8444799967597888,0.765,0.8097368861751624,1.0,3/3,53.85%,Q14524;Q07699;Q8IWT1
prerank,"Nav1.4 voltage-gated sodium channel complex, SCN2B-SCN3B variant",-0.4627320587420338,-0.8443586657187666,0.7360406091370558,0.8084354344929511,1.0,3/3,53.79%,P35499;O60939;Q9NY72
prerank,"Nav1.3 voltage-gated sodium channel complex, SCN1B-SCN4B variant",-0.46217788861180387,-0.8443490325742566,0.7227272727272728,0.8068244150480812,1.0,3/3,53.85%,Q9NY46;Q07699;Q8IWT1
prerank,"Nav1.4 voltage-gated sodium channel complex, SCN1B-SCN4B variant",-0.46217788861180387,-0.8441431473178852,0.7227272727272728,0.8056756978556314,1.0,3/3,53.85%,P35499;Q07699;Q8IWT1
prerank,"Nav1.5 voltage-gated sodium channel complex, SCN2B-SCN3B variant",-0.4627320587420338,-0.8427633868642171,0.7684729064039408,0.8077222582738481,1.0,3/3,53.79%,Q14524;O60939;Q9NY72
prerank,Ripoptosome,-0.46799667497921865,-0.84265598152921,0.7488789237668162,0.8063861347969044,1.0,3/3,53.27%,Q13158;Q14790;Q13546
prerank,"Dystrophin glycoprotein complex, neuromuscular junction variant",0.5562343793390725,0.8416179322838885,0.9506545820745217,1.0,1.0,11/11,44.55%,Q14118-PRO_0000021065;Q14118-PRO_0000021066;Q13424;Q13884;Q16586;Q14714;Q92629;Q13326;Q16585;Q9Y4J8-2;P46939
prerank,"Nav1.7 voltage-gated sodium channel complex, SCN1B-SCN4B variant",-0.46217788861180387,-0.8414955436387077,0.7592592592592593,0.8075536237508384,1.0,3/3,53.85%,Q15858;Q07699;Q8IWT1
prerank,"GABA-A receptor, alpha4-beta3-gamma2",-0.4779717373233583,-0.8412172047205695,0.6777777777777778,0.8066081464693855,1.0,3/3,52.27%,P48169;P18507;P28472
prerank,"Dystrophin glycoprotein complex, skeletal muscle variant",0.555956678700361,0.8397752020849545,0.9468405215646941,1.0,1.0,11/11,44.57%,Q14118-PRO_0000021065;Q14118-PRO_0000021066;Q13424;Q13884;Q16586;Q14714;Q92629;Q13326;Q16585;Q9Y4J8-3;P11532-1
prerank,"Dystrophin glycoprotein complex, retinal outer plexiform layer variant",0.5570674812552069,0.8395790913869192,0.9477386934673366,1.0,1.0,11/11,44.46%,Q14118-PRO_0000021065;Q14118-PRO_0000021066;Q13424;Q13884;Q16586;Q14714;Q92629;Q13326;Q16585;O60941;P11532-2
prerank,"Nav1.6 voltage-gated sodium channel complex, SCN3B-SCN4B variant",-0.46217788861180387,-0.8394133229400668,0.7021276595744681,0.8094477758315322,1.0,3/3,53.85%,Q9UQD0;Q9NY72;Q8IWT1
prerank,"Dystrophin glycoprotein complex, retinal inner limiting membrane variant",0.5565120799777841,0.839374496483981,0.9486921529175051,1.0,1.0,11/11,44.52%,Q14118-PRO_0000021065;Q14118-PRO_0000021066;Q13424;Q13884;Q16586;Q14714;Q92629;Q13326;Q16585;Q9Y4J8-2;P11532-7
prerank,"Nav1.1 voltage-gated sodium channel complex, SCN3B-SCN4B variant",-0.46217788861180387,-0.8387119302190781,0.7546296296296297,0.8096405391760187,1.0,3/3,53.85%,P35498;Q9NY72;Q8IWT1
prerank,"Nav1.2 voltage-gated sodium channel complex, SCN1B-SCN4B variant",-0.46217788861180387,-0.8379757292934257,0.7733333333333333,0.8098689897263441,1.0,3/3,53.85%,Q99250;Q07699;Q8IWT1
prerank,Interleukin-35 receptor ligand type 1 complex,-0.4616237184815739,-0.8377850414869543,0.7836538461538461,0.8088293991028164,1.0,3/3,53.90%,CPX-25744;Q99665;P40189
prerank,"Nav1.8 voltage-gated sodium channel complex, SCN1B-SCN2B variant",-0.46300914380714886,-0.8375787576420235,0.7202072538860104,0.807787850419787,1.0,3/3,53.77%,Q9Y5Y9;Q07699;O60939
prerank,Anaphase-promoting core complex,0.5414118954974982,0.8375254111187189,0.958958958958959,1.0,1.0,14/14,46.07%,Q9UJX6;Q9UM13;Q13042;Q96DE5;Q8NHZ8;Q9BS18;P30260;Q9UJX3;Q9UJX5;P60006;Q9NYG5;Q9UJX4;Q9H1A4;Q9UJX2
prerank,"Nav1.7 voltage-gated sodium channel complex, SCN1B-SCN2B variant",-0.46300914380714886,-0.8359353830119854,0.765625,0.8104764869327414,1.0,3/3,53.77%,Q15858;Q07699;O60939
prerank,"Nav1.9 voltage-gated sodium channel complex, SCN1B-SCN2B variant",-0.46300914380714886,-0.8358361034066609,0.8042328042328042,0.8092248409319669,1.0,3/3,53.77%,Q9UI33;Q07699;O60939
prerank,"Nax cation channel complex, SCN2B-SCN3B variant",-0.4627320587420338,-0.8356140791837718,0.772093023255814,0.8080984019790972,1.0,3/3,53.79%,Q01118;O60939;Q9NY72
prerank,"Nav1.2 voltage-gated sodium channel complex, SCN3B-SCN4B variant",-0.46217788861180387,-0.8338856485924923,0.7426160337552743,0.8108667368250281,1.0,3/3,53.85%,Q99250;Q9NY72;Q8IWT1
prerank,GATOR2 complex,0.5932908233989465,0.8338424238401458,0.8949115044247787,1.0,1.0,5/5,40.75%,P55735;Q96EE3;Q9NXC5;Q96S15;Q6PJI9
prerank,"Nav1.3 voltage-gated sodium channel complex, SCN3B-SCN4B variant",-0.46217788861180387,-0.8333618400324073,0.7297297297297297,0.8105324275886615,1.0,3/3,53.85%,Q9NY46;Q9NY72;Q8IWT1
prerank,MKS transition zone complex,0.5408560311284043,0.8327248415425457,0.9749498997995992,1.0,1.0,14/14,46.12%,Q2MV58;Q9BPU9;Q6NUS6;Q6UX40;Q5HYA8;Q8N157;Q9NXB0;Q9P2K1;Q86X19;Q9UPM9;Q96Q45;Q96GX1;Q9H6L2;Q9P0N5
prerank,Interleukin 11-mIL11RA-IL-6ST receptor-ligand complex,-0.4616237184815739,-0.8316120548806277,0.75,0.8134168218998146,1.0,3/3,53.90%,Q14626-PRO_0000010913;P20809;P40189
prerank,METTL1-WDR4 tRNA (guanine-N(7)-)-methyltransferase complex,-0.4522028262676642,-0.8314047421509972,0.8047619047619048,0.8123924599525755,1.0,3/3,54.84%,P57081;Q9UBP6;CHEBI:59789
prerank,"Nav1.6 voltage-gated sodium channel complex, SCN1B-SCN4B variant",-0.46217788861180387,-0.8312160228898422,0.7751196172248804,0.811318454293378,1.0,3/3,53.85%,Q9UQD0;Q07699;Q8IWT1
prerank,"Nav1.8 voltage-gated sodium channel complex, SCN2B-SCN3B variant",-0.4627320587420338,-0.8303855517912119,0.7461139896373057,0.8118122963342796,1.0,3/3,53.79%,Q9Y5Y9;O60939;Q9NY72
prerank,THUMPD2-TRM112 methyltransferase complex,-0.4522028262676642,-0.8297817715019251,0.7871287128712872,0.8117820288659457,1.0,3/3,54.84%,Q9BTF0;Q9UI30;CHEBI:59789
prerank,"Nav1.7 voltage-gated sodium channel complex, SCN3B-SCN4B variant",-0.46217788861180387,-0.8296636504996084,0.7710280373831776,0.8105791856579327,1.0,3/3,53.85%,Q15858;Q9NY72;Q8IWT1
prerank,"Dynein-1 complex, variant 14",0.5787576261785914,0.8276007559783551,0.9141949152542372,1.0,1.0,6/6,42.22%,Q96FJ2;Q9NP97;P51808;Q14204;Q9Y6G9;O14576
prerank,"Dynein-1 complex, variant 16",0.5790349417637273,0.8275060945830243,0.9154334038054969,1.0,1.0,6/6,42.19%,Q96FJ2;Q9NP97;P51808;Q14204;Q13409;Q9Y6G9
prerank,"Dynein-1 complex, variant 2",0.5790349417637272,0.8271882989666207,0.9237379162191193,1.0,1.0,6/6,42.19%,Q9NP97;P63172;Q14204;P63167;Q13409;Q9Y6G9
prerank,N6AMT1-TRM112 methyltransferase complex,-0.4522028262676642,-0.8266212648159896,0.7722772277227723,0.8167641812062729,1.0,3/3,54.84%,Q9Y5N5;Q9UI30;CHEBI:59789
prerank,"Nav1.8 voltage-gated sodium channel complex, SCN3B-SCN4B variant",-0.46217788861180387,-0.8266205002477879,0.7577092511013216,0.8152141954965134,1.0,3/3,53.85%,Q9Y5Y9;Q9NY72;Q8IWT1
prerank,"Dynein-1 complex, variant 4",0.5787576261785913,0.8265950940301271,0.9202586206896551,1.0,1.0,6/6,42.22%,Q9NP97;P63172;Q14204;P63167;Q9Y6G9;O14576
prerank,"Nav1.6 voltage-gated sodium channel complex, SCN1B-SCN2B variant",-0.46300914380714886,-0.8260962707842394,0.7777777777777778,0.8148007692932795,1.0,3/3,53.77%,Q9UQD0;Q07699;O60939
prerank,"Dynein-1 complex, variant 6",0.5787576261785913,0.82586126899591,0.9181916038751345,1.0,1.0,6/6,42.22%,P63172;Q8TF09;Q14204;P63167;Q9Y6G9;O14576
prerank,"Dynein-1 complex, variant 8",0.5790349417637272,0.825738987733816,0.9135538954108858,1.0,1.0,6/6,42.19%,P63172;Q8TF09;Q14204;P63167;Q13409;Q9Y6G9
prerank,"Nax cation channel complex, SCN3B-SCN4B variant",-0.46217788861180387,-0.8256572717411891,0.7695652173913043,0.8144476979794247,1.0,3/3,53.85%,Q01118;Q9NY72;Q8IWT1
prerank,"Dynein-1 complex, variant 13",0.5784803105934555,0.8256052448512312,0.9201277955271565,1.0,1.0,6/6,42.25%,Q96FJ2;Q9NP97;P51808;Q14204;O14576;O43237
prerank,"Dynein-1 complex, variant 5",0.5784803105934554,0.8255744088579227,0.926906779661017,1.0,1.0,6/6,42.25%,P63172;Q8TF09;Q14204;P63167;O14576;O43237
prerank,"Dynein-1 complex, variant 3",0.5784803105934554,0.8252466545533498,0.9257265877287406,1.0,1.0,6/6,42.25%,Q9NP97;P63172;Q14204;P63167;O14576;O43237
prerank,"Dynein-1 complex, variant 15",0.5784803105934555,0.8242478780205965,0.9247881355932204,1.0,1.0,6/6,42.25%,Q96FJ2;Q9NP97;P51808;Q14204;Q13409;O43237
prerank,"Dynein-1 complex, variant 7",0.5784803105934554,0.8238804584198703,0.916135881104034,1.0,1.0,6/6,42.25%,P63172;Q8TF09;Q14204;P63167;Q13409;O43237
prerank,Interleukin-36A receptor ligand complex,-0.4544195067885841,-0.8236816654908684,0.7813953488372093,0.81796178330664,1.0,3/3,54.62%,Q9UHA7-PRO_0000153644;Q9HB29;Q9NPH3
prerank,"Dynein-1 complex, variant 10",0.5787576261785914,0.8236253935684126,0.9182795698924732,1.0,1.0,6/6,42.22%,Q96FJ2;Q9NP97;P63172;Q14204;Q9Y6G9;O14576
prerank,"Dynein-1 complex, variant 12",0.5790349417637273,0.8235806287272175,0.9239013933547695,1.0,1.0,6/6,42.19%,Q96FJ2;Q9NP97;P63172;Q14204;Q13409;Q9Y6G9
prerank,"Dynein-1 complex, variant 9",0.5784803105934555,0.8228368945515552,0.9269602577873255,1.0,1.0,6/6,42.25%,Q96FJ2;Q9NP97;P63172;Q14204;O14576;O43237
prerank,Interleukin-6-mIL6R-mIL6ST receptor-ligand classical signalling complex,-0.4616237184815739,-0.8220904232241701,0.7729468599033816,0.8204612764877801,1.0,3/3,53.90%,P08887-PRO_0000010895;P05231;P40189
prerank,"Dynein-1 complex, variant 1",0.5784803105934554,0.8219208346010016,0.9296536796536796,1.0,1.0,6/6,42.25%,Q9NP97;P63172;Q14204;P63167;Q13409;O43237
prerank,"Nax cation channel complex, SCN1B-SCN4B variant",-0.46217788861180387,-0.8217013577160536,0.7616822429906542,0.8199007658975658,1.0,3/3,53.85%,Q01118;Q07699;Q8IWT1
prerank,THUMPD3-TRM112 methyltransferase complex,-0.4522028262676642,-0.8216843088418433,0.7777777777777778,0.8183974719950371,1.0,3/3,54.84%,Q9BV44;Q9UI30;CHEBI:59789
prerank,"Dynein-1 complex, variant 11",0.5784803105934555,0.821532739941314,0.9329073482428115,1.0,1.0,6/6,42.25%,Q96FJ2;Q9NP97;P63172;Q14204;Q13409;O43237
prerank,Interleukin-1 alpha-soluble receptor type 1 complex,-0.4544195067885841,-0.8213906713346362,0.7524752475247525,0.8175286196436168,1.0,3/3,54.62%,P01583-PRO_0000015266;P14778-PRO_0000415344;Q9NPH3
prerank,mRNA cap guanine-N7 methyltransferase complex,-0.4522028262676642,-0.8198759636180043,0.775,0.819731116923418,1.0,3/3,54.84%,O43148;Q9BTL3;CHEBI:59789
prerank,BUD23-TRM112 methyltransferase complex,-0.4522028262676642,-0.8193996809997034,0.7878787878787878,0.8193444074476716,1.0,3/3,54.84%,O43709;Q9UI30;CHEBI:59789
prerank,"Nav1.8 voltage-gated sodium channel complex, SCN1B-SCN4B variant",-0.46217788861180387,-0.8191629598821347,0.7655502392344498,0.8184207921336575,1.0,3/3,53.85%,Q9Y5Y9;Q07699;Q8IWT1
prerank,Interleukin-1 alpha-membrane-bound receptor type 1 complex,-0.4544195067885841,-0.817963567387928,0.7823834196891192,0.8195518253607309,1.0,3/3,54.62%,P01583-PRO_0000015266;P14778-PRO_0000015435;Q9NPH3
prerank,Ribonuclease MRP complex,0.5498195947821258,0.8139301353248378,0.9553299492385787,1.0,1.0,9/9,45.16%,Q99575;P78346;O95707;O75817;P78345;O75818;Q969H6;Q9BUL9;URS000075C8FA_9606
prerank,"Nav1.7 voltage-gated sodium channel complex, SCN2B-SCN3B variant",-0.4627320587420338,-0.8110713767940853,0.7761194029850746,0.8348311294066972,1.0,3/3,53.79%,Q15858;O60939;Q9NY72
prerank,Eukaryotic translation initiation factor 3 complex,0.5259794387329814,0.8089843343397898,0.9819095477386934,1.0,1.0,13/13,47.59%,O00303;O15371;O15372;Q9Y262;Q14152;Q13347;P60228;Q7L2H7;P55884;O75822;O75821;Q99613;Q9UBQ5
prerank,Interleukin-1 beta ligand-decoy receptor type 2 complex,-0.4544195067885841,-0.8078336698404792,0.8186813186813187,0.8411193972287535,1.0,3/3,54.62%,P27930;P01584-PRO_0000015302;Q9NPH3
prerank,TRMT11-TRM112 methyltransferase complex,-0.4522028262676642,-0.8077098126018135,0.7889447236180904,0.8397827794665118,1.0,3/3,54.84%,Q7Z4G4;Q9UI30;CHEBI:59789
prerank,Nucleolar ribonuclease P complex,0.5362399333518467,0.8071396596154757,0.9748490945674044,1.0,1.0,11/11,46.54%,Q99575;P78346;O95707;O75817;P78345;O75818;Q969H6;Q9BUL9;URS000013F331_9606;Q9H633;O95059
prerank,E3 ligase (RANBP2) complex,0.592407869215849,0.8069194890293454,0.8940886699507389,1.0,1.0,3/3,40.81%,P49792;P46060;P63279
prerank,METTL5-TRM112 methyltransferase complex,-0.4522028262676642,-0.8065056132389125,0.8115183246073299,0.8410719720160086,1.0,3/3,54.84%,Q9NRN9;Q9UI30;CHEBI:59789
prerank,IL33 receptor-ligand complex,-0.4544195067885841,-0.805075145381768,0.8102564102564103,0.8428257444607752,1.0,3/3,54.62%,Q01638;O95760;Q9NPH3
prerank,Interleukin-1 alpha decoy receptor-ligand type 2 complex,-0.4544195067885841,-0.8047372064136238,0.8357487922705314,0.8420133389181964,1.0,3/3,54.62%,P27930;P01583;Q9NPH3
prerank,"TRAPP II complex, TRAPPC2 variant",0.5308162132148805,0.799621692038389,0.9725609756097561,1.0,1.0,10/10,47.07%,Q9Y5R8;Q9UL33;Q9Y296;O43617;Q8IUR0;P0DI81;Q96Q05;Q86SZ2;P48553;A5PLN9
prerank,"TRAPP II complex, TRAPPC2B variant",0.5308162132148805,0.7986585356925802,0.9684317718940937,1.0,1.0,10/10,47.07%,Q9Y5R8;Q9UL33;Q9Y296;O43617;Q8IUR0;P0DI82;Q96Q05;Q86SZ2;P48553;A5PLN9
prerank,"TIM23 mitochondrial inner membrane pre-sequence translocase complex, TIM17B variant",0.5233333333333332,0.7982748516325429,0.9757820383451059,1.0,1.0,12/12,47.84%,Q9Y3D7;Q96DA6;Q9BVV7;P60602;Q9Y5T4;Q9HAV7;O14925;O43615;Q3ZCQ8;Q8TAA5;P38646;O60830
prerank,"TIM23 mitochondrial inner membrane pre-sequence translocase complex, TIM17A variant",0.5230555555555555,0.7963823385298545,0.9818365287588294,1.0,1.0,12/12,47.87%,Q9Y3D7;Q96DA6;Q9BVV7;P60602;Q9Y5T4;Q9HAV7;O14925;O43615;Q3ZCQ8;Q8TAA5;P38646;Q99595
prerank,Interleukin-36G receptor ligand complex,-0.4544195067885841,-0.7954887374067504,0.8074866310160428,0.8613409688290271,1.0,3/3,54.62%,Q9NZH8-PRO_0000153648;Q9HB29;Q9NPH3
prerank,"Dystrophin glycoprotein complex, CNS variant",0.5402330743618202,0.7916446136551272,0.960285132382892,1.0,1.0,8/8,46.10%,Q14118-PRO_0000021065;Q14118-PRO_0000021066;Q13424;O60941;Q96LD1;O43556;P11532-4;Q9NSN8
prerank,"TRAPP III complex, TRAPPC2B variant",0.5252637423653524,0.7890577104272803,0.9635258358662614,1.0,1.0,10/10,47.62%,Q9Y5R8;Q9UL33;Q9Y296;O43617;Q8IUR0;P0DI82;Q9Y2L5;Q7Z392;O75865;Q8WVT3
prerank,"TRAPP III complex, TRAPPC2 variant",0.5252637423653524,0.7889728315845257,0.9675456389452333,1.0,1.0,10/10,47.62%,Q9Y5R8;Q9UL33;Q9Y296;O43617;Q8IUR0;P0DI81;Q9Y2L5;Q7Z392;O75865;Q8WVT3
prerank,CatSpermasome complex,0.5119444444444441,0.7822830320836069,0.9819639278557114,1.0,1.0,12/12,48.98%,Q86XM0;Q5SY80;Q8NEC5;Q7RTX7;Q96P56;Q9H7T0;A8MZ26;E9PQX1;Q86XQ3;Q9NTU4;Q2WGJ8;Q6ZRH7
prerank,Interleukin-36B receptor ligand complex,-0.4544195067885841,-0.7766747016933694,0.8148148148148148,0.8990004212347872,1.0,3/3,54.62%,Q9NZH7-PRO_0000153646;Q9HB29;Q9NPH3
prerank,ESCRT-III complex,0.499305748403221,0.7562220029698167,0.9889558232931727,1.0,1.0,11/11,50.22%,Q96FZ7;Q9Y3E7;Q96CF2;Q9UQN3;Q9BY43;Q9H444;Q7LBR1;Q9HD42;Q9NZZ3;O43633;Q8WUX9
prerank,"mTNF-TNR1A receptor-ligand core complex, BIRC3 variant",0.5131761442441053,0.7422421749081225,0.9854469854469855,1.0,1.0,7/7,48.78%,Q12933;Q13546;Q13489;CPX-8931;Q15628;P19438-PRO_0000034543;O00463
prerank,"mTNF-TNR1A receptor-ligand core complex, BIRC2 variant",0.5131761442441053,0.7419146972225575,0.9863588667366212,1.0,1.0,7/7,48.78%,Q12933;Q13546;Q13490;CPX-8931;Q15628;P19438-PRO_0000034543;O00463
prerank,"sTNF-TNR1A receptor-ligand core complex, BIRC2 variant",0.5095700416088764,0.7395143120457404,0.9758909853249476,1.0,1.0,7/7,49.14%,Q12933;Q13546;Q13490;Q15628;P19438-PRO_0000034543;O00463;CPX-8826
prerank,"sTNF-TNR1A receptor-ligand core complex, BIRC3 variant",0.5095700416088764,0.7390755278620593,0.9833159541188738,1.0,1.0,7/7,49.14%,Q12933;Q13546;Q13489;Q15628;P19438-PRO_0000034543;O00463;CPX-8826
prerank,"Nucleosome, variant H3.1-H2A.2-H2B.1",0.5234266703631829,0.7372040083120535,0.9810901001112347,1.0,1.0,5/5,47.73%,P62805;P06899;CHEBI:4705;P68431;P04908
prerank,Oligosaccharyltransferase complex A,0.49014709963918945,0.7335662424620483,0.9907312049433573,1.0,1.0,9/9,51.11%,P0C6T2;P04843;P04844;P61803;P61165;P39656;Q8N6L1;P46977;Q9NRP0
prerank,"Cav1.1 voltage-gated calcium channel complex, CACNA2D3-CACNB1-CACNG1 variant",0.5176046576102025,0.728302425854198,0.9777777777777777,1.0,1.0,5/5,48.31%,Q06432;Q13698;Q02641;Q8IZS8-PRO_0000304648;Q8IZS8-PRO_0000304647
prerank,"Cav1.1 voltage-gated calcium channel complex, CACNA2D3-CACNB2-CACNG1 variant",0.5176046576102025,0.7276900958172715,0.9756367663344407,1.0,1.0,5/5,48.31%,Q06432;Q13698;Q08289;Q8IZS8-PRO_0000304648;Q8IZS8-PRO_0000304647
prerank,"Cav1.1 voltage-gated calcium channel complex, CACNA2D3-CACNB4-CACNG1 variant",0.5176046576102025,0.727668127430532,0.9758771929824561,1.0,1.0,5/5,48.31%,Q06432;Q13698;O00305;Q8IZS8-PRO_0000304648;Q8IZS8-PRO_0000304647
prerank,"Cav1.1 voltage-gated calcium channel complex, CACNA2D2-CACNB2-CACNG1 variant",0.5156639866925423,0.7260755639611166,0.9752530933633295,1.0,1.0,5/5,48.50%,Q06432;Q13698;Q08289;Q9NY47-PRO_0000304639;Q9NY47-PRO_0000304637
prerank,"Cav1.1 voltage-gated calcium channel complex, CACNA2D2-CACNB4-CACNG1 variant",0.5156639866925423,0.7250169836167046,0.9723451327433629,1.0,1.0,5/5,48.50%,Q06432;Q13698;O00305;Q9NY47-PRO_0000304639;Q9NY47-PRO_0000304637
prerank,"Cav1.1 voltage-gated calcium channel complex, CACNA2D2-CACNB1-CACNG1 variant",0.5156639866925423,0.7239416745151366,0.9753914988814317,1.0,1.0,5/5,48.50%,Q06432;Q13698;Q02641;Q9NY47-PRO_0000304639;Q9NY47-PRO_0000304637
prerank,"Cav1.1 voltage-gated calcium channel complex, CACNA2D4-CACNB1-CACNG1 variant",0.5148322705849737,0.7235603673902471,0.9789590254706534,1.0,1.0,5/5,48.59%,Q06432;Q13698;Q02641;Q7Z3S7-PRO_0000304657;Q7Z3S7-PRO_0000304656
prerank,"Cav1.1 voltage-gated calcium channel complex, CACNA2D2-CACNB3-CACNG1 variant",0.5156639866925423,0.7226847882286472,0.9755555555555555,1.0,1.0,5/5,48.50%,Q06432;Q13698;P54284;Q9NY47-PRO_0000304639;Q9NY47-PRO_0000304637
prerank,"Cav1.1 voltage-gated calcium channel complex, CACNA2D3-CACNB3-CACNG1 variant",0.5176046576102025,0.7226277291705431,0.9758507135016465,1.0,1.0,5/5,48.31%,Q06432;Q13698;P54284;Q8IZS8-PRO_0000304648;Q8IZS8-PRO_0000304647
prerank,"Cav1.1 voltage-gated calcium channel complex, CACNA2D4-CACNB2-CACNG1 variant",0.5148322705849737,0.722221178296154,0.98,1.0,1.0,5/5,48.59%,Q06432;Q13698;Q08289;Q7Z3S7-PRO_0000304657;Q7Z3S7-PRO_0000304656
prerank,"Cav1.1 voltage-gated calcium channel complex, CACNA2D4-CACNB4-CACNG1 variant",0.5148322705849737,0.7220763237611879,0.9717083786724701,1.0,1.0,5/5,48.59%,Q06432;Q13698;O00305;Q7Z3S7-PRO_0000304657;Q7Z3S7-PRO_0000304656
prerank,BORC complex,0.48862375138734715,0.7216978027630754,0.9928131416837782,1.0,1.0,8/8,51.25%,Q6QNY1;O95295;P78537;Q96FH0;Q96B45;Q969J3;Q9BQD3;Q96GS4
prerank,Telomerase holoenzyme complex,0.4962552011095702,0.7191524038638215,0.9789251844046365,1.0,1.0,7/7,50.47%,O14746;URS00004A7003_9606;Q9NPE3;Q9NY12;Q9NX24;O60832;Q9BUR4
prerank,"Cav1.1 voltage-gated calcium channel complex, CACNA2D4-CACNB3-CACNG1 variant",0.5148322705849737,0.7189888463407543,0.9769736842105263,1.0,1.0,5/5,48.59%,Q06432;Q13698;P54284;Q7Z3S7-PRO_0000304657;Q7Z3S7-PRO_0000304656
prerank,"Cav1.1 voltage-gated calcium channel complex, CACNA2D1-CACNB1-CACNG1 variant",0.5131688383698365,0.7188409001003946,0.9747807017543859,1.0,1.0,5/5,48.75%,Q06432;Q13698;Q02641;P54289-PRO_0000005001;P54289-PRO_0000005002
prerank,"Cav1.2 voltage-gated calcium channel complex, CACNA2D3-CACNB2 variant",0.5174611973392461,0.7175232804590373,0.9613583138173302,1.0,1.0,4/4,48.31%,Q13936;Q08289;Q8IZS8-PRO_0000304648;Q8IZS8-PRO_0000304647
prerank,"Cav1.2 voltage-gated calcium channel complex, CACNA2D2-CACNB1 variant",0.5155210643015522,0.7168053398308359,0.9495896834701055,1.0,1.0,4/4,48.50%,Q13936;Q02641;Q9NY47-PRO_0000304639;Q9NY47-PRO_0000304637
prerank,"Cav1.1 voltage-gated calcium channel complex, CACNA2D1-CACNB2-CACNG1 variant",0.5131688383698365,0.7167388714225753,0.9779005524861878,1.0,1.0,5/5,48.75%,Q06432;Q13698;Q08289;P54289-PRO_0000005001;P54289-PRO_0000005002
prerank,"Cav1.1 voltage-gated calcium channel complex, CACNA2D1-CACNB4-CACNG1 variant",0.5131688383698365,0.7166863911926733,0.9824175824175824,1.0,1.0,5/5,48.75%,Q06432;Q13698;O00305;P54289-PRO_0000005001;P54289-PRO_0000005002
prerank,"Cav1.2 voltage-gated calcium channel complex, CACNA2D3-CACNB1 variant",0.5174611973392461,0.7158983720317661,0.9662398137369034,1.0,1.0,4/4,48.31%,Q13936;Q02641;Q8IZS8-PRO_0000304648;Q8IZS8-PRO_0000304647
prerank,"Cav1.2 voltage-gated calcium channel complex, CACNA2D2-CACNB2 variant",0.5155210643015522,0.7149879928983947,0.9619500594530321,1.0,1.0,4/4,48.50%,Q13936;Q08289;Q9NY47-PRO_0000304639;Q9NY47-PRO_0000304637
prerank,"Cav1.1 voltage-gated calcium channel complex, CACNA2D1-CACNB3-CACNG1 variant",0.5131688383698365,0.7149605041204996,0.9812568908489526,1.0,1.0,5/5,48.75%,Q06432;Q13698;P54284;P54289-PRO_0000005001;P54289-PRO_0000005002
prerank,"Cav1.2 voltage-gated calcium channel complex, CACNA2D3-CACNB4 variant",0.5174611973392461,0.7147473082941455,0.958139534883721,1.0,1.0,4/4,48.31%,Q13936;O00305;Q8IZS8-PRO_0000304648;Q8IZS8-PRO_0000304647
prerank,"Cav1.2 voltage-gated calcium channel complex, CACNA2D4-CACNB1 variant",0.514689578713969,0.714037867092041,0.954233409610984,1.0,1.0,4/4,48.59%,Q13936;Q02641;Q7Z3S7-PRO_0000304657;Q7Z3S7-PRO_0000304656
prerank,"Cav1.2 voltage-gated calcium channel complex, CACNA2D2-CACNB3 variant",0.5155210643015521,0.7136947209354173,0.9562647754137116,1.0,1.0,4/4,48.50%,Q13936;P54284;Q9NY47-PRO_0000304639;Q9NY47-PRO_0000304637
prerank,"Cav1.2 voltage-gated calcium channel complex, CACNA2D2-CACNB4 variant",0.5155210643015522,0.7135260694717461,0.9624853458382181,1.0,1.0,4/4,48.50%,Q13936;O00305;Q9NY47-PRO_0000304639;Q9NY47-PRO_0000304637
prerank,"Cav1.2 voltage-gated calcium channel complex, CACNA2D4-CACNB2 variant",0.514689578713969,0.7132036784576632,0.9484536082474226,1.0,1.0,4/4,48.59%,Q13936;Q08289;Q7Z3S7-PRO_0000304657;Q7Z3S7-PRO_0000304656
prerank,BLOC-1 complex,0.4852941176470586,0.7116461154453504,0.986734693877551,1.0,1.0,8/8,51.58%,Q6QNY1;O95295;P78537;Q9UL45;Q9NUP1;Q96EV8;Q6QNY0;Q8TDH9
prerank,"Cav1.2 voltage-gated calcium channel complex, CACNA2D1-CACNB2 variant",0.5130266075388027,0.7102602779566974,0.9485380116959065,1.0,1.0,4/4,48.75%,Q13936;Q08289;P54289-PRO_0000005001;P54289-PRO_0000005002
prerank,"Cav1.2 voltage-gated calcium channel complex, CACNA2D3-CACNB3 variant",0.5174611973392461,0.7102571203190022,0.9635294117647059,1.0,1.0,4/4,48.31%,Q13936;P54284;Q8IZS8-PRO_0000304648;Q8IZS8-PRO_0000304647
prerank,"Cav1.2 voltage-gated calcium channel complex, CACNA2D4-CACNB3 variant",0.514689578713969,0.7097261264478167,0.957471264367816,1.0,1.0,4/4,48.59%,Q13936;P54284;Q7Z3S7-PRO_0000304657;Q7Z3S7-PRO_0000304656
prerank,"Cav1.2 voltage-gated calcium channel complex, CACNA2D4-CACNB4 variant",0.514689578713969,0.7079154085898646,0.9680729760547321,1.0,1.0,4/4,48.59%,Q13936;O00305;Q7Z3S7-PRO_0000304657;Q7Z3S7-PRO_0000304656
prerank,"Cav1.2 voltage-gated calcium channel complex, CACNA2D1-CACNB1 variant",0.5130266075388027,0.7076743264456038,0.9595375722543352,1.0,1.0,4/4,48.75%,Q13936;Q02641;P54289-PRO_0000005001;P54289-PRO_0000005002
prerank,"Cav1.2 voltage-gated calcium channel complex, CACNA2D1-CACNB3 variant",0.5130266075388027,0.7054916045369454,0.954171562867215,1.0,1.0,4/4,48.75%,Q13936;P54284;P54289-PRO_0000005001;P54289-PRO_0000005002
prerank,VCP-NPL4-UFD1 AAA ATPase complex,0.5214740925464116,0.7043814049677782,0.9446540880503145,1.0,1.0,3/3,47.90%,P55072;Q8TAT6;Q92890
prerank,"Cav1.2 voltage-gated calcium channel complex, CACNA2D1-CACNB4 variant",0.5130266075388027,0.7037365438487175,0.9672897196261683,1.0,1.0,4/4,48.75%,Q13936;O00305;P54289-PRO_0000005001;P54289-PRO_0000005002
prerank,Fanconi anemia FANCM-FAAP24-MHF anchoring complex,0.5047117516629711,0.6921932367455335,0.9668192219679634,1.0,1.0,4/4,49.58%,Q8N2Z9;A8MT69;Q8IYD8;Q9BTP7
prerank,"Retromer complex, VPS26B variant",0.5056802438348573,0.6899637196543754,0.9358024691358025,1.0,1.0,3/3,49.47%,Q9UBQ0;Q96QK1;Q4G0F5
prerank,"Retromer complex, VPS26A variant",0.5023552230534775,0.6883326810426581,0.9346153846153846,1.0,1.0,3/3,49.81%,Q9UBQ0;Q96QK1;O75436
prerank,VCP-NPL4-UFD1-UBXN1 AAA ATPase complex,0.5,0.6870051359843911,0.9681093394077449,1.0,1.0,4/4,50.06%,P55072;Q8TAT6;Q92890;Q04323
prerank,VCP-NPL4-UFD1-FAF2 AAA ATPase complex,0.5002771618625277,0.6856899660799048,0.9712643678160919,1.0,1.0,4/4,50.03%,P55072;Q8TAT6;Q92890;Q96CS3
prerank,VCP-NPL4-UFD1-UBXN7 AAA ATPase complex,0.49916851441241683,0.685498205127559,0.9680365296803652,1.0,1.0,4/4,50.14%,P55072;Q8TAT6;Q92890;O94888
prerank,VCP-NPL4-UFD1-FAF1 AAA ATPase complex,0.498059866962306,0.6843815229636923,0.959254947613504,1.0,1.0,4/4,50.25%,P55072;Q8TAT6;Q92890;Q9UNN5
prerank,"Nucleosome, variant H3.2-H2A.2-H2B.1",0.48156362628222915,0.6802199978116001,0.9901098901098901,1.0,1.0,5/5,51.91%,P62805;P06899;CHEBI:4705;P04908;Q71DI3
prerank,"Nucleosome, variant H3.1-H2A.V-H2B.1",0.48128638757970615,0.6787585116647491,0.9899777282850779,1.0,1.0,5/5,51.94%,P62805;P06899;CHEBI:4705;P68431;Q71UI9
prerank,"Nucleosome complex, H2A type 1 variant ",0.47962295536456895,0.6768498904643105,0.9865771812080537,1.0,1.0,5/5,52.10%,P62805;P06899;CHEBI:4705;P68431;P0C0S8
prerank,Interleukin-22 receptor-ligand complex,0.4948739262953726,0.6760736426472296,0.9459119496855346,1.0,1.0,3/3,50.55%,Q08334;Q8N6P7;Q9GZX6
prerank,"Nucleosome, variant H3.1-H2A.Z-H2B.1",0.48017743276961466,0.6760357517528686,0.9865921787709497,1.0,1.0,5/5,52.05%,P62805;P06899;CHEBI:4705;P68431;P0C0S5
prerank,"GABA-A receptor, alpha1-alpha3-beta2-gamma2",0.48586474501108634,0.6754151236988062,0.9685681024447031,1.0,1.0,4/4,51.47%,P47870;P18507;P34903;P14867
prerank,"GABA-A receptor, alpha1-beta1-beta2-gamma2",0.48586474501108634,0.6706523745378008,0.9713261648745519,1.0,1.0,4/4,51.47%,P47870;P18507;P18505;P14867
prerank,"mTNF-TNR1B receptor-ligand core complex, BIRC3 variant",0.48253880266075394,0.6700870903001465,0.9747995418098511,1.0,1.0,4/4,51.80%,Q12933;Q13489;CPX-8931;P20333-PRO_0000034548
prerank,"GABA-A receptor, alpha1-beta2-beta3-gamma2",0.48586474501108656,0.6698803999709889,0.974477958236659,1.0,1.0,4/4,51.47%,P28472;P47870;P18507;P14867
prerank,"Nucleosome, variant H3.1t-H2A.2-H2B.1",0.47463265871915733,0.6697405409787482,0.9877641824249166,1.0,1.0,5/5,52.60%,P62805;P06899;CHEBI:4705;P04908;Q16695
prerank,Interferon beta receptor-ligand complex,0.4937655860349127,0.6696822853892785,0.9466327827191868,1.0,1.0,3/3,50.66%,P48551;P17181;P01574
prerank,"Interferon alpha receptor-ligand complex, IFNA21 variant",0.4943197561651427,0.6696761111828682,0.9614890885750963,1.0,1.0,3/3,50.61%,P48551;P17181;P01568
prerank,"Interferon alpha receptor-ligand complex, IFNA6 variant",0.49404267110002764,0.6694730887056626,0.9474342928660826,1.0,1.0,3/3,50.64%,P48551;P17181;P05013
prerank,"Interferon alpha receptor-ligand complex, IFNA16 variant",0.4945968412302576,0.6682148157640597,0.9510309278350515,1.0,1.0,3/3,50.58%,P48551;P17181;P05015
prerank,"Interferon alpha receptor-ligand complex, IFNA10 variant",0.49321141590468265,0.6678323084500527,0.9569074778200254,1.0,1.0,3/3,50.72%,P48551;P17181;P01566
prerank,"Interferon alpha receptor-ligand complex, IFNA14 variant",0.4934885009697977,0.66780514180798,0.9473684210526315,1.0,1.0,3/3,50.69%,P48551;P17181;P01570
prerank,CENP-A nucleosome complex,0.4724147490989742,0.6667371107110059,0.9832214765100671,1.0,1.0,5/5,52.82%,P62805;P06899;P04908;CHEBI:75909;P49450
prerank,"Nucleosome complex, H2BC12 variant ",0.47352370390906584,0.6666961173619221,0.9878318584070797,1.0,1.0,5/5,52.71%,P62805;CHEBI:4705;P68431;P04908;O60814
prerank,"mTNF-TNR1B receptor-ligand core complex, BIRC2 variant",0.48253880266075394,0.6663010468785773,0.9737742303306728,1.0,1.0,4/4,51.80%,Q12933;Q13490;CPX-8931;P20333-PRO_0000034548
prerank,Interferon epsilon receptor-ligand complex,0.4929343308395677,0.6662422850912298,0.9489795918367347,1.0,1.0,3/3,50.75%,P48551;P17181;Q86WN2
prerank,"GABA-A receptor, alpha3-beta2-gamma2",0.48850096979772795,0.665682614836973,0.9436795994993742,1.0,1.0,3/3,51.19%,P47870;P18507;P34903
prerank,Interferon kappa receptor-ligand complex,0.4907176503186478,0.6655928515989108,0.9516539440203562,1.0,1.0,3/3,50.97%,P48551;P17181;Q9P0W0
prerank,Interleukin-4 receptor-ligand type-1 complex,0.48711554447215283,0.6640945678267252,0.9426020408163265,1.0,1.0,3/3,51.33%,P31785;P24394;P05112
prerank,"Interferon alpha receptor-ligand complex, IFNA7 variant",0.49210307564422273,0.6634620788417045,0.956687898089172,1.0,1.0,3/3,50.83%,P48551;P17181;P01567
prerank,"GABA-A receptor, alpha3-beta3-gamma2",0.4885009697977279,0.6633691365852671,0.9567901234567902,1.0,1.0,3/3,51.19%,P28472;P18507;P34903
prerank,Interferon omega receptor-ligand complex,0.4909947353837628,0.6629049001004027,0.9605095541401274,1.0,1.0,3/3,50.94%,P48551;P17181;P05000
prerank,"Interferon alpha receptor-ligand complex, IFNA8 variant",0.48683845940703796,0.659698775457779,0.9448717948717948,1.0,1.0,3/3,51.36%,P48551;P17181;P32881
prerank,"GABA-A receptor, alpha1-beta2-gamma2",0.48573011914657804,0.6588054181209454,0.9605095541401274,1.0,1.0,3/3,51.47%,P47870;P18507;P14867
prerank,"Interferon alpha receptor-ligand complex, IFNA5 variant",0.48600720421169297,0.6575261741885097,0.9506953223767383,1.0,1.0,3/3,51.44%,P48551;P17181;P01569
prerank,"GABA-A receptor, alpha1-beta3-gamma2",0.485730119146578,0.6560992930618083,0.9580764488286067,1.0,1.0,3/3,51.47%,P28472;P18507;P14867
prerank,"Interferon alpha receptor-ligand complex, IFNA4 variant",0.4862842892768079,0.6559896461666427,0.9588014981273408,1.0,1.0,3/3,51.41%,P48551;P17181;P05014
prerank,"Interferon alpha receptor-ligand complex, IFNA2 variant",0.4865613743419229,0.6546316766891066,0.9628681177976952,1.0,1.0,3/3,51.38%,P48551;P17181;P01563
prerank,"Interferon alpha receptor-ligand complex, IFNA1 variant",0.483790523690773,0.6526684693442787,0.9603072983354674,1.0,1.0,3/3,51.66%,P48551;P17181;P01562
prerank,"Interferon alpha receptor-ligand complex, IFNA17 variant",0.48323635356054306,0.6505413325196152,0.972972972972973,1.0,1.0,3/3,51.72%,P48551;P17181;P01571
prerank,Interleukin-26 receptor-ligand complex,0.481850928234968,0.6499860487571538,0.970886075949367,0.9988903475852935,1.0,3/3,51.85%,Q08334;Q9UHF4;Q9NPH9
prerank,Interleukin-15 receptor-ligand complex,0.46535476718403535,0.64110378821058,0.9702176403207331,0.9995667857221749,1.0,4/4,53.52%,P31785;P14784;Q13261;P40933
prerank,Interleukin-2 receptor-ligand complex,0.46507760532150766,0.6388975444531216,0.9733487833140209,0.9988141405013177,1.0,4/4,53.54%,P31785;P14784;P01589;P60568
prerank,"Nav1.9 voltage-gated sodium channel complex, SCN3B-SCN4B variant",0.4627320587420338,0.6319045536057362,0.9510050251256281,0.9990961239445497,1.0,3/3,53.77%,Q8IWT1;Q9NY72;Q9UI33
prerank,Hexasome complex,0.45759423503325947,0.6317036872195596,0.9686046511627907,0.9978725635222594,1.0,4/4,54.29%,P62805;P68431;P62807;Q93077
prerank,Interleukin 11-sIL11RA-IL-6ST receptor-ligand trans-signalling complex,0.46328622887226356,0.6261529378207104,0.9629629629629629,0.997878995415618,1.0,3/3,53.71%,P40189;P20809;Q14626-PRO_0000450688
prerank,Precursor interleukin-1 alpha-soluble receptor type 1 complex,0.46384039900249374,0.626101182936695,0.9656019656019657,0.9966287598467044,1.0,3/3,53.65%,Q9NPH3;P01583;P14778-PRO_0000415344
prerank,Precursor interleukin-1 alpha-membrane-bound receptor type 1 complex,0.4643945691327237,0.6255420583748955,0.9701492537313433,0.9955050164982951,1.0,3/3,53.60%,Q9NPH3;P01583;P14778-PRO_0000015435
prerank,Interleukin-1 beta ligand-membrane bound receptor type 1 complex,0.4635633139373787,0.6254437910880091,0.9656441717791411,0.9942704698531544,1.0,3/3,53.68%,Q9NPH3;P14778-PRO_0000015435;P01584-PRO_0000015302
prerank,"Nav1.9 voltage-gated sodium channel complex, SCN1B-SCN4B variant",0.46273205874203377,0.6251576343201597,0.9629156010230179,0.9930866831900957,1.0,3/3,53.77%,Q8IWT1;Q07699;Q9UI33
prerank,Interleukin-1 beta ligand-soluble receptor type 1 complex,0.46356331393737876,0.6244375678658143,0.9764267990074442,0.992006246992468,1.0,3/3,53.68%,Q9NPH3;P14778-PRO_0000415344;P01584-PRO_0000015302
prerank,Interleukin-10 receptor-ligand complex,0.4571903574397339,0.624054192964326,0.9712858926342073,0.9908611184706754,1.0,3/3,54.32%,Q08334;P22301;Q13651
prerank,"Interferon lambda receptor-ligand complex, IFNL4 variant",0.4533111665281242,0.6166867405668512,0.9636591478696742,0.9912672790240925,1.0,3/3,54.71%,Q08334;Q8IU57;K9M1U5
prerank,"Interferon lambda receptor-ligand complex, IFNL2 variant",0.4569132723746191,0.6142985536895016,0.9825870646766169,0.9905224786025009,1.0,3/3,54.35%,Q08334;Q8IU57;Q8IZJ0
prerank,Interleukin-7 sIL7RA-IL2RG receptor-ligand potentiating complex,0.4527569963978941,0.6141730031876491,0.9759188846641318,0.9893129090340349,1.0,3/3,54.76%,P31785;P13232-PRO_0000015623;P16871-4
prerank,Interleukin-7 mIL7R-IL2RG receptor-ligand signalling complex,0.4516486561374341,0.612043023026166,0.9712858926342073,0.9885070633653325,1.0,3/3,54.87%,P31785;P13232-PRO_0000015623;P16871-1
prerank,"Interferon lambda receptor-ligand complex, IFNL1 variant",0.45469659185369915,0.61039079493002,0.9839506172839506,0.9876336671823281,1.0,3/3,54.57%,Q08334;Q8IU57;Q8IU54
prerank,Interleukin-21 receptor-ligand complex,0.45220282626766395,0.6094927945561065,0.9786700125470514,0.986586615035169,1.0,3/3,54.82%,P31785;Q9HBE5;Q9HBE4
prerank,"Interferon lambda receptor-ligand complex, IFNL3 variant",0.45303408146300916,0.607267365060127,0.978343949044586,0.9858899741803061,1.0,3/3,54.73%,Q08334;Q8IU57;Q8IZI9
