Name,Term,ES,NES,NOM p-val,FDR q-val,FWER p-val,Tag %,Gene %,Lead_genes
prerank,39S mitochondrial large ribosomal subunit,-0.7191536136301181,-8.035105635415361,0.0,0.0,0.0,54/54,29.16%,Q13084;Q9Y6G3;Q7Z2W9;Q9NP92;Q9Y3B7;Q9P0M9;Q9NRX2;Q9NZE8;Q9NYK5;Q9NX20;Q96DV4;Q96A35;Q8TCC3;Q9BYC8;Q9BZE1;Q9H0U6;Q9H9J2;Q9H2W6;Q9HD33;Q9BYD3;Q9BYD6;Q9BYD1;Q6P1L8;Q9BQC6;Q96GC5;Q9BRJ2;Q9P015;Q9P0J6;URS000047A7F4_9606;O75394;Q4U2R6;Q13405;Q16540;Q14197;Q6P161;Q5T653;Q8N983;Q8TAE8;Q9NVS2;Q9NWU5;Q8IXM3;Q9BQ48;Q96EL3;Q7Z7F7;Q7Z7H8;Q86TS9;Q8N5N7;Q9NQ50;P49406;P09001;P52815;Q9BYD2;Q9BYC9;URS000080E36F_9606
prerank,Mitochondrial respiratory chain complex I,-0.6693835001433408,-6.097874270566174,0.0,0.0,0.0,46/49,22.39%,Q9NX14;P03886;P03891;O43678;O43181;O43677;O43676;O43674;O95182;P03905;O43920;P51970;Q16795;Q16718;O96000;Q9P0J0;Q9Y6M9;Q9UI09;P56181;Q86Y39;P28331;O95169;P56556;P03915;P03923;P49821;O95139;P03901;O95299;O75489;O75306;CHEBI:30408;O75380;O95167;P19404;O95178;O75438;O75251;O95168;CHEBI:64607;CHEBI:58210;P17568;P03897;O95298;O00217;O15239
prerank,40S cytosolic small ribosomal subunit,-0.6956284153005464,-5.496828274475394,0.0,0.0,0.0,33/33,31.09%,P08865;P25398;P23396;P08708;P62841;P62244;P62857;P62861;P63244;P63220;P46783;P62847;P60866;P62241;P62979;P15880;P62753;P62277;P62280;P62249;P62263;P62266;P62269;P62273;P62851;P46781;P39019;[P62701];P62081;URS0000704D22_9606;P62854;P61247;P46782
prerank,28S mitochondrial small ribosomal subunit,-0.6799563080283997,-4.640097808649218,0.0,0.0,0.0,31/31,32.60%,Q9BYN8;URS000044DFF6_9606;Q9Y3D3;O60783;O15235;Q9Y291;P51398;P82930;P82673;P82914;P82664;P82933;Q9Y3D5;Q9Y676;Q96EY7;P82675;Q9Y399;Q9Y2R9;Q9Y2R5;Q9NWT8;Q92552;P82921;Q9Y2Q9;P82650;Q92665;Q9Y3D9;P82932;Q96EL2;Q96BP2;P82912;P82663
prerank,60S cytosolic large ribosomal subunit,-0.5440186388160201,-4.469303141432187,0.0,0.0,0.0,46/47,43.11%,P27635;P39023;P62891;P46777;P46779;P47914;P05386;P46778;P42766;P46776;URS0000ABD82A_9606;P62750;URS000075D341_9606;P05387;P05388;P61313;P49207;P50914;P61353;P63173;P83731;URS00000F9D45_9606;Q9Y3U8;Q02543;P62829;P62888;P62899;P62906;P62910;P62913;P62917;P18077;P18124;P18621;P26373;P30050;P32969;P36578;Q02878;P61513;P62424;P62987;P61927;P62945;Q07020;P84098
prerank,Core mediator complex,-0.6708481047177529,-4.30631895158815,0.0,0.0,0.0,26/26,33.41%,Q6P2C8;Q9H204;Q9H944;Q9NX70;Q9BTT4;Q15648;O60244;Q9ULK4;O95402;O75586;A0JLT2;Q13503;Q15528;Q96RN5;Q96HR3;Q96G25;Q71SY5;Q9NVC6;O43513;Q9NPJ6;Q9P086;Q9BUE0;Q9NWA0;Q9Y2X0;Q9Y3C7;O75448
prerank,"60S cytosolic large ribosomal subunit, striated muscle variant",-0.5443496764296739,-4.170405986361948,0.0,0.0,0.0,47/48,43.11%,Q92901;P83881;P27635;P62891;P46777;P46779;P47914;P05386;P46778;P42766;P46776;URS0000ABD82A_9606;P62750;URS000075D341_9606;P05387;P05388;P61313;P49207;P50914;P61353;P63173;P83731;URS00000F9D45_9606;Q9Y3U8;Q02543;P62829;P62888;P62899;P62906;P62910;P62913;P62917;P18077;P18124;P18621;P26373;P30050;P32969;P36578;Q02878;P61513;P62424;P62987;P61927;P62945;Q07020;P84098
prerank,"60S cytosolic large ribosomal subunit, testis-specific variant",-0.5436729827882181,-4.027599616475671,0.0,0.0,0.0,46/47,43.11%,Q96L21;Q96EH5;P39023;P46777;P46779;P47914;P05386;P46778;P42766;P46776;URS0000ABD82A_9606;P62750;URS000075D341_9606;P05387;P05388;P61313;P49207;P50914;P61353;P63173;P83731;URS00000F9D45_9606;Q9Y3U8;Q02543;P62829;P62888;P62899;P62906;P62910;P62913;P62917;P18077;P18124;P18621;P26373;P30050;P32969;P36578;Q02878;P61513;P62424;P62987;P61927;P62945;Q07020;P84098
prerank,Nuclear pore complex,-0.5802886638781621,-4.012961482121795,0.0,0.0,0.0,29/32,25.29%,Q9NRG9;Q9BTX1;Q9BVL2;O15504;P37198;P49790;Q99567;P35658;Q53GS7;Q5SRE5;Q7Z3B4;Q8N1F7;P52948-PRO_0000019930;P57740;P52948-PRO_0000019929;Q12769;Q92621;Q96HA1;Q8TEM1;Q9UKX7;Q8NFH4;Q8NFH5;P12270;O75694;Q8WUM0;Q8WYP5;P78406;Q9BW27;Q8NFH3
prerank,Small ribosomal subunit processome,-0.5738974736932747,-3.994432013159222,0.0,0.0,0.0,24/29,13.51%,Q9BVJ6;Q9H0A0;Q9Y3A4;Q14692;Q92979;Q5QJE6;Q8NDD1;Q8NEJ9;CPX-2478;O75691;Q9BVI4;CPX-2688;O15213;P78316;Q9NRX1;O43818;Q9Y3A2;Q9Y324;Q13601;Q9NY61;Q9Y2P8;Q9NQZ2;CPX-2450;Q9H6R4
prerank,Mitochondrial proton-transporting ATP synthase complex,-0.6609477124183007,-3.622180956814471,0.0,0.0,0.0,21/21,34.31%,P18859;P03928;O75947;P56381;P25705;P56378;Q96IX5;P24539;P30049;Q7Z4Y8;P56134;P05496;P06576;P56385;P36542;Q5VTU8;O75964;Q06055;P48047;P00846;P48201
prerank,19S proteasome regulatory complex,-0.6391575108138625,-3.471165602822318,0.0,0.0,0.0,18/19,27.57%,O43242;O00487;O00231;P17980;Q9UNM6;P55036;P48556;P51665;P35998;Q15008;Q16186;Q99460;O00232;P62191;Q13200;P43686;P62333;P62195
prerank,Intraflagellar transport complex B,-0.6508022844710362,-3.2700641307659795,0.0,0.0,0.0,16/16,35.23%,A0AVF1;Q9H7X7;Q9Y547;Q9Y366;Q9NWB7;Q96LB3;Q9NQC8;Q9UG01;Q9BW83;Q8TDR0;Q9P2H3;Q8WYA0;Q96AJ1;Q13099;Q8IY31;Q8N4P2
prerank,Anaphase-promoting core complex,-0.6390323457461267,-3.007787575600426,0.0,0.0,0.0,14/14,36.37%,Q9UJX2;Q9UJX3;Q9UM13;Q9UJX6;Q9H1A4;Q96DE5;Q8NHZ8;P60006;Q9BS18;Q13042;P30260;Q9NYG5;Q9UJX5;Q9UJX4
prerank,MKS transition zone complex,-0.6384887197608046,-2.9078897526424754,0.0,0.0,0.0,14/14,36.42%,Q9H6L2;Q6UX40;Q9P2K1;Q5HYA8;Q86X19;Q2MV58;Q9UPM9;Q9P0N5;Q9BPU9;Q8N157;Q96GX1;Q96Q45;Q6NUS6;Q9NXB0
prerank,Commander complex,-0.5667099025851561,-2.864520364599568,0.0,0.0,0.0,15/16,29.70%,Q9GZQ3;Q86VX2;Q9NX08;Q8N668;Q9P000;Q9Y6G5;O14972;Q9UBI1;Q9H0A8;Q8TCE6;Q567U6;Q86X83;Q7Z4G1;Q7Z3J2;O60826
prerank,Eukaryotic translation initiation factor 3 complex,-0.6345108695652174,-2.809219792425834,0.0,0.0,0.0,13/13,36.80%,Q9UBQ5;O15371;O75821;O00303;O75822;Q7L2H7;Q99613;P60228;Q9Y262;O15372;Q14152;P55884;Q13347
prerank,Kinetochore CCAN complex,-0.5334595712007546,-2.693414961690751,0.0,0.0,0.0,14/16,27.05%,Q13352;Q71F23;Q5EE01;Q6IPU0;Q7L2Z9;Q8N0S6;Q96BT3;Q92674;Q03188;Q9NSP4;Q9H3R5;Q9BS16;Q96H22;Q9BU64
prerank,CatSpermasome complex,-0.6215702254822059,-2.6663389697796447,0.0,0.0,0.0,12/12,38.07%,E9PQX1;Q8NEC5;Q86XQ3;A8MZ26;Q2WGJ8;Q6ZRH7;Q86XM0;Q7RTX7;Q5SY80;Q9NTU4;Q9H7T0;Q96P56
prerank,Major Spliceosomal B-act-III complex,0.702960244905672,2.5764230753880675,0.0,0.002632476965826549,0.002,42/46,27.35%,P62318;P62304;P62306;P62308;P14678;P62316;P62314;URS00006767A8_9606;Q13573;Q15029;Q6P2Q9;Q96DI7;URS00006A1489_9606;P09661;P08579;CHEBI:139356;O75533;Q9HCS7;Q9UNP9;O60306;Q15393;Q9BWJ5;Q99459;O43660;Q9P013;URS000075BAAE_9606;Q9BZJ0;P41223;Q9NW64;O75934;Q9UMS4;O75643;Q9Y3C6;Q13435;Q15427;Q12874;Q9UQ35;Q9HCG8;O60508;Q7RTV0;Q15459;Q15428
prerank,Major Spliceosomal Post-B-act complex,0.715711323850431,2.574354897032622,0.0,0.0013162384829132744,0.002,39/41,27.51%,P62318;P62304;P62306;P62308;P14678;P62316;P62314;URS00006767A8_9606;Q13573;Q15029;Q6P2Q9;Q96DI7;URS00006A1489_9606;P09661;P08579;CHEBI:139356;O75533;Q9HCS7;Q9UNP9;O60306;Q15393;Q9BWJ5;Q99459;O43660;Q9P013;URS000075BAAE_9606;Q9BZJ0;P41223;Q9NW64;O75934;Q9UMS4;Q9Y3C6;Q13435;Q15427;Q9UQ35;Q9HCG8;O60508;Q7RTV0;O95926
prerank,Major Spliceosomal B-act-IV complex,0.7079997467096999,2.572391738579514,0.0,0.000877492321942183,0.002,40/43,27.51%,P62318;P62304;P62306;P62308;P14678;P62316;P62314;URS00006767A8_9606;Q13573;Q15029;Q6P2Q9;Q96DI7;URS00006A1489_9606;P09661;P08579;CHEBI:139356;O75533;Q9HCS7;Q9UNP9;O60306;Q15393;Q9BWJ5;Q99459;O43660;Q9P013;URS000075BAAE_9606;Q9BZJ0;P41223;Q9NW64;O75934;Q9UMS4;Q9Y3C6;Q13435;Q15427;Q12874;Q9UQ35;Q9HCG8;O60508;Q7RTV0;O95926
prerank,"Intron Lariat Spliceosome, type 1 complex",0.74050716360501,2.5490668681093003,0.0,0.0009871788621849558,0.003,29/32,21.88%,P62318;P62304;P62306;P62308;P14678;P62316;P62314;URS00006767A8_9606;Q13573;Q15029;Q6P2Q9;Q96DI7;URS00006A1489_9606;P09661;P08579;CHEBI:139356;Q9HCS7;Q9UNP9;O60306;Q99459;O43660;Q9P013;URS000075BAAE_9606;Q9BZJ0;P41223;Q9NW64;O75934;Q9UMS4;Q9Y3C6
prerank,"Intron Lariat Spliceosome, type 2 complex",0.7354308530518158,2.548528421503291,0.0,0.0007897430897479648,0.003,29/33,21.88%,P62318;P62304;P62306;P62308;P14678;P62316;P62314;URS00006767A8_9606;Q13573;Q15029;Q6P2Q9;Q96DI7;URS00006A1489_9606;P09661;P08579;CHEBI:139356;Q9HCS7;Q9UNP9;O60306;Q99459;O43660;Q9P013;URS000075BAAE_9606;Q9BZJ0;P41223;Q9NW64;O75934;Q9UMS4;Q9Y3C6
prerank,Major Spliceosomal B-act-II complex,0.7005988672711871,2.5428607250568604,0.0,0.000877492321942183,0.004,39/43,27.35%,P62318;P62304;P62306;P62308;P14678;P62316;P62314;URS00006767A8_9606;Q13573;Q15029;Q6P2Q9;Q96DI7;URS00006A1489_9606;P09661;P08579;CHEBI:139356;O75533;Q9HCS7;Q9UNP9;O60306;Q15393;Q9BWJ5;Q99459;O43660;Q9P013;URS000075BAAE_9606;Q9BZJ0;P41223;Q9NW64;O75643;Q9Y3C6;Q13435;Q15427;Q12874;Q9UQ35;Q9HCG8;Q7RTV0;Q15459;Q15428
prerank,ESCRT-III complex,-0.6162411732753937,-2.517038744265371,0.0,0.00011718471636811837,0.009,11/11,38.59%,O43633;Q9H444;Q9NZZ3;Q96CF2;Q9BY43;Q96FZ7;Q9UQN3;Q7LBR1;Q8WUX9;Q9Y3E7;Q9HD42
prerank,Major Spliceosomal Pre-C*-I complex,0.707888932942955,2.514420557864695,0.0,0.001504272551900885,0.008,35/39,25.21%,P62318;P62304;P62306;P62308;P14678;P62316;P62314;URS00006767A8_9606;Q13573;Q15029;Q6P2Q9;Q96DI7;URS00006A1489_9606;P09661;P08579;CHEBI:139356;Q9Y5S9;Q9HCS7;Q9UNP9;O60306;Q99459;O43660;Q9P013;URS000075BAAE_9606;Q9BZJ0;P41223;Q9NW64;O75934;Q9UMS4;Q9Y3C6;P61326;P38919;Q9UQ35;Q9HCG8;O60508
prerank,20S proteasome complex,0.8488719760804567,2.5100705978670317,0.0,0.0013162384829132744,0.008,14/14,15.43%,P20618;P25787;P25786;P28066;P25788;P49720;P60900;P28070;P25789;P49721;O14818;Q99436;P28074;P28072
prerank,Nexin-dynein regulatory complex,-0.614041788404313,-2.5086350573149727,0.0,0.00011160449177916036,0.009,10/11,26.51%,Q96MC2;Q96DY2;Q5VUJ9;Q9H095;Q8IY82;O95995;Q86XH1;Q8IXS2;Q9H069;Q5JU00
prerank,Major Post-catalytic P Spliceosome complex,0.7003564142711114,2.503352424017155,0.0,0.0011699897625895774,0.008,36/41,25.21%,P62318;P62304;P62306;P62308;P14678;P62316;P62314;URS00006767A8_9606;Q13573;Q15029;Q6P2Q9;Q96DI7;URS00006A1489_9606;P09661;P08579;CHEBI:139356;Q9Y5S9;Q9HCS7;Q9UNP9;O60306;Q99459;O43660;Q9P013;URS000075BAAE_9606;Q9BZJ0;P41223;Q9NW64;O75934;Q9UMS4;O75643;Q9Y3C6;P61326;P38919;Q9UQ35;Q9HCG8;O60508
prerank,"Polybromo-associated SWI/SNF ATP-dependent chromatin remodeling complex, ACTL6A variant",0.8788603835644954,2.500313219116358,0.0,0.0013162384829132746,0.009,9/13,5.44%,P60709;Q92922;Q96GM5;Q969G3;Q12824;Q8TAQ2;O96019;Q92925;P51532
prerank,Major Spliceosomal B-act-I complex,0.6864277153534444,2.485753109958757,0.0,0.0013162384829132744,0.009,38/44,27.35%,P62318;P62304;P62306;P62308;P14678;P62316;P62314;URS00006767A8_9606;Q13573;Q15029;Q6P2Q9;Q96DI7;URS00006A1489_9606;P09661;P08579;CHEBI:139356;O75533;Q9HCS7;Q9UNP9;O60306;Q15393;Q9BWJ5;Q99459;O43660;Q9P013;URS000075BAAE_9606;Q9BZJ0;P41223;Q9NW64;O75643;Q13435;Q15427;Q12874;Q9UQ35;Q9HCG8;Q7RTV0;Q15459;Q15428
prerank,"Polybromo-associated SWI/SNF ATP-dependent chromatin remodeling complex, ACTL6B variant",0.8755092818559654,2.4839916419285673,0.0,0.0012065519426705017,0.009,9/13,5.61%,P60709;Q92922;Q96GM5;Q969G3;Q12824;Q8TAQ2;Q92925;P51532;O94805
prerank,PA28-gamma double-capped 20S proteasome complex,0.8268885511335781,2.4838859301353846,0.0,0.0010341873794318585,0.009,14/15,15.43%,P20618;P25787;P25786;P28066;P25788;P49720;P60900;P28070;P25789;P49721;O14818;Q99436;P28074;P28072
prerank,PA28-gamma single-capped 20S proteasome complex,0.8268885511335781,2.4838859301353846,0.0,0.0010341873794318585,0.009,14/15,15.43%,P20618;P25787;P25786;P28066;P25788;P49720;P60900;P28070;P25789;P49721;O14818;Q99436;P28074;P28072
prerank,PA200-20S-PA200 double-capped proteasome complex,0.8311911669571352,2.4814950813986147,0.0,0.0009049139570028762,0.009,14/15,15.43%,P20618;P25787;P25786;P28066;P25788;P49720;P60900;P28070;P25789;P49721;O14818;Q99436;P28074;P28072
prerank,PA200-20S single-capped proteasome,0.8311911669571352,2.4814950813986147,0.0,0.0009049139570028762,0.009,14/15,15.43%,P20618;P25787;P25786;P28066;P25788;P49720;P60900;P28070;P25789;P49721;O14818;Q99436;P28074;P28072
prerank,Major Spliceosomal C complex,0.687833187544159,2.4797526574037865,0.0,0.0008516837242380012,0.009,33/43,25.21%,P62318;P62304;P62306;P62308;P14678;P62316;P62314;URS00006767A8_9606;Q13573;Q15029;Q6P2Q9;Q96DI7;URS00006A1489_9606;P09661;P08579;CHEBI:139356;Q9HCS7;Q9UNP9;O60306;Q99459;O43660;Q9P013;URS000075BAAE_9606;Q9BZJ0;P41223;Q9NW64;O75934;Q9UMS4;O75643;Q9Y3C6;Q9UQ35;Q9HCG8;O60508
prerank,Major Spliceosomal C* complex,0.6846240028783456,2.4790648349904565,0.0,0.0008043679617803345,0.009,36/44,25.21%,P62318;P62304;P62306;P62308;P14678;P62316;P62314;URS00006767A8_9606;Q13573;Q15029;Q6P2Q9;Q96DI7;URS00006A1489_9606;P09661;P08579;CHEBI:139356;Q9Y5S9;Q9HCS7;Q9UNP9;O60306;Q99459;O43660;Q9P013;URS000075BAAE_9606;Q9BZJ0;P41223;Q9NW64;O75934;Q9UMS4;O75643;Q9Y3C6;P61326;P38919;Q9UQ35;Q9HCG8;O60508
prerank,Major Spliceosomal Pre-B-act complex,0.6927713647852364,2.4781441969489393,0.0,0.0007620328058971588,0.009,36/41,27.35%,P62318;P62304;P62306;P62308;P14678;P62316;P62314;URS00006767A8_9606;Q13573;Q15029;Q6P2Q9;Q96DI7;URS00006A1489_9606;P09661;P08579;CHEBI:139356;O75533;Q9HCS7;Q9UNP9;O60306;Q15393;Q9BWJ5;Q99459;O43660;Q9P013;URS000075BAAE_9606;Q9BZJ0;P41223;Q9NW64;O75643;Q13435;Q15427;Q12874;Q7RTV0;Q15459;Q15428
prerank,20S spermatoproteasome complex,0.8340505060750342,2.4572900312978354,0.0,0.0013162384829132746,0.016,13/14,15.43%,P20618;P25787;P25786;P28066;P25788;P49720;P60900;P28070;P25789;P49721;Q99436;P28074;P28072
prerank,PA28-alphabeta single-capped 20S proteasome complex,0.8055638575981456,2.4555833730616463,0.001098901098901099,0.001256409460962671,0.017,14/16,15.43%,P20618;P25787;P25786;P28066;P25788;P49720;P60900;P28070;P25789;P49721;O14818;Q99436;P28074;P28072
prerank,PA28-alphabeta double-capped 20S proteasome complex,0.8055638575981456,2.4555833730616463,0.001098901098901099,0.001256409460962671,0.017,14/16,15.43%,P20618;P25787;P25786;P28066;P25788;P49720;P60900;P28070;P25789;P49721;O14818;Q99436;P28074;P28072
prerank,Major Spliceosomal Pre-C*-II complex,0.6817621725715625,2.452171276144494,0.0,0.0012590107227866106,0.017,35/43,25.21%,P62318;P62304;P62306;P62308;P14678;P62316;P62314;URS00006767A8_9606;Q13573;Q15029;Q6P2Q9;Q96DI7;URS00006A1489_9606;P09661;P08579;CHEBI:139356;Q9Y5S9;Q9HCS7;Q9UNP9;O60306;Q99459;O43660;Q9P013;URS000075BAAE_9606;Q9BZJ0;P41223;Q9NW64;O75934;Q9UMS4;Q9Y3C6;P61326;P38919;Q9UQ35;Q9HCG8;O60508
prerank,"SWI/SNF ATP-dependent chromatin remodeling complex, ACTL6A-ARID1A-SMARCA4 variant",0.8994385964463046,2.448449396943342,0.0,0.001480768293277434,0.019,10/11,5.44%,P60709;Q92922;Q96GM5;Q969G3;Q12824;Q8TAQ2;O96019;Q6STE5;Q92925;P51532
prerank,"SWI/SNF ATP-dependent chromatin remodeling complex, ACTL6A-ARID1B-SMARCA4 variant",0.9025385384390975,2.437994875738223,0.0,0.0020533320333447082,0.026,10/11,5.44%,P60709;Q92922;Q96GM5;Q969G3;Q12824;Q8TAQ2;O96019;Q6STE5;Q92925;P51532
prerank,"SWI/SNF ATP-dependent chromatin remodeling complex, ACTL6B-ARID1A-SMARCA4 variant",0.8966647715105208,2.420801531473939,0.0,0.002733726079896801,0.034,10/11,5.61%,P60709;Q92922;Q96GM5;Q969G3;Q12824;Q8TAQ2;Q6STE5;Q92925;P51532;O94805
prerank,"SWI/SNF ATP-dependent chromatin remodeling complex, ACTL6B-ARID1B-SMARCA4 variant",0.8998339962172625,2.4203567961401484,0.0,0.002729976112709014,0.035,10/11,5.61%,P60709;Q92922;Q96GM5;Q969G3;Q12824;Q8TAQ2;Q6STE5;Q92925;P51532;O94805
prerank,"Muscle cell-specific SWI/SNF ATP-dependent chromatin remodeling complex, ACTL6A-ARID1A-SMARCA4 variant",0.8635235414165859,2.4162964660656407,0.0,0.002914528069307965,0.037,10/12,5.44%,P60709;Q92922;Q96GM5;Q969G3;Q12824;Q8TAQ2;O96019;Q6STE5;Q92925;P51532
prerank,U1 small nuclear ribonucleoprotein complex ,0.8632427226792522,2.40849959572756,0.0,0.0033132899742299667,0.043,7/11,4.79%,P62318;P62304;P62306;P62308;P14678;P62316;P62314
prerank,"Muscle cell-specific SWI/SNF ATP-dependent chromatin remodeling complex, ACTL6B-ARID1A-SMARCA4 variant",0.8599822321722566,2.405686959020653,0.0,0.0032905962072831865,0.045,10/12,5.61%,P60709;Q92922;Q96GM5;Q969G3;Q12824;Q8TAQ2;Q6STE5;Q92925;P51532;O94805
prerank,"Muscle cell-specific SWI/SNF ATP-dependent chromatin remodeling complex, ACTL6A-ARID1B-SMARCA4 variant",0.866393571990735,2.4045459279206156,0.0,0.0032269072484325443,0.045,10/12,5.44%,P60709;Q92922;Q96GM5;Q969G3;Q12824;Q8TAQ2;O96019;Q6STE5;Q92925;P51532
prerank,"Muscle cell-specific SWI/SNF ATP-dependent chromatin remodeling complex, ACTL6B-ARID1B-SMARCA4 variant",0.8629111922036343,2.391019100291514,0.0,0.004154377711695022,0.056,10/12,5.61%,P60709;Q92922;Q96GM5;Q969G3;Q12824;Q8TAQ2;Q6STE5;Q92925;P51532;O94805
prerank,"SWI/SNF ATP-dependent chromatin remodeling complex, ACTL6B-ARID1A-SMARCA2 variant",0.884302009777295,2.387300315462423,0.0,0.004267803565809709,0.059,11/11,11.83%,P60709;Q92922;Q96GM5;Q969G3;Q12824;Q8TAQ2;Q6STE5;Q92925;O94805;P51531;O14497
prerank,"SWI/SNF ATP-dependent chromatin remodeling complex, ACTL6A-ARID1A-SMARCA2 variant",0.884302009777295,2.3858809594465376,0.0,0.00445198310397137,0.064,11/11,11.83%,P60709;Q92922;Q96GM5;Q969G3;Q12824;Q8TAQ2;O96019;Q6STE5;Q92925;P51531;O14497
prerank,"Neural progenitor-specific SWI/SNF ATP-dependent chromatin remodeling complex, ARID1A-SMARCA4 variant",0.8685537029100485,2.3764439006770273,0.0,0.005001706235070443,0.072,9/11,5.44%,P60709;Q92922;Q96GM5;Q969G3;Q12824;Q8TAQ2;O96019;Q6STE5;P51532
prerank,"Neuron-specific SWI/SNF ATP-dependent chromatin remodeling complex, ARID1B-SMARCA4 variant",0.8402810034703555,2.3627714903134382,0.0011467889908256881,0.00672744113489007,0.093,9/12,5.61%,P60709;Q92922;Q96GM5;Q969G3;Q12824;Q8TAQ2;Q6STE5;P51532;O94805
prerank,"Neural progenitor-specific SWI/SNF ATP-dependent chromatin remodeling complex, ARID1B-SMARCA4 variant",0.8716839237269666,2.3622322910355087,0.0,0.006545618401514662,0.093,9/11,5.44%,P60709;Q92922;Q96GM5;Q969G3;Q12824;Q8TAQ2;O96019;Q6STE5;P51532
prerank,"SWI/SNF ATP-dependent chromatin remodeling complex, ACTL6B-ARID1B-SMARCA2 variant",0.8781750530386194,2.3604794897781667,0.0,0.006546554559752864,0.097,10/11,7.72%,P60709;Q92922;Q96GM5;Q969G3;Q12824;Q8TAQ2;Q6STE5;Q92925;O94805;P51531
prerank,"Muscle cell-specific SWI/SNF ATP-dependent chromatin remodeling complex, ACTL6B-ARID1A-SMARCA2 variant",0.8453034096922741,2.3577108606409243,0.0,0.00664869182394654,0.099,11/12,11.83%,P60709;Q92922;Q96GM5;Q969G3;Q12824;Q8TAQ2;Q6STE5;Q92925;O94805;P51531;O14497
prerank,"Neuron-specific SWI/SNF ATP-dependent chromatin remodeling complex, ARID1A-SMARCA4 variant",0.8372708163946354,2.3536504810751713,0.0,0.007008969921513188,0.107,9/12,5.61%,P60709;Q92922;Q96GM5;Q969G3;Q12824;Q8TAQ2;Q6STE5;P51532;O94805
prerank,20S immunoproteasome complex,0.8075234827133655,2.3460934796946504,0.003424657534246575,0.007287466722471057,0.114,11/14,13.32%,P20618;P25787;P25786;P28066;P25788;P49720;P60900;P28070;P25789;P49721;O14818
prerank,"Muscle cell-specific SWI/SNF ATP-dependent chromatin remodeling complex, ACTL6A-ARID1A-SMARCA2 variant",0.8461726415992676,2.3450386374293695,0.0,0.007270650667520945,0.115,11/12,11.83%,P60709;Q92922;Q96GM5;Q969G3;Q12824;Q8TAQ2;O96019;Q6STE5;Q92925;P51531;O14497
prerank,20S thymoproteasome complex,0.8075234827133655,2.344864323753168,0.0034207525655644243,0.007132175965553325,0.115,11/14,13.32%,P20618;P25787;P25786;P28066;P25788;P49720;P60900;P28070;P25789;P49721;O14818
prerank,"SWI/SNF ATP-dependent chromatin remodeling complex, ACTL6A-ARID1B-SMARCA2 variant",0.8792717770443174,2.343953515756772,0.0,0.0070299100791958976,0.115,10/11,7.72%,P60709;Q92922;Q96GM5;Q969G3;Q12824;Q8TAQ2;O96019;Q6STE5;Q92925;P51531
prerank,Sm complex,0.9538795442213783,2.33735470129322,0.0,0.007751182177155949,0.128,7/7,4.79%,P62318;P62304;P62306;P62308;P14678;P62316;P62314
prerank,"Muscle cell-specific SWI/SNF ATP-dependent chromatin remodeling complex, ACTL6B-ARID1B-SMARCA2 variant",0.8409041850108697,2.3306510899463526,0.0011627906976744186,0.008326639098429628,0.136,10/12,7.72%,P60709;Q92922;Q96GM5;Q969G3;Q12824;Q8TAQ2;Q6STE5;Q92925;O94805;P51531
prerank,"Neural progenitor-specific SWI/SNF ATP-dependent chromatin remodeling complex, ARID1A-SMARCA2 variant",0.8552254484026112,2.3278854964761013,0.0011627906976744186,0.00837351715725679,0.14,10/11,11.83%,P60709;Q92922;Q96GM5;Q969G3;Q12824;Q8TAQ2;O96019;Q6STE5;P51531;O14497
prerank,"Neuron-specific SWI/SNF ATP-dependent chromatin remodeling complex, ARID1A-SMARCA2 variant",0.8249274084006928,2.3110486449191847,0.003444316877152698,0.010036318432213719,0.169,10/12,11.83%,P60709;Q92922;Q96GM5;Q969G3;Q12824;Q8TAQ2;Q6STE5;O94805;P51531;O14497
prerank,U4 small nuclear ribonucleoprotein complex,0.8172511286474284,2.306770859033204,0.002352941176470588,0.010395597814029331,0.174,8/11,10.10%,P62318;P62304;P62306;P62308;P14678;P62316;P62314;P55769
prerank,"Muscle cell-specific SWI/SNF ATP-dependent chromatin remodeling complex, ACTL6A-ARID1B-SMARCA2 variant",0.8427925642350985,2.3055536359067075,0.0,0.010240335397065274,0.176,10/12,7.72%,P60709;Q92922;Q96GM5;Q969G3;Q12824;Q8TAQ2;O96019;Q6STE5;Q92925;P51531
prerank,Integrator core complex,-0.4941341944725607,-2.294931856746872,0.0,0.0005592906917569285,0.046,14/15,37.56%,Q96N11;Q9NVM9;Q9NVR2;Q96SY0;Q75QN2;Q96CB8;Q5TA45;Q9NV88;Q6P9B9;Q9UL03;Q96HW7;Q8N201;Q9H0H0;Q9NVH2
prerank,"Neuron-specific SWI/SNF ATP-dependent chromatin remodeling complex, ARID1B-SMARCA2 variant",0.8179992841565658,2.2833031726571718,0.005807200929152149,0.012646212875049107,0.217,9/12,7.72%,P60709;Q92922;Q96GM5;Q969G3;Q12824;Q8TAQ2;Q6STE5;O94805;P51531
prerank,Multiaminoacyl-tRNA synthetase complex,-0.5673736066385087,-2.2823564149681257,0.0,0.000653856750749646,0.055,10/11,30.03%,Q12904;P54136;Q13155;P41252;P47897;P14868;Q15046;O43324;Q9P2J5;P56192
prerank,"Neural progenitor-specific SWI/SNF ATP-dependent chromatin remodeling complex, ARID1B-SMARCA2 variant",0.8480800600186653,2.2743437152538224,0.0,0.01328894622172056,0.231,9/11,7.72%,P60709;Q92922;Q96GM5;Q969G3;Q12824;Q8TAQ2;O96019;Q6STE5;P51531
prerank,U5 small nuclear ribonucleoprotein complete complex,0.7692629171501133,2.258300409084814,0.005656108597285068,0.014950482390826251,0.256,11/15,13.38%,P62318;P62304;P62306;P62308;P14678;P62316;P62314;Q15029;Q6P2Q9;Q96DI7;URS000075BAAE_9606
prerank,Survival motor neuron complex,-0.6020629750271445,-2.251786937147327,0.0,0.000756817959877431,0.067,9/9,39.97%,Q16637;Q9Y3F4;Q8WXD5;Q9H840;Q9UHI6;P57678;Q8TEQ6;O14893;Q9NWZ8
prerank,U7 small nuclear ribonucleoprotein complex,0.8804201698075802,2.2423451980949247,0.0037128712871287127,0.01652610539657778,0.28,5/8,3.98%,P62318;P62304;P62306;P62308;P14678
prerank,"Brain-specific SWI/SNF ATP-dependent chromatin remodeling complex, ARID1A-SMARCA4 variant",0.8835820895522387,2.217583268587217,0.0,0.017781185323719327,0.301,8/8,11.83%,P60709;Q969G3;Q12824;Q8TAQ2;Q92925;P51532;O94805;O14497
prerank,Major Spliceosomal Pre-B complex,0.6554589349943714,2.2160716103280262,0.007322175732217573,0.017581185450341597,0.303,20/26,27.35%,P62318;P62304;P62306;P62308;P14678;P62316;P62314;URS00006A1489_9606;P09661;P08579;CHEBI:139356;O75533;Q15393;Q9BWJ5;Q13435;Q15427;Q12874;Q7RTV0;Q15459;Q15428
prerank,U2 small nuclear ribonucleoprotein complex,0.675845980731853,2.2071737310117645,0.007502679528403001,0.017803857374142713,0.312,19/23,27.35%,P62318;P62304;P62306;P62308;P14678;P62316;P62314;URS00006A1489_9606;P09661;P08579;O75533;Q15393;Q9BWJ5;Q13435;Q15427;Q12874;Q7RTV0;Q15459;Q15428
prerank,Fanconi anemia ubiquitin ligase complex,-0.6023344191096635,-2.2071209454326914,0.006097560975609756,0.0011562225348321013,0.097,9/9,39.94%,Q00597;Q9HB96;O15360;Q9NW38;Q9NPI8;O15287;Q6NZ36;Q8NB91;Q0VG06
prerank,"DNA-directed RNA polymerase II complex, Pol II(G) variant",0.7230488652222085,2.2031643594137442,0.0033707865168539327,0.01783730082016955,0.317,7/15,13.89%,CHEBI:29105;CHEBI:18420;P19388;P53803;P62875;P61218;P52434
prerank,"Brain-specific SWI/SNF ATP-dependent chromatin remodeling complex, ARID1B-SMARCA4 variant",0.8793761363494451,2.194689947318447,0.0012224938875305623,0.017914228843717957,0.323,7/8,5.61%,P60709;Q969G3;Q12824;Q8TAQ2;Q92925;P51532;O94805
prerank,ZER1-Elongin C-Elongin B E3 ubiquitin ligase complex,0.9714377533625473,2.1894827273935022,0.0,0.01787890605957198,0.328,4/5,2.19%,P62877;Q13617;Q15370;Q15369
prerank,"SCF E3 ubiquitin ligase complex, FBXW8-CUL7 variant",0.9832670573633584,2.187478187115182,0.0,0.017736852999257566,0.328,3/5,0.08%,P62877;P63208;Q13616
prerank,ZYG11B-Elongin C-Elongin B E3 ubiquitin ligase complex,0.9714377533625473,2.1857710815980216,0.0,0.017514463683926635,0.33,4/5,2.19%,P62877;Q13617;Q15370;Q15369
prerank,"Brain-specific SWI/SNF ATP-dependent chromatin remodeling complex, ARID1A-SMARCA2 variant",0.8835820895522389,2.1854306199957634,0.0036991368680641184,0.017257348998196264,0.33,8/8,11.83%,P60709;Q969G3;Q12824;Q8TAQ2;Q92925;O94805;P51531;O14497
prerank,DNA-directed RNA polymerase II complex,0.7333171051214141,2.180703671427341,0.004540295119182747,0.017316762540827767,0.337,7/14,13.89%,CHEBI:29105;CHEBI:18420;P19388;P53803;P62875;P61218;P52434
prerank,KLHDC2-Elongin C-Elongin B E3 ubiquitin ligase complex,0.9714377533625473,2.1718848239659563,0.0,0.01767809531666598,0.352,4/5,2.19%,P62877;Q13617;Q15370;Q15369
prerank,U6 small nuclear ribonucleoprotein complex,-0.5953824288294293,-2.171621977572101,0.0,0.0015173918401512761,0.133,8/9,12.84%,Q15020;Q9Y333;P62312;O95777;Q9UK45;Q9Y4Y9;P62310;Q9Y4Z0
prerank,"CRL4-DCAF15 E3 ubiquitin ligase complex, CUL4B variant ",0.9697377086421333,2.1693739023428487,0.0,0.017569789446160528,0.354,3/5,1.00%,P62877;Q16531;Q13620
prerank,FEB1C-Elongin C-Elongin B E3 ubiquitin ligase complex,0.9714377533625473,2.169173017356015,0.0,0.01732719913327624,0.354,4/5,2.19%,P62877;Q13617;Q15370;Q15369
prerank,VHL-Elongin C-Elongin B E3 ubiquitin ligase complex,0.9714377533625473,2.168494498650308,0.0,0.017111100277872566,0.355,4/5,2.19%,P62877;Q13617;Q15370;Q15369
prerank,KLHDC10-Elongin C-Elongin B E3 ubiquitin ligase complex,0.9714377533625473,2.1622177350579657,0.0,0.017225555798125895,0.362,4/5,2.19%,P62877;Q13617;Q15370;Q15369
prerank,FEM1A-Elongin C-Elongin B E3 ubiquitin ligase complex,0.9714377533625473,2.161006004898785,0.0,0.017054690057176282,0.364,4/5,2.19%,P62877;Q13617;Q15370;Q15369
prerank,"Non-canonical polycomb repressive complex 1.1, RING2-PCGF1-RYBP variant",0.911382327444084,2.1604875588703014,0.002663115845539281,0.016814483154962534,0.364,3/6,1.60%,P63208;Q99496;Q8N488
prerank,LRR1-Elongin C-Elongin B E3 ubiquitin ligase complex,0.9714377533625473,2.1588204421782886,0.0,0.016635791936820552,0.365,4/5,2.19%,P62877;Q13617;Q15370;Q15369
prerank,FEB1B-Elongin C-Elongin B E3 ubiquitin ligase complex,0.9714377533625473,2.1588131853166996,0.0,0.01640790437604219,0.365,4/5,2.19%,P62877;Q13617;Q15370;Q15369
prerank,"CRL4-DCAF15 E3 ubiquitin ligase complex, CUL4A variant ",0.9700088583167537,2.158238258653041,0.0,0.016221749951579816,0.367,3/5,0.97%,P62877;Q16531;Q13619
prerank,APPBP2-Elongin C-Elongin B E3 ubiquitin ligase complex,0.9714377533625473,2.150345899555576,0.0,0.016602154731146103,0.378,4/5,2.19%,P62877;Q13617;Q15370;Q15369
prerank,Mitochondrial respiratory chain complex III,-0.5103633629179094,-2.1501355268009323,0.0,0.00174330349658744,0.158,11/12,31.38%,P07919;P47985-PRO_0000307241;P14927;O14949;P31930;O14957;P47985-PRO_0000030664;P00156;P22695;Q9UDW1;P08574
prerank,"Histone-lysine N-methyltransferase complex, KMT2D variant",0.7920410326551038,2.148369015822597,0.0,0.0165395756734497,0.382,5/10,9.04%,CHEBI:29105;P61964;Q9C005;Q9UBL3;Q15291
prerank,KLHDC3-Elongin C-Elongin B E3 ubiquitin ligase complex,0.9714377533625473,2.1470050311850875,0.0,0.016358964001922126,0.382,4/5,2.19%,P62877;Q13617;Q15370;Q15369
prerank,BTR double Holliday Junction dissolution complex,0.9132911280924325,2.1453106632260583,0.002600780234070221,0.016301107365310555,0.386,2/6,0.30%,CHEBI:29105;CHEBI:18420
prerank,PRAME-Elongin C-Elongin B E3 ubiquitin ligase complex,0.9714377533625473,2.1434983802125447,0.0,0.01616140922058071,0.387,4/5,2.19%,P62877;Q13617;Q15370;Q15369
prerank,DUOX2-DUOXA2 dual oxidase complex,0.9476494820237827,2.140804902198298,0.0,0.016156827377760443,0.391,3/5,0.70%,CHEBI:29108;CHEBI:30413;CHEBI:57692
prerank,"Brain-specific SWI/SNF ATP-dependent chromatin remodeling complex, ARID1B-SMARCA2 variant",0.8607869742198102,2.1398161275958536,0.006134969325153374,0.016054859519979203,0.391,8/8,14.11%,P60709;Q969G3;Q12824;Q8TAQ2;Q92925;O94805;P51531;Q8NFD5
prerank,"Non-canonical polycomb repressive complex 1.1, RING1-PCGF1-YAF2 variant",0.9006681130402803,2.1329477120639697,0.0013003901170351106,0.016308515837071793,0.398,3/6,1.71%,P63208;Q06587;Q8IY57
prerank,"Non-canonical polycomb repressive complex 1.1, RING1-PCGF1-RYBP variant",0.901801393754881,2.132638679602755,0.0013089005235602095,0.01611202769445647,0.398,3/6,1.60%,P63208;Q06587;Q8N488
prerank,DUOX1-DUOXA1 dual oxidase complex,0.9476494820237827,2.1320424002777756,0.0013736263736263737,0.015982895863946904,0.4,3/5,0.70%,CHEBI:29108;CHEBI:30413;CHEBI:57692
prerank,"Non-canonical polycomb repressive complex 1.1, RING2-PCGF1-YAF2 variant",0.9007172537002177,2.1277667358159165,0.001321003963011889,0.016073594650164457,0.407,3/6,1.71%,P63208;Q99496;Q8IY57
prerank,"Histone-lysine N-methyltransferase complex, KMT2C variant",0.7920410326551038,2.127349010622505,0.0012422360248447205,0.015932607682706032,0.407,5/10,9.04%,CHEBI:29105;P61964;Q9C005;Q9UBL3;Q15291
prerank,"Dynein-2 complex, light-chain variant 2",0.8371777476255083,2.1186555523144204,0.002398081534772182,0.016475674803362712,0.417,8/8,16.46%,Q96FJ2;Q9NP97;P63172;Q8NCM8;Q96EX3;Q8WVS4;Q8WW35;Q8TCX1
prerank,"SCF E3 ubiquitin ligase complex, FBXL14 variant",0.9946908053746271,2.111210299426168,0.0,0.016916655956533105,0.427,3/4,0.08%,P62877;P63208;Q13616
prerank,"SCF E3 ubiquitin ligase complex, FBXW12 variant",0.9946908053746271,2.1107454243157124,0.0,0.016726581170504642,0.427,3/4,0.08%,P62877;P63208;Q13616
prerank,"SCF E3 ubiquitin ligase complex, FBXO42 variant",0.9946908053746271,2.110570647488955,0.0,0.016569980012674887,0.429,3/4,0.08%,P62877;P63208;Q13616
prerank,"SCF E3 ubiquitin ligase complex, FBXL22 variant",0.9946908053746271,2.1085800547252944,0.0,0.016546998070909733,0.432,3/4,0.08%,P62877;P63208;Q13616
prerank,Embryonic stem cell-specific SWI/SNF ATP-dependent chromatin remodeling complex,0.739424806665399,2.1081213675329007,0.004530011325028313,0.016410060216320934,0.432,7/13,5.44%,P60709;Q92922;Q96GM5;Q969G3;Q12824;O96019;P51532
prerank,"Dynein-2 complex, light-chain variant 6",0.8371777476255086,2.107789573348044,0.002472187886279357,0.016261914159864006,0.432,8/8,16.46%,Q96FJ2;P63172;Q8TF09;Q8NCM8;Q96EX3;Q8WVS4;Q8WW35;Q8TCX1
prerank,HAUS complex,-0.5902306648575306,-2.1072313508148626,0.0,0.0023506696080985647,0.213,8/8,41.13%,O94927;Q68CZ6;Q9BT25;Q9H6D7;Q99871;Q9NVX0;Q96CS2;Q7Z4H7
prerank,"Dynein-2 complex, light-chain variant 1 ",0.8371777476255085,2.106612478087176,0.00243605359317905,0.016186932832422823,0.434,8/8,16.46%,Q9NP97;P63172;P63167;Q8NCM8;Q96EX3;Q8WVS4;Q8WW35;Q8TCX1
prerank,"SCF E3 ubiquitin ligase complex, FBXL8 variant",0.9946908053746271,2.10148381042214,0.0,0.01640448803967702,0.444,3/4,0.08%,P62877;P63208;Q13616
prerank,"Dynein-2 complex, light-chain variant 3",0.8371777476255086,2.100841221917584,0.0012165450121654502,0.01626102959099108,0.444,8/8,16.46%,Q96FJ2;Q9NP97;P51808;Q8NCM8;Q96EX3;Q8WVS4;Q8WW35;Q8TCX1
prerank,"Dynein-2 complex, light-chain variant 4",0.8371777476255087,2.1002424123144143,0.001215066828675577,0.016093390110671582,0.444,8/8,16.46%,Q9NP97;P63167;P51808;Q8NCM8;Q96EX3;Q8WVS4;Q8WW35;Q8TCX1
prerank,"SCF E3 ubiquitin ligase complex, FBXW2 variant",0.9946908053746271,2.099285265692271,0.0,0.016036619883657652,0.448,3/4,0.08%,P62877;P63208;Q13616
prerank,"SCF E3 ubiquitin ligase complex, FBXL3 variant",0.9946908053746271,2.0987707770977666,0.0,0.015927815177071748,0.45,3/4,0.08%,P62877;P63208;Q13616
prerank,"SCF E3 ubiquitin ligase complex, FBXW9 variant",0.9946908053746271,2.0986185453935144,0.0,0.015768537025301028,0.45,3/4,0.08%,P62877;P63208;Q13616
prerank,"Dynein-2 complex, light-chain variant 5",0.8371777476255088,2.0981608296050474,0.002484472049689441,0.015612412896337653,0.45,8/8,16.46%,P63172;P63167;Q8TF09;Q8NCM8;Q96EX3;Q8WVS4;Q8WW35;Q8TCX1
prerank,"Dynein-2 complex, light-chain variant 7",0.8371777476255085,2.0962197398271343,0.0024783147459727386,0.015652914507586293,0.455,8/8,16.46%,Q96FJ2;P51808;Q8TF09;Q8NCM8;Q96EX3;Q8WVS4;Q8WW35;Q8TCX1
prerank,"SCF E3 ubiquitin ligase complex, FBXO2 variant",0.9946908053746271,2.0942644268324804,0.0,0.015590397564603833,0.457,3/4,0.08%,P62877;P63208;Q13616
prerank,"SCF E3 ubiquitin ligase complex, FBXW5 variant",0.9946908053746271,2.0942251512410315,0.0,0.015440489895713415,0.457,3/4,0.08%,P62877;P63208;Q13616
prerank,"SCF E3 ubiquitin ligase complex, FBXO41 variant",0.9946908053746271,2.092402963815507,0.0,0.015456400470781596,0.46,3/4,0.08%,P62877;P63208;Q13616
prerank,"SCF E3 ubiquitin ligase complex, FBXW11 variant",0.9946908053746271,2.0917921405371875,0.0,0.015372672092892774,0.461,3/4,0.08%,P62877;P63208;Q13616
prerank,"SCF E3 ubiquitin ligase complex, FBXL18 variant",0.9946908053746271,2.0903858598964082,0.0,0.015265906142947417,0.464,3/4,0.08%,P62877;P63208;Q13616
prerank,"Dynein-2 complex, light-chain variant 8",0.8371777476255087,2.090124701175314,0.0024783147459727386,0.015161117340223273,0.465,8/8,16.46%,P63167;P51808;Q8TF09;Q8NCM8;Q96EX3;Q8WVS4;Q8WW35;Q8TCX1
prerank,"SCF E3 ubiquitin ligase complex, FBXO5 variant",0.9946908053746271,2.089301107810535,0.0,0.015082402432648441,0.465,3/4,0.08%,P62877;P63208;Q13616
prerank,"SCF E3 ubiquitin ligase complex, FBXL2 variant",0.9946908053746271,2.0884503489050292,0.0,0.01502905031399157,0.467,3/4,0.08%,P62877;P63208;Q13616
prerank,"SCF E3 ubiquitin ligase complex, FBXO25 variant",0.9946908053746271,2.087789775172669,0.0,0.01495294348606882,0.468,3/4,0.08%,P62877;P63208;Q13616
prerank,"Histone-lysine N-methyltransferase complex, KMT2B variant",0.788082142612994,2.0870559765295447,0.0037593984962406013,0.014913452096579868,0.471,6/9,11.89%,CHEBI:29105;P61964;Q9C005;Q9UBL3;Q15291;P51610
prerank,"SCF E3 ubiquitin ligase complex, FBXL5 variant",0.9946908053746271,2.0869319251023697,0.0,0.014781474644397745,0.471,3/4,0.08%,P62877;P63208;Q13616
prerank,"SCF E3 ubiquitin ligase complex, FBXO17 variant",0.9946908053746271,2.0867645486334125,0.0,0.014674904489322559,0.472,3/4,0.08%,P62877;P63208;Q13616
prerank,"SCF E3 ubiquitin ligase complex, TSPAN17 variant",0.9946908053746271,2.0861941540381266,0.0,0.014604524384324679,0.473,3/4,0.08%,P62877;P63208;Q13616
prerank,"SCF E3 ubiquitin ligase complex, FBXO32 variant",0.9946908053746271,2.0850835762477726,0.0,0.014558051496359753,0.475,3/4,0.08%,P62877;P63208;Q13616
prerank,"SCF E3 ubiquitin ligase complex, FBXO16 variant",0.9946908053746271,2.083909855874089,0.0,0.01456862252455291,0.478,3/4,0.08%,P62877;P63208;Q13616
prerank,"SCF E3 ubiquitin ligase complex, FBXO33 variant",0.9946908053746271,2.083799149053391,0.0,0.01447862331204602,0.478,3/4,0.08%,P62877;P63208;Q13616
prerank,"SCF E3 ubiquitin ligase complex, FBXO6 variant",0.9946908053746271,2.0821984344526157,0.0,0.01447862331204602,0.481,3/4,0.08%,P62877;P63208;Q13616
prerank,"SCF E3 ubiquitin ligase complex, FBXO24 variant",0.9946908053746271,2.0810920278801546,0.0,0.014423780041924633,0.482,3/4,0.08%,P62877;P63208;Q13616
prerank,BBSome complex,-0.5877883310719132,-2.080124994631334,0.004672897196261682,0.003064312985488153,0.275,8/8,41.38%,Q8NFJ9;Q9BXC9;Q8IWZ6;Q96RK4;Q3SYG4;Q8N3I7;Q8TAM2;A8MTZ0
prerank,"SCF E3 ubiquitin ligase complex, SKP2 variant",0.9946908053746271,2.079736159511562,0.0,0.014424233292090924,0.484,3/4,0.08%,P62877;P63208;Q13616
prerank,"SCF E3 ubiquitin ligase complex, FBXO40 variant",0.9946908053746271,2.0795151278075266,0.0,0.01432757955171171,0.484,3/4,0.08%,P62877;P63208;Q13616
prerank,"SCF E3 ubiquitin ligase complex, FBXO36 variant",0.9946908053746271,2.0793357863342505,0.0,0.01422179629098977,0.484,3/4,0.08%,P62877;P63208;Q13616
prerank,"SCF E3 ubiquitin ligase complex, FBXL7 variant",0.9946908053746271,2.079165955956858,0.0,0.014107104385417273,0.484,3/4,0.08%,P62877;P63208;Q13616
prerank,"SCF E3 ubiquitin ligase complex, FBXO4 variant",0.9946908053746271,2.078592909722411,0.0,0.014025837273923853,0.484,3/4,0.08%,P62877;P63208;Q13616
prerank,"SCF E3 ubiquitin ligase complex, FBXO28 variant",0.9946908053746271,2.07829143423318,0.0,0.013945860116581122,0.485,3/4,0.08%,P62877;P63208;Q13616
prerank,"SCF E3 ubiquitin ligase complex, FBXO21 variant",0.9946908053746271,2.077622297780301,0.0,0.013877506524573814,0.485,3/4,0.08%,P62877;P63208;Q13616
prerank,"SCF E3 ubiquitin ligase complex, FBXO34 variant",0.9946908053746271,2.0775332006700458,0.0,0.01376908850485058,0.485,3/4,0.08%,P62877;P63208;Q13616
prerank,"SCF E3 ubiquitin ligase complex, FBXL15 variant",0.9946908053746271,2.0774185215531995,0.0,0.013662351384657942,0.485,3/4,0.08%,P62877;P63208;Q13616
prerank,"SCF E3 ubiquitin ligase complex, FBXO10 variant",0.9946908053746271,2.0771879281986587,0.0,0.013567381285413753,0.485,3/4,0.08%,P62877;P63208;Q13616
prerank,"Histone-lysine N-methyltransferase complex, KMT2A variant",0.788082142612994,2.077164142711754,0.0037546933667083854,0.013473861111348863,0.485,6/9,11.89%,CHEBI:29105;P61964;Q9C005;Q9UBL3;Q15291;P51610
prerank,"SCF E3 ubiquitin ligase complex, FBXO47 variant",0.9946908053746271,2.076953769842261,0.0,0.013391729413276725,0.485,3/4,0.08%,P62877;P63208;Q13616
prerank,"CRL4-DCAF4 E3 ubiquitin ligase complex, CUL4B variant ",0.9801626856252218,2.076044754408695,0.0,0.013350418898120357,0.488,3/4,1.00%,P62877;Q16531;Q13620
prerank,"SCF E3 ubiquitin ligase complex, BTRC variant",0.9946908053746271,2.0757942286408437,0.0,0.013280256932080202,0.489,3/4,0.08%,P62877;P63208;Q13616
prerank,"SCF E3 ubiquitin ligase complex, FBXL20 variant",0.9946908053746271,2.074223925837423,0.0,0.013347633208209428,0.496,3/4,0.08%,P62877;P63208;Q13616
prerank,"CRL4-DCAF11 E3 ubiquitin ligase complex, CUL4B variant ",0.9801626856252218,2.074188578986491,0.0,0.013249488846384359,0.496,3/4,1.00%,P62877;Q16531;Q13620
prerank,"SCF E3 ubiquitin ligase complex, FBXO38 variant",0.9946908053746271,2.0737468343747594,0.0,0.013191207569634496,0.498,3/4,0.08%,P62877;P63208;Q13616
prerank,"CRL4-DCAF1 E3 ubiquitin ligase complex, CUL4B variant ",0.9801626856252218,2.0730273581791248,0.0,0.013143308909090524,0.499,3/4,1.00%,P62877;Q16531;Q13620
prerank,"SCF E3 ubiquitin ligase complex, FBXL21 variant",0.9946908053746271,2.072419987388604,0.0,0.01307716075469951,0.501,3/4,0.08%,P62877;P63208;Q13616
prerank,"SCF E3 ubiquitin ligase complex, FBXO31 variant",0.9946908053746271,2.0717804540490024,0.0,0.013011957573942657,0.501,3/4,0.08%,P62877;P63208;Q13616
prerank,"SCF E3 ubiquitin ligase complex, FBXO22 variant",0.9946908053746271,2.0710725299782213,0.0,0.013003689409207032,0.506,3/4,0.08%,P62877;P63208;Q13616
prerank,"SCF E3 ubiquitin ligase complex, FBXO39 variant",0.9946908053746271,2.0710226347551064,0.0,0.012912114131677406,0.506,3/4,0.08%,P62877;P63208;Q13616
prerank,"SCF E3 ubiquitin ligase complex, FBXO27 variant",0.9946908053746271,2.0704963467843394,0.0,0.01285863748692199,0.508,3/4,0.08%,P62877;P63208;Q13616
prerank,"SCF E3 ubiquitin ligase complex, FBXO7 variant",0.9946908053746271,2.069599844714558,0.0,0.012842465753424657,0.512,3/4,0.08%,P62877;P63208;Q13616
prerank,"CRL4-DCAF16 E3 ubiquitin ligase complex, CUL4B variant ",0.9801626856252218,2.0693530154418447,0.0,0.012772052037648118,0.513,3/4,1.00%,P62877;Q16531;Q13620
prerank,"SCF E3 ubiquitin ligase complex, FBXO3 variant",0.9946908053746271,2.0684217211931153,0.0,0.012774725549918563,0.515,3/4,0.08%,P62877;P63208;Q13616
prerank,"SCF E3 ubiquitin ligase complex, FBXO11 variant",0.9946908053746271,2.0683344540425868,0.0,0.012687822655021157,0.515,3/4,0.08%,P62877;P63208;Q13616
prerank,"SCF E3 ubiquitin ligase complex, FBXL6 variant",0.9946908053746271,2.0681533714812494,0.0,0.012610987626831237,0.515,3/4,0.08%,P62877;P63208;Q13616
prerank,"SCF E3 ubiquitin ligase complex, CCNF variant",0.9946908053746271,2.067462338813589,0.0,0.012605854463874112,0.516,3/4,0.08%,P62877;P63208;Q13616
prerank,"SCF E3 ubiquitin ligase complex, FBXO46 variant",0.9946908053746271,2.066970203115017,0.0,0.012530590357334373,0.516,3/4,0.08%,P62877;P63208;Q13616
prerank,"SCF E3 ubiquitin ligase complex, FBXO44 variant",0.9946908053746271,2.0668401050094167,0.0,0.012456323126377941,0.517,3/4,0.08%,P62877;P63208;Q13616
prerank,"SCF E3 ubiquitin ligase complex, FBXO8 variant",0.9946908053746271,2.0665805857509576,0.0,0.012391692559532208,0.518,3/4,0.08%,P62877;P63208;Q13616
prerank,"SCF E3 ubiquitin ligase complex, KDM2A variant",0.9946908053746271,2.065167526024182,0.0,0.012405332629810077,0.521,3/4,0.08%,P62877;P63208;Q13616
prerank,"SCF E3 ubiquitin ligase complex, FBXL17 variant",0.9946908053746271,2.064757539621612,0.0,0.0123589665343675,0.521,3/4,0.08%,P62877;P63208;Q13616
prerank,"SCF E3 ubiquitin ligase complex, KDM2B variant",0.9863305332913964,2.0644184753079493,0.0,0.012287723127583925,0.521,3/4,0.08%,P62877;P63208;Q13616
prerank,"SCF E3 ubiquitin ligase complex, FBXL4 variant",0.9946908053746271,2.0642607427996693,0.0,0.012225830523982914,0.522,3/4,0.08%,P62877;P63208;Q13616
prerank,"SCF E3 ubiquitin ligase complex, FBXO15 variant",0.9946908053746271,2.0636719761800517,0.0,0.012198261099610282,0.523,3/4,0.08%,P62877;P63208;Q13616
prerank,"SCF E3 ubiquitin ligase complex, FBXW7 variant",0.9946908053746271,2.0613185153470344,0.0,0.012254346888388777,0.529,3/4,0.08%,P62877;P63208;Q13616
prerank,Chaperonin-containing T-complex,-0.5872455902306649,-2.0612290552816583,0.0053475935828877,0.0034374183467981386,0.307,8/8,41.43%,P50990;Q99832;P40227;P48643;P78371;P17987;P49368;P50991
prerank,"SCF E3 ubiquitin ligase complex, FBXL12 variant",0.9946908053746271,2.059907698047745,0.0,0.012243501359929139,0.532,3/4,0.08%,P62877;P63208;Q13616
prerank,"SCF E3 ubiquitin ligase complex, FBXO30 variant",0.9946908053746271,2.059684424500246,0.0,0.012166979476429581,0.532,3/4,0.08%,P62877;P63208;Q13616
prerank,"CRL4-DCAF6 E3 ubiquitin ligase complex, CUL4B variant ",0.9801626856252218,2.0587788906258955,0.0,0.012132285146852792,0.534,3/4,1.00%,P62877;Q16531;Q13620
prerank,"SCF E3 ubiquitin ligase complex, FBXL19 variant",0.9946908053746271,2.0586892793664733,0.0,0.012057394497798146,0.534,3/4,0.08%,P62877;P63208;Q13616
prerank,"CRL4-CRBN E3 ubiquitin ligase complex, CUL4B variant ",0.9801626856252218,2.0584818524830535,0.0,0.01199149783513014,0.534,3/4,1.00%,P62877;Q16531;Q13620
prerank,"SCF E3 ubiquitin ligase complex, FBXW10 variant",0.9946908053746271,2.0565826677727013,0.0,0.012054818300827674,0.536,3/4,0.08%,P62877;P63208;Q13616
prerank,"CRL4-DCAF9 E3 ubiquitin ligase complex, CUL4B variant ",0.9801626856252218,2.053722305153598,0.0,0.012085462434021884,0.538,3/4,1.00%,P62877;Q16531;Q13620
prerank,"DNA-directed RNA polymerase III complex, POLR3G variant",0.6526340716516058,2.053161621878276,0.013993541442411194,0.012076091623354922,0.54,7/19,13.89%,CHEBI:29105;CHEBI:18420;P19388;P53803;P62875;P61218;P52434
prerank,"SCF E3 ubiquitin ligase complex, FBXL13 variant",0.9890105227094964,2.0527874106731527,0.0,0.01201954303259128,0.54,3/4,0.08%,P62877;P63208;Q13616
prerank,"CRL4-DCAF4 E3 ubiquitin ligase complex, CUL4A variant ",0.9804337617976262,2.0527412221712478,0.0,0.011947998133587759,0.54,3/4,0.97%,P62877;Q16531;Q13619
prerank,"SCF E3 ubiquitin ligase complex, FBXO43 variant",0.9946908053746271,2.052408196458169,0.0,0.011885088313169567,0.54,3/4,0.08%,P62877;P63208;Q13616
prerank,MBD3/NuRD nucleosome remodeling and deacetylase complex,0.7225726779972518,2.0523959320597838,0.009259259259259259,0.011815176028974453,0.54,4/12,2.41%,Q09028;Q16576;Q92769;Q13547
prerank,"SCF E3 ubiquitin ligase complex, FBH1 variant",0.9946908053746271,2.052280988490473,0.0,0.011753778733383452,0.54,3/4,0.08%,P62877;P63208;Q13616
prerank,"SCF E3 ubiquitin ligase complex, FBXO9 variant",0.9946908053746271,2.051858400225752,0.0,0.011723705557111259,0.541,3/4,0.08%,P62877;P63208;Q13616
prerank,"DNA-directed RNA polymerase III complex, POLR3GL variant",0.6526340716516058,2.051184657251623,0.014023732470334413,0.011701588362546913,0.541,7/19,13.89%,CHEBI:29105;CHEBI:18420;P19388;P53803;P62875;P61218;P52434
prerank,MBD2/NuRD nucleosome remodeling and deacetylase complex,0.7225726779972518,2.051129696685004,0.009205983889528193,0.011641902443698445,0.542,4/12,2.41%,Q09028;Q16576;Q92769;Q13547
prerank,"GABA-A receptor, alpha1-beta2-beta3-gamma2",0.9737056112767687,2.0495960889701896,0.0,0.011673155002750868,0.545,4/4,2.73%,P18507;P28472;P47870;P14867
prerank,"Cav1.1 voltage-gated calcium channel complex, CACNA2D4-CACNB4-CACNG1 variant",0.9023861171366595,2.048323015105197,0.0027662517289073307,0.011681616535855312,0.547,5/5,9.88%,Q06432;Q13698;Q7Z3S7-PRO_0000304656;O00305;Q7Z3S7-PRO_0000304657
prerank,"SCF E3 ubiquitin ligase complex, FBXW4 variant",0.9946908053746271,2.0480534733078963,0.0,0.011637927829148444,0.547,3/4,0.08%,P62877;P63208;Q13616
prerank,Calprotectin heterodimer,0.9089813732204077,2.047325414815643,0.001402524544179523,0.011588781279728047,0.551,3/5,0.92%,CHEBI:29105;CHEBI:29108;CHEBI:29035
prerank,Calprotectin heterotetramer,0.9089813732204077,2.047325414815643,0.001402524544179523,0.011588781279728047,0.551,3/5,0.92%,CHEBI:29105;CHEBI:29108;CHEBI:29035
prerank,"CRL4-DCAF8 E3 ubiquitin ligase complex, CUL4B variant ",0.9801626856252218,2.0471796819040367,0.0,0.011524399161507336,0.551,3/4,1.00%,P62877;Q16531;Q13620
prerank,"CRL4-DCAF1 E3 ubiquitin ligase complex, CUL4A variant ",0.9804337617976262,2.046704861848566,0.0,0.011475272519542248,0.551,3/4,0.97%,P62877;Q16531;Q13619
prerank,"CRL4-ERCC8 E3 ubiquitin ligase complex, CUL4B variant",0.9801626856252218,2.0464885920868245,0.0,0.011419453651209123,0.551,3/4,1.00%,P62877;Q16531;Q13620
prerank,U4/U6.U5 small nuclear ribonucleoprotein complex,0.585139281375663,2.0455873975762997,0.008221993833504625,0.011393015065216538,0.553,12/32,10.10%,P62318;P62304;P62306;P62308;P14678;P62316;P62314;URS00006767A8_9606;Q15029;Q6P2Q9;Q96DI7;P55769
prerank,"CRL4-DCAF5 E3 ubiquitin ligase complex, CUL4B variant ",0.9801626856252218,2.044594945331672,0.0,0.011431245085301156,0.561,3/4,1.00%,P62877;Q16531;Q13620
prerank,DNA-directed RNA polymerase I complex,0.6964551995576443,2.043114632488335,0.005656108597285068,0.011447717400040318,0.566,6/14,13.89%,CHEBI:29105;P19388;P53803;P62875;P61218;P52434
prerank,"CRL4-DCAF8 E3 ubiquitin ligase complex, CUL4A variant ",0.9804337617976262,2.042795256418986,0.0,0.01140740018524838,0.569,3/4,0.97%,P62877;Q16531;Q13619
prerank,"CRL4-DDB2 E3 ubiquitin ligase complex, CUL4B variant ",0.975851896040243,2.042350898827622,0.0,0.011360475462149867,0.57,3/4,1.00%,P62877;Q16531;Q13620
prerank,"CRL4-DCAF12 E3 ubiquitin ligase complex, CUL4B variant ",0.9801626856252218,2.0423421560874497,0.0,0.011300047401180985,0.57,3/4,1.00%,P62877;Q16531;Q13620
prerank,"CRL4-CRBN E3 ubiquitin ligase complex, CUL4A variant ",0.9804337617976262,2.0414778197138315,0.0,0.011316865263143234,0.571,3/4,0.97%,P62877;Q16531;Q13619
prerank,"CRL4-DCAF12 E3 ubiquitin ligase complex, CUL4A variant ",0.9804337617976262,2.041072350061201,0.0,0.011305795811128758,0.571,3/4,0.97%,P62877;Q16531;Q13619
prerank,"SCF E3 ubiquitin ligase complex, FBXL16 variant",0.9946908053746271,2.040040835843301,0.0,0.01128795096864892,0.574,3/4,0.08%,P62877;P63208;Q13616
prerank,"CRL4-AMBRA1 E3 ubiquitin ligase complex, CUL4B variant ",0.9801626856252218,2.039874712710203,0.0,0.011236014966119047,0.575,3/4,1.00%,P62877;Q16531;Q13620
prerank,"Calcineurin-Calmodulin-AKAP5 complex, beta-R1 variant",0.857211673958205,2.0373742570956326,0.0,0.011327834819269165,0.583,3/6,1.81%,CHEBI:29105;CHEBI:29108;CHEBI:29034
prerank,"CRL4-ERCC8 E3 ubiquitin ligase complex, CUL4A variant ",0.9804337617976262,2.03644374985099,0.0,0.011289798121482932,0.584,3/4,0.97%,P62877;Q16531;Q13619
prerank,"SCF E3 ubiquitin ligase complex, LMO7 variant",0.9946908053746271,2.0362438956532642,0.0,0.011245401602735976,0.585,3/4,0.08%,P62877;P63208;Q13616
prerank,"CRL4-DCAF14 E3 ubiquitin ligase complex, CUL4B variant ",0.9801626856252218,2.0351955521024383,0.0,0.011248466626937422,0.587,3/4,1.00%,P62877;Q16531;Q13620
prerank,"CRL4-DCAF13 E3 ubiquitin ligase complex, CUL4B variant ",0.9735535910711011,2.0338151266069877,0.0,0.011238137706904202,0.59,3/4,1.00%,P62877;Q16531;Q13620
prerank,"GABA-A receptor, alpha1-alpha2-beta2-beta3-gamma2",0.9170281995661603,2.032739779092719,0.0027359781121751026,0.011241208457607815,0.592,5/5,8.42%,P18507;P28472;P47870;P14867;P47869
prerank,"CRL4-DCAF10 E3 ubiquitin ligase complex, CUL4B variant ",0.9801626856252218,2.0320697457083288,0.0,0.01121779129156238,0.593,3/4,1.00%,P62877;Q16531;Q13620
prerank,"Cav1.1 voltage-gated calcium channel complex, CACNA2D3-CACNB4-CACNG1 variant",0.9021149674620391,2.03196449026163,0.0027397260273972603,0.011181445912348266,0.594,5/5,9.91%,Q06432;Q13698;Q8IZS8-PRO_0000304647;O00305;Q8IZS8-PRO_0000304648
prerank,"CRL4-DCAF9 E3 ubiquitin ligase complex, CUL4A variant ",0.9804337617976262,2.0287105837865513,0.0,0.011269882731809679,0.598,3/4,0.97%,P62877;Q16531;Q13619
prerank,"CRL3 E3 ubiquitin ligase complex, KBTBD6-KBTBD7 variant",0.9827240764530343,2.0278385164758284,0.0,0.011272735521980024,0.601,2/4,0.14%,P62877;Q13618
prerank,"CRL4-DCAF16 E3 ubiquitin ligase complex, CUL4A variant ",0.9804337617976262,2.0258756280588885,0.0,0.011359851340217029,0.606,3/4,0.97%,P62877;Q16531;Q13619
prerank,"CRL4-CDT2 E3 ubiquitin ligase complex, CUL4B variant ",0.9801626856252218,2.025170924052349,0.0,0.011368687288692106,0.608,3/4,1.00%,P62877;Q16531;Q13620
prerank,"Calcineurin-Calmodulin-AKAP5 complex, gamma-R1 variant",0.857211673958205,2.0238892070729593,0.0025974025974025974,0.011409540410423847,0.611,3/6,1.81%,CHEBI:29105;CHEBI:29108;CHEBI:29034
prerank,"CRL3 E3 ubiquitin ligase complex, SPOP-SPOPL variant",0.975476158552468,2.02366982613443,0.0,0.01136693330632386,0.611,2/4,0.14%,P62877;Q13618
prerank,"Cav1.1 voltage-gated calcium channel complex, CACNA2D1-CACNB1-CACNG1 variant",0.903470715835141,2.021636862337368,0.0013850415512465374,0.011432834745304673,0.616,5/5,9.78%,Q06432;Q13698;P54289-PRO_0000005002;P54289-PRO_0000005001;Q02641
prerank,"Calcineurin-Calmodulin complex, beta-R1 variant",0.8993416356379971,2.0207140644479367,0.0,0.011441149889938464,0.618,3/5,1.81%,CHEBI:29105;CHEBI:29108;CHEBI:29034
prerank,"CRL4-AMBRA1 E3 ubiquitin ligase complex, CUL4A variant ",0.9804337617976262,2.0199814839004118,0.0,0.011449385463810207,0.619,3/4,0.97%,P62877;Q16531;Q13619
prerank,MRN double-strand break repair complex,0.9206716509067523,2.0195563469793862,0.0028208744710860366,0.01140740018524838,0.619,2/5,0.92%,CHEBI:29105;CHEBI:29035
prerank,"CRL4-DCAF11 E3 ubiquitin ligase complex, CUL4A variant ",0.9804337617976262,2.019220677000217,0.0,0.011378289065563095,0.621,3/4,0.97%,P62877;Q16531;Q13619
prerank,"CRL4-DCAF7 E3 ubiquitin ligase complex, CUL4B variant ",0.9801626856252218,2.0179812270308988,0.0,0.011392913283706882,0.626,3/4,1.00%,P62877;Q16531;Q13620
prerank,"Calcineurin-Calmodulin-AKAP5 complex, beta-R2 variant",0.857211673958205,2.01711217755578,0.001321003963011889,0.011382682091672544,0.626,3/6,1.81%,CHEBI:29105;CHEBI:29108;CHEBI:29034
prerank,"Cav1.1 voltage-gated calcium channel complex, CACNA2D2-CACNB4-CACNG1 variant",0.9018438177874186,2.0155073932491065,0.0013623978201634877,0.011446354283652356,0.626,5/5,9.94%,Q06432;Q13698;O00305;Q9NY47-PRO_0000304639;Q9NY47-PRO_0000304637
prerank,"CRL4-DCAF5 E3 ubiquitin ligase complex, CUL4A variant ",0.9804337617976262,2.014150604810945,0.0,0.011454335821073193,0.627,3/4,0.97%,P62877;Q16531;Q13619
prerank,"CRL4-DCAF17 E3 ubiquitin ligase complex, CUL4B variant ",0.9801626856252218,2.012837952098688,0.0,0.011480524545410228,0.631,3/4,1.00%,P62877;Q16531;Q13620
prerank,NALCN channelosome complex,-0.8332881539712659,-2.0107336593784453,0.003125,0.005512721872156106,0.447,4/4,16.79%,B1AL88;Q8IZF0;Q9P2D8;Q8N2C7
prerank,"CRL4-DDB2 E3 ubiquitin ligase complex, CUL4A variant ",0.9761229722126474,2.0101941731798414,0.0,0.011621718586460064,0.639,3/4,0.97%,P62877;Q16531;Q13619
prerank,"Cav1.1 voltage-gated calcium channel complex, CACNA2D1-CACNB4-CACNG1 variant",0.9037418655097614,2.0100132314841304,0.001379310344827586,0.011586521324360432,0.639,5/5,9.75%,Q06432;Q13698;P54289-PRO_0000005002;P54289-PRO_0000005001;O00305
prerank,"Cav1.1 voltage-gated calcium channel complex, CACNA2D2-CACNB2-CACNG1 variant",0.9018438177874186,2.0096124926367294,0.0027624309392265192,0.011575686383977017,0.641,5/5,9.94%,Q06432;Q13698;Q08289;Q9NY47-PRO_0000304639;Q9NY47-PRO_0000304637
prerank,"CRL4-DCAF17 E3 ubiquitin ligase complex, CUL4A variant ",0.9804337617976262,2.009591972011447,0.0,0.011523069627686212,0.641,3/4,0.97%,P62877;Q16531;Q13619
prerank,"Polycomb repressive complex 2.1, EZH2-RBBP4-PCL2-EPOP variant",0.8626079103148626,2.0094455990965576,0.005128205128205128,0.01148284070161445,0.641,5/6,6.77%,Q09028;Q15022;O75530;Q15910;A6NHQ4
prerank,"CRL4-DCAF14 E3 ubiquitin ligase complex, CUL4A variant ",0.9804337617976262,2.0090346297233124,0.0,0.011478548211351799,0.642,3/4,0.97%,P62877;Q16531;Q13619
prerank,"Polycomb repressive complex 2.1, EZH2-RBBP7-PCL2-EPOP variant",0.8571707189519844,2.008739969711275,0.003911342894393742,0.01143887973043016,0.643,5/6,6.77%,Q15022;O75530;Q16576;Q15910;A6NHQ4
prerank,"Polycomb repressive complex 2.1, EZH1-RBBP4-PCL2-EPOP variant",0.8626079103148626,2.008026958568387,0.005161290322580645,0.011434821820309074,0.646,5/6,6.77%,Q09028;Q15022;O75530;Q92800;A6NHQ4
prerank,"CRL4-CDT2 E3 ubiquitin ligase complex, CUL4A variant ",0.9804337617976262,2.007488837489822,0.0,0.011442499878126065,0.649,3/4,0.97%,P62877;Q16531;Q13619
prerank,"CRL4-DCAF10 E3 ubiquitin ligase complex, CUL4A variant ",0.9804337617976262,2.006848035662531,0.0,0.011438461860361375,0.652,3/4,0.97%,P62877;Q16531;Q13619
prerank,"Cav1.1 voltage-gated calcium channel complex, CACNA2D4-CACNB2-CACNG1 variant",0.9023861171366595,2.0058112584784356,0.004297994269340974,0.01147504827174172,0.653,5/5,9.88%,Q06432;Q13698;Q7Z3S7-PRO_0000304656;Q08289;Q7Z3S7-PRO_0000304657
prerank,"CRL4-DCAF6 E3 ubiquitin ligase complex, CUL4A variant ",0.9804337617976262,2.004873338168798,0.0,0.011476675894875393,0.656,3/4,0.97%,P62877;Q16531;Q13619
prerank,"CRL4-DCAF13 E3 ubiquitin ligase complex, CUL4A variant ",0.9738246672435055,2.0044080911026954,0.0,0.011478289302959865,0.66,3/4,0.97%,P62877;Q16531;Q13619
prerank,"Calcineurin-Calmodulin complex, beta-R2 variant",0.8993416356379971,2.0033364302005334,0.0013850415512465374,0.011542839217548149,0.667,3/5,1.81%,CHEBI:29105;CHEBI:29108;CHEBI:29034
prerank,"Cav1.1 voltage-gated calcium channel complex, CACNA2D1-CACNB2-CACNG1 variant",0.9031995661605207,2.0029703261128833,0.0027816411682892906,0.011527058229149584,0.669,5/5,9.80%,Q06432;Q13698;P54289-PRO_0000005002;P54289-PRO_0000005001;Q08289
prerank,"Polycomb repressive complex 2.1, EZH1-RBBP7-PCL3-PALI1 variant",0.8574419421686917,2.0029067860812186,0.002512562814070352,0.011488719516807678,0.67,5/6,6.74%,Q15022;O75530;Q16576;Q92800;Q96JN0
prerank,"Cav1.1 voltage-gated calcium channel complex, CACNA2D4-CACNB1-CACNG1 variant",0.9023861171366595,2.002708380359609,0.002881844380403458,0.011462008076528045,0.67,5/5,9.88%,Q06432;Q13698;Q7Z3S7-PRO_0000304656;Q02641;Q7Z3S7-PRO_0000304657
prerank,"Polycomb repressive complex 2.1,EZH2-RBBP7-PCL2-PALI1 variant",0.8574419421686917,2.002235923321327,0.002577319587628866,0.011446774840720144,0.671,5/6,6.74%,Q15022;O75530;Q16576;Q15910;Q96JN0
prerank,"Cav1.1 voltage-gated calcium channel complex, CACNA2D2-CACNB1-CACNG1 variant",0.9018438177874186,2.0020323767940496,0.001402524544179523,0.011409267190188683,0.671,5/5,9.94%,Q06432;Q13698;Q02641;Q9NY47-PRO_0000304639;Q9NY47-PRO_0000304637
prerank,"Polycomb repressive complex 2.1, EZH1-RBBP7-PCL2-EPOP variant",0.8571707189519844,2.0020279988182734,0.003926701570680628,0.011360922837687883,0.671,5/6,6.77%,Q15022;O75530;Q16576;Q92800;A6NHQ4
prerank,"Cav1.1 voltage-gated calcium channel complex, CACNA2D2-CACNB3-CACNG1 variant",0.9018438177874186,2.001931025750892,0.0013908205841446453,0.011318540203279551,0.671,5/5,9.94%,Q06432;Q13698;P54284;Q9NY47-PRO_0000304639;Q9NY47-PRO_0000304637
prerank,"Polycomb repressive complex 2.1, EZH1-RBBP4-PCL2-PALI1 variant",0.86287913353157,2.0018567823897664,0.005161290322580645,0.011276513725462884,0.671,5/6,6.74%,Q09028;Q15022;O75530;Q92800;Q96JN0
prerank,"Dynein-1 complex, variant 11",0.8437754271765663,2.0003931255334195,0.003896103896103896,0.01136701350934309,0.676,6/6,15.76%,Q14204;Q96FJ2;Q9NP97;P63172;Q13409;O43237
prerank,"Calcineurin-Calmodulin-AKAP5 complex, alpha-R1 variant",0.857211673958205,2.0002633044146623,0.0,0.011336103934090578,0.677,3/6,1.81%,CHEBI:29105;CHEBI:29108;CHEBI:29034
prerank,"Polycomb repressive complex 2.1, EZH2-RBBP4-PCL2-PALI1 variant",0.86287913353157,1.999885803768875,0.0038560411311053984,0.01131091244030453,0.678,5/6,6.74%,Q09028;Q15022;O75530;Q15910;Q96JN0
prerank,"Polycomb repressive complex 2.1, EZH2-RBBP7-PCL1-PALI1 variant",0.8574419421686917,1.9992212641359564,0.003778337531486146,0.011318563152655059,0.679,5/6,6.74%,Q15022;O75530;Q16576;Q15910;Q96JN0
prerank,"Calcineurin-Calmodulin-AKAP5 complex, gamma-R2 variant",0.857211673958205,1.9991729371845128,0.0026702269692923898,0.011277401322738427,0.679,3/6,1.81%,CHEBI:29105;CHEBI:29108;CHEBI:29034
prerank,Major Spliceosomal B complex,0.5445169319900348,1.9988424726407417,0.00911854103343465,0.01125276014490611,0.679,19/45,12.94%,P62318;P62304;P62306;P62308;P14678;P62316;P62314;URS00006767A8_9606;Q15029;Q6P2Q9;Q96DI7;URS00006A1489_9606;P09661;P08579;P55769;CHEBI:139356;O75533;Q15393;Q9BWJ5
prerank,"Calcineurin-Calmodulin complex, alpha-R1 variant",0.8993416356379971,1.9985006382432013,0.0,0.011217575315603743,0.679,3/5,1.81%,CHEBI:29105;CHEBI:29108;CHEBI:29034
prerank,"Polycomb repressive complex 2.1, EZH1-RBBP7-PCL2-PALI1 variant",0.8574419421686917,1.9979927048479456,0.002583979328165375,0.011198728230640177,0.68,5/6,6.74%,Q15022;O75530;Q16576;Q92800;Q96JN0
prerank,"Polycomb repressive complex 2.2, EZH1-RBBP4 variant",0.8601510145332709,1.9979493395198957,0.005188067444876783,0.011164047051430407,0.681,4/6,4.82%,Q09028;Q15022;O75530;Q92800
prerank,"Polycomb repressive complex 2.1, EZH2-RBBP7-PCL1-EPOP variant",0.8571707189519844,1.9978720506491134,0.00510204081632653,0.011129645559149744,0.681,5/6,6.77%,Q15022;O75530;Q16576;Q15910;A6NHQ4
prerank,"Dynein-1 complex, variant 12",0.8435042039598588,1.9974677598366715,0.003870967741935484,0.011132523072350827,0.683,6/6,15.79%,Q14204;Q96FJ2;Q9NP97;P63172;Q13409;Q9Y6G9
prerank,"Cav1.1 voltage-gated calcium channel complex, CACNA2D3-CACNB3-CACNG1 variant",0.9021149674620391,1.9969037177740772,0.0028368794326241137,0.011140642519377955,0.684,5/5,9.91%,Q06432;Q13698;Q8IZS8-PRO_0000304647;P54284;Q8IZS8-PRO_0000304648
prerank,"Calcineurin-Calmodulin complex, gamma-R2 variant",0.8993416356379971,1.9952939162373367,0.001379310344827586,0.011295528654164116,0.693,3/5,1.81%,CHEBI:29105;CHEBI:29108;CHEBI:29034
prerank,"GABA-A receptor, alpha1-alpha2-beta1-beta2-gamma2",0.9170281995661603,1.9951920115568604,0.0027397260273972603,0.011250705127758703,0.693,5/5,8.42%,P18507;P47870;P14867;P18505;P47869
prerank,"Polycomb repressive complex 2.1, EZH2-RBBP7-PCL3-EPOP variant",0.8571707189519844,1.9947179603179401,0.005154639175257732,0.011242653603065556,0.694,5/6,6.77%,Q15022;O75530;Q16576;Q15910;A6NHQ4
prerank,"Calcineurin-Calmodulin complex, gamma-R1 variant",0.8993416356379971,1.9945640369050615,0.0027548209366391185,0.01120875526984808,0.694,3/5,1.81%,CHEBI:29105;CHEBI:29108;CHEBI:29034
prerank,"Polycomb repressive complex 2.1,EZH2-RBBP7-PCL3-PALI1 variant",0.8574419421686917,1.9943265947031823,0.005069708491761723,0.011185446244992413,0.694,5/6,6.74%,Q15022;O75530;Q16576;Q15910;Q96JN0
prerank,"Polycomb repressive complex 1, RING1-PCGF2-CBX7-PHC3 variant",0.9493087557603686,1.9939370499247344,0.0014184397163120568,0.011188027104762832,0.696,4/4,5.17%,Q06587;P35227;Q8NDX5;O95931
prerank,"Polycomb repressive complex 1, RING1-PCGF4-CBX7-PHC3 variant",0.9493087557603687,1.9938709419935536,0.0,0.011149615475884042,0.696,4/4,5.17%,Q06587;P35226;Q8NDX5;O95931
prerank,"Calcineurin-Calmodulin-AKAP5 complex, alpha-R2 variant",0.857211673958205,1.993846323669112,0.0013386880856760374,0.011106399912024027,0.696,3/6,1.81%,CHEBI:29105;CHEBI:29108;CHEBI:29034
prerank,"Cav1.1 voltage-gated calcium channel complex, CACNA2D3-CACNB2-CACNG1 variant",0.9021149674620391,1.9937654610588376,0.004291845493562232,0.011063518059081848,0.696,5/5,9.91%,Q06432;Q13698;Q8IZS8-PRO_0000304647;Q08289;Q8IZS8-PRO_0000304648
prerank,"Cav1.1 voltage-gated calcium channel complex, CACNA2D4-CACNB3-CACNG1 variant",0.9023861171366595,1.9931431976467022,0.002886002886002886,0.011096902902099606,0.701,5/5,9.88%,Q06432;Q13698;Q7Z3S7-PRO_0000304656;P54284;Q7Z3S7-PRO_0000304657
prerank,"Dynein-1 complex, variant 1",0.843775427176566,1.992293436742209,0.002617801047120419,0.011150204159851533,0.703,6/6,15.76%,Q14204;Q9NP97;P63172;P63167;Q13409;O43237
prerank,"Cav1.1 voltage-gated calcium channel complex, CACNA2D3-CACNB1-CACNG1 variant",0.9021149674620391,1.9920858488970703,0.0028735632183908046,0.011122717561717517,0.703,5/5,9.91%,Q06432;Q13698;Q8IZS8-PRO_0000304647;Q02641;Q8IZS8-PRO_0000304648
prerank,"Polycomb repressive complex 1, RING2-PCGF2-CBX2-PHC1 variant",0.950121984277582,1.9919026835050346,0.0014265335235378032,0.01109543998714346,0.703,4/4,5.09%,Q99496;P35227;P78364;Q14781
prerank,"Polycomb repressive complex 2.1, EZH1-RBBP4-PCL3-PALI1 variant",0.86287913353157,1.9903947069163268,0.005082592121982211,0.011197998608421267,0.71,5/6,6.74%,Q09028;Q15022;O75530;Q92800;Q96JN0
prerank,"CRL4-DCAF7 E3 ubiquitin ligase complex, CUL4A variant ",0.9804337617976262,1.9900199880634584,0.0,0.01119547751126989,0.711,3/4,0.97%,P62877;Q16531;Q13619
prerank,"Polycomb repressive complex 2.1, EZH1-RBBP7-PCL1-PALI1 variant",0.8574419421686917,1.987806108976309,0.005095541401273885,0.01136121637883037,0.716,5/6,6.74%,Q15022;O75530;Q16576;Q92800;Q96JN0
prerank,"Polycomb repressive complex 1, RING2-PCGF2-CBX4-PHC3 variant",0.9495798319327731,1.9869522381545512,0.0013986013986013986,0.011422189381685608,0.72,4/4,5.14%,Q99496;P35227;Q8NDX5;O00257
prerank,"Polycomb repressive complex 2.1,EZH2-RBBP4-PCL3-PALI1 variant",0.86287913353157,1.986899836461594,0.005108556832694764,0.011379569272052453,0.72,5/6,6.74%,Q09028;Q15022;O75530;Q15910;Q96JN0
prerank,"Polycomb repressive complex 1, RING2-PCGF4-CBX2-PHC3 variant",0.950121984277582,1.9858728137672588,0.0014124293785310734,0.011454699957248978,0.723,4/4,5.09%,Q99496;P35226;Q8NDX5;Q14781
prerank,"Dynein-1 complex, variant 15",0.8410631950094928,1.9857464967031617,0.0026666666666666666,0.011422025057280748,0.723,6/6,16.03%,Q14204;Q96FJ2;Q9NP97;Q13409;O43237;P51808
prerank,"Dynein-1 complex, variant 16",0.8410631950094928,1.9851769834397401,0.003973509933774834,0.011428447049058802,0.723,6/6,16.03%,Q14204;Q96FJ2;Q9NP97;Q13409;Q9Y6G9;P51808
prerank,"Polycomb repressive complex 1, RING1-PCGF2-CBX4-PHC3 variant",0.949579831932773,1.9846463884836667,0.0013869625520110957,0.011429982708239538,0.725,4/4,5.14%,Q06587;P35227;Q8NDX5;O00257
prerank,"Polycomb repressive complex 1, RING2-PCGF4-CBX8-PHC3 variant",0.9503930604499865,1.9842674934346793,0.0028530670470756064,0.01147007820824425,0.727,4/4,5.06%,Q99496;P35226;Q8NDX5;Q9HC52
prerank,"Exosome complex, DIS3 variant",0.7211016473029868,1.9827797750773584,0.011627906976744186,0.011567526521369215,0.733,10/11,25.07%,CHEBI:18420;Q9NPD3;Q06265;Q9Y3B2;Q9NQT5;Q9NQT4;Q13868;Q15024;Q5RKV6;Q96B26
prerank,"Polycomb repressive complex 1, RING2-PCGF2-CBX8-PHC1 variant",0.9503930604499864,1.9824898003166127,0.001451378809869376,0.01153982175383238,0.733,4/4,5.06%,Q99496;P35227;P78364;Q9HC52
prerank,"Polycomb repressive complex 2.1, EZH1-RBBP4-PCL3-EPOP variant",0.8626079103148626,1.982261503341227,0.005188067444876783,0.011521855705501707,0.734,5/6,6.77%,Q09028;Q15022;O75530;Q92800;A6NHQ4
prerank,"TIM23 mitochondrial inner membrane pre-sequence translocase complex, TIM17B variant",-0.48193425699538167,-1.9822069770021689,0.0,0.006805258268252706,0.533,12/12,51.99%,O60830;Q8TAA5;Q9HAV7;Q9Y5T4;Q9Y3D7;Q3ZCQ8;Q9BVV7;P38646;P60602;O14925;Q96DA6;O43615
prerank,"Polycomb repressive complex 2.2, EZH2-RBBP4 variant",0.8598797913165637,1.9816141565839576,0.006561679790026247,0.011556288774169978,0.737,4/6,4.85%,Q09028;Q15022;O75530;Q15910
prerank,"Cytoplasmic exosome complex, DIS3L variant",0.7211016473029868,1.9815460751278247,0.010501750291715286,0.011519454060892075,0.738,10/11,25.07%,CHEBI:18420;Q9NPD3;Q06265;Q9Y3B2;Q9NQT5;Q9NQT4;Q13868;Q15024;Q5RKV6;Q96B26
prerank,"Polycomb repressive complex 1, RING2-PCGF4-CBX8-PHC1 variant",0.9503930604499864,1.9804557298454555,0.002894356005788712,0.011572519708194489,0.742,4/4,5.06%,Q99496;P35226;P78364;Q9HC52
prerank,"Polycomb repressive complex 1, RING1-PCGF4-CBX7-PHC1 variant",0.9493087557603687,1.9802150296696293,0.0,0.011554693539288674,0.742,4/4,5.17%,Q06587;P35226;P78364;O95931
prerank,"Polycomb repressive complex 1, RING1-PCGF2-CBX7-PHC1 variant",0.9493087557603687,1.9800545025822405,0.0,0.011536994247029876,0.742,4/4,5.17%,Q06587;P35227;P78364;O95931
prerank,"Polycomb repressive complex 1, RING2-PCGF2-CBX2-PHC3 variant",0.9501219842775819,1.979911873188894,0.0028328611898017,0.011500750432263505,0.743,4/4,5.09%,Q99496;P35227;Q8NDX5;Q14781
prerank,"Polycomb repressive complex 1, RING2-PCGF4-CBX7-PHC3 variant",0.9493087557603687,1.9798032392622966,0.0014245014245014246,0.011474064796279325,0.744,4/4,5.17%,Q99496;P35226;Q8NDX5;O95931
prerank,"Dynein-1 complex, variant 3",0.8432329807431512,1.9796023231973392,0.003911342894393742,0.011447567087309114,0.744,6/6,15.81%,Q14204;Q9NP97;P63172;P63167;O43237;O14576
prerank,"Calcineurin-Calmodulin complex, alpha-R2 variant",0.8993416356379971,1.9792521542720831,0.0,0.011421255327173783,0.745,3/5,1.81%,CHEBI:29105;CHEBI:29108;CHEBI:29034
prerank,"Polycomb repressive complex 2.1, EZH1-RBBP4-PCL1-PALI1 variant",0.86287913353157,1.9788728819213117,0.005128205128205128,0.011422740960107508,0.747,5/6,6.74%,Q09028;Q15022;O75530;Q92800;Q96JN0
prerank,"Polycomb repressive complex 1, RING1-PCGF2-CBX8-PHC1 variant",0.9503930604499864,1.9788695625359203,0.0014367816091954023,0.011382940468957308,0.747,4/4,5.06%,Q06587;P35227;P78364;Q9HC52
prerank,"Polycomb repressive complex 2.1, EZH2-RBBP4-PCL1-PALI1 variant",0.86287913353157,1.9786259535126758,0.006418485237483954,0.011361697460147223,0.748,5/6,6.74%,Q09028;Q15022;O75530;Q15910;Q96JN0
prerank,"Polycomb repressive complex 1, RING1-PCGF4-CBX8-PHC3 variant",0.9503930604499865,1.97855164556325,0.0,0.011326938086523576,0.748,4/4,5.06%,Q06587;P35226;Q8NDX5;Q9HC52
prerank,HBO1-5.3 histone acetyltransferase complex,0.879737614577686,1.9783172246554457,0.0013440860215053765,0.011315112199664806,0.749,4/5,9.34%,CHEBI:29105;Q9HAF1;Q8WYH8;O95251
prerank,"Polycomb repressive complex 1, RING1-PCGF2-CBX8-PHC3 variant",0.9503930604499864,1.9776563566334506,0.0028169014084507044,0.011348599153365656,0.754,4/4,5.06%,Q06587;P35227;Q8NDX5;Q9HC52
prerank,"Polycomb repressive complex 1, RING1-PCGF4-CBX8-PHC1 variant",0.9503930604499864,1.9773921038987892,0.0,0.011327764751921434,0.756,4/4,5.06%,Q06587;P35226;P78364;Q9HC52
prerank,"Dynein-1 complex, variant 9",0.8432329807431516,1.977086433631003,0.005201560468140442,0.011289103438774945,0.756,6/6,15.81%,Q14204;Q96FJ2;Q9NP97;P63172;O43237;O14576
prerank,"Dynein-1 complex, variant 13",0.8410631950094929,1.9763064441478722,0.002607561929595828,0.011331291157324822,0.759,6/6,16.03%,Q14204;Q96FJ2;Q9NP97;O43237;O14576;P51808
prerank,HBO1-5.1 histone acetyltransferase complex,0.879737614577686,1.9763043276672558,0.0,0.011292880000859314,0.759,4/5,9.34%,CHEBI:29105;Q9HAF1;Q8WYH8;O95251
prerank,"Polycomb repressive complex 1, RING1-PCGF2-CBX2-PHC2 variant",0.950121984277582,1.976262964113417,0.0,0.01126806863412918,0.759,4/4,5.09%,Q06587;P35227;Q8IXK0;Q14781
prerank,"Dynein-1 complex, variant 14",0.8410631950094929,1.9761879555523656,0.0012953367875647669,0.011230129009098443,0.759,6/6,16.03%,Q14204;Q96FJ2;Q9NP97;Q9Y6G9;O14576;P51808
prerank,"Polycomb repressive complex 2.1, EZH1-RBBP7-PCL3-EPOP variant",0.8571707189519844,1.9754329808013598,0.003926701570680628,0.011249863812013792,0.762,5/6,6.77%,Q15022;O75530;Q16576;Q92800;A6NHQ4
prerank,"Polycomb repressive complex 2.1, EZH2-RBBP4-PCL3-EPOP variant",0.8626079103148626,1.9748007029744958,0.00522875816993464,0.011317890098896418,0.764,5/6,6.77%,Q09028;Q15022;O75530;Q15910;A6NHQ4
prerank,"Dynein-1 complex, variant 8",0.8399783021426634,1.9747776132355042,0.0026560424966799467,0.011280163798566762,0.764,6/6,16.14%,Q14204;P63172;P63167;Q13409;Q9Y6G9;Q8TF09
prerank,"Nucleosome, variant H3.1-H2A.2-H2B.1",0.8994034707158352,1.974708293769271,0.003973509933774834,0.011251433941979585,0.764,5/5,10.18%,P62805;P06899;CHEBI:4705;P68431;P04908
prerank,"Dynein-1 complex, variant 2",0.8435042039598586,1.9745278189883944,0.002628120893561104,0.011231611160488437,0.765,6/6,15.79%,Q14204;Q9NP97;P63172;P63167;Q13409;Q9Y6G9
prerank,"Dynein-1 complex, variant 4",0.8432329807431513,1.9745127329722607,0.0038314176245210726,0.011198887158252216,0.765,6/6,15.81%,Q14204;Q9NP97;P63172;P63167;Q9Y6G9;O14576
prerank,COG tethering complex,-0.5869742198100407,-1.9744234592974712,0.005128205128205128,0.007037001402105694,0.557,8/8,41.46%,Q9UP83;Q8WTW3;Q96MW5;Q96JB2;Q14746;Q9H9E3;Q9Y2V7;P83436
prerank,"Polycomb repressive complex 2.2, EZH2-RBBP7 variant",0.852036188633808,1.9743415981757368,0.003978779840848806,0.01117070817735608,0.765,4/6,4.85%,Q15022;O75530;Q16576;Q15910
prerank,"Polycomb repressive complex 1, RING2-PCGF2-CBX7-PHC3 variant",0.9493087557603686,1.9741304361397292,0.0028735632183908046,0.011155660584691196,0.766,4/4,5.17%,Q99496;P35227;Q8NDX5;O95931
prerank,"Polycomb repressive complex 1, RING2-PCGF2-CBX8-PHC3 variant",0.9503930604499864,1.9736701453831702,0.0042796005706134095,0.01113640990935447,0.766,4/4,5.06%,Q99496;P35227;Q8NDX5;Q9HC52
prerank,"Polycomb repressive complex 1, RING1-PCGF2-CBX2-PHC3 variant",0.9501219842775819,1.9736632092639612,0.0014124293785310734,0.011100134958509669,0.766,4/4,5.09%,Q06587;P35227;Q8NDX5;Q14781
prerank,"Dynein-1 complex, variant 10",0.8432329807431516,1.9719304151323165,0.005148005148005148,0.011247856126713437,0.771,6/6,15.81%,Q14204;Q96FJ2;Q9NP97;P63172;Q9Y6G9;O14576
prerank,"Polycomb repressive complex 1, RING2-PCGF4-CBX2-PHC1 variant",0.950121984277582,1.9715769070016052,0.002857142857142857,0.011241272998084568,0.773,4/4,5.09%,Q99496;P35226;P78364;Q14781
prerank,"Non-canonical polycomb repressive complex 1.5, RING1-YAF2-CKIIA2 variant",0.8688089877762666,1.9713703862046117,0.0013404825737265416,0.011221994549483175,0.774,4/5,5.82%,Q06587;Q8WXX7;Q8IY57;Q86SE9
prerank,"Polycomb repressive complex 2.1, EZH1-RBBP7-PCL1-EPOP variant",0.8571707189519844,1.9713387563383045,0.00522875816993464,0.011190143243802887,0.774,5/6,6.77%,Q15022;O75530;Q16576;Q92800;A6NHQ4
prerank,"Polycomb repressive complex 1, RING1-PCGF2-CBX7-PHC2 variant",0.9493087557603687,1.9711523924448724,0.0,0.011171152252417792,0.775,4/4,5.17%,Q06587;P35227;Q8IXK0;O95931
prerank,"Polycomb repressive complex 2.1, EZH2-RBBP4-PCL1-EPOP variant",0.8626079103148626,1.9709917604779135,0.00648508430609598,0.011135461670141697,0.775,5/6,6.77%,Q09028;Q15022;O75530;Q15910;A6NHQ4
prerank,"Polycomb repressive complex 1, RING1-PCGF4-CBX8-PHC2 variant",0.9503930604499864,1.9708072888664157,0.0,0.011112573943321945,0.776,4/4,5.06%,Q06587;P35226;Q8IXK0;Q9HC52
prerank,"Polycomb repressive complex 1, RING2-PCGF4-CBX7-PHC1 variant",0.9493087557603686,1.9707751779806144,0.0014388489208633094,0.011077295930803463,0.776,4/4,5.17%,Q99496;P35226;P78364;O95931
prerank,"Polycomb repressive complex 1, RING1-PCGF4-CBX2-PHC1 variant",0.950121984277582,1.9699137287865225,0.0,0.011138043364905367,0.779,4/4,5.09%,Q06587;P35226;P78364;Q14781
prerank,"Non-canonical polycomb repressive complex 1.5, RING1-YAF2-CKIIA1 variant",0.8688089877762666,1.9693655967010741,0.0013315579227696406,0.011165190159475695,0.781,4/5,5.82%,Q06587;Q8WXX7;Q8IY57;Q86SE9
prerank,"Polycomb repressive complex 2.1, EZH1-RBBP4-PCL1-EPOP variant",0.8626079103148626,1.968993009744041,0.006510416666666667,0.011142496842775268,0.781,5/6,6.77%,Q09028;Q15022;O75530;Q92800;A6NHQ4
prerank,"Non-canonical polycomb repressive complex 1.3, RING1-YAF2-CKIIA1-A2 variant",0.869080137450887,1.968933068758783,0.0,0.011119945803922494,0.781,4/5,5.79%,Q06587;Q8WXX7;Q8IY57;Q3KNV8
prerank,"Polycomb repressive complex 2.2, EZH1-RBBP7 variant",0.8523074118505154,1.9688243937166074,0.003989361702127659,0.011105762199580755,0.781,4/6,4.82%,Q15022;O75530;Q16576;Q92800
prerank,"Dynein-1 complex, variant 7",0.8399783021426634,1.9683628892968346,0.0013458950201884253,0.011128570849304135,0.784,6/6,16.14%,Q14204;P63172;P63167;Q13409;O43237;Q8TF09
prerank,"Polycomb repressive complex 1, RING1-PCGF2-CBX6-PHC3 variant",0.9498509081051775,1.968333973471525,0.0,0.011094010070269028,0.784,4/4,5.12%,Q06587;P35227;Q8NDX5;O95503
prerank,"Dynein-1 complex, variant 6",0.8399783021426634,1.9671102469288646,0.003926701570680628,0.011177839500405922,0.787,6/6,16.14%,Q14204;P63172;P63167;Q9Y6G9;O14576;Q8TF09
prerank,"Polycomb repressive complex 1, RING2-PCGF4-CBX4-PHC3 variant",0.9495798319327731,1.9664259075109545,0.0,0.011179902175855962,0.788,4/4,5.14%,Q99496;P35226;Q8NDX5;O00257
prerank,"Polycomb repressive complex 1, RING1-PCGF2-CBX8-PHC2 variant",0.9503930604499864,1.9661783519494103,0.0,0.011173852228793,0.789,4/4,5.06%,Q06587;P35227;Q8IXK0;Q9HC52
prerank,"Cav1.1 voltage-gated calcium channel complex, CACNA2D1-CACNB3-CACNG1 variant",0.9029284164859003,1.965796900062184,0.0014245014245014246,0.011175914480686945,0.79,5/5,9.83%,Q06432;Q13698;P54289-PRO_0000005002;P54289-PRO_0000005001;P54284
prerank,"Non-canonical polycomb repressive complex 1.3, RING1-YAF2-CKIIA1 variant",0.869080137450887,1.964330160596345,0.0026917900403768506,0.01126651839044115,0.793,4/5,5.79%,Q06587;Q8WXX7;Q8IY57;Q3KNV8
prerank,"Dynein-1 complex, variant 5",0.8399783021426634,1.9642515483872192,0.00398406374501992,0.011240195093414883,0.793,6/6,16.14%,Q14204;P63172;P63167;O43237;O14576;Q8TF09
prerank,"Polycomb repressive complex 1, RING1-PCGF4-CBX6-PHC3 variant",0.9498509081051776,1.963260283502647,0.0014144271570014145,0.011338054287465715,0.798,4/4,5.12%,Q06587;P35226;Q8NDX5;O95503
prerank,"Polycomb repressive complex 1, RING1-PCGF4-CBX4-PHC1 variant",0.9495798319327731,1.9628743125427226,0.0,0.01133959396037103,0.799,4/4,5.14%,Q06587;P35226;P78364;O00257
prerank,"Polycomb repressive complex 1, RING1-PCGF4-CBX7-PHC2 variant",0.9493087557603687,1.9620406146115346,0.0,0.011392819497119431,0.801,4/4,5.17%,Q06587;P35226;Q8IXK0;O95931
prerank,"Polycomb repressive complex 1, RING2-PCGF4-CBX4-PHC1 variant",0.9495798319327731,1.9612728583420793,0.0,0.011425901529385715,0.802,4/4,5.14%,Q99496;P35226;P78364;O00257
prerank,"Polycomb repressive complex 1, RING1-PCGF4-CBX2-PHC3 variant",0.950121984277582,1.960343432955455,0.0,0.011466690207001229,0.806,4/4,5.09%,Q06587;P35226;Q8NDX5;Q14781
prerank,C-to-U editosome complex,0.8650098401077878,1.959761570765402,0.002758620689655172,0.011471767137007611,0.806,1/5,0.11%,CHEBI:29105
prerank,"Polycomb repressive complex 1, RING2-PCGF4-CBX6-PHC3 variant",0.9498509081051776,1.9596663911219911,0.0014367816091954023,0.011445381196198116,0.806,4/4,5.12%,Q99496;P35226;Q8NDX5;O95503
prerank,"Non-canonical polycomb repressive complex 1.5, RING1-YAF2-CKIIA1-A2 variant",0.8688089877762666,1.9596135204927672,0.0,0.011419152314560104,0.806,4/5,5.82%,Q06587;Q8WXX7;Q8IY57;Q86SE9
prerank,"Polycomb repressive complex 1, RING1-PCGF2-CBX2-PHC1 variant",0.950121984277582,1.9595006111571098,0.0,0.011393079093940718,0.807,4/4,5.09%,Q06587;P35227;P78364;Q14781
prerank,"Polycomb repressive complex 1, RING2-PCGF2-CBX4-PHC1 variant",0.9495798319327731,1.9594375815723124,0.0,0.01136326595603827,0.807,4/4,5.14%,Q99496;P35227;P78364;O00257
prerank,"Polycomb repressive complex 1, RING1-PCGF4-CBX4-PHC3 variant",0.9495798319327732,1.9581572088811405,0.0,0.011438461860361376,0.811,4/4,5.14%,Q06587;P35226;Q8NDX5;O00257
prerank,"Nucleolar exosome complex, EXOSC10 variant",0.7117305834890153,1.9570706416330708,0.009205983889528193,0.011474502539279252,0.814,10/11,25.07%,CHEBI:18420;Q9NPD3;Q06265;Q9Y3B2;Q9NQT5;Q9NQT4;Q13868;Q15024;Q5RKV6;Q96B26
prerank,"Polycomb repressive complex 1, RING2-PCGF2-CBX8-PHC2 variant",0.9503930604499864,1.9569783057996455,0.0,0.011452432782415499,0.814,4/4,5.06%,Q99496;P35227;Q8IXK0;Q9HC52
prerank,"Non-canonical polycomb repressive complex 1.5, RING2-RYBP-CKIIA1 variant",0.868964739740273,1.9552825047058666,0.0027100271002710027,0.011595984061455252,0.819,4/5,5.82%,Q99496;Q8WXX7;Q8N488;Q86SE9
prerank,"Polycomb repressive complex 1, RING2-PCGF2-CBX4-PHC2 variant",0.9495798319327731,1.9545503375094233,0.0,0.011661949707211199,0.821,4/4,5.14%,Q99496;P35227;Q8IXK0;O00257
prerank,"Polycomb repressive complex 1, RING1-PCGF4-CBX2-PHC2 variant",0.950121984277582,1.9538916646279685,0.0,0.0117045741838131,0.822,4/4,5.09%,Q06587;P35226;Q8IXK0;Q14781
prerank,"Polycomb repressive complex 1, RING2-PCGF2-CBX2-PHC2 variant",0.950121984277582,1.9532340734047644,0.0,0.011716430089932365,0.822,4/4,5.09%,Q99496;P35227;Q8IXK0;Q14781
prerank,"Non-canonical polycomb repressive complex 1.5, RING2-YAF2-CKIIA1 variant",0.8688875472874897,1.9531709332561944,0.004026845637583893,0.011686371732686645,0.823,4/5,5.82%,Q99496;Q8WXX7;Q8IY57;Q86SE9
prerank,"Polycomb repressive complex 1, RING1-PCGF4-CBX6-PHC1 variant",0.9498509081051775,1.953033569289619,0.001394700139470014,0.011671659400357769,0.823,4/4,5.12%,Q06587;P35226;P78364;O95503
prerank,"Non-canonical polycomb repressive complex 1.3, RING2-YAF2-CKIIA1-A2 variant",0.8691586969621101,1.9529980142679497,0.0013351134846461949,0.011645684738189575,0.823,4/5,5.79%,Q99496;Q8WXX7;Q8IY57;Q3KNV8
prerank,"Polycomb repressive complex 1, RING2-PCGF2-CBX7-PHC1 variant",0.9493087557603686,1.9526876831237898,0.0014749262536873156,0.011646259126751265,0.824,4/4,5.17%,Q99496;P35227;P78364;O95931
prerank,"Polycomb repressive complex 1, RING1-PCGF2-CBX4-PHC1 variant",0.9495798319327731,1.9526525080192387,0.0,0.011616744782054586,0.824,4/4,5.14%,Q06587;P35227;P78364;O00257
prerank,"Polycomb repressive complex 1, RING1-PCGF2-CBX4-PHC2 variant",0.9495798319327731,1.952276494422666,0.0,0.011624898282140032,0.828,4/4,5.14%,Q06587;P35227;Q8IXK0;O00257
prerank,"Non-canonical polycomb repressive complex 1.3, RING1-YAF2-CKIIA2 variant",0.869080137450887,1.9520829963223587,0.004149377593360996,0.011603090944545143,0.829,4/5,5.79%,Q06587;Q8WXX7;Q8IY57;Q3KNV8
prerank,"Non-canonical polycomb repressive complex 1.5, RING1-RYBP-CKIIA1 variant",0.868886344349788,1.9509512384387957,0.0013568521031207597,0.011704454951458268,0.832,4/5,5.82%,Q06587;Q8WXX7;Q8N488;Q86SE9
prerank,"Polycomb repressive complex 1, RING1-PCGF2-CBX6-PHC2 variant",0.9498509081051775,1.9490317802119324,0.0,0.011808964468171073,0.833,4/4,5.12%,Q06587;P35227;Q8IXK0;O95503
prerank,"Non-canonical polycomb repressive complex 1.5, RING2-RYBP-CKIIA1-A2 variant",0.868964739740273,1.9468126145864926,0.0013774104683195593,0.011957377767310732,0.835,4/5,5.82%,Q99496;Q8WXX7;Q8N488;Q86SE9
prerank,"TIM23 mitochondrial inner membrane pre-sequence translocase complex, TIM17A variant",-0.48193425699538167,-1.94680674847533,0.014388489208633094,0.008978417239380834,0.658,12/12,51.99%,Q99595;Q8TAA5;Q9HAV7;Q9Y5T4;Q9Y3D7;Q3ZCQ8;Q9BVV7;P38646;P60602;O14925;Q96DA6;O43615
prerank,"Non-canonical polycomb repressive complex 1.5, RING1-RYBP-CKIIA1-A2 variant",0.868886344349788,1.9467956794034251,0.002728512960436562,0.011923789627514916,0.835,4/5,5.82%,Q06587;Q8WXX7;Q8N488;Q86SE9
prerank,"Non-canonical polycomb repressive complex 1.3, RING2-YAF2-CKIIA1 variant",0.8691586969621101,1.9454662890133974,0.002728512960436562,0.012008371817502899,0.839,4/5,5.79%,Q99496;Q8WXX7;Q8IY57;Q3KNV8
prerank,"Non-canonical polycomb repressive complex 1.5, RING2-RYBP-CKIIA2 variant",0.868964739740273,1.9439669545754326,0.004178272980501393,0.012129247919360035,0.842,4/5,5.82%,Q99496;Q8WXX7;Q8N488;Q86SE9
prerank,"Polycomb repressive complex 1, RING1-PCGF4-CBX4-PHC2 variant",0.9495798319327731,1.9439064332898943,0.0,0.012102794518375261,0.842,4/4,5.14%,Q06587;P35226;Q8IXK0;O00257
prerank,"Nucleosome, variant H3.1-H2A.V-H2B.1",0.8804344213907538,1.943893746171395,0.002621231979030144,0.012072831862721201,0.842,4/5,7.09%,P62805;P06899;CHEBI:4705;P68431
prerank,"Non-canonical polycomb repressive complex 1.5, RING2-YAF2-CKIIA2 variant",0.8688875472874897,1.9432995259988426,0.004155124653739612,0.01207585001498273,0.843,4/5,5.82%,Q99496;Q8WXX7;Q8IY57;Q86SE9
prerank,"Polycomb repressive complex 1, RING2-PCGF2-CBX6-PHC3 variant",0.9498509081051775,1.9421380200009124,0.0,0.012151571850541887,0.845,4/4,5.12%,Q99496;P35227;Q8NDX5;O95503
prerank,"Polycomb repressive complex 1, RING1-PCGF2-CBX6-PHC1 variant",0.9498509081051775,1.9420614524222852,0.0,0.012121722447325279,0.845,4/4,5.12%,Q06587;P35227;P78364;O95503
prerank,"Polycomb repressive complex 1, RING2-PCGF4-CBX6-PHC1 variant",0.9498509081051775,1.9420529063729417,0.001443001443001443,0.01208842101203043,0.845,4/4,5.12%,Q99496;P35226;P78364;O95503
prerank,"Polycomb repressive complex 1, RING2-PCGF4-CBX8-PHC2 variant",0.9503930604499864,1.939016867343712,0.0,0.012307731348446592,0.848,4/4,5.06%,Q99496;P35226;Q8IXK0;Q9HC52
prerank,"Polycomb repressive complex 1, RING1-PCGF4-CBX6-PHC2 variant",0.9498509081051775,1.9389956770685457,0.0014285714285714286,0.01227769994717464,0.848,4/4,5.12%,Q06587;P35226;Q8IXK0;O95503
prerank,"GABA-A receptor, alpha1-beta1-beta2-gamma2",0.9417186229330441,1.9386950441737312,0.0014124293785310734,0.012262178128284703,0.849,4/4,5.93%,P18507;P47870;P14867;P18505
prerank,"Polycomb repressive complex 1, RING2-PCGF2-CBX7-PHC2 variant",0.9493087557603687,1.9386091139494002,0.0,0.012250317402114037,0.849,4/4,5.17%,Q99496;P35227;Q8IXK0;O95931
prerank,"Non-canonical polycomb repressive complex 1.3, RING2-YAF2-CKIIA2 variant",0.8691586969621101,1.9363620764790246,0.0028208744710860366,0.012420440101636917,0.852,4/5,5.79%,Q99496;Q8WXX7;Q8IY57;Q3KNV8
prerank,"Polycomb repressive complex 1, RING2-PCGF2-CBX6-PHC1 variant",0.9498509081051775,1.9359171038973255,0.0,0.012429560160267517,0.852,4/4,5.12%,Q99496;P35227;P78364;O95503
prerank,"Non-canonical polycomb repressive complex 1.3, RING1-RYBP-CKIIA1-A2 variant",0.8691574940244083,1.935230195009063,0.0,0.012456370117273604,0.853,4/5,5.79%,Q06587;Q8WXX7;Q8N488;Q3KNV8
prerank,"Nucleosome, variant H3.1-H2A.Z-H2B.1",0.8804344213907538,1.9342834900215218,0.003978779840848806,0.012497189036692703,0.854,4/5,7.09%,P62805;P06899;CHEBI:4705;P68431
prerank,"Non-canonical polycomb repressive complex 1.3, RING2-RYBP-CKIIA1-A2 variant",0.8692358894148934,1.9342504569952552,0.001375515818431912,0.012467213297942625,0.854,4/5,5.79%,Q99496;Q8WXX7;Q8N488;Q3KNV8
prerank,"Polycomb repressive complex 1, RING2-PCGF4-CBX7-PHC2 variant",0.9493087557603687,1.9322593172371625,0.0,0.012595768797718208,0.858,4/4,5.17%,Q99496;P35226;Q8IXK0;O95931
prerank,HBO1-5.2 histone acetyltransferase complex,0.879737614577686,1.9301087706820765,0.0027210884353741495,0.012776288207478186,0.86,4/5,9.34%,CHEBI:29105;Q9HAF1;Q8WYH8;O95251
prerank,"Non-canonical polycomb repressive complex 1.5, RING2-YAF2-CKIIA1-A2 variant",0.8688875472874897,1.9299908382748419,0.0013568521031207597,0.012756311254616948,0.861,4/5,5.82%,Q99496;Q8WXX7;Q8IY57;Q86SE9
prerank,"Polycomb repressive complex 1, RING2-PCGF4-CBX4-PHC2 variant",0.9495798319327731,1.9288659706613798,0.0014204545454545455,0.012841180743116774,0.865,4/4,5.14%,Q99496;P35226;Q8IXK0;O00257
prerank,"Polycomb repressive complex 1, RING2-PCGF2-CBX6-PHC2 variant",0.9498509081051776,1.9281834332505197,0.0,0.012873369500874011,0.867,4/4,5.12%,Q99496;P35227;Q8IXK0;O95503
prerank,"Non-canonical polycomb repressive complex 1.3, RING1-RYBP-CKIIA1 variant",0.8691574940244083,1.9280430892694043,0.0027816411682892906,0.012846348676243279,0.867,4/5,5.79%,Q06587;Q8WXX7;Q8N488;Q3KNV8
prerank,NuA4 histone acetyltransferase complex,0.6065308981662952,1.926979543298752,0.011879049676025918,0.01289220956158739,0.869,5/19,3.36%,P60709;Q9HAF1;O96019;Q9Y265;Q9Y230
prerank,PDGF receptor alpha-beta - PDGF-AB complex,0.9522905936568175,1.9263774882707754,0.0,0.012951648484099387,0.873,4/4,4.87%,P01127;P09619;P16234;P04085
prerank,"Polycomb repressive complex 1, RING2-PCGF4-CBX6-PHC2 variant",0.9498509081051776,1.9260171444952314,0.00145985401459854,0.012959091450881742,0.874,4/4,5.12%,Q99496;P35226;Q8IXK0;O95503
prerank,"Non-canonical polycomb repressive complex 1.5, RING1-RYBP-CKIIA2 variant",0.868886344349788,1.9250315442044408,0.0014144271570014145,0.013007735399025442,0.874,4/5,5.82%,Q06587;Q8WXX7;Q8N488;Q86SE9
prerank,pre-mRNA cleavage and polyadenylation specificity factor complex,0.7649148636301331,1.9242302774343059,0.01728395061728395,0.013062981402037733,0.875,1/8,0.11%,CHEBI:29105
prerank,"Nucleosome complex, H2A type 1 variant ",0.8804344213907538,1.9233457250417823,0.002652519893899204,0.01310084640655498,0.877,4/5,7.09%,P62805;P06899;CHEBI:4705;P68431
prerank,"Non-canonical polycomb repressive complex 1.3, RING2-RYBP-CKIIA2 variant",0.8692358894148934,1.92200606474628,0.002840909090909091,0.013162384829132744,0.877,4/5,5.79%,Q99496;Q8WXX7;Q8N488;Q3KNV8
prerank,"Non-canonical polycomb repressive complex 1.3, RING2-RYBP-CKIIA1 variant",0.8692358894148934,1.9212546985216035,0.0027739251040221915,0.013227006356717636,0.88,4/5,5.79%,Q99496;Q8WXX7;Q8N488;Q3KNV8
prerank,"Polycomb repressive complex 1, RING2-PCGF4-CBX2-PHC2 variant",0.950121984277582,1.9195634456114459,0.0,0.013396458167588972,0.888,4/4,5.09%,Q99496;P35226;Q8IXK0;Q14781
prerank,"Cytoplasmic exosome complex, DIS3L-EXOSC10 variant",0.6838414284997097,1.9184884139204712,0.013651877133105802,0.013493982184725294,0.89,10/12,25.07%,CHEBI:18420;Q9NPD3;Q06265;Q9Y3B2;Q9NQT5;Q9NQT4;Q13868;Q15024;Q5RKV6;Q96B26
prerank,"Non-canonical polycomb repressive complex 1.3, RING1-RYBP-CKIIA2 variant",0.8691574940244083,1.9107349006164884,0.004297994269340974,0.014195125792649315,0.9,4/5,5.79%,Q06587;Q8WXX7;Q8N488;Q3KNV8
prerank,"Nuclear exosome complex, DIS3-EXOSC10 variant",0.6838414284997097,1.9085650788148478,0.016018306636155607,0.014357435114130731,0.905,10/12,25.07%,CHEBI:18420;Q9NPD3;Q06265;Q9Y3B2;Q9NQT5;Q9NQT4;Q13868;Q15024;Q5RKV6;Q96B26
prerank,"CRL3 E3 ubiquitin ligase complex, KLHL30 variant ",0.99117550394183,1.9030551161307643,0.0,0.014948708484515048,0.913,2/3,0.14%,P62877;Q13618
prerank,"GBAF (SWI/SNF) ATP-dependent chromatin remodeling complex, ACTL6B-BICRAL-SMARCA4 variant",0.687082244259526,1.8989506388901594,0.009345794392523364,0.015295829901946372,0.915,10/11,28.78%,P60709;Q92922;Q96GM5;P51532;O94805;Q4VC05;Q8WUZ0;Q9BQE9;Q9H8M2;Q15532
prerank,"GABA-A receptor, alpha1-alpha3-beta2-gamma2",0.9156953103822176,1.8984802232259272,0.002824858757062147,0.015303777893973886,0.916,4/4,8.53%,P18507;P47870;P14867;P34903
prerank,"CRL3 E3 ubiquitin ligase complex, KLHL10 variant ",0.99117550394183,1.8982886686232392,0.0,0.015275030900441647,0.917,2/3,0.14%,P62877;Q13618
prerank,"CRL3 E3 ubiquitin ligase complex, KLHL36 variant ",0.99117550394183,1.89799358055789,0.0,0.015269695935615108,0.918,2/3,0.14%,P62877;Q13618
prerank,"GBAF (SWI/SNF) ATP-dependent chromatin remodeling complex, ACTL6B-BICRA-SMARCA4 variant",0.687082244259526,1.8977582291111954,0.009248554913294798,0.015264387847185682,0.919,10/11,28.78%,P60709;Q92922;Q96GM5;P51532;O94805;Q4VC05;Q8WUZ0;Q9BQE9;Q9H8M2;Q15532
prerank,"GABA-A receptor, alpha1-alpha2-beta2-gamma2",0.916779615071835,1.8972843708136424,0.0028328611898017,0.015285563487500388,0.92,4/4,8.42%,P18507;P47870;P14867;P47869
prerank,"Cav1.2 voltage-gated calcium channel complex, CACNA2D4-CACNB4 variant",0.9021415017619951,1.897268145150564,0.007112375533428165,0.015250552647889893,0.92,4/4,9.88%,Q13936;Q7Z3S7-PRO_0000304656;O00305;Q7Z3S7-PRO_0000304657
prerank,"CRL3 E3 ubiquitin ligase complex, IPP variant ",0.99117550394183,1.8953680258100638,0.0,0.015403280846292593,0.927,2/3,0.14%,P62877;Q13618
prerank,"CRL3 E3 ubiquitin ligase complex, KLHL25 variant ",0.99117550394183,1.894226698824529,0.0,0.015476469942484014,0.928,2/3,0.14%,P62877;Q13618
prerank,"CRL3 E3 ubiquitin ligase complex, KLHL28 variant ",0.99117550394183,1.894014865596674,0.0,0.015460890836608164,0.929,2/3,0.14%,P62877;Q13618
prerank,"CCR4-NOT mRNA deadenylase complex, CNOT6-CNOT8 variant",0.6720160751484964,1.8936644473023874,0.01722158438576349,0.015461719548663625,0.929,10/12,26.65%,CHEBI:18420;CHEBI:60240;Q92600;O95628;O75175;Q9NZN8;Q9UKZ1;A5YKK6;Q9C0C2;Q9H9A5
prerank,"CRL3 E3 ubiquitin ligase complex, KLHL31 variant ",0.99117550394183,1.893662308132001,0.0,0.015423447965622379,0.929,2/3,0.14%,P62877;Q13618
prerank,"CRL3 E3 ubiquitin ligase complex, KLHL5 variant ",0.99117550394183,1.8925291740265346,0.0,0.015521864183688392,0.93,2/3,0.14%,P62877;Q13618
prerank,"Dystrophin glycoprotein complex, skeletal muscle variant",0.6964811080379905,1.8921920674170454,0.016147635524798153,0.015512810691477879,0.93,9/11,23.34%,Q14118-PRO_0000021065;Q13424;Q14118-PRO_0000021066;Q13326;Q92629;Q16586;Q16585;Q13884;Q14714
prerank,"GBAF (SWI/SNF) ATP-dependent chromatin remodeling complex, ACTL6B-BICRAL-SMARCA2 variant",0.6866937838965932,1.8915278651778293,0.0117096018735363,0.015571715713089474,0.93,10/11,28.78%,P60709;Q92922;Q96GM5;O94805;P51531;Q4VC05;Q8WUZ0;Q9BQE9;Q9H8M2;Q15532
prerank,COP9 signalosome variant 2,0.7242984418065296,1.8912682799765768,0.008526187576126675,0.015546454042056543,0.93,1/9,0.11%,CHEBI:29105
prerank,"Cav1.2 voltage-gated calcium channel complex, CACNA2D3-CACNB4 variant",0.9018704255895906,1.8912567609806616,0.004149377593360996,0.015508443151978166,0.93,4/4,9.91%,Q13936;Q8IZS8-PRO_0000304647;O00305;Q8IZS8-PRO_0000304648
prerank,"GBAF (SWI/SNF) ATP-dependent chromatin remodeling complex, ACTL6A-BICRA-SMARCA4 variant",0.68864030076604,1.8911444705962517,0.010452961672473868,0.015473828018638983,0.93,5/11,5.44%,P60709;Q92922;Q96GM5;O96019;P51532
prerank,GLUK1-GLUK2-GLUK3-GLUK4 glutamate ionotropic kainate-type receptor complex,0.9376524803469772,1.8909254976504222,0.0,0.015458596489105537,0.93,4/4,6.34%,P39086;Q13002;Q13003;Q16099
prerank,"CRL3 E3 ubiquitin ligase complex, KLHL24 variant ",0.99117550394183,1.8900007375024954,0.0,0.015545671014213575,0.931,2/3,0.14%,P62877;Q13618
prerank,"CRL3 E3 ubiquitin ligase complex, KLHL34 variant ",0.99117550394183,1.8879880009681451,0.0,0.015807609867433032,0.933,2/3,0.14%,P62877;Q13618
prerank,"Cav1.2 voltage-gated calcium channel complex, CACNA2D4-CACNB3 variant",0.9021415017619951,1.8869759368296972,0.004405286343612335,0.0158902413951704,0.933,4/4,9.88%,Q13936;Q7Z3S7-PRO_0000304656;P54284;Q7Z3S7-PRO_0000304657
prerank,GLUK1-GLUK2-GLUK3-GLUK5 glutamate ionotropic kainate-type receptor complex,0.9379235565193818,1.8862933402889508,0.0,0.015940758108727995,0.933,4/4,6.31%,P39086;Q13002;Q13003;Q16478
prerank,COP9 signalosome variant 1,0.7242984418065296,1.8858449365785286,0.007416563658838072,0.01594357143124998,0.933,1/9,0.11%,CHEBI:29105
prerank,"CRL3 E3 ubiquitin ligase complex, KLHL26 variant ",0.99117550394183,1.8857569475499036,0.0,0.01592427613020976,0.933,2/3,0.14%,P62877;Q13618
prerank,"Cav1.2 voltage-gated calcium channel complex, CACNA2D4-CACNB1 variant",0.902141501761995,1.8854053713554695,0.005856515373352855,0.015930264318321185,0.933,4/4,9.88%,Q13936;Q7Z3S7-PRO_0000304656;Q02641;Q7Z3S7-PRO_0000304657
prerank,"CRL3 E3 ubiquitin ligase complex, KLHL4 variant ",0.99117550394183,1.8851882762548209,0.0,0.015904810116921023,0.933,2/3,0.14%,P62877;Q13618
prerank,HBO1-4.3 histone acetyltransferase complex,0.8398638452435531,1.8846848343095604,0.0053404539385847796,0.01591395003865145,0.934,2/5,1.76%,CHEBI:29105;Q9HAF1
prerank,"CCR4-NOT mRNA deadenylase complex, CNOT6-CNOT7 variant",0.6720160751484964,1.8842800537414601,0.014018691588785047,0.015926172997530214,0.934,10/12,26.65%,CHEBI:18420;CHEBI:60240;Q92600;O95628;O75175;Q9NZN8;Q9UKZ1;A5YKK6;Q9C0C2;Q9H9A5
prerank,"Cav1.2 voltage-gated calcium channel complex, CACNA2D3-CACNB1 variant",0.9018704255895907,1.8840881360375954,0.00425531914893617,0.015919623736467662,0.935,4/4,9.91%,Q13936;Q8IZS8-PRO_0000304647;Q02641;Q8IZS8-PRO_0000304648
prerank,"GBAF (SWI/SNF) ATP-dependent chromatin remodeling complex, ACTL6A-BICRAL-SMARCA4 variant",0.68864030076604,1.8837975626267438,0.008274231678486997,0.01591621711607896,0.935,5/11,5.44%,P60709;Q92922;Q96GM5;O96019;P51532
prerank,"CRL3 E3 ubiquitin ligase complex, KBTBD2 variant",0.99117550394183,1.8835128665015073,0.0,0.015909722228609747,0.935,2/3,0.14%,P62877;Q13618
prerank,"CRL3 E3 ubiquitin ligase complex, KEAP1 variant ",0.99117550394183,1.8820197662998914,0.0,0.016045721364643942,0.937,2/3,0.14%,P62877;Q13618
prerank,"Cav1.2 voltage-gated calcium channel complex, CACNA2D2-CACNB1 variant",0.9015993494171861,1.8819147124269715,0.004243281471004243,0.0160204143988388,0.939,4/4,9.94%,Q13936;Q02641;Q9NY47-PRO_0000304639;Q9NY47-PRO_0000304637
prerank,"CRL3 E3 ubiquitin ligase complex, KLHL18 variant ",0.99117550394183,1.881406815371051,0.0,0.016026051224042423,0.939,2/3,0.14%,P62877;Q13618
prerank,BRCA1-A complex,0.7724935209827812,1.8813801190365322,0.008871989860583017,0.015988607179126434,0.939,4/7,13.46%,CHEBI:29105;CPX-715;P46736;Q9NXR7
prerank,"CRL3 E3 ubiquitin ligase complex, KLHL20 variant ",0.99117550394183,1.8810499772890015,0.0,0.016000428178071624,0.939,2/3,0.14%,P62877;Q13618
prerank,"GBAF (SWI/SNF) ATP-dependent chromatin remodeling complex, ACTL6B-BICRA-SMARCA2 variant",0.6866937838965932,1.8809956367723286,0.011682242990654205,0.015969339919438497,0.939,10/11,28.78%,P60709;Q92922;Q96GM5;O94805;P51531;Q4VC05;Q8WUZ0;Q9BQE9;Q9H8M2;Q15532
prerank,"CRL3 E3 ubiquitin ligase complex, KBTBD4 variant",0.99117550394183,1.8809852467456616,0.0,0.015932288086678778,0.939,2/3,0.14%,P62877;Q13618
prerank,"GABA-A receptor, alpha1-alpha2-beta3-gamma2",0.9167796150718351,1.8788963385133983,0.0029239766081871343,0.016102593477307074,0.944,4/4,8.42%,P18507;P28472;P14867;P47869
prerank,"Non-canonical polycomb repressive complex 1.4, RNF2-RYBP variant",0.9848238482384826,1.8788190863946181,0.0,0.01607452447493163,0.944,3/3,1.60%,Q99496;P35226;Q8N488
prerank,"CRL3 E3 ubiquitin ligase complex, KLHL41 variant ",0.99117550394183,1.878531071583206,0.0,0.01608297851356934,0.945,2/3,0.14%,P62877;Q13618
prerank,GET complex,0.8962922985610128,1.8783862199103394,0.0014184397163120568,0.01606416116272776,0.946,1/4,0.11%,CHEBI:29105
prerank,"CCR4-NOT mRNA deadenylase complex, CNOT6L-CNOT7 variant",0.6720160751484964,1.8781628176192293,0.016184971098265895,0.016054486816818335,0.946,10/12,26.65%,CHEBI:18420;CHEBI:60240;Q92600;O95628;O75175;Q9NZN8;Q9UKZ1;A5YKK6;Q9C0C2;Q9H9A5
prerank,"Cav1.2 voltage-gated calcium channel complex, CACNA2D4-CACNB2 variant",0.902141501761995,1.877909726340685,0.005865102639296188,0.01605088072184174,0.946,4/4,9.88%,Q13936;Q7Z3S7-PRO_0000304656;Q08289;Q7Z3S7-PRO_0000304657
prerank,"CCR4-NOT mRNA deadenylase complex, CNOT6L-CNOT8 variant",0.6720160751484964,1.8776186154050616,0.01834862385321101,0.016059311535818584,0.946,10/12,26.65%,CHEBI:18420;CHEBI:60240;Q92600;O95628;O75175;Q9NZN8;Q9UKZ1;A5YKK6;Q9C0C2;Q9H9A5
prerank,"Nucleosome, variant H3.2-H2A.2-H2B.1",0.8478012699792233,1.877433789120567,0.0053404539385847796,0.016037721287250808,0.946,4/5,10.18%,P62805;P06899;CHEBI:4705;P04908
prerank,"Dystrophin glycoprotein complex, retinal inner limiting membrane variant",0.6798944497088072,1.8771419731412013,0.01611047180667434,0.016031186431664176,0.946,9/11,23.34%,Q14118-PRO_0000021065;Q13424;Q14118-PRO_0000021066;Q13326;Q92629;Q16586;Q16585;Q13884;Q14714
prerank,"CRL3 E3 ubiquitin ligase complex, KLHL9 variant ",0.99117550394183,1.8766353958663864,0.0,0.016042589219181065,0.947,2/3,0.14%,P62877;Q13618
prerank,"CRL3 E3 ubiquitin ligase complex, KLHL1 variant ",0.99117550394183,1.8762866054746485,0.0,0.01608074164645177,0.948,2/3,0.14%,P62877;Q13618
prerank,"CRL3 E3 ubiquitin ligase complex, KLHL13 variant ",0.99117550394183,1.8760786663639495,0.0,0.016062269161691112,0.948,2/3,0.14%,P62877;Q13618
prerank,"CRL3 E3 ubiquitin ligase complex, KLHL2 variant ",0.99117550394183,1.875994602796148,0.0,0.016034986383058336,0.948,2/3,0.14%,P62877;Q13618
prerank,"Non-canonical polycomb repressive complex 1.2, RING1-RYBP variant",0.9848238482384823,1.8752539210209032,0.0,0.016069940848691733,0.948,3/3,1.60%,Q06587;P35227;Q8N488
prerank,"CRL3 E3 ubiquitin ligase complex, KLHL42 variant ",0.99117550394183,1.8745453345921732,0.0,0.016125397019368007,0.95,2/3,0.14%,P62877;Q13618
prerank,"CRL3 E3 ubiquitin ligase complex, KLHL40 variant ",0.99117550394183,1.8741237325699873,0.0,0.01613643598739316,0.95,2/3,0.14%,P62877;Q13618
prerank,"GBAF (SWI/SNF) ATP-dependent chromatin remodeling complex, ACTL6A-BICRA-SMARCA2 variant",0.6875861717387813,1.8739256679104883,0.011737089201877934,0.01611804535103175,0.951,10/11,28.78%,P60709;Q92922;Q96GM5;O96019;P51531;Q4VC05;Q8WUZ0;Q9BQE9;Q9H8M2;Q15532
prerank,"CRL3 E3 ubiquitin ligase complex, KLHL23 variant ",0.99117550394183,1.8738097933469582,0.0,0.016102668121698478,0.951,2/3,0.14%,P62877;Q13618
prerank,"CRL3 E3 ubiquitin ligase complex, KLHL21 variant ",0.99117550394183,1.8737300084252921,0.0,0.016075659337980792,0.951,2/3,0.14%,P62877;Q13618
prerank,HBO1-4.1 histone acetyltransferase complex,0.8398638452435531,1.8736012106323747,0.004160887656033287,0.01606044428264246,0.951,2/5,1.76%,CHEBI:29105;Q9HAF1
prerank,"CRL3 E3 ubiquitin ligase complex, KLHL3 variant ",0.99117550394183,1.872824270339573,0.0,0.01610644922343655,0.951,2/3,0.14%,P62877;Q13618
prerank,"Nucleosome, variant H3.1t-H2A.2-H2B.1",0.8478012699792233,1.8722331614485186,0.005420054200542005,0.016149345448194213,0.952,4/5,10.18%,P62805;P06899;CHEBI:4705;P04908
prerank,"CRL3 E3 ubiquitin ligase complex, KLHL16 variant ",0.99117550394183,1.8719008564362964,0.0,0.016163060665730186,0.952,2/3,0.14%,P62877;Q13618
prerank,"CRL3 E3 ubiquitin ligase complex, KBTBD13 variant",0.99117550394183,1.8715959608790889,0.0,0.01618250126025683,0.953,2/3,0.14%,P62877;Q13618
prerank,"CRL3 E3 ubiquitin ligase complex, KLHL29 variant ",0.99117550394183,1.8710016043016329,0.0,0.016207629564820254,0.954,2/3,0.14%,P62877;Q13618
prerank,"Cav1.2 voltage-gated calcium channel complex, CACNA2D1-CACNB1 variant",0.903225806451613,1.8708622012614373,0.002828854314002829,0.01619232549439481,0.954,4/4,9.78%,Q13936;P54289-PRO_0000005002;P54289-PRO_0000005001;Q02641
prerank,"STRIPAK complex, STRIP1-STRN variant",0.7565530795437305,1.8708240241323726,0.007575757575757576,0.0161627188382189,0.954,5/7,13.27%,CHEBI:29035;P30153;P67775;CHEBI:17401;Q9Y3A3
prerank,"CRL3 E3 ubiquitin ligase complex, KLHL35 variant ",0.99117550394183,1.8701850000002072,0.0,0.016216402224127596,0.956,2/3,0.14%,P62877;Q13618
prerank,"GBAF (SWI/SNF) ATP-dependent chromatin remodeling complex, ACTL6A-BICRAL-SMARCA2 variant",0.6875861717387813,1.8700519429505422,0.010650887573964497,0.01619259472783961,0.957,10/11,28.78%,P60709;Q92922;Q96GM5;O96019;P51531;Q4VC05;Q8WUZ0;Q9BQE9;Q9H8M2;Q15532
prerank,"Cav1.2 voltage-gated calcium channel complex, CACNA2D1-CACNB4 variant",0.9034968826240174,1.8696792868041119,0.004166666666666667,0.016197442328778754,0.957,4/4,9.75%,Q13936;P54289-PRO_0000005002;P54289-PRO_0000005001;O00305
prerank,"CRL3 E3 ubiquitin ligase complex, KLHL32 variant ",0.99117550394183,1.8694240469007775,0.0,0.016190872940251382,0.958,2/3,0.14%,P62877;Q13618
prerank,"CRL3 E3 ubiquitin ligase complex, KLHL12 variant ",0.99117550394183,1.8687171667960059,0.0,0.016275303055461113,0.96,2/3,0.14%,P62877;Q13618
prerank,"Cav1.2 voltage-gated calcium channel complex, CACNA2D2-CACNB2 variant",0.9015993494171861,1.8677696372412644,0.007082152974504249,0.016379226293838898,0.961,4/4,9.94%,Q13936;Q08289;Q9NY47-PRO_0000304639;Q9NY47-PRO_0000304637
prerank,"STRIPAK complex, STRIP1-STRN4 variant",0.7565530795437305,1.8675683382620847,0.012642225031605562,0.01637513897559848,0.961,5/7,13.27%,CHEBI:29035;P30153;P67775;CHEBI:17401;Q9Y3A3
prerank,"Non-canonical polycomb repressive complex 1.2, RNF2-RYBP variant",0.9848238482384826,1.8672906633745097,0.0,0.016396490114402487,0.961,3/3,1.60%,Q99496;P35227;Q8N488
prerank,"CRL3 E3 ubiquitin ligase complex, KLHL8 variant ",0.99117550394183,1.867190642096068,0.0,0.016372653848486535,0.961,2/3,0.14%,P62877;Q13618
prerank,"CRL3 E3 ubiquitin ligase complex, KBTBD8 variant",0.99117550394183,1.8668942590572102,0.0,0.016365794299299883,0.961,2/3,0.14%,P62877;Q13618
prerank,"Cav1.2 voltage-gated calcium channel complex, CACNA2D1-CACNB2 variant",0.9029547302792085,1.8661556089983655,0.00430416068866571,0.016409480617471037,0.962,4/4,9.80%,Q13936;P54289-PRO_0000005002;P54289-PRO_0000005001;Q08289
prerank,"CRL3 E3 ubiquitin ligase complex, KLHL15 variant ",0.99117550394183,1.8651791649999356,0.0,0.01651739270685637,0.962,2/3,0.14%,P62877;Q13618
prerank,"STRIPAK complex, STRIP2-STRN variant",0.7565530795437305,1.8651027234824475,0.006361323155216285,0.016493502178671224,0.962,5/7,13.27%,CHEBI:29035;P30153;P67775;CHEBI:17401;Q9Y3A3
prerank,"Cav1.2 voltage-gated calcium channel complex, CACNA2D3-CACNB3 variant",0.9018704255895906,1.8646430147195237,0.004373177842565598,0.016528274339463935,0.962,4/4,9.91%,Q13936;Q8IZS8-PRO_0000304647;P54284;Q8IZS8-PRO_0000304648
prerank,"Non-canonical polycomb repressive complex 1.4, RING1-RYBP variant",0.9848238482384823,1.8644806124600666,0.0,0.016504461822745523,0.962,3/3,1.60%,Q06587;P35226;Q8N488
prerank,"CRL3 E3 ubiquitin ligase complex, KLHL38 variant ",0.99117550394183,1.8632680035652172,0.0,0.01660293225598833,0.962,2/3,0.14%,P62877;Q13618
prerank,"CRL3 E3 ubiquitin ligase complex, SPOPL variant",0.9871894508794895,1.863171505567982,0.0,0.0165790628279371,0.962,2/3,0.14%,P62877;Q13618
prerank,"Cav1.2 voltage-gated calcium channel complex, CACNA2D3-CACNB2 variant",0.9018704255895907,1.8628953562139197,0.005822416302765648,0.016582945760569134,0.963,4/4,9.91%,Q13936;Q8IZS8-PRO_0000304647;Q08289;Q8IZS8-PRO_0000304648
prerank,"CRL3 E3 ubiquitin ligase complex, SPOP variant",0.9871894508794895,1.862774206209572,0.0,0.01655921831438692,0.963,2/3,0.14%,P62877;Q13618
prerank,"Non-canonical polycomb repressive complex 1.4, RING1-YAF2 variant",0.9837398373983739,1.8622685937227244,0.0,0.016574141064131798,0.963,3/3,1.71%,Q06587;P35226;Q8IY57
prerank,"STRIPAK complex, STRIP2-STRN4 variant",0.7565530795437305,1.8613942167348563,0.010165184243964422,0.016663194489323793,0.963,5/7,13.27%,CHEBI:29035;P30153;P67775;CHEBI:17401;Q9Y3A3
prerank,"CRL3 E3 ubiquitin ligase complex, KBTBD3 variant",0.99117550394183,1.8608678279652051,0.0,0.016688807097937894,0.964,2/3,0.14%,P62877;Q13618
prerank,Chromosomal passenger complex,0.8384629149312832,1.860327904936302,0.009735744089012517,0.016725259059388636,0.967,1/5,0.11%,CHEBI:29105
prerank,Subcortical maternal complex,-0.5575149213239284,-1.8591087560766006,0.0196078431372549,0.018079927668223975,0.886,7/7,44.38%,P59047;A6NGQ2;Q587J8;Q6TGC4;Q9NX02;Q8WX94;Q9H808-1
prerank,"CRL3 E3 ubiquitin ligase complex, KLHL22 variant ",0.99117550394183,1.8578258859088705,0.0,0.016993676512799392,0.97,2/3,0.14%,P62877;Q13618
prerank,"Dystrophin glycoprotein complex, neuromuscular junction variant",0.6798944497088072,1.8575036418672302,0.020713463751438434,0.016985744231880828,0.97,9/11,23.34%,Q14118-PRO_0000021065;Q13424;Q14118-PRO_0000021066;Q13326;Q92629;Q16586;Q16585;Q13884;Q14714
prerank,"Non-canonical polycomb repressive complex 1.2, RING1-YAF2 variant",0.9837398373983739,1.8575015902836307,0.0,0.01695064971900504,0.97,3/3,1.71%,Q06587;P35227;Q8IY57
prerank,"Cav1.2 voltage-gated calcium channel complex, CACNA2D1-CACNB3 variant",0.9026836541068041,1.8565516044858799,0.001443001443001443,0.017021541783158883,0.97,4/4,9.83%,Q13936;P54289-PRO_0000005002;P54289-PRO_0000005001;P54284
prerank,"GABA-A receptor, alpha1-beta3-gamma2",0.9734417344173443,1.8558748610143405,0.0,0.01708401718151633,0.97,3/3,2.73%,P18507;P28472;P14867
prerank,HBO1-4.2 histone acetyltransferase complex,0.8398638452435531,1.854709332848793,0.005291005291005291,0.017221912963292372,0.972,2/5,1.76%,CHEBI:29105;Q9HAF1
prerank,"Cav1.2 voltage-gated calcium channel complex, CACNA2D2-CACNB4 variant",0.9015993494171861,1.8533170416208475,0.00425531914893617,0.017326877078350154,0.972,4/4,9.94%,Q13936;O00305;Q9NY47-PRO_0000304639;Q9NY47-PRO_0000304637
prerank,VCP-NPL4-UFD1-UBXN7 AAA ATPase complex,0.8911766698284218,1.8525088563316208,0.008583690987124463,0.017417953421128424,0.974,3/4,6.47%,P55072;Q92890;Q8TAT6
prerank,"GABA-A receptor, alpha1-beta2-gamma2",0.9734417344173442,1.8524691744192392,0.0,0.017393151381353986,0.974,3/3,2.73%,P18507;P47870;P14867
prerank,"Non-canonical polycomb repressive complex 1.4, RNF2-YAF2 variant",0.9837398373983739,1.8524220764881223,0.0,0.017363088908002602,0.974,3/3,1.71%,Q99496;P35226;Q8IY57
prerank,"CRL3 E3 ubiquitin ligase complex, KLHL14 variant ",0.99117550394183,1.8514222924398955,0.0,0.017434809335662216,0.974,2/3,0.14%,P62877;Q13618
prerank,"CRL3 E3 ubiquitin ligase complex, KLHL7 variant ",0.99117550394183,1.8499093390700925,0.0,0.017613033005636658,0.976,2/3,0.14%,P62877;Q13618
prerank,"STRIPAK complex, STRIP2-STRN3 variant",0.7565530795437305,1.8493072373344173,0.010243277848911651,0.017678628206740033,0.978,5/7,13.27%,CHEBI:29035;P30153;P67775;CHEBI:17401;Q9Y3A3
prerank,"CRL3 E3 ubiquitin ligase complex, KLHL17 variant ",0.99117550394183,1.8482915803361304,0.0,0.017754594647296836,0.979,2/3,0.14%,P62877;Q13618
prerank,"CRL3 E3 ubiquitin ligase complex, KLHL11 variant ",0.99117550394183,1.8481255219689392,0.0,0.01774798986637899,0.979,2/3,0.14%,P62877;Q13618
prerank,"Dystrophin glycoprotein complex, retinal outer plexiform layer variant",0.6733539911633173,1.8479778864868743,0.019653179190751446,0.017725521461043354,0.979,9/11,23.34%,Q14118-PRO_0000021065;Q13424;Q14118-PRO_0000021066;Q13326;Q92629;Q16586;Q16585;Q13884;Q14714
prerank,"Nucleosome complex, H2BC12 variant ",0.8462054358861965,1.8459329676653382,0.008253094910591471,0.01797273430483989,0.98,4/5,10.18%,P62805;CHEBI:4705;P68431;P04908
prerank,"Cav1.2 voltage-gated calcium channel complex, CACNA2D2-CACNB3 variant",0.9015993494171861,1.8407984682242384,0.005908419497784343,0.01861989469115191,0.983,4/4,9.94%,Q13936;P54284;Q9NY47-PRO_0000304639;Q9NY47-PRO_0000304637
prerank,"CRL3 E3 ubiquitin ligase complex, KLHL6 variant ",0.99117550394183,1.8407794749490727,0.0,0.018590552332667088,0.983,2/3,0.14%,P62877;Q13618
prerank,"STRIPAK complex, STRIP1-STRN3 variant",0.7565530795437305,1.8401602808721529,0.012903225806451613,0.018645398230010997,0.983,5/7,13.27%,CHEBI:29035;P30153;P67775;CHEBI:17401;Q9Y3A3
prerank,"Ribonucleoside-diphosphate reductase RR1 complex, RRM2 variant",0.8822223865786835,1.8385955020460893,0.008759124087591242,0.018807527167205015,0.983,2/4,1.81%,CHEBI:18420;CHEBI:29034
prerank,"CRL3 E3 ubiquitin ligase complex, ENC1 variant ",0.99117550394183,1.838569771685391,0.0,0.018772753233439028,0.983,2/3,0.14%,P62877;Q13618
prerank,"Non-canonical polycomb repressive complex 1.2, RNF2-YAF2 variant",0.983739837398374,1.8351469995941074,0.0,0.019189921373902262,0.984,3/3,1.71%,Q99496;P35227;Q8IY57
prerank,PDGF receptor alpha-beta - PDGF-BB complex,0.9715447154471544,1.8320950825922941,0.0,0.019644533555875938,0.985,3/3,2.92%,P01127;P09619;P16234
prerank,VCP-NPL4-UFD1-FAF2 AAA ATPase complex,0.8911766698284218,1.8291272818801014,0.008534850640113799,0.02003231730615638,0.987,3/4,6.47%,P55072;Q92890;Q8TAT6
prerank,"Interferon alpha receptor-ligand complex, IFNA10 variant",0.9513562788703419,1.818417523589953,0.0015503875968992248,0.02149077349419346,0.992,2/3,0.57%,P48551;P17181
prerank,"CoREST transcriptional corepressor complex, RCOR3-HDAC2 variant",0.8560271842000815,1.8183375013861052,0.010159651669085631,0.021456241883867768,0.992,3/4,7.77%,CHEBI:57692;Q92769;O60341
prerank,Interferon beta receptor-ligand complex,0.9513562788703419,1.8167276154581231,0.0030120481927710845,0.02170112642162711,0.992,2/3,0.57%,P48551;P17181
prerank,SIN3B histone deacetylase complex,0.6113771291320493,1.8167200350447221,0.017679558011049725,0.021661156053119825,0.992,4/15,2.41%,Q09028;Q16576;Q92769;Q13547
prerank,VCP-NPL4-UFD1-UBXN1 AAA ATPase complex,0.8911766698284218,1.8162727477956964,0.011315417256011316,0.021680585735187927,0.992,3/4,6.47%,P55072;Q92890;Q8TAT6
prerank,"Ribonucleoside-diphosphate reductase RR1 complex, RRM2B variant",0.8822223865786835,1.816255729312768,0.007204610951008645,0.021640811619460826,0.992,2/4,1.81%,CHEBI:18420;CHEBI:29034
prerank,"Interferon alpha receptor-ligand complex, IFNA5 variant",0.9513562788703419,1.8136193022784153,0.0015082956259426848,0.022006583758181594,0.993,2/3,0.57%,P48551;P17181
prerank,"Interferon alpha receptor-ligand complex, IFNA6 variant",0.9513562788703419,1.8130012407486318,0.0,0.022053396526943814,0.993,2/3,0.57%,P48551;P17181
prerank,"Interferon alpha receptor-ligand complex, IFNA4 variant",0.9513562788703419,1.8124320802046199,0.0,0.02209747169566635,0.993,2/3,0.57%,P48551;P17181
prerank,"CoREST transcriptional corepressor complex, RCOR1-HDAC1 variant",0.8560271842000815,1.8119151026664573,0.011267605633802818,0.022141376030401595,0.993,3/4,7.77%,CHEBI:57692;Q13547;O60341
prerank,"CoREST transcriptional corepressor complex, RCOR2-HDAC2 variant",0.8560271842000815,1.8087591983500213,0.005952380952380952,0.022582273391568174,0.994,3/4,7.77%,CHEBI:57692;Q92769;O60341
prerank,"CoREST transcriptional corepressor complex, RCOR1-HDAC2 variant",0.8560271842000815,1.8064591300513304,0.008571428571428572,0.022881713395046403,0.994,3/4,7.77%,CHEBI:57692;Q92769;O60341
prerank,Non-canonical FBXO45-MYCBP2-SKP1 E3 ubiquitin ligase complex,0.9440919125917729,1.8058456990536846,0.0,0.02294921393426247,0.994,1/3,0.05%,P63208
prerank,Interferon epsilon receptor-ligand complex,0.9513562788703419,1.805762031477713,0.0015037593984962407,0.02291520574194976,0.994,2/3,0.57%,P48551;P17181
prerank,Interferon omega receptor-ligand complex,0.9513562788703419,1.8055367509148232,0.0014925373134328358,0.022921750010503145,0.995,2/3,0.57%,P48551;P17181
prerank,"Interferon alpha receptor-ligand complex, IFNA21 variant",0.9513562788703419,1.8050307160025136,0.001519756838905775,0.022953484501838196,0.995,2/3,0.57%,P48551;P17181
prerank,"Interferon alpha receptor-ligand complex, IFNA2 variant",0.9513562788703419,1.803979818213108,0.00303951367781155,0.023055565472215118,0.995,2/3,0.57%,P48551;P17181
prerank,"Interferon alpha receptor-ligand complex, IFNA14 variant",0.9513562788703419,1.802899286240462,0.0015290519877675841,0.023192423497592107,0.995,2/3,0.57%,P48551;P17181
prerank,Interferon kappa receptor-ligand complex,0.9513562788703419,1.8016639925904112,0.0015313935681470138,0.02331121031262405,0.995,2/3,0.57%,P48551;P17181
prerank,"CoREST transcriptional corepressor complex, RCOR2-HDAC1 variant",0.8560271842000815,1.8007018110172008,0.0103397341211226,0.02340702427599006,0.996,3/4,7.77%,CHEBI:57692;Q13547;O60341
prerank,Histone pre-RNA core cleavage complex,0.8142033700343635,1.7996996930580225,0.019390581717451522,0.023522455468837227,0.997,1/5,0.11%,CHEBI:29105
prerank,"Interferon alpha receptor-ligand complex, IFNA16 variant",0.9513562788703419,1.7991381138467313,0.004615384615384616,0.023570141772623128,0.997,2/3,0.57%,P48551;P17181
prerank,"Interferon alpha receptor-ligand complex, IFNA8 variant",0.9513562788703419,1.798958019576533,0.003048780487804878,0.023552955537347934,0.997,2/3,0.57%,P48551;P17181
prerank,"CoREST transcriptional corepressor complex, RCOR3-HDAC1 variant",0.8560271842000815,1.7967215358492172,0.008888888888888889,0.023809015727716158,0.997,3/4,7.77%,CHEBI:57692;Q13547;O60341
prerank,"Interferon alpha receptor-ligand complex, IFNA17 variant",0.9513562788703419,1.7946209005123752,0.001557632398753894,0.02409633576723153,0.997,2/3,0.57%,P48551;P17181
prerank,TOM40 mitochondrial outer membrane translocase complex,-0.5537167661421595,-1.7913898631943086,0.019417475728155338,0.029345006057182974,0.965,7/7,44.76%,Q96B49;Q15388;Q9NS69;Q9P0U1;Q8N4H5;O94826;O96008
prerank,"Interferon alpha receptor-ligand complex, IFNA7 variant",0.9513562788703419,1.7892388521853495,0.001524390243902439,0.024842764298744716,0.998,2/3,0.57%,P48551;P17181
prerank,SIN3A histone deacetylase complex,0.6056878170503619,1.7892346848153422,0.025386313465783666,0.024796154984863393,0.998,4/15,2.41%,Q09028;Q16576;Q92769;Q13547
prerank,Mitochondrial respiratory chain complex II,0.6864757958922145,1.7887148191487425,0.031862745098039214,0.024863104077052813,0.998,2/9,0.70%,CHEBI:49883;CHEBI:57692
prerank,"Interferon alpha receptor-ligand complex, IFNA1 variant",0.9513562788703419,1.784976434907699,0.0045385779122541605,0.025431695696961715,0.998,2/3,0.57%,P48551;P17181
prerank,XRCC1 DNA repair complex,-0.5548019533369506,-1.7848263228193793,0.01932367149758454,0.029802923811459294,0.97,7/7,44.65%,P18887;Q7Z2E3;P06746;Q9NUW8;Q8IW19;P49916;Q96T60
prerank,BRISC-SHMT2 complex,0.7555131527127088,1.7832058940205042,0.011984021304926764,0.025698574111357123,0.998,3/6,13.46%,CHEBI:29105;P46736;Q9NXR7
prerank,"LINC complex, SUN1-SYNE4 variant",0.9252785527053391,1.7807711611383532,0.007763975155279503,0.026062502400031374,0.998,2/3,3.14%,CHEBI:29105;O94901
prerank,General transcription factor TFIIB-TBP complex,0.9252222813661266,1.7798216212662128,0.0,0.026195103041919014,0.998,2/3,4.71%,CHEBI:29105;P20226
prerank,"GABA-A receptor, alpha1-beta1-gamma2",0.9414634146341461,1.7787902570290033,0.0029498525073746312,0.02630034964930606,0.998,3/3,5.93%,P18507;P14867;P18505
prerank,"Non-canonical polycomb repressive complex 1.6, RING1-YAF2 variant",0.7551376917354737,1.7766628589479152,0.01703800786369594,0.026656266757665872,0.998,2/6,1.71%,Q06587;Q8IY57
prerank,Mitochondrial processing peptidase complex,0.9293521214382693,1.7760857407616253,0.001488095238095238,0.02671161239169102,0.998,1/3,0.11%,CHEBI:29105
prerank,"Non-canonical polycomb repressive complex 1.6, RING2-RYBP variant",0.7568232668618544,1.7741236416269948,0.01602136181575434,0.02702417313258103,0.998,2/6,1.60%,Q99496;Q8N488
prerank,RXRalpha-RARalpha-NCOA2 retinoic acid receptor complex,0.923848238482385,1.7734503190902873,0.001567398119122257,0.0270907574310106,0.998,3/3,7.69%,P19793;Q15596;P10276
prerank,Signal recognition particle,-0.553174172544764,-1.7724448920668396,0.009615384615384616,0.031639873419391965,0.979,7/7,44.81%,P37108;URS00000478B7_9606;Q9UHB9;P61011;P49458;P09132;O76094
prerank,Rixosome RNA degradation complex,-0.5561584373304395,-1.7723120334801163,0.013392857142857142,0.030863649870799724,0.98,7/7,44.52%,Q9Y4W2;Q9NU22;Q9NXF1;Q5SY16;Q8IZL8;Q9BV38;Q9H4L4
prerank,"Non-canonical polycomb repressive complex 1.6, RING2-YAF2 variant",0.7554407481055939,1.7721320247189525,0.014588859416445624,0.027246620507511737,0.998,2/6,1.71%,Q99496;Q8IY57
prerank,PDGF receptor alpha - PDGF-AB complex,0.9520325203252032,1.7705370571500232,0.0,0.027459874404998037,0.998,3/3,4.87%,P01127;P16234;P04085
prerank,"Non-canonical polycomb repressive complex 1.6, RING1-RYBP variant",0.7565210016544511,1.7683534709162003,0.013245033112582781,0.02786279191485646,0.998,2/6,1.60%,Q06587;Q8N488
prerank,SHOC2-MRAS-PPP1CB complex,0.810496757563961,1.7676314052165096,0.014945652173913044,0.02793698132837864,0.998,3/5,7.74%,CHEBI:29035;CHEBI:37565;Q9UQ13
prerank,SHOC2-MRAS-PPP1CC complex,0.810496757563961,1.7668598049742072,0.01646090534979424,0.028010899977617895,0.998,3/5,7.74%,CHEBI:29035;CHEBI:37565;Q9UQ13
prerank,Mitochondrial RNase Z complex,0.7839491363979024,1.7660965863055484,0.010869565217391304,0.02810133198219761,0.998,3/5,13.97%,CHEBI:29105;Q7L0Y3;Q99714
prerank,"SIN3A histone deacetylase complex, ES cell-specific variant",0.566500751691657,1.7652651606266876,0.035181236673773986,0.02817228985610012,0.998,4/18,2.41%,Q09028;Q16576;Q92769;Q13547
prerank,"Phagocyte NADPH oxidase complex, RAC2 variant",0.6935658771751003,1.7645758017249957,0.020858895705521473,0.02825015662238182,0.998,7/8,27.78%,CHEBI:57692;CHEBI:37565;P13498;P14598;P19878;P04839;Q15080
prerank,[Cu-Zn] Superoxide dismutase complex,0.9293521214382693,1.7633180448711723,0.00631911532385466,0.028439812292946787,0.998,1/3,0.11%,CHEBI:29105
prerank,"Phagocyte NADPH oxidase complex, RAC3 variant",0.6935658771751003,1.762917058560143,0.018226002430133656,0.02846216958169428,0.998,7/8,27.78%,CHEBI:57692;CHEBI:37565;P13498;P14598;P19878;P04839;Q15080
prerank,"Phagocyte NADPH oxidase complex, RAC1 variant",0.6935658771751003,1.7609638214736902,0.018337408312958436,0.028748169031138304,0.998,7/8,27.78%,CHEBI:57692;CHEBI:37565;P13498;P14598;P19878;P04839;Q15080
prerank,ERAP1-ERAP2 endoplasmic reticulum aminopeptidase complex,0.9293521214382693,1.7595182478861604,0.0030864197530864196,0.029018908246715002,0.999,1/3,0.11%,CHEBI:29105
prerank,PDGF receptor beta - PDGF-AB complex,0.9520325203252031,1.7576147281540517,0.0,0.029380999660857283,0.999,3/3,4.87%,P01127;P09619;P04085
prerank,SHOC2-NRAS-PPP1CA complex,0.8007056366326736,1.757084327791613,0.014945652173913044,0.029408595906383662,0.999,4/5,16.52%,CHEBI:29035;CHEBI:37565;Q9UQ13;P62136
prerank,VCP-NPL4-UFD1-FAF1 AAA ATPase complex,0.8608501511500621,1.7568389223382241,0.010174418604651164,0.02941722243801334,0.999,3/4,6.47%,P55072;Q92890;Q8TAT6
prerank,Synaptonemal complex,-0.5542593597395551,-1.7562977394338315,0.047619047619047616,0.033778494493110114,0.99,7/7,44.71%,Q8IZU3;Q15431;Q6PIF2;Q9BX26;Q8N0S2;Q9BXU0;A1L190
prerank,SHOC2-KRAS-PPP1CA complex,0.8007056366326736,1.7562852395019066,0.014666666666666666,0.029484683869481255,0.999,4/5,16.52%,CHEBI:29035;CHEBI:37565;Q9UQ13;P62136
prerank,Vault ribonucleoprotein complex,-0.5550732501356485,-1.756179839234015,0.03773584905660377,0.03298321041190453,0.99,7/7,44.62%,Q9UKK3;Q99973;URS00005CCF67_9606;URS0000A76E3A_9606;Q14764;URS000058CD99_9606;URS0000000A8C_9606
prerank,VCP-NPL4-UFD1 AAA ATPase complex,0.9360433604336043,1.753798116121786,0.004601226993865031,0.02985510930350788,0.999,3/3,6.47%,P55072;Q92890;Q8TAT6
prerank,NineTeen Core complex,0.7153959185766926,1.7532582036374798,0.023989898989898988,0.029886356141442586,0.999,5/7,19.71%,Q99459;O43660;Q9P013;O75934;Q9UMS4
prerank,GLUK1-GLUK3-GLUK5 glutamate ionotropic kainate-type receptor complex,0.9376693766937669,1.7529954400308458,0.0,0.02987299261487334,0.999,3/3,6.31%,P39086;Q13003;Q16478
prerank,GLUK1-GLUK2-GLUK4 glutamate ionotropic kainate-type receptor complex,0.9373983739837399,1.751237496996076,0.0028169014084507044,0.030224389177802513,0.999,3/3,6.34%,P39086;Q13002;Q16099
prerank,GLUK1-GLUK3-GLUK4 glutamate ionotropic kainate-type receptor complex,0.9373983739837397,1.7499562843987786,0.0029498525073746312,0.030436848039281785,0.999,3/3,6.34%,P39086;Q13003;Q16099
prerank,"DNA replication factor C complex, ATAD5 variant",0.7909616504865089,1.7483817993000028,0.019498607242339833,0.030746399110600703,0.999,4/5,13.13%,P35249;P40938;P35250;P40937
prerank,NuRF chromatin remodeling complex,0.8474270483478721,1.7467754434630065,0.011188811188811189,0.031019973716572738,0.999,2/4,1.57%,Q09028;Q16576
prerank,tRNA-guanine transglycosylase complex,0.9293521214382693,1.7453475621727261,0.0,0.03124383375931175,0.999,1/3,0.11%,CHEBI:29105
prerank,"DNA replication factor C complex, RFC1 variant",0.7909616504865089,1.7446212515077624,0.017881705639614855,0.031341770213735985,0.999,4/5,13.13%,P35249;P40938;P35250;P40937
prerank,USP12-DMWD deubiquitinase complex,0.8481754296993813,1.7431500203249435,0.01875901875901876,0.0315596513574443,0.999,2/4,7.88%,CHEBI:29105;Q8TAF3
prerank,"GABA-A receptor, alpha3-beta3-gamma2",0.9154471544715447,1.7422477268494936,0.004484304932735426,0.031686709583396415,0.999,3/3,8.53%,P18507;P28472;P34903
prerank,"GABA-A receptor, alpha1-beta2-delta",0.9143631436314362,1.7415946042420347,0.00744047619047619,0.031751083824251215,0.999,3/3,8.64%,P47870;P14867;O14764
prerank,BRISC complex,0.7763194547045545,1.7411754129358366,0.00945945945945946,0.031771511771999265,0.999,3/5,13.46%,CHEBI:29105;P46736;Q9NXR7
prerank,GLUK1-GLUK2-GLUK5 glutamate ionotropic kainate-type receptor complex,0.9376693766937669,1.7360921341038773,0.0014285714285714286,0.03277273025431708,0.999,3/3,6.31%,P39086;Q13002;Q16478
prerank,"Nuclear meiotic cohesin complex, RAD21 variant",0.8351856871780972,1.7335150014035128,0.01675977653631285,0.033270564718795644,0.999,4/4,16.57%,Q9UQE7;O60216;Q9UJ98;Q8NDV3
prerank,"LINC complex, SUN2-SYNE4 variant",0.9255495554153661,1.7284111852063642,0.0015552099533437014,0.034318343192757936,0.999,2/3,3.11%,CHEBI:29105;Q9UH99
prerank,"GABA-A receptor, alpha2-beta3-gamma2",0.916531165311653,1.7274964833667517,0.004601226993865031,0.034446143908740796,0.999,3/3,8.42%,P18507;P28472;P47869
prerank,PDGF receptor alpha-beta - PDGF-CC complex,0.9151761517615175,1.723813311638437,0.0014619883040935672,0.035278384988308126,1.0,3/3,8.56%,P09619;P16234;Q9NRA1
prerank,"Nav1.7 voltage-gated sodium channel complex, SCN2B-SCN3B variant",0.8896371004400625,1.7235399148147335,0.007680491551459293,0.03529705274248401,1.0,2/3,0.81%,Q9NY72;O60939
prerank,MICOS mitochondrial contact site and cristae organizing system complex,-0.5545306565382528,-1.722837394207652,0.0213903743315508,0.03957774289718474,0.998,7/7,44.68%,Q9NX63;Q16891;Q9BUR5;Q9BRQ6;Q6UXV4;Q5XKP0;Q5TGZ0
prerank,"GABA-A receptor, alpha3-beta2-gamma2",0.9154471544715448,1.7214746600595685,0.004379562043795621,0.03571120954764184,1.0,3/3,8.53%,P18507;P47870;P34903
prerank,"Nav1.5 voltage-gated sodium channel complex, SCN1B-SCN4B variant",0.8899081031500896,1.7208208882372973,0.006220839813374806,0.03578807047507299,1.0,2/3,0.79%,Q8IWT1;Q07699
prerank,"m-AAA protease complex, AFG3L2-SPG7 variant",0.9157670835466875,1.719024378835783,0.012048192771084338,0.03619089460333831,1.0,1/3,0.11%,CHEBI:29105
prerank,"Nav1.9 voltage-gated sodium channel complex, SCN2B-SCN3B variant",0.8896371004400625,1.7180757283914945,0.0015600624024961,0.036357130328717874,1.0,2/3,0.81%,Q9NY72;O60939
prerank,"Nax cation channel complex, SCN1B-SCN4B variant",0.8899081031500896,1.7171834872254583,0.006033182503770739,0.036513764981400326,1.0,2/3,0.79%,Q8IWT1;Q07699
prerank,"GABA-A receptor, alpha2-beta1-gamma2 complex",0.916531165311653,1.7171422848372446,0.004431314623338257,0.036458002910282755,1.0,3/3,8.42%,P18507;P18505;P47869
prerank,"DNA replication factor C complex, RAD17 variant",0.7909616504865089,1.7171377668043144,0.01566951566951567,0.036395681537786544,1.0,4/5,13.13%,P35249;P40938;P35250;P40937
prerank,"Nav1.4 voltage-gated sodium channel complex, SCN2B-SCN3B variant",0.8896371004400625,1.715974587548588,0.004724409448818898,0.036625571164477566,1.0,2/3,0.81%,Q9NY72;O60939
prerank,ALKBH8-TRM112 methyltransferase complex,0.8313026957999414,1.7158521467245427,0.015341701534170154,0.036596811379263294,1.0,2/4,2.36%,CHEBI:59789;Q9UI30
prerank,Coagulation factor IXa complex,0.8805294636483727,1.7155719516008614,0.007836990595611285,0.03660172692876692,1.0,1/3,0.22%,CHEBI:29108
prerank,"Nav1.3 voltage-gated sodium channel complex, SCN1B-SCN4B variant",0.8899081031500896,1.714812879962658,0.01361573373676248,0.036704952600764916,1.0,2/3,0.79%,Q8IWT1;Q07699
prerank,"Nav1.9 voltage-gated sodium channel complex, SCN3B-SCN4B variant",0.8901791058601167,1.7141876079152687,0.0015290519877675841,0.03677659557767005,1.0,2/3,0.76%,Q9NY72;Q8IWT1
prerank,"Nav1.7 voltage-gated sodium channel complex, SCN3B-SCN4B variant",0.8901791058601167,1.713471440550734,0.0030303030303030303,0.036901447416903634,1.0,2/3,0.76%,Q9NY72;Q8IWT1
prerank,Interleukin-17A-F receptor-ligand complex,0.7793293474667801,1.7131010050220945,0.024489795918367346,0.0369324956751223,1.0,4/5,9.40%,Q96F46;O43734;Q16552;Q96PD4
prerank,"Nav1.8 voltage-gated sodium channel complex, SCN2B-SCN3B variant",0.8896371004400625,1.7117279734306743,0.009244992295839754,0.037216476632389334,1.0,2/3,0.81%,Q9NY72;O60939
prerank,USP12-WDR20 deubiquitinase complex,0.8288810585410841,1.7108821127176648,0.014388489208633094,0.03738870693972337,1.0,2/4,7.88%,CHEBI:29105;Q8TAF3
prerank,"GABA-A receptor, alpha3-beta1-gamma2 complex",0.9154471544715448,1.7107674628217011,0.002932551319648094,0.037356839094044476,1.0,3/3,8.53%,P18507;P18505;P34903
prerank,"Nav1.4 voltage-gated sodium channel complex, SCN1B-SCN4B variant",0.8899081031500896,1.710628735520176,0.004552352048558422,0.03732949509510584,1.0,2/3,0.79%,Q8IWT1;Q07699
prerank,SLX1-SLX4 structure-specific endonuclease complex,0.9055824433564504,1.7084219924310495,0.006051437216338881,0.03779169821711296,1.0,1/3,0.11%,CHEBI:29105
prerank,"Nav1.2 voltage-gated sodium channel complex, SCN1B-SCN4B variant",0.8899081031500896,1.70702579208129,0.0075075075075075074,0.03806086261962599,1.0,2/3,0.79%,Q8IWT1;Q07699
prerank,"Nav1.4 voltage-gated sodium channel complex, SCN1B-SCN2B variant",0.8896371004400625,1.7065936863380815,0.007861635220125786,0.03809180985192256,1.0,2/3,0.81%,Q07699;O60939
prerank,"Nav1.5 voltage-gated sodium channel complex, SCN3B-SCN4B variant",0.8901791058601167,1.705242944857329,0.004724409448818898,0.038359576853702525,1.0,2/3,0.76%,Q9NY72;Q8IWT1
prerank,"Nav1.5 voltage-gated sodium channel complex, SCN2B-SCN3B variant",0.8896371004400625,1.703600045547874,0.009404388714733543,0.038703105607393325,1.0,2/3,0.81%,Q9NY72;O60939
prerank,"Nav1.3 voltage-gated sodium channel complex, SCN1B-SCN2B variant",0.8896371004400625,1.7032019844269723,0.01584786053882726,0.038752509752748965,1.0,2/3,0.81%,Q07699;O60939
prerank,"Nav1.1 voltage-gated sodium channel complex, SCN1B-SCN4B variant",0.8899081031500896,1.7021900884504886,0.0030721966205837174,0.038963278474298424,1.0,2/3,0.79%,Q8IWT1;Q07699
prerank,"GABA-A receptor, alpha2-beta2-gamma2",0.9165311653116532,1.7012609382214177,0.0045662100456621,0.03914066124437967,1.0,3/3,8.42%,P18507;P47870;P47869
prerank,THUMPD3-TRM112 methyltransferase complex,0.8994077185491824,1.7010003301167356,0.010279001468428781,0.03915863876686946,1.0,2/3,2.36%,CHEBI:59789;Q9UI30
prerank,"Nav1.9 voltage-gated sodium channel complex, SCN1B-SCN4B variant",0.8899081031500896,1.6998424590316137,0.004601226993865031,0.03934597379203625,1.0,2/3,0.79%,Q8IWT1;Q07699
prerank,"Nav1.2 voltage-gated sodium channel complex, SCN1B-SCN2B variant",0.8896371004400625,1.6991803499821496,0.006144393241167435,0.03943728054158768,1.0,2/3,0.81%,Q07699;O60939
prerank,"Nax cation channel complex, SCN3B-SCN4B variant",0.8901791058601167,1.6990091700394778,0.006230529595015576,0.03942220850962291,1.0,2/3,0.76%,Q9NY72;Q8IWT1
prerank,"Radial spoke complex, flagellar variant",-0.37382183787789214,-1.697544461709557,0.025,0.04498893859016328,0.999,12/13,40.37%,Q9H0K4;Q8NA54;Q8WWB3;Q8WYR4;P59910;P56597;Q6P9G0;Q9H1X1;Q9UHP6;Q96C74;Q8IYR0;Q86UC2
prerank,"Nav1.8 voltage-gated sodium channel complex, SCN3B-SCN4B variant",0.8901791058601167,1.695181671609396,0.0062402496099844,0.04035816287592705,1.0,2/3,0.76%,Q9NY72;Q8IWT1
prerank,"Nav1.4 voltage-gated sodium channel complex, SCN3B-SCN4B variant",0.8901791058601167,1.694700316800884,0.012364760432766615,0.040402048121423194,1.0,2/3,0.76%,Q9NY72;Q8IWT1
prerank,"Nav1.3 voltage-gated sodium channel complex, SCN2B-SCN3B variant",0.8896371004400625,1.6945124839666872,0.014195583596214511,0.04038331685874344,1.0,2/3,0.81%,Q9NY72;O60939
prerank,"Nax cation channel complex, SCN1B-SCN2B variant",0.8896371004400625,1.6936810724333085,0.007751937984496124,0.040549608426220386,1.0,2/3,0.81%,Q07699;O60939
prerank,"Nav1.5 voltage-gated sodium channel complex, SCN1B-SCN2B variant",0.8896371004400625,1.6930986033992284,0.008025682182985553,0.040678854908306666,1.0,2/3,0.81%,Q07699;O60939
prerank,"Nav1.8 voltage-gated sodium channel complex, SCN1B-SCN4B variant",0.8899081031500896,1.6921309466884538,0.0045871559633027525,0.040882710273027784,1.0,2/3,0.79%,Q8IWT1;Q07699
prerank,"Nav1.2 voltage-gated sodium channel complex, SCN2B-SCN3B variant",0.8896371004400625,1.6919358115904917,0.0015600624024961,0.040874020401101975,1.0,2/3,0.81%,Q9NY72;O60939
prerank,"Nav1.7 voltage-gated sodium channel complex, SCN1B-SCN4B variant",0.8899081031500896,1.6907490082583003,0.0030581039755351682,0.041079033821441076,1.0,2/3,0.79%,Q8IWT1;Q07699
prerank,"Histone-lysine N-methyltransferase complex, SET1A variant",0.6339861670830925,1.690588668749709,0.039850560398505604,0.041048721050595184,1.0,6/9,21.53%,P61964;Q9C005;Q9UBL3;Q15291;P51610;Q9Y5Z7
prerank,"Sodium:potassium-exchanging ATPase complex, FXYD4 variant",0.8853070625682591,1.6898498662838872,0.012307692307692308,0.041173984387830785,1.0,2/3,2.57%,P05026;P05023
prerank,"Nav1.8 voltage-gated sodium channel complex, SCN1B-SCN2B variant",0.8896371004400625,1.6895548446774922,0.00927357032457496,0.0412116608034607,1.0,2/3,0.81%,Q07699;O60939
prerank,"Nav1.6 voltage-gated sodium channel complex, SCN3B-SCN4B variant",0.8901791058601167,1.6890599683150043,0.007776049766718507,0.04125983050874111,1.0,2/3,0.76%,Q9NY72;Q8IWT1
prerank,"Sodium:potassium-exchanging ATPase complex, FXYD2 variant",0.8853070625682591,1.6882451132503755,0.012403100775193798,0.04138626830493494,1.0,2/3,2.57%,P05026;P05023
prerank,Mitochondrial 2-oxoglutarate dehydrogenase complex,0.7088790118731305,1.6879929727293697,0.026845637583892617,0.04138533120632622,1.0,3/6,13.30%,CHEBI:57692;CHEBI:58937;P09622
prerank,Complement factor I complex,0.8805294636483727,1.687963685671557,0.006060606060606061,0.041321014845614484,1.0,1/3,0.22%,CHEBI:29108
prerank,"Nav1.6 voltage-gated sodium channel complex, SCN1B-SCN4B variant",0.8899081031500896,1.68754992181812,0.0046439628482972135,0.04138768473275859,1.0,2/3,0.79%,Q8IWT1;Q07699
prerank,Cubam cobalamin uptake receptor complex,0.8805294636483727,1.6874770207251473,0.0093603744149766,0.04134673621605811,1.0,1/3,0.22%,CHEBI:29108
prerank,"Nav1.2 voltage-gated sodium channel complex, SCN3B-SCN4B variant",0.8901791058601167,1.6870959844824558,0.003110419906687403,0.04139843369022279,1.0,2/3,0.76%,Q9NY72;Q8IWT1
prerank,"Nav1.9 voltage-gated sodium channel complex, SCN1B-SCN2B variant",0.8896371004400625,1.6868911740458508,0.006289308176100629,0.041395385398033266,1.0,2/3,0.81%,Q07699;O60939
prerank,"Short transient receptor potential channel complex,TRPC1-TRPC4-TRPC5 variant",0.8956639566395664,1.6865496976972947,0.006069802731411229,0.0414174978675943,1.0,3/3,10.51%,Q9UL62;Q9UBN4;P48995
prerank,LMAN1-MCFD2 cargo receptor complex,0.8805294636483727,1.685605870953733,0.011023622047244094,0.04162159527050085,1.0,1/3,0.22%,CHEBI:29108
prerank,"Nav1.1 voltage-gated sodium channel complex, SCN2B-SCN3B variant",0.8896371004400625,1.68534003081108,0.00315955766192733,0.041626564338990604,1.0,2/3,0.81%,Q9NY72;O60939
prerank,"Nav1.1 voltage-gated sodium channel complex, SCN3B-SCN4B variant",0.8901791058601167,1.683981191490284,0.004665629860031105,0.04196735663665954,1.0,2/3,0.76%,Q9NY72;Q8IWT1
prerank,"Nax cation channel complex, SCN2B-SCN3B variant",0.8896371004400625,1.6828830229814722,0.004724409448818898,0.04220502034214795,1.0,2/3,0.81%,Q9NY72;O60939
prerank,THUMPD2-TRM112 methyltransferase complex,0.8994077185491824,1.6820191394875528,0.010130246020260492,0.04239410772454319,1.0,2/3,2.36%,CHEBI:59789;Q9UI30
prerank,CENP-A nucleosome complex,0.7656831971647063,1.6814458924321687,0.021361815754339118,0.04250370735123575,1.0,3/5,10.18%,P62805;P06899;P04908
prerank,"Nav1.6 voltage-gated sodium channel complex, SCN1B-SCN2B variant",0.8896371004400625,1.681247432416105,0.012718600953895072,0.042488592791742205,1.0,2/3,0.81%,Q07699;O60939
prerank,"Nav1.6 voltage-gated sodium channel complex, SCN2B-SCN3B variant",0.8896371004400625,1.6785195268707085,0.004792332268370607,0.04322063597037866,1.0,2/3,0.81%,Q9NY72;O60939
prerank,"Sodium:potassium-exchanging ATPase complex, FXYD5 variant",0.8853070625682591,1.6768762317630155,0.006220839813374806,0.04361977138822485,1.0,2/3,2.57%,P05026;P05023
prerank,METTL5-TRM112 methyltransferase complex,0.8994077185491824,1.6767754612199235,0.01308139534883721,0.04358028481670848,1.0,2/3,2.36%,CHEBI:59789;Q9UI30
prerank,SHOC2-HRAS-PPP1CA complex,0.7672679525503637,1.6761771939929486,0.02200825309491059,0.0436809910307651,1.0,4/5,16.52%,CHEBI:29035;CHEBI:37565;Q9UQ13;P62136
prerank,"Nav1.1 voltage-gated sodium channel complex, SCN1B-SCN2B variant",0.8896371004400625,1.6755300302352525,0.006379585326953748,0.04379577889630966,1.0,2/3,0.81%,Q07699;O60939
prerank,"Nav1.3 voltage-gated sodium channel complex, SCN3B-SCN4B variant",0.8901791058601167,1.6754770713719125,0.01732283464566929,0.04375620254664425,1.0,2/3,0.76%,Q9NY72;Q8IWT1
prerank,TRMT11-TRM112 methyltransferase complex,0.8994077185491824,1.6740040825041944,0.0074850299401197605,0.044093989177594696,1.0,2/3,2.36%,CHEBI:59789;Q9UI30
prerank,"Beta-catenin destruction core complex, APC-AXIN2-GSK3B variant",0.8067226890756302,1.6739455644285717,0.02531645569620253,0.04404793106582868,1.0,4/4,19.42%,P48729;P49841;Q9Y2T1;P25054
prerank,"Beta-catenin destruction core complex, APC2-AXIN2-GSK3B variant",0.8064516129032258,1.673684370812376,0.02753623188405797,0.0440469806603478,1.0,4/4,19.44%,P48729;P49841;Q9Y2T1;O95996
prerank,Lactose synthase complex,0.8805294636483727,1.6731380595380352,0.01263823064770932,0.04413582311387334,1.0,1/3,0.22%,CHEBI:29108
prerank,AP-1 transcription factor complex FOS-JUN-NFATC2,0.8909404261757302,1.6731261382344476,0.006389776357827476,0.044067501406266724,1.0,2/3,3.06%,P05412;P01100
prerank,"Beta-catenin destruction core complex, APC2-AXIN1-GSK3B variant",0.8064516129032256,1.6720203271028127,0.023154848046309694,0.044316752877562246,1.0,4/4,19.44%,P48729;P49841;O15169;O95996
prerank,"Sodium:potassium-exchanging ATPase complex, FXYD6 variant",0.8853070625682591,1.6703786448560765,0.017543859649122806,0.04470742131006354,1.0,2/3,2.57%,P05026;P05023
prerank,BUD23-TRM112 methyltransferase complex,0.8994077185491824,1.6701710202284512,0.007429420505200594,0.04469329344832024,1.0,2/3,2.36%,CHEBI:59789;Q9UI30
prerank,"Nav1.7 voltage-gated sodium channel complex, SCN1B-SCN2B variant",0.8896371004400625,1.6690790210184423,0.004724409448818898,0.04496878152316167,1.0,2/3,0.81%,Q07699;O60939
prerank,"DREAM transcriptional repressor complex, RBL2 variant",0.6169853463942497,1.6688554377543494,0.043580683156654886,0.0449563174617153,1.0,7/10,27.24%,Q09028;Q14186;Q52LA3;Q96GY3;Q5TKA1;Q6MZP7;Q16254
prerank,"Sodium:potassium-exchanging ATPase complex, FXYD3 variant",0.8853070625682591,1.6683260847500276,0.0075075075075075074,0.04502060491940021,1.0,2/3,2.57%,P05026;P05023
prerank,SRCAP chromatin remodeling complex,0.646784366689263,1.6680500685438893,0.037943696450428395,0.04504639757449596,1.0,3/9,3.36%,O96019;Q9Y265;Q9Y230
prerank,SHOC2-MRAS-PPP1CA complex,0.7632861960514753,1.667688473978461,0.018842530282637954,0.045096262517794715,1.0,4/5,16.52%,CHEBI:29035;CHEBI:37565;Q9UQ13;P62136
prerank,"DREAM transcriptional repressor complex, RBL1 variant",0.6169853463942497,1.667346619708667,0.03873239436619718,0.04513994662852044,1.0,7/10,27.24%,Q09028;Q14186;Q52LA3;Q96GY3;Q5TKA1;Q6MZP7;Q16254
prerank,N6AMT1-TRM112 methyltransferase complex,0.8994077185491824,1.665437299237148,0.010309278350515464,0.04566103529825821,1.0,2/3,2.36%,CHEBI:59789;Q9UI30
prerank,"GABA-A receptor, alpha4-beta3-gamma2",0.8757267059075537,1.6644511674886282,0.0136986301369863,0.04590807433174686,1.0,2/3,1.08%,P18507;P28472
prerank,"Sodium:potassium-exchanging ATPase complex, FXYD7 variant",0.8853070625682591,1.6596667827361888,0.00964630225080386,0.047334576323976925,1.0,2/3,2.57%,P05026;P05023
prerank,"Beta-catenin destruction core complex, APC-AXIN1-GSK3B variant",0.8067226890756302,1.6565857702287294,0.019858156028368795,0.048247430642265644,1.0,4/4,19.42%,P48729;P49841;O15169;P25054
prerank,"Mitochondrial calcium uniporter complex, MICU1 variant",0.8718157181571816,1.651643843850934,0.008995502248875561,0.04989740430680323,1.0,3/3,12.89%,Q9BPX6;Q8NE86;Q9H4I9
prerank,C3PO endoribonuclease complex,0.8647132029823118,1.651305865408334,0.019287833827893175,0.04994537613983472,1.0,1/3,0.30%,CHEBI:18420
prerank,"Sodium:potassium-exchanging ATPase complex, FXYD1 variant",0.8853070625682591,1.6506641260430786,0.009569377990430622,0.05009261682555444,1.0,2/3,2.57%,P05026;P05023
prerank,"GABA-A receptor, alpha5-beta1-gamma2 complex",0.8685636856368564,1.6494424997671828,0.01903367496339678,0.05046970544890086,1.0,3/3,13.21%,P18507;P18505;P31644
prerank,Myb-MuvB transcriptional activation complex,0.7125659329882064,1.6461322890523193,0.03543307086614173,0.05160090956131845,1.0,5/6,22.39%,Q09028;Q52LA3;Q96GY3;Q5TKA1;Q6MZP7
prerank,AHNAK - Annexin A2 - S100-A10 complex,0.795636520694285,1.6458797349395806,0.02886002886002886,0.05163217603800854,1.0,3/4,16.27%,CHEBI:29108;P07355;P60903
prerank,Laminin-511 complex,0.85609756097561,1.6442905016578535,0.019490254872563718,0.05216336113815761,1.0,3/3,14.46%,P11047;P07942;O15230
prerank,"GABA-A receptor, alpha3-beta3-theta",0.8440476513442692,1.6438388604558731,0.013533834586466165,0.05223118465629468,1.0,2/3,8.53%,P28472;P34903
prerank,"Beta-catenin destruction core complex, APC2-AXIN2-GSK3A variant",0.8031986988343727,1.643367413574322,0.02346041055718475,0.05231062761134972,1.0,4/4,19.77%,P48729;Q9Y2T1;O95996;P49840
prerank,"GABA-A receptor, alpha5-beta3-gamma2",0.8709505731953953,1.6422068549910942,0.013846153846153847,0.05267708391856504,1.0,2/3,1.08%,P18507;P28472
prerank,"Beta-catenin destruction core complex, APC-AXIN2-GSK3A variant",0.8031986988343727,1.6394000027042033,0.02442528735632184,0.05365931033178087,1.0,4/4,19.77%,P48729;Q9Y2T1;P25054;P49840
prerank,"mTNF-TNR1A receptor-ligand core complex, BIRC3 variant",0.6796768925808364,1.6381760046394767,0.030456852791878174,0.05403835726869581,1.0,6/7,21.96%,Q12933;Q13546;CPX-8931;P19438-PRO_0000034543;O00463;Q15628
prerank,"GABA-A receptor, alpha5-beta2-gamma2",0.8685636856368565,1.6375198076361626,0.014771048744460856,0.05423803546183257,1.0,3/3,13.21%,P18507;P47870;P31644
prerank,"AMPK complex, alpha1-beta1-gamma2 variant",0.8479674796747969,1.6366853734256301,0.015479876160990712,0.05441365092364506,1.0,3/3,15.27%,Q9Y478;Q13131;Q9UGJ0
prerank,Myb-MuvB-FOXM1 transcriptional activation complex,0.674715096349965,1.6359960704876466,0.04187817258883249,0.05459655677567718,1.0,5/7,22.39%,Q09028;Q52LA3;Q96GY3;Q5TKA1;Q6MZP7
prerank,"GABA-A receptor, alpha4-beta3-delta",0.8588075880758808,1.6352062113204862,0.0183206106870229,0.05479257056500755,1.0,3/3,14.19%,P28472;O14764;P48169
prerank,"GABA-A receptor, alpha6-beta3-gamma2",0.8757267059075537,1.634896855398128,0.02242152466367713,0.054820553973998876,1.0,2/3,1.08%,P18507;P28472
prerank,"mTNF-TNR1A receptor-ligand core complex, BIRC2 variant",0.6796768925808364,1.6341607450063098,0.03802281368821293,0.055038988497476946,1.0,6/7,21.96%,Q12933;Q13546;CPX-8931;P19438-PRO_0000034543;O00463;Q15628
prerank,Collagen type XI trimer variant 3,0.8878048780487804,1.632077031099358,0.021604938271604937,0.05576153089191443,1.0,3/3,11.29%,P20908;P05997;P12107
prerank,"Beta-catenin destruction core complex, APC2-AXIN1-GSK3A variant",0.8031986988343727,1.6307582437538104,0.02335766423357664,0.056212494149512716,1.0,4/4,19.77%,P48729;O15169;O95996;P49840
prerank,Laminin-521 complex,0.8560975609756097,1.6281030990380403,0.0167427701674277,0.05710152242050235,1.0,3/3,14.46%,P11047;P55268;O15230
prerank,Intraflagellar transport complex A,-0.5296989422294549,-1.6272144475121568,0.041666666666666664,0.06570777865141121,1.0,6/6,47.14%,Q9HBG6;Q9P2L0;Q8NEZ3;Q7Z4L5;Q96RY7;Q96FT9
prerank,"AMPK complex, alpha1-beta2-gamma2 variant",0.8479674796747969,1.6252210983825803,0.021406727828746176,0.058098109482951715,1.0,3/3,15.27%,O43741;Q13131;Q9UGJ0
prerank,Hemoglobin Portland-1 Variant 1 complex,0.8577235772357725,1.625037026381139,0.018633540372670808,0.058088190408685826,1.0,3/3,14.30%,CHEBI:30413;P02008;P69891
prerank,"WASH complex, variant WASH6P/WASHC2A",0.745473818550984,1.62464031244663,0.03872752420470263,0.05814382323276193,1.0,4/5,18.58%,Q12768;Q2M389;Q9Y3C0;Q641Q2
prerank,PDGF receptor alpha-beta - PDGF-DD complex,0.8582655826558265,1.6244632736926499,0.015037593984962405,0.05813579065393704,1.0,3/3,14.24%,P09619;P16234;Q9GZP0
prerank,"AMPK complex, alpha1-beta1-gamma1 variant",0.8474254742547427,1.6242657239032667,0.017777777777777778,0.05812009546376323,1.0,3/3,15.33%,Q9Y478;Q13131;P54619
prerank,"Beta-catenin destruction core complex, APC-AXIN1-GSK3A variant",0.8031986988343726,1.624079058533839,0.03,0.05811979575207872,1.0,4/4,19.77%,P48729;O15169;P25054;P49840
prerank,"WASH complex, variant WASH3P/WASHC2C",0.744968664745221,1.6240142981239807,0.04005524861878453,0.05805818740570736,1.0,3/5,4.41%,Q12768;Q2M389;Q9Y3C0
prerank,"AMPK complex, alpha2-beta1-gamma2 variant",0.8479674796747968,1.62295197259957,0.02276176024279211,0.05839277758063803,1.0,3/3,15.27%,Q9Y478;P54646;Q9UGJ0
prerank,"WASH complex, variant WASH6P/WASHC2C",0.744968664745221,1.62274015722476,0.03576341127922971,0.058384441966321476,1.0,3/5,4.41%,Q12768;Q2M389;Q9Y3C0
prerank,R2TP core co-chaperone complex,0.7869756822684522,1.621612237986841,0.020260492040520984,0.058763371690062925,1.0,2/4,3.36%,Q9Y265;Q9Y230
prerank,"AMPK complex, alpha2-beta2-gamma2 variant",0.8479674796747969,1.621464475028297,0.028106508875739646,0.05875261905495953,1.0,3/3,15.27%,O43741;P54646;Q9UGJ0
prerank,Mitochondrial CCA tRNA nucleotidyltransferase 1 complex,0.7325490356564338,1.621359107393264,0.03994490358126722,0.05870766007965061,1.0,3/5,13.97%,CHEBI:18420;Q7L0Y3;Q99714
prerank,"WASH complex, variant WASH3P/WASHC2A",0.745473818550984,1.620751415893313,0.03899721448467967,0.05888505293760498,1.0,4/5,18.58%,Q12768;Q2M389;Q9Y3C0;Q641Q2
prerank,R2T co-chaperone complex,0.8702347667356957,1.6206405501685812,0.020249221183800622,0.058855205478047165,1.0,2/3,3.36%,Q9Y265;Q9Y230
prerank,"AMPK complex, alpha1-beta2-gamma1 variant",0.8474254742547427,1.6185672326640868,0.015060240963855422,0.059554583213943635,1.0,3/3,15.33%,O43741;Q13131;P54619
prerank,Hemoglobin HbA2 complex,0.874685361837439,1.6182916046353675,0.017214397496087636,0.05960896118021036,1.0,2/3,6.66%,CHEBI:30413;P69905
prerank,Dehydrodolichyl diphosphate synthase complex,0.8647132029823118,1.6176312254963578,0.0220125786163522,0.059746274207188206,1.0,1/3,0.30%,CHEBI:18420
prerank,"WASH complex, variant WASH4P/WASHC2C",0.744968664745221,1.6173213601984266,0.03924221921515562,0.05980399319070428,1.0,3/5,4.41%,Q12768;Q2M389;Q9Y3C0
prerank,Mitochondrial pyruvate dehydrogenase serine/threonine phosphatase complex,0.8647132029823118,1.616723961252032,0.0218408736349454,0.05995758159433701,1.0,1/3,0.30%,CHEBI:18420
prerank,Mitochondrial ribonuclease P complex,0.7325490356564338,1.6160009428372257,0.034818941504178275,0.06013705594361764,1.0,3/5,13.97%,CHEBI:18420;Q7L0Y3;Q99714
prerank,Laminin-121 complex,0.8515007006060726,1.6159915666220144,0.0187207488299532,0.0600512684173072,1.0,2/3,3.30%,P11047;P55268
prerank,"Histone-lysine N-methyltransferase complex, SET1B variant",0.5793247245309971,1.6154973146075913,0.06571087216248507,0.06016634854445023,1.0,5/11,11.89%,P61964;Q9C005;Q9UBL3;Q15291;P51610
prerank,"WASH complex, variant WASH4P/WASHC2A",0.745473818550984,1.615089478677492,0.033921302578018994,0.060254888843691325,1.0,4/5,18.58%,Q12768;Q2M389;Q9Y3C0;Q641Q2
prerank,"GABA-A receptor, alpha6-beta2-delta",0.8590785907859079,1.6145733746307058,0.02478134110787172,0.06036561349122286,1.0,3/3,14.16%,P47870;O14764;Q16445
prerank,"WASH complex, variant WASHC1/WASHC2C",0.744968664745221,1.6139807324806004,0.032520325203252036,0.06051149712014487,1.0,3/5,4.41%,Q12768;Q2M389;Q9Y3C0
prerank,"Mitochondrial succinyl-CoA synthetase complex, ATP-specific variant",0.8385611898870888,1.6137643733401414,0.02531645569620253,0.060509683004862945,1.0,1/3,0.30%,CHEBI:18420
prerank,AIM2 inflammasome,0.8387558473015744,1.6125177426574921,0.028528528528528527,0.06097144316182424,1.0,2/3,4.49%,Q9ULZ3;P29466
prerank,"WASH complex, variant WASHC1/WASHC2A",0.745473818550984,1.6115457119448182,0.034106412005457026,0.06128503049327131,1.0,4/5,18.58%,Q12768;Q2M389;Q9Y3C0;Q641Q2
prerank,Laminin-111 complex,0.8329387418004655,1.6110274238881168,0.02406015037593985,0.061425081359875185,1.0,2/3,4.63%,P11047;P07942
prerank,"GABA-A receptor, alpha4-beta1-gamma2 complex",0.8588075880758809,1.608086368860887,0.02074074074074074,0.06252874336645328,1.0,3/3,14.19%,P18507;P18505;P48169
prerank,"AMPK complex, alpha1-beta1-gamma3 variant",0.8476964769647698,1.6079685643199488,0.01809954751131222,0.06250003856770049,1.0,3/3,15.30%,Q9Y478;Q13131;Q9UGI9
prerank,NLGN1(+SSA+SSB) - NRXN1-beta(-SS4) complex,0.8407116675439603,1.6076810024730521,0.022058823529411766,0.0624391784117471,1.0,1/3,0.22%,CHEBI:29108
prerank,NLGN1(-SSA-SSB) - NRXN1-beta(-SS4) complex,0.8407116675439603,1.6076810024730521,0.022058823529411766,0.0624391784117471,1.0,1/3,0.22%,CHEBI:29108
prerank,Interleukin-36B receptor ligand complex,0.8461061835143131,1.6072199202829185,0.029585798816568046,0.06257663207631807,1.0,2/3,7.12%,Q9NPH3;Q9HB29
prerank,Interleukin-35 receptor ligand type 1 complex,0.8452574525745259,1.6071413375882402,0.03189792663476874,0.06252040749188899,1.0,3/3,15.54%,P40189;CPX-25744;Q99665
prerank,"GABA-A receptor, alpha4-beta2-delta",0.8588075880758808,1.6067262761385286,0.01818181818181818,0.0625875075269069,1.0,3/3,14.19%,P47870;O14764;P48169
prerank,Hemoglobin HbF Variant 1 complex,0.8577235772357723,1.6045714601990848,0.026397515527950312,0.06337403752738084,1.0,3/3,14.30%,CHEBI:30413;P69905;P69891
prerank,Coagulation factor VIIa - tissue factor complex,0.7758753585857698,1.603014030901222,0.04011887072808321,0.06390356166556245,1.0,1/4,0.22%,CHEBI:29108
prerank,"AMPK complex, alpha2-beta2-gamma1 variant",0.8474254742547427,1.6019210800603585,0.02391629297458894,0.06427966877682031,1.0,3/3,15.33%,O43741;P54646;P54619
prerank,Interleukin-36G receptor ligand complex,0.8461061835143131,1.601872097144954,0.02457757296466974,0.06421415687612733,1.0,2/3,7.12%,Q9NPH3;Q9HB29
prerank,"WASH complex, variant WASH2P/WASHC2A",0.745473818550984,1.600611984263521,0.03899721448467967,0.06468554530522337,1.0,4/5,18.58%,Q12768;Q2M389;Q9Y3C0;Q641Q2
prerank,"WASH complex, variant WASH2P/WASHC2C",0.744968664745221,1.599965068386759,0.03155006858710562,0.06488581729064995,1.0,3/5,4.41%,Q12768;Q2M389;Q9Y3C0
prerank,"AMPK complex, alpha2-beta1-gamma3 variant",0.8476964769647697,1.5998973647237005,0.022727272727272728,0.06482884146133015,1.0,3/3,15.30%,Q9Y478;P54646;Q9UGI9
prerank,NLRP3 inflammasome,0.8387558473015744,1.5990076593035385,0.01834862385321101,0.06510290065348669,1.0,2/3,4.49%,Q9ULZ3;P29466
prerank,NLRP1 inflammasome,0.8387558473015744,1.5988807971411225,0.02727272727272727,0.06506575308845357,1.0,2/3,4.49%,Q9ULZ3;P29466
prerank,Pyrin inflammasome,0.8387558473015744,1.5971593080843978,0.020061728395061727,0.06574484312105244,1.0,2/3,4.49%,Q9ULZ3;P29466
prerank,Mitochondrial propionyl-CoA carboxylase complex,0.7674276194344065,1.5965423007631416,0.0436046511627907,0.06592960709117866,1.0,1/4,0.30%,CHEBI:18420
prerank,Glycoprotein Ib-IX-V-Filamin-A complex,0.7218004338394793,1.595592596052904,0.022068965517241378,0.06620968852236828,1.0,5/5,27.92%,P21333;P07359;P13224;P14770;P40197
prerank,"AMPK complex, alpha2-beta2-gamma3 variant",0.8476964769647698,1.5947467678163287,0.028400597907324365,0.06650705695214054,1.0,3/3,15.30%,O43741;P54646;Q9UGI9
prerank,"GABA-A receptor, alpha4-beta2-gamma2",0.8603264659787335,1.5944055858611308,0.023255813953488372,0.06660347030182663,1.0,2/3,1.52%,P18507;P47870
prerank,Interleukin-17F receptor-ligand complex,0.7741935483870966,1.593959210822781,0.0297029702970297,0.06670322106637791,1.0,4/4,22.66%,Q96F46;O43734;Q96PD4;Q8NAC3
prerank,"Septin complex, hexamer variant, SEPT2-SEPT6-SEPT-7",0.8439024390243903,1.592947851810339,0.015151515151515152,0.06709759424850933,1.0,3/3,15.68%,Q16181;Q15019;Q14141
prerank,GABA-A receptor alpha6-beta1-gamma2 complex,0.859078590785908,1.59262961093251,0.02911208151382824,0.06713893674985597,1.0,3/3,14.16%,P18507;P18505;Q16445
prerank,MUS81-EME1 structure-specific endonuclease complex,0.8385611898870888,1.5925976939217719,0.01687116564417178,0.06706181273229936,1.0,1/3,0.30%,CHEBI:18420
prerank,"AMPK complex, alpha1-beta2-gamma3 variant",0.8476964769647698,1.5912795084531235,0.03206106870229008,0.06753825597903569,1.0,3/3,15.30%,O43741;Q13131;Q9UGI9
prerank,Microprocessor complex,0.8409040153138381,1.5905712211407625,0.022970903522205207,0.06771653553737927,1.0,1/3,0.41%,CHEBI:30413
prerank,GABA-A receptor alpha6-beta2-gamma2,0.8603264659787335,1.5900989792111768,0.022321428571428572,0.0678228936595855,1.0,2/3,1.52%,P18507;P47870
prerank,Ribonuclease MRP complex,0.6134636264929425,1.5899498373915126,0.06310679611650485,0.06779519947493143,1.0,9/9,38.80%,URS000075C8FA_9606;Q99575;O75817;Q969H6;P78345;P78346;O75818;Q9BUL9;O95707
prerank,"AMPK complex, alpha2-beta1-gamma1 variant",0.8474254742547426,1.5892931127134287,0.021875,0.0679830942548265,1.0,3/3,15.33%,Q9Y478;P54646;P54619
prerank,Annexin A2 - S100-A10 complex,0.837940379403794,1.5857931624192627,0.02157164869029276,0.06943335867432782,1.0,3/3,16.27%,CHEBI:29108;P07355;P60903
prerank,"GABA-A receptor, alpha-6/beta-3/delta",0.8590785907859078,1.5834252457674773,0.0243531202435312,0.07044273888919261,1.0,3/3,14.16%,P28472;O14764;Q16445
prerank,"Mitochondrial succinyl-CoA synthetase complex, GTP-specific variant",0.8385611898870888,1.5832589928061624,0.03425774877650897,0.07044359352421704,1.0,1/3,0.30%,CHEBI:18420
prerank,"Vacuolar proton translocating ATPase complex, ATP6V0A3 variant",0.5890923154573238,1.5831137896392182,0.06280193236714976,0.07040015788825509,1.0,9/10,36.93%,Q9UI12;Q99437;P38606;Q16864;Q9Y5K8;O75787;P27449;Q15904;Q6P5S7
prerank,"Vacuolar proton translocating ATPase complex, ATP6V0A1 variant",0.5890923154573238,1.5827613091434278,0.06801909307875895,0.07046829469274402,1.0,9/10,36.93%,Q9UI12;Q99437;P38606;Q16864;Q9Y5K8;O75787;P27449;Q15904;Q6P5S7
prerank,Nuclear origin recognition complex,-0.5332248440466504,-1.582226711459954,0.0514018691588785,0.0810006800584516,1.0,6/6,46.79%,O43913;Q9Y5N6;Q9UBD5;Q13415;Q13416;O43929
prerank,"DNA replication factor C complex, CHTF18 variant",0.6595844541775959,1.5812531309110016,0.06709677419354838,0.07107687807731683,1.0,4/7,13.13%,P35249;P40938;P35250;P40937
prerank,"Vacuolar proton translocating ATPase complex, ATP6V0A4 variant",0.5890923154573238,1.5810504055848786,0.057623049219687875,0.0710980508143074,1.0,9/10,36.93%,Q9UI12;Q99437;P38606;Q16864;Q9Y5K8;O75787;P27449;Q15904;Q6P5S7
prerank,UTP-A complex,-0.5315975047464063,-1.5806755784401392,0.03435114503816794,0.07980873599896816,1.0,6/6,46.95%,Q9H8H0;Q8TED0;Q969X6;Q9H583;Q15061;Q8IWA0
prerank,SF3B complex,0.6391663402473126,1.5805395364939405,0.06683804627249357,0.07123898509261538,1.0,6/7,26.89%,O75533;Q15393;Q9BWJ5;Q13435;Q15427;Q7RTV0
prerank,"GID E3 ubiquitin ligase complex, RMND5B-RANBP9 variant",0.5934895146677461,1.5794506325000002,0.06265060240963856,0.07172795861030869,1.0,7/9,26.35%,Q9NWU2;P62699;Q9UL63;Q7L5Y9;Q8IUR7;Q9H7D7;Q8IVV7
prerank,MUS81-EME2 structure-specific endonuclease complex,0.8385611898870888,1.578974298552117,0.028081123244929798,0.07186416090821823,1.0,1/3,0.30%,CHEBI:18420
prerank,Hemoglobin E complex,0.8442386500202866,1.5779318069064088,0.025236593059936908,0.0722369229269244,1.0,2/3,6.66%,CHEBI:30413;P69905
prerank,"Mitochondrial calcium uniporter complex, MICU1-MICU3 variant",0.7669794275846892,1.5773533251304215,0.036619718309859155,0.07239136391244992,1.0,3/4,12.89%,Q9BPX6;Q8NE86;Q9H4I9
prerank,26S proteasome complex,0.45646123979104447,1.5771266679436264,0.058884297520661155,0.0723109609045901,1.0,14/33,15.43%,P20618;P25787;P25786;P28066;P25788;P49720;P60900;P28070;P25789;P49721;O14818;Q99436;P28074;P28072
prerank,30S proteasome complex,0.45646123979104447,1.5771266679436264,0.058884297520661155,0.0723109609045901,1.0,14/33,15.43%,P20618;P25787;P25786;P28066;P25788;P49720;P60900;P28070;P25789;P49721;O14818;Q99436;P28074;P28072
prerank,Intron-binding complex ,0.7289751794861555,1.5768230341428295,0.03616133518776078,0.0723774054908054,1.0,3/5,11.97%,Q9HCS7;Q9UNP9;O60306
prerank,"Vacuolar proton translocating ATPase complex, ATP6V0A2 variant",0.5890923154573238,1.575382267409638,0.06555423122765197,0.07293878893791468,1.0,9/10,36.93%,Q9UI12;Q99437;P38606;Q16864;Q9Y5K8;O75787;P27449;Q15904;Q6P5S7
prerank,Hemoglobin HbF Variant 2 complex,0.8442386500202866,1.5753728755398804,0.03048780487804878,0.0728492732831445,1.0,2/3,6.66%,CHEBI:30413;P69905
prerank,"miRNA RISC complex, TNRC6C variant",0.6985879402057844,1.5752979610116573,0.04660452729693742,0.07279129174198325,1.0,4/5,20.39%,Q9H9G7;Q9HCK5;Q9UKV8;Q9UL18
prerank,"GID E3 ubiquitin ligase complex, RMND5B-RANBP10 variant",0.5934895146677461,1.5743889707128136,0.07048984468339307,0.0730720733502289,1.0,7/9,26.35%,Q9NWU2;P62699;Q9UL63;Q7L5Y9;Q8IUR7;Q9H7D7;Q8IVV7
prerank,Interleukin-17A receptor-ligand complex,0.7741935483870968,1.574266741765563,0.033381712626995644,0.07302782444527128,1.0,4/4,22.66%,Q96F46;O43734;Q16552;Q8NAC3
prerank,Interleukin-36A receptor ligand complex,0.8461061835143131,1.573084416744033,0.02909647779479326,0.07349806412878097,1.0,2/3,7.12%,Q9NPH3;Q9HB29
prerank,"GABA-A receptor, alpha3-beta3-gamma3",0.8120174300729133,1.5716008997834678,0.03533026113671275,0.07410024846908082,1.0,2/3,8.53%,P28472;P34903
prerank,"GID E3 ubiquitin ligase complex, RMND5A-RANBP9 variant",0.5934895146677461,1.569067737115002,0.056831922611850064,0.07518105476419601,1.0,7/9,26.35%,Q9NWU2;P62699;Q9UL63;Q7L5Y9;Q8IUR7;Q9H7D7;Q8IVV7
prerank,MORF2 histone acetyltransferase complex,0.7458356466265984,1.5668316130687872,0.04215116279069767,0.07615379793998231,1.0,2/4,3.55%,Q9HAF1;Q8WYH8
prerank,"GID E3 ubiquitin ligase complex, RMND5A-RANBP10 variant",0.5934895146677461,1.5660366696356727,0.06174334140435835,0.07644520152333484,1.0,7/9,26.35%,Q9NWU2;P62699;Q9UL63;Q7L5Y9;Q8IUR7;Q9H7D7;Q8IVV7
prerank,"Radial spoke complex, ciliiar variant",-0.36336509730245614,-1.5646330841227747,0.05263157894736842,0.08473036761510404,1.0,11/12,40.37%,Q5TD94;Q8WWB3;Q8WYR4;P59910;P56597;Q6P9G0;Q9H1X1;Q9UHP6;Q96C74;Q8IYR0;Q86UC2
prerank,Elongator holoenzyme complex,-0.5291564957960402,-1.5633489848924877,0.05963302752293578,0.08346155910218207,1.0,6/6,47.20%,Q6IA86;Q8TE02;Q9H9T3;Q96EB1;O95163;Q0PNE2
prerank,"Interferon lambda receptor-ligand complex, IFNL3 variant",0.8215328192596576,1.5628687260663323,0.037993920972644375,0.0778610981271561,1.0,2/3,7.15%,Q08334;Q8IU57
prerank,Interleukin-6-mIL6R-mIL6ST receptor-ligand classical signalling complex,0.8170592425232511,1.561027250859931,0.021374045801526718,0.07868734836559736,1.0,2/3,6.50%,P40189;P05231
prerank,MCM complex,-0.5288852725793328,-1.5583446110524242,0.05150214592274678,0.08370735470907666,1.0,6/6,47.22%,P33991;P49736;Q14566;P25205;P33992;P33993
prerank,19S-20S-PA28-gamma hybrid proteasome complex,0.44822806138204285,1.5579986141277498,0.05870236869207003,0.08007088836277768,1.0,14/34,15.43%,P20618;P25787;P25786;P28066;P25788;P49720;P60900;P28070;P25789;P49721;O14818;Q99436;P28074;P28072
prerank,"Interferon lambda receptor-ligand complex, IFNL2 variant",0.8215328192596576,1.557017675005429,0.031203566121842496,0.08049963742504752,1.0,2/3,7.15%,Q08334;Q8IU57
prerank,COPII vesicle coat complex,-0.4348465252420217,-1.5567985141785543,0.03389830508474576,0.08265819276885843,1.0,8/9,33.63%,O95486;P53992;O94979;O94855;O95487;Q9NQW1;Q9NR31;Q9Y6B6
prerank,MOZ2 histone acetyltransferase complex,0.7458356466265984,1.55608185671537,0.050505050505050504,0.08086907620572624,1.0,2/4,3.55%,Q9HAF1;Q8WYH8
prerank,Catalase complex,0.8409040153138381,1.5548915487533366,0.030441400304414,0.08134866644592186,1.0,1/3,0.41%,CHEBI:30413
prerank,eIF4E-CYFIP1-FMRP translational repressor complex,0.8225147197039623,1.5538806057220738,0.0391566265060241,0.08179457612625267,1.0,2/3,5.20%,P06730;Q06787
prerank,MORF1 histone acetyltransferase complex,0.7458356466265984,1.5536572824404231,0.0446685878962536,0.08181820248451065,1.0,2/4,3.55%,Q9HAF1;Q8WYH8
prerank,TGF-beta-2-TGFR complex,0.8094850948509487,1.5531123308476023,0.03479576399394856,0.08198139456447932,1.0,3/3,19.12%,P37173;P36897;P61812-PRO_0000033785
prerank,MORF3 histone acetyltransferase complex,0.7458356466265984,1.5517862732832444,0.03924418604651163,0.08260161735212725,1.0,2/4,3.55%,Q9HAF1;Q8WYH8
prerank,"Little elongation complex, ELL3 variant",0.7274053700722878,1.5516586557401881,0.05730659025787966,0.08257485811515279,1.0,3/4,14.89%,Q9Y2F5;Q8N5P1;Q659A1
prerank,Laminin-311 complex variant B,0.8238141768879258,1.5511613307898415,0.04072398190045249,0.08272796330815611,1.0,2/3,4.63%,P11047;P07942
prerank,"miRNA RISC complex, TNRC6B variant",0.6985879402057844,1.5499909265995988,0.05046480743691899,0.08318051251800582,1.0,4/5,20.39%,Q9H9G7;Q9HCK5;Q9UKV8;Q9UL18
prerank,NLRC4 inflammasome,0.7444204185129424,1.549923400359909,0.04291845493562232,0.08310574133376077,1.0,2/4,4.49%,Q9ULZ3;P29466
prerank,UTP-B complex,-0.5305126118795769,-1.5498949774703796,0.02586206896551724,0.08358027564490796,1.0,6/6,47.06%,Q15269;Q8NI36;Q9UNX4;Q9NYH9;Q12788;Q9Y5J1
prerank,Pyruvate dehydrogenase E1 heterotetramer,0.7564453672755788,1.548654365736276,0.045779685264663805,0.08363098838289529,1.0,2/4,8.26%,CHEBI:18420;CHEBI:58937
prerank,Laminin-421 complex,0.8155997141059326,1.548374051469112,0.034954407294832825,0.08368070529382868,1.0,2/3,3.30%,P11047;P55268
prerank,Embryonic hemoglobin Gower-1 complex,0.8049428570678012,1.5481217998573806,0.0406885758998435,0.08370332969573713,1.0,2/3,10.24%,CHEBI:30413;P02008
prerank,"miRNA RISC complex, TNRC6A variant",0.6985879402057844,1.5474992574873025,0.061391541609822645,0.08391441120925998,1.0,4/5,20.39%,Q9H9G7;Q9HCK5;Q9UKV8;Q9UL18
prerank,"Little elongation complex, ELL2 variant",0.7274053700722878,1.5457558654844847,0.05823863636363636,0.08474861189792175,1.0,3/4,14.89%,Q9Y2F5;Q8N5P1;Q659A1
prerank,TGF-beta-1-TGFR complex,0.8097560975609757,1.5456851810661025,0.03863298662704309,0.08467241281536746,1.0,3/3,19.09%,P37173;P36897;P01137-PRO_0000033763
prerank,R2SD co-chaperone complex,0.7499197168754443,1.5443255194829117,0.05475504322766571,0.08525201200667838,1.0,2/4,3.36%,Q9Y265;Q9Y230
prerank,MOZ3 histone acetyltransferase complex,0.7458356466265984,1.543029079473501,0.038461538461538464,0.08584353322022936,1.0,2/4,3.55%,Q9HAF1;Q8WYH8
prerank,R2SP co-chaperone complex,0.7499197168754443,1.542838926344259,0.04685212298682284,0.08583647732980686,1.0,2/4,3.36%,Q9Y265;Q9Y230
prerank,"Little elongation complex, ELL variant",0.7274053700722878,1.5419328939521588,0.06056338028169014,0.08618355426953465,1.0,3/4,14.89%,Q9Y2F5;Q8N5P1;Q659A1
prerank,TGF-beta-3-TGFR complex,0.8100271002710029,1.5405576569600525,0.05373134328358209,0.08683337043614556,1.0,3/3,19.06%,P37173;P36897;P10600-PRO_0000033797
prerank,General transcription factor TFIIIC complex,-0.532953620829943,-1.538591013604071,0.06787330316742081,0.08643875200307294,1.0,6/6,46.82%,Q12789;Q9Y5Q8;Q9UKN8;Q969F1;Q8WUA4;Q9Y5Q9
prerank,Laminin-522 complex,0.7962059620596207,1.538217545385887,0.04072398190045249,0.08801470139035018,1.0,3/3,20.44%,P55268;O15230;Q13753
prerank,MOZ1 histone acetyltransferase complex,0.7458356466265984,1.5350868910853088,0.04505813953488372,0.08956245747893953,1.0,2/4,3.55%,Q9HAF1;Q8WYH8
prerank,Interleukin-20 receptor-ligand Type 1 complex,0.7940751822815952,1.5341896510337512,0.038880248833592534,0.08996290600639062,1.0,2/3,7.64%,Q6UXL0;Q9UHF4
prerank,"Interferon lambda receptor-ligand complex, IFNL4 variant",0.8215328192596576,1.5334362247227147,0.03669724770642202,0.09027105439056916,1.0,2/3,7.15%,Q08334;Q8IU57
prerank,"Nuclear meiotic cohesin complex, REC8 variant",0.726209485058364,1.5331409759855161,0.06824512534818941,0.09031484733954422,1.0,3/4,16.57%,Q9UQE7;Q9UJ98;Q8NDV3
prerank,"Interferon lambda receptor-ligand complex, IFNL1 variant",0.8215328192596576,1.533032352947122,0.0365296803652968,0.09025422442647967,1.0,2/3,7.15%,Q08334;Q8IU57
prerank,19S-20S-PA28-alphabeta hybrid proteasome complex,0.440103965943135,1.5330121326363542,0.060699588477366256,0.09014910755209284,1.0,14/35,15.43%,P20618;P25787;P25786;P28066;P25788;P49720;P60900;P28070;P25789;P49721;O14818;Q99436;P28074;P28072
prerank,"Neuronal nicotinic acetylcholine receptor complex, alpha3-alpha6-beta2-beta3",0.7492643476348795,1.5315858284345587,0.061366806136680614,0.09081054637384219,1.0,2/4,4.28%,P17787-PRO_0000000379;P32297-PRO_0000000346
prerank,Mitochondrial 2-oxoisovalerate dehydrogenase complex,0.6295666098379706,1.5284503085985652,0.07455012853470437,0.09239400358254383,1.0,4/7,23.18%,CHEBI:57692;CHEBI:58937;P09622;CHEBI:83088
prerank,CKM complex variant 1,0.7305502846299811,1.5282688737215366,0.059743954480796585,0.09238215004166898,1.0,4/4,27.02%,P24863;P49336;Q9UHV7;Q93074
prerank,"Oligosaccharyltransferase complex B, MAGT1 variant",0.5997720219250277,1.5272949238591467,0.07607361963190185,0.09281949251694047,1.0,6/8,23.99%,P04843;P61165;P04844;P61803;P39656;P0C6T2
prerank,Mitochondrial electron transfer flavoprotein complex,0.7297063803463326,1.5270801564803071,0.0708092485549133,0.09284000225672182,1.0,1/4,0.70%,CHEBI:57692
prerank,Precursor interleukin-1 alpha-soluble receptor type 1 complex,0.7986449864498644,1.5267626129124439,0.04141104294478527,0.09289984953280038,1.0,3/3,20.20%,Q9NPH3;P01583;P14778-PRO_0000415344
prerank,Hemoglobin Portland-2 complex,0.807588075880759,1.5256776108998722,0.043478260869565216,0.09337917047895818,1.0,3/3,19.31%,CHEBI:30413;P02008;P68871
prerank,Chromatin assembly factor 1 complex,0.8053865000531192,1.5246964927859983,0.040697674418604654,0.09380327437060298,1.0,1/3,1.03%,Q09028
prerank,Laminin-211 complex,0.7955532584336327,1.5246092595935727,0.04411764705882353,0.0937390710874758,1.0,2/3,4.63%,P11047;P07942
prerank,"CARD-BCL10-MALT1 complex, CARD10 variant",0.79433432024081,1.5243764859244315,0.039816232771822356,0.09377464318154957,1.0,2/3,6.72%,O95999;Q9UDY8
prerank,Interleukin-1 beta ligand-soluble receptor type 1 complex,0.7986449864498644,1.523955840326749,0.045112781954887216,0.09389004742119286,1.0,3/3,20.20%,Q9NPH3;P01584-PRO_0000015302;P14778-PRO_0000415344
prerank,STING-TRAF3-TBK1 complex,0.80840108401084,1.522692502694952,0.0517503805175038,0.09444499817309766,1.0,3/3,19.23%,Q9UHD2;Q86WV6;Q13114
prerank,"ESCRT-I complex, VPS37B-UBAP1 variant",0.7239431846393589,1.522429655172574,0.0694645441389291,0.09447305778596068,1.0,2/4,2.52%,Q9UK41;Q99816
prerank,"ESCRT-I complex, VPS37B-MVB12B variant",0.7239431846393589,1.5221554242589632,0.06695156695156695,0.09452704788833098,1.0,2/4,2.52%,Q9UK41;Q99816
prerank,Laminin-221 complex,0.8154621729630407,1.5207374301249592,0.051829268292682924,0.09513109577800441,1.0,2/3,3.30%,P11047;P55268
prerank,"ESCRT-I complex, VPS37B-MVB12A variant",0.7239431846393589,1.5192612827253749,0.06559766763848396,0.09585036666643452,1.0,2/4,2.52%,Q9UK41;Q99816
prerank,"ESCRT-I complex, VPS37D-UBAP1 variant",0.7239431846393589,1.5189453616960293,0.07971014492753623,0.09591541535266179,1.0,2/4,2.52%,Q9UK41;Q99816
prerank,Hemoglobin Portland-1 Variant 2 complex,0.8049428570678012,1.5186626924296636,0.043010752688172046,0.09596575120876782,1.0,2/3,10.24%,CHEBI:30413;P02008
prerank,Hexasome complex,0.7433172733286771,1.5177165442440697,0.06073446327683616,0.09642456272679392,1.0,2/4,7.09%,P62805;P68431
prerank,Laminin-411 complex,0.7956956767877161,1.5170055345857956,0.056129985228951254,0.09668223307457824,1.0,2/3,4.63%,P11047;P07942
prerank,"Oligosaccharyltransferase complex B, TUCS3 variant",0.5997720219250277,1.5166417986337106,0.06854345165238677,0.09675400040372045,1.0,6/8,23.99%,P04843;P61165;P04844;P61803;P39656;P0C6T2
prerank,Hemoglobin HbA complex,0.8124969754157356,1.5163600306114136,0.03924646781789639,0.0967885831121227,1.0,2/3,6.66%,CHEBI:30413;P69905
prerank,"Neuronal nicotinic acetylcholine receptor complex, alpha4-alpha5-beta2",0.7978319783197831,1.5151584959628857,0.057488653555219364,0.09740968337955613,1.0,3/3,20.28%,P17787-PRO_0000000379;P43681-PRO_0000000351;P30532-PRO_0000000356
prerank,"Nuclear meiotic cohesin complex, RAD21L1 variant",0.726209485058364,1.5139606886193402,0.06808510638297872,0.09796024650637965,1.0,3/4,16.57%,Q9UQE7;Q9UJ98;Q8NDV3
prerank,"CARD-BCL10-MALT1 complex, CARD9 variant",0.79433432024081,1.5127379880580563,0.04885496183206107,0.09854634234800629,1.0,2/3,6.72%,O95999;Q9UDY8
prerank,"ESCRT-I complex, VPS37D-MVB12B variant",0.7239431846393589,1.5125248135430056,0.06886657101865136,0.09857377251598683,1.0,2/4,2.52%,Q9UK41;Q99816
prerank,"Soluble guanylate cyclase complex, SGCalpha1-SGCbeta1 variant",0.8089044607433586,1.5124834490554981,0.04608294930875576,0.09848118719605188,1.0,1/3,0.41%,CHEBI:30413
prerank,"ESCRT-I complex, VPS37A-UBAP1 variant",0.7239431846393589,1.5115631573976236,0.06926406926406926,0.09889679242005661,1.0,2/4,2.52%,Q9UK41;Q99816
prerank,Collagen type V trimer variant 2,0.7918182435684185,1.510719336361391,0.07205882352941176,0.09923002264639275,1.0,2/3,7.01%,P20908;P05997
prerank,"ESCRT-I complex, VPS37A-MVB12B variant",0.7239431846393589,1.5097914213831929,0.06599713055954089,0.09961662532789399,1.0,2/4,2.52%,Q9UK41;Q99816
prerank,"Neuronal nicotinic acetylcholine receptor complex, alpha3-alpha5-beta4",0.7978319783197833,1.5096531046336275,0.05426356589147287,0.09957097427997263,1.0,3/3,20.28%,P32297-PRO_0000000346;P30926-PRO_0000000389;P30532-PRO_0000000356
prerank,"Scribble cell polarity complex, DLG1-LLGL1-SCRIB variant",0.7847260962084709,1.5096323943384435,0.06637168141592921,0.09946343676014573,1.0,2/3,7.80%,Q14160;Q15334
prerank,"CARD-BCL10-MALT1 complex, CARD11 variant",0.79433432024081,1.5094216799980265,0.06144393241167435,0.09948635355954506,1.0,2/3,6.72%,O95999;Q9UDY8
prerank,"ESCRT-I complex, VPS37D-MVB12A variant",0.7239431846393589,1.5084468951926133,0.07445255474452554,0.09990884417110749,1.0,2/4,2.52%,Q9UK41;Q99816
prerank,"Scribble cell polarity complex, DLG3-LLGL2-SCRIB variant",0.7844550934984438,1.508069637268946,0.06092124814264487,0.09998660706664667,1.0,2/3,7.83%,Q14160;Q6P1M3
prerank,2-(3-amino-3-carboxypropyl)histidine synthase complex,0.7967379292551725,1.5074414175514725,0.04806201550387597,0.10023345889473467,1.0,1/3,0.68%,CHEBI:49883
prerank,Mitochondrial complex I intermediate assembly (MCIA) complex,-0.5286140493626255,-1.507229000126053,0.08130081300813008,0.09793399440877715,1.0,6/6,47.25%,Q8IUX1;Q96B77;Q9BQ95;Q9GZY4;Q9Y375;Q9H845
prerank,NUBP1-NUBP2 iron-sulfur cluster assembly scaffold complex,0.7967379292551725,1.5064719120842252,0.05454545454545454,0.10066617199212353,1.0,1/3,0.68%,CHEBI:49883
prerank,Laminin-321 complex,0.8095135888002991,1.5059587568389803,0.04380664652567976,0.10085953564453073,1.0,2/3,3.30%,P11047;P55268
prerank,Interleukin-26 receptor-ligand complex,0.792411924119241,1.504088207598044,0.046012269938650305,0.10183429757265074,1.0,3/3,20.82%,Q08334;Q9UHF4;Q9NPH9
prerank,Precursor interleukin-1 alpha-membrane-bound receptor type 1 complex,0.7991869918699186,1.5039787551707555,0.0405616224648986,0.10176601744208423,1.0,3/3,20.15%,Q9NPH3;P01583;P14778-PRO_0000015435
prerank,"ESCRT-I complex, VPS37A-MVB12A variant",0.7239431846393589,1.502348348861015,0.06451612903225806,0.10265244856526862,1.0,2/4,2.52%,Q9UK41;Q99816
prerank,Interleukin-1 beta ligand-membrane bound receptor type 1 complex,0.7989159891598915,1.5023015051494037,0.05433186490455213,0.1025566533452737,1.0,3/3,20.17%,Q9NPH3;P14778-PRO_0000015435;P01584-PRO_0000015302
prerank,"ESCRT-I complex, VPS37C-MVB12A variant",0.7239431846393589,1.5019872816686253,0.07062146892655367,0.10260071130217897,1.0,2/4,2.52%,Q9UK41;Q99816
prerank,"Neuronal nicotinic acetylcholine receptor complex, alpha3-alpha5-beta2",0.7978319783197831,1.5018192830264736,0.0549777117384844,0.10260235669366465,1.0,3/3,20.28%,P17787-PRO_0000000379;P32297-PRO_0000000346;P30532-PRO_0000000356
prerank,"CARD-BCL10-MALT1 complex, CARD14 variant",0.79433432024081,1.501748757704236,0.04953560371517028,0.10252730889080344,1.0,2/3,6.72%,O95999;Q9UDY8
prerank,"Soluble guanylate cyclase complex, SGCalpha2-SGCbeta1 variant",0.8089044607433586,1.5017262458483385,0.04393939393939394,0.1024274276911241,1.0,1/3,0.41%,CHEBI:30413
prerank,"ESCRT-I complex, VPS37C-MVB12B variant",0.7239431846393589,1.5007491435832414,0.08438818565400844,0.10285084382735851,1.0,2/4,2.52%,Q9UK41;Q99816
prerank,"Scribble cell polarity complex, DLG2-LLGL1-SCRIB variant",0.7847260962084709,1.5006226013191517,0.061377245508982034,0.1027835659873995,1.0,2/3,7.80%,Q14160;Q15334
prerank,Oligosaccharyltransferase complex A,0.5747443874234655,1.4965227990709027,0.08939213349225268,0.10490342824884899,1.0,6/9,23.99%,P04843;P61165;P04844;P61803;P39656;P0C6T2
prerank,ATG5-ATG12-TECPR1 complex,0.7920306491530151,1.4956424737173533,0.07004470938897168,0.10530063447051222,1.0,2/3,6.88%,O94817;Q9H1Y0
prerank,Glycoprotein Ib-IX-V complex,0.7216047709406344,1.4932233565248472,0.05555555555555555,0.10661531711597523,1.0,4/4,27.92%,P07359;P13224;P14770;P40197
prerank,Interleukin-19 receptor-ligand complex,0.7940751822815952,1.4920637680459319,0.0496,0.10718030627609366,1.0,2/3,7.64%,Q6UXL0;Q9UHF4
prerank,"Scribble cell polarity complex, DLG1-LLGL2-SCRIB variant",0.7844550934984438,1.4900151580373242,0.07033639143730887,0.10835014734257117,1.0,2/3,7.83%,Q14160;Q6P1M3
prerank,"Scribble cell polarity complex, DLG3-LLGL1-SCRIB variant",0.7847260962084709,1.4890838909650381,0.057488653555219364,0.10878323932312653,1.0,2/3,7.80%,Q14160;Q15334
prerank,ATG12-ATG5-ATG16L1 complex,0.7920306491530151,1.487678294259811,0.05794947994056464,0.10938235665291042,1.0,2/3,6.88%,O94817;Q9H1Y0
prerank,INO80 chromatin remodeling complex,0.49743703229095065,1.487439100876025,0.08898776418242492,0.10940382704749926,1.0,3/15,3.36%,O96019;Q9Y265;Q9Y230
prerank,Interleukin-22 receptor-ligand complex,0.7823848238482385,1.484410761305102,0.0637329286798179,0.11113342529647942,1.0,3/3,21.83%,Q08334;Q8N6P7;Q9GZX6
prerank,"Scribble cell polarity complex, DLG4-LLGL2-SCRIB variant",0.7844550934984438,1.4838207627938047,0.05891238670694864,0.11137165430364546,1.0,2/3,7.83%,Q14160;Q6P1M3
prerank,"Scribble cell polarity complex, DLG2-LLGL2-SCRIB variant",0.7844550934984438,1.4814438017141995,0.05648854961832061,0.11273621092657544,1.0,2/3,7.83%,Q14160;Q6P1M3
prerank,RB1-E2F3-DP1 transcriptional repressor complex,0.7710569266765979,1.480555337159071,0.06417910447761194,0.11315037967716848,1.0,2/3,8.31%,Q14186;P06400
prerank,"ESCRT-I complex, VPS37C-UBAP1 variant",0.7239431846393589,1.4795824831091198,0.0755813953488372,0.11364191111752509,1.0,2/4,2.52%,Q9UK41;Q99816
prerank,DNA polymerase zeta complex,0.667693366224574,1.4789133444405331,0.08086253369272237,0.1139205941038925,1.0,4/5,26.83%,CHEBI:49883;Q9UI95;P49005;Q15054
prerank,"Septin complex, octamer variant, SEPT2-SEPT6-SEPT-7-SEPT3",0.7183850611589346,1.4778096916339558,0.08201438848920864,0.114462182390712,1.0,3/4,15.68%,Q16181;Q15019;Q14141
prerank,"Scribble cell polarity complex, DLG4-LLGL1-SCRIB variant",0.7847260962084709,1.4771770384333907,0.07357357357357357,0.11473773296344122,1.0,2/3,7.80%,Q14160;Q15334
prerank,"Scribble cell polarity complex, DLG5-LLGL1-SCRIB variant",0.7847260962084709,1.4769282956212513,0.0776255707762557,0.11475275897956103,1.0,2/3,7.80%,Q14160;Q15334
prerank,Laminin-311 complex variant A,0.7893956647868929,1.4736379109440745,0.059790732436472344,0.11667339471104453,1.0,2/3,4.63%,P11047;P07942
prerank,DNA polymerase alpha:primase complex,0.6649416602423949,1.4736164787248733,0.09340659340659341,0.11654887590996615,1.0,1/5,0.68%,CHEBI:49883
prerank,"Septin complex, octamer variant, SEPT2-SEPT6-SEPT-7-SEPT9",0.7183850611589346,1.4732228398737581,0.06960227272727272,0.11668058060741969,1.0,3/4,15.68%,Q16181;Q15019;Q14141
prerank,"Scribble cell polarity complex, DLG5-LLGL2-SCRIB variant",0.7844550934984438,1.4722153276680268,0.05606060606060606,0.11720761316170854,1.0,2/3,7.83%,Q14160;Q6P1M3
prerank,BRCA1-B complex,0.7150839740050476,1.4666619223913389,0.07246376811594203,0.12068660565501808,1.0,2/4,13.40%,CHEBI:49883;CPX-715
prerank,ATG12-ATG5-ATG16L2 complex,0.7920306491530151,1.466168596659561,0.07044410413476264,0.12086773565990815,1.0,2/3,6.88%,O94817;Q9H1Y0
prerank,"Actin-related protein 2/3 complex, ARPC1B-ACTR3-ARPC5L variant",0.5926859282295425,1.4659027607283737,0.0962772785622593,0.12092107039685523,1.0,4/7,11.21%,P61160;P59998;O15144;O15145
prerank,C5b6 complement complex,0.7636856368563687,1.4642457243335207,0.08307210031347963,0.12184824050223392,1.0,3/3,23.69%,P01031-PRO_0000005985;P01031-PRO_0000005989;P13671
prerank,Laminin-523 complex,0.7650406504065039,1.4639661365567072,0.0715372907153729,0.12186704142200824,1.0,3/3,23.56%,P55268;O15230;Q9Y6N6
prerank,RB1-E2F1-DP1 transcriptional repressor complex,0.7710569266765979,1.463708517731311,0.06382978723404255,0.12192357869107452,1.0,2/3,8.31%,Q14186;P06400
prerank,"Actin-related protein 2/3 complex, ARPC1B-ACTR3-ARPC5 variant",0.5926859282295425,1.462424762295093,0.10673443456162643,0.1226018787817258,1.0,4/7,11.21%,P61160;P59998;O15144;O15145
prerank,"Ubiquitous AP-1 Adaptor complex, sigma1b variant",0.7013986999237455,1.460924203680085,0.0821529745042493,0.12343391995320041,1.0,3/4,19.04%,O43747;Q10567;Q9BXS5
prerank,"Actin-related protein 2/3 complex, ARPC1A-ACTR3-ARPC5L variant",0.5926859282295425,1.460806315619069,0.10051546391752578,0.12336799089621238,1.0,4/7,11.21%,P61160;P59998;O15144;O15145
prerank,Apoptosome,0.6327691453858175,1.459945273747577,0.08301404853128991,0.12377756266061243,1.0,1/6,0.41%,CHEBI:30413
prerank,"sTNF-TNR1A receptor-ligand core complex, BIRC3 variant",0.596078025323915,1.459022417903251,0.09693877551020408,0.12425681943091216,1.0,5/7,21.96%,Q12933;Q13546;P19438-PRO_0000034543;O00463;Q15628
prerank,"Actin-related protein 2/3 complex, ARPC1A-ACTR3B-ARPC5 variant",0.5926859282295425,1.4567027947630498,0.10911424903722722,0.1257195356439149,1.0,4/7,11.21%,P61160;P59998;O15144;O15145
prerank,"Mitochondrial calcium uniporter complex, MICU1-MICU2 variant",0.7149079140617411,1.4564092794843266,0.0735930735930736,0.12577573175164103,1.0,3/4,12.89%,Q9BPX6;Q8NE86;Q9H4I9
prerank,"Actin-related protein 2/3 complex, ARPC1A-ACTR3-ARPC5 variant",0.5926859282295425,1.455122951015647,0.10793237971391417,0.1264083094563025,1.0,4/7,11.21%,P61160;P59998;O15144;O15145
prerank,RB1-E2F2-DP1 transcriptional repressor complex,0.7710569266765979,1.4539449795565296,0.06865671641791045,0.12710526140850814,1.0,2/3,8.31%,Q14186;P06400
prerank,Prefoldin co-chaperone complex,0.6208299430431246,1.4506090093598825,0.10119840213049268,0.12913928007670228,1.0,6/6,38.02%,O15212;Q9UHV9;Q9NUG6;P61758;O60925;Q99471
prerank,"Platelet-activating factor acetylhydrolase IB complex, alpha1-alpha2 variant",0.7590785907859077,1.4498699538249589,0.07573415765069552,0.1294748875028976,1.0,3/3,24.15%,P43034;Q15102;P68402
prerank,"Actin-related protein 2/3 complex, ARPC1B-ACTR3B-ARPC5L variant",0.5926859282295425,1.4491106729655714,0.1124031007751938,0.12983358507730836,1.0,4/7,11.21%,P61160;P59998;O15144;O15145
prerank,"GABA-A receptor, alpha5-beta3-gamma3",0.7616438361284402,1.4480767137842385,0.07401574803149606,0.13037610185616758,1.0,2/3,13.21%,P28472;P31644
prerank,"sTNF-TNR1A receptor-ligand core complex, BIRC2 variant",0.596078025323915,1.4474832548097587,0.0973111395646607,0.1306065521079233,1.0,5/7,21.96%,Q12933;Q13546;P19438-PRO_0000034543;O00463;Q15628
prerank,"Gamma-delta T cell receptor complex, TRGC1 variant",0.6392117708097347,1.4394326880349555,0.10178817056396149,0.1360836089298214,1.0,3/5,12.81%,P07766;P09693;P20963
prerank,"Ubiquitous AP-1 Adaptor complex, sigma1c variant",0.7013986999237455,1.4377624552627342,0.09064327485380116,0.1371158422318709,1.0,3/4,19.04%,O43747;Q10567;Q9BXS5
prerank,PPP4C-PPP4R2-PPP4R3A protein phosphatase 4 complex,0.7610618070517329,1.4345809399256173,0.08797653958944282,0.13921593557677991,1.0,2/3,10.53%,P60510;Q9NY27
prerank,"Actin-related protein 2/3 complex, ARPC1B-ACTR3B-ARPC5 variant",0.5926859282295425,1.433404669013157,0.10588235294117647,0.1398929055771212,1.0,4/7,11.21%,P61160;P59998;O15144;O15145
prerank,ISCA1-ISCA2 mitochondrial iron-sulfur protein assembly complex,0.7518803718084188,1.4333481294030563,0.0876923076923077,0.13979044256396464,1.0,1/3,0.68%,CHEBI:49883
prerank,"Neuronal nicotinic acetylcholine receptor complex, alpha3-alpha6-beta4",0.7688531016227289,1.4329145117822657,0.0768025078369906,0.1399334346733557,1.0,2/3,5.96%,P32297-PRO_0000000346;P30926-PRO_0000000389
prerank,Laminin-423 complex,0.7523035230352305,1.4319369015158716,0.08444444444444445,0.140452385111137,1.0,3/3,24.83%,P55268;Q9Y6N6;Q16363
prerank,Laminin-213 complex,0.7525745257452573,1.4318037319370098,0.09239940387481371,0.14038206672970446,1.0,3/3,24.80%,P07942;Q9Y6N6;P24043
prerank,"Box C/D snoRNA-Guided RNP methyltransferase complex, FBLL1 variant",0.6067105650068148,1.4313787923433943,0.10980392156862745,0.14050624959716165,1.0,4/6,19.52%,P55769;CHEBI:67040;O00567;Q9Y2X3
prerank,Alternative pathway pathogen cell-bound C5 convertase complex C3bBbC3bP,0.7466124661246613,1.4310093599122211,0.08791208791208792,0.14059927115302545,1.0,3/3,25.40%,CPX-973;CPX-5601;P27918
prerank,DNA polymerase epsilon complex,0.6427053592280263,1.4305744160493639,0.10589812332439678,0.1407420316210626,1.0,1/5,0.68%,CHEBI:49883
prerank,Interleukin-17C receptor-ligand complex,0.6841483011206249,1.4224107580194767,0.093841642228739,0.14635926283471107,1.0,3/4,22.42%,Q96F46;O43734;Q9P0M4
prerank,p53-MDM2-MDM4 transcriptional regulation complex,0.7588075880758806,1.4195743913894083,0.09417040358744394,0.14819555462519993,1.0,3/3,24.18%,P04637;O15151;Q00987
prerank,Glutamate decarboxylase 1/2 complex,0.7585365853658534,1.4193169503924699,0.09705882352941177,0.14822690101239144,1.0,3/3,24.21%,CHEBI:18405;Q05329;Q99259
prerank,"Casein kinase II complex, CSNK2A1-CNSK2A2 variant",0.7579945799457992,1.4178786334042786,0.1046875,0.14911665772924487,1.0,3/3,24.26%,P67870;P19784;P68400
prerank,SNAPc snRNA activating protein complex ,-0.5051518438177874,-1.4178266923053673,0.09090909090909091,0.14227815964472346,1.0,5/5,49.58%,O75971;Q16533;Q92966;Q13487;Q5SXM2
prerank,"NMDA receptor complex, GluN1-GluN2A-GluN2B",0.7628726287262872,1.4168482760979815,0.0893939393939394,0.14969327536697039,1.0,3/3,23.77%,Q05586;Q13224;Q12879
prerank,FCN1-MASP1 lectin-protease complex,0.7402246704882748,1.413749365685985,0.10075187969924812,0.15183438375512884,1.0,2/3,7.23%,P48740-PRO_0000027593;P48740-PRO_0000027594
prerank,WMM N6-adenosine-methyltransferase complex,-0.5097613882863341,-1.4126658514716153,0.0931899641577061,0.14274163769240164,1.0,5/5,49.12%,Q15007;CPX-21210;Q69YN4;Q5T200;Q75N03
prerank,"FTS-Hook-FHIP cargo adaptor complex, FHIP1A-HOOK1/3 variant",0.6858051355283649,1.4124838182783945,0.10014306151645208,0.15259766393987573,1.0,3/4,19.66%,Q9H8T0;Q86VS8;Q9UJC3
prerank,uPA-uPAR-vitronectin complex,0.7653116531165312,1.4117270878568384,0.10093167701863354,0.15298505933427065,1.0,3/3,23.53%,P00749;P04004;Q03405
prerank,PPP4C-PPP4R2-PPP4R3B protein phosphatase 4 complex,0.7610618070517329,1.4105144337811575,0.0955223880597015,0.1537206563254726,1.0,2/3,10.53%,P60510;Q9NY27
prerank,FCN2-MASP1 lectin-protease complex,0.7402246704882748,1.410366900725721,0.08818897637795275,0.15367156928105355,1.0,2/3,7.23%,P48740-PRO_0000027593;P48740-PRO_0000027594
prerank,"ERF1-ERF3 translation release factor complex, GSPT2 variant",0.7408705661558727,1.4098013450598046,0.0955223880597015,0.15391428169545962,1.0,1/3,1.16%,CHEBI:37565
prerank,DNA polymerase delta complex,0.6218247298891488,1.4067423700866526,0.12395543175487465,0.15594961699371473,1.0,1/5,0.68%,CHEBI:49883
prerank,FCN3-MASP1 lectin-protease complex,0.7402246704882748,1.406516241844082,0.09049773755656108,0.15595760814320597,1.0,2/3,7.23%,P48740-PRO_0000027593;P48740-PRO_0000027594
prerank,CIAO1-CIAO2A-CIAO3 cytosolic iron-sulfur protein assembly complex,0.6684972057201469,1.4053222171459019,0.10465116279069768,0.15665986136907015,1.0,1/4,0.68%,CHEBI:49883
prerank,Cyclin-dependent protein kinase-activating kinase complex,0.7417344173441733,1.4044809603938193,0.09715994020926756,0.1571005038008881,1.0,3/3,25.89%,P51946;P50613;P51948
prerank,"Gamma-delta T cell receptor complex, TRGC2 variant",0.6392117708097347,1.404185535463805,0.11548913043478261,0.15714761755703058,1.0,3/5,12.81%,P07766;P09693;P20963
prerank,"BOS complex, NOMO2 variant",0.724889566098307,1.4041017942558307,0.10076335877862595,0.15703027850423065,1.0,2/3,10.45%,Q9BVK8;Q969V3
prerank,"Mitochondrial calcium uniporter complex, MICUB variant",0.6402287975109623,1.4017718383924476,0.12534435261707988,0.15859233633237438,1.0,3/5,12.89%,Q9BPX6;Q8NE86;Q9H4I9
prerank,TBK1-IKKepsilon-SINTBAD complex,0.737786561543107,1.3996180446659212,0.11651917404129794,0.1599898664821109,1.0,2/3,11.05%,Q9UHD2;Q14164
prerank,MBL2-MASP1 lectin-protease complex,0.7402246704882748,1.3990836527175936,0.09651898734177215,0.16019886845640754,1.0,2/3,7.23%,P48740-PRO_0000027593;P48740-PRO_0000027594
prerank,FCN2-MASP2 lectin-protease complex,0.7396826650682206,1.3987863221440435,0.08144796380090498,0.16024521726547214,1.0,2/3,7.28%,O00187-PRO_0000027599;O00187-PRO_0000027600
prerank,Interleukin-6 sIL6R-mIL6ST receptor-ligand trans-signalling complex,0.7411924119241193,1.3966900795121306,0.09891808346213292,0.1616994674826007,1.0,3/3,25.94%,P05231;P40189-1;P08887-PRO_0000450730
prerank,Eukaryotic translation initiation factor 2B complex,-0.5059652928416486,-1.3965743574970007,0.10964912280701754,0.14956048190517915,1.0,5/5,49.50%,Q14232;Q9NR50;Q13144;P49770;Q9UI10
prerank,TMEM219-Interleukin-13 decoy-receptor-ligand alpha 2 complex,0.7308943089430895,1.3935609892870005,0.10906298003072197,0.16386524599411387,1.0,3/3,26.97%,P35225;Q14627;Q86XT9
prerank,Outer dynein arm-docking complex,-0.5046095444685467,-1.393468269800125,0.10276679841897234,0.14874235489883095,1.0,5/5,49.63%,Q96M63;Q9HAE3;Q5T2S8;A5D8V7;Q96NG3
prerank,FCN1-MASP2 lectin-protease complex,0.7396826650682206,1.3925171606889715,0.09212481426448738,0.16445398358199148,1.0,2/3,7.28%,O00187-PRO_0000027599;O00187-PRO_0000027600
prerank,FERRY RAB5 effector complex,-0.5092190889370933,-1.3920249645050404,0.12830188679245283,0.1470937580572456,1.0,5/5,49.17%,Q8TEA7;Q9NQ89;O95825;Q8NB37;Q6ZMI0
prerank,"Poly(A) tail exosome targeting complex, RBM27 variant",0.6257615407164513,1.3910368427176294,0.13858695652173914,0.1653501370625222,1.0,4/5,27.62%,P42285;O60293;Q8IXZ2;Q86U42
prerank,MBL2-MASP2 lectin-protease complex,0.7396826650682206,1.388980848422242,0.09090909090909091,0.16676113438671186,1.0,2/3,7.28%,O00187-PRO_0000027599;O00187-PRO_0000027600
prerank,GPI-anchor transamidase complex,-0.504880694143167,-1.3885412522259857,0.14705882352941177,0.14654710151459324,1.0,5/5,49.61%,Q969N2;Q96S52;O43292;Q9H490;Q92643
prerank,FCN3-MASP2 lectin-protease complex,0.7396826650682206,1.3884595120676892,0.09379727685325265,0.16693126822464247,1.0,2/3,7.28%,O00187-PRO_0000027599;O00187-PRO_0000027600
prerank,Ragulator complex,-0.5070498915401301,-1.3879799025041735,0.10247349823321555,0.14441388726865476,1.0,5/5,49.39%,O43504;Q9Y2Q5;Q6IAA8;Q9UHA4;Q0VGL1
prerank,KIF3 complex variant AC-KAP3,0.7314363143631437,1.3871139971180473,0.10911808669656203,0.1678075860667388,1.0,3/3,26.92%,Q9Y496;O14782;Q92845
prerank,"Exocyst, EXOC6 variant",0.5368193426798058,1.3850839233183851,0.1259259259259259,0.16916154686349197,1.0,7/8,38.45%,Q8IYI6;Q96KP1;O00471;Q9NV70;Q9UPT5;Q96A65;O60645
prerank,Interleukin 11-mIL11RA-IL-6ST receptor-ligand complex,0.7251119193279507,1.3848025363993721,0.09985096870342772,0.16919065916056603,1.0,2/3,14.32%,P40189;P20809
prerank,Complement C1 complex,-0.5075921908893709,-1.3835036000953154,0.1485148514851485,0.14461746636380246,1.0,5/5,49.34%,P09871-PRO_0000027588;P00736-PRO_0000027578;P00736-PRO_0000027579;CPX-1919;P09871-PRO_0000027587
prerank,TBK1-IKKepsilon-TANK complex,0.737786561543107,1.383455824647927,0.1042296072507553,0.17006312359815393,1.0,2/3,11.05%,Q9UHD2;Q14164
prerank,KIF3 complex variant AB-KAP3,0.7314363143631437,1.3825024334642344,0.13323572474377746,0.1706131582663307,1.0,3/3,26.92%,Q9Y496;O15066;Q92845
prerank,"MON1-CCZ1 guanyl-nucleotide exchange factor complex, MON1B variant",0.7176151761517613,1.3815001907535343,0.1088,0.17120451380119317,1.0,3/3,28.30%,Q96DM3;Q7L1V2;P86791
prerank,mRNA cap guanine-N7 methyltransferase complex,0.7379592262532578,1.3803759929663768,0.11834319526627218,0.1719332980029973,1.0,1/3,1.27%,CHEBI:59789
prerank,"ILK-PINCH-Parvin complex, LIMS1-PARVA variant",0.7186991869918697,1.3796213403885809,0.11194029850746269,0.17232262080220226,1.0,3/3,28.19%,Q13418;P48059;Q9NVD7
prerank,"LIN-10-LIN-2-LIN-7 complex, LIN7B variant",0.7259735769384155,1.3793264655083561,0.09672619047619048,0.17238204852402822,1.0,2/3,10.34%,Q02410;O14936
prerank,"Exocyst, EXOC6B variant",0.5368193426798058,1.3785248427528756,0.14938271604938272,0.17277710958292783,1.0,7/8,38.45%,Q8IYI6;Q96KP1;O00471;Q9NV70;Q9UPT5;Q96A65;O60645
prerank,"Interleukin-24 receptor-ligand complex, type 1",0.7313411778287358,1.377541775751317,0.10200927357032458,0.17337848427659236,1.0,2/3,7.64%,Q6UXL0;Q9UHF4
prerank,"LIN-10-LIN-2-LIN-7 complex, LIN7C variant",0.7259735769384155,1.3772379293113532,0.10889570552147239,0.17343377657210204,1.0,2/3,10.34%,Q02410;O14936
prerank,"BOS complex, NOMO3 variant",0.724889566098307,1.377062658607651,0.11574074074074074,0.17338207665682925,1.0,2/3,10.45%,Q9BVK8;Q969V3
prerank,"LKB1-STRAD-MO25 serine/threonine protein kinase complex, CAB39L-STRADB variant",0.7181571815718155,1.3762798933894491,0.11450381679389313,0.173864287118651,1.0,3/3,28.24%,Q15831;Q9C0K7;Q9H9S4
prerank,"Poly(A) tail exosome targeting complex, RBM26 variant",0.6257615407164513,1.373778413275579,0.1307277628032345,0.1755494487504258,1.0,4/5,27.62%,P42285;O60293;Q8IXZ2;Q86U42
prerank,METTL1-WDR4 tRNA (guanine-N(7)-)-methyltransferase complex,0.7379592262532578,1.3737072027933257,0.11700468018720749,0.17541155620319632,1.0,1/3,1.27%,CHEBI:59789
prerank,"ERF1-ERF3 translation release factor complex, GSPT1 variant",0.7408705661558727,1.3734783733648923,0.101620029455081,0.17542658469823497,1.0,1/3,1.16%,CHEBI:37565
prerank,Tubulin polyglutamylase complex,-0.5065075921908894,-1.3734219910591512,0.13533834586466165,0.14809376037360164,1.0,5/5,49.44%,Q8IUZ0;Q9BSH3;O95922;Q68CL5;Q6ZTW0
prerank,CIAO1-CIAO2B-CIAO3-MMS19 cytosolic iron-sulfur protein assembly complex,0.6212939135743701,1.3733023534323436,0.13649025069637882,0.17538283309415303,1.0,1/5,0.68%,CHEBI:49883
prerank,"BOS complex, NOMO1 variant",0.724889566098307,1.3732733297162891,0.10925644916540213,0.1752120218311147,1.0,2/3,10.45%,Q9BVK8;Q969V3
prerank,Interleukin-4 receptor-ligand type-1 complex,0.7257452574525743,1.3729958179619042,0.11710323574730354,0.17524954689520275,1.0,3/3,27.48%,P31785;P24394;P05112
prerank,"LKB1-STRAD-MO25 serine/threonine protein kinase complex, CAB39L-STRADA variant",0.7181571815718155,1.3724661196709556,0.11332312404287902,0.175440367703986,1.0,3/3,28.24%,Q15831;Q7RTN6;Q9H9S4
prerank,Interleukin-6 sIL6R-sIL6ST buffering receptor-ligand complex,0.7289972899728996,1.371378323918084,0.12519809825673534,0.17613499453308357,1.0,3/3,27.16%,P05231;P08887-PRO_0000450730;P40189-2
prerank,"SMC5-SMC6 SUMO ligase complex, EID3 variant",0.5373620835210541,1.3708954601016183,0.15239294710327456,0.17631891043363518,1.0,7/8,38.40%,Q96SB8;Q8IX21;Q9BQI6;Q8IY18;Q8WV22;Q96MF7;Q96MG7
prerank,CRUMBS3-PALS1-PATJ cell polarity complex,0.7251605688083342,1.3705339748821455,0.11370262390670553,0.17642321342465445,1.0,2/3,10.43%,Q8NI35;Q8N3R9
prerank,"PRMT5 methylosome complex, CLNS1A variant",0.7254315715183612,1.3701135044482378,0.12164296998420221,0.17655367667431643,1.0,2/3,10.40%,O14744;Q9BQA1
prerank,"PRMT5 methylosome complex, RIOK1 variant",0.7254315715183612,1.3697415071108758,0.13364779874213836,0.17664364272429053,1.0,2/3,10.40%,O14744;Q9BQA1
prerank,"Phosphatidylinositol 3-kinase complex, class III, UVRAG variant",0.6127895643469198,1.369588892142876,0.1260387811634349,0.17656715766894937,1.0,1/5,0.92%,CHEBI:29035
prerank,"LIN-10-LIN-2-LIN-7 complex, LIN7A variant",0.7259735769384155,1.3692063291069092,0.09733124018838304,0.17669290582981848,1.0,2/3,10.34%,Q02410;O14936
prerank,"MON1-CCZ1 guanyl-nucleotide exchange factor complex, MON1A variant",0.7176151761517614,1.3678800200527026,0.11370716510903427,0.17758158691741702,1.0,3/3,28.30%,Q96DM3;Q86VX9;P86791
prerank,"LKB1-STRAD-MO25 serine/threonine protein kinase complex, CAB39-STRADB variant",0.716531165311653,1.3677917292869375,0.11043872919818457,0.17746016154677638,1.0,3/3,28.41%,Q15831;Q9C0K7;Q9Y376
prerank,"ILK-PINCH-Parvin complex, LIMS2-PARVA variant",0.7157181571815717,1.3676744114376354,0.11059907834101383,0.1773845209986488,1.0,3/3,28.49%,Q13418;Q9NVD7;Q7Z4I7
prerank,PSAP splicing-associated complex,0.7211382113821138,1.3670155290712394,0.10182370820668693,0.17771700387673964,1.0,3/3,27.94%,Q15287;O00422;Q9H307
prerank,SF3A complex,0.72710027100271,1.3668814056473246,0.12480499219968799,0.17763849927191797,1.0,3/3,27.35%,Q12874;Q15459;Q15428
prerank,TBK1-IKKepsilon-NAP1 complex,0.737786561543107,1.3648535106548465,0.11532625189681335,0.1790221874743549,1.0,2/3,11.05%,Q9UHD2;Q14164
prerank,Interleukin-4 receptor-ligand type-2 complex,0.7252032520325205,1.3648481452417895,0.11212121212121212,0.17883943854739703,1.0,3/3,27.54%,P24394;P05112;P78552
prerank,CRUMBS1-PALS1-PATJ cell polarity complex,0.7251605688083342,1.3646687389658592,0.10456553755522828,0.1787984394239783,1.0,2/3,10.43%,Q8NI35;Q8N3R9
prerank,"Phosphatidylinositol 3-kinase complex, class III, ATG14 variant",0.6127895643469198,1.3645117024319575,0.1292517006802721,0.17873284624384536,1.0,1/5,0.92%,CHEBI:29035
prerank,SNARE complex STX1B-SNAP25-VAMP2,0.7200542005420053,1.3628032860671913,0.12518853695324283,0.179890491514911,1.0,3/3,28.05%,P60880;P61266;P63027
prerank,"SREBP-SCAP-INSIG sequestering complex, INSIG2-SREBF1 variant",0.7178861788617885,1.361445965639508,0.1069182389937107,0.18078576609751962,1.0,3/3,28.27%,CHEBI:42977;CPX-25745;Q9Y5U4
prerank,TIM9-TIM10-TIM10B mitochondrial intermembrane space protein transporter complex,0.7282370164630725,1.3610145320452565,0.1347068145800317,0.18091240066135406,1.0,2/3,10.15%,P62072;Q9Y5J7
prerank,Complement factor I-H-C3b complex,0.7129057265576926,1.359083595229787,0.12023460410557185,0.1822676258532945,1.0,2/3,15.25%,CPX-973;P08603
prerank,"COPI vesicle coat complex, COPG1-COPZ2 variant",0.5525798035424081,1.3573827186254797,0.16750629722921914,0.18349728429513548,1.0,5/7,25.78%,P35606;P48444;P53618;P53621;O14579
prerank,SNARE complex STX1A-SNAP25-VAMP1,0.7162601626016258,1.3566428100440504,0.11472868217054263,0.18392184565279465,1.0,3/3,28.43%,P60880;P23763;Q16623
prerank,CRUMBS2-PALS1-PATJ cell polarity complex,0.7251605688083342,1.355696237755682,0.13601236476043277,0.1844979784555117,1.0,2/3,10.43%,Q8NI35;Q8N3R9
prerank,"PRMT5 methylosome complex, COPR5 variant",0.7254315715183612,1.3555352199380375,0.1402439024390244,0.18444607592121587,1.0,2/3,10.40%,O14744;Q9BQA1
prerank,"SMC5-SMC6 SUMO ligase complex, NSE4EA variant",0.5373620835210541,1.3554873856992742,0.15025252525252525,0.1843019129000578,1.0,7/8,38.40%,Q96SB8;Q8IX21;Q9BQI6;Q8IY18;Q8WV22;Q96MF7;Q96MG7
prerank,"Eukaryotic translation initiation factor 4F, EIF4A1 and EIF4G3 variant",0.7146341463414634,1.3549741238211466,0.12705530642750373,0.18448642826952585,1.0,3/3,28.59%,P06730;O43432;P60842
prerank,SNARE complex STX1A-SNAP25-VAMP2,0.7162601626016258,1.3541627535284033,0.12235649546827794,0.18490914028395147,1.0,3/3,28.43%,P60880;P63027;Q16623
prerank,"LKB1-STRAD-MO25 serine/threonine protein kinase complex, CAB39-STRADA variant",0.716531165311653,1.3535932845115841,0.12878787878787878,0.18514952577498278,1.0,3/3,28.41%,Q15831;Q7RTN6;Q9Y376
prerank,"Eukaryotic translation initiation factor 4F, EIF4A2 and EIF4G3 variant",0.7149051490514904,1.3528949370983017,0.14652567975830816,0.18543811662511261,1.0,3/3,28.57%,P06730;Q14240;O43432
prerank,"SREBP-SCAP-INSIG sequestering complex, INSIG2-SREBF2 variant",0.7168021680216801,1.3528735881261769,0.1125,0.1852612421571496,1.0,3/3,28.38%,CHEBI:42977;Q9Y5U4;CPX-25721
prerank,CoQ biosynthetic complex,0.5308048255254552,1.352826208459119,0.1546134663341646,0.18511173027236014,1.0,1/8,0.70%,CHEBI:57692
prerank,"Eukaryotic translation initiation factor 4F, EIF4A1 and EIF4G1 variant",0.7146341463414634,1.3522846197385396,0.13363363363363365,0.1853927297603359,1.0,3/3,28.59%,P06730;Q04637;P60842
prerank,"MON1-CCZ1B guanyl-nucleotide exchange factor complex, MON1B variant",0.7170731707317072,1.3509315375286968,0.13975155279503104,0.1862942245826485,1.0,3/3,28.35%,Q96DM3;Q7L1V2;P86790
prerank,SNARE complex STX1B-SNAP25-VAMP1,0.7173441734417343,1.350534660802733,0.13190184049079753,0.18641059283369307,1.0,3/3,28.32%,P60880;P61266;P23763
prerank,"ILK-PINCH-Parvin complex, LIMS2-PARVB variant",0.7157181571815717,1.3501767977269679,0.1362940275650842,0.18648907812863583,1.0,3/3,28.49%,Q13418;Q9HBI1;Q7Z4I7
prerank,"MON1-CCZ1B guanyl-nucleotide exchange factor complex, MON1A variant",0.7170731707317072,1.3493851809792348,0.16261398176291794,0.18690855077467053,1.0,3/3,28.35%,Q96DM3;Q86VX9;P86790
prerank,"SREBP-SCAP-INSIG sequestering complex, INSIG1-SREBF1 variant",0.7184281842818427,1.3493011698833395,0.12878787878787878,0.18680389298887215,1.0,3/3,28.22%,CHEBI:42977;CPX-25745;O15503
prerank,"Eukaryotic translation initiation factor 4F, EIF4A2 and EIF4G1 variant",0.7151761517615176,1.3478478011811272,0.1461187214611872,0.18770338178074547,1.0,3/3,28.54%,P06730;Q14240;Q04637
prerank,Interleukin-13 receptor-ligand alpha 1 complex,0.7252032520325203,1.3476040627725283,0.13198757763975155,0.18769587546373465,1.0,3/3,27.54%,P35225;P24394;P78552
prerank,Interleukin 11-sIL11RA-IL-6ST receptor-ligand trans-signalling complex,0.7140921409214093,1.3458352144444192,0.1303030303030303,0.1889551301791963,1.0,3/3,28.65%,P40189;P20809;Q14626-PRO_0000450688
prerank,"ILK-PINCH-Parvin complex, LIMS1-PARVB variant",0.7159891598915988,1.3439645308566615,0.13484848484848486,0.19018643866053989,1.0,3/3,28.46%,Q13418;P48059;Q9HBI1
prerank,"COPI vesicle coat complex, COPG2-COPZ1 variant",0.5525798035424081,1.341828651059488,0.16645962732919253,0.19177167519256821,1.0,5/7,25.78%,P35606;P48444;P53618;P53621;O14579
prerank,Interleukin-20 receptor-ligand type 2 complex,0.7155121979912332,1.341725339121011,0.14551083591331268,0.19167206147128585,1.0,2/3,14.13%,Q6UXL0;Q8N6P7
prerank,KEOPS tRNA N6-adenosine threonylcarbamoyltransferase complex,-0.4390288790183165,-1.3414495429041047,0.14042553191489363,0.16505374296706324,1.0,5/6,18.63%,Q9BXV9;Q96S44;Q9Y3C4;Q9NPF4;Q14657
prerank,"SREBP-SCAP-INSIG sequestering complex, INSIG1-SREBF2 variant",0.7168021680216801,1.3403743539270971,0.14457831325301204,0.19257847941198936,1.0,3/3,28.38%,CHEBI:42977;O15503;CPX-25721
prerank,iNOS-S100A8/A9 complex,0.6895490590085418,1.3388124473924325,0.15658914728682172,0.19363345358392423,1.0,2/3,14.70%,P05109;P06702
prerank,"Ubiquitous AP-1 Adaptor complex, sigma1a variant",0.643571356646815,1.335789651571102,0.14285714285714285,0.1958762292648121,1.0,3/4,19.04%,O43747;Q10567;Q9BXS5
prerank,IL11-sIL11RA-sIL-6ST receptor-ligand buffering complex,0.7140921409214092,1.3347008862214849,0.12538226299694188,0.19654721184660875,1.0,3/3,28.65%,P20809;P40189-2;Q14626-PRO_0000450688
prerank,tRNA-splicing ligase complex,0.5239781167745284,1.3342198567647257,0.15769712140175218,0.19672457906315902,1.0,1/8,0.92%,CHEBI:29035
prerank,Interleukin-10 receptor-ligand complex,0.710423875511353,1.332835561971475,0.14545454545454545,0.19769159723779908,1.0,2/3,16.06%,Q08334;P22301
prerank,Interleukin-27 receptor-ligand complex,0.6427216047709406,1.3327873393468657,0.1661721068249258,0.19753111365506942,1.0,4/4,35.80%,P40189;Q14213;Q8NEV9;Q6UWB1
prerank,SNARE priming complex STX17-SNAP29-YKT6,0.7061315837851927,1.3321433685887445,0.1451851851851852,0.19789347948733088,1.0,2/3,14.81%,P56962;O95721
prerank,"RAG guanosine triphosphatase complex, RAGA-RAGD variant",0.6466272475924155,1.3311385771972375,0.16923076923076924,0.19853792393774383,1.0,2/4,14.43%,CHEBI:37565;CHEBI:58189
prerank,"Amiloride-sensitive sodium channel complex, delta-alpha-beta-gamma",0.6364868528056384,1.32614757878361,0.15198863636363635,0.20246705113145705,1.0,4/4,36.42%,P51170;P51168;P51172;P37088
prerank,Interleukin-25 receptor-ligand complex,0.6414150963951228,1.3252610004150056,0.15722379603399433,0.2030040679027826,1.0,2/4,4.93%,Q96F46;O43734
prerank,Interleukin-23 receptor-ligand complex,0.642981812164848,1.3241047240097688,0.16407355021216408,0.2037508185316892,1.0,3/4,21.80%,P29460-PRO_0000010930;P42701-PRO_0000010917;Q9NPF7-PRO_0000259488
prerank,"mTNF-TNR1B receptor-ligand core complex, BIRC3 variant",0.6413662239089184,1.3240389500664187,0.16828929068150209,0.20360234972943986,1.0,4/4,35.93%,Q12933;CPX-8931;P20333-PRO_0000034548;Q13489
prerank,Interleukin-17B receptor-ligand complex,0.6414150963951228,1.3195902369261991,0.15319148936170213,0.20723326787773724,1.0,2/4,4.93%,Q96F46;O43734
prerank,"Box C/D snoRNA-guided RNP methyltransferase complex, FBL variant",0.5610291347954846,1.3194211986996545,0.1616294349540079,0.20720378576926973,1.0,4/6,19.52%,P55769;CHEBI:67040;O00567;Q9Y2X3
prerank,IL33 receptor-ligand complex,0.7045271788853518,1.3165885811397418,0.14241486068111456,0.20943677036943575,1.0,1/3,1.14%,Q9NPH3
prerank,BRCC E3 ubiquitin ligase complex,0.5638235615581819,1.3162217321183083,0.16195372750642673,0.20951396481057682,1.0,5/6,35.72%,P46736;Q9NXR7;P38398;P51587;Q99728
prerank,"FTS-Hook-FHIP cargo adaptor complex, FHIP1B-HOOK1/3 variant",0.6291199465373789,1.3161018341122053,0.15013774104683195,0.20939062305592884,1.0,3/4,19.66%,Q9H8T0;Q86VS8;Q9UJC3
prerank,"RAG guanosine triphosphatase complex, RAGA-RAGC variant",0.6466272475924155,1.3111621361435724,0.17348377997179126,0.21346483571151453,1.0,2/4,14.43%,CHEBI:37565;CHEBI:58189
prerank,"mTNF-TNR1B receptor-ligand core complex, BIRC2 variant",0.6416373000813229,1.3078753182833747,0.1676056338028169,0.21607224541551895,1.0,4/4,35.91%,Q12933;CPX-8931;P20333-PRO_0000034548;Q13490
prerank,"Endoplasmic reticulum membrane complex, EMC8 variant",0.49274321665839793,1.3048353910110098,0.18476903870162298,0.21853867930441323,1.0,8/9,43.76%,Q9P0I2;Q5UCC4;Q5J8M3;Q8N766;Q15006;Q9NPA0;Q9BV81;Q8N4V1
prerank,"RAG guanosine triphosphatase complex, RAGB-RAGD variant",0.6466272475924155,1.300354157456741,0.1793002915451895,0.22221732096018587,1.0,2/4,14.43%,CHEBI:37565;CHEBI:58189
prerank,"4EHP-GIGYF1 co-translational mRNA decay complex, DDX6 variant",0.6861787752942508,1.2960147923784098,0.15905743740795286,0.2258964974155486,1.0,2/3,9.48%,O60573;P26196
prerank,"Mitochondrial pyruvate dehydrogenase complex, testis-specific variant",0.5105768935066115,1.2912144991222831,0.21046077210460773,0.22992642286190085,1.0,5/8,25.37%,CHEBI:58937;P09622;CHEBI:16238;CHEBI:83088;P11177
prerank,"TREX transcription-export complex, DX39A variant",0.4172030168529237,1.2904749635039343,0.19607843137254902,0.23034303514073498,1.0,15/16,54.67%,Q53F19;Q86V81;P84090;O75152;Q8NI27;Q9P127;P82979;Q86W42;Q13769;Q6I9Y2;Q9Y3Y2;Q96FV9;Q96J01;Q96QD9;Q9BY77
prerank,GAIT complex,0.6136145299572755,1.290380797189453,0.18857142857142858,0.23019750699590064,1.0,3/4,25.43%,O60506;P40429;P07814
prerank,"RAG guanosine triphosphatase complex, RAGB-RAGC variant",0.6466272475924155,1.288532702550466,0.18857142857142858,0.2316930207629914,1.0,2/4,14.43%,CHEBI:37565;CHEBI:58189
prerank,"4EHP-GIGYF2 co-translational mRNA decay complex, DDX6 variant",0.6861787752942508,1.2882174618908526,0.16793893129770993,0.2317448577004754,1.0,2/3,9.48%,O60573;P26196
prerank,"Endoplasmic reticulum membrane complex, EMC9 variant",0.49274321665839793,1.2881141863522365,0.18057285180572852,0.231607448090341,1.0,8/9,43.76%,Q9P0I2;Q5UCC4;Q5J8M3;Q8N766;Q15006;Q9NPA0;Q9BV81;Q8N4V1
prerank,CL-LK-MASP1 lectin-protease complex,0.6167206305203822,1.285804367577817,0.1781609195402299,0.23350614266195968,1.0,2/4,7.23%,P48740-PRO_0000027593;P48740-PRO_0000027594
prerank,CHRAC chromatin remodeling complex,0.6395590873096431,1.2845598360967008,0.2077922077922078,0.23441328164409994,1.0,3/4,25.91%,O60264;Q9NRF9;Q9NRL2
prerank,"Ubiquitous AP-3 Adaptor complex, sigma3a variant",0.6283545676335052,1.2828478791147924,0.17146974063400577,0.23575006672567964,1.0,4/4,37.23%,O14617;O00203;Q9Y2T2;Q92572
prerank,CL-LK-MASP2 lectin-protease complex,0.6161784781755733,1.2817860789581563,0.18428571428571427,0.23649063291284433,1.0,2/4,7.28%,O00187-PRO_0000027599;O00187-PRO_0000027600
prerank,"Neuronal AP-3 Adaptor complex, sigma3a variant",0.6280834914611007,1.279103628000905,0.19801980198019803,0.23868521684225663,1.0,4/4,37.26%,O14617;Q13367;Q92572;P53677
prerank,"TREX transcription-export complex, DX39B variant",0.4172030168529237,1.2789753269118724,0.2157721796276013,0.23858561173988943,1.0,15/16,54.67%,Q53F19;Q86V81;P84090;O75152;Q8NI27;Q9P127;P82979;Q86W42;Q13769;Q6I9Y2;Q9Y3Y2;Q96FV9;Q96J01;Q96QD9;Q9BY77
prerank,SMARCA3 - Annexin A2 - S100-A10 complex,0.6741076324651117,1.277170712307947,0.18518518518518517,0.2400378960027208,1.0,2/3,16.27%,P07355;P60903
prerank,Interleukin-1 alpha-soluble receptor type 1 complex,0.6744376613456303,1.2765216847741157,0.16913946587537093,0.24040890228148,1.0,1/3,1.14%,Q9NPH3
prerank,"Exon junction core complex, MAGOH variant",0.6158850637029005,1.2760659320946393,0.18892045454545456,0.2405660182180723,1.0,4/4,38.48%,Q9Y5S9;P61326;P38919;O15234
prerank,Interleukin-21 receptor-ligand complex,0.6541739321811204,1.2745344679234618,0.17851739788199697,0.24175426622911786,1.0,1/3,2.65%,P31785
prerank,ISGF3 complex,0.6690692585379219,1.2731244009550478,0.17784711388455537,0.24282485313063637,1.0,2/3,16.49%,P42224;P52630
prerank,Interleukin-1 beta ligand-decoy receptor type 2 complex,0.6744376613456303,1.2723870733599805,0.1875,0.24326724762753657,1.0,1/3,1.14%,Q9NPH3
prerank,ALYREF-binding exon junction complex,0.5630973865707602,1.267497916447586,0.18266666666666667,0.24754365396387332,1.0,4/5,28.68%,Q9Y5S9;P61326;P38919;Q86V81
prerank,Interleukin-1 alpha decoy receptor-ligand type 2 complex,0.6744376613456303,1.2660069649827252,0.18681318681318682,0.24872179091733917,1.0,1/3,1.14%,Q9NPH3
prerank,"FTS-Hook-FHIP cargo adaptor complex, FHIP2B-HOOK1/2/3 variant",0.5691431670281996,1.26586099563095,0.20233463035019456,0.24859927722965114,1.0,5/5,43.16%,Q9H8T0;Q86VS8;Q9UJC3;Q96ED9;Q8N612
prerank,"Ubiquitous AP-3 Adaptor complex, sigma3b variant",0.6286256438059095,1.2641627701729439,0.2033898305084746,0.250024091358968,1.0,4/4,37.21%,O14617;O00203;P59780;Q9Y2T2
prerank,Interleukin-1 alpha-membrane-bound receptor type 1 complex,0.6744376613456303,1.2594991032753162,0.18618618618618618,0.2541983977388504,1.0,1/3,1.14%,Q9NPH3
prerank,"Neuronal AP-3 Adaptor complex, sigma3b variant",0.6280834914611007,1.2587449697201891,0.21745152354570638,0.2546590495379587,1.0,4/4,37.26%,O14617;Q13367;P59780;P53677
prerank,"COPI vesicle coat complex, COPG1-COPZ1 variant",0.5189130787779542,1.2536666870914914,0.22704081632653061,0.25924429682979405,1.0,5/7,25.78%,P35606;P48444;P53618;P53621;O14579
prerank,"Alpha-beta T cell receptor complex, TRBC2 variant",0.5452813491321016,1.253142445658704,0.22597402597402597,0.25950988421129306,1.0,3/6,12.81%,P07766;P09693;P20963
prerank,Mitochondrial respiratory chain complex IV,0.4087335403864187,1.250659122382347,0.221850613154961,0.2615709839154144,1.0,1/16,0.41%,CHEBI:30413
prerank,Gamma tubulin ring complex,0.46024454517744684,1.2504684020499748,0.2241169305724726,0.26150919662111916,1.0,1/10,1.06%,P60709
prerank,"RNA decapping and exonuclease complex, DCP1B variant",0.5361995018227408,1.2470153724348576,0.2094240837696335,0.2645652018976018,1.0,5/6,37.04%,P26196;Q96F86;Q8IZH2;Q8IU60;Q6P2E9
prerank,"Alpha-beta T cell receptor complex, TRBC1 variant",0.5452813491321016,1.241785946381888,0.22440944881889763,0.26929859676227835,1.0,3/6,12.81%,P07766;P09693;P20963
prerank,CKM complex variant 2,0.5980544545101845,1.2393261782841911,0.2180232558139535,0.2715269757239768,1.0,3/4,27.02%,P24863;Q9UHV7;Q93074
prerank,"RNA decapping and exonuclease complex, DCP1A variant",0.5361995018227408,1.238627215540046,0.22467532467532467,0.2719523025190804,1.0,5/6,37.04%,P26196;Q96F86;Q8IZH2;Q8IU60;Q6P2E9
prerank,"AP-2 Adaptor complex, alpha2 variant",0.590353110472527,1.2382339937493918,0.21164772727272727,0.27208403585145524,1.0,3/4,24.67%,Q96CW1;P63010;P53680
prerank,"Muscle-type nicotinic acetylcholine receptor complex, alpha1-beta1-delta-gamma",0.5906241866449315,1.2355253600086376,0.22043795620437956,0.2745567571111339,1.0,3/4,24.64%,P11230-PRO_0000000315;P02708-PRO_0000000305;Q07001
prerank,Interleukin-7 mIL7R-IL2RG receptor-ligand signalling complex,0.6288486503639739,1.2331891476725974,0.2203125,0.276745123934711,1.0,2/3,23.37%,P31785;P13232-PRO_0000015623
prerank,"Interleukin-24 receptor-ligand complex, type 2",0.6492924198744527,1.2321892717550036,0.22154779969650987,0.2775325333494154,1.0,2/3,14.13%,Q6UXL0;Q8N6P7
prerank,"Cleavage stimulation factor complex, CSTF2 variant",0.6439024390243901,1.2312350595189525,0.21439749608763695,0.2782216379102385,1.0,3/3,35.66%,Q12996;Q05048;P33240
prerank,"AP-2 Adaptor complex, alpha1 variant",0.590353110472527,1.2280075584108578,0.22043795620437956,0.2811990292508605,1.0,3/4,24.67%,Q96CW1;P63010;P53680
prerank,"Muscle-type nicotinic acetylcholine receptor complex, alpha1-beta1-delta-epsilon",0.5906241866449315,1.2268332186240822,0.23214285714285715,0.28214180437646624,1.0,3/4,24.64%,P11230-PRO_0000000315;P02708-PRO_0000000305;Q07001
prerank,Dynactin complex,0.46024454517744684,1.2240216399978605,0.24410377358490565,0.2847801046026562,1.0,1/10,1.06%,P60709
prerank,Interleukin-35 receptor ligand type 2 complex,0.6425474254742547,1.2235485107326582,0.2102728731942215,0.28497878141187577,1.0,3/3,35.80%,CPX-25744;Q99665;Q6UWB1
prerank,"Mitochondrial pyruvate dehydrogenase complex, somatic variant",0.48678308905086093,1.2228643104363384,0.2404438964241677,0.28548612129301665,1.0,5/8,25.37%,CHEBI:58937;P09622;CHEBI:16238;CHEBI:83088;P11177
prerank,GARP tethering complex,0.5900820343001226,1.222741620234978,0.2351233671988389,0.2853262533952828,1.0,3/4,24.70%,Q9UID3;Q5VIR6;Q8N1B4
prerank,"Signal peptidase complex, SEC11C variant",0.5911663389897404,1.2214134496492044,0.2453900709219858,0.2863343197644554,1.0,3/4,24.59%,Q9Y6A9;Q15005;P61009
prerank,EARP tethering complex,0.5900820343001226,1.219123174629053,0.22507122507122507,0.2883473039753082,1.0,3/4,24.70%,Q9UID3;Q5VIR6;Q8N1B4
prerank,"Dystrophin glycoprotein complex, CNS variant",0.47081117555545804,1.2183367859053371,0.2328767123287671,0.2888894182403177,1.0,3/8,14.05%,Q14118-PRO_0000021065;Q13424;Q14118-PRO_0000021066
prerank,Mitochondrial BOLA3-GLRX5 iron-sulfur cluster assembly complex,0.5993307322641863,1.2157246244714366,0.25,0.29137684614796044,1.0,3/4,26.86%,CHEBI:16856;CHEBI:33737;Q86SX6
prerank,Mitochondrial BOLA1-GLRX5 iron-sulfur cluster assembly complex,0.5993307322641863,1.2146366417777108,0.2479108635097493,0.2922882966834532,1.0,3/4,26.86%,CHEBI:16856;CHEBI:33737;Q86SX6
prerank,"PAR cell polarity complex, PARD6B-PRKCZ variant",0.6268292682926828,1.212880781205943,0.2559618441971383,0.293851794944103,1.0,3/3,37.37%,Q8TEW0;Q05513;Q9BYG5
prerank,SNARE complex STX17-SNAP29-VAMP8,0.6420054200542005,1.212713900404324,0.24732824427480915,0.29373600174394704,1.0,3/3,35.85%,P56962;O95721;Q9BV40
prerank,"Endothelial AP-1 Adaptor complex, sigma1a variant",0.5904547631332121,1.2114291107457384,0.2489208633093525,0.2947642268921853,1.0,2/4,10.02%,O43747;Q10567
prerank,"Signal peptidase complex, SEC11A variant",0.5911663389897404,1.2111587668250334,0.2613138686131387,0.2947469442693224,1.0,3/4,24.59%,Q9Y6A9;Q15005;P61009
prerank,"Amiloride-sensitive sodium channel complex, alpha-beta-gamma",0.6363143631436315,1.2107207756536698,0.2362555720653789,0.2948956169822602,1.0,3/3,36.42%,P51170;P51168;P37088
prerank,Collagen type XI trimer variant 1,0.6528575107806305,1.21013956937602,0.239880059970015,0.2952444149666322,1.0,2/3,15.35%,P12107;P02458
prerank,SNARE complex STX17-SNAP47-VAMP8,0.6420054200542007,1.2099682007414647,0.25382262996941896,0.2951525758656654,1.0,3/3,35.85%,P56962;Q5SQN1;Q9BV40
prerank,"Katanin complex, KATNA1-KATNBL1 variant",0.6261656361790968,1.2093766931089704,0.24807395993836673,0.29554492922577175,1.0,2/3,17.33%,CHEBI:15422;Q9H079
prerank,"PAR cell polarity complex, PARD6G-PRKCZ variant",0.6254742547425474,1.2077435261930534,0.2528180354267311,0.2970147031363429,1.0,3/3,37.50%,Q8TEW0;Q05513;Q9BYG4
prerank,Interleukin-7 sIL7RA-IL2RG receptor-ligand potentiating complex,0.6288486503639739,1.205863904850639,0.2370486656200942,0.29871711937127293,1.0,2/3,23.37%,P31785;P13232-PRO_0000015623
prerank,"Katanin complex, KATNAL1-KATNBL1 variant",0.6265582655826557,1.2034723705970436,0.24371069182389937,0.3009297943666379,1.0,3/3,37.40%,CHEBI:15422;Q9H079;Q9BW62
prerank,"Amiloride-sensitive sodium channel complex, delta-beta-gamma",0.6365853658536587,1.2002675722103233,0.2357473035439137,0.3039883529523789,1.0,3/3,36.39%,P51170;P51168;P51172
prerank,"Katanin complex, KATNAL1-KATNB1 variant",0.6265582655826558,1.199495003934418,0.24960505529225907,0.304457882212018,1.0,3/3,37.40%,CHEBI:15422;Q9BVA0;Q9BW62
prerank,"4EHP-GIGYF2 co-translational mRNA decay complex, ZNF598 variant",0.6390243902439025,1.1987715024156187,0.25153374233128833,0.3049351303250723,1.0,3/3,36.15%,O60573;Q86UK7;Q6Y7W6
prerank,SNARE complex STX17-SNAP29-VAMP7,0.6422764227642277,1.198237648929129,0.2606774668630339,0.3052041782518839,1.0,3/3,35.82%,P56962;O95721;P51809
prerank,Chitinase 3-like-1-tmem219-interleukin-13 receptor-ligand alpha-2 signalling complex,0.58146611860872,1.196128973726828,0.25401459854014596,0.3070781929540798,1.0,3/4,26.97%,P35225;Q14627;Q86XT9
prerank,Laminin-332 complex variant A,0.6276422764227643,1.1953301306342894,0.25223880597014925,0.30766921487111404,1.0,3/3,37.29%,Q13753;Q16787-1;Q13751
prerank,"PAR cell polarity complex, PARD6G-PRKCI variant",0.6254742547425474,1.1949169945966172,0.2582236842105263,0.3078089748870831,1.0,3/3,37.50%,Q8TEW0;P41743;Q9BYG4
prerank,"Katanin complex, KATNAL2-KATNBL1 variant",0.6261656361790968,1.1934932623233632,0.26586102719033233,0.30901539848295134,1.0,2/3,17.33%,CHEBI:15422;Q9H079
prerank,HOPS tethering complex,0.5050085586062737,1.193421770885137,0.2651413189771198,0.3088154333009512,1.0,4/6,26.75%,Q9H270;Q9H269;Q96AX1;Q9P253
prerank,"PAR cell polarity complex, PARD6A-PRKCI variant",0.6262872628726287,1.1918356927633436,0.2684887459807074,0.31010895823336243,1.0,3/3,37.42%,Q8TEW0;P41743;Q9NPB6
prerank,Lymphotoxin-alpha-beta-LTBR receptor complex,0.6277265028257096,1.1906639376380224,0.2785388127853881,0.3111088090479208,1.0,2/3,20.80%,P01374;P36941
prerank,"Katanin complex, KATNA1-KATNB1 variant",0.6257452574525746,1.1901487728734013,0.25673534072900156,0.31140059508753115,1.0,3/3,37.48%,CHEBI:15422;Q9BVA0;O75449
prerank,CORVET tethering complex,0.5050085586062737,1.1898189213588535,0.2786666666666667,0.3114777401427867,1.0,4/6,26.75%,Q9H270;Q9H269;Q96AX1;Q9P253
prerank,"PAR cell polarity complex, PARD6A-PRKCZ variant",0.6262872628726286,1.1888396746846093,0.25121555915721233,0.312260868825431,1.0,3/3,37.42%,Q8TEW0;Q05513;Q9NPB6
prerank,SNARE complex STX17-SNAP47-VAMP7,0.6422764227642278,1.187960809721798,0.27245949926362295,0.312868915994771,1.0,3/3,35.82%,P56962;Q5SQN1;P51809
prerank,"PAR cell polarity complex, PARD6B-PRKCI variant",0.6268292682926829,1.1854880660671228,0.2621359223300971,0.3151050665633865,1.0,3/3,37.37%,Q8TEW0;P41743;Q9BYG5
prerank,"Serine palmitoyltransferase complex, SPTLC1-SPTLC3-SPTSSB variant",0.5660070479804827,1.1834898844836834,0.28230337078651685,0.316990465283705,1.0,4/4,43.46%,CHEBI:597326;O15269;Q8NFR3;Q9NUV7
prerank,"4EHP-GIGYF1 co-translational mRNA decay complex, ZNF598 variant",0.6392953929539296,1.183049959321322,0.2672672672672673,0.3171553516156044,1.0,3/3,36.12%,O60573;Q86UK7;O75420
prerank,"Katanin complex, KATNAL2-KATNB1 variant",0.6260162601626016,1.1781923567672032,0.26635514018691586,0.3219812095486076,1.0,3/3,37.45%,CHEBI:15422;Q9BVA0;Q8IYT4
prerank,Fukutin-FKRP-TMEM5 multienzyme complex,0.6018970189701898,1.1751289930306597,0.26917293233082706,0.32498036923168655,1.0,3/3,39.86%,O75072;Q9H9S5;Q9Y2B1
prerank,"MiDAC histone deacetylase complex, HDAC1 variant",0.625855410638174,1.1743385110542621,0.26595744680851063,0.32547679542666386,1.0,1/3,2.41%,Q13547
prerank,"MiDAC histone deacetylase complex, HDAC2 variant",0.6261264133482011,1.173764323693185,0.2716236722306525,0.3257732471009531,1.0,1/3,2.38%,Q92769
prerank,"Serine palmitoyltransferase complex, SPTLC1-SPTLC3-SPTSSA variant",0.5660070479804826,1.172177740786647,0.2861072902338377,0.32718169073163467,1.0,4/4,43.46%,CHEBI:597326;O15269;Q969W0;Q9NUV7
prerank,Nucleolar ribonuclease P complex,0.42580009590567247,1.165895584628695,0.30127462340672073,0.33356349257287093,1.0,8/11,38.80%,Q99575;O75817;Q969H6;P78345;P78346;O75818;Q9BUL9;O95707
prerank,"Gamma-secretase complex, APH1B-PSEN1 variant",0.515997830802603,1.1627932136665218,0.29863013698630136,0.3367501110233659,1.0,5/5,48.47%,Q92542;Q9NZ42;P49768-PRO_0000025591;P49768-PRO_0000236055;Q8WW43
prerank,"Serine palmitoyltransferase complex, SPTLC1-SPTLC2-SPTSSA variant",0.566278124152887,1.1619833707106497,0.31054131054131057,0.3372960281118088,1.0,4/4,43.43%,CHEBI:597326;O15269;O15270;Q969W0
prerank,BOLA2-GLRX3 iron-sulfur cluster assembly complex,0.5677197981713312,1.1616986464455508,0.28097982708933716,0.3373017235642984,1.0,2/4,13.19%,CHEBI:16856;CHEBI:33737
prerank,"Serine palmitoyltransferase complex, SPTLC1-SPTLC2-SPTSSB variant",0.5665492003252915,1.1599321510828833,0.28296296296296297,0.3388912142825496,1.0,4/4,43.41%,CHEBI:597326;O15269;Q8NFR3;O15270
prerank,IkappaB kinase complex,0.605149051490515,1.1536033924839852,0.2988691437802908,0.34543707988456734,1.0,3/3,39.53%,Q9Y6K9;O15111;O14920
prerank,General transcription factor TFIIH complex,0.41719988674281183,1.1533248823098414,0.31338028169014087,0.34542577074561603,1.0,1/11,0.68%,CHEBI:49883
prerank,"TRAMP complex, TENT4B-ZCCHC7 variant",0.6078159917498109,1.151656796135912,0.2958579881656805,0.34690183165442756,1.0,2/3,23.72%,P42285;Q8N3Z6
prerank,MTERF4-NSUN4 mitochondiral ribosomal assembly complex,0.597018970189702,1.1504846850056707,0.29780564263322884,0.3479412470672216,1.0,3/3,40.35%,Q7Z6M4;Q96CB9;CHEBI:15414
prerank,Collagen type VI trimer,0.6037940379403794,1.149172255134295,0.30930930930930933,0.3490301356414855,1.0,3/3,39.67%,P12110;P12109;P12111
prerank,"TRAMP complex, TENT4A-ZCCHC7 variant",0.6078159917498109,1.1490532617208902,0.28315946348733234,0.34884735103082803,1.0,2/3,23.72%,P42285;Q8N3Z6
prerank,"Gamma-secretase complex, APH1A-PSEN1 variant",0.5162689804772234,1.1490343872931772,0.31275720164609055,0.3485528265214636,1.0,5/5,48.44%,Q92542;Q9NZ42;P49768-PRO_0000025591;Q96BI3;P49768-PRO_0000236055
prerank,Mitochondrial transcription initiation complex,0.6105691056910569,1.1474958654897494,0.30197268588770865,0.3499395703817003,1.0,3/3,38.99%,Q9H5Q4;Q00059;O00411
prerank,Nuclear exosome targeting complex,0.5982234758074678,1.1474560725192644,0.3,0.3496624422619484,1.0,1/3,3.79%,P42285
prerank,Kinetochore SKA complex,0.6094850948509486,1.1449590432884802,0.3065015479876161,0.35217286360939465,1.0,3/3,39.10%,Q96BD8;Q8WVK7;Q8IX90
prerank,"TREX-2 transcription-export complex, CETN2 variant",0.5222722100173602,1.142934653929192,0.3008356545961003,0.35416081129145716,1.0,3/5,20.61%,P41208;Q9NPA8;P60896
prerank,Integrator-PP2A complex,0.37323177366702953,1.140113318624201,0.3157894736842105,0.3570495685574834,1.0,17/17,62.85%,P30153;P67775;Q68E01;Q9NVH2;Q9H0H0;Q8N201;Q96HW7;Q9UL03;Q6P9B9;Q9NV88;Q5TA45;Q96CB8;Q75QN2;Q96SY0;Q9NVR2;Q9NVM9;Q96N11
prerank,Collagen type IX trimer,0.5929539295392955,1.1367004128350944,0.3076923076923077,0.3605604092856079,1.0,3/3,40.75%,Q14055;P20849;Q14050
prerank,"PtdIns(3,5)P2 regulatory complex",0.5926829268292684,1.1360170833524423,0.3168469860896445,0.36106044670668985,1.0,3/3,40.78%,Q08AM6;Q9Y2I7;Q92562
prerank,PCAF histone acetylase complex,0.42004905480996746,1.1319547855872658,0.32231404958677684,0.36529050537174707,1.0,7/10,36.47%,O75528;Q16594;Q12962;Q16514;Q9Y4A5;O75486;O75529
prerank,"Gamma-secretase complex, APH1A-PSEN2 variant",0.5157266811279826,1.1313267654852128,0.3261455525606469,0.36566949917894415,1.0,5/5,48.50%,Q92542;Q9NZ42;P49810-PRO_0000025603;Q96BI3;P49810-PRO_0000025604
prerank,Hydride transfer complex,0.5981029810298104,1.1287494617359577,0.3181126331811263,0.36827856504011425,1.0,3/3,40.24%,P48163;P11498;P40925
prerank,CSL-NOTCH1-MAML transcriptional activation complex,0.6005420054200543,1.1268217546002979,0.32200886262924666,0.3700991102874935,1.0,3/3,39.99%,P46531;Q06330;Q92585
prerank,"Gamma-secretase complex, APH1B-PSEN2 variant",0.5157266811279826,1.1263501703223464,0.32689655172413795,0.37030058043443737,1.0,5/5,48.50%,Q92542;Q9NZ42;P49810-PRO_0000025603;Q8WW43;P49810-PRO_0000025604
prerank,Syndecan-1-syntenin-1-ALIX complex,0.6043360433604337,1.1236618305559822,0.3358433734939759,0.37289142274168036,1.0,3/3,39.62%,Q8WUM4;P18827;O00560
prerank,NatC N-alpha-acetyltransferase complex,0.5883468834688348,1.1208986190179817,0.31278195488721805,0.3757024974868679,1.0,3/3,41.21%,Q9BRA0;Q147X3;Q5VZE5
prerank,Ribosome biogenesis complex,0.5913279132791329,1.1207290467877755,0.3297709923664122,0.3755361309489346,1.0,3/3,40.92%,Q13428;P61328;Q14978
prerank,TSC1-TSC2 complex,0.5962059620596207,1.1193535788512117,0.3265625,0.37674506062357666,1.0,3/3,40.43%,Q9P0N9;P49815;Q92574
prerank,TTT complex,0.5918699186991871,1.1186844903541355,0.34521880064829824,0.37715105318430603,1.0,3/3,40.86%,Q9Y4R8;Q6NXR4;O43156
prerank,NPHP transition zone complex,0.5905149051490516,1.1168382545272415,0.35555555555555557,0.3789793142785936,1.0,3/3,41.00%,O15259;Q68CZ1;O75161
prerank,PAQosome co-chaperone complex,-0.3950815957535378,-1.115144435996386,0.30855018587360594,0.35552744339371156,1.0,4/5,17.93%,CPX-6144;CPX-6143;L0R819;Q96MX6
prerank,"Retromer complex, VPS26B variant",0.5934134997358087,1.1144299779511344,0.34080717488789236,0.381405593021631,1.0,2/3,21.42%,Q9UBQ0;Q96QK1
prerank,"Retromer complex, VPS26A variant",0.5934134997358087,1.1137163394578613,0.34384384384384387,0.3818813015546257,1.0,2/3,21.42%,Q9UBQ0;Q96QK1
prerank,Eukaryotic translation initiation factor 2 complex,0.5937669376693768,1.11279946405723,0.3458528951486698,0.382583142397504,1.0,3/3,40.67%,P05198;P20042;P41091
prerank,N-acetylglucosamine-1-phosphotransferase complex,0.5875338753387535,1.1120271710810863,0.3302325581395349,0.3831422935972934,1.0,3/3,41.29%,Q3T906-PRO_0000225009;Q9UJJ9;Q3T906-PRO_0000225008
prerank,Mitochondrial 3-oxoacyl-[acyl-carrier-protein] reductase,0.5302249932230957,1.1117430591639696,0.337295690936107,0.3831375182210723,1.0,4/4,47.03%,CHEBI:58349;Q8N4T8;Q92506;CHEBI:57540
prerank,SAM mitochondrial sorting and assembly machinery complex,0.5850948509485097,1.1112484925227868,0.33434190620272314,0.38333928873335127,1.0,3/3,41.54%,Q13505;O75431;Q9Y512
prerank,Translocon-associated protein complex,0.5332068311195446,1.1107899498344633,0.33475783475783477,0.3835115556999284,1.0,4/4,46.74%,P43308;P43307;P51571;Q9UNL2
prerank,Mitotic Checkpoint Complex,0.526372550134047,1.1105876364683231,0.327683615819209,0.38340745713165275,1.0,2/4,16.30%,Q13257;Q12834
prerank,TFTC histone acetylation complex,0.35391323157085985,1.1095173822854008,0.3432671081677704,0.3842811202988181,1.0,17/18,61.33%,O75528;Q16594;Q12962;Q16514;Q9NPA8;Q9Y4A5;O75486;O75529;P49848;Q15542;Q6P1X5;Q15545;Q92830;CHEBI:27363;O15265;Q9UPT9;Q14CW9
prerank,CPAP-STIL complex,0.589159891598916,1.109361266581024,0.33126934984520123,0.38409745849352794,1.0,3/3,41.13%,Q15468;Q6UVJ0;Q9HC77
prerank,Interleukin-37 receptor-ligand complex,0.5869918699186993,1.1093601858481703,0.3218210361067504,0.38375961099131206,1.0,3/3,41.35%,Q6IA17-PRO_0000099065;Q13478-PRO_0000015448;Q9NZH6-1
prerank,HUSH epigenetic repressor complex,0.5785907859078592,1.109194236258157,0.35725190839694654,0.383583697214078,1.0,3/3,42.19%,Q8NEY8;Q99549;Q9UK61
prerank,SNIP1/SkIP associated RNA-processing complex,0.4964977646364457,1.107623777394746,0.3492063492063492,0.3850977493374246,1.0,3/5,27.94%,Q13573;Q8TAD8;Q9H307
prerank,C9orf72-SMCR8 complex,0.575338753387534,1.1056621348022175,0.3285509325681492,0.38695905138823,1.0,3/3,42.51%,Q9HAD4;Q96LT7-1;Q8TEV9
prerank,"General transcription factor TFIII3B complex, BRF2 variant",0.5730204144939736,1.1055685771914023,0.3434190620272315,0.38671248697814004,1.0,2/3,27.27%,P20226;A6H8Y1
prerank,CCDC36-MEI4-REC114 meiotic recombination initiation complex,0.5794037940379405,1.105541048887812,0.352755905511811,0.3864004283108393,1.0,3/3,42.11%,A8MW99;Q7Z4M0;Q8IYA8
prerank,PEX2-PEX10-PEX12 E3 ubiquitin ligase complex,0.5853658536585367,1.1046702378508448,0.345565749235474,0.3870758075555162,1.0,3/3,41.51%,O00623;P28328;O60683
prerank,NELF negative elongation factor complex ,0.5288696123610734,1.1039842861739777,0.34217877094972066,0.38753524722448157,1.0,4/4,47.17%,P18615;Q9H3P2;Q8WX92;Q8IXH7
prerank,CCAAT-binding factor complex,0.5864498644986451,1.1031226518279125,0.34334763948497854,0.3882026801327714,1.0,3/3,41.40%,Q13952;P25208;P23511
prerank,PeBoW complex,0.5710027100271005,1.1028042358946597,0.3393665158371041,0.3882523175470376,1.0,3/3,42.95%,Q9GZL7;Q14137;O00541
prerank,UFM1 ribosome E3 ligase complex,0.5848238482384824,1.1024085199030689,0.36,0.38834908226049086,1.0,3/3,41.57%,O94874;Q96HY6;Q96JB5
prerank,Interferon gamma receptor-ligand complex,0.583468834688347,1.1020433625265968,0.3557692307692308,0.3883973543640584,1.0,3/3,41.70%,P38484;CPX-6024;P15260
prerank,Interleukin-15 receptor-ligand complex,0.5260234933784212,1.1020178992348095,0.33979135618479883,0.38808573197910284,1.0,2/4,23.12%,P31785;P14784
prerank,"TRAPP II complex, TRAPPC2B variant",0.41181479663152,1.100172114936668,0.3520958083832335,0.3897719821653131,1.0,5/10,22.12%,Q8IUR0;O43617;Q9UL33;Q9Y5R8;Q9Y296
prerank,BAT3 complex,0.5742547425474256,1.099508155616886,0.34615384615384615,0.3901861030904297,1.0,3/3,42.62%,P46379;Q7L5D6;P11441
prerank,Ribosome quality control complex,0.5307671455679045,1.0987403377361415,0.36075036075036077,0.3907370884546572,1.0,4/4,46.98%,CPX-137;Q9BQ70;O94822;O60524
prerank,"TRAPP III complex, TRAPPC2B variant",0.41181479663152,1.0987273194417553,0.3637440758293839,0.3904187868382261,1.0,5/10,22.12%,Q8IUR0;O43617;Q9UL33;Q9Y5R8;Q9Y296
prerank,Actin junctional complex,0.586178861788618,1.098614986193572,0.36363636363636365,0.39022121708608964,1.0,3/3,41.43%,P04921;P11171;Q00013
prerank,"TRAPP III complex, TRAPPC2 variant",0.41181479663152,1.0980408851301064,0.35933806146572106,0.39049170700295033,1.0,5/10,22.12%,Q8IUR0;O43617;Q9UL33;Q9Y5R8;Q9Y296
prerank,CST complex,0.5750677506775068,1.097544175784415,0.36089030206677264,0.3907434462292205,1.0,3/3,42.54%,Q9H668;Q2NKJ3;Q86WV5
prerank,RNase H2 complex,0.575609756097561,1.0972733400292518,0.36570561456752654,0.390727619728297,1.0,3/3,42.49%,O75792;Q5TBB1;Q8TDP1
prerank,"SEC61 protein-conducting channel complex, SEC1A1 variant",0.5764389535068914,1.0959635212923797,0.33690658499234305,0.3918854856467146,1.0,2/3,20.01%,P60468;P60059
prerank,GPR88-Gi1 signaling complex,0.5245323936026023,1.0951993532518363,0.3683453237410072,0.39241342677212615,1.0,4/4,47.60%,P63211;P62873;Q9GZN0;P63096
prerank,"Replication protein A complex, RPA2 variant",0.5772519616369727,1.0950138699094802,0.36036036036036034,0.39227891941931664,1.0,2/3,19.93%,P27694;P35244
prerank,KMN complex,0.5769647696476965,1.0945946160356175,0.3767019667170953,0.39242905220084945,1.0,3/3,42.35%,CPX-5643;CPX-5644;CPX-550
prerank,"TAK1-TAB complex, TAB2 variant",0.5758969480868372,1.0941187277564788,0.36722306525037934,0.3926096151840019,1.0,2/3,20.06%,Q15750;O43318
prerank,Checkpoint clamp complex,0.5783197831978322,1.094007333049233,0.3523809523809524,0.39238784033374824,1.0,3/3,42.22%,O60921;O60671;Q99638
prerank,Complement component C1q complex,0.5831978319783199,1.0938497083574905,0.3495440729483283,0.39222885571302973,1.0,3/3,41.73%,P02747;P02746;P02745
prerank,Interleukin-2 receptor-ligand complex,0.5260234933784212,1.0930283943118957,0.35276073619631904,0.392890951739056,1.0,2/4,23.12%,P31785;P14784
prerank,SMG1C protein kinase complex,0.5715447154471546,1.0928325609122016,0.3552833078101072,0.3928009046444079,1.0,3/3,42.89%,Q96Q15;Q8ND04;Q9H0W8
prerank,LDLR-PCSK9 complex,0.5718157181571817,1.0924766001899746,0.3665086887835703,0.39287738132549294,1.0,3/3,42.86%,Q8NBP7-PRO_0000027121;P01130;Q8NBP7-PRO_0000027120
prerank,Hydrogen:potassium-exchanging ATPase complex,0.5761517615176153,1.091332018784743,0.3440366972477064,0.393838003659736,1.0,3/3,42.43%,P20648;CHEBI:39128;P51164
prerank,KICSTOR complex,0.5250745459474111,1.0898331978516176,0.3537117903930131,0.39524212532239056,1.0,4/4,47.55%,Q96MD2;Q9Y664;Q5T011;Q969R8
prerank,ESCRT-II complex,0.5747967479674798,1.0896740662990252,0.37111801242236025,0.39510295901548936,1.0,3/3,42.57%,Q86VN1;Q96H20;Q9BRG1
prerank,"TRAPP II complex, TRAPPC2 variant",0.41181479663152,1.0881151326118685,0.36650485436893204,0.3965836699957153,1.0,5/10,22.12%,Q8IUR0;O43617;Q9UL33;Q9Y5R8;Q9Y296
prerank,"Nuclear mitotic cohesin complex, STAG1 variant",0.5244776657434375,1.0872279269807428,0.3610719322990127,0.39727976545444954,1.0,2/4,16.19%,Q9UQE7;O60216
prerank,Peroxisomal receptor export module complex,0.5723577235772359,1.0869500881956968,0.3524962178517398,0.39724505276276006,1.0,3/3,42.81%,Q7Z412;O43933;Q13608
prerank,SPATA5-SPATA5L1 ATPase complex,0.5272431553266467,1.086025274846714,0.37209302325581395,0.3979697677645321,1.0,4/4,47.33%,Q9BVQ7;Q8NB90;Q9NX04;Q9BW66
prerank,ASCC DNA alkylation repair complex,0.5767099562169185,1.085286676493255,0.3588516746411483,0.3985055320774483,1.0,2/3,19.98%,Q8N3C0;Q9H1I8
prerank,RFX gene regulatory complex,0.5837398373983741,1.0852271192807283,0.37732919254658387,0.39824749442998686,1.0,3/3,41.67%,O00287;O14593;P48382
prerank,ISCA2-IBA57 mitochondrial iron-sulfur protein assembly complex,0.575178715026941,1.0851514908572684,0.35524256651017216,0.3979887746314701,1.0,2/3,23.07%,CHEBI:49601;Q86U28
prerank,Alternative pathway fluid-phase C3 convertase complex C3(H2O)Bb,0.5726559580866055,1.0841864184904004,0.3712574850299401,0.3987955948656318,1.0,2/3,20.63%,P01024-PRO_0000005908;P00751-PRO_0000027547
prerank,"SEC61 protein-conducting channel complex, SEC1A2 variant",0.5764389535068914,1.0829844071698704,0.3751891074130106,0.39982284197566464,1.0,2/3,20.01%,P60468;P60059
prerank,"General transcription factor TFIII3B complex, BRF1 variant",0.5730204144939736,1.0829804845501463,0.3761194029850746,0.3994884528178746,1.0,2/3,27.27%,P20226;A6H8Y1
prerank,Laminin-332 complex variant B,0.5669376693766937,1.0829156910530378,0.36728395061728397,0.39922396643345426,1.0,3/3,43.35%,Q13753;Q13751;Q16787-2
prerank,MPP10 complex,0.5731707317073171,1.0828325302612956,0.364741641337386,0.39897445464415005,1.0,3/3,42.73%,Q9NV31;Q96G21;O00566
prerank,Caspase-2 PIDDosome,0.5745257452574527,1.0816935278198136,0.37383177570093457,0.400017043743997,1.0,3/3,42.59%,P78560;Q9HB75;P42575
prerank,BLOC-2 complex,0.5704607046070462,1.0815397801333926,0.3882896764252696,0.39987325110905275,1.0,3/3,43.00%,Q969F9;Q86YV9;Q9UPZ3
prerank,LUBAC ubiquitin ligase complex,0.5766937669376695,1.0814684611303815,0.349768875192604,0.39961267824088587,1.0,3/3,42.38%,Q9BYM8;Q96EP0;Q9H0F6
prerank,SHU complex,0.5215505557061533,1.0800605472349907,0.386013986013986,0.40085809147647117,1.0,4/4,47.90%,Q6NVH7;Q19AV6;Q9NTI5;Q14159
prerank,Ndc80 complex,0.521279479533749,1.0800167759508574,0.3760806916426513,0.40057376146310364,1.0,4/4,47.93%,Q8NBT2;Q9HBM1;O14777;Q9BZD4
prerank,CMG helicase complex,0.5845528455284554,1.0792152621506754,0.38980509745127434,0.40117148024785865,1.0,3/3,41.59%,CPX-787;CPX-2940;O75419
prerank,Mitochondrial glutamyl-tRNA(Gln) amidotransferase complex,0.5775067750677508,1.0792120183913192,0.36774193548387096,0.40083516041386535,1.0,3/3,42.30%,Q9H0R6;O43716;O75879
prerank,GINS complex,0.5223637842233667,1.0785348092052407,0.36527777777777776,0.40128515549182026,1.0,4/4,47.82%,Q14691;Q9BRT9;Q9BRX5;Q9Y248
prerank,Kinetochore MIS12 complex,0.5220927080509622,1.078237075215451,0.36560693641618497,0.4012719901337763,1.0,4/4,47.85%,Q96IY1;Q9H410;Q9H081;Q6P1K2
prerank,Myddosome core complex,0.5229059365681756,1.0778839614125484,0.3884180790960452,0.4013696414247284,1.0,4/4,47.77%,Q9NWZ3;P51617;O43187;Q99836
prerank,GATOR1 complex,0.570189701897019,1.0777005581950674,0.39074960127591707,0.40128889936132317,1.0,3/3,43.03%,Q12980;Q8WTW4;O75140
prerank,"RAVE complex, DMXL2 variant",0.5761679507968642,1.076451870820273,0.3799392097264438,0.40239843804728054,1.0,2/3,20.04%,Q9GZN7;Q9Y4E6
prerank,RQT ribosome-associated quality control trigger complex,0.5767099562169185,1.07632166803715,0.3665086887835703,0.40221197812629966,1.0,2/3,19.98%,Q8N3C0;Q9H1I8
prerank,CENP-A recruiting complex,0.572628726287263,1.075848975830797,0.37285491419656785,0.402402372435617,1.0,3/3,42.78%,Q6P0N0;O43482;Q9NYP9
prerank,USH2 complex,0.5269720791542423,1.0756211697146685,0.3908701854493581,0.4023088991181721,1.0,4/4,47.36%,Q9H5P4;Q8WXG9;O75445;Q9P202
prerank,"Nuclear mitotic cohesin complex, STAG2 variant",0.5244776657434375,1.075134973617297,0.3781021897810219,0.40251873612688804,1.0,2/4,16.19%,Q9UQE7;O60216
prerank,ULK1-ATG13-RB1CC1-ATG101 autophagy initiation complex,0.5234480889129844,1.0747919989065815,0.3890449438202247,0.40260375755184946,1.0,4/4,47.71%,Q9BSB4;Q8TDY2;O75143;O75385
prerank,"Replication protein A complex, RPA4 variant",0.5772519616369727,1.0740626308572085,0.38753799392097266,0.40311454339991915,1.0,2/3,19.93%,P27694;P35244
prerank,"SAGA complex, KAT2B variant",0.32927184987954383,1.0740092377395642,0.3946524064171123,0.402838251481089,1.0,8/21,20.77%,Q15393;Q9BWJ5;O75528;Q16594;Q12962;Q16514;Q9NPA8;Q9Y4A5
prerank,"TAK1-TAB complex, TAB3 variant",0.5758969480868372,1.0712353397047967,0.3753943217665615,0.4057244695269183,1.0,2/3,20.06%,Q15750;O43318
prerank,CPLANE complex,0.5712737127371275,1.071093386224182,0.3940809968847352,0.4055353819240403,1.0,3/3,42.92%,O95876;Q9BT04;Q9ULD6
prerank,"SAGA complex, KAT2A variant",0.3292656750847026,1.0705530709224589,0.3952991452991453,0.40583252084044263,1.0,8/21,20.77%,Q15393;Q9BWJ5;O75528;Q16594;Q12962;Q16514;Q9NPA8;Q9Y4A5
prerank,AP-4 Adaptor complex,0.52561669829222,1.070432518438029,0.36752136752136755,0.40562612291963424,1.0,4/4,47.50%,Q9Y6B7;Q9Y587;Q9UPM8;O00189
prerank,AP-5 Adaptor complex,0.5218216318785578,1.0703287625749738,0.390625,0.4054047378582941,1.0,4/4,47.87%,Q9NUS5;Q9H0R1;O43299;Q2VPB7
prerank,B-WICH chromatin remodelling complex,0.4048588331999855,1.0689897546459133,0.3908754623921085,0.40660608995232383,1.0,2/9,11.81%,O60264;O75533
prerank,"RAVE complex, DMXL1 variant",0.5761679507968642,1.0684430981915225,0.3881278538812785,0.4068707422065871,1.0,2/3,20.04%,Q9GZN7;Q9Y4E6
prerank,eNoSc complex,0.5696476964769649,1.0667993466280885,0.39280575539568346,0.4084238858345674,1.0,3/3,43.08%,O43159;O43463;Q96EB6
prerank,mTORC1 complex,0.5707094786132569,1.0653292040862117,0.40625,0.4097910971637207,1.0,2/3,20.50%,Q9BVC4;P42345
prerank,Interleukin-5 receptor-ligand complex,0.45994654306821514,1.0629684262988996,0.3856041131105398,0.4121505827876201,1.0,3/6,21.45%,P32927;P05113;O60674
prerank,Cardiac Troponin complex,0.5691056910569108,1.053535832907976,0.40902255639097745,0.42264439478373106,1.0,3/3,43.14%,P19429;P45379;P63316
prerank,Mitochondrial NIAUFX iron-sulfur cluster assembly complex ,-0.31879334960700884,-1.053118918705618,0.4129353233830846,0.422090334149011,1.0,5/7,19.01%,Q9Y697;Q9H1K1;Q16595;Q6P4F2;Q9HD34
prerank,TIM22 mitochondrial inner membrane twin-pore carrier translocase complex,0.4449063027625054,1.042385002771472,0.40829986613119146,0.4353515938993598,1.0,2/6,10.15%,P62072;Q9Y5J7
prerank,ASAP splicing-associated complex,0.5321530178801066,1.0223754655551365,0.4390602055800294,0.4588614033511504,1.0,2/3,23.61%,Q15287;O00422
prerank,SOSS1 complex,0.5395981631732923,1.0208337307880202,0.4442748091603053,0.46034761626058723,1.0,2/3,27.08%,Q68E01;Q9NRY2
prerank,SOSS2 complex,0.5395981631732923,1.0204108561694198,0.445635528330781,0.4604532358856711,1.0,2/3,27.08%,Q68E01;Q9NRY2
prerank,"XPC complex, RAD23B variant",0.5364086284430876,1.0152887114220415,0.45592705167173253,0.4660699552761848,1.0,2/3,25.62%,P41208;Q01831
prerank,"Cleavage stimulation factor complex, CSTF2T variant",0.5295954305660391,1.0098627183154005,0.4428794992175274,0.47203738120503963,1.0,2/3,23.83%,Q12996;Q05048
prerank,"XPC complex, RAD23A variant",0.5364086284430876,1.0097904068587205,0.4658573596358118,0.4717485388669515,1.0,2/3,25.62%,P41208;Q01831
prerank,CRD-mediated mRNA stability complex,-0.33671549280854896,-0.989747372673009,0.4396551724137931,0.4987837246968549,1.0,4/6,18.06%,Q08211;P67809;Q9NZI8;Q00839
prerank,Membrane attack complex,-0.2932971316696298,-0.9877499749368974,0.4626865671641791,0.49411431213875384,1.0,5/8,20.39%,P07357;P10643;P07358;P07360;P02748
prerank,"General transcription factor complex TFIID, TAF4B variant",0.33442073313522536,0.9868193617033545,0.46895787139689576,0.49920401087115485,1.0,4/14,14.65%,P20226;Q16594;Q12962;Q16514
prerank,BLOC-1 complex,-0.2842935503239913,-0.9855286571750652,0.44086021505376344,0.4900101892328235,1.0,5/8,20.99%,Q6QNY0;Q9UL45;Q96EV8;Q8TDH9;Q9NUP1
prerank,Telomerase holoenzyme complex,-0.30613305388409073,-0.983921745885199,0.415929203539823,0.4849664011956238,1.0,5/7,24.45%,O60832;Q9NY12;Q9NX24;Q9BUR4;Q9NPE3
prerank,Piccolo NuA4 histone acetyltransferase complex ,0.5203252032520327,0.9775342084581079,0.5126984126984127,0.5100224035734839,1.0,3/3,48.01%,Q92993;Q9NXR8;Q9H2F5
prerank,BCDX2 complex,0.4727568446733533,0.9753028576071441,0.5014044943820225,0.5123528537351899,1.0,4/4,52.78%,O43502;O43543;O75771;O15315
prerank,BORC complex,-0.2840221799033672,-0.9711439222328564,0.4888888888888889,0.4951779695749566,1.0,5/8,21.01%,Q969J3;Q9BQD3;Q96B45;Q96FH0;Q96GS4
prerank,General transcription factor complex TFIID,0.32785276235777294,0.9681645351124468,0.5,0.5204562448183583,1.0,4/14,14.65%,P20226;Q16594;Q12962;Q16514
prerank,"Exon junction core complex, MAGOHB variant",0.4648132197285026,0.9651227431956991,0.4909090909090909,0.5237863154353137,1.0,3/4,38.48%,Q9Y5S9;P38919;O15234
prerank,Glycosylphosphatidylinositol-N-acetylglucosaminyltransferase complex,0.38903960933260984,0.9560880788848993,0.496790757381258,0.5344230080738636,1.0,7/7,61.17%,O94777;P37287;P57054;Q92535;Q9BRB3;Q14442;Q3MUY2
prerank,tRNA-intron splicing endonuclease complex,0.4313991323210412,0.955651909952669,0.4843110504774898,0.5345156155415556,1.0,5/5,56.92%,Q92989;Q8NCE0;Q8WW01;Q7Z6J9;Q9BSV6
prerank,U4/U6 small nuclear ribonucleoprotein complex,-0.46277985058414656,-0.9547060115521628,0.49201277955271566,0.5108648454363552,1.0,2/3,12.46%,CPX-26417;CPX-26415
prerank,Collagen type IV trimer variant 3,0.4986449864498645,0.9541772242970782,0.5168195718654435,0.5359232338115243,1.0,3/3,50.18%,P29400;P53420;Q01955
prerank,Granulocyte-macrophage colony-stimulating factor-receptor complex,0.46460089500284274,0.9522292997595639,0.5041551246537396,0.5378759093946164,1.0,2/4,21.45%,P32927;O60674
prerank,CCM endothelial permeability complex,0.4978319783197832,0.9504489997420253,0.5300462249614792,0.5396513311120773,1.0,3/3,50.26%,O00522;Q9BSQ5;Q9BUL8
prerank,Classical and lectin pathway C3 convertase complex C4b2a-B,0.44863106532935765,0.9496648159535771,0.518840579710145,0.5401988744017739,1.0,4/4,55.19%,P06681-PRO_0000027612;P0C0L5-PRO_0000042699;P0C0L5-PRO_0000042703;P0C0L5-PRO_0000042706
prerank,BRCA1-PALB2-BRCA2 homologous recombination DNA repair complex,0.5036057942834342,0.9461551868628798,0.5420420420420421,0.54409887605415,1.0,2/3,28.89%,P38398;P51587
prerank,Interleukin-18 receptor-ligand complex,0.4975609756097561,0.9418762623987913,0.5439137134052389,0.5489325431350358,1.0,3/3,50.28%,Q14116;Q13478;O95256
prerank,LIFT actin modulation complex,0.45296828408782885,0.9348468639938968,0.5465288035450517,0.5571662130787925,1.0,4/4,54.75%,Q9UM54;Q9P0V3;Q9NZN5;O14908
prerank,Classical and lectin pathway C3 convertase complex C4b2a-A,0.4483599891569532,0.9346235248300921,0.550624133148405,0.5569764801143356,1.0,4/4,55.21%,P06681-PRO_0000027612;P0C0L4-PRO_0000005970;P0C0L4-PRO_0000005972;P0C0L4-PRO_0000005966
prerank,PAF1 complex,0.3930024410089503,0.9344094714970558,0.5322997416020672,0.556776362975305,1.0,6/6,60.76%,Q9GZS3;Q8N7H5;Q6P1J9;Q6PD62;Q92541;Q8WVC0
prerank,RNA polymerase I selectivity factor 1 complex,0.4177104616120299,0.9253538476857147,0.5582047685834503,0.5674408800627541,1.0,1/5,4.71%,P20226
prerank,Fibrinogen complex,0.48184281842818427,0.9162375220141596,0.5603053435114503,0.5781446766355394,1.0,3/3,51.85%,P02679-PRO_0000009099;P02671-PRO_0000009021;P02675-PRO_0000009070
prerank,RZZ complex,0.48292682926829267,0.9146415801146662,0.5841121495327103,0.5795033248078204,1.0,3/3,51.75%,O43264;Q9H900;P50748
prerank,Mitochondrial isocitrate dehydrogenase complex (NAD+),0.4380042057768535,0.9122841784912137,0.5662824207492796,0.5818882505830706,1.0,1/4,6.82%,CHEBI:60240
prerank,"Phosphorylase kinase, muscle variant",-0.42767965987852247,-0.9076865827245365,0.5632530120481928,0.5708170613439703,1.0,2/3,11.78%,P46020;Q16816
prerank,Fibrin complex,0.48157181571815716,0.9064114511949639,0.6015151515151516,0.5884981061027367,1.0,3/3,51.88%,P02679-PRO_0000009099;P02675-PRO_0000009071;P02671-PRO_0000009022
prerank,L3MBTL1 complex,0.4828138225614546,0.9056354652487462,0.5811836115326252,0.5889427691436561,1.0,1/3,8.31%,P06400
prerank,"Phosphorylase kinase, liver variant",-0.4282216652985767,-0.8974394931742642,0.5919540229885057,0.5779828458090719,1.0,2/3,11.72%,P46019;P15735
prerank,NRZ tethering complex,0.4823848238482385,0.8928847267482005,0.6009316770186336,0.6044522221496798,1.0,3/3,51.80%,O43264;Q6NUQ1;A2RRP1
prerank,mCRD-poly(A)-bridging complex,-0.3314482147832109,-0.891382410381145,0.5984848484848485,0.5789215311080554,1.0,4/5,31.60%,O75534;P11940;Q9H074;Q14103
prerank,DISP septin regulator complex,0.4750677506775069,0.8750518815813408,0.6350710900473934,0.6262140030729938,1.0,3/3,52.53%,Q9UM54;Q96II8;Q96N67
prerank,Shelterin complex,0.37591537835638744,0.8722785322359472,0.6088657105606258,0.6292999875767217,1.0,6/6,62.47%,Q15554;Q96AP0;Q9NYB0;P54274;Q9BSI4;Q9NUX5
prerank,SKI complex,0.45907859078590785,0.8720449241199887,0.6345256609642301,0.6291132059766114,1.0,3/3,54.13%,Q9GZS3;Q6PGP7;Q15477
prerank,NSL histone acetyltransferase complex,0.33446478847629624,0.8709169887247828,0.5888198757763975,0.6300214710077809,1.0,2/9,11.89%,P61964;P51610
prerank,Fanconi anemia FANCM-FAAP24-MHF anchoring complex,0.42171770300015804,0.868670930525226,0.6237623762376238,0.6323249910903586,1.0,2/4,21.04%,A8MT69;Q8N2Z9
prerank,Dolichol-phosphate mannosyltransferase complex,0.45772357723577245,0.8682245978572354,0.6347687400318979,0.6324250812323078,1.0,3/3,54.26%,O94777;O60762;Q9P2X0
prerank,"Prefoldin co-chaperone complex, URI1 variant",0.38958499188252027,0.8645928524221717,0.6290550070521862,0.6364969848682498,1.0,2/5,16.25%,O15212;Q9UHV9
prerank,Ripoptosome,0.458647218307472,0.861037553403833,0.6620583717357911,0.6405338305215994,1.0,1/3,10.48%,Q13546
prerank,PCAF-containing ATAC complex,0.31139983349861566,0.860099172178132,0.6211401425178147,0.6411717474055904,1.0,4/10,27.43%,P61964;O75528;Q01658;Q96ES7
prerank,"FTS-Hook-FHIP cargo adaptor complex, FHIP2A-HOOK2 variant",0.4504046636391661,0.8550963293633722,0.6627565982404692,0.6470967988405102,1.0,2/3,36.18%,Q9H8T0;Q96ED9
prerank,Interleukin-3 receptor-ligand complex,0.4556685672141904,0.8520386804488994,0.6353846153846154,0.650556929724543,1.0,1/3,8.48%,P32927
prerank,USP46 deubiquitinase complex,0.45767785040282005,0.851744141454877,0.6427432216905901,0.6504197728269878,1.0,2/3,36.01%,Q8TAF3;Q8TBZ3
prerank,GCN5-containing ATAC complex,0.31138627093135507,0.8439268390055104,0.6488456865127582,0.6598847475911923,1.0,4/10,27.43%,P61964;O75528;Q01658;Q96ES7
prerank,"TREX-2 transcription-export complex, CETN3 variant",0.3629003833783027,0.8148209376857148,0.6625514403292181,0.695667782715208,1.0,2/5,20.61%,Q9NPA8;P60896
prerank,GATOR2 complex,0.3641908538597004,0.8067189278234326,0.6957104557640751,0.7053462563926429,1.0,2/5,21.85%,P55735;Q96EE3
prerank,E3 ligase (RANBP2) complex,0.4178861788617886,0.8014392984215457,0.7230538922155688,0.7111476979121887,1.0,3/3,58.25%,P49792;P46060;P63279
prerank,Interleukin-12-receptor ligand complex,0.41734417344173436,0.7921968280269088,0.718944099378882,0.722007674464721,1.0,3/3,58.30%,P42701-PRO_0000010917;Q99665-PRO_0000010920;CPX-381
prerank,Shieldin complex,0.3702900515044728,0.7703864057844426,0.7216642754662841,0.7481002803566233,1.0,4/4,63.01%,Q9UI95;Q8IYI0;Q6ZNX1;Q86V20
prerank,ABCB10-ABCB7-FECH ABC transporter ,0.37110328002168624,0.7649106461243991,0.7528735632183908,0.754062241454194,1.0,4/4,62.93%,CHEBI:190135;P22830;Q9NRK6;O75027
prerank,Signal recognition particle receptor complex,0.4051490514905149,0.7612835637686386,0.7820895522388059,0.7577160150564104,1.0,3/3,59.52%,CHEBI:15996;Q9Y5M8;P08240
prerank,GTPase HRAS - Son of sevenless homolog 1 complex,0.40373954145817864,0.7556953211186489,0.7728658536585366,0.7636723677079263,1.0,2/3,36.20%,CHEBI:15996;P01112
prerank,Membrane bound interleukin-6 mIL6R receptor-ligand cluster-signalling complex,0.3940379403794039,0.7443827309990557,0.7863777089783281,0.7761127090137961,1.0,3/3,60.63%,P40189-1;P05231-PRO_0000015582;P08887-1
prerank,mTORC2 complex,0.33193049930818075,0.737023535103727,0.7831491712707183,0.7840146862632478,1.0,2/5,20.50%,Q9BVC4;P42345
prerank,Methylcrotonyl-CoA carboxylase complex,0.3861788617886178,0.722370623612747,0.819620253164557,0.7999496743706186,1.0,3/3,61.41%,CHEBI:57586;Q96RQ3;Q9HCC0
prerank,Condensin II complex,0.3286308178782401,0.7206840357494723,0.7972602739726027,0.8011744594384442,1.0,2/5,20.71%,Q9NTJ3;O95347
prerank,Condensin I complex,0.3286308178782401,0.7183915386282703,0.7885952712100139,0.8030231446313452,1.0,2/5,20.71%,Q9NTJ3;O95347
prerank,MSL histone acetyltransferase complex,0.33667660612632155,0.7063761148566098,0.8014084507042254,0.815315574486747,1.0,4/4,66.37%,Q9H7Z6;Q68DK7;Q9HCI7;Q8N5Y2
prerank,BRCA1-C complex,0.3780465181628969,0.6990972996607059,0.8534107402031931,0.8225378057562849,1.0,1/3,13.40%,CPX-715
prerank,"Methyltransferase complex, METTL3-METTL14",0.3341690683551314,0.651234730000747,0.878125,0.8699827329549541,1.0,1/3,16.00%,CHEBI:67040
prerank,Retention and splicing complex,0.35230352303523027,0.6467208740692311,0.8848484848484849,0.8736003528423385,1.0,3/3,64.80%,Q8TAD8;Q9Y388;Q9BRD0
prerank,3M complex,0.31382113821138213,0.5972464657166663,0.9105431309904153,0.9164691617458985,1.0,3/3,68.64%,Q14999;Q9H0W5;O75147
