Name,Term,ES,NES,NOM p-val,FDR q-val,FWER p-val,Tag %,Gene %,Lead_genes
prerank,MKS transition zone complex,-0.9291272929405224,-2.269517990495587,0.0,0.0,0.0,14/14,100.00%,Q96Q45;Q9BPU9;Q9H6L2;Q9NXB0;Q9P0N5;Q86X19;Q96GX1;Q2MV58;Q5HYA8;Q6NUS6;Q6UX40;Q8N157;Q9P2K1;Q9UPM9
prerank,MCM complex,-0.9353854686633389,-2.0937582545300866,0.0,0.0,0.0,6/6,100.00%,P25205;P33991;P33992;Q14566;P33993;P49736
prerank,Signal recognition particle,-0.9223300970873787,-2.080353950661424,0.0,0.0,0.0,7/7,100.00%,URS00000478B7_9606;P61011;P49458;Q9UHB9;O76094;P09132;P37108
prerank,Tubulin polyglutamylase complex,-0.9334627113945106,-2.059315766940411,0.0,0.0,0.0,5/5,100.00%,O95922;Q6ZTW0;Q8IUZ0;Q9BSH3;Q68CL5
prerank,Outer dynein arm-docking complex,-0.9337399500970336,-2.0484384592874805,0.0,0.0,0.0,5/5,100.00%,Q96NG3;Q9HAE3;A5D8V7;Q5T2S8;Q96M63
prerank,Synaptonemal complex,-0.9009708737864077,-2.042517511834681,0.0,0.0,0.0,7/7,100.00%,Q9BXU0;A1L190;Q15431;Q6PIF2;Q8IZU3;Q8N0S2;Q9BX26
prerank,FERRY RAB5 effector complex,-0.9539783753812032,-2.002369981643222,0.0,0.0,0.0,5/5,100.00%,O95825;Q6ZMI0;Q8NB37;Q8TEA7;Q9NQ89
prerank,USH2 complex,-0.9659090909090909,-1.984119722247639,0.0,0.00014309141042704836,0.001,4/4,100.00%,O75445;Q8WXG9;Q9H5P4;Q9P202
prerank,ESCRT-III complex,-0.8017217439600112,-1.962388127336581,0.0,0.000254384729648086,0.003,11/11,100.00%,Q9Y3E7;Q8WUX9;Q96CF2;Q96FZ7;Q9H444;Q9HD42;Q9NZZ3;Q9UQN3;Q9BY43;O43633;Q7LBR1
prerank,UTP-A complex,-0.8935108153078204,-1.9513987986592776,0.0,0.0003434193850249161,0.005,6/6,100.00%,Q8IWA0;Q8TED0;Q969X6;Q9H583;Q9H8H0;Q15061
prerank,General transcription factor TFIIIC complex,-0.8813089295618415,-1.942682488313556,0.0,0.00036423268108703224,0.005,6/6,100.00%,Q12789;Q8WUA4;Q969F1;Q9UKN8;Q9Y5Q8;Q9Y5Q9
prerank,PeBoW complex,-0.973676918814076,-1.9213196954138698,0.0,0.0007154570521352418,0.013,3/3,100.00%,O00541;Q14137;Q9GZL7
prerank,Ribosome quality control complex,-0.9467849223946785,-1.9154843590322113,0.0,0.0006604218942786848,0.013,4/4,100.00%,CPX-137;O60524;O94822;Q9BQ70
prerank,CENP-A recruiting complex,-0.9875311720698255,-1.910324263587743,0.0,0.0007358986821962488,0.016,3/3,100.00%,O43482;Q6P0N0;Q9NYP9
prerank,IkappaB kinase complex,-0.9994458298697702,-1.9031762812270823,0.0,0.000724996479497045,0.017,3/3,100.00%,O14920;O15111;Q9Y6K9
prerank,Glutamate decarboxylase 1/2 complex,-0.9822665558326407,-1.8890299898529803,0.0,0.0013951412516637217,0.029,3/3,100.00%,CHEBI:18405;Q99259;Q05329
prerank,NPHP transition zone complex,-0.9667497921862013,-1.8730589495976826,0.0,0.0021211197310362466,0.043,3/3,100.00%,O75161;Q68CZ1;O15259
prerank,Elongator holoenzyme complex,-0.8261231281198004,-1.8564659952161444,0.0,0.002671039661304903,0.061,6/6,100.00%,Q8TE02;O95163;Q0PNE2;Q6IA86;Q96EB1;Q9H9T3
prerank,Eukaryotic translation initiation factor 2 complex,-0.9562205597118316,-1.8555591127747966,0.0,0.002650956656332686,0.065,3/3,100.00%,P05198;P20042;P41091
prerank,BBSome complex,-0.7716426193118757,-1.851958097482263,0.0,0.002718736798113919,0.07,8/8,100.00%,Q8IWZ6;Q9BXC9;Q96RK4;A8MTZ0;Q3SYG4;Q8N3I7;Q8NFJ9;Q8TAM2
prerank,SMG1C protein kinase complex,-0.9606539207536715,-1.8450723833860656,0.0,0.0032434053030130964,0.084,3/3,100.00%,Q8ND04;Q9H0W8;Q96Q15
prerank,PEX2-PEX10-PEX12 E3 ubiquitin ligase complex,-0.9221390967026878,-1.8007196385574782,0.0,0.008091168844147645,0.211,3/3,100.00%,O60683;O00623;P28328
prerank,NALCN channelosome complex,-0.8755543237250555,-1.7995711977461994,0.0,0.00786380620781692,0.214,4/4,100.00%,B1AL88;Q8IZF0;Q8N2C7;Q9P2D8
prerank,ESCRT-II complex,-0.9138265447492381,-1.7465952575734789,0.0038910505836575876,0.01709942354603228,0.425,3/3,100.00%,Q86VN1;Q96H20;Q9BRG1
prerank,BAT3 complex,-0.8988639512330286,-1.729544104619365,0.0038022813688212928,0.020925687860851555,0.507,3/3,100.00%,P11441;P46379;Q7L5D6
prerank,Intraflagellar transport complex B,-0.6218020022246941,-1.7226502311248073,0.0,0.021859964700624467,0.535,16/16,100.00%,Q96LB3;Q8WYA0;Q8TDR0;Q9NQC8;Q9P2H3;Q13099;Q8IY31;Q8N4P2;A0AVF1;Q9H7X7;Q96AJ1;Q9BW83;Q9Y366;Q9NWB7;Q9UG01;Q9Y547
prerank,MPP10 complex,-0.9030202272097535,-1.7190989038741191,0.011583011583011582,0.022046676569500788,0.556,3/3,100.00%,Q96G21;Q9NV31;O00566
prerank,CatSpermasome complex,-0.7066666666666667,-1.7175263300027006,0.0,0.021647686234606316,0.56,12/12,100.00%,Q86XQ3;A8MZ26;E9PQX1;Q2WGJ8;Q5SY80;Q6ZRH7;Q7RTX7;Q86XM0;Q8NEC5;Q96P56;Q9H7T0;Q9NTU4
prerank,SHU complex,-0.8406319290465631,-1.7070903974191767,0.0,0.02354593829509913,0.594,4/4,100.00%,Q14159;Q19AV6;Q6NVH7;Q9NTI5
prerank,"Amiloride-sensitive sodium channel complex, delta-alpha-beta-gamma",-0.8021064301552107,-1.6926697290696837,0.005847953216374269,0.02648145035636575,0.648,4/4,100.00%,P51172;P37088;P51168;P51170
prerank,CPAP-STIL complex,-0.8772513161540594,-1.6805535147525557,0.006920415224913495,0.029227574542711944,0.687,3/3,100.00%,Q15468;Q6UVJ0;Q9HC77
prerank,Complement C1 complex,-0.7721097865261991,-1.6782513752490964,0.009900990099009901,0.029262193432331392,0.697,5/5,100.00%,CPX-1919;P09871-PRO_0000027587;P00736-PRO_0000027578;P00736-PRO_0000027579;P09871-PRO_0000027588
prerank,HUSH epigenetic repressor complex,-0.8642283180936549,-1.671035223148101,0.015267175572519083,0.030873055825472253,0.72,3/3,100.00%,Q8NEY8;Q99549;Q9UK61
prerank,CCDC36-MEI4-REC114 meiotic recombination initiation complex,-0.8625658077029649,-1.653498267500925,0.0036101083032490976,0.03663140106932439,0.788,3/3,100.00%,Q8IYA8;A8MW99;Q7Z4M0
prerank,Vault ribonucleoprotein complex,-0.734257975034674,-1.6534172278253454,0.0,0.035633849522347244,0.788,7/7,100.00%,Q14764;Q99973;Q9UKK3;URS0000000A8C_9606;URS00005CCF67_9606;URS0000A76E3A_9606;URS000058CD99_9606
prerank,CST complex,-0.8481573843169854,-1.6527237087668094,0.007246376811594203,0.03496200128100882,0.791,3/3,100.00%,Q86WV5;Q2NKJ3;Q9H668
prerank,UTP-B complex,-0.7298946200776484,-1.6434079485498425,0.0,0.037838009719411925,0.82,6/6,100.00%,Q9Y5J1;Q9NYH9;Q9UNX4;Q12788;Q15269;Q8NI36
prerank,WMM N6-adenosine-methyltransferase complex,-0.7696146382034932,-1.6325054113088944,0.01680672268907563,0.041014516904510814,0.854,5/5,100.00%,Q69YN4;Q75N03;Q5T200;CPX-21210;Q15007
prerank,Hydrogen:potassium-exchanging ATPase complex,-0.8398448323635357,-1.6255818186042543,0.01444043321299639,0.04258987415992762,0.873,3/3,100.00%,CHEBI:39128;P51164;P20648
prerank,CCAAT-binding factor complex,-0.8234968135217512,-1.6114540318176263,0.018115942028985508,0.047563584825950876,0.905,3/3,100.00%,P23511;P25208;Q13952
prerank,Complement component C1q complex,-0.8270989193682461,-1.5990528567063864,0.011406844106463879,0.05121974486408199,0.926,3/3,100.00%,P02745;P02746;P02747
prerank,"Amiloride-sensitive sodium channel complex, alpha-beta-gamma",-0.801884178442782,-1.5988598217270429,0.025362318840579712,0.05005473814271892,0.927,3/3,100.00%,P37088;P51168;P51170
prerank,Mitochondrial 3-oxoacyl-[acyl-carrier-protein] reductase,-0.7799334811529933,-1.59346885711701,0.01775147928994083,0.050927231283152276,0.934,4/4,100.00%,CHEBI:57540;CHEBI:58349;Q8N4T8;Q92506
prerank,"Amiloride-sensitive sodium channel complex, delta-beta-gamma",-0.801884178442782,-1.5885162016942709,0.022222222222222223,0.051929173674979734,0.939,3/3,100.00%,P51172;P51168;P51170
prerank,Glycoprotein Ib-IX-V-Filamin-A complex,-0.7321874133629055,-1.5275230115842873,0.0380952380952381,0.0822425830952262,0.991,5/5,100.00%,P13224;P07359;P14770;P40197;P21333
prerank,Ragulator complex,-0.6980870529525922,-1.5221008810698295,0.018867924528301886,0.08401332201768962,0.992,5/5,100.00%,O43504;Q0VGL1;Q6IAA8;Q9UHA4;Q9Y2Q5
prerank,Myddosome core complex,-0.7267184035476718,-1.5189598105543456,0.029239766081871343,0.08422299527774182,0.993,4/4,100.00%,O43187;P51617;Q99836;Q9NWZ3
prerank,"Short transient receptor potential channel complex,TRPC1-TRPC4-TRPC5 variant",-0.7894153505126075,-1.5180384960495839,0.016,0.08311226088971059,0.993,3/3,100.00%,P48995;Q9UBN4;Q9UL62
prerank,"PtdIns(3,5)P2 regulatory complex",-0.8052091992241619,-1.5098728006586313,0.03308823529411765,0.08691781101940137,0.994,3/3,100.00%,Q08AM6;Q92562;Q9Y2I7
prerank,ULK1-ATG13-RB1CC1-ATG101 autophagy initiation complex,-0.7502771618625277,-1.5064152728360418,0.03125,0.08737733886317282,0.994,4/4,100.00%,O75143;O75385;Q8TDY2;Q9BSB4
prerank,C9orf72-SMCR8 complex,-0.7650318647824883,-1.505707239111949,0.02857142857142857,0.08602318909202554,0.994,3/3,100.00%,Q8TEV9;Q96LT7-1;Q9HAD4
prerank,SNAPc snRNA activating protein complex ,-0.6698087052952593,-1.4959660609627503,0.0297029702970297,0.09086304562117571,0.995,5/5,100.00%,Q92966;O75971;Q13487;Q16533;Q5SXM2
prerank,Eukaryotic translation initiation factor 2B complex,-0.6601053507069587,-1.4713424996137805,0.022727272727272728,0.10544487029507171,0.999,5/5,100.00%,P49770;Q13144;Q14232;Q9NR50;Q9UI10
prerank,Caspase-2 PIDDosome,-0.7664172901080633,-1.4664770494564088,0.054901960784313725,0.10706417309063819,0.999,3/3,100.00%,Q9HB75;P78560;P42575
prerank,SPATA5-SPATA5L1 ATPase complex,-0.7028824833702882,-1.466239811813836,0.04,0.1053152780743076,0.999,4/4,100.00%,Q8NB90;Q9BVQ7;Q9BW66;Q9NX04
prerank,Rixosome RNA degradation complex,-0.6255201109570041,-1.4634114684733794,0.02,0.10540726540958213,1.0,7/7,100.00%,Q9NU22;Q9NXF1;Q9Y4W2;Q8IZL8;Q5SY16;Q9BV38;Q9H4L4
prerank,Glycoprotein Ib-IX-V complex,-0.7330931263858093,-1.4592102913413958,0.046242774566473986,0.10614872278065461,1.0,4/4,100.00%,P13224;P07359;P14770;P40197
prerank,LDLR-PCSK9 complex,-0.7306733167082294,-1.4221023395526304,0.06484641638225255,0.131693439458549,1.0,3/3,100.00%,Q8NBP7-PRO_0000027120;P01130;Q8NBP7-PRO_0000027121
prerank,Interferon gamma receptor-ligand complex,-0.7503463563313938,-1.4188392792681292,0.08661417322834646,0.13210975099630812,1.0,3/3,100.00%,P38484;CPX-6024;P15260
prerank,CMG helicase complex,-0.7489609310058188,-1.4127521345269713,0.04150943396226415,0.1346013200750435,1.0,3/3,100.00%,O75419;CPX-787;CPX-2940
prerank,Ribosome biogenesis complex,-0.7062898309781104,-1.412333563721318,0.054982817869415807,0.13268561539992726,1.0,3/3,100.00%,Q14978;Q13428;P61328
prerank,"Platelet-activating factor acetylhydrolase IB complex, alpha1-alpha2 variant",-0.7223607647547797,-1.4006761803671812,0.06504065040650407,0.1397033750962918,1.0,3/3,100.00%,P43034;Q15102;P68402
prerank,Ndc80 complex,-0.6621396895787139,-1.3552311289465708,0.08465608465608465,0.17761505230786004,1.0,4/4,100.00%,Q8NBT2;O14777;Q9HBM1;Q9BZD4
prerank,GPR88-Gi1 signaling complex,-0.6596452328159645,-1.3516583371194908,0.06875,0.17806831706331003,1.0,4/4,100.00%,P63096;P62873;Q9GZN0;P63211
prerank,Interleukin-37 receptor-ligand complex,-0.6893876420060959,-1.3294754828353956,0.10077519379844961,0.19754539701664017,1.0,3/3,100.00%,Q9NZH6-1;Q13478-PRO_0000015448;Q6IA17-PRO_0000099065
prerank,Peroxisomal receptor export module complex,-0.6832917705735662,-1.3242706231636119,0.11071428571428571,0.20001577515693597,1.0,3/3,100.00%,O43933;Q13608;Q7Z412
prerank,eNoSc complex,-0.6904959822665558,-1.3210509762654066,0.11194029850746269,0.20012294809934536,1.0,3/3,100.00%,O43463;Q96EB6;O43159
prerank,CPLANE complex,-0.6738708783596564,-1.2987301320326288,0.1377952755905512,0.22136241193064382,1.0,3/3,100.00%,O95876;Q9BT04;Q9ULD6
prerank,Translocon-associated protein complex,-0.6213968957871396,-1.2737657198811587,0.12941176470588237,0.24600938892956367,1.0,4/4,100.00%,P43307;P43308;P51571;Q9UNL2
prerank,"Casein kinase II complex, CSNK2A1-CNSK2A2 variant",-0.6198392906622333,-1.22430274003999,0.18772563176895307,0.3047601742535398,1.0,3/3,100.00%,P19784;P68400;P67870
prerank,"CRL3 E3 ubiquitin ligase complex, KLHL23 variant ",0.996404264321184,1.2065727967131241,0.005494505494505495,0.2763788215994678,0.171,1/3,0.11%,P62877
prerank,"CRL3 E3 ubiquitin ligase complex, KLHL22 variant ",0.996404264321184,1.2065079845841389,0.008264462809917356,0.1419828456060011,0.175,1/3,0.11%,P62877
prerank,"CRL3 E3 ubiquitin ligase complex, KLHL16 variant ",0.996404264321184,1.2058600718050039,0.009549795361527967,0.12211247281126812,0.218,1/3,0.11%,P62877
prerank,"CRL3 E3 ubiquitin ligase complex, ENC1 variant ",0.996404264321184,1.2058574483406668,0.006765899864682003,0.0915843546084511,0.218,1/3,0.11%,P62877
prerank,"CRL3 E3 ubiquitin ligase complex, KLHL14 variant ",0.996404264321184,1.2056215248382407,0.010973936899862825,0.07977051478321893,0.235,1/3,0.11%,P62877
prerank,"CRL3 E3 ubiquitin ligase complex, KLHL42 variant ",0.996404264321184,1.2054388136636223,0.006747638326585695,0.07081078305032117,0.245,1/3,0.11%,P62877
prerank,"CRL3 E3 ubiquitin ligase complex, KLHL21 variant ",0.996404264321184,1.205098722238771,0.009408602150537635,0.07060433761868756,0.281,1/3,0.11%,P62877
prerank,"CRL3 E3 ubiquitin ligase complex, KBTBD3 variant",0.996404264321184,1.2050798264174594,0.006896551724137931,0.06286263393242797,0.283,1/3,0.11%,P62877
prerank,"CRL3 E3 ubiquitin ligase complex, KBTBD8 variant",0.996404264321184,1.2043788027441018,0.005479452054794521,0.0764708286342754,0.371,1/3,0.11%,P62877
prerank,"CRL3 E3 ubiquitin ligase complex, KLHL3 variant ",0.996404264321184,1.2038238975684812,0.011004126547455296,0.08518970736360065,0.438,1/3,0.11%,P62877
prerank,"m-AAA protease complex, AFG3L2-SPG7 variant",1.0,1.2036733419327585,0.0013227513227513227,0.08158348102829209,0.454,1/3,0.03%,CHEBI:29105
prerank,"CRL3 E3 ubiquitin ligase complex, KLHL20 variant ",0.996404264321184,1.2036122016217432,0.00819672131147541,0.07632029550704257,0.46,1/3,0.11%,P62877
prerank,"CRL3 E3 ubiquitin ligase complex, KLHL36 variant ",0.996404264321184,1.2034193630549381,0.0055248618784530384,0.07520171857698942,0.483,1/3,0.11%,P62877
prerank,"CRL3 E3 ubiquitin ligase complex, KLHL29 variant ",0.996404264321184,1.2031341728741203,0.009749303621169917,0.077804122046909,0.519,1/3,0.11%,P62877
prerank,"CRL3 E3 ubiquitin ligase complex, KLHL10 variant ",0.996404264321184,1.2029055664267,0.008064516129032258,0.07919246757464489,0.551,1/3,0.11%,P62877
prerank,"CRL3 E3 ubiquitin ligase complex, KLHL1 variant ",0.996404264321184,1.202745559296377,0.005471956224350205,0.07803637315749679,0.565,1/3,0.11%,P62877
prerank,"CRL3 E3 ubiquitin ligase complex, KLHL9 variant ",0.996404264321184,1.2027147349768295,0.00980392156862745,0.07433857116147162,0.568,1/3,0.11%,P62877
prerank,C3PO endoribonuclease complex,0.99778331947908,1.2026282017393957,0.009523809523809525,0.0726773938280082,0.581,1/3,0.25%,CHEBI:18420
prerank,"CRL3 E3 ubiquitin ligase complex, KLHL35 variant ",0.996404264321184,1.2024260044757007,0.009510869565217392,0.07261718057711507,0.597,1/3,0.11%,P62877
prerank,"CRL3 E3 ubiquitin ligase complex, KLHL2 variant ",0.996404264321184,1.202415658316659,0.008174386920980926,0.06925728117727839,0.6,1/3,0.11%,P62877
prerank,"CRL3 E3 ubiquitin ligase complex, KLHL32 variant ",0.996404264321184,1.2023507579866386,0.01366120218579235,0.06755926750209212,0.609,1/3,0.11%,P62877
prerank,"CRL3 E3 ubiquitin ligase complex, KLHL13 variant ",0.996404264321184,1.202316416597076,0.002785515320334262,0.06547369944843007,0.614,1/3,0.11%,P62877
prerank,"General transcription factor TFIII3B complex, BRF1 variant",0.9975007254047047,1.2021556506147646,0.01084010840108401,0.06667963044556639,0.631,1/3,0.28%,P20226
prerank,ERAP1-ERAP2 endoplasmic reticulum aminopeptidase complex,1.0,1.2019415279375056,0.0,0.06868826595633833,0.651,1/3,0.03%,CHEBI:29105
prerank,Subcortical maternal complex,-0.5384188626907074,-1.2019148328093743,0.17307692307692307,0.33149644440398063,1.0,7/7,100.00%,Q587J8;Q6TGC4;Q8WX94;Q9H808-1;Q9NX02;P59047;A6NGQ2
prerank,"CRL3 E3 ubiquitin ligase complex, KLHL17 variant ",0.996404264321184,1.2017877238111045,0.006887052341597796,0.06932231148824299,0.669,1/3,0.11%,P62877
prerank,"CRL3 E3 ubiquitin ligase complex, KLHL11 variant ",0.996404264321184,1.2017435517434243,0.013368983957219251,0.06728136019027767,0.676,1/3,0.11%,P62877
prerank,"CRL3 E3 ubiquitin ligase complex, KLHL5 variant ",0.996404264321184,1.2017068359876528,0.006906077348066298,0.06547187480446362,0.679,1/3,0.11%,P62877
prerank,"CRL3 E3 ubiquitin ligase complex, KLHL12 variant ",0.996404264321184,1.2015216581789847,0.008368200836820083,0.06634640059124479,0.689,1/3,0.11%,P62877
prerank,"CRL3 E3 ubiquitin ligase complex, KLHL38 variant ",0.996404264321184,1.2014338919866814,0.008368200836820083,0.064768694771045,0.691,1/3,0.11%,P62877
prerank,"CRL3 E3 ubiquitin ligase complex, KLHL8 variant ",0.996404264321184,1.201061862284829,0.006839945280437756,0.07034111969335474,0.737,1/3,0.11%,P62877
prerank,"CRL3 E3 ubiquitin ligase complex, SPOPL variant",0.996404264321184,1.2009905090467645,0.008185538881309686,0.06982017795498256,0.747,1/3,0.11%,P62877
prerank,"CRL3 E3 ubiquitin ligase complex, SPOP variant",0.996404264321184,1.200902651160086,0.011049723756906077,0.0694672748897682,0.758,1/3,0.11%,P62877
prerank,"CRL3 E3 ubiquitin ligase complex, KBTBD2 variant",0.996404264321184,1.2008304318231193,0.00945945945945946,0.06870879320096097,0.763,1/3,0.11%,P62877
prerank,"CRL3 E3 ubiquitin ligase complex, KLHL26 variant ",0.996404264321184,1.2005211793511636,0.006896551724137931,0.07236215974980298,0.786,1/3,0.11%,P62877
prerank,"CRL3 E3 ubiquitin ligase complex, KLHL15 variant ",0.996404264321184,1.2004476860689606,0.009259259259259259,0.0715952756905288,0.791,1/3,0.11%,P62877
prerank,"CRL3 E3 ubiquitin ligase complex, KLHL24 variant ",0.996404264321184,1.2004398596268762,0.006983240223463687,0.06969683790879826,0.791,1/3,0.11%,P62877
prerank,Mitochondrial processing peptidase complex,1.0,1.2003857022586502,0.0,0.06875051343868054,0.793,1/3,0.03%,CHEBI:29105
prerank,"General transcription factor TFIII3B complex, BRF2 variant",0.9975007254047047,1.2002845335232344,0.009681881051175657,0.06888078990327293,0.802,1/3,0.28%,P20226
prerank,"CRL3 E3 ubiquitin ligase complex, KLHL41 variant ",0.996404264321184,1.2002833854523585,0.00558659217877095,0.06717019726555191,0.803,1/3,0.11%,P62877
prerank,"CRL3 E3 ubiquitin ligase complex, KLHL7 variant ",0.996404264321184,1.2002099088427465,0.012482662968099861,0.06665606873869516,0.805,1/3,0.11%,P62877
prerank,"CRL3 E3 ubiquitin ligase complex, KLHL30 variant ",0.996404264321184,1.2000514139910805,0.008108108108108109,0.06777955988340846,0.82,1/3,0.11%,P62877
prerank,ISCA2-IBA57 mitochondrial iron-sulfur protein assembly complex,0.9911332779163202,1.1997229197622838,0.02,0.07143011934522193,0.844,2/3,0.94%,CHEBI:49601;Q86U28
prerank,"CRL3 E3 ubiquitin ligase complex, KLHL4 variant ",0.996404264321184,1.1995962826931952,0.008207934336525308,0.07178539752989369,0.848,1/3,0.11%,P62877
prerank,"Mitochondrial succinyl-CoA synthetase complex, GTP-specific variant",0.9977783664240775,1.1995955789343142,0.005427408412483039,0.0701539112223961,0.848,1/3,0.25%,CHEBI:18420
prerank,"CRL3 E3 ubiquitin ligase complex, KLHL6 variant ",0.996404264321184,1.199175181623548,0.006887052341597796,0.07538699011819906,0.87,1/3,0.11%,P62877
prerank,"CRL3 E3 ubiquitin ligase complex, KLHL28 variant ",0.996404264321184,1.1990854932989605,0.009641873278236915,0.07497335126423754,0.876,1/3,0.11%,P62877
prerank,"CRL3 E3 ubiquitin ligase complex, KLHL40 variant ",0.996404264321184,1.1989877681722532,0.00558659217877095,0.07519994470053103,0.883,1/3,0.11%,P62877
prerank,Dehydrodolichyl diphosphate synthase complex,0.99778331947908,1.19882160317028,0.009887005649717515,0.0763428754761275,0.89,1/3,0.25%,CHEBI:18420
prerank,Lactose synthase complex,0.9963978941535051,1.198740834979538,0.012016021361815754,0.07622260257957311,0.894,1/3,0.39%,CHEBI:29108
prerank,"CRL3 E3 ubiquitin ligase complex, KEAP1 variant ",0.996404264321184,1.1986536270076023,0.009615384615384616,0.07621552445048853,0.899,1/3,0.11%,P62877
prerank,"CRL3 E3 ubiquitin ligase complex, IPP variant ",0.996404264321184,1.1984587527879487,0.009668508287292817,0.0778238558014034,0.911,1/3,0.11%,P62877
prerank,"Mitochondrial succinyl-CoA synthetase complex, ATP-specific variant",0.9977783664240775,1.198390376472229,0.005471956224350205,0.07728602341559777,0.912,1/3,0.25%,CHEBI:18420
prerank,"CRL3 E3 ubiquitin ligase complex, KLHL31 variant ",0.996404264321184,1.1982349937858396,0.005517241379310344,0.07844536882394068,0.917,1/3,0.11%,P62877
prerank,"CRL3 E3 ubiquitin ligase complex, KLHL34 variant ",0.996404264321184,1.1977490486369866,0.01078167115902965,0.08379677415960625,0.932,1/3,0.11%,P62877
prerank,"CRL3 E3 ubiquitin ligase complex, KBTBD13 variant",0.996404264321184,1.1966342304268793,0.011188811188811189,0.10097433738863978,0.958,1/3,0.11%,P62877
prerank,General transcription factor TFIIB-TBP complex,0.9977833194790799,1.196417591610486,0.014965986394557823,0.10251951106529278,0.96,2/3,0.28%,CHEBI:29105;P20226
prerank,MUS81-EME2 structure-specific endonuclease complex,0.9977783664240775,1.196100547072968,0.0067842605156037995,0.10560770382961432,0.967,1/3,0.25%,CHEBI:18420
prerank,AP-5 Adaptor complex,-0.5781596452328159,-1.1954511123772675,0.17341040462427745,0.3358355402722825,1.0,4/4,100.00%,Q2VPB7;Q9H0R1;Q9NUS5;O43299
prerank,MUS81-EME1 structure-specific endonuclease complex,0.9977783664240775,1.194994031728288,0.006666666666666667,0.12288486347789726,0.978,1/3,0.25%,CHEBI:18420
prerank,tRNA-guanine transglycosylase complex,1.0,1.194448574543424,0.004098360655737705,0.13164045434242513,0.986,1/3,0.03%,CHEBI:29105
prerank,NLGN1(+SSA+SSB) - NRXN1-beta(-SS4) complex,0.9963978941535051,1.1942151653257942,0.014804845222072678,0.13228160249489151,0.986,1/3,0.39%,CHEBI:29108
prerank,NLGN1(-SSA-SSB) - NRXN1-beta(-SS4) complex,0.9963978941535051,1.1942151653257942,0.014804845222072678,0.13228160249489151,0.986,1/3,0.39%,CHEBI:29108
prerank,ISCA1-ISCA2 mitochondrial iron-sulfur protein assembly complex,0.9911332779163203,1.1940268869523631,0.03095558546433378,0.13362680027238025,0.99,2/3,0.94%,CHEBI:49883;Q86U28
prerank,[Cu-Zn] Superoxide dismutase complex,1.0,1.1938986199752726,0.00273224043715847,0.13432716084958882,0.992,1/3,0.03%,CHEBI:29105
prerank,"CRL3 E3 ubiquitin ligase complex, KLHL25 variant ",0.996404264321184,1.1938438702226457,0.013679890560875513,0.1331766576628808,0.993,1/3,0.11%,P62877
prerank,"CRL3 E3 ubiquitin ligase complex, KBTBD4 variant",0.996404264321184,1.1938102759236204,0.008207934336525308,0.13191148462584554,0.993,1/3,0.11%,P62877
prerank,"CRL3 E3 ubiquitin ligase complex, KLHL18 variant ",0.996404264321184,1.1929249763748928,0.008264462809917356,0.1488143126164217,0.998,1/3,0.11%,P62877
prerank,Complement factor I complex,0.9963978941535051,1.192185245644141,0.02040816326530612,0.1631904917937039,0.999,1/3,0.39%,CHEBI:29108
prerank,Cubam cobalamin uptake receptor complex,0.9963978941535051,1.1918037843442475,0.01227830832196453,0.1690628697062027,1.0,1/3,0.39%,CHEBI:29108
prerank,NUBP1-NUBP2 iron-sulfur cluster assembly scaffold complex,0.9980604045441951,1.1911217071702815,0.0027210884353741495,0.18210057850540665,1.0,1/3,0.22%,CHEBI:49883
prerank,Coagulation factor IXa complex,0.9963978941535051,1.190318133350274,0.015957446808510637,0.19886888429263666,1.0,1/3,0.39%,CHEBI:29108
prerank,LMAN1-MCFD2 cargo receptor complex,0.9963978941535051,1.1902735153667638,0.010680907877169559,0.19718228326983292,1.0,1/3,0.39%,CHEBI:29108
prerank,"CRL3 E3 ubiquitin ligase complex, KBTBD6-KBTBD7 variant",0.9964040339289458,1.189898465345295,0.013365735115431349,0.20373153439690614,1.0,1/4,0.11%,P62877
prerank,"CRL3 E3 ubiquitin ligase complex, SPOP-SPOPL variant",0.9964040339289458,1.1886020612024075,0.013398294762484775,0.23473269779680828,1.0,1/4,0.11%,P62877
prerank,GET complex,1.0,1.1876045521594625,0.0,0.2595939710667179,1.0,1/4,0.03%,CHEBI:29105
prerank,Mitochondrial pyruvate dehydrogenase serine/threonine phosphatase complex,0.99778331947908,1.1875210381841173,0.010884353741496598,0.2585605163951727,1.0,1/3,0.25%,CHEBI:18420
prerank,Hemoglobin HbF Variant 2 complex,0.9921436321016903,1.1872014523574652,0.03547066848567531,0.2642141603598214,1.0,1/3,0.80%,CHEBI:30413
prerank,2-(3-amino-3-carboxypropyl)histidine synthase complex,0.9980604045441951,1.187090497451385,0.00267379679144385,0.2637528066784226,1.0,1/3,0.22%,CHEBI:49883
prerank,CIAO1-CIAO2A-CIAO3 cytosolic iron-sulfur protein assembly complex,0.9980473643929355,1.1868385874518312,0.013189448441247002,0.2674024154278612,1.0,1/4,0.22%,CHEBI:49883
prerank,KLHDC3-Elongin C-Elongin B E3 ubiquitin ligase complex,0.9989345716968373,1.1868227239149323,0.0033222591362126247,0.2645251952970632,1.0,1/5,0.11%,P62877
prerank,Hemoglobin Portland-2 complex,0.9921902897424609,1.1867787605230833,0.035278154681139755,0.26250568859369056,1.0,1/3,0.80%,CHEBI:30413
prerank,CHRAC chromatin remodeling complex,0.9958425720620843,1.1867219420202777,0.022809123649459785,0.26066985347757116,1.0,2/4,0.47%,O60264;Q9NRF9
prerank,Hemoglobin Portland-1 Variant 2 complex,0.9921902897424609,1.1863828459736194,0.033602150537634407,0.26716619421281884,1.0,1/3,0.80%,CHEBI:30413
prerank,Hemoglobin HbF Variant 1 complex,0.9921436321016903,1.186352189594434,0.032432432432432434,0.2646002391717466,1.0,1/3,0.80%,CHEBI:30413
prerank,"ERF1-ERF3 translation release factor complex, GSPT2 variant",0.9869495309480009,1.186219652710509,0.04155495978552279,0.2646888490332158,1.0,1/3,1.33%,CHEBI:37565
prerank,PRAME-Elongin C-Elongin B E3 ubiquitin ligase complex,0.9989345716968373,1.1861386103279545,0.005494505494505495,0.2634492656547453,1.0,1/5,0.11%,P62877
prerank,Non-canonical FBXO45-MYCBP2-SKP1 E3 ubiquitin ligase complex,0.9875311720698254,1.1860797984508777,0.03888888888888889,0.26206207096850587,1.0,1/3,1.27%,P63208
prerank,LRR1-Elongin C-Elongin B E3 ubiquitin ligase complex,0.9989345716968373,1.1859244599793106,0.00331858407079646,0.2627000320517457,1.0,1/5,0.11%,P62877
prerank,FEB1C-Elongin C-Elongin B E3 ubiquitin ligase complex,0.9989345716968373,1.1856739928006896,0.005488474204171241,0.26639026436608243,1.0,1/5,0.11%,P62877
prerank,"LINC complex, SUN2-SYNE4 variant",0.9908850828444079,1.1854453732412356,0.034346103038309116,0.2690111552823196,1.0,1/3,0.03%,CHEBI:29105
prerank,Hemoglobin Portland-1 Variant 1 complex,0.9921902897424609,1.1852781325340096,0.033288948069241014,0.2704538377115838,1.0,1/3,0.80%,CHEBI:30413
prerank,USP12-DMWD deubiquitinase complex,0.9944979932001852,1.1851513132430695,0.030303030303030304,0.27050703711127394,1.0,1/4,0.03%,CHEBI:29105
prerank,Microprocessor complex,0.9922416181767801,1.1850944279123452,0.0273224043715847,0.26887441796098266,1.0,1/3,0.80%,CHEBI:30413
prerank,MRN double-strand break repair complex,0.9952869420571113,1.184986596301087,0.028153153153153154,0.26875698945415677,1.0,2/5,0.53%,CHEBI:29105;CHEBI:29035
prerank,Hemoglobin HbA complex,0.9921436321016903,1.1849410266389309,0.034916201117318434,0.2671546640158393,1.0,1/3,0.80%,CHEBI:30413
prerank,"Exon junction core complex, MAGOH variant",0.9868295994515845,1.1848581194109653,0.058056872037914695,0.26628201016023023,1.0,3/4,1.05%,Q9Y5S9;P38919;P61326
prerank,ZER1-Elongin C-Elongin B E3 ubiquitin ligase complex,0.9989345716968373,1.1846611391703488,0.0055248618784530384,0.26850970237337185,1.0,1/5,0.11%,P62877
prerank,Hemoglobin E complex,0.9921436321016903,1.184475797459028,0.03888888888888889,0.27016630391969,1.0,1/3,0.80%,CHEBI:30413
prerank,Hemoglobin HbA2 complex,0.9921482976698321,1.1844182516130843,0.034013605442176874,0.26876983283354405,1.0,1/3,0.80%,CHEBI:30413
prerank,Embryonic hemoglobin Gower-1 complex,0.9921902897424609,1.1839287282500672,0.04155495978552279,0.2783713328108405,1.0,1/3,0.80%,CHEBI:30413
prerank,Catalase complex,0.9922416181767801,1.1837784845402615,0.031335149863760216,0.27900171080837255,1.0,1/3,0.80%,CHEBI:30413
prerank,VHL-Elongin C-Elongin B E3 ubiquitin ligase complex,0.9989345716968373,1.1837114967805829,0.006607929515418502,0.2778811720177914,1.0,1/5,0.11%,P62877
prerank,"LINC complex, SUN1-SYNE4 variant",0.9908850828444079,1.1836156564318365,0.03247631935047361,0.27731389796627876,1.0,1/3,0.03%,CHEBI:29105
prerank,FEB1B-Elongin C-Elongin B E3 ubiquitin ligase complex,0.9989345716968373,1.1835377809354881,0.0055248618784530384,0.27647352593582397,1.0,1/5,0.11%,P62877
prerank,Coagulation factor VIIa - tissue factor complex,0.9963968957871396,1.1835026348822892,0.015815085158150853,0.27453421181729937,1.0,1/4,0.39%,CHEBI:29108
prerank,Chromosomal passenger complex,1.0,1.1832262157953966,0.0,0.2785464986316205,1.0,1/5,0.03%,CHEBI:29105
prerank,ZYG11B-Elongin C-Elongin B E3 ubiquitin ligase complex,0.9989345716968373,1.1830398935608022,0.006600660066006601,0.28003933281414073,1.0,1/5,0.11%,P62877
prerank,"Phosphatidylinositol 3-kinase complex, class III, UVRAG variant",0.9949989333621704,1.1829214965056543,0.022909507445589918,0.2805115890252542,1.0,1/5,0.53%,CHEBI:29035
prerank,"Phosphatidylinositol 3-kinase complex, class III, ATG14 variant",0.9949989333621704,1.1828338069557713,0.0259009009009009,0.2800417943621332,1.0,1/5,0.53%,CHEBI:29035
prerank,"ERF1-ERF3 translation release factor complex, GSPT1 variant",0.9869495309480009,1.1827120252521006,0.0425531914893617,0.2802667193956683,1.0,1/3,1.33%,CHEBI:37565
prerank,"Soluble guanylate cyclase complex, SGCalpha1-SGCbeta1 variant",0.992229952160818,1.1827114475241733,0.02706359945872801,0.2777286932058538,1.0,1/3,0.80%,CHEBI:30413
prerank,"Soluble guanylate cyclase complex, SGCalpha2-SGCbeta1 variant",0.992229952160818,1.1824701763732925,0.02435723951285521,0.2808704046390635,1.0,1/3,0.80%,CHEBI:30413
prerank,KLHDC10-Elongin C-Elongin B E3 ubiquitin ligase complex,0.9989345716968373,1.1820839418353957,0.004429678848283499,0.286568839076507,1.0,1/5,0.11%,P62877
prerank,"MiDAC histone deacetylase complex, HDAC2 variant",0.9866999168744804,1.1820193361620552,0.04676753782668501,0.2854619638536651,1.0,1/3,1.36%,Q92769
prerank,DNA polymerase alpha:primase complex,0.9980593290823399,1.1819486920224758,0.008948545861297539,0.2845456398916571,1.0,1/5,0.22%,CHEBI:49883
prerank,FEM1A-Elongin C-Elongin B E3 ubiquitin ligase complex,0.9989345716968373,1.1816860960868913,0.0066298342541436465,0.2878957839181225,1.0,1/5,0.11%,P62877
prerank,"Exon junction core complex, MAGOHB variant",0.9851238270947886,1.1815482013494254,0.06115107913669065,0.288310388711791,1.0,2/4,1.02%,Q9Y5S9;P38919
prerank,"SCF E3 ubiquitin ligase complex, FBXO33 variant",0.9831704917660868,1.1811007631004777,0.06016847172081829,0.29535989099639454,1.0,2/4,1.27%,P62877;P63208
prerank,"SCF E3 ubiquitin ligase complex, FBXL12 variant",0.9831704917660868,1.1809174589025373,0.06035502958579882,0.29704523398227944,1.0,2/4,1.27%,P62877;P63208
prerank,GAIT complex,0.9847560975609755,1.1807630454652336,0.04744525547445255,0.2976001975865088,1.0,3/4,1.61%,O60506;P40429;P07814
prerank,KLHDC2-Elongin C-Elongin B E3 ubiquitin ligase complex,0.9989345716968373,1.1805955769847511,0.004410143329658214,0.2989949186349275,1.0,1/5,0.11%,P62877
prerank,CIAO1-CIAO2B-CIAO3-MMS19 cytosolic iron-sulfur protein assembly complex,0.9980468265129694,1.1803876493309327,0.009988901220865706,0.30092194171557674,1.0,1/5,0.22%,CHEBI:49883
prerank,BRCA1-C complex,0.9889165973954004,1.1803766855444215,0.06085753803596127,0.2987751896242913,1.0,1/3,1.14%,CPX-715
prerank,Mitochondrial electron transfer flavoprotein complex,0.9958425720620843,1.1803678605058783,0.019300361881785282,0.29655760372804363,1.0,1/4,0.44%,CHEBI:57692
prerank,"SCF E3 ubiquitin ligase complex, FBXO24 variant",0.9831704917660868,1.1802710307540405,0.06139315230224321,0.2967707188414525,1.0,2/4,1.27%,P62877;P63208
prerank,C-to-U editosome complex,1.0,1.1802527342936717,0.0,0.2948040763727657,1.0,1/5,0.03%,CHEBI:29105
prerank,"SCF E3 ubiquitin ligase complex, FBXO2 variant",0.9831704917660868,1.1801812662979119,0.0592503022974607,0.29381485867952134,1.0,2/4,1.27%,P62877;P63208
prerank,"SCF E3 ubiquitin ligase complex, FBXO39 variant",0.9831704917660868,1.179989067217693,0.062424969987995196,0.2954782751347344,1.0,2/4,1.27%,P62877;P63208
prerank,"SCF E3 ubiquitin ligase complex, BTRC variant",0.9831704917660868,1.1798362690774247,0.05980861244019139,0.2959895247497242,1.0,2/4,1.27%,P62877;P63208
prerank,"SCF E3 ubiquitin ligase complex, FBXO28 variant",0.9831704917660868,1.1792471131555067,0.05916473317865429,0.3064238334869795,1.0,2/4,1.27%,P62877;P63208
prerank,"MiDAC histone deacetylase complex, HDAC1 variant",0.9864228318093655,1.1791939283583668,0.054317548746518104,0.30523393778516184,1.0,1/3,1.38%,Q13547
prerank,"SCF E3 ubiquitin ligase complex, FBXO10 variant",0.9831704917660868,1.1791666719641878,0.06516587677725119,0.30342514304262486,1.0,2/4,1.27%,P62877;P63208
prerank,"CoREST transcriptional corepressor complex, RCOR2-HDAC2 variant",0.9869654458829351,1.1790328309341367,0.049443757725587144,0.3040577582486599,1.0,2/4,1.36%,CHEBI:57692;Q92769
prerank,Chromatin assembly factor 1 complex,0.9894707675256303,1.1790157019946557,0.050340136054421766,0.3020079353818746,1.0,1/3,1.08%,Q09028
prerank,RNA polymerase I selectivity factor 1 complex,0.9975048516772942,1.1788613614164971,0.01675977653631285,0.30264977309361685,1.0,1/5,0.28%,P20226
prerank,"SCF E3 ubiquitin ligase complex, FBXL4 variant",0.9831704917660868,1.178788346262713,0.06602641056422569,0.30190121154470256,1.0,2/4,1.27%,P62877;P63208
prerank,USP12-WDR20 deubiquitinase complex,0.9926818336520301,1.178646706208123,0.043478260869565216,0.3028691100365102,1.0,1/4,0.03%,CHEBI:29105
prerank,"SCF E3 ubiquitin ligase complex, SKP2 variant",0.9831704917660868,1.178609586818023,0.05931198102016608,0.30126755131900196,1.0,2/4,1.27%,P62877;P63208
prerank,HBO1-4.1 histone acetyltransferase complex,0.9950060251293281,1.178554877633898,0.024444444444444446,0.30014472993024327,1.0,2/5,0.55%,CHEBI:29105;Q9HAF1
prerank,"SCF E3 ubiquitin ligase complex, FBXO27 variant",0.9831704917660868,1.1784634853369529,0.06443914081145585,0.2995916796020525,1.0,2/4,1.27%,P62877;P63208
prerank,"RAG guanosine triphosphatase complex, RAGB-RAGC variant",0.9869184519872776,1.1782969992433538,0.05752753977968176,0.30083486354436184,1.0,1/4,1.33%,CHEBI:37565
prerank,APPBP2-Elongin C-Elongin B E3 ubiquitin ligase complex,0.9989345716968373,1.178084938492624,0.005549389567147614,0.30312887859199034,1.0,1/5,0.11%,P62877
prerank,"CRL4-DCAF10 E3 ubiquitin ligase complex, CUL4B variant ",0.9750552370997873,1.1780110786061924,0.08649289099526067,0.3022840886668136,1.0,3/4,2.57%,P62877;Q16531;Q13620
prerank,BTR double Holliday Junction dissolution complex,0.9980587909040488,1.177940169167029,0.014038876889848811,0.3016330169530788,1.0,2/6,0.25%,CHEBI:29105;CHEBI:18420
prerank,"CoREST transcriptional corepressor complex, RCOR2-HDAC1 variant",0.9866882840204074,1.1777961366407255,0.0583232077764277,0.30230062610896036,1.0,2/4,1.38%,CHEBI:57692;Q13547
prerank,"SCF E3 ubiquitin ligase complex, FBXL5 variant",0.9831704917660868,1.1776173647604111,0.07261904761904762,0.30369155220459165,1.0,2/4,1.27%,P62877;P63208
prerank,"SCF E3 ubiquitin ligase complex, FBXO43 variant",0.9831704917660868,1.1776076577665984,0.05812574139976275,0.301797061866902,1.0,2/4,1.27%,P62877;P63208
prerank,"SCF E3 ubiquitin ligase complex, FBXW9 variant",0.9831704917660868,1.1775304799549362,0.06532066508313539,0.3012481230601855,1.0,2/4,1.27%,P62877;P63208
prerank,"RAG guanosine triphosphatase complex, RAGB-RAGD variant",0.9869184519872776,1.1773326698584599,0.05078597339782346,0.30293286524333823,1.0,1/4,1.33%,CHEBI:37565
prerank,"SCF E3 ubiquitin ligase complex, FBXL20 variant",0.9831704917660868,1.177226951685269,0.06039488966318235,0.30296559862134054,1.0,2/4,1.27%,P62877;P63208
prerank,"SCF E3 ubiquitin ligase complex, FBXO22 variant",0.9831704917660868,1.1771487397049833,0.06674473067915691,0.3020802456106915,1.0,2/4,1.27%,P62877;P63208
prerank,"SCF E3 ubiquitin ligase complex, FBXW5 variant",0.9831704917660868,1.1771299998462292,0.0665083135391924,0.3004888452782786,1.0,2/4,1.27%,P62877;P63208
prerank,"SCF E3 ubiquitin ligase complex, FBXL14 variant",0.9831704917660868,1.1770790820510306,0.06801909307875895,0.2994888257481746,1.0,2/4,1.27%,P62877;P63208
prerank,Calprotectin heterotetramer,0.9929946111956751,1.1769786360043335,0.03650442477876106,0.29749959683807237,1.0,3/5,0.53%,CHEBI:29105;CHEBI:29108;CHEBI:29035
prerank,Calprotectin heterodimer,0.9929946111956751,1.1769786360043335,0.03650442477876106,0.29749959683807237,1.0,3/5,0.53%,CHEBI:29105;CHEBI:29108;CHEBI:29035
prerank,BRCA1-B complex,0.9891906873614189,1.176805625454889,0.05103280680437424,0.2987967976158598,1.0,2/4,1.14%,CHEBI:49883;CPX-715
prerank,"CRL4-DCAF4 E3 ubiquitin ligase complex, CUL4B variant ",0.9750552370997873,1.1766710337439765,0.08705882352941176,0.2993131225069551,1.0,3/4,2.57%,P62877;Q16531;Q13620
prerank,"SCF E3 ubiquitin ligase complex, FBXO11 variant",0.9831704917660868,1.176664630519815,0.06982248520710059,0.2975033175178984,1.0,2/4,1.27%,P62877;P63208
prerank,"CRL4-DCAF5 E3 ubiquitin ligase complex, CUL4B variant ",0.9750552370997873,1.176639834459805,0.08530805687203792,0.2960045304253819,1.0,3/4,2.57%,P62877;Q16531;Q13620
prerank,"SCF E3 ubiquitin ligase complex, FBXW10 variant",0.9831704917660868,1.1765404726946889,0.05819477434679335,0.29587428169996055,1.0,2/4,1.27%,P62877;P63208
prerank,"SCF E3 ubiquitin ligase complex, LMO7 variant",0.9831704917660868,1.1765347802059611,0.060714285714285714,0.294099581337316,1.0,2/4,1.27%,P62877;P63208
prerank,"SCF E3 ubiquitin ligase complex, FBXO15 variant",0.9831704917660868,1.176453006828357,0.06390532544378698,0.2938548761816677,1.0,2/4,1.27%,P62877;P63208
prerank,"SCF E3 ubiquitin ligase complex, FBXL7 variant",0.9831704917660868,1.176446908225409,0.06330597889800703,0.29218145477830937,1.0,2/4,1.27%,P62877;P63208
prerank,"SCF E3 ubiquitin ligase complex, FBXO7 variant",0.9831704917660868,1.176202453407383,0.05635491606714628,0.29461124620732876,1.0,2/4,1.27%,P62877;P63208
prerank,"SCF E3 ubiquitin ligase complex, FBXL2 variant",0.9831704917660868,1.176076339984795,0.06129807692307692,0.2950486009160268,1.0,2/4,1.27%,P62877;P63208
prerank,SHOC2-MRAS-PPP1CA complex,0.9870743825542203,1.1760033461290087,0.05174353205849269,0.2946661332889014,1.0,2/5,1.33%,CHEBI:29035;CHEBI:37565
prerank,"SCF E3 ubiquitin ligase complex, FBXW2 variant",0.9831704917660868,1.1759341871727225,0.05938242280285035,0.2940532243887368,1.0,2/4,1.27%,P62877;P63208
prerank,SHOC2-MRAS-PPP1CC complex,0.987125598340298,1.1759253127742098,0.05704697986577181,0.2924741480657512,1.0,2/5,1.33%,CHEBI:29035;CHEBI:37565
prerank,DNA polymerase delta complex,0.9979968193616542,1.1759071025504628,0.005549389567147614,0.29103644724545263,1.0,1/5,0.22%,CHEBI:49883
prerank,"SCF E3 ubiquitin ligase complex, FBXO9 variant",0.9831704917660868,1.1759021900339293,0.06588235294117648,0.28939771028369843,1.0,2/4,1.27%,P62877;P63208
prerank,"SCF E3 ubiquitin ligase complex, FBXL16 variant",0.9831704917660868,1.1757969809315048,0.07244655581947744,0.28968453326447563,1.0,2/4,1.27%,P62877;P63208
prerank,"SCF E3 ubiquitin ligase complex, FBXO3 variant",0.9831704917660868,1.1755648827310319,0.06443914081145585,0.29190116385602316,1.0,2/4,1.27%,P62877;P63208
prerank,"SCF E3 ubiquitin ligase complex, FBXW11 variant",0.9831704917660868,1.1755025265303534,0.06168446026097272,0.29128790258223886,1.0,2/4,1.27%,P62877;P63208
prerank,"SCF E3 ubiquitin ligase complex, FBH1 variant",0.9831704917660868,1.1755022998524889,0.06390532544378698,0.28960415748060747,1.0,2/4,1.27%,P62877;P63208
prerank,"CoREST transcriptional corepressor complex, RCOR1-HDAC2 variant",0.9869654458829351,1.1754697182698848,0.057001239157372985,0.2884007085881307,1.0,2/4,1.36%,CHEBI:57692;Q92769
prerank,"SCF E3 ubiquitin ligase complex, FBXW4 variant",0.9831704917660868,1.1754673136933993,0.06904761904761905,0.2867960580796987,1.0,2/4,1.27%,P62877;P63208
prerank,"CRL4-DCAF7 E3 ubiquitin ligase complex, CUL4B variant ",0.9750552370997873,1.1754120623708662,0.08584686774941995,0.28615184276431527,1.0,3/4,2.57%,P62877;Q16531;Q13620
prerank,"CRL4-DCAF12 E3 ubiquitin ligase complex, CUL4B variant ",0.9750552370997873,1.1750986462038893,0.08826945412311266,0.2895440917099997,1.0,3/4,2.57%,P62877;Q16531;Q13620
prerank,"CRL4-AMBRA1 E3 ubiquitin ligase complex, CUL4B variant ",0.9750552370997873,1.1749943576842896,0.08538011695906433,0.28967715485289885,1.0,3/4,2.57%,P62877;Q16531;Q13620
prerank,"SCF E3 ubiquitin ligase complex, FBXO5 variant",0.9831704917660868,1.1749737776599705,0.0665083135391924,0.28842214455184684,1.0,2/4,1.27%,P62877;P63208
prerank,"SCF E3 ubiquitin ligase complex, FBXO47 variant",0.9831704917660868,1.1749537362147937,0.06521739130434782,0.2871690361595167,1.0,2/4,1.27%,P62877;P63208
prerank,Mitochondrial isocitrate dehydrogenase complex (NAD+),0.9819844789356984,1.1749304326132695,0.06650544135429262,0.28598366679165815,1.0,1/4,1.83%,CHEBI:60240
prerank,SHOC2-KRAS-PPP1CA complex,0.9870829181542058,1.1749066272126139,0.05186020293122886,0.2847755925207186,1.0,2/5,1.33%,CHEBI:29035;CHEBI:37565
prerank,HBO1-4.2 histone acetyltransferase complex,0.9950060251293281,1.1747825601473911,0.025755879059350503,0.2852035177139692,1.0,2/5,0.55%,CHEBI:29105;Q9HAF1
prerank,"CoREST transcriptional corepressor complex, RCOR3-HDAC2 variant",0.9869654458829351,1.1746534530792467,0.049079754601226995,0.28573281922734406,1.0,2/4,1.36%,CHEBI:57692;Q92769
prerank,Mitochondrial RNase Z complex,0.9953736349693321,1.1746499627013816,0.020879120879120878,0.28424104478095136,1.0,1/5,0.03%,CHEBI:29105
prerank,"SCF E3 ubiquitin ligase complex, FBXL3 variant",0.9831704917660868,1.174637056268194,0.06035502958579882,0.28287019851833367,1.0,2/4,1.27%,P62877;P63208
prerank,"SCF E3 ubiquitin ligase complex, FBXO36 variant",0.9831704917660868,1.1745770329455987,0.06375442739079103,0.2823486273297278,1.0,2/4,1.27%,P62877;P63208
prerank,"SCF E3 ubiquitin ligase complex, FBXO38 variant",0.9831704917660868,1.1745208253113535,0.07517899761336516,0.2817461282934416,1.0,2/4,1.27%,P62877;P63208
prerank,Histone pre-RNA core cleavage complex,0.9890402404105434,1.1744181412764396,0.05084745762711865,0.2819069714909895,1.0,1/5,0.03%,CHEBI:29105
prerank,"SCF E3 ubiquitin ligase complex, FBXO44 variant",0.9831704917660868,1.1743628008311389,0.06785714285714285,0.28131884346747893,1.0,2/4,1.27%,P62877;P63208
prerank,"SCF E3 ubiquitin ligase complex, FBXW12 variant",0.9831704917660868,1.1742808378328724,0.06205250596658711,0.28105464849604844,1.0,2/4,1.27%,P62877;P63208
prerank,CRD-mediated mRNA stability complex,0.9972268441486412,1.1741465751388478,0.007518796992481203,0.2817923691875783,1.0,2/6,0.33%,CHEBI:33699;O60506
prerank,"SCF E3 ubiquitin ligase complex, FBXO4 variant",0.9831704917660868,1.1741408988276303,0.06420927467300833,0.28044461997065573,1.0,2/4,1.27%,P62877;P63208
prerank,"SCF E3 ubiquitin ligase complex, FBXL17 variant",0.9831704917660868,1.1741132020253846,0.06038647342995169,0.2794627332534582,1.0,2/4,1.27%,P62877;P63208
prerank,"SCF E3 ubiquitin ligase complex, FBXL19 variant",0.9831704917660868,1.1740676761583964,0.06506024096385542,0.27864654526387367,1.0,2/4,1.27%,P62877;P63208
prerank,"SCF E3 ubiquitin ligase complex, FBXO32 variant",0.9831704917660868,1.1740272943779357,0.06257521058965103,0.2777944474163838,1.0,2/4,1.27%,P62877;P63208
prerank,"CRL4-CRBN E3 ubiquitin ligase complex, CUL4B variant ",0.9750552370997873,1.1739379818366757,0.09349112426035502,0.27769373228648425,1.0,3/4,2.57%,P62877;Q16531;Q13620
prerank,SHOC2-MRAS-PPP1CB complex,0.987125598340298,1.17388862182223,0.04820627802690583,0.2770794848825879,1.0,2/5,1.33%,CHEBI:29035;CHEBI:37565
prerank,"CRL4-DCAF13 E3 ubiquitin ligase complex, CUL4B variant ",0.9753325942350334,1.1738618085629906,0.09518072289156626,0.2760574825419376,1.0,4/4,2.57%,Q9NV06;P62877;Q16531;Q13620
prerank,"SCF E3 ubiquitin ligase complex, FBXL22 variant",0.9831704917660868,1.1738399209535841,0.05608591885441527,0.2749915082988901,1.0,2/4,1.27%,P62877;P63208
prerank,"SCF E3 ubiquitin ligase complex, FBXO31 variant",0.9831704917660868,1.1736349549332983,0.07125890736342043,0.2768155923447523,1.0,2/4,1.27%,P62877;P63208
prerank,"SCF E3 ubiquitin ligase complex, FBXO46 variant",0.9831704917660868,1.1736297500733373,0.06197854588796186,0.27556325994380637,1.0,2/4,1.27%,P62877;P63208
prerank,"CRL4-DCAF8 E3 ubiquitin ligase complex, CUL4B variant ",0.9750552370997873,1.1735379661851688,0.09415971394517282,0.27559397301886074,1.0,3/4,2.57%,P62877;Q16531;Q13620
prerank,"CRL4-ERCC8 E3 ubiquitin ligase complex, CUL4B variant",0.9750552370997873,1.1735164282403896,0.09647058823529411,0.2745564852709669,1.0,3/4,2.57%,P62877;Q16531;Q13620
prerank,"SCF E3 ubiquitin ligase complex, TSPAN17 variant",0.9831704917660868,1.1733462356906097,0.060714285714285714,0.2757761016441863,1.0,2/4,1.27%,P62877;P63208
prerank,"RAG guanosine triphosphatase complex, RAGA-RAGC variant",0.9869184519872776,1.1732525340734623,0.06107784431137724,0.2760105269580826,1.0,1/4,1.33%,CHEBI:37565
prerank,"CRL4-DCAF16 E3 ubiquitin ligase complex, CUL4B variant ",0.9750552370997873,1.1732523459039732,0.0963572267920094,0.2746771427698793,1.0,3/4,2.57%,P62877;Q16531;Q13620
prerank,"SCF E3 ubiquitin ligase complex, CCNF variant",0.9831704917660868,1.1732414926491754,0.055952380952380955,0.27348684863589867,1.0,2/4,1.27%,P62877;P63208
prerank,HBO1-4.3 histone acetyltransferase complex,0.9950060251293281,1.1732401502397676,0.0281214848143982,0.27219904244177623,1.0,2/5,0.55%,CHEBI:29105;Q9HAF1
prerank,"SCF E3 ubiquitin ligase complex, FBXO21 variant",0.9831704917660868,1.1730969166931258,0.06521739130434782,0.27292086061960513,1.0,2/4,1.27%,P62877;P63208
prerank,"CRL4-DCAF1 E3 ubiquitin ligase complex, CUL4B variant ",0.9750552370997873,1.1730737383327479,0.0912280701754386,0.27200237413170925,1.0,3/4,2.57%,P62877;Q16531;Q13620
prerank,"CoREST transcriptional corepressor complex, RCOR1-HDAC1 variant",0.9866882840204074,1.1730604527168615,0.06455542021924482,0.2709136170066111,1.0,2/4,1.38%,CHEBI:57692;Q13547
prerank,"SCF E3 ubiquitin ligase complex, FBXW7 variant",0.9831704917660868,1.1730103122279647,0.06537530266343826,0.2702014509022064,1.0,2/4,1.27%,P62877;P63208
prerank,"CRL4-DCAF11 E3 ubiquitin ligase complex, CUL4B variant ",0.9750552370997873,1.1729682049089196,0.08452380952380953,0.2694503585621199,1.0,3/4,2.57%,P62877;Q16531;Q13620
prerank,"SCF E3 ubiquitin ligase complex, FBXL15 variant",0.9831704917660868,1.1728962719302687,0.07177033492822966,0.26923556961211814,1.0,2/4,1.27%,P62877;P63208
prerank,"SCF E3 ubiquitin ligase complex, FBXO25 variant",0.9831704917660868,1.1728936339718266,0.06347305389221557,0.26802423303804596,1.0,2/4,1.27%,P62877;P63208
prerank,"SCF E3 ubiquitin ligase complex, FBXO30 variant",0.9831704917660868,1.1726278900263882,0.07108433734939759,0.27022541583077625,1.0,2/4,1.27%,P62877;P63208
prerank,"SCF E3 ubiquitin ligase complex, KDM2B variant",0.9818002484230681,1.1726176240811659,0.07032181168057211,0.26915986047404183,1.0,3/4,1.47%,P62877;P63208;Q8NHM5
prerank,"SCF E3 ubiquitin ligase complex, FBXO6 variant",0.9831704917660868,1.1725248449637913,0.0729665071770335,0.2693561418994115,1.0,2/4,1.27%,P62877;P63208
prerank,"SCF E3 ubiquitin ligase complex, FBXO17 variant",0.9831704917660868,1.172488787648958,0.06609547123623011,0.2686540089030691,1.0,2/4,1.27%,P62877;P63208
prerank,SHOC2-NRAS-PPP1CA complex,0.9870829181542058,1.1723601246401605,0.05647840531561462,0.26898812185409654,1.0,2/5,1.33%,CHEBI:29035;CHEBI:37565
prerank,"SCF E3 ubiquitin ligase complex, KDM2A variant",0.9831704917660868,1.1722332437043346,0.06729634002361275,0.2694510429764393,1.0,2/4,1.27%,P62877;P63208
prerank,CSL-NOTCH1-MAML transcriptional activation complex,-0.6206705458575783,-1.1721722042040235,0.21223021582733814,0.3663924169455326,1.0,3/3,100.00%,Q92585;Q06330;P46531
prerank,"SCF E3 ubiquitin ligase complex, FBXO42 variant",0.9831704917660868,1.1721476141559128,0.07345971563981042,0.26939462452502067,1.0,2/4,1.27%,P62877;P63208
prerank,"SCF E3 ubiquitin ligase complex, FBXL18 variant",0.9831704917660868,1.1720391836104467,0.06572769953051644,0.2696725707812454,1.0,2/4,1.27%,P62877;P63208
prerank,Pyruvate dehydrogenase E1 heterotetramer,0.9839246119733926,1.171783490468055,0.06611570247933884,0.2718266998319472,1.0,4/4,1.72%,CHEBI:18420;CHEBI:58937;P11177;P08559
prerank,"SCF E3 ubiquitin ligase complex, FBXL8 variant",0.9831704917660868,1.1717779528694237,0.06987951807228916,0.27070545449982925,1.0,2/4,1.27%,P62877;P63208
prerank,DUOX2-DUOXA2 dual oxidase complex,0.9927917937344051,1.171690115608462,0.03650442477876106,0.2705251386888528,1.0,3/5,0.80%,CHEBI:29108;CHEBI:57692;CHEBI:30413
prerank,HBO1-5.1 histone acetyltransferase complex,0.9913273671582632,1.1715946501490697,0.047830923248053395,0.2706744083569607,1.0,2/5,0.55%,CHEBI:29105;Q9HAF1
prerank,"CRL4-DCAF9 E3 ubiquitin ligase complex, CUL4B variant ",0.9750552370997873,1.1714405733706195,0.09058402860548272,0.2713003992075468,1.0,3/4,2.57%,P62877;Q16531;Q13620
prerank,"TREX-2 transcription-export complex, CETN3 variant",0.9933283312897078,1.1711804369410719,0.025583982202447165,0.2735090057025526,1.0,2/5,0.72%,Q9NPA8;P60896
prerank,"SCF E3 ubiquitin ligase complex, FBXL13 variant",0.9806373424414577,1.171136678038813,0.07720144752714113,0.27279417819564816,1.0,3/4,1.58%,P62877;P63208;Q8NEE6
prerank,"SCF E3 ubiquitin ligase complex, FBXO41 variant",0.9831704917660868,1.171121372037278,0.06924882629107981,0.27181922508356043,1.0,2/4,1.27%,P62877;P63208
prerank,"SCF E3 ubiquitin ligase complex, FBXL6 variant",0.9831704917660868,1.171120984694953,0.06954436450839328,0.2706619223022239,1.0,2/4,1.27%,P62877;P63208
prerank,"CRL4-DCAF14 E3 ubiquitin ligase complex, CUL4B variant ",0.9750552370997873,1.170841844776261,0.0976470588235294,0.27311804247417826,1.0,3/4,2.57%,P62877;Q16531;Q13620
prerank,DUOX1-DUOXA1 dual oxidase complex,0.9927917937344051,1.1708304938824683,0.03756906077348066,0.2720942004018724,1.0,3/5,0.80%,CHEBI:29108;CHEBI:57692;CHEBI:30413
prerank,"SCF E3 ubiquitin ligase complex, FBXO8 variant",0.9831704917660868,1.1708205303790193,0.07345971563981042,0.27103310959644716,1.0,2/4,1.27%,P62877;P63208
prerank,"SCF E3 ubiquitin ligase complex, FBXL21 variant",0.9831704917660868,1.1708128965181235,0.0590318772136954,0.26999011946040175,1.0,2/4,1.27%,P62877;P63208
prerank,"SCF E3 ubiquitin ligase complex, FBXO34 variant",0.9831704917660868,1.170783056175116,0.06498194945848375,0.2692291305480398,1.0,2/4,1.27%,P62877;P63208
prerank,"CRL4-DCAF17 E3 ubiquitin ligase complex, CUL4B variant ",0.9750552370997873,1.170635577993943,0.08833922261484099,0.27015695363270315,1.0,3/4,2.57%,P62877;Q16531;Q13620
prerank,"Polycomb repressive complex 1, RING1-PCGF2-CBX8-PHC2 variant",0.9797125083641577,1.1704960686701098,0.0757396449704142,0.2711312367841315,1.0,1/4,1.97%,Q06587
prerank,"CoREST transcriptional corepressor complex, RCOR3-HDAC1 variant",0.9866882840204074,1.170475902515081,0.05766871165644172,0.27032101877309916,1.0,2/4,1.38%,CHEBI:57692;Q13547
prerank,"CRL4-DCAF6 E3 ubiquitin ligase complex, CUL4B variant ",0.9750552370997873,1.1703287479436724,0.09727164887307237,0.2710626384648288,1.0,3/4,2.57%,P62877;Q16531;Q13620
prerank,"Polycomb repressive complex 1, RING1-PCGF2-CBX8-PHC1 variant",0.9797125083641577,1.1702093930711306,0.08204518430439953,0.2715216193607553,1.0,1/4,1.97%,Q06587
prerank,R2T co-chaperone complex,0.9803269603768356,1.170129057332178,0.08583106267029973,0.2714882223937299,1.0,2/3,2.02%,Q9Y230;Q9Y265
prerank,"Calcineurin-Calmodulin complex, beta-R1 variant",0.9872064733857484,1.1701214182652164,0.051054384017758046,0.2704907029672326,1.0,2/5,0.39%,CHEBI:29105;CHEBI:29108
prerank,mCRD-poly(A)-bridging complex,0.9969503742722484,1.1700384488858313,0.016930022573363433,0.27041330391342155,1.0,1/5,0.33%,O60506
prerank,"Polycomb repressive complex 1, RING1-PCGF4-CBX8-PHC1 variant",0.9797125083641577,1.1699776133101558,0.08716136631330977,0.2701785632058813,1.0,1/4,1.97%,Q06587
prerank,"CRL4-DDB2 E3 ubiquitin ligase complex, CUL4B variant ",0.9750552370997873,1.1698019300557125,0.09688995215311005,0.27130488403025554,1.0,3/4,2.57%,P62877;Q16531;Q13620
prerank,"Calcineurin-Calmodulin complex, gamma-R1 variant",0.9872064733857484,1.1695717914527421,0.05561735261401557,0.27308813116511554,1.0,2/5,0.39%,CHEBI:29105;CHEBI:29108
prerank,"SCF E3 ubiquitin ligase complex, FBXO40 variant",0.9831704917660868,1.1694171894106677,0.06850961538461539,0.27398570615597123,1.0,2/4,1.27%,P62877;P63208
prerank,"SCF E3 ubiquitin ligase complex, FBXO16 variant",0.9831704917660868,1.1692893019858324,0.066746126340882,0.27444863906286965,1.0,2/4,1.27%,P62877;P63208
prerank,"Polycomb repressive complex 1, RING2-PCGF2-CBX8-PHC1 variant",0.9799911112989019,1.1692508768485312,0.08799048751486326,0.2737767489715861,1.0,1/4,1.94%,Q99496
prerank,R2SD co-chaperone complex,0.98030218759779,1.169011939993006,0.09723889555822329,0.2758733158884124,1.0,2/4,2.02%,Q9Y230;Q9Y265
prerank,"RAG guanosine triphosphatase complex, RAGA-RAGD variant",0.9869184519872776,1.1690059133223998,0.0535279805352798,0.2748597408446521,1.0,1/4,1.33%,CHEBI:37565
prerank,"CRL4-CDT2 E3 ubiquitin ligase complex, CUL4B variant ",0.9750552370997873,1.1687569293545512,0.10225921521997622,0.27703762540335736,1.0,3/4,2.57%,P62877;Q16531;Q13620
prerank,"CRL4-CRBN E3 ubiquitin ligase complex, CUL4A variant ",0.9753323989623149,1.1687373916566102,0.09360189573459715,0.27619253685451717,1.0,3/4,2.55%,P62877;Q16531;Q13619
prerank,SLX1-SLX4 structure-specific endonuclease complex,0.9800498753117207,1.168452306932274,0.09308510638297872,0.2787362758036961,1.0,2/3,2.05%,CHEBI:29105;Q8IY92
prerank,AP-4 Adaptor complex,-0.5659645232815964,-1.1683308732900173,0.20212765957446807,0.3674278032933246,1.0,4/4,100.00%,Q9Y587;Q9UPM8;O00189;Q9Y6B7
prerank,"CRL4-DCAF13 E3 ubiquitin ligase complex, CUL4A variant ",0.9756097560975611,1.1682064279086724,0.0950661853188929,0.28095362835918536,1.0,4/4,2.55%,Q9NV06;P62877;Q16531;Q13619
prerank,"Polycomb repressive complex 1, RING2-PCGF2-CBX7-PHC1 variant",0.9799911112989019,1.1681495426327286,0.08844339622641509,0.28053004865718106,1.0,1/4,1.94%,Q99496
prerank,"Polycomb repressive complex 1, RING2-PCGF2-CBX8-PHC3 variant",0.9799911112989019,1.1680390921511405,0.07990314769975787,0.280826728125058,1.0,1/4,1.94%,Q99496
prerank,"Calcineurin-Calmodulin complex, beta-R2 variant",0.9872064733857484,1.1680254739265516,0.05537098560354374,0.27992932708316615,1.0,2/5,0.39%,CHEBI:29105;CHEBI:29108
prerank,HBO1-5.2 histone acetyltransferase complex,0.9913273671582632,1.1679721309506768,0.04586129753914989,0.2795806956889452,1.0,2/5,0.55%,CHEBI:29105;Q9HAF1
prerank,"CRL4-DCAF4 E3 ubiquitin ligase complex, CUL4A variant ",0.9753323989623149,1.167799578998806,0.09101796407185629,0.2806317544838434,1.0,3/4,2.55%,P62877;Q16531;Q13619
prerank,"Polycomb repressive complex 1, RING1-PCGF2-CBX8-PHC3 variant",0.9797125083641577,1.1677975035242096,0.07526881720430108,0.2795892826584515,1.0,1/4,1.97%,Q06587
prerank,"Polycomb repressive complex 1, RING1-PCGF4-CBX8-PHC3 variant",0.9797125083641577,1.1674955261842965,0.08568075117370892,0.282370608112871,1.0,1/4,1.97%,Q06587
prerank,"Polycomb repressive complex 1, RING2-PCGF4-CBX7-PHC1 variant",0.9799911112989019,1.1674791721918627,0.08649289099526067,0.2814638985470741,1.0,1/4,1.94%,Q99496
prerank,DNA polymerase epsilon complex,0.9958414194621568,1.1674146478964165,0.026166097838452786,0.2811931754573949,1.0,2/5,0.47%,CHEBI:49883;Q9NRF9
prerank,"Polycomb repressive complex 1, RING2-PCGF2-CBX8-PHC2 variant",0.9799911112989019,1.1673958339715766,0.07913669064748201,0.2804189509933494,1.0,1/4,1.94%,Q99496
prerank,ALYREF-binding exon junction complex,0.9889104518990851,1.1673888579943332,0.0446927374301676,0.2794732007085631,1.0,5/5,1.25%,CHEBI:33699;Q9Y5S9;P38919;P61326;Q86V81
prerank,"Polycomb repressive complex 1, RING2-PCGF2-CBX7-PHC3 variant",0.9799911112989019,1.1669616373441691,0.0803357314148681,0.28351609893866686,1.0,1/4,1.94%,Q99496
prerank,"Polycomb repressive complex 1, RING2-PCGF4-CBX8-PHC1 variant",0.9799911112989019,1.1669240922476871,0.0950661853188929,0.28286185567533406,1.0,1/4,1.94%,Q99496
prerank,"Polycomb repressive complex 1, RING1-PCGF2-CBX7-PHC1 variant",0.9797125083641577,1.1669045239073141,0.08383233532934131,0.2820251421041743,1.0,1/4,1.97%,Q06587
prerank,"Polycomb repressive complex 1, RING1-PCGF2-CBX2-PHC2 variant",0.9797125083641577,1.166880502176963,0.08711217183770883,0.28126999028740207,1.0,1/4,1.97%,Q06587
prerank,"Polycomb repressive complex 1, RING2-PCGF2-CBX4-PHC1 variant",0.9799911112989019,1.1668622193284517,0.09389671361502347,0.28042541576715424,1.0,1/4,1.94%,Q99496
prerank,SOSS2 complex,0.9716070471727576,1.1668465763874274,0.10638297872340426,0.27957910114511864,1.0,1/3,2.85%,Q68E01
prerank,"CRL4-DCAF7 E3 ubiquitin ligase complex, CUL4A variant ",0.9753323989623149,1.16675485280134,0.08274231678486997,0.27967353361029407,1.0,3/4,2.55%,P62877;Q16531;Q13619
prerank,"CRL4-DCAF10 E3 ubiquitin ligase complex, CUL4A variant ",0.9753323989623149,1.1666813003379655,0.0899149453219927,0.27961859882441803,1.0,3/4,2.55%,P62877;Q16531;Q13619
prerank,"Polycomb repressive complex 1, RING2-PCGF2-CBX2-PHC3 variant",0.9799911112989019,1.1666107367598129,0.0889423076923077,0.27947049046007405,1.0,1/4,1.94%,Q99496
prerank,"CRL4-ERCC8 E3 ubiquitin ligase complex, CUL4A variant ",0.9753323989623149,1.1665716942922266,0.09692671394799054,0.2789854726542607,1.0,3/4,2.55%,P62877;Q16531;Q13619
prerank,"Polycomb repressive complex 1, RING2-PCGF4-CBX8-PHC3 variant",0.9799911112989019,1.166545108264305,0.08872901678657075,0.2782755390026014,1.0,1/4,1.94%,Q99496
prerank,"CRL4-AMBRA1 E3 ubiquitin ligase complex, CUL4A variant ",0.9753323989623149,1.1664644835642783,0.08736717827626919,0.27818779051064146,1.0,3/4,2.55%,P62877;Q16531;Q13619
prerank,"Polycomb repressive complex 1, RING1-PCGF4-CBX8-PHC2 variant",0.9797125083641577,1.1663859201496194,0.08333333333333333,0.2782198097172003,1.0,1/4,1.97%,Q06587
prerank,"Polycomb repressive complex 1, RING2-PCGF2-CBX2-PHC2 variant",0.9799911112989019,1.1663313309143224,0.08721624850657109,0.27791840846682714,1.0,1/4,1.94%,Q99496
prerank,"Polycomb repressive complex 1, RING2-PCGF4-CBX7-PHC3 variant",0.9799911112989019,1.166192453535643,0.07801418439716312,0.2786838866125316,1.0,1/4,1.94%,Q99496
prerank,"Polycomb repressive complex 1, RING2-PCGF4-CBX4-PHC1 variant",0.9799911112989019,1.1661036732868821,0.0989399293286219,0.2787594633926741,1.0,1/4,1.94%,Q99496
prerank,"Calcineurin-Calmodulin complex, alpha-R1 variant",0.9872064733857484,1.1659566990976313,0.05817782656421515,0.2795242270831858,1.0,2/5,0.39%,CHEBI:29105;CHEBI:29108
prerank,"CRL4-DCAF12 E3 ubiquitin ligase complex, CUL4A variant ",0.9753323989623149,1.165947001388915,0.08823529411764706,0.2786371332113621,1.0,3/4,2.55%,P62877;Q16531;Q13619
prerank,"Calcineurin-Calmodulin complex, gamma-R2 variant",0.9872064733857484,1.165926633383379,0.061247216035634745,0.27790673284088097,1.0,2/5,0.39%,CHEBI:29105;CHEBI:29108
prerank,"Polycomb repressive complex 1, RING1-PCGF4-CBX7-PHC1 variant",0.9797125083641577,1.1658116453286114,0.08591885441527446,0.2783102293357284,1.0,1/4,1.97%,Q06587
prerank,"CRL4-DCAF5 E3 ubiquitin ligase complex, CUL4A variant ",0.9753323989623149,1.1656693406105327,0.09330143540669857,0.27908468051546526,1.0,3/4,2.55%,P62877;Q16531;Q13619
prerank,HBO1-5.3 histone acetyltransferase complex,0.9913273671582632,1.1656421161589003,0.0518018018018018,0.2784124155162296,1.0,2/5,0.55%,CHEBI:29105;Q9HAF1
prerank,"Polycomb repressive complex 1, RING2-PCGF2-CBX7-PHC2 variant",0.9799911112989019,1.1656098883939219,0.07985697258641239,0.2778858025499027,1.0,1/4,1.94%,Q99496
prerank,"Polycomb repressive complex 1, RING1-PCGF2-CBX7-PHC2 variant",0.9797125083641577,1.1655598031462975,0.07628128724672228,0.2775329431592487,1.0,1/4,1.97%,Q06587
prerank,"CRL4-DCAF1 E3 ubiquitin ligase complex, CUL4A variant ",0.9753323989623149,1.1655041521762481,0.08994082840236686,0.2772488416327808,1.0,3/4,2.55%,P62877;Q16531;Q13619
prerank,"Polycomb repressive complex 1, RING1-PCGF2-CBX7-PHC3 variant",0.9797125083641577,1.1651826395468008,0.07628128724672228,0.2801300050737524,1.0,1/4,1.97%,Q06587
prerank,SOSS1 complex,0.9716070471727576,1.165083651852595,0.09716599190283401,0.2803004129870278,1.0,1/3,2.85%,Q68E01
prerank,"Polycomb repressive complex 1, RING2-PCGF2-CBX2-PHC1 variant",0.9799911112989019,1.165050242876485,0.0995260663507109,0.27974711436155014,1.0,1/4,1.94%,Q99496
prerank,"CRL4-DCAF8 E3 ubiquitin ligase complex, CUL4A variant ",0.9753323989623149,1.1650342684026294,0.0971563981042654,0.2789974918396523,1.0,3/4,2.55%,P62877;Q16531;Q13619
prerank,"Polycomb repressive complex 1, RING1-PCGF4-CBX7-PHC3 variant",0.9797125083641577,1.164847239698843,0.0812720848056537,0.28026469079422983,1.0,1/4,1.97%,Q06587
prerank,"Polycomb repressive complex 1, RING2-PCGF2-CBX4-PHC3 variant",0.9799911112989019,1.164760206201294,0.08674698795180723,0.28023728671669956,1.0,1/4,1.94%,Q99496
prerank,"Polycomb repressive complex 1, RING1-PCGF2-CBX2-PHC3 variant",0.9797125083641577,1.164664943836914,0.08763505402160865,0.28037930196943733,1.0,1/4,1.97%,Q06587
prerank,"Polycomb repressive complex 1, RING2-PCGF2-CBX4-PHC2 variant",0.9799911112989019,1.1646433033733161,0.08680142687277051,0.27972005887916007,1.0,1/4,1.94%,Q99496
prerank,"Serine palmitoyltransferase complex, SPTLC1-SPTLC2-SPTSSB variant",0.9790562800238795,1.1642209902380412,0.07776427703523693,0.2836938373267817,1.0,1/4,2.10%,CHEBI:597326
prerank,"CRL4-DCAF9 E3 ubiquitin ligase complex, CUL4A variant ",0.9753323989623149,1.1641619839860864,0.08907363420427554,0.2835057728943251,1.0,3/4,2.55%,P62877;Q16531;Q13619
prerank,"Polycomb repressive complex 1, RING1-PCGF4-CBX2-PHC3 variant",0.9797125083641577,1.1640918352811627,0.08680555555555555,0.28342910230732177,1.0,1/4,1.97%,Q06587
prerank,"Polycomb repressive complex 1, RING1-PCGF2-CBX2-PHC1 variant",0.9797125083641577,1.1638722091580582,0.098676293622142,0.28502827799246927,1.0,1/4,1.97%,Q06587
prerank,"Serine palmitoyltransferase complex, SPTLC1-SPTLC2-SPTSSA variant",0.9790562800238795,1.1637984642152626,0.07711138310893513,0.2850036342860297,1.0,1/4,2.10%,CHEBI:597326
prerank,"Polycomb repressive complex 1, RING1-PCGF2-CBX4-PHC2 variant",0.9797125083641577,1.1636937670161112,0.08561236623067776,0.2852852997948873,1.0,1/4,1.97%,Q06587
prerank,"Polycomb repressive complex 1, RING1-PCGF4-CBX2-PHC1 variant",0.9797125083641577,1.1634219908879664,0.09601873536299765,0.2873469867767194,1.0,1/4,1.97%,Q06587
prerank,"CRL4-DCAF11 E3 ubiquitin ligase complex, CUL4A variant ",0.9753323989623149,1.163408892769748,0.08653846153846154,0.2865494223841971,1.0,3/4,2.55%,P62877;Q16531;Q13619
prerank,"CRL4-DCAF14 E3 ubiquitin ligase complex, CUL4A variant ",0.9753323989623149,1.1631164618355272,0.09507042253521127,0.2888551620739157,1.0,3/4,2.55%,P62877;Q16531;Q13619
prerank,"CRL4-DCAF16 E3 ubiquitin ligase complex, CUL4A variant ",0.9753323989623149,1.1630489751925197,0.0991636798088411,0.2886241125262919,1.0,3/4,2.55%,P62877;Q16531;Q13619
prerank,"Polycomb repressive complex 1, RING2-PCGF4-CBX4-PHC3 variant",0.9799911112989019,1.1629217950932929,0.09307875894988067,0.2891944329349264,1.0,1/4,1.94%,Q99496
prerank,"Polycomb repressive complex 1, RING1-PCGF2-CBX6-PHC2 variant",0.9797125083641577,1.1628648964681294,0.08095238095238096,0.28896377456002303,1.0,1/4,1.97%,Q06587
prerank,"Polycomb repressive complex 1, RING1-PCGF2-CBX4-PHC1 variant",0.9797125083641577,1.162763275542061,0.09654350417163289,0.28907865640212743,1.0,1/4,1.97%,Q06587
prerank,"Polycomb repressive complex 1, RING2-PCGF4-CBX7-PHC2 variant",0.9799911112989019,1.16261229389837,0.07764705882352942,0.28983762646365635,1.0,1/4,1.94%,Q99496
prerank,"Polycomb repressive complex 1, RING2-PCGF2-CBX6-PHC3 variant",0.9799911112989019,1.162218643204469,0.08353221957040573,0.2930022375779005,1.0,1/4,1.94%,Q99496
prerank,"Polycomb repressive complex 1, RING1-PCGF4-CBX7-PHC2 variant",0.9797125083641577,1.1621532733471436,0.07882352941176471,0.2928170390932924,1.0,1/4,1.97%,Q06587
prerank,R2SP co-chaperone complex,0.98030218759779,1.162062522486818,0.0970873786407767,0.29289122030834247,1.0,2/4,2.02%,Q9Y230;Q9Y265
prerank,"Polycomb repressive complex 1, RING2-PCGF4-CBX2-PHC3 variant",0.9799911112989019,1.1620376191398387,0.08886255924170616,0.2922570558599862,1.0,1/4,1.94%,Q99496
prerank,"Polycomb repressive complex 1, RING1-PCGF4-CBX2-PHC2 variant",0.9797125083641577,1.16193958187779,0.08624708624708624,0.292626270008687,1.0,1/4,1.97%,Q06587
prerank,"Polycomb repressive complex 1, RING2-PCGF4-CBX8-PHC2 variant",0.9799911112989019,1.1618381344168711,0.08795180722891566,0.2929023100324454,1.0,1/4,1.94%,Q99496
prerank,"XPC complex, RAD23A variant",0.9718841322378725,1.1618151786474264,0.10124826629680998,0.29227400132285364,1.0,1/3,2.82%,P41208
prerank,"Calcineurin-Calmodulin complex, alpha-R2 variant",0.9872064733857484,1.161678172715549,0.06695938529088913,0.2929575366787097,1.0,2/5,0.39%,CHEBI:29105;CHEBI:29108
prerank,"CRL4-DCAF6 E3 ubiquitin ligase complex, CUL4A variant ",0.9753323989623149,1.161503092385777,0.0967741935483871,0.29397702421280586,1.0,3/4,2.55%,P62877;Q16531;Q13619
prerank,"Polycomb repressive complex 1, RING1-PCGF4-CBX4-PHC1 variant",0.9797125083641577,1.1614535687266014,0.10235294117647059,0.2936670433282929,1.0,1/4,1.97%,Q06587
prerank,"Polycomb repressive complex 1, RING2-PCGF4-CBX2-PHC1 variant",0.9799911112989019,1.1611556002038743,0.09845788849347568,0.29604369595996,1.0,1/4,1.94%,Q99496
prerank,"Polycomb repressive complex 1, RING2-PCGF2-CBX6-PHC1 variant",0.9799911112989019,1.161120284083501,0.09523809523809523,0.29546495351671465,1.0,1/4,1.94%,Q99496
prerank,"CRL4-DCAF17 E3 ubiquitin ligase complex, CUL4A variant ",0.9753323989623149,1.1610512451159094,0.08992805755395683,0.2953015220138827,1.0,3/4,2.55%,P62877;Q16531;Q13619
prerank,"Polycomb repressive complex 1, RING2-PCGF4-CBX4-PHC2 variant",0.9799911112989019,1.160958687622871,0.09316037735849056,0.29547736999638885,1.0,1/4,1.94%,Q99496
prerank,"Polycomb repressive complex 1, RING1-PCGF2-CBX6-PHC1 variant",0.9797125083641577,1.160905159721505,0.09167671893848009,0.2951708132724652,1.0,1/4,1.97%,Q06587
prerank,"Polycomb repressive complex 1, RING1-PCGF2-CBX4-PHC3 variant",0.9797125083641577,1.1608732153322228,0.08595641646489104,0.29462452481136747,1.0,1/4,1.97%,Q06587
prerank,"Polycomb repressive complex 1, RING1-PCGF2-CBX6-PHC3 variant",0.9797125083641577,1.1608252270351562,0.08014354066985646,0.29422798202638273,1.0,1/4,1.97%,Q06587
prerank,"CRL4-CDT2 E3 ubiquitin ligase complex, CUL4A variant ",0.9753323989623149,1.1607381206508804,0.10216346153846154,0.2942232168087607,1.0,3/4,2.55%,P62877;Q16531;Q13619
prerank,"Non-canonical polycomb repressive complex 1.2, RNF2-YAF2 variant",0.9690584342578785,1.160684844943179,0.11655629139072848,0.29393700555990454,1.0,2/3,3.10%,Q99496;Q8IY57
prerank,"Polycomb repressive complex 1, RING2-PCGF2-CBX6-PHC2 variant",0.9799911112989019,1.1606607677937226,0.0831353919239905,0.293352506931592,1.0,1/4,1.94%,Q99496
prerank,Shieldin complex,0.9703436807095344,1.1605378038738554,0.12039312039312039,0.2937491830989584,1.0,1/4,2.99%,Q9UI95
prerank,pre-mRNA cleavage and polyadenylation specificity factor complex,0.9999654533931862,1.160477116157158,0.0,0.2935310471098002,1.0,1/8,0.03%,CHEBI:29105
prerank,"CRL4-DDB2 E3 ubiquitin ligase complex, CUL4A variant ",0.9753323989623149,1.1603988099949545,0.09915356711003627,0.2934740562468431,1.0,3/4,2.55%,P62877;Q16531;Q13619
prerank,BRISC complex,0.9816771531580651,1.160370961417453,0.09602649006622517,0.2929551753747531,1.0,1/5,0.03%,CHEBI:29105
prerank,Mitochondrial CCA tRNA nucleotidyltransferase 1 complex,0.982041198048333,1.1602818286127738,0.08609271523178808,0.2930114519649444,1.0,1/5,0.25%,CHEBI:18420
prerank,Mitochondrial ribonuclease P complex,0.982041198048333,1.160143141267969,0.09171270718232044,0.29366319372426425,1.0,1/5,0.25%,CHEBI:18420
prerank,"Non-canonical polycomb repressive complex 1.2, RING1-YAF2 variant",0.9690579064884952,1.1601371572033357,0.11716621253405994,0.29287971002789537,1.0,2/3,3.10%,Q06587;Q8IY57
prerank,"Serine palmitoyltransferase complex, SPTLC1-SPTLC3-SPTSSA variant",0.9790562800238795,1.1599469654973191,0.07758620689655173,0.293773799643821,1.0,1/4,2.10%,CHEBI:597326
prerank,"Polycomb repressive complex 1, RING2-PCGF4-CBX6-PHC3 variant",0.9799911112989019,1.1598884933958982,0.08608490566037735,0.29353802732355183,1.0,1/4,1.94%,Q99496
prerank,"Calcineurin-Calmodulin-AKAP5 complex, beta-R1 variant",0.9872042794623507,1.1596454635543711,0.059447983014861996,0.295179974124006,1.0,2/6,0.39%,CHEBI:29105;CHEBI:29108
prerank,"Polycomb repressive complex 1, RING1-PCGF4-CBX4-PHC3 variant",0.9797125083641577,1.1594584605122769,0.09597156398104266,0.2962596059073235,1.0,1/4,1.97%,Q06587
prerank,"Polycomb repressive complex 2.1,EZH2-RBBP4-PCL3-PALI1 variant",0.989261783578961,1.1594545333189856,0.05150214592274678,0.2954487734211214,1.0,1/6,1.08%,Q09028
prerank,"Polycomb repressive complex 2.2, EZH2-RBBP4 variant",0.9892750993881277,1.1594425357149891,0.06109324758842444,0.2947481763919938,1.0,1/6,1.08%,Q09028
prerank,"Serine palmitoyltransferase complex, SPTLC1-SPTLC3-SPTSSB variant",0.9790562800238795,1.1594398430739874,0.07607361963190185,0.29394010224137906,1.0,1/4,2.10%,CHEBI:597326
prerank,"Polycomb repressive complex 1, RING1-PCGF4-CBX4-PHC2 variant",0.9797125083641577,1.1593726402268179,0.09345794392523364,0.29378817075513286,1.0,1/4,1.97%,Q06587
prerank,CoQ biosynthetic complex,0.9958379578246392,1.1591622063555578,0.02672147995889003,0.29509351052194516,1.0,1/8,0.44%,CHEBI:57692
prerank,Apoptosome,0.9922351636161951,1.1591335916197363,0.03640256959314775,0.2946014323442641,1.0,1/6,0.80%,CHEBI:30413
prerank,"Polycomb repressive complex 1, RING1-PCGF4-CBX6-PHC3 variant",0.9797125083641577,1.1590800933100285,0.0852803738317757,0.2942774655683444,1.0,1/4,1.97%,Q06587
prerank,"Polycomb repressive complex 2.2, EZH1-RBBP4 variant",0.9892750993881277,1.158903292875641,0.0576307363927428,0.2953230976339853,1.0,1/6,1.08%,Q09028
prerank,"Methyltransferase complex, METTL3-METTL14",0.9620393460792463,1.1586688424894251,0.13611859838274934,0.2967647280703869,1.0,1/3,3.82%,CHEBI:67040
prerank,3M complex,0.9612080908839014,1.1585617472846272,0.1335149863760218,0.29698086129160806,1.0,1/3,3.90%,Q14999
prerank,Signal recognition particle receptor complex,0.9606539207536714,1.158398397575418,0.14073071718538566,0.29784064070691246,1.0,1/3,3.96%,CHEBI:15996
prerank,"Polycomb repressive complex 1, RING2-PCGF4-CBX2-PHC2 variant",0.9799911112989019,1.1583572097593013,0.0883054892601432,0.29742159167482185,1.0,1/4,1.94%,Q99496
prerank,"Polycomb repressive complex 1, RING1-PCGF4-CBX6-PHC1 variant",0.9797125083641577,1.1581513581136147,0.0924170616113744,0.2986848203928279,1.0,1/4,1.97%,Q06587
prerank,"Ribonucleoside-diphosphate reductase RR1 complex, RRM2 variant",0.9725578019159327,1.1581199404588556,0.10582639714625446,0.2981816894768817,1.0,2/4,2.80%,CHEBI:18420;CHEBI:29034
prerank,Annexin A2 - S100-A10 complex,0.9653434583651539,1.1579524712670866,0.1383989145183175,0.2989238603454757,1.0,1/3,0.39%,CHEBI:29108
prerank,"Calcineurin-Calmodulin-AKAP5 complex, beta-R2 variant",0.9872042794623507,1.1576269559107213,0.06396588486140725,0.3014056382434125,1.0,2/6,0.39%,CHEBI:29105;CHEBI:29108
prerank,"Calcineurin-Calmodulin-AKAP5 complex, gamma-R1 variant",0.9872042794623507,1.1575725382552717,0.06455026455026455,0.3011492958171576,1.0,2/6,0.39%,CHEBI:29105;CHEBI:29108
prerank,"Polycomb repressive complex 1, RING2-PCGF4-CBX6-PHC1 variant",0.9799911112989019,1.157440179496109,0.09688995215311005,0.30170797924914233,1.0,1/4,1.94%,Q99496
prerank,"XPC complex, RAD23B variant",0.9718841322378725,1.1573869109533066,0.12338593974175036,0.3014137145363788,1.0,1/3,2.82%,P41208
prerank,"CRL4-DCAF15 E3 ubiquitin ligase complex, CUL4B variant ",0.9750481262275813,1.1573829052946931,0.1119648737650933,0.30063672233802663,1.0,3/5,2.57%,P62877;Q16531;Q13620
prerank,"Ribonucleoside-diphosphate reductase RR1 complex, RRM2B variant",0.9725578019159327,1.1572052464102325,0.10889929742388758,0.3014749846306812,1.0,2/4,2.80%,CHEBI:18420;CHEBI:29034
prerank,R2TP core co-chaperone complex,0.9803215077605322,1.1571102780522386,0.09302325581395349,0.30164195188882453,1.0,2/4,2.02%,Q9Y230;Q9Y265
prerank,"Polycomb repressive complex 1, RING1-PCGF4-CBX6-PHC2 variant",0.9797125083641577,1.1570276706963907,0.08381839348079162,0.3016351883173333,1.0,1/4,1.97%,Q06587
prerank,"SCF E3 ubiquitin ligase complex, FBXW8-CUL7 variant",0.972417255168393,1.1570126590941956,0.11037527593818984,0.30100620351462565,1.0,2/5,1.27%,P62877;P63208
prerank,MORF3 histone acetyltransferase complex,0.9730524358477435,1.1565673776368173,0.1071863580998782,0.3044245999751422,1.0,1/4,0.55%,Q9HAF1
prerank,"Non-canonical polycomb repressive complex 1.4, RING1-RYBP variant",0.9693352272811795,1.1564012558806878,0.12289780077619664,0.3052036958071818,1.0,2/3,3.07%,Q06587;Q8N488
prerank,"Polycomb repressive complex 2.1, EZH1-RBBP4-PCL3-PALI1 variant",0.989261783578961,1.1564004015761526,0.04838709677419355,0.30439054110854247,1.0,1/6,1.08%,Q09028
prerank,ABCB10-ABCB7-FECH ABC transporter ,0.9700665188470067,1.1563831621918828,0.10804321728691477,0.3037088936208489,1.0,1/4,3.02%,CHEBI:190135
prerank,MOZ2 histone acetyltransferase complex,0.9730524358477435,1.1562299352960572,0.11244019138755981,0.30433666672559667,1.0,1/4,0.55%,Q9HAF1
prerank,"Polycomb repressive complex 2.1, EZH2-RBBP4-PCL3-EPOP variant",0.989261783578961,1.156209093599321,0.05705059203444564,0.3037392755981377,1.0,1/6,1.08%,Q09028
prerank,"Non-canonical polycomb repressive complex 1.4, RNF2-RYBP variant",0.9693357545132925,1.1561608661974323,0.12549019607843137,0.3034059693574986,1.0,2/3,3.07%,Q99496;Q8N488
prerank,"Non-canonical polycomb repressive complex 1.2, RING1-RYBP variant",0.9693352272811795,1.1559492071163164,0.12898936170212766,0.3046329760554949,1.0,2/3,3.07%,Q06587;Q8N488
prerank,"Non-canonical polycomb repressive complex 1.4, RNF2-YAF2 variant",0.9690584342578785,1.1559285546016307,0.12117177097203728,0.303988181693202,1.0,2/3,3.10%,Q99496;Q8IY57
prerank,L3MBTL1 complex,0.9623164311443613,1.1559124040968458,0.14620689655172414,0.3033069459910129,1.0,1/3,3.79%,P06400
prerank,MORF2 histone acetyltransferase complex,0.9730524358477435,1.1558661168733968,0.11358024691358025,0.30296974980016805,1.0,1/4,0.55%,Q9HAF1
prerank,MOZ3 histone acetyltransferase complex,0.9730524358477435,1.1557852679032703,0.11203814064362336,0.30293993990728124,1.0,1/4,0.55%,Q9HAF1
prerank,"Polycomb repressive complex 2.1, EZH2-RBBP4-PCL1-PALI1 variant",0.989261783578961,1.1555490757625981,0.059893048128342244,0.30455862301745273,1.0,1/6,1.08%,Q09028
prerank,MOZ1 histone acetyltransferase complex,0.9730524358477435,1.1552630266187307,0.11016949152542373,0.3064785655316451,1.0,1/4,0.55%,Q9HAF1
prerank,"Polycomb repressive complex 1, RING2-PCGF4-CBX6-PHC2 variant",0.9799911112989019,1.154965605564672,0.08608490566037735,0.30839979164437614,1.0,1/4,1.94%,Q99496
prerank,"Non-canonical polycomb repressive complex 1.2, RNF2-RYBP variant",0.9693357545132925,1.154829710370815,0.1287779237844941,0.3088547684532696,1.0,2/3,3.07%,Q99496;Q8N488
prerank,"Polycomb repressive complex 2.1, EZH1-RBBP4-PCL3-EPOP variant",0.989261783578961,1.154821485591465,0.054838709677419356,0.3081788671330067,1.0,1/6,1.08%,Q09028
prerank,"Polycomb repressive complex 2.1, EZH1-RBBP4-PCL2-EPOP variant",0.989261783578961,1.1546527717219353,0.05251875669882101,0.30899985333782726,1.0,1/6,1.08%,Q09028
prerank,"Calcineurin-Calmodulin-AKAP5 complex, gamma-R2 variant",0.9872042794623507,1.1544345229530917,0.07051282051282051,0.31028629271394853,1.0,2/6,0.39%,CHEBI:29105;CHEBI:29108
prerank,Myb-MuvB transcriptional activation complex,0.9888801822240375,1.1543628944186666,0.06877729257641921,0.3101191858390618,1.0,1/6,1.08%,Q09028
prerank,MORF1 histone acetyltransferase complex,0.9730524358477435,1.1543598753788227,0.10513447432762836,0.3093501846204127,1.0,1/4,0.55%,Q9HAF1
prerank,GTPase HRAS - Son of sevenless homolog 1 complex,0.9609310058187864,1.1542764998065596,0.15633423180592992,0.3092993823282294,1.0,2/3,3.96%,P01112;CHEBI:15996
prerank,"Polycomb repressive complex 2.1, EZH2-RBBP4-PCL1-EPOP variant",0.989261783578961,1.1541578625348559,0.06437768240343347,0.3097164839759379,1.0,1/6,1.08%,Q09028
prerank,"Calcineurin-Calmodulin-AKAP5 complex, alpha-R1 variant",0.9872042794623507,1.1540403945419766,0.06856540084388185,0.3100848275019534,1.0,2/6,0.39%,CHEBI:29105;CHEBI:29108
prerank,Retention and splicing complex,0.9609310058187863,1.1539889843967124,0.13984168865435356,0.30976706921970854,1.0,1/3,3.93%,Q8TAD8
prerank,"Non-canonical polycomb repressive complex 1.4, RING1-YAF2 variant",0.9690579064884952,1.1539110371740948,0.11994609164420485,0.30976486999517966,1.0,2/3,3.10%,Q06587;Q8IY57
prerank,"Polycomb repressive complex 2.1, EZH1-RBBP4-PCL2-PALI1 variant",0.989261783578961,1.1538384740183592,0.04823151125401929,0.3096837086638238,1.0,1/6,1.08%,Q09028
prerank,"Box C/D snoRNA-guided RNP methyltransferase complex, FBL variant",0.9861360753545415,1.1537521175238232,0.06524064171122995,0.3096844457739341,1.0,1/6,0.06%,P55769
prerank,"Polycomb repressive complex 2.1, EZH2-RBBP4-PCL2-PALI1 variant",0.989261783578961,1.153516010641057,0.05555555555555555,0.3110670733064912,1.0,1/6,1.08%,Q09028
prerank,"Polycomb repressive complex 2.1, EZH2-RBBP4-PCL2-EPOP variant",0.989261783578961,1.1535110295044249,0.05894962486602358,0.310331887532014,1.0,1/6,1.08%,Q09028
prerank,Methylcrotonyl-CoA carboxylase complex,0.9598226655583264,1.1533971801826692,0.15775401069518716,0.31070846295568694,1.0,1/3,4.04%,CHEBI:57586
prerank,"CRL4-DCAF15 E3 ubiquitin ligase complex, CUL4A variant ",0.9753253649301041,1.153262615803946,0.11,0.3110751012419018,1.0,3/5,2.55%,P62877;Q16531;Q13619
prerank,SF3B complex,0.9934577694942184,1.1530257891505102,0.037460978147762745,0.3126015632926925,1.0,3/7,0.36%,Q15393;Q9BWJ5;O75533
prerank,"Polycomb repressive complex 2.1, EZH1-RBBP4-PCL1-PALI1 variant",0.989261783578961,1.1529456773276459,0.05419766206163656,0.31250944827983007,1.0,1/6,1.08%,Q09028
prerank,MSL histone acetyltransferase complex,0.9711751662971175,1.152859021552903,0.12058465286236297,0.31252990826130483,1.0,1/4,2.91%,Q9H7Z6
prerank,SHOC2-HRAS-PPP1CA complex,0.9729527680978712,1.152753096032159,0.11824324324324324,0.31274999224460465,1.0,3/5,2.77%,CHEBI:29035;CHEBI:37565;P01112
prerank,"Polycomb repressive complex 2.1, EZH1-RBBP4-PCL1-EPOP variant",0.989261783578961,1.1518715213613364,0.059893048128342244,0.32040444838116694,1.0,1/6,1.08%,Q09028
prerank,PAQosome co-chaperone complex,0.9728306071527585,1.151828352037464,0.10224719101123596,0.3200450589293113,1.0,1/5,2.74%,P19388
prerank,"Polycomb repressive complex 2.2, EZH2-RBBP7 variant",0.9810132436275039,1.1514742329809742,0.09615384615384616,0.32247103712704617,1.0,1/6,1.85%,Q16576
prerank,Mitochondrial propionyl-CoA carboxylase complex,0.9730501497249344,1.1514652021962664,0.11377245508982035,0.32178664497737186,1.0,1/4,0.25%,CHEBI:18420
prerank,"Calcineurin-Calmodulin-AKAP5 complex, alpha-R2 variant",0.9872042794623507,1.1509819757626925,0.07586933614330875,0.3252067990191111,1.0,2/6,0.39%,CHEBI:29105;CHEBI:29108
prerank,"Box C/D snoRNA-Guided RNP methyltransferase complex, FBLL1 variant",0.9870334832745112,1.150854585726292,0.06514657980456026,0.3255950625934042,1.0,1/6,0.06%,P55769
prerank,"Polycomb repressive complex 2.1,EZH2-RBBP7-PCL3-PALI1 variant",0.9809645448905937,1.150784911576959,0.09391675560298826,0.32540549766362653,1.0,1/6,1.85%,Q16576
prerank,BRISC-SHMT2 complex,0.9816771531580651,1.1507389183475625,0.10363247863247864,0.3250392534826833,1.0,1/6,0.03%,CHEBI:29105
prerank,"Polycomb repressive complex 2.2, EZH1-RBBP7 variant",0.9810132436275039,1.150298996338969,0.10344827586206896,0.32809042464534105,1.0,1/6,1.85%,Q16576
prerank,U4/U6 small nuclear ribonucleoprotein complex,0.9600997506234414,1.1501192312894861,0.16102841677943167,0.3288449230035855,1.0,1/3,4.01%,Q8WWY3
prerank,"Non-canonical polycomb repressive complex 1.5, RING2-RYBP-CKIIA1 variant",0.9696713493350126,1.149987363147819,0.14029180695847362,0.32924317486684695,1.0,2/5,3.07%,Q99496;Q8N488
prerank,"Non-canonical polycomb repressive complex 1.5, RING1-RYBP-CKIIA1 variant",0.9696712241720522,1.1497735601714223,0.13555555555555557,0.33044141106485103,1.0,2/5,3.07%,Q06587;Q8N488
prerank,"Non-canonical polycomb repressive complex 1.5, RING2-YAF2-CKIIA2 variant",0.9693940547991922,1.14933582876581,0.12458286985539488,0.3335977535446125,1.0,2/5,3.10%,Q99496;Q8IY57
prerank,"Polycomb repressive complex 2.1, EZH2-RBBP7-PCL1-PALI1 variant",0.9809645448905937,1.149085529789136,0.09458023379383634,0.33501422787536994,1.0,1/6,1.85%,Q16576
prerank,"Non-canonical polycomb repressive complex 1.5, RING2-YAF2-CKIIA1 variant",0.9693940547991922,1.1488525236083682,0.12723214285714285,0.3363418022507341,1.0,2/5,3.10%,Q99496;Q8IY57
prerank,"Polycomb repressive complex 2.1, EZH2-RBBP7-PCL2-EPOP variant",0.9809645448905937,1.148159724157524,0.09872611464968153,0.3418677781772344,1.0,1/6,1.85%,Q16576
prerank,"Polycomb repressive complex 2.1, EZH2-RBBP7-PCL1-EPOP variant",0.9809645448905937,1.148088216918585,0.10160427807486631,0.3416903170847286,1.0,1/6,1.85%,Q16576
prerank,KEOPS tRNA N6-adenosine threonylcarbamoyltransferase complex,0.9819744869661675,1.1480707697880046,0.09580193756727665,0.3410776054885427,1.0,1/6,1.83%,CHEBI:60240
prerank,"Non-canonical polycomb repressive complex 1.3, RING2-YAF2-CKIIA1 variant",0.9693940547991922,1.1479630255295452,0.14109742441209405,0.34121577170202544,1.0,2/5,3.10%,Q99496;Q8IY57
prerank,iNOS-S100A8/A9 complex,0.9512330285397617,1.1479543053814387,0.18244170096021947,0.340490281175712,1.0,2/3,4.93%,P06702;P05109
prerank,COP9 signalosome variant 1,0.9999974808959057,1.1479382163723946,0.0010152284263959391,0.3398314891165822,1.0,1/9,0.03%,CHEBI:29105
prerank,"Polycomb repressive complex 2.1, EZH1-RBBP7-PCL2-EPOP variant",0.9809645448905937,1.147814534745115,0.10032017075773746,0.3401913932522797,1.0,1/6,1.85%,Q16576
prerank,"STRIPAK complex, STRIP2-STRN4 variant",0.9830610786985791,1.1476279594060845,0.0944386149003148,0.34105625490765146,1.0,3/7,1.77%,CHEBI:29035;P30153;P67775
prerank,"Polycomb repressive complex 2.1, EZH2-RBBP7-PCL3-EPOP variant",0.9809645448905937,1.1476118227434098,0.096051227321238,0.34040324995052046,1.0,1/6,1.85%,Q16576
prerank,"Polycomb repressive complex 2.1, EZH1-RBBP7-PCL3-PALI1 variant",0.9809645448905937,1.1475608975968017,0.0978494623655914,0.3400593521898608,1.0,1/6,1.85%,Q16576
prerank,Myb-MuvB-FOXM1 transcriptional activation complex,0.9888772590639168,1.147555578819317,0.07203389830508475,0.339314045178469,1.0,1/7,1.08%,Q09028
prerank,"Non-canonical polycomb repressive complex 1.5, RING1-YAF2-CKIIA1 variant",0.9693939295086407,1.147527237708196,0.12388392857142858,0.3387694613394109,1.0,2/5,3.10%,Q06587;Q8IY57
prerank,"Non-canonical polycomb repressive complex 1.3, RING2-YAF2-CKIIA2 variant",0.9693940547991922,1.1471891314323068,0.1422172452407615,0.34099552981998255,1.0,2/5,3.10%,Q99496;Q8IY57
prerank,"Polycomb repressive complex 2.1,EZH2-RBBP7-PCL2-PALI1 variant",0.9809645448905937,1.147018790068647,0.09766454352441614,0.34168257806122365,1.0,1/6,1.85%,Q16576
prerank,"Non-canonical polycomb repressive complex 1.5, RING1-YAF2-CKIIA2 variant",0.9693939295086407,1.1469791966078444,0.12026726057906459,0.3412355199871026,1.0,2/5,3.10%,Q06587;Q8IY57
prerank,Collagen type VI trimer,-0.5793848711554448,-1.1468014800218582,0.24285714285714285,0.3961533394809643,1.0,3/3,100.00%,P12109;P12110;P12111
prerank,"Polycomb repressive complex 2.1, EZH1-RBBP7-PCL3-EPOP variant",0.9809645448905937,1.1467630670823252,0.09989258861439312,0.3423197548789254,1.0,1/6,1.85%,Q16576
prerank,"Non-canonical polycomb repressive complex 1.3, RING2-RYBP-CKIIA1 variant",0.9696713493350126,1.1466214202489708,0.15523059617547807,0.34275467240746893,1.0,2/5,3.07%,Q99496;Q8N488
prerank,"STRIPAK complex, STRIP2-STRN3 variant",0.9830610786985791,1.1465814363482272,0.0938818565400844,0.3423057626091662,1.0,3/7,1.77%,CHEBI:29035;P30153;P67775
prerank,"Non-canonical polycomb repressive complex 1.5, RING2-RYBP-CKIIA2 variant",0.9696713493350126,1.1464828508308775,0.13823857302118173,0.3423872906805981,1.0,2/5,3.07%,Q99496;Q8N488
prerank,"STRIPAK complex, STRIP1-STRN variant",0.9830610786985791,1.1463479053082803,0.08792372881355932,0.34280929499092533,1.0,3/7,1.77%,CHEBI:29035;P30153;P67775
prerank,SMARCA3 - Annexin A2 - S100-A10 complex,0.9506788584095318,1.1462809191604806,0.1842818428184282,0.34258104825073143,1.0,2/3,4.98%,P07355;P60903
prerank,"Polycomb repressive complex 2.1, EZH1-RBBP7-PCL1-EPOP variant",0.9809645448905937,1.1462417929012896,0.10503751339764202,0.3421292504970271,1.0,1/6,1.85%,Q16576
prerank,"Non-canonical polycomb repressive complex 1.3, RING1-YAF2-CKIIA2 variant",0.9693939295086407,1.1462345259504518,0.1373873873873874,0.3414018257875356,1.0,2/5,3.10%,Q06587;Q8IY57
prerank,"Polycomb repressive complex 2.1, EZH1-RBBP7-PCL1-PALI1 variant",0.9809645448905937,1.146168961817081,0.09872611464968153,0.34119042075587164,1.0,1/6,1.85%,Q16576
prerank,"Non-canonical polycomb repressive complex 1.3, RING1-YAF2-CKIIA1 variant",0.9693939295086407,1.1460569207542504,0.13616071428571427,0.3412806237467061,1.0,2/5,3.10%,Q06587;Q8IY57
prerank,"STRIPAK complex, STRIP2-STRN variant",0.9830610786985791,1.1457123505934619,0.08792372881355932,0.3433735898744368,1.0,3/7,1.77%,CHEBI:29035;P30153;P67775
prerank,tRNA-splicing ligase complex,0.9950055493895672,1.1456638232382435,0.027720739219712527,0.34302161391981467,1.0,1/8,0.53%,CHEBI:29035
prerank,"Polycomb repressive complex 2.1, EZH1-RBBP7-PCL2-PALI1 variant",0.9809645448905937,1.145611573587727,0.10042735042735043,0.3426712023027685,1.0,1/6,1.85%,Q16576
prerank,COP9 signalosome variant 2,0.9999974808959057,1.1455328800211029,0.0,0.342601114612771,1.0,1/9,0.03%,CHEBI:29105
prerank,"Cleavage stimulation factor complex, CSTF2 variant",0.9517871986699917,1.1454972403350345,0.16666666666666666,0.342145279520764,1.0,3/3,4.90%,P33240;Q12996;Q05048
prerank,"Non-canonical polycomb repressive complex 1.3, RING2-YAF2-CKIIA1-A2 variant",0.9693940547991922,1.1454327553680927,0.15582959641255606,0.3419977071224475,1.0,2/5,3.10%,Q99496;Q8IY57
prerank,AHNAK - Annexin A2 - S100-A10 complex,0.9653424599987884,1.145258379270143,0.15980629539951574,0.34271976548326855,1.0,1/4,0.39%,CHEBI:29108
prerank,Mitochondrial 2-oxoglutarate dehydrogenase complex,0.977814753189129,1.1450860819132849,0.12554112554112554,0.3434815270892933,1.0,3/6,2.30%,CHEBI:57692;CHEBI:58937;P09622
prerank,NuRF chromatin remodeling complex,0.9692350332594237,1.1449745279922936,0.14423076923076922,0.34374081147692326,1.0,3/4,3.16%,Q09028;Q16576;P28370
prerank,"STRIPAK complex, STRIP1-STRN4 variant",0.9830610786985791,1.1448591420499616,0.09312169312169312,0.34387563597043663,1.0,3/7,1.77%,CHEBI:29035;P30153;P67775
prerank,"STRIPAK complex, STRIP1-STRN3 variant",0.9830610786985791,1.144751799879375,0.09110169491525423,0.34404300214569256,1.0,3/7,1.77%,CHEBI:29035;P30153;P67775
prerank,"Non-canonical polycomb repressive complex 1.3, RING1-RYBP-CKIIA1 variant",0.9696712241720522,1.1447146033610915,0.15090090090090091,0.34367598436237806,1.0,2/5,3.07%,Q06587;Q8N488
prerank,BRCA1-PALB2-BRCA2 homologous recombination DNA repair complex,0.9523413688002217,1.1445907579411212,0.19290780141843972,0.3439750024423248,1.0,2/3,4.82%,P38398;P51587
prerank,"TREX-2 transcription-export complex, CETN2 variant",0.9725360255783324,1.1442304695549739,0.13681868743047831,0.34613241147684104,1.0,3/5,2.82%,Q9NPA8;P60896;P41208
prerank,Nuclear origin recognition complex,-0.5238491403216862,-1.1440333259675746,0.13513513513513514,0.3953841603905284,1.0,6/6,100.00%,O43929;Q13415;Q9UBD5;Q9Y5N6;Q13416;O43913
prerank,"Non-canonical polycomb repressive complex 1.5, RING1-RYBP-CKIIA2 variant",0.9696712241720522,1.1438322451037228,0.13245033112582782,0.34872386956215673,1.0,2/5,3.07%,Q06587;Q8N488
prerank,"Mitochondrial pyruvate dehydrogenase complex, testis-specific variant",0.9780769465338065,1.1436249190804926,0.12,0.3497006142572286,1.0,5/8,2.33%,CHEBI:16238;CHEBI:58937;P11177;P09622;CHEBI:83088
prerank,RB1-E2F2-DP1 transcriptional repressor complex,0.9625935162094762,1.1435920175462424,0.16150740242261102,0.3491922143217346,1.0,2/3,3.79%,Q14186;P06400
prerank,Shelterin complex,0.9789240155296728,1.143411347601209,0.12004405286343613,0.34990968969981284,1.0,1/6,2.13%,Q15554
prerank,"Non-canonical polycomb repressive complex 1.5, RING2-YAF2-CKIIA1-A2 variant",0.9693940547991922,1.1431103293386875,0.1447811447811448,0.35156139677579357,1.0,2/5,3.10%,Q99496;Q8IY57
prerank,"Non-canonical polycomb repressive complex 1.3, RING2-RYBP-CKIIA1-A2 variant",0.9696713493350126,1.1429726136977996,0.16798196166854565,0.351973657029101,1.0,2/5,3.07%,Q99496;Q8N488
prerank,"Non-canonical polycomb repressive complex 1.5, RING2-RYBP-CKIIA1-A2 variant",0.9696713493350126,1.1424048283379282,0.15664018161180476,0.35580704721030193,1.0,2/5,3.07%,Q99496;Q8N488
prerank,"Non-canonical polycomb repressive complex 1.3, RING1-YAF2-CKIIA1-A2 variant",0.9693939295086407,1.142361215995974,0.14977477477477477,0.3553927292821251,1.0,2/5,3.10%,Q06587;Q8IY57
prerank,Mitochondrial 2-oxoisovalerate dehydrogenase complex,0.9778085991678225,1.1423482206667375,0.1304801670146138,0.3547564885875588,1.0,4/7,2.33%,CHEBI:57692;CHEBI:58937;P09622;CHEBI:83088
prerank,"Cleavage stimulation factor complex, CSTF2T variant",0.9515101136048767,1.141580664276015,0.1664355062413315,0.36031072401001674,1.0,2/3,4.90%,Q12996;Q05048
prerank,B-WICH chromatin remodelling complex,0.9963918956425201,1.1415008264954585,0.0235655737704918,0.36019490142002425,1.0,2/9,0.42%,O75533;O60264
prerank,"Non-canonical polycomb repressive complex 1.3, RING2-RYBP-CKIIA2 variant",0.9696713493350126,1.141388245795639,0.15748031496062992,0.3602697558744594,1.0,2/5,3.07%,Q99496;Q8N488
prerank,Mitochondrial NIAUFX iron-sulfur cluster assembly complex ,0.9794729542302358,1.1411955264614015,0.12750263435194942,0.3610737132354758,1.0,2/7,2.10%,O14561;CHEBI:597326
prerank,SF3A complex,0.9459684123025769,1.1410041540068736,0.17914438502673796,0.3618058325539567,1.0,3/3,5.48%,Q12874;Q15428;Q15459
prerank,"Non-canonical polycomb repressive complex 1.3, RING1-RYBP-CKIIA1-A2 variant",0.9696712241720522,1.1409878245015734,0.1621315192743764,0.36116869273738983,1.0,2/5,3.07%,Q06587;Q8N488
prerank,"Mitochondrial pyruvate dehydrogenase complex, somatic variant",0.9783547324145316,1.1402283065109957,0.12409513960703206,0.36642148976524,1.0,6/8,2.33%,CHEBI:16238;CHEBI:58937;P11177;P08559;P09622;CHEBI:83088
prerank,"Non-canonical polycomb repressive complex 1.5, RING1-RYBP-CKIIA1-A2 variant",0.9696712241720522,1.1399379929972513,0.15168539325842698,0.3680652112146624,1.0,2/5,3.07%,Q06587;Q8N488
prerank,"Brain-specific SWI/SNF ATP-dependent chromatin remodeling complex, ARID1B-SMARCA4 variant",0.9879453160104098,1.1397605259552084,0.06494845360824743,0.36868837504800756,1.0,1/8,0.97%,P60709
prerank,PSAP splicing-associated complex,0.9512330285397617,1.1396504169222568,0.17744154057771663,0.3687557331227997,1.0,3/3,4.96%,Q9H307;O00422;Q15287
prerank,"Brain-specific SWI/SNF ATP-dependent chromatin remodeling complex, ARID1B-SMARCA2 variant",0.988106073721337,1.1396189124109757,0.060824742268041236,0.3682324458600418,1.0,1/8,0.97%,P60709
prerank,"Non-canonical polycomb repressive complex 1.3, RING1-RYBP-CKIIA2 variant",0.9696712241720522,1.139528517833033,0.15254237288135594,0.3682622436822719,1.0,2/5,3.07%,Q06587;Q8N488
prerank,DNA polymerase zeta complex,0.9705523586521353,1.139179012884494,0.1265397536394177,0.3702778334115064,1.0,2/5,2.99%,CHEBI:49883;Q9UI95
prerank,Sm complex,0.9778085991678225,1.1389830238157321,0.12133891213389121,0.37119677706993176,1.0,7/7,2.41%,P62304;P62308;P62318;P62306;P14678;P62314;P62316
prerank,"Phagocyte NADPH oxidase complex, RAC1 variant",0.9872139191833738,1.1389543321808548,0.07157676348547717,0.37067724193528945,1.0,2/8,1.33%,CHEBI:57692;CHEBI:37565
prerank,"Brain-specific SWI/SNF ATP-dependent chromatin remodeling complex, ARID1A-SMARCA2 variant",0.9880479916568473,1.1386569776186746,0.05263157894736842,0.3722673085865759,1.0,1/8,0.97%,P60709
prerank,"Non-canonical polycomb repressive complex 1.5, RING1-YAF2-CKIIA1-A2 variant",0.9693939295086407,1.1384453897769942,0.14189189189189189,0.37333674519573473,1.0,2/5,3.10%,Q06587;Q8IY57
prerank,"Brain-specific SWI/SNF ATP-dependent chromatin remodeling complex, ARID1A-SMARCA4 variant",0.9878872526641977,1.138436962672531,0.058091286307053944,0.3726361193182153,1.0,1/8,0.97%,P60709
prerank,"Phagocyte NADPH oxidase complex, RAC2 variant",0.9872139191833738,1.1379968594133063,0.07613168724279835,0.3754757951245667,1.0,2/8,1.33%,CHEBI:57692;CHEBI:37565
prerank,"Phagocyte NADPH oxidase complex, RAC3 variant",0.9872139191833738,1.1377043215410743,0.07684319833852545,0.37699000270609756,1.0,2/8,1.33%,CHEBI:57692;CHEBI:37565
prerank,Intron-binding complex ,0.9611685096849085,1.1371449006652303,0.1867881548974943,0.38076505293701207,1.0,3/5,3.38%,Q9UNP9;Q9HCS7;O60306
prerank,RB1-E2F3-DP1 transcriptional repressor complex,0.9625935162094762,1.1371081615487042,0.15510204081632653,0.38026209985680964,1.0,2/3,3.79%,Q14186;P06400
prerank,AP-1 transcription factor complex FOS-JUN-NFATC2,0.9451371571072319,1.1364851084863372,0.1953232462173315,0.3842944022052274,1.0,2/3,5.54%,P05412;P01100
prerank,NineTeen Core complex,0.968377253814147,1.1364576623060536,0.15966386554621848,0.3837183267827048,1.0,5/7,3.29%,Q9P013;Q99459;O43660;Q9UMS4;O75934
prerank,"Non-canonical polycomb repressive complex 1.1, RING2-PCGF1-YAF2 variant",0.9700321974864168,1.135904479797465,0.15901814300960512,0.3873354211998087,1.0,4/6,3.10%,P63208;Q8NHM5;Q99496;Q8IY57
prerank,RB1-E2F1-DP1 transcriptional repressor complex,0.9625935162094762,1.1358325067240924,0.17437252311756934,0.387148866069109,1.0,2/3,3.79%,Q14186;P06400
prerank,SNIP1/SkIP associated RNA-processing complex,0.9614638203493207,1.1358313048771933,0.1986455981941309,0.3863895213620176,1.0,3/5,3.93%,Q13573;Q9H307;Q8TAD8
prerank,"Cytoplasmic exosome complex, DIS3L variant",0.9977702899167514,1.1354158451095606,0.017137096774193547,0.38889127092797937,1.0,1/11,0.25%,CHEBI:18420
prerank,"Non-canonical polycomb repressive complex 1.1, RING2-PCGF1-RYBP variant",0.9703113910431498,1.1352962576995638,0.16219119226638024,0.3889894262176925,1.0,4/6,3.07%,P63208;Q8NHM5;Q99496;Q8N488
prerank,BRCA1-A complex,0.9720453285535584,1.1348317861442043,0.15680166147455868,0.3919030013510132,1.0,2/7,1.14%,CHEBI:29105;CPX-715
prerank,"Non-canonical polycomb repressive complex 1.6, RING1-YAF2 variant",0.9694655557482136,1.1346020998669872,0.15080213903743314,0.3930245081230614,1.0,2/6,3.10%,Q06587;Q8IY57
prerank,"Non-canonical polycomb repressive complex 1.6, RING2-YAF2 variant",0.9694655896710155,1.1342930789910712,0.15531914893617021,0.39459494532306166,1.0,2/6,3.10%,Q99496;Q8IY57
prerank,"Nucleolar exosome complex, EXOSC10 variant",0.9977693893722439,1.1341456650757038,0.017119838872104734,0.39489861034352997,1.0,1/11,0.25%,CHEBI:18420
prerank,General transcription factor TFIIH complex,0.9980560955290197,1.1333509328810871,0.01006036217303823,0.40010414934537336,1.0,1/11,0.22%,CHEBI:49883
prerank,"Exosome complex, DIS3 variant",0.9977702899167514,1.1325159354014915,0.01616161616161616,0.40551657112880174,1.0,1/11,0.25%,CHEBI:18420
prerank,USP46 deubiquitinase complex,0.9504017733444166,1.1319597440093068,0.19183673469387755,0.4087099352816744,1.0,2/3,5.01%,Q8TAF3;Q8TBZ3
prerank,ASAP splicing-associated complex,0.9509559434746467,1.1315520211101169,0.19828815977175462,0.41088168502055544,1.0,2/3,4.96%,O00422;Q15287
prerank,"Non-canonical polycomb repressive complex 1.1, RING1-PCGF1-YAF2 variant",0.9700321923759866,1.131490438929571,0.15631691648822268,0.4105166392062312,1.0,4/6,3.10%,P63208;Q8NHM5;Q06587;Q8IY57
prerank,"Histone-lysine N-methyltransferase complex, KMT2D variant",0.9956099405230765,1.1312674974949009,0.03024193548387097,0.4113582391516868,1.0,2/10,0.14%,CHEBI:29105;P61964
prerank,"Non-canonical polycomb repressive complex 1.6, RING1-RYBP variant",0.9697428864849329,1.1309072689926398,0.16507936507936508,0.41307636055942604,1.0,2/6,3.07%,Q06587;Q8N488
prerank,U7 small nuclear ribonucleoprotein complex,0.9786348501664817,1.1308089060583295,0.12791878172588833,0.4130633724634753,1.0,5/8,2.27%,P62304;P62308;P62318;P62306;P14678
prerank,GCN5-containing ATAC complex,0.9863864659386432,1.1306901277486667,0.0898989898989899,0.41299963017183344,1.0,4/10,0.89%,P61964;O75528;Q92830;Q96ES7
prerank,Gamma tubulin ring complex,0.9905607995558023,1.130650236745446,0.060544904137235116,0.41249457254826805,1.0,1/10,0.97%,P60709
prerank,"Non-canonical polycomb repressive complex 1.1, RING1-PCGF1-RYBP variant",0.9703095102426127,1.1306075778244047,0.16916488222698073,0.41201678375240713,1.0,4/6,3.07%,P63208;Q8NHM5;Q06587;Q8N488
prerank,"Histone-lysine N-methyltransferase complex, KMT2C variant",0.9956099405230765,1.1305194416601612,0.03333333333333333,0.41186705427224246,1.0,2/10,0.14%,CHEBI:29105;P61964
prerank,PCAF-containing ATAC complex,0.9860970637803158,1.1304078707771334,0.09595959595959595,0.4118754398069345,1.0,4/10,0.91%,P61964;O75528;Q96ES7;Q92831
prerank,Dynactin complex,0.9905607995558023,1.1295651000423845,0.06363636363636363,0.41737635946358126,1.0,1/10,0.97%,P60709
prerank,"Non-canonical polycomb repressive complex 1.6, RING2-RYBP variant",0.9697429203731863,1.129318699253349,0.16914893617021276,0.4183219125108638,1.0,2/6,3.07%,Q99496;Q8N488
prerank,"Cytoplasmic exosome complex, DIS3L-EXOSC10 variant",0.9977687722597134,1.1290888334198932,0.018072289156626505,0.4191677590497954,1.0,1/12,0.25%,CHEBI:18420
prerank,Intraflagellar transport complex A,-0.5205213533000556,-1.1283438533213108,0.2878787878787879,0.416005755041546,1.0,6/6,100.00%,Q7Z4L5;Q96FT9;Q96RY7;Q9HBG6;Q9P2L0;Q8NEZ3
prerank,"Nuclear exosome complex, DIS3-EXOSC10 variant",0.9977687722597134,1.125900459711549,0.017119838872104734,0.442149838328506,1.0,1/12,0.25%,CHEBI:18420
prerank,"Histone-lysine N-methyltransferase complex, KMT2B variant",0.9806437261679939,1.1254265062608841,0.12653061224489795,0.44488346613341,1.0,4/9,1.63%,CHEBI:29105;P61964;O00255;P51610
prerank,Interleukin-10 receptor-ligand complex,0.9334995843724023,1.125257640764353,0.21974965229485396,0.4452666087597165,1.0,1/3,6.67%,Q08334
prerank,"Histone-lysine N-methyltransferase complex, KMT2A variant",0.9806437261679939,1.12398836364909,0.12487205731832139,0.45395011622378445,1.0,4/9,1.63%,CHEBI:29105;P61964;O00255;P51610
prerank,Mitochondrial respiratory chain complex III,0.9925,1.122972345925938,0.04919678714859438,0.4605031288973381,1.0,1/12,0.78%,CHEBI:49601
prerank,"GBAF (SWI/SNF) ATP-dependent chromatin remodeling complex, ACTL6B-BICRAL-SMARCA4 variant",0.9875136708935116,1.1229015416714292,0.07862903225806452,0.4600822244843009,1.0,1/11,0.97%,P60709
prerank,Multiaminoacyl-tRNA synthetase complex,0.9841710635934463,1.1227186346897327,0.09356136820925554,0.46050361650355515,1.0,1/11,1.61%,P07814
prerank,"GBAF (SWI/SNF) ATP-dependent chromatin remodeling complex, ACTL6B-BICRAL-SMARCA2 variant",0.9876742920108137,1.1226451722307462,0.06841046277665996,0.4601953659825257,1.0,1/11,0.97%,P60709
prerank,Mitochondrial respiratory chain complex II,0.975659096146384,1.1223013316420842,0.14666666666666667,0.4618404240407209,1.0,2/9,0.44%,CHEBI:49883;CHEBI:57692
prerank,PCAF histone acetylase complex,0.9851089395157154,1.1215102820062188,0.10425101214574899,0.4666713616677829,1.0,6/10,1.22%,Q9Y4A5;O75528;Q92831;Q16594;Q16514;Q12962
prerank,"GBAF (SWI/SNF) ATP-dependent chromatin remodeling complex, ACTL6B-BICRA-SMARCA4 variant",0.9875136708935116,1.120715040790388,0.08559919436052367,0.47170697197974726,1.0,1/11,0.97%,P60709
prerank,"GBAF (SWI/SNF) ATP-dependent chromatin remodeling complex, ACTL6B-BICRA-SMARCA2 variant",0.9876742920108137,1.1204373424338179,0.07738693467336684,0.4728720088445175,1.0,1/11,0.97%,P60709
prerank,Interleukin-21 receptor-ligand complex,0.9348850096979773,1.1201527177533028,0.20943134535367544,0.47418138807384436,1.0,1/3,6.53%,P31785
prerank,Collagen type IX trimer,-0.5901911886949294,-1.1186158176052168,0.2972972972972973,0.4265224733883173,1.0,3/3,100.00%,P20849;Q14050;Q14055
prerank,Complement factor I-H-C3b complex,0.9232474369631477,1.118503244138983,0.2480106100795756,0.48559422416050113,1.0,1/3,7.70%,CPX-973
prerank,"GBAF (SWI/SNF) ATP-dependent chromatin remodeling complex, ACTL6A-BICRAL-SMARCA2 variant",0.9858574736830041,1.1182420486214395,0.08559919436052367,0.48653389207058545,1.0,2/11,1.30%,P60709;O96019
prerank,NSL histone acetyltransferase complex,0.9722453510963088,1.1177233511830895,0.1835897435897436,0.4893581546744324,1.0,5/9,2.91%,P61964;O15294;P51610;Q96EZ8;Q9H7Z6
prerank,"GBAF (SWI/SNF) ATP-dependent chromatin remodeling complex, ACTL6A-BICRAL-SMARCA4 variant",0.9857544204895413,1.1168600910486406,0.08879919273461151,0.49441639531491566,1.0,2/11,1.30%,P60709;O96019
prerank,"SWI/SNF ATP-dependent chromatin remodeling complex, ACTL6B-ARID1B-SMARCA4 variant",0.9863548850628006,1.116393316662435,0.08266129032258064,0.4967956496509862,1.0,1/11,0.97%,P60709
prerank,Interleukin-7 mIL7R-IL2RG receptor-ligand signalling complex,0.930077317390285,1.1161190215162284,0.2358490566037736,0.4977739914902522,1.0,1/3,6.53%,P31785
prerank,"GBAF (SWI/SNF) ATP-dependent chromatin remodeling complex, ACTL6A-BICRA-SMARCA2 variant",0.9858574736830041,1.116047960319842,0.09547738693467336,0.4973129689804327,1.0,2/11,1.30%,P60709;O96019
prerank,"GBAF (SWI/SNF) ATP-dependent chromatin remodeling complex, ACTL6A-BICRA-SMARCA4 variant",0.9857544204895413,1.1158720587124697,0.09979838709677419,0.4975982911641021,1.0,2/11,1.30%,P60709;O96019
prerank,"Interferon alpha receptor-ligand complex, IFNA5 variant",0.9304516486561374,1.1156111618943845,0.24197860962566844,0.4985536970049216,1.0,2/3,7.00%,P17181;P48551
prerank,"SWI/SNF ATP-dependent chromatin remodeling complex, ACTL6B-ARID1B-SMARCA2 variant",0.9865151329793614,1.115377076133438,0.08257804632426989,0.49914763069434015,1.0,1/11,0.97%,P60709
prerank,"Interferon alpha receptor-ligand complex, IFNA1 variant",0.9304516486561374,1.1152183156997213,0.2553475935828877,0.499378097277334,1.0,2/3,7.00%,P17181;P48551
prerank,"SWI/SNF ATP-dependent chromatin remodeling complex, ACTL6B-ARID1A-SMARCA4 variant",0.9862970058267471,1.115116790503025,0.07854984894259819,0.49912955250550367,1.0,1/11,0.97%,P60709
prerank,E3 ligase (RANBP2) complex,0.9323912441119424,1.1150700265899196,0.25977653631284914,0.49853986436629455,1.0,1/3,6.78%,P49792
prerank,"SWI/SNF ATP-dependent chromatin remodeling complex, ACTL6B-ARID1A-SMARCA2 variant",0.9864572351139963,1.1148540726572018,0.07754279959718026,0.49914138254101975,1.0,1/11,0.97%,P60709
prerank,Interferon kappa receptor-ligand complex,0.9304516486561374,1.1142983139734108,0.24528301886792453,0.5020906693514251,1.0,2/3,7.00%,P17181;P48551
prerank,U1 small nuclear ribonucleoprotein complex ,0.9777839489030826,1.1142360806054876,0.1461693548387097,0.5016135187697053,1.0,7/11,2.41%,P62304;P62308;P62318;P62306;P14678;P62314;P62316
prerank,Nexin-dynein regulatory complex,0.9844487642321578,1.1137759424288463,0.11414141414141414,0.5038921223429762,1.0,1/11,1.58%,Q8NEE6
prerank,mRNA cap guanine-N7 methyltransferase complex,0.9265724577445275,1.1136864232789345,0.2543507362784471,0.5035631982619722,1.0,1/3,7.36%,CHEBI:59789
prerank,BRCC E3 ubiquitin ligase complex,0.9528563505268994,1.1133788003872749,0.26082251082251084,0.5048307367666305,1.0,4/6,4.82%,Q9NXR7;P46736;P38398;P51587
prerank,Interleukin-35 receptor ligand type 1 complex,0.9318370739817123,1.1130190944072964,0.2644628099173554,0.5064196196855266,1.0,1/3,6.84%,P40189
prerank,METTL1-WDR4 tRNA (guanine-N(7)-)-methyltransferase complex,0.9265724577445275,1.1129762802007475,0.25100133511348466,0.5058527184851217,1.0,1/3,7.36%,CHEBI:59789
prerank,Fanconi anemia ubiquitin ligase complex,-0.46266999722453517,-1.1127675670864667,0.26666666666666666,0.4309913282062697,1.0,9/9,100.00%,O15287;O15360;Q00597;Q6NZ36;Q8NB91;Q9HB96;Q9NPI8;Q9NW38;Q0VG06
prerank,TMEM219-Interleukin-13 decoy-receptor-ligand alpha 2 complex,0.9243557772236076,1.1119860584895787,0.2554054054054054,0.5117282905650853,1.0,1/3,7.59%,P35225
prerank,"Interferon alpha receptor-ligand complex, IFNA14 variant",0.9304516486561374,1.1116891493243073,0.2543741588156124,0.5127591198002407,1.0,2/3,7.00%,P17181;P48551
prerank,Interferon beta receptor-ligand complex,0.9304516486561374,1.1116118352868494,0.25392670157068065,0.5123495701778087,1.0,2/3,7.00%,P17181;P48551
prerank,Nuclear exosome targeting complex,0.9221390967026877,1.111018073026757,0.25100671140939596,0.5153642414692424,1.0,1/3,7.81%,P42285
prerank,"Neural progenitor-specific SWI/SNF ATP-dependent chromatin remodeling complex, ARID1B-SMARCA4 variant",0.984964658625995,1.110925570763866,0.10505050505050505,0.515118534301933,1.0,2/11,1.30%,P60709;O96019
prerank,"Muscle cell-specific SWI/SNF ATP-dependent chromatin remodeling complex, ACTL6B-ARID1B-SMARCA4 variant",0.9860634040470497,1.1106576269356203,0.08651911468812877,0.5160234669456575,1.0,1/12,0.97%,P60709
prerank,"DREAM transcriptional repressor complex, RBL2 variant",0.980924426161776,1.1106451189545568,0.14705882352941177,0.5152258637279491,1.0,2/10,1.91%,Q09028;Q14186
prerank,"SWI/SNF ATP-dependent chromatin remodeling complex, ACTL6A-ARID1B-SMARCA4 variant",0.9850105994107993,1.1105790592602214,0.09788092835519677,0.5147440841217196,1.0,2/11,1.30%,P60709;O96019
prerank,"Neural progenitor-specific SWI/SNF ATP-dependent chromatin remodeling complex, ARID1A-SMARCA2 variant",0.9850303757732728,1.110511078065327,0.09557344064386318,0.5143122324907827,1.0,2/11,1.30%,P60709;O96019
prerank,Interleukin-7 sIL7RA-IL2RG receptor-ligand potentiating complex,0.930077317390285,1.1103371187974131,0.23874488403819918,0.5146057573879214,1.0,1/3,6.53%,P31785
prerank,"Muscle cell-specific SWI/SNF ATP-dependent chromatin remodeling complex, ACTL6B-ARID1A-SMARCA2 variant",0.9861656947248997,1.110275528516333,0.08032128514056225,0.5141180314210153,1.0,1/12,0.97%,P60709
prerank,Alternative pathway pathogen cell-bound C5 convertase complex C3bBbC3bP,0.9232474369631477,1.110261673219653,0.2552083333333333,0.5132924931259468,1.0,1/3,7.70%,CPX-973
prerank,"Interferon alpha receptor-ligand complex, IFNA8 variant",0.9304516486561374,1.1100710170271397,0.2585034013605442,0.5136896689851731,1.0,2/3,7.00%,P17181;P48551
prerank,"Muscle cell-specific SWI/SNF ATP-dependent chromatin remodeling complex, ACTL6B-ARID1B-SMARCA2 variant",0.9862235590009665,1.1100186554029434,0.0853413654618474,0.5131162972617376,1.0,1/12,0.97%,P60709
prerank,"Neural progenitor-specific SWI/SNF ATP-dependent chromatin remodeling complex, ARID1A-SMARCA4 variant",0.9849274932514993,1.1100112988449742,0.0967741935483871,0.5122491786605822,1.0,2/11,1.30%,P60709;O96019
prerank,"Muscle cell-specific SWI/SNF ATP-dependent chromatin remodeling complex, ACTL6B-ARID1A-SMARCA4 variant",0.9860055583840868,1.109871556352629,0.08350100603621731,0.5123032277254217,1.0,1/12,0.97%,P60709
prerank,"Interferon alpha receptor-ligand complex, IFNA2 variant",0.9304516486561374,1.1098127108853661,0.249667994687915,0.5117885472912498,1.0,2/3,7.00%,P17181;P48551
prerank,"Interferon alpha receptor-ligand complex, IFNA17 variant",0.9304516486561374,1.1097863949111324,0.26225165562913905,0.5110421982465541,1.0,2/3,7.00%,P17181;P48551
prerank,"Neural progenitor-specific SWI/SNF ATP-dependent chromatin remodeling complex, ARID1B-SMARCA2 variant",0.9850675488153917,1.1094088021446116,0.10483870967741936,0.5127787815718469,1.0,2/11,1.30%,P60709;O96019
prerank,"Interferon alpha receptor-ligand complex, IFNA7 variant",0.9304516486561374,1.109121206547945,0.25133689839572193,0.5137659378404753,1.0,2/3,7.00%,P17181;P48551
prerank,"DREAM transcriptional repressor complex, RBL1 variant",0.980924426161776,1.1090849808503445,0.1525940996948118,0.5130899087987059,1.0,2/10,1.91%,Q09028;Q14186
prerank,"SWI/SNF ATP-dependent chromatin remodeling complex, ACTL6A-ARID1A-SMARCA4 variant",0.9849734306127839,1.1090607548623637,0.09063444108761329,0.5123577981292586,1.0,2/11,1.30%,P60709;O96019
prerank,"Interferon alpha receptor-ligand complex, IFNA4 variant",0.9304516486561374,1.1090300287642487,0.2668463611859838,0.5116884427616399,1.0,2/3,7.00%,P17181;P48551
prerank,Ripoptosome,0.9207536713771127,1.1089058231681912,0.26812585499316005,0.511620618065362,1.0,1/3,7.95%,Q13546
prerank,BLOC-2 complex,-0.5788307010252148,-1.1088133483480045,0.30980392156862746,0.43208597749603667,1.0,3/3,100.00%,Q9UPZ3;Q86YV9;Q969F9
prerank,"SWI/SNF ATP-dependent chromatin remodeling complex, ACTL6A-ARID1B-SMARCA2 variant",0.9851134990786776,1.10872611547422,0.09879032258064516,0.5119355592975826,1.0,2/11,1.30%,P60709;O96019
prerank,"SWI/SNF ATP-dependent chromatin remodeling complex, ACTL6A-ARID1A-SMARCA2 variant",0.9850763226119793,1.1086301935290144,0.08962739174219536,0.5117982812468346,1.0,2/11,1.30%,P60709;O96019
prerank,"Interferon alpha receptor-ligand complex, IFNA10 variant",0.9304516486561374,1.1086069334531599,0.2595520421607378,0.5110691027590266,1.0,2/3,7.00%,P17181;P48551
prerank,"Neuron-specific SWI/SNF ATP-dependent chromatin remodeling complex, ARID1B-SMARCA4 variant",0.9862019831329262,1.108583685633776,0.09738955823293173,0.5103778782966595,1.0,1/12,0.97%,P60709
prerank,"CCR4-NOT mRNA deadenylase complex, CNOT6-CNOT8 variant",0.9822087276698125,1.108400854437897,0.14587525150905434,0.510642509107756,1.0,2/12,1.83%,CHEBI:18420;CHEBI:60240
prerank,"Neuron-specific SWI/SNF ATP-dependent chromatin remodeling complex, ARID1B-SMARCA2 variant",0.986362182682087,1.1082693394639678,0.09619238476953908,0.5106422439824801,1.0,1/12,0.97%,P60709
prerank,"Polybromo-associated SWI/SNF ATP-dependent chromatin remodeling complex, ACTL6B variant",0.9864205689219152,1.1079953059516054,0.09437751004016064,0.5116404474392242,1.0,1/13,0.97%,P60709
prerank,Interleukin-26 receptor-ligand complex,0.9226932668329177,1.1078605666877224,0.26933701657458564,0.5117496402675957,1.0,2/3,7.78%,Q08334;Q9UHF4
prerank,"Neuron-specific SWI/SNF ATP-dependent chromatin remodeling complex, ARID1A-SMARCA2 variant",0.9863043022928496,1.1078557360346215,0.0925553319919517,0.5108985420114955,1.0,1/12,0.97%,P60709
prerank,"Interferon alpha receptor-ligand complex, IFNA6 variant",0.9304516486561374,1.1076516756617631,0.2635135135135135,0.5113428256255244,1.0,2/3,7.00%,P17181;P48551
prerank,"Neuron-specific SWI/SNF ATP-dependent chromatin remodeling complex, ARID1A-SMARCA4 variant",0.9861441213645673,1.1076144819644858,0.09283551967709384,0.5107183489197635,1.0,1/12,0.97%,P60709
prerank,"CCR4-NOT mRNA deadenylase complex, CNOT6-CNOT7 variant",0.9822087276698125,1.1075865776863678,0.142570281124498,0.510053669612206,1.0,2/12,1.83%,CHEBI:18420;CHEBI:60240
prerank,MBD3/NuRD nucleosome remodeling and deacetylase complex,0.9824921456125917,1.1075084339894783,0.12776659959758552,0.5097016988941944,1.0,4/12,1.85%,Q09028;Q92769;Q13547;Q16576
prerank,U4 small nuclear ribonucleoprotein complex,0.9780616495417936,1.1072190869536387,0.17492416582406473,0.5106493248103925,1.0,8/11,2.41%,P55769;P62304;P62308;P62318;P62306;P14678;P62314;P62316
prerank,Chitinase 3-like-1-tmem219-interleukin-13 receptor-ligand alpha-2 signalling complex,0.9243348115299335,1.1068158105971948,0.2824519230769231,0.5125292923311222,1.0,1/4,7.59%,P35225
prerank,"CCR4-NOT mRNA deadenylase complex, CNOT6L-CNOT8 variant",0.9822087276698125,1.1065669662457498,0.14788732394366197,0.5133885342001423,1.0,2/12,1.83%,CHEBI:18420;CHEBI:60240
prerank,MBD2/NuRD nucleosome remodeling and deacetylase complex,0.9824921456125917,1.1063319435128816,0.12776659959758552,0.5140934375496801,1.0,4/12,1.85%,Q09028;Q92769;Q13547;Q16576
prerank,"Interferon alpha receptor-ligand complex, IFNA21 variant",0.9304516486561374,1.1060927155226363,0.26718547341115434,0.5148269382909394,1.0,2/3,7.00%,P17181;P48551
prerank,Interleukin-6-mIL6R-mIL6ST receptor-ligand classical signalling complex,0.9249099473538376,1.1059250676325258,0.26243093922651933,0.5151015288492831,1.0,2/3,7.56%,P40189;P05231
prerank,"CCR4-NOT mRNA deadenylase complex, CNOT6L-CNOT7 variant",0.9822087276698125,1.1057371721442517,0.14558232931726908,0.5153806459309627,1.0,2/12,1.83%,CHEBI:18420;CHEBI:60240
prerank,"Muscle cell-specific SWI/SNF ATP-dependent chromatin remodeling complex, ACTL6A-ARID1B-SMARCA4 variant",0.9848216141402838,1.1053056463473026,0.10362173038229376,0.517373396795326,1.0,2/12,1.30%,P60709;O96019
prerank,Interferon epsilon receptor-ligand complex,0.9304516486561374,1.104707369360466,0.2743243243243243,0.5203510525095745,1.0,2/3,7.00%,P17181;P48551
prerank,"Histone-lysine N-methyltransferase complex, SET1A variant",0.9715645393049084,1.1046028982551266,0.20081549439347604,0.5201955213809486,1.0,2/9,1.63%,P61964;P51610
prerank,Interferon omega receptor-ligand complex,0.9304516486561374,1.1045199162423818,0.27080581241743723,0.5198637754231743,1.0,2/3,7.00%,P17181;P48551
prerank,"Muscle cell-specific SWI/SNF ATP-dependent chromatin remodeling complex, ACTL6A-ARID1A-SMARCA2 variant",0.9848873128968414,1.1039053688292595,0.09437751004016064,0.5229178764789201,1.0,2/12,1.30%,P60709;O96019
prerank,"Interferon alpha receptor-ligand complex, IFNA16 variant",0.9304516486561374,1.1038549201569143,0.26541554959785524,0.5224047725173746,1.0,2/3,7.00%,P17181;P48551
prerank,"Muscle cell-specific SWI/SNF ATP-dependent chromatin remodeling complex, ACTL6A-ARID1B-SMARCA2 variant",0.9849244755356749,1.103814361464767,0.10251256281407035,0.5218036458441061,1.0,2/12,1.30%,P60709;O96019
prerank,"Muscle cell-specific SWI/SNF ATP-dependent chromatin remodeling complex, ACTL6A-ARID1A-SMARCA4 variant",0.9847844591658552,1.1036880242949543,0.09547738693467336,0.5218225630409086,1.0,2/12,1.30%,P60709;O96019
prerank,Membrane bound interleukin-6 mIL6R receptor-ligand cluster-signalling complex,0.9218620116375728,1.1033954423967671,0.273841961852861,0.5227410395433096,1.0,1/3,7.83%,P40189-1
prerank,"Retromer complex, VPS26A variant",0.9140403821364462,1.103338249510418,0.28512960436562074,0.5222530349474557,1.0,1/3,7.53%,Q9UBQ0
prerank,Mitochondrial respiratory chain complex IV,0.9922135706340377,1.1024853096239577,0.05410821643286573,0.5268453460448472,1.0,1/16,0.80%,CHEBI:30413
prerank,"Polybromo-associated SWI/SNF ATP-dependent chromatin remodeling complex, ACTL6A variant",0.9850492030648172,1.1023305532889558,0.11144578313253012,0.5269982364966548,1.0,2/13,1.30%,P60709;O96019
prerank,Embryonic stem cell-specific SWI/SNF ATP-dependent chromatin remodeling complex,0.985013565861824,1.1017474945220416,0.09959758551307847,0.5297731595203067,1.0,2/13,1.30%,P60709;O96019
prerank,"Retromer complex, VPS26B variant",0.9140403821364462,1.1001599780352362,0.27248322147651005,0.538554214396606,1.0,1/3,7.53%,Q9UBQ0
prerank,Interleukin-3 receptor-ligand complex,0.9165973954003879,1.0993409861156989,0.2882758620689655,0.5427941211540901,1.0,1/3,8.36%,P32927
prerank,GATOR2 complex,0.9257000277238702,1.099021576587956,0.3146696528555431,0.5437509981730092,1.0,2/5,7.48%,P55735;Q96EE3
prerank,Interleukin-1 beta ligand-decoy receptor type 2 complex,0.9136971035460699,1.0985123157445542,0.28879892037786775,0.5460039523805185,1.0,1/3,6.95%,Q9NPH3
prerank,DNA-directed RNA polymerase I complex,0.9829815280583709,1.0973954862077169,0.12212212212212212,0.5519910257119547,1.0,1/14,0.03%,CHEBI:29105
prerank,DNA-directed RNA polymerase II complex,0.9853063734566632,1.0970463645986825,0.10721442885771543,0.5531552852519116,1.0,2/14,0.25%,CHEBI:29105;CHEBI:18420
prerank,THUMPD3-TRM112 methyltransferase complex,0.9102244389027432,1.0953895403360685,0.2912234042553192,0.5621643778076694,1.0,2/3,9.03%,CHEBI:59789;Q9UI30
prerank,"Sodium:potassium-exchanging ATPase complex, FXYD1 variant",0.9041285674702133,1.094896990517405,0.28415300546448086,0.5643220949384299,1.0,2/3,9.63%,P05023;P05026
prerank,"Sodium:potassium-exchanging ATPase complex, FXYD5 variant",0.9041285674702133,1.0948914163015546,0.28091397849462363,0.5634401937426864,1.0,2/3,9.63%,P05023;P05026
prerank,"Sodium:potassium-exchanging ATPase complex, FXYD3 variant",0.9041285674702133,1.0947461797003213,0.2777777777777778,0.5634247119490934,1.0,2/3,9.63%,P05023;P05026
prerank,"DNA-directed RNA polymerase II complex, Pol II(G) variant",0.9853058325822421,1.0945994099371812,0.107,0.5633307409934452,1.0,2/15,0.25%,CHEBI:29105;CHEBI:18420
prerank,THUMPD2-TRM112 methyltransferase complex,0.9102244389027432,1.094398862753798,0.2971887550200803,0.5635176156053204,1.0,2/3,9.03%,CHEBI:59789;Q9UI30
prerank,Interleukin-15 receptor-ligand complex,0.9159096163344227,1.0943312813671295,0.3009478672985782,0.5629975685691206,1.0,1/4,6.53%,P31785
prerank,TRMT11-TRM112 methyltransferase complex,0.9102244389027432,1.0943213780779413,0.2994579945799458,0.5621595949417582,1.0,2/3,9.03%,CHEBI:59789;Q9UI30
prerank,INO80 chromatin remodeling complex,0.9808173477898248,1.0938326877749356,0.162,0.5639810078006093,1.0,4/15,2.02%,O96019;Q96EZ8;Q9Y230;Q9Y265
prerank,Interleukin-22 receptor-ligand complex,0.914103629814353,1.093737697107693,0.29583333333333334,0.5636012224739932,1.0,3/3,8.67%,Q08334;Q8N6P7;Q9GZX6
prerank,METTL5-TRM112 methyltransferase complex,0.9102244389027432,1.0930581621035638,0.3119891008174387,0.5667023406617552,1.0,2/3,9.03%,CHEBI:59789;Q9UI30
prerank,BUD23-TRM112 methyltransferase complex,0.9102244389027432,1.0929933310720619,0.29852744310575635,0.5661675560491157,1.0,2/3,9.03%,CHEBI:59789;Q9UI30
prerank,Interleukin-2 receptor-ligand complex,0.9159096163344227,1.0929689668601243,0.30641330166270786,0.5654121901974486,1.0,1/4,6.53%,P31785
prerank,"Sodium:potassium-exchanging ATPase complex, FXYD7 variant",0.9041285674702133,1.0928214351641101,0.29476584022038566,0.5653852221005234,1.0,2/3,9.63%,P05023;P05026
prerank,Interleukin-1 alpha decoy receptor-ligand type 2 complex,0.9136971035460699,1.0922269954006374,0.3117408906882591,0.5677390053815312,1.0,1/3,6.95%,Q9NPH3
prerank,"Histone-lysine N-methyltransferase complex, SET1B variant",0.9715557527734587,1.0916491781426336,0.22088353413654618,0.5700579010314959,1.0,2/11,1.63%,P61964;P51610
prerank,"Sodium:potassium-exchanging ATPase complex, FXYD6 variant",0.9041285674702133,1.091232823471513,0.2900552486187845,0.5714739762466932,1.0,2/3,9.63%,P05023;P05026
prerank,Interleukin-36B receptor ligand complex,0.911886949293433,1.0911702066075686,0.314404432132964,0.5709196312033442,1.0,2/3,8.86%,Q9NPH3;Q9HB29
prerank,N6AMT1-TRM112 methyltransferase complex,0.9102244389027432,1.0909395554318995,0.30173564753004006,0.5713313923830974,1.0,2/3,9.03%,CHEBI:59789;Q9UI30
prerank,Interleukin-1 alpha-membrane-bound receptor type 1 complex,0.9136971035460699,1.0902464338020839,0.3356643356643357,0.5741770870803249,1.0,1/3,6.95%,Q9NPH3
prerank,"Interferon lambda receptor-ligand complex, IFNL4 variant",0.9015280035552372,1.0901861814669547,0.30440587449933243,0.5736228107384084,1.0,1/3,6.67%,Q08334
prerank,"Interferon lambda receptor-ligand complex, IFNL1 variant",0.9015280035552372,1.0894856845018968,0.32599724896836313,0.5765698132300361,1.0,1/3,6.67%,Q08334
prerank,Interleukin-1 beta ligand-membrane bound receptor type 1 complex,0.904222709615356,1.0891455206934881,0.31343283582089554,0.5774976566504059,1.0,1/3,6.95%,Q9NPH3
prerank,RXRalpha-RARalpha-NCOA2 retinoic acid receptor complex,0.902514122851127,1.0889399742088897,0.307909604519774,0.5777756844458041,1.0,2/3,8.78%,P19793;Q15596
prerank,Interleukin-36A receptor ligand complex,0.911886949293433,1.0886909039812818,0.3165075034106412,0.5782185486202734,1.0,2/3,8.86%,Q9NPH3;Q9HB29
prerank,SRCAP chromatin remodeling complex,0.9492089925062449,1.0885569180571424,0.33706720977596744,0.5780607143499515,1.0,6/9,5.23%,O96019;Q9Y230;Q9Y265;Q15906;Q9NPF5;O95619
prerank,Interleukin-13 receptor-ligand alpha 1 complex,0.9036904539117594,1.0885414992580908,0.3028263795423957,0.5772291324312783,1.0,2/3,7.59%,P24394;P35225
prerank,"Nav1.9 voltage-gated sodium channel complex, SCN3B-SCN4B variant",0.8990459779034353,1.088470471139482,0.3095890410958904,0.5766828735476023,1.0,2/3,9.41%,Q9NY72;Q8IWT1
prerank,Interleukin-1 alpha-soluble receptor type 1 complex,0.9136971035460699,1.0882548853475302,0.31799729364005414,0.576949927099635,1.0,1/3,6.95%,Q9NPH3
prerank,"TRAMP complex, TENT4A-ZCCHC7 variant",0.9066352207336954,1.0881486853758047,0.313969571230982,0.5766088016270181,1.0,1/3,7.81%,P42285
prerank,"Nav1.1 voltage-gated sodium channel complex, SCN3B-SCN4B variant",0.8990459779034353,1.0879633344130566,0.31932773109243695,0.5767729584485035,1.0,2/3,9.41%,Q9NY72;Q8IWT1
prerank,"Nav1.1 voltage-gated sodium channel complex, SCN1B-SCN4B variant",0.8990459779034354,1.0878895538508382,0.326271186440678,0.5762893161660314,1.0,2/3,9.41%,Q07699;Q8IWT1
prerank,Interleukin-36G receptor ligand complex,0.911886949293433,1.0877250584097173,0.3108665749656121,0.5763081682431708,1.0,2/3,8.86%,Q9NPH3;Q9HB29
prerank,19S proteasome regulatory complex,0.9930205866664801,1.0876884638906181,0.041,0.5756082940055667,1.0,1/19,0.72%,P60896
prerank,Interleukin-1 beta ligand-soluble receptor type 1 complex,0.904222709615356,1.0876515272800082,0.3044654939106901,0.5749355431569279,1.0,1/3,6.95%,Q9NPH3
prerank,Interleukin-20 receptor-ligand Type 1 complex,0.9019118869492935,1.0872356860132268,0.30634278002699056,0.5763111829754474,1.0,2/3,9.86%,Q9UHF4;Q6UXL0
prerank,Fanconi anemia FANCM-FAAP24-MHF anchoring complex,0.9110310421286031,1.0871818651645941,0.344578313253012,0.5756908695031114,1.0,2/4,8.94%,Q8N2Z9;A8MT69
prerank,"Sodium:potassium-exchanging ATPase complex, FXYD4 variant",0.9041285674702133,1.0868298963739749,0.3009575923392613,0.5766882673153613,1.0,2/3,9.63%,P05023;P05026
prerank,Integrator core complex,0.9716430358632192,1.0866774735141145,0.22044088176352705,0.5766600055878253,1.0,1/15,2.85%,Q68E01
prerank,"Nav1.9 voltage-gated sodium channel complex, SCN2B-SCN3B variant",0.8993230629685504,1.0863661498238835,0.312242090784044,0.5774447089111502,1.0,2/3,9.39%,O60939;Q9NY72
prerank,"TRAMP complex, TENT4B-ZCCHC7 variant",0.9066352207336954,1.0863301925730624,0.32113821138211385,0.576739013835468,1.0,1/3,7.81%,P42285
prerank,eIF4E-CYFIP1-FMRP translational repressor complex,0.9077306733167081,1.0861396370215342,0.32058047493403696,0.5768442246891854,1.0,2/3,9.27%,P06730;Q06787
prerank,"Sodium:potassium-exchanging ATPase complex, FXYD2 variant",0.9041285674702133,1.0861246385949608,0.31420765027322406,0.5760445469153619,1.0,2/3,9.63%,P05023;P05026
prerank,COPII vesicle coat complex,0.9439356092145434,1.0861190280973911,0.35714285714285715,0.5752045957387046,1.0,1/9,5.62%,P55735
prerank,ALKBH8-TRM112 methyltransferase complex,0.9101995565410199,1.0860955021538157,0.3183431952662722,0.5744786852904081,1.0,2/4,9.03%,CHEBI:59789;Q9UI30
prerank,Alternative pathway fluid-phase C3 convertase complex C3(H2O)Bb,0.9008035466888333,1.0857950648033856,0.30933333333333335,0.5752219155238352,1.0,2/3,9.97%,P00751-PRO_0000027547;P01024-PRO_0000005908
prerank,"Nav1.1 voltage-gated sodium channel complex, SCN2B-SCN3B variant",0.8993230629685504,1.0849236796855217,0.3230769230769231,0.5787844803248051,1.0,2/3,9.39%,O60939;Q9NY72
prerank,"Nav1.9 voltage-gated sodium channel complex, SCN1B-SCN4B variant",0.8990459779034354,1.0848462893594872,0.3337893296853625,0.5783241532551159,1.0,2/3,9.41%,Q07699;Q8IWT1
prerank,Precursor interleukin-1 alpha-membrane-bound receptor type 1 complex,0.904222709615356,1.084819716009318,0.3389355742296919,0.5775783601332614,1.0,1/3,6.95%,Q9NPH3
prerank,"Interferon lambda receptor-ligand complex, IFNL3 variant",0.9015280035552372,1.0847734133174793,0.3370165745856354,0.5769519783618591,1.0,1/3,6.67%,Q08334
prerank,"Nav1.2 voltage-gated sodium channel complex, SCN3B-SCN4B variant",0.8990459779034353,1.0844927655606735,0.3310810810810811,0.5775738078428905,1.0,2/3,9.41%,Q9NY72;Q8IWT1
prerank,"Nav1.4 voltage-gated sodium channel complex, SCN1B-SCN4B variant",0.8990459779034354,1.084237274940725,0.3351724137931035,0.5779860939271857,1.0,2/3,9.41%,Q07699;Q8IWT1
prerank,"Nav1.2 voltage-gated sodium channel complex, SCN1B-SCN4B variant",0.8990459779034354,1.084077491935768,0.34100135317997293,0.5780261474369666,1.0,2/3,9.41%,Q07699;Q8IWT1
prerank,IL33 receptor-ligand complex,0.9088390135771682,1.0840370469106906,0.3192090395480226,0.5773737188692843,1.0,2/3,9.16%,Q9NPH3;O95760
prerank,"Nav1.1 voltage-gated sodium channel complex, SCN1B-SCN2B variant",0.8996001480336653,1.0839520863326155,0.3389355742296919,0.5769542169259454,1.0,2/3,9.36%,O60939;Q07699
prerank,"Nav1.6 voltage-gated sodium channel complex, SCN2B-SCN3B variant",0.8993230629685504,1.0839304423416887,0.3287101248266297,0.5761956511090865,1.0,2/3,9.39%,O60939;Q9NY72
prerank,"DNA-directed RNA polymerase III complex, POLR3GL variant",0.9848137348210487,1.08390768451095,0.121,0.57546027553345,1.0,2/19,0.25%,CHEBI:29105;CHEBI:18420
prerank,"Nav1.6 voltage-gated sodium channel complex, SCN3B-SCN4B variant",0.8990459779034353,1.0833699106424366,0.334716459197787,0.5774205976812248,1.0,2/3,9.41%,Q9NY72;Q8IWT1
prerank,"Nav1.6 voltage-gated sodium channel complex, SCN1B-SCN4B variant",0.8990459779034354,1.0833077799612914,0.34075104311543813,0.5769087767104975,1.0,2/3,9.41%,Q07699;Q8IWT1
prerank,Dolichol-phosphate mannosyltransferase complex,0.9077306733167082,1.0832478036627278,0.32689655172413795,0.5763631971518823,1.0,1/3,9.25%,O94777
prerank,"DNA-directed RNA polymerase III complex, POLR3G variant",0.9848137348210487,1.0831666473758463,0.122,0.5758912717917024,1.0,2/19,0.25%,CHEBI:29105;CHEBI:18420
prerank,"Nav1.5 voltage-gated sodium channel complex, SCN1B-SCN4B variant",0.8990459779034354,1.0829750370719826,0.34668508287292815,0.5759498691447108,1.0,2/3,9.41%,Q07699;Q8IWT1
prerank,"Nav1.7 voltage-gated sodium channel complex, SCN3B-SCN4B variant",0.8990459779034353,1.082903307300923,0.34657534246575344,0.5754687689820494,1.0,2/3,9.41%,Q9NY72;Q8IWT1
prerank,VCP-NPL4-UFD1 AAA ATPase complex,0.9042202019011962,1.0825340403781223,0.34668508287292815,0.5764793617794712,1.0,1/3,6.45%,P55072
prerank,"Nav1.5 voltage-gated sodium channel complex, SCN3B-SCN4B variant",0.8990459779034353,1.0825099245457235,0.3236111111111111,0.5757665322252435,1.0,2/3,9.41%,Q9NY72;Q8IWT1
prerank,SIN3A histone deacetylase complex,0.9753113525435846,1.0820637873655043,0.1921921921921922,0.5771519558408298,1.0,4/15,1.85%,Q09028;Q92769;Q13547;Q16576
prerank,"Nav1.6 voltage-gated sodium channel complex, SCN1B-SCN2B variant",0.8996001480336653,1.0818387210332086,0.33286516853932585,0.5773193599658897,1.0,2/3,9.36%,O60939;Q07699
prerank,Interleukin-19 receptor-ligand complex,0.9019118869492935,1.081558395449449,0.31917808219178084,0.5779426276646044,1.0,2/3,9.86%,Q9UHF4;Q6UXL0
prerank,Telomerase holoenzyme complex,0.9314840499306518,1.0812931021815981,0.37408568443051204,0.578413762232772,1.0,1/7,6.87%,O14746
prerank,"SAGA complex, KAT2A variant",0.988582207881485,1.0811548715889892,0.075,0.5781978294757013,1.0,10/21,1.22%,Q15393;Q9BWJ5;Q9Y4A5;Q9NPA8;O75528;Q92830;Q96ES7;Q16594;Q16514;Q12962
prerank,"Interferon lambda receptor-ligand complex, IFNL2 variant",0.9015280035552372,1.0811231471149836,0.33964817320703655,0.5775423638504048,1.0,1/3,6.67%,Q08334
prerank,"Nav1.4 voltage-gated sodium channel complex, SCN3B-SCN4B variant",0.8990459779034353,1.0809467788797533,0.3356353591160221,0.577619764508117,1.0,2/3,9.41%,Q9NY72;Q8IWT1
prerank,"Nav1.2 voltage-gated sodium channel complex, SCN2B-SCN3B variant",0.8993230629685504,1.0809443402838776,0.3374485596707819,0.5767940039037925,1.0,2/3,9.39%,O60939;Q9NY72
prerank,Interleukin-20 receptor-ligand type 2 complex,0.9019118869492935,1.0808453716190554,0.3172043010752688,0.576424592360852,1.0,2/3,9.86%,Q8N6P7;Q6UXL0
prerank,"Nav1.9 voltage-gated sodium channel complex, SCN1B-SCN2B variant",0.8996001480336653,1.0805177397794459,0.34344827586206894,0.5770679372085843,1.0,2/3,9.36%,O60939;Q07699
prerank,"Nav1.7 voltage-gated sodium channel complex, SCN2B-SCN3B variant",0.8993230629685504,1.0803583048850705,0.3474114441416894,0.5770249755227606,1.0,2/3,9.39%,O60939;Q9NY72
prerank,Interleukin-17C receptor-ligand complex,0.9049334811529933,1.0800850116998517,0.3545232273838631,0.5775248390727955,1.0,2/4,9.55%,O43734;Q96F46
prerank,"Nav1.2 voltage-gated sodium channel complex, SCN1B-SCN2B variant",0.8996001480336653,1.0799106341006186,0.3478854024556617,0.5775734847269659,1.0,2/3,9.36%,O60939;Q07699
prerank,"Nav1.7 voltage-gated sodium channel complex, SCN1B-SCN4B variant",0.8990459779034354,1.0795608096429652,0.35390946502057613,0.5783596243765259,1.0,2/3,9.41%,Q07699;Q8IWT1
prerank,"Nav1.4 voltage-gated sodium channel complex, SCN2B-SCN3B variant",0.8993230629685504,1.0794436938016987,0.3516483516483517,0.5781484291251207,1.0,2/3,9.39%,O60939;Q9NY72
prerank,Precursor interleukin-1 alpha-soluble receptor type 1 complex,0.904222709615356,1.0793266789256715,0.33975240715268223,0.5779082947900673,1.0,1/3,6.95%,Q9NPH3
prerank,"Nav1.8 voltage-gated sodium channel complex, SCN3B-SCN4B variant",0.8990459779034353,1.0791627715179843,0.3497942386831276,0.5778458651247886,1.0,2/3,9.41%,Q9NY72;Q8IWT1
prerank,"SAGA complex, KAT2B variant",0.9885803313194805,1.078966392932048,0.082,0.577941770778495,1.0,10/21,1.22%,Q15393;Q9BWJ5;Q9Y4A5;Q9NPA8;O75528;Q96ES7;Q92831;Q16594;Q16514;Q12962
prerank,SIN3B histone deacetylase complex,0.9753113525435846,1.0787811461338974,0.1961961961961962,0.5780435957789967,1.0,4/15,1.85%,Q09028;Q92769;Q13547;Q16576
prerank,"Nav1.5 voltage-gated sodium channel complex, SCN2B-SCN3B variant",0.8993230629685504,1.0785965276869354,0.3319327731092437,0.5780338087635806,1.0,2/3,9.39%,O60939;Q9NY72
prerank,"Nav1.8 voltage-gated sodium channel complex, SCN1B-SCN4B variant",0.8990459779034354,1.0785702467651699,0.35294117647058826,0.5773200177748025,1.0,2/3,9.41%,Q07699;Q8IWT1
prerank,Hexasome complex,0.9016075388026608,1.0781094672855793,0.3285198555956679,0.5786710966530056,1.0,2/4,9.88%,P62805;P68431
prerank,"Nav1.5 voltage-gated sodium channel complex, SCN1B-SCN2B variant",0.8996001480336653,1.0780884170691636,0.34535367545076284,0.5779553491543639,1.0,2/3,9.36%,O60939;Q07699
prerank,Integrator-PP2A complex,0.9721835883171072,1.0779782417333224,0.22122122122122123,0.5776843917090941,1.0,3/17,2.85%,P30153;P67775;Q68E01
prerank,"Nav1.4 voltage-gated sodium channel complex, SCN1B-SCN2B variant",0.8996001480336653,1.0773909794961973,0.35465924895688455,0.5795557807862283,1.0,2/3,9.36%,O60939;Q07699
prerank,Interleukin-17A receptor-ligand complex,0.9049334811529933,1.0771798951158538,0.3547589616810878,0.5796819089101787,1.0,2/4,9.55%,O43734;Q96F46
prerank,General transcription factor complex TFIID,0.9605314309211407,1.0767702773492867,0.31093279839518556,0.5808624331941978,1.0,9/14,4.18%,P20226;Q16594;Q16514;Q12962;P49848;Q15542;Q15545;Q6P1X5;O00268
prerank,AIM2 inflammasome,0.8966472707121087,1.0766327962961277,0.340080971659919,0.5806745105904535,1.0,2/3,10.38%,P29466;Q9ULZ3
prerank,"Nax cation channel complex, SCN3B-SCN4B variant",0.8990459779034353,1.0765355299654862,0.34716459197787,0.5802901945735172,1.0,2/3,9.41%,Q9NY72;Q8IWT1
prerank,"General transcription factor complex TFIID, TAF4B variant",0.9605314020420107,1.0764378486572521,0.3119358074222668,0.5799267766335751,1.0,8/14,4.15%,P20226;Q16594;Q16514;Q12962;P49848;Q15542;Q15545;Q6P1X5
prerank,U5 small nuclear ribonucleoprotein complete complex,0.9650996001025682,1.0762385666335765,0.2782782782782783,0.5800225753077044,1.0,12/15,3.54%,P62304;P62308;P62318;P62306;P14678;P62314;P62316;Q96DI7;Q15029;Q6P2Q9;O75643;URS000075BAAE_9606
prerank,U6 small nuclear ribonucleoprotein complex,0.9389397724118794,1.0761959535812964,0.375,0.5794325355974036,1.0,8/9,6.31%,URS00006767A8_9606;Q9UK45;O95777;P62310;P62312;Q9Y333;Q9Y4Z0;Q9Y4Y9
prerank,SKI complex,0.9027431421446384,1.076174277266022,0.34444444444444444,0.5787242281513193,1.0,1/3,9.75%,Q9GZS3
prerank,"Nav1.3 voltage-gated sodium channel complex, SCN1B-SCN4B variant",0.8990459779034354,1.0759748203856316,0.35302197802197804,0.5788213067589589,1.0,2/3,9.41%,Q07699;Q8IWT1
prerank,"Nax cation channel complex, SCN2B-SCN3B variant",0.8993230629685504,1.0758443676917206,0.35182679296346414,0.5785926598942916,1.0,2/3,9.39%,O60939;Q9NY72
prerank,"Nav1.3 voltage-gated sodium channel complex, SCN3B-SCN4B variant",0.8990459779034353,1.0758321095504189,0.33848314606741575,0.5778552315983994,1.0,2/3,9.41%,Q9NY72;Q8IWT1
prerank,"Nax cation channel complex, SCN1B-SCN4B variant",0.8990459779034354,1.0754701837048146,0.3586206896551724,0.5786595723038854,1.0,2/3,9.41%,Q07699;Q8IWT1
prerank,"Interleukin-24 receptor-ligand complex, type 1",0.8940067486171528,1.075309826103891,0.3356449375866852,0.5785783246201758,1.0,2/3,9.86%,Q9UHF4;Q6UXL0
prerank,STING-TRAF3-TBK1 complex,0.8966472707121086,1.0752426708835985,0.3242876526458616,0.5780983898373094,1.0,3/3,10.41%,Q9UHD2;Q13114;Q86WV6
prerank,"Interleukin-24 receptor-ligand complex, type 2",0.8924332139728106,1.075091826157169,0.3382949932341001,0.5779986037030104,1.0,2/3,9.86%,Q8N6P7;Q6UXL0
prerank,Interleukin-17F receptor-ligand complex,0.9049334811529933,1.074944666494928,0.3693251533742331,0.5778645672728648,1.0,2/4,9.55%,O43734;Q96F46
prerank,"Nav1.8 voltage-gated sodium channel complex, SCN2B-SCN3B variant",0.8993230629685504,1.074085251304002,0.35586206896551725,0.5812387607189002,1.0,2/3,9.39%,O60939;Q9NY72
prerank,Laminin-121 complex,0.8872851146658222,1.0739570710020407,0.3283173734610123,0.5810572057789178,1.0,2/3,10.44%,P55268;P11047
prerank,NLRP3 inflammasome,0.8966472707121087,1.0739262164612617,0.330150068212824,0.580417202129204,1.0,2/3,10.38%,P29466;Q9ULZ3
prerank,"SIN3A histone deacetylase complex, ES cell-specific variant",0.9786098403329638,1.073398213547208,0.174,0.582039197819213,1.0,5/18,1.85%,O15294;Q09028;Q92769;Q13547;Q16576
prerank,"Nav1.3 voltage-gated sodium channel complex, SCN2B-SCN3B variant",0.8993230629685504,1.072992175543056,0.3555240793201133,0.5830499606792041,1.0,2/3,9.39%,O60939;Q9NY72
prerank,NLRP1 inflammasome,0.8966472707121087,1.072858376231831,0.35655737704918034,0.582871381749315,1.0,2/3,10.38%,P29466;Q9ULZ3
prerank,Interleukin-12-receptor ligand complex,0.8983097811027986,1.0727207415767266,0.35567715458276333,0.5826174686541856,1.0,1/3,10.19%,P42701-PRO_0000010917
prerank,"Nav1.7 voltage-gated sodium channel complex, SCN1B-SCN2B variant",0.8996001480336653,1.072662289201254,0.3676056338028169,0.5820836409654286,1.0,2/3,9.36%,O60939;Q07699
prerank,Pyrin inflammasome,0.8966472707121087,1.0725607027965554,0.349527665317139,0.5817736757018276,1.0,2/3,10.38%,P29466;Q9ULZ3
prerank,VCP-NPL4-UFD1-FAF1 AAA ATPase complex,0.9042023849014438,1.0721687722966537,0.36816524908869985,0.5827319969140305,1.0,1/4,6.45%,P55072
prerank,VCP-NPL4-UFD1-FAF2 AAA ATPase complex,0.9042023849014438,1.0720688825155957,0.3627450980392157,0.5823998133650781,1.0,1/4,6.45%,P55072
prerank,Classical and lectin pathway C3 convertase complex C4b2a-B,0.9007760532150776,1.071954407141086,0.35503685503685506,0.5821098802868996,1.0,1/4,9.94%,P06681-PRO_0000027612
prerank,VCP-NPL4-UFD1-UBXN1 AAA ATPase complex,0.9042023849014438,1.0718777150120358,0.3688029020556227,0.5816393590844746,1.0,1/4,6.45%,P55072
prerank,Classical and lectin pathway C3 convertase complex C4b2a-A,0.9007760532150776,1.0717565539449823,0.3641826923076923,0.5813321032070135,1.0,1/4,9.94%,P06681-PRO_0000027612
prerank,VCP-NPL4-UFD1-UBXN7 AAA ATPase complex,0.9042023849014438,1.0717000560492365,0.37209302325581395,0.5807727364570827,1.0,1/4,6.45%,P55072
prerank,"Nax cation channel complex, SCN1B-SCN2B variant",0.8996001480336653,1.0714671925571728,0.3698630136986301,0.5810402477282015,1.0,2/3,9.36%,O60939;Q07699
prerank,ISGF3 complex,0.8927680798004987,1.0707145249981516,0.34206896551724136,0.5835113777640302,1.0,2/3,10.77%,P42224;P52630
prerank,Small ribosomal subunit processome,0.9979313908352119,1.0703107396836165,0.015,0.5844291622146585,1.0,2/29,0.08%,P55769;Q9NV06
prerank,"Nav1.8 voltage-gated sodium channel complex, SCN1B-SCN2B variant",0.8996001480336653,1.069995651928397,0.37202797202797205,0.5849846526789761,1.0,2/3,9.36%,O60939;Q07699
prerank,Collagen type XI trimer variant 1,0.8930451648656137,1.0698001738887886,0.35967302452316074,0.5850493117634904,1.0,1/3,10.71%,P12107
prerank,"Nav1.3 voltage-gated sodium channel complex, SCN1B-SCN2B variant",0.8996001480336653,1.069521942699464,0.3707865168539326,0.5854595164874948,1.0,2/3,9.36%,O60939;Q07699
prerank,Laminin-111 complex,0.8869075525014332,1.0691939681098008,0.34075104311543813,0.5860667395296959,1.0,2/3,10.44%,P07942;P11047
prerank,"TREX transcription-export complex, DX39B variant",0.9618678754524067,1.0688954442659915,0.302,0.5865210314957139,1.0,2/16,3.85%,Q86V81;Q53F19
prerank,Interleukin-17A-F receptor-ligand complex,0.9049071250346549,1.0676547169610857,0.3951890034364261,0.5909259027912166,1.0,2/5,9.55%,O43734;Q96F46
prerank,DISP septin regulator complex,0.8908284843446939,1.0673846101493802,0.3635116598079561,0.5912752617883315,1.0,1/3,10.94%,Q9UM54
prerank,Laminin-321 complex,0.8805763369354391,1.0669156930392192,0.35567715458276333,0.592472790106872,1.0,3/3,12.02%,P55268;P11047;Q16787-1
prerank,Fukutin-FKRP-TMEM5 multienzyme complex,-0.5597118315322804,-1.0664958967029083,0.3726235741444867,0.5039856131302899,1.0,3/3,100.00%,O75072;Q9H9S5;Q9Y2B1
prerank,NuA4 histone acetyltransferase complex,0.9738899687022323,1.066402087913612,0.245,0.5937872256886936,1.0,6/19,2.02%,Q9Y4A5;Q9HAF1;P60709;O96019;Q9Y230;Q9Y265
prerank,"Poly(A) tail exosome targeting complex, RBM26 variant",0.8990190015141499,1.0656300115829298,0.4009009009009009,0.5963207259550974,1.0,1/5,7.81%,P42285
prerank,NLRC4 inflammasome,0.8966186252771619,1.0650987877735607,0.36816524908869985,0.5977665270882471,1.0,2/4,10.38%,P29466;Q9ULZ3
prerank,PAF1 complex,0.9026622296173045,1.065057003165829,0.4002145922746781,0.5971460190209027,1.0,1/6,9.75%,Q9GZS3
prerank,"TREX transcription-export complex, DX39A variant",0.9618678754524067,1.0645613951739632,0.311,0.5984890075186933,1.0,2/16,3.85%,Q86V81;Q53F19
prerank,"Poly(A) tail exosome targeting complex, RBM27 variant",0.8990190015141499,1.0639757441800084,0.3923766816143498,0.6001719846482435,1.0,1/5,7.81%,P42285
prerank,Laminin-311 complex variant A,0.8805763369354392,1.063401504086594,0.3647711511789182,0.6017500152209933,1.0,3/3,12.02%,P07942;P11047;Q16787-1
prerank,LIFT actin modulation complex,0.8907982261640798,1.0629964989948408,0.3823178016726404,0.6026658262963559,1.0,1/4,10.94%,Q9UM54
prerank,"NMDA receptor complex, GluN1-GluN2A-GluN2B",0.885009697977279,1.0623841795480753,0.36813922356091033,0.6044096356770996,1.0,1/3,11.52%,Q05586
prerank,HAUS complex,-0.46947835738068816,-1.06223024405556,0.25,0.5060270678204536,1.0,8/8,100.00%,O94927;Q7Z4H7;Q96CS2;Q99871;Q9BT25;Q9H6D7;Q9NVX0;Q68CZ6
prerank,Fibrin complex,0.8789138265447493,1.061778760775331,0.36893203883495146,0.606154563442148,1.0,1/3,12.13%,P02679-PRO_0000009099
prerank,"GABA-A receptor, alpha3-beta3-theta",0.8841784427819339,1.060628004664728,0.37142857142857144,0.6103196070764553,1.0,2/3,11.63%,P28472;P34903
prerank,Interleukin-4 receptor-ligand type-1 complex,0.8923045449719418,1.0605152991411138,0.37655172413793103,0.6100085606040472,1.0,2/3,7.39%,P31785;P24394
prerank,20S immunoproteasome complex,0.9502282830274085,1.0599929970079738,0.4214214214214214,0.6113490133866686,1.0,11/14,5.26%,P28066;P28070;P49721;P49720;P25786;P25788;P60900;P25787;P20618;P25789;O14818
prerank,Lymphotoxin-alpha-beta-LTBR receptor complex,0.885009697977279,1.0595884419588422,0.38461538461538464,0.6122706187253796,1.0,2/3,11.54%,P01374;P36941
prerank,Mitochondrial complex I intermediate assembly (MCIA) complex,-0.48114254021075986,-1.0591723716914492,0.32857142857142857,0.5060539789290851,1.0,6/6,100.00%,Q9BQ95;Q8IUX1;Q96B77;Q9GZY4;Q9Y375;Q9H845
prerank,Interleukin-25 receptor-ligand complex,0.889781966015941,1.0591050994436901,0.3796068796068796,0.6135151019271365,1.0,2/4,9.55%,O43734;Q96F46
prerank,Laminin-221 complex,0.8752114300394747,1.0589941033986072,0.35465924895688455,0.6131546863709699,1.0,2/3,10.44%,P55268;P11047
prerank,Interleukin-17B receptor-ligand complex,0.889781966015941,1.0588350855674722,0.3849938499384994,0.6130233150399022,1.0,2/4,9.55%,O43734;Q96F46
prerank,"Nucleosome complex, H2A type 1 variant ",0.8952037704463541,1.0576003608813098,0.3890746934225195,0.6173521548646239,1.0,4/5,10.58%,P62805;P06899;P68431;CHEBI:4705
prerank,Glycosylphosphatidylinositol-N-acetylglucosaminyltransferase complex,0.907628294036061,1.0575702662840194,0.43067226890756305,0.6166984632953352,1.0,1/7,9.25%,O94777
prerank,20S thymoproteasome complex,0.9502282830274085,1.0572010332766029,0.43743743743743746,0.6174294971542931,1.0,11/14,5.26%,P28066;P28070;P49721;P49720;P25786;P25788;P60900;P25787;P20618;P25789;O14818
prerank,"Nucleosome, variant H3.1-H2A.V-H2B.1",0.8952037704463541,1.0569083037311815,0.38895152198421645,0.6178175518343064,1.0,4/5,10.58%,P62805;P06899;P68431;CHEBI:4705
prerank,Mitotic Checkpoint Complex,0.8844235033259424,1.0568174162109196,0.38822115384615385,0.617379755241877,1.0,2/4,11.60%,Q12834;Q13257
prerank,Cyclin-dependent protein kinase-activating kinase complex,-0.5303408146300915,-1.0567251960450053,0.3087719298245614,0.5045334992890855,1.0,3/3,100.00%,P51948;P50613;P51946
prerank,TFTC histone acetylation complex,0.9573866853330723,1.0563875614213318,0.362,0.6183221417589884,1.0,12/18,4.18%,Q9Y4A5;Q9NPA8;O75528;Q92830;Q16594;Q16514;Q12962;P49848;Q15542;Q15545;Q6P1X5;O00268
prerank,Laminin-211 complex,0.8743276834017876,1.0552840880044692,0.37119113573407203,0.6219829146376562,1.0,2/3,10.44%,P07942;P11047
prerank,"Nucleosome, variant H3.1-H2A.Z-H2B.1",0.8952037704463541,1.0546851722935597,0.3995560488346282,0.6236586292822894,1.0,4/5,10.58%,P62805;P06899;P68431;CHEBI:4705
prerank,"Eukaryotic translation initiation factor 4F, EIF4A1 and EIF4G3 variant",0.8770275167161115,1.0544787070547306,0.4053691275167785,0.6236678481286384,1.0,1/3,8.47%,P06730
prerank,20S spermatoproteasome complex,0.9444135630906059,1.0540800371721488,0.4653961885656971,0.624388880351749,1.0,13/14,5.90%,P28066;P28070;P49721;P49720;P25786;P25788;P60900;P25787;P20618;P25789;Q99436;P28074;P28072
prerank,"Eukaryotic translation initiation factor 4F, EIF4A2 and EIF4G1 variant",0.8770275167161115,1.0538954141686512,0.39357429718875503,0.6243454565256018,1.0,1/3,8.47%,P06730
prerank,Interleukin-23 receptor-ligand complex,0.8847006651884701,1.0538337294600302,0.4021479713603819,0.6237678971730648,1.0,2/4,11.57%,P42701-PRO_0000010917;P29460-PRO_0000010930
prerank,20S proteasome complex,0.9446914952751526,1.053724468957609,0.4619238476953908,0.6233715335625316,1.0,14/14,5.90%,P28066;P28070;P49721;P49720;P25786;P25788;P60900;P25787;P20618;P25789;O14818;Q99436;P28074;P28072
prerank,"Eukaryotic translation initiation factor 4F, EIF4A1 and EIF4G1 variant",0.8770275167161115,1.0536296785995989,0.4103585657370518,0.6229497524878337,1.0,1/3,8.47%,P06730
prerank,Interleukin 11-mIL11RA-IL-6ST receptor-ligand complex,0.8805763369354391,1.0528056480756673,0.4016393442622951,0.6253692656298144,1.0,2/3,11.99%,P40189;P20809
prerank,Interleukin-6 sIL6R-mIL6ST receptor-ligand trans-signalling complex,0.8759852505486387,1.0526747838516086,0.3803009575923393,0.6250695171518037,1.0,2/3,7.83%,P05231;P40189-1
prerank,Fibrinogen complex,0.8789138265447493,1.0525313630800073,0.3906040268456376,0.6248550802421265,1.0,1/3,12.13%,P02679-PRO_0000009099
prerank,"Eukaryotic translation initiation factor 4F, EIF4A2 and EIF4G3 variant",0.8770275167161115,1.0523987382157953,0.40751043115438107,0.6246231962993847,1.0,1/3,8.47%,P06730
prerank,Laminin-421 complex,0.8752114300394747,1.0521933079678936,0.3875862068965517,0.6246283023491612,1.0,2/3,10.44%,P55268;P11047
prerank,PA28-gamma double-capped 20S proteasome complex,0.9446761189880453,1.0509711849118768,0.47394789579158314,0.6278444863489422,1.0,14/15,5.90%,P28066;P28070;P49721;P49720;P25786;P25788;P60900;P25787;P20618;P25789;O14818;Q99436;P28074;P28072
prerank,PA28-gamma single-capped 20S proteasome complex,0.9446761189880453,1.0509711849118768,0.47394789579158314,0.6278444863489422,1.0,14/15,5.90%,P28066;P28070;P49721;P49720;P25786;P25788;P60900;P25787;P20618;P25789;O14818;Q99436;P28074;P28072
prerank,Laminin-411 complex,0.8743276834017876,1.0506487164591976,0.3924581005586592,0.6283729387055274,1.0,2/3,10.44%,P07942;P11047
prerank,Interleukin-6 sIL6R-sIL6ST buffering receptor-ligand complex,0.8708783596564145,1.0503261419505034,0.3983957219251337,0.6288395309105638,1.0,3/3,12.98%,P05231;P40189-2;P08887-PRO_0000450730
prerank,"Radial spoke complex, ciliiar variant",0.9332004087571948,1.050244707476174,0.4839357429718876,0.6283955600204763,1.0,1/12,5.79%,Q96FJ2
prerank,60S cytosolic large ribosomal subunit,0.9942186651471714,1.0494121901113163,0.015,0.630986089004851,1.0,1/47,0.58%,P40429
prerank,"60S cytosolic large ribosomal subunit, testis-specific variant",0.9942212229771221,1.0491470932914078,0.015,0.6312338547428553,1.0,1/47,0.58%,P40429
prerank,"60S cytosolic large ribosomal subunit, striated muscle variant",0.9942183699588899,1.049068902290129,0.017,0.6307830684926337,1.0,1/48,0.58%,P40429
prerank,PA200-20S-PA200 double-capped proteasome complex,0.9446761189880453,1.0490619126436715,0.47847847847847846,0.6292242250548105,1.0,14/15,5.90%,P28066;P28070;P49721;P49720;P25786;P25788;P60900;P25787;P20618;P25789;O14818;Q99436;P28074;P28072
prerank,PA200-20S single-capped proteasome,0.9446761189880453,1.0490619126436715,0.47847847847847846,0.6292242250548105,1.0,14/15,5.90%,P28066;P28070;P49721;P49720;P25786;P25788;P60900;P25787;P20618;P25789;O14818;Q99436;P28074;P28072
prerank,NRZ tethering complex,0.8786367414796342,1.0489792692428073,0.40620782726045884,0.6287613078942061,1.0,1/3,12.15%,O43264
prerank,U2 small nuclear ribonucleoprotein complex,0.9719189774581928,1.048814415430865,0.267,0.6285800447142964,1.0,13/23,2.49%,Q15393;Q9BWJ5;O75533;P62304;P62308;P62318;P62306;P14678;P62314;P62316;URS00006A1489_9606;P08579;P09661
prerank,"GABA-A receptor, alpha3-beta3-gamma3",0.8748869212952906,1.048590999836136,0.38420348058902276,0.6286045809600925,1.0,2/3,11.63%,P28472;P34903
prerank,"Nucleosome complex, H2BC12 variant ",0.8874410867757139,1.0483643709186985,0.39662921348314606,0.6286996817802548,1.0,4/5,11.35%,P62805;P68431;CHEBI:4705;P04908
prerank,RZZ complex,0.8786367414796342,1.0483107637983107,0.4095238095238095,0.6281108716946063,1.0,1/3,12.15%,O43264
prerank,"Nucleosome, variant H3.1-H2A.2-H2B.1",0.8877183254782366,1.0465381237131717,0.4175084175084175,0.6342230104616688,1.0,5/5,11.35%,P62805;P06899;P68431;CHEBI:4705;P04908
prerank,"RNA decapping and exonuclease complex, DCP1B variant",0.887999532941757,1.04650387552468,0.4299363057324841,0.6335719445380862,1.0,1/6,8.06%,P26196
prerank,"RNA decapping and exonuclease complex, DCP1A variant",0.887999532941757,1.0464608341910735,0.4267379679144385,0.6329414220946434,1.0,1/6,8.06%,P26196
prerank,"Nucleosome, variant H3.1t-H2A.2-H2B.1",0.8874410867757139,1.0462202258667943,0.42157953281423804,0.6331398586241045,1.0,4/5,11.35%,P62805;P06899;CHEBI:4705;P04908
prerank,Condensin I complex,0.8818963127252565,1.0459448135761034,0.43410852713178294,0.6334416019852557,1.0,2/5,11.85%,O95347;Q9NTJ3
prerank,CENP-A nucleosome complex,0.8871638480731912,1.0455104057357847,0.41870824053452116,0.6342838417398733,1.0,3/5,11.35%,P62805;P06899;P04908
prerank,Major Spliceosomal Pre-B complex,0.9711513595986079,1.045497309719003,0.272,0.6335452987433954,1.0,14/26,2.60%,Q15393;Q9BWJ5;O75533;P62304;P62308;P62318;P62306;P14678;P62314;P62316;URS00006A1489_9606;P08579;P09661;CHEBI:139356
prerank,Granulocyte-macrophage colony-stimulating factor-receptor complex,0.8772172949002219,1.0454514504920138,0.42066420664206644,0.6329469198772135,1.0,2/4,12.32%,P32927;O60674
prerank,PA28-alphabeta double-capped 20S proteasome complex,0.9446607341490542,1.0442613638761888,0.498,0.6359720582163028,1.0,14/16,5.90%,P28066;P28070;P49721;P49720;P25786;P25788;P60900;P25787;P20618;P25789;O14818;Q99436;P28074;P28072
prerank,PA28-alphabeta single-capped 20S proteasome complex,0.9446607341490542,1.0442613638761888,0.498,0.6359720582163028,1.0,14/16,5.90%,P28066;P28070;P49721;P49720;P25786;P25788;P60900;P25787;P20618;P25789;O14818;Q99436;P28074;P28072
prerank,"Radial spoke complex, flagellar variant",0.9331843549150782,1.0441882009252443,0.5235707121364093,0.6354625504090131,1.0,1/13,5.79%,Q96FJ2
prerank,BORC complex,0.8998335183129855,1.0435800426305415,0.45923632610939114,0.6370431272086802,1.0,3/8,10.08%,P78537;O95295;Q6QNY1
prerank,"Nucleosome, variant H3.2-H2A.2-H2B.1",0.8874410867757139,1.0429455930528542,0.4164785553047404,0.6387025671048958,1.0,4/5,11.35%,P62805;P06899;CHEBI:4705;P04908
prerank,Interleukin-27 receptor-ligand complex,0.8798081557890678,1.042346759472269,0.4460431654676259,0.6402286106716504,1.0,2/4,8.80%,P40189;Q14213
prerank,Mitochondrial respiratory chain complex I,0.9851248947516139,1.0401354648085976,0.084,0.6478105473582206,1.0,3/49,1.55%,CHEBI:16238;CHEBI:49601;O14561
prerank,"Intron Lariat Spliceosome, type 1 complex",0.9712290502793303,1.0398656130587727,0.245,0.6479904775237738,1.0,31/32,3.71%,Q13573;P62304;P62308;P62318;P62306;P14678;URS00006767A8_9606;P62314;P62316;URS00006A1489_9606;P08579;P09661;CHEBI:139356;Q96DI7;Q15029;Q6P2Q9;Q9P013;Q99459;O43660;Q9UMS4;O75934;Q9UNP9;Q9HCS7;O60306;URS000075BAAE_9606;P41223;Q9NW64;Q9BZJ0;O60508;Q9Y3C6;O95926
prerank,Condensin II complex,0.8818963127252565,1.0393940180116983,0.4351747463359639,0.6488832280604075,1.0,2/5,11.85%,O95347;Q9NTJ3
prerank,"Intron Lariat Spliceosome, type 2 complex",0.9712210114557144,1.0388147186815975,0.24,0.6502553517674973,1.0,31/33,3.71%,Q13573;P62304;P62308;P62318;P62306;P14678;URS00006767A8_9606;P62314;P62316;URS00006A1489_9606;P08579;P09661;CHEBI:139356;Q96DI7;Q15029;Q6P2Q9;Q9P013;Q99459;O43660;Q9UMS4;O75934;Q9UNP9;Q9HCS7;O60306;URS000075BAAE_9606;P41223;Q9NW64;Q9BZJ0;O60508;Q9Y3C6;O95926
prerank,"Dystrophin glycoprotein complex, CNS variant",0.8981687014428412,1.0383735742320128,0.4759467758444217,0.651086176348742,1.0,4/8,10.27%,Q13424;Q14118-PRO_0000021065;Q14118-PRO_0000021066;O60941
prerank,BLOC-1 complex,0.8998335183129855,1.0382942117872498,0.4799588900308325,0.6505796935894694,1.0,3/8,10.08%,P78537;O95295;Q6QNY1
prerank,Eukaryotic translation initiation factor 3 complex,-0.37816060016671293,-1.0373475609756098,0.0,0.5363470085611685,1.0,13/13,100.00%,O00303;O15371;O15372;O75821;Q9UBQ5;Q9Y262;Q13347;Q99613;O75822;P55884;P60228;Q14152;Q7L2H7
prerank,LUBAC ubiquitin ligase complex,-0.5513992795788307,-1.0364430966446652,0.3911290322580645,0.5321136951843428,1.0,3/3,100.00%,Q96EP0;Q9BYM8;Q9H0F6
prerank,"GABA-A receptor, alpha3-beta3-gamma2",0.8669991687448046,1.0356954810377903,0.42482758620689653,0.6591760461804657,1.0,3/3,13.37%,P28472;P34903;P18507
prerank,"mTNF-TNR1B receptor-ligand core complex, BIRC2 variant",0.8669623059866962,1.0353850221568834,0.4366028708133971,0.6594253071440862,1.0,4/4,13.40%,Q12933;P20333-PRO_0000034548;Q13490;CPX-8931
prerank,"mTNF-TNR1B receptor-ligand core complex, BIRC3 variant",0.8669623059866963,1.0351406901824378,0.44563918757467147,0.6595262853391813,1.0,4/4,13.40%,Q12933;P20333-PRO_0000034548;Q13489;CPX-8931
prerank,Interleukin-5 receptor-ligand complex,0.8771491957848032,1.0325864982918982,0.4630225080385852,0.6680975519656408,1.0,2/6,12.32%,P32927;O60674
prerank,PDGF receptor alpha-beta - PDGF-CC complex,0.8539761706844001,1.0324356080298716,0.435723951285521,0.6678431419417751,1.0,2/3,14.65%,P09619;P16234
prerank,"GABA-A receptor, alpha2-beta3-gamma2",0.8604036338059522,1.0318733495901524,0.42915531335149865,0.6691067225919892,1.0,2/3,13.37%,P28472;P18507
prerank,Major Spliceosomal Pre-C*-I complex,0.9705463010331837,1.0310449341983345,0.241,0.6713133061584148,1.0,36/39,3.77%,Q9Y5S9;P38919;P61326;Q13573;P62304;P62308;P62318;P62306;P14678;URS00006767A8_9606;P62314;P62316;URS00006A1489_9606;P08579;P09661;CHEBI:139356;Q96DI7;Q15029;Q6P2Q9;Q9P013;Q99459;O43660;Q9UMS4;O75934;Q9UNP9;Q9HCS7;O60306;URS000075BAAE_9606;P41223;Q9NW64;Q9BZJ0;O60508;Q9Y3C6;O95926;Q9UQ35;Q9HCG8
prerank,Major Spliceosomal C complex,0.9710477450598682,1.0308837178356904,0.237,0.6711018003956634,1.0,34/43,3.77%,Q13573;P62304;P62308;P62318;P62306;P14678;URS00006767A8_9606;P62314;P62316;URS00006A1489_9606;P08579;P09661;CHEBI:139356;Q96DI7;Q15029;Q6P2Q9;O75643;Q9P013;Q99459;O43660;Q9UMS4;O75934;Q9UNP9;Q9HCS7;O60306;URS000075BAAE_9606;P41223;Q9NW64;Q9BZJ0;O60508;Q9Y3C6;O95926;Q9UQ35;Q9HCG8
prerank,PDGF receptor alpha-beta - PDGF-BB complex,0.8539761706844001,1.0305517888843758,0.4351851851851852,0.6715819489179529,1.0,2/3,14.65%,P09619;P16234
prerank,BOLA2-GLRX3 iron-sulfur cluster assembly complex,0.8694567627494456,1.030324543201309,0.46099290780141844,0.6716190362635492,1.0,2/4,13.10%,CHEBI:16856;CHEBI:33737
prerank,Major Spliceosomal Post-B-act complex,0.9700846719469363,1.0298919628242251,0.233,0.6724369203054379,1.0,36/41,3.77%,Q15393;Q9BWJ5;O75533;Q13573;P62304;P62308;P62318;P62306;P14678;URS00006767A8_9606;P62314;P62316;URS00006A1489_9606;P08579;P09661;CHEBI:139356;Q96DI7;Q15029;Q6P2Q9;Q9P013;Q99459;O43660;Q9UMS4;O75934;Q9UNP9;Q9HCS7;O60306;URS000075BAAE_9606;P41223;Q9NW64;Q9BZJ0;O60508;Q9Y3C6;O95926;Q9UQ35;Q9HCG8
prerank,Major Post-catalytic P Spliceosome complex,0.9708383603483662,1.0296410924206345,0.234,0.6725628833568474,1.0,37/41,3.77%,Q9Y5S9;P38919;P61326;Q13573;P62304;P62308;P62318;P62306;P14678;URS00006767A8_9606;P62314;P62316;URS00006A1489_9606;P08579;P09661;CHEBI:139356;Q96DI7;Q15029;Q6P2Q9;O75643;Q9P013;Q99459;O43660;Q9UMS4;O75934;Q9UNP9;Q9HCS7;O60306;URS000075BAAE_9606;P41223;Q9NW64;Q9BZJ0;O60508;Q9Y3C6;O95926;Q9UQ35;Q9HCG8
prerank,PDGF receptor alpha-beta - PDGF-DD complex,0.8539761706844001,1.0292065684229232,0.4497354497354497,0.6733008081588014,1.0,2/3,14.65%,P09619;P16234
prerank,tRNA-intron splicing endonuclease complex,0.8771832547823676,1.0290570336415956,0.47671840354767187,0.6730455027100304,1.0,1/5,12.29%,Q92989
prerank,"GABA-A receptor, alpha3-beta2-gamma2",0.8669991687448046,1.0289761428923354,0.4556786703601108,0.672536094457598,1.0,3/3,13.37%,P34903;P47870;P18507
prerank,U4/U6.U5 small nuclear ribonucleoprotein complex,0.9646415371973637,1.0289597066583263,0.35,0.6717981585394883,1.0,13/32,2.71%,P55769;P62304;P62308;P62318;P62306;P14678;URS00006767A8_9606;P62314;P62316;Q96DI7;Q15029;Q6P2Q9;O75643
prerank,Major Spliceosomal C* complex,0.9708147039595854,1.0288662498899679,0.228,0.671356283883323,1.0,37/44,3.77%,Q9Y5S9;P38919;P61326;Q13573;P62304;P62308;P62318;P62306;P14678;URS00006767A8_9606;P62314;P62316;URS00006A1489_9606;P08579;P09661;CHEBI:139356;Q96DI7;Q15029;Q6P2Q9;O75643;Q9P013;Q99459;O43660;Q9UMS4;O75934;Q9UNP9;Q9HCS7;O60306;URS000075BAAE_9606;P41223;Q9NW64;Q9BZJ0;O60508;Q9Y3C6;O95926;Q9UQ35;Q9HCG8
prerank,UFM1 ribosome E3 ligase complex,-0.5428096425602661,-1.0288334672396386,0.37894736842105264,0.5413460554937781,1.0,3/3,100.00%,Q96JB5;Q96HY6;O94874
prerank,Commander complex,0.9246384872080089,1.0278872359615805,0.5695695695695696,0.6741656857201851,1.0,1/16,7.53%,Q9UBQ0
prerank,Major Spliceosomal Pre-C*-II complex,0.9705142271682904,1.0277494833926923,0.236,0.6738875909592339,1.0,36/43,3.77%,Q9Y5S9;P38919;P61326;Q13573;P62304;P62308;P62318;P62306;P14678;URS00006767A8_9606;P62314;P62316;URS00006A1489_9606;P08579;P09661;CHEBI:139356;Q96DI7;Q15029;Q6P2Q9;Q9P013;Q99459;O43660;Q9UMS4;O75934;Q9UNP9;Q9HCS7;O60306;URS000075BAAE_9606;P41223;Q9NW64;Q9BZJ0;O60508;Q9Y3C6;O95926;Q9UQ35;Q9HCG8
prerank,Major Spliceosomal B-act-IV complex,0.9691292329050594,1.0274827560818374,0.251,0.674084257729775,1.0,36/43,3.77%,Q15393;Q9BWJ5;O75533;Q13573;P62304;P62308;P62318;P62306;P14678;URS00006767A8_9606;P62314;P62316;URS00006A1489_9606;P08579;P09661;CHEBI:139356;Q96DI7;Q15029;Q6P2Q9;Q9P013;Q99459;O43660;Q9UMS4;O75934;Q9UNP9;Q9HCS7;O60306;URS000075BAAE_9606;P41223;Q9NW64;Q9BZJ0;O60508;Q9Y3C6;O95926;Q9UQ35;Q9HCG8
prerank,Laminin-311 complex variant B,0.855361596009975,1.0269960919343017,0.4423337856173677,0.6750714003060465,1.0,3/3,14.53%,P07942;P11047;Q16787-2
prerank,PDGF receptor beta - PDGF-AB complex,0.8539761706844001,1.026592202034224,0.4520547945205479,0.6757636491506868,1.0,1/3,14.62%,P09619
prerank,BCDX2 complex,0.8641906873614191,1.0264158291581975,0.44819277108433736,0.675626571791614,1.0,1/4,13.59%,O43502
prerank,PDGF receptor alpha - PDGF-AB complex,0.8536990856192851,1.0263484106059513,0.44776119402985076,0.6750578270699275,1.0,1/3,14.65%,P16234
prerank,Interleukin-35 receptor ligand type 2 complex,0.85785536159601,1.0262294703000538,0.4688311688311688,0.6746830554132347,1.0,1/3,14.23%,Q6UWB1
prerank,"GABA-A receptor, alpha4-beta3-delta",0.8488590288970933,1.0260235255696195,0.4375857338820302,0.6746593340029352,1.0,1/3,8.50%,P28472
prerank,"4EHP-GIGYF2 co-translational mRNA decay complex, DDX6 variant",0.8520365752285951,1.0257412967569342,0.45348837209302323,0.6749072688671378,1.0,3/3,14.87%,P26196;O60573;Q6Y7W6
prerank,Major Spliceosomal Pre-B-act complex,0.9660894292463383,1.025058448756518,0.308,0.6765596415364447,1.0,30/41,3.63%,Q15393;Q9BWJ5;O75533;Q13573;P62304;P62308;P62318;P62306;P14678;URS00006767A8_9606;P62314;P62316;URS00006A1489_9606;P08579;P09661;CHEBI:139356;Q96DI7;Q15029;Q6P2Q9;O75643;Q9P013;Q99459;O43660;Q9UNP9;Q9HCS7;O60306;URS000075BAAE_9606;P41223;Q9NW64;Q9BZJ0
prerank,"Gamma-delta T cell receptor complex, TRGC1 variant",0.8629594823790341,1.024762283933091,0.4746335963923337,0.6768303129490666,1.0,3/5,11.93%,P09693;P07766;P20963
prerank,IL11-sIL11RA-sIL-6ST receptor-ligand buffering complex,0.8525907453588252,1.024249447600642,0.44182825484764543,0.6779058851400382,1.0,3/3,14.81%,P40189-2;P20809;Q14626-PRO_0000450688
prerank,"Dynein-1 complex, variant 9",0.8733526090859705,1.0241454790259996,0.48439181916038754,0.6774883298372744,1.0,1/6,5.79%,Q96FJ2
prerank,Major Spliceosomal B-act-II complex,0.9663939373422298,1.02408588471823,0.302,0.6768883566312092,1.0,33/43,3.77%,Q15393;Q9BWJ5;O75533;Q13573;P62304;P62308;P62318;P62306;P14678;URS00006767A8_9606;P62314;P62316;URS00006A1489_9606;P08579;P09661;CHEBI:139356;Q96DI7;Q15029;Q6P2Q9;O75643;Q9P013;Q99459;O43660;Q9UNP9;Q9HCS7;O60306;URS000075BAAE_9606;P41223;Q9NW64;Q9BZJ0;Q9Y3C6;Q9UQ35;Q9HCG8
prerank,"Dynein-1 complex, variant 10",0.8733526090859705,1.0238962184204807,0.48723404255319147,0.6768164457397774,1.0,1/6,5.79%,Q96FJ2
prerank,Interleukin-4 receptor-ligand type-2 complex,0.8549905838041431,1.0237343809545685,0.4530612244897959,0.6765807935273715,1.0,2/3,11.16%,P24394;P05112
prerank,"Dynein-1 complex, variant 11",0.8733526090859705,1.0235005887468482,0.4866023579849946,0.6766084034663152,1.0,1/6,5.79%,Q96FJ2
prerank,Major Spliceosomal B-act-III complex,0.9672973128490928,1.0233213075848482,0.283,0.6764343928860378,1.0,36/46,3.77%,Q15393;Q9BWJ5;O75533;Q13573;P62304;P62308;P62318;P62306;P14678;URS00006767A8_9606;P62314;P62316;URS00006A1489_9606;P08579;P09661;CHEBI:139356;Q96DI7;Q15029;Q6P2Q9;O75643;Q9P013;Q99459;O43660;Q9UMS4;O75934;Q9UNP9;Q9HCS7;O60306;URS000075BAAE_9606;P41223;Q9NW64;Q9BZJ0;O60508;Q9Y3C6;Q9UQ35;Q9HCG8
prerank,Membrane attack complex,-0.4253607103218646,-1.0232885856263443,0.2962962962962963,0.5463099967004319,1.0,8/8,100.00%,P01031-PRO_0000005985;P01031-PRO_0000005989;P13671;P02748;P07357;P07358;P07360;P10643
prerank,PDGF receptor alpha-beta - PDGF-AB complex,0.8539356984478936,1.0231055967940064,0.45476477683956573,0.6763823408556482,1.0,2/4,14.65%,P09619;P16234
prerank,"4EHP-GIGYF1 co-translational mRNA decay complex, DDX6 variant",0.8517594901634801,1.022964028758526,0.45006657789613846,0.6760698843558877,1.0,3/3,14.89%,P26196;O60573;O75420
prerank,Major Spliceosomal B-act-I complex,0.9652851849092458,1.0229177861023515,0.316,0.6754347731392085,1.0,32/44,3.77%,Q15393;Q9BWJ5;O75533;Q13573;P62304;P62308;P62318;P62306;P14678;URS00006767A8_9606;P62314;P62316;URS00006A1489_9606;P08579;P09661;CHEBI:139356;Q96DI7;Q15029;Q6P2Q9;O75643;Q9P013;Q99459;O43660;Q9UNP9;Q9HCS7;O60306;URS000075BAAE_9606;P41223;Q9NW64;Q9BZJ0;Q9UQ35;Q9HCG8
prerank,"Dynein-1 complex, variant 12",0.8733526090859705,1.0223180352920807,0.48764769065520946,0.6769082539414827,1.0,1/6,5.79%,Q96FJ2
prerank,Major Spliceosomal B complex,0.9690078440822979,1.0222689178417703,0.275,0.676297590148819,1.0,20/45,2.71%,P55769;Q15393;Q9BWJ5;O75533;P62304;P62308;P62318;P62306;P14678;URS00006767A8_9606;P62314;P62316;URS00006A1489_9606;P08579;P09661;CHEBI:139356;Q96DI7;Q15029;Q6P2Q9;O75643
prerank,"GABA-A receptor, alpha-6/beta-3/delta",0.8488590288970933,1.0221466441852023,0.4604904632152589,0.67594891927185,1.0,1/3,8.50%,P28472
prerank,"Dynein-1 complex, variant 15",0.8733526090859705,1.0205610326640013,0.4978494623655914,0.6807008822266206,1.0,1/6,5.79%,Q96FJ2
prerank,"CARD-BCL10-MALT1 complex, CARD10 variant",0.856469936270435,1.0204882782631024,0.4639455782312925,0.6801482295716911,1.0,2/3,14.40%,Q9UDY8;O95999
prerank,"DNA replication factor C complex, RAD17 variant",0.8563903520931523,1.0194074248225002,0.4746136865342163,0.6832272134570794,1.0,4/5,14.45%,P35249;P40937;P35250;P40938
prerank,"CARD-BCL10-MALT1 complex, CARD11 variant",0.856469936270435,1.0194054222862696,0.46288798920377866,0.6824486323393772,1.0,2/3,14.40%,Q9UDY8;O95999
prerank,"Dynein-1 complex, variant 16",0.8733526090859705,1.0193262690415916,0.49945945945945946,0.6819096430003008,1.0,1/6,5.79%,Q96FJ2
prerank,"Dynein-1 complex, variant 13",0.8733526090859705,1.0192122654883844,0.5010775862068966,0.6815394106852525,1.0,1/6,5.79%,Q96FJ2
prerank,"Dynein-1 complex, variant 14",0.8733526090859705,1.0188831745300078,0.5069667738478028,0.6819154825853282,1.0,1/6,5.79%,Q96FJ2
prerank,"GABA-A receptor, alpha3-beta1-gamma2 complex",0.8564699362704349,1.0188589894529954,0.4731774415405777,0.6812268060412,1.0,3/3,14.42%,P34903;P18507;P18505
prerank,Interleukin 11-sIL11RA-IL-6ST receptor-ligand trans-signalling complex,0.8525907453588252,1.018825050002754,0.47586206896551725,0.6805696116550879,1.0,3/3,14.81%,P40189;P20809;Q14626-PRO_0000450688
prerank,Collagen type IV trimer variant 3,0.8462177888611804,1.0187755579144437,0.45267489711934156,0.6799674338533197,1.0,1/3,15.39%,P29400
prerank,Laminin-332 complex variant A,0.8425441745651794,1.0180423871491064,0.4535367545076283,0.6817829010410652,1.0,2/3,12.71%,Q16787-1;Q13753
prerank,"Gamma-delta T cell receptor complex, TRGC2 variant",0.8629594823790341,1.0178233818954732,0.48868778280542985,0.6818200908246314,1.0,3/5,11.93%,P09693;P07766;P20963
prerank,"DNA replication factor C complex, RFC1 variant",0.8563903520931523,1.0173290324933975,0.46741573033707867,0.6827785822533665,1.0,4/5,14.45%,P35249;P40937;P35250;P40938
prerank,Actin junctional complex,-0.5211970074812968,-1.0173004934061165,0.417910447761194,0.5526608290543293,1.0,3/3,100.00%,P04921;P11171;Q00013
prerank,Hydride transfer complex,-0.5247991133277917,-1.0170241465373926,0.42,0.5471243169088621,1.0,3/3,100.00%,P11498;P40925;P48163
prerank,"CARD-BCL10-MALT1 complex, CARD14 variant",0.856469936270435,1.0161905301059844,0.4648648648648649,0.6859719255417316,1.0,2/3,14.40%,Q9UDY8;O95999
prerank,"DNA replication factor C complex, ATAD5 variant",0.8563903520931523,1.0157661785027363,0.4860956618464961,0.6866191234858441,1.0,4/5,14.45%,P35249;P40937;P35250;P40938
prerank,"Scribble cell polarity complex, DLG1-LLGL1-SCRIB variant",0.8454063254085817,1.0156395618307617,0.46405228758169936,0.6862613370845264,1.0,2/3,13.12%,Q14160;Q15334
prerank,"Scribble cell polarity complex, DLG2-LLGL1-SCRIB variant",0.8454063254085817,1.0151697113391285,0.4794701986754967,0.6870881938605662,1.0,2/3,13.12%,Q14160;Q15334
prerank,"CARD-BCL10-MALT1 complex, CARD9 variant",0.856469936270435,1.0146983818484558,0.48365122615803813,0.6879526264260968,1.0,2/3,14.40%,Q9UDY8;O95999
prerank,"Nuclear mitotic cohesin complex, STAG2 variant",0.8450929152369752,1.0139237632760427,0.47336561743341404,0.6898521307704969,1.0,2/4,13.15%,Q9UQE7;O60216
prerank,TIM9-TIM10-TIM10B mitochondrial intermembrane space protein transporter complex,0.8442781934053755,1.0130459239641627,0.49265687583444595,0.6919257072785092,1.0,2/3,15.61%,Q9Y5J7;P62072
prerank,"GABA-A receptor, alpha2-beta2-gamma2",0.8510807906667863,1.0114952164551774,0.5027548209366391,0.6963601023697763,1.0,2/3,13.37%,P47870;P18507
prerank,"Scribble cell polarity complex, DLG4-LLGL1-SCRIB variant",0.8454063254085817,1.0113409717047435,0.4889502762430939,0.6960379036537393,1.0,2/3,13.12%,Q14160;Q15334
prerank,Kinetochore CCAN complex,0.910734149054505,1.0111466725149987,0.617,0.6959211861929248,1.0,2/16,8.94%,Q8N2Z9;A8MT69
prerank,"Scribble cell polarity complex, DLG5-LLGL1-SCRIB variant",0.8454063254085817,1.0108909075830617,0.4993215739484396,0.696005579411837,1.0,2/3,13.12%,Q14160;Q15334
prerank,CCM endothelial permeability complex,0.8448323635356054,1.0104528237148,0.4736111111111111,0.6967466910243106,1.0,1/3,15.53%,O00522
prerank,Laminin-521 complex,0.8362427265170407,1.0100993896392325,0.4871447902571042,0.6971940939236303,1.0,3/3,16.45%,P55268;P11047;O15230
prerank,"Scribble cell polarity complex, DLG3-LLGL1-SCRIB variant",0.8454063254085817,1.009534808443343,0.48365122615803813,0.6982995801482684,1.0,2/3,13.12%,Q14160;Q15334
prerank,"Phosphorylase kinase, muscle variant",0.8434469382100305,1.0094078612523563,0.4864864864864865,0.6979054435717919,1.0,1/3,15.67%,Q93100
prerank,"GABA-A receptor, alpha4-beta3-gamma2",0.8383036322788919,1.0093507245066606,0.48010973936899864,0.6972966427883572,1.0,2/3,13.37%,P28472;P18507
prerank,"Phosphorylase kinase, liver variant",0.8434469382100305,1.0093313878134977,0.5062937062937063,0.6965858120696817,1.0,1/3,15.67%,Q93100
prerank,"Scribble cell polarity complex, DLG1-LLGL2-SCRIB variant",0.8448521552783517,1.0092992281248525,0.4881578947368421,0.6959130271098848,1.0,2/3,13.18%,Q14160;Q6P1M3
prerank,TBK1-IKKepsilon-TANK complex,0.8373729419142203,1.0089841432508313,0.48590604026845635,0.6961447454265496,1.0,1/3,8.39%,Q9UHD2
prerank,Laminin-511 complex,0.8362427265170407,1.0089625898526053,0.4793956043956044,0.6954533490369869,1.0,3/3,16.45%,P07942;P11047;O15230
prerank,"Scribble cell polarity complex, DLG5-LLGL2-SCRIB variant",0.8448521552783517,1.0087688939519726,0.49544863459037713,0.6953266092985466,1.0,2/3,13.18%,Q14160;Q6P1M3
prerank,"Nuclear mitotic cohesin complex, STAG1 variant",0.8450929152369752,1.0085471612614978,0.4897959183673469,0.695321116581406,1.0,2/4,13.15%,Q9UQE7;O60216
prerank,"Scribble cell polarity complex, DLG2-LLGL2-SCRIB variant",0.8448521552783517,1.0077704742915583,0.5019867549668874,0.6971002843700392,1.0,2/3,13.18%,Q14160;Q6P1M3
prerank,TBK1-IKKepsilon-SINTBAD complex,0.8373729419142203,1.007110685561018,0.5006747638326585,0.6985459930824298,1.0,1/3,8.39%,Q9UHD2
prerank,30S proteasome complex,0.9446586313069804,1.0066477236686924,0.622,0.6985062255157931,1.0,15/33,5.90%,P60896;P28066;P28070;P49721;P49720;P25786;P25788;P60900;P25787;P20618;P25789;O14818;Q99436;P28074;P28072
prerank,26S proteasome complex,0.9446586313069804,1.0066477236686924,0.622,0.6985062255157931,1.0,15/33,5.90%,P60896;P28066;P28070;P49721;P49720;P25786;P25788;P60900;P25787;P20618;P25789;O14818;Q99436;P28074;P28072
prerank,Laminin-522 complex,0.836242726517041,1.0066296969902346,0.48233695652173914,0.6977887094483746,1.0,3/3,16.45%,P55268;Q13753;O15230
prerank,19S-20S-PA28-gamma hybrid proteasome complex,0.94464316939646,1.005802264364179,0.633,0.6996526083766884,1.0,15/34,5.90%,P60896;P28066;P28070;P49721;P49720;P25786;P25788;P60900;P25787;P20618;P25789;O14818;Q99436;P28074;P28072
prerank,"Scribble cell polarity complex, DLG3-LLGL2-SCRIB variant",0.8448521552783517,1.005701026170312,0.5,0.699221074829868,1.0,2/3,13.18%,Q14160;Q6P1M3
prerank,"sTNF-TNR1A receptor-ligand core complex, BIRC3 variant",0.8609743557339583,1.0055085221599087,0.5240585774058577,0.6990962247882391,1.0,3/7,12.65%,Q12933;Q13546;Q13489
prerank,PPP4C-PPP4R2-PPP4R3B protein phosphatase 4 complex,0.8355326960376835,1.0053365353838055,0.4869791666666667,0.6988854226216662,1.0,1/3,10.22%,P60510
prerank,"GABA-A receptor, alpha5-beta3-gamma3",0.8324565377863248,1.0047916173015354,0.49463806970509383,0.6999168345654911,1.0,1/3,8.50%,P28472
prerank,19S-20S-PA28-alphabeta hybrid proteasome complex,0.944627698840756,1.0046377632966081,0.623,0.6996267244082841,1.0,15/35,5.90%,P60896;P28066;P28070;P49721;P49720;P25786;P25788;P60900;P25787;P20618;P25789;O14818;Q99436;P28074;P28072
prerank,"GABA-A receptor, alpha6-beta3-gamma2",0.8383036322788919,1.004608269688446,0.5034770514603616,0.6989564773939032,1.0,2/3,13.37%,P28472;P18507
prerank,"Scribble cell polarity complex, DLG4-LLGL2-SCRIB variant",0.8448521552783517,1.0043128046790721,0.5041322314049587,0.6991354599493341,1.0,2/3,13.18%,Q14160;Q6P1M3
prerank,"sTNF-TNR1A receptor-ligand core complex, BIRC2 variant",0.8606969632235562,1.004264463285908,0.5319371727748691,0.6985434518618947,1.0,3/7,12.68%,Q12933;Q13546;Q13490
prerank,TBK1-IKKepsilon-NAP1 complex,0.8373729419142203,1.0040186673805052,0.5027777777777778,0.6985963841184422,1.0,1/3,8.39%,Q9UHD2
prerank,Interleukin-18 receptor-ligand complex,0.8437240232751455,1.0037002990061858,0.5137741046831956,0.6988429126618396,1.0,1/3,15.64%,Q14116
prerank,"Alpha-beta T cell receptor complex, TRBC1 variant",0.8522180204709322,1.0036514156438963,0.5224358974358975,0.6982044984324403,1.0,3/6,11.93%,P09693;P07766;P20963
prerank,"mTNF-TNR1A receptor-ligand core complex, BIRC3 variant",0.8559837798347227,1.0021707807747482,0.5256544502617801,0.7022253779881685,1.0,4/7,13.40%,Q12933;Q13546;Q13489;CPX-8931
prerank,PPP4C-PPP4R2-PPP4R3A protein phosphatase 4 complex,0.8355326960376835,1.0021554560017591,0.49738903394255873,0.7015088530463139,1.0,1/3,10.22%,P60510
prerank,"mTNF-TNR1A receptor-ligand core complex, BIRC2 variant",0.8559837798347227,1.0016528882296472,0.5310199789695058,0.7022942279824819,1.0,4/7,13.40%,Q12933;Q13546;Q13490;CPX-8931
prerank,"Alpha-beta T cell receptor complex, TRBC2 variant",0.8522180204709322,1.0014110220281813,0.529923830250272,0.7022989918696131,1.0,3/6,11.93%,P09693;P07766;P20963
prerank,Core mediator complex,-0.3616843279419967,-1.0,1.0,0.5527726620572982,1.0,26/26,100.00%,Q96HR3;Q15648;A0JLT2;O43513;O60244;O75448;O75586;O95402;Q96RN5;Q9H204;Q9H944;Q9BUE0;Q13503;Q9BTT4;Q96G25;Q15528;Q6P2C8;Q71SY5;Q9NVC6;Q9NWA0;Q9NX70;Q9P086;Q9ULK4;Q9Y2X0;Q9NPJ6;Q9Y3C7
prerank,39S mitochondrial large ribosomal subunit,-0.5067453625632378,-1.0,1.0,0.5527726620572982,1.0,54/54,100.00%,Q9BYD1;Q9BYD3;Q96GC5;Q9BQ48;Q9BQC6;Q9BRJ2;Q9BYC8;Q9BYC9;Q9BYD2;P52815;Q13084;Q13405;Q14197;Q16540;P49406;Q96A35;P09001;Q8TCC3;O75394;Q4U2R6;Q5T653;Q8N983;Q6P161;Q7Z2W9;Q7Z7F7;Q7Z7H8;Q86TS9;Q8IXM3;Q8N5N7;Q8TAE8;Q6P1L8;Q9NP92;Q9BYD6;Q9BZE1;Q9H0U6;Q9H2W6;Q9H9J2;Q9HD33;Q96EL3;Q96DV4;URS000047A7F4_9606;Q9Y6G3;URS000080E36F_9606;Q9NX20;Q9NQ50;Q9NRX2;Q9NVS2;Q9NWU5;Q9P0M9;Q9Y3B7;Q9P015;Q9NYK5;Q9NZE8;Q9P0J6
prerank,Mitochondrial proton-transporting ATP synthase complex,-0.3714842662211083,-1.0,1.0,0.5527726620572982,1.0,21/21,100.00%,P56381;P24539;P25705;P30049;P36542;P48047;P48201;P56134;P56378;P56385;Q06055;Q5VTU8;O75964;P00846;P03928;P05496;P06576;O75947;P18859;Q7Z4Y8;Q96IX5
prerank,40S cytosolic small ribosomal subunit,-0.4713607152835988,-1.0,1.0,0.5527726620572982,1.0,33/33,100.00%,P61247;P62861;P62851;P62854;P62857;P62979;P62277;P62847;P63244;URS0000704D22_9606;[P62701];P62841;P62244;P62081;P62241;P62249;P62263;P62266;P62269;P62273;P63220;P62280;P62753;P25398;P39019;P46781;P46782;P46783;P60866;P08865;P23396;P08708;P15880
prerank,28S mitochondrial small ribosomal subunit,-0.5523596760681373,-1.0,1.0,0.5527726620572982,1.0,31/31,100.00%,P82675;P82912;P82921;P51398;O15235;O60783;P82663;P82664;P82673;P82650;Q9Y2Q9;Q9Y291;Q92552;P82914;Q9NWT8;P82930;P82932;P82933;Q92665;Q96BP2;Q96EL2;Q96EY7;Q9BYN8;Q9Y399;Q9Y2R5;Q9Y2R9;Q9Y3D3;Q9Y3D5;Q9Y3D9;Q9Y676;URS000044DFF6_9606
prerank,"Prefoldin co-chaperone complex, URI1 variant",0.8455780426947601,0.9996210859444262,0.5284738041002278,0.7073191549817094,1.0,3/5,15.50%,O15212;Q9UHV9;Q9NUG6
prerank,"BOS complex, NOMO3 variant",0.8329177057356608,0.9995991925330121,0.5034199726402189,0.7066226139947834,1.0,2/3,16.75%,Q969V3;Q9BVK8
prerank,Collagen type XI trimer variant 3,0.8293155998891658,0.9995002525026591,0.5123626373626373,0.7061467111012966,1.0,3/3,17.14%,P12107;P20908;P05997
prerank,CRUMBS1-PALS1-PATJ cell polarity complex,0.8320864505403158,0.9993920678697524,0.4937062937062937,0.7056847865242742,1.0,2/3,16.83%,Q8NI35;Q8N3R9
prerank,"Dynein-2 complex, light-chain variant 6",0.8653968771165972,0.9990387554638422,0.567287784679089,0.7060338040152898,1.0,1/8,5.79%,Q96FJ2
prerank,"BOS complex, NOMO2 variant",0.8329177057356608,0.998695997373501,0.5078014184397163,0.7063585801137768,1.0,2/3,16.75%,Q969V3;Q9BVK8
prerank,Kinetochore MIS12 complex,-0.4817073170731707,-0.9984560698000076,0.42045454545454547,0.550281867365619,1.0,4/4,100.00%,Q9H081;Q6P1K2;Q9H410;Q96IY1
prerank,"Dynein-2 complex, light-chain variant 7",0.8653968771165972,0.9984061748392541,0.5621788283658787,0.7064562670501429,1.0,1/8,5.79%,Q96FJ2
prerank,Collagen type V trimer variant 2,0.8290385148240509,0.9982311697595169,0.5187760778859527,0.706276045767933,1.0,2/3,17.14%,P20908;P05997
prerank,"Dynein-2 complex, light-chain variant 2",0.8653968771165972,0.9971053790492558,0.5711340206185567,0.7090387299630238,1.0,1/8,5.79%,Q96FJ2
prerank,CRUMBS2-PALS1-PATJ cell polarity complex,0.8320864505403158,0.996361964547494,0.520949720670391,0.71054559027238,1.0,2/3,16.83%,Q8NI35;Q8N3R9
prerank,"Dynein-2 complex, light-chain variant 3",0.8653968771165972,0.9959286461014345,0.5653964984552008,0.7110891650420451,1.0,1/8,5.79%,Q96FJ2
prerank,"Neuronal nicotinic acetylcholine receptor complex, alpha4-alpha5-beta2",0.8261592396063584,0.9958540874050945,0.5231788079470199,0.7105558977650346,1.0,1/3,9.19%,P17787-PRO_0000000379
prerank,"DNA replication factor C complex, CHTF18 variant",0.8563106796116505,0.9957385903304832,0.5451713395638629,0.7101473115818498,1.0,4/7,14.45%,P35249;P40937;P35250;P40938
prerank,"BOS complex, NOMO1 variant",0.8329177057356608,0.995456545137684,0.5252100840336135,0.7101505537214808,1.0,2/3,16.75%,Q969V3;Q9BVK8
prerank,"GABA-A receptor, alpha2-beta1-gamma2 complex",0.83619285120532,0.9951041907262107,0.5279672578444747,0.7104782427084358,1.0,2/3,14.42%,P18507;P18505
prerank,"GABA-A receptor, alpha5-beta3-gamma2",0.826821834303131,0.9949973612851357,0.510899182561308,0.7100257483917882,1.0,3/3,17.39%,P28472;P18507;P31644
prerank,"PRMT5 methylosome complex, RIOK1 variant",0.8304239401496258,0.9937997618713975,0.5126404494382022,0.7127282627211031,1.0,2/3,17.00%,Q9BQA1;O14744
prerank,mTORC1 complex,0.8309781102798559,0.9933979069878787,0.5204918032786885,0.7131611068359198,1.0,2/3,16.94%,Q9BVC4;P42345
prerank,"PRMT5 methylosome complex, CLNS1A variant",0.8304239401496258,0.9928277184157808,0.5157318741450069,0.7141002069142106,1.0,2/3,17.00%,Q9BQA1;O14744
prerank,SNARE priming complex STX17-SNAP29-YKT6,0.827098919368246,0.9918358751965822,0.5337001375515819,0.7163039014161375,1.0,2/3,17.33%,P56962;O95721
prerank,Nuclear pore complex,0.925418994413408,0.9916520079724359,0.753,0.7160683047215008,1.0,3/32,7.48%,P55735;P49792;Q96EE3
prerank,CRUMBS3-PALS1-PATJ cell polarity complex,0.8320864505403158,0.9914856783210817,0.5333333333333333,0.7157916569159062,1.0,2/3,16.83%,Q8NI35;Q8N3R9
prerank,TGF-beta-2-TGFR complex,0.828761429758936,0.9913266260738918,0.5204918032786885,0.7154994554468925,1.0,2/3,17.17%,P37173;P36897
prerank,Ribonuclease MRP complex,0.8570635581459897,0.9908747211883941,0.5765673175745119,0.7160855423436475,1.0,9/9,14.51%,URS000075C8FA_9606;Q99575;Q969H6;P78346;Q9BUL9;O95707;O75818;P78345;O75817
prerank,"LIN-10-LIN-2-LIN-7 complex, LIN7C variant",0.8293155998891659,0.990591193436332,0.5094086021505376,0.7161744885034359,1.0,2/3,17.11%,Q02410;O14936
prerank,"LIN-10-LIN-2-LIN-7 complex, LIN7A variant",0.8293155998891659,0.9904826152073715,0.516914749661705,0.7157414404123036,1.0,2/3,17.11%,Q02410;O14936
prerank,"WASH complex, variant WASHC1/WASHC2C",0.8328128312594791,0.9904411591429241,0.5288888888888889,0.7151187195484102,1.0,4/5,15.34%,Q12768;Q2M389;Q9Y3C0;Q9Y4E1
prerank,N-acetylglucosamine-1-phosphotransferase complex,-0.5187032418952618,-0.9904030250335902,0.4641509433962264,0.5607649112793449,1.0,3/3,100.00%,Q3T906-PRO_0000225008;Q3T906-PRO_0000225009;Q9UJJ9
prerank,TIM22 mitochondrial inner membrane twin-pore carrier translocase complex,0.8441486411536329,0.9900169662783008,0.5605234460196292,0.7156144157812218,1.0,2/6,15.61%,Q9Y5J7;P62072
prerank,"WASH complex, variant WASH6P/WASHC2C",0.8328128312594791,0.9897780438309037,0.5390625,0.7155453763455608,1.0,4/5,15.34%,Q12768;Q2M389;Q9Y3C0;Q9Y4E1
prerank,"FTS-Hook-FHIP cargo adaptor complex, FHIP2A-HOOK2 variant",0.828484344693821,0.9896710232381931,0.5408450704225352,0.7150862092909865,1.0,2/3,17.19%,Q9H8T0;Q96ED9
prerank,"WASH complex, variant WASH2P/WASHC2C",0.8328128312594791,0.9896084016068692,0.5420875420875421,0.7144988192214254,1.0,4/5,15.34%,Q12768;Q2M389;Q9Y3C0;Q9Y4E1
prerank,ATG12-ATG5-ATG16L2 complex,0.829869770019396,0.9895679271494335,0.5334242837653479,0.7138635574173522,1.0,2/3,17.05%,O94817;Q9H1Y0
prerank,"GABA-A receptor, alpha1-beta3-gamma2",0.8284843446938209,0.9892159480884869,0.5372124492557511,0.7141457617732971,1.0,3/3,17.22%,P28472;P18507;P14867
prerank,"LIN-10-LIN-2-LIN-7 complex, LIN7B variant",0.8293155998891659,0.9891206002357513,0.5242587601078167,0.7136854390181196,1.0,2/3,17.11%,Q02410;O14936
prerank,"WASH complex, variant WASH3P/WASHC2C",0.8328128312594791,0.9885313875250666,0.5467546754675467,0.7146298363636067,1.0,4/5,15.34%,Q12768;Q2M389;Q9Y3C0;Q9Y4E1
prerank,ATG12-ATG5-ATG16L1 complex,0.829869770019396,0.988238396079294,0.5460704607046071,0.7147101850313633,1.0,2/3,17.05%,O94817;Q9H1Y0
prerank,"PRMT5 methylosome complex, COPR5 variant",0.8304239401496258,0.9880245567638103,0.5217983651226158,0.7145858674200536,1.0,2/3,17.00%,Q9BQA1;O14744
prerank,ATG5-ATG12-TECPR1 complex,0.829869770019396,0.9875253347033468,0.546831955922865,0.7153561187992056,1.0,2/3,17.05%,O94817;Q9H1Y0
prerank,Mitochondrial transcription initiation complex,-0.5195344970906068,-0.9874539933384737,0.4528301886792453,0.5609592121341516,1.0,3/3,100.00%,Q00059;Q9H5Q4;O00411
prerank,TGF-beta-3-TGFR complex,0.828761429758936,0.9874471717643942,0.5499316005471956,0.7148334490773437,1.0,2/3,17.17%,P37173;P36897
prerank,"WASH complex, variant WASH4P/WASHC2C",0.8328128312594791,0.9867687615017336,0.5501653803748622,0.7160469193200298,1.0,4/5,15.34%,Q12768;Q2M389;Q9Y3C0;Q9Y4E1
prerank,C5b6 complement complex,-0.49986145746744254,-0.9863333039598171,0.45054945054945056,0.5575477312061925,1.0,3/3,100.00%,P01031-PRO_0000005985;P01031-PRO_0000005989;P13671
prerank,"GABA-A receptor, alpha5-beta1-gamma2 complex",0.8268218343031309,0.986294264062817,0.5540540540540541,0.7166763395233128,1.0,3/3,17.39%,P18507;P18505;P31644
prerank,mTORC2 complex,0.830884391461048,0.985874007370471,0.5532879818594104,0.7170964947345573,1.0,2/5,16.94%,Q9BVC4;P42345
prerank,Laminin-332 complex variant B,0.8181386981333382,0.985669091888109,0.531628532974428,0.7168993414664266,1.0,2/3,14.53%,Q13753;Q16787-2
prerank,TGF-beta-1-TGFR complex,0.828761429758936,0.985404525678219,0.5578512396694215,0.7169665092381485,1.0,2/3,17.17%,P37173;P36897
prerank,"GABA-A receptor, alpha1-beta1-gamma2",0.8284843446938212,0.9835364374270141,0.5532786885245902,0.7214804299073856,1.0,3/3,17.22%,P18507;P18505;P14867
prerank,"WASH complex, variant WASHC1/WASHC2A",0.8289314894241588,0.9827119519048401,0.5587905935050392,0.7230013248783291,1.0,4/5,15.73%,Q12768;Q2M389;Q9Y3C0;Q641Q2
prerank,"WASH complex, variant WASH2P/WASHC2A",0.8289314894241588,0.9826764142471872,0.5686936936936937,0.7223592576300565,1.0,4/5,15.73%,Q12768;Q2M389;Q9Y3C0;Q641Q2
prerank,"GABA-A receptor, alpha1-beta2-gamma2",0.828484344693821,0.981714511768936,0.5515818431911967,0.724289408514214,1.0,3/3,17.22%,P47870;P18507;P14867
prerank,"GABA-A receptor, alpha5-beta2-gamma2",0.8268218343031312,0.9814467062318348,0.5523809523809524,0.7242689174447889,1.0,3/3,17.39%,P47870;P18507;P31644
prerank,"WASH complex, variant WASH6P/WASHC2A",0.8289314894241588,0.9812963720912867,0.5611672278338945,0.7239267917611187,1.0,4/5,15.73%,Q12768;Q2M389;Q9Y3C0;Q641Q2
prerank,"WASH complex, variant WASH4P/WASHC2A",0.8289314894241588,0.9793835109630037,0.5639599555061179,0.7283943465298403,1.0,4/5,15.73%,Q12768;Q2M389;Q9Y3C0;Q641Q2
prerank,"WASH complex, variant WASH3P/WASHC2A",0.8289314894241588,0.9792654660857824,0.5631929046563193,0.727979321810345,1.0,4/5,15.73%,Q12768;Q2M389;Q9Y3C0;Q641Q2
prerank,"GABA-A receptor, alpha1-beta2-beta3-gamma2",0.8287139689578714,0.9768931749138356,0.5787545787545788,0.7336882817481049,1.0,4/4,17.22%,P28472;P47870;P18507;P14867
prerank,"GABA-A receptor, alpha1-alpha3-beta2-gamma2",0.8287139689578713,0.9761661387020378,0.5684848484848485,0.7348045628085703,1.0,4/4,17.22%,P34903;P47870;P18507;P14867
prerank,"GABA-A receptor, alpha1-alpha2-beta3-gamma2",0.8225475255876877,0.9759617972637528,0.5667870036101083,0.7346261922206269,1.0,3/4,17.22%,P28472;P18507;P14867
prerank,GPI-anchor transamidase complex,-0.4507901303021902,-0.97555254068721,0.43243243243243246,0.5734302418017707,1.0,5/5,100.00%,Q96S52;Q9H490;O43292;Q92643;Q969N2
prerank,uPA-uPAR-vitronectin complex,0.8162926018287614,0.9746872048963946,0.5652173913043478,0.7373454791059522,1.0,2/3,18.41%,P00749;P04004
prerank,"GABA-A receptor, alpha1-beta1-beta2-gamma2",0.8287139689578715,0.9739796839495433,0.582716049382716,0.7384779352878736,1.0,4/4,17.22%,P47870;P18507;P18505;P14867
prerank,"Dynein-1 complex, variant 5",0.8264004437049361,0.973854065425563,0.5675965665236051,0.7380595689413255,1.0,6/6,17.50%,P63172;Q8TF09;P63167;Q14204;O14576;O43237
prerank,Nucleolar ribonuclease P complex,0.856706470424882,0.9733855821529798,0.6319514661274014,0.738492695459539,1.0,8/11,14.51%,Q99575;Q969H6;P78346;Q9BUL9;O95707;O75818;P78345;O75817
prerank,"Dynein-1 complex, variant 7",0.8264004437049361,0.9724249234705677,0.5854700854700855,0.7403548921867454,1.0,6/6,17.50%,P63172;Q8TF09;P63167;Q14204;Q13409;O43237
prerank,"Dynein-1 complex, variant 8",0.826677759290072,0.9720419479816054,0.5807814149947201,0.7406207695468188,1.0,6/6,17.47%,P63172;Q8TF09;P63167;Q14204;Q13409;Q9Y6G9
prerank,"Dynein-1 complex, variant 1",0.8264004437049361,0.9720238934536314,0.5795090715048026,0.7399096527027047,1.0,6/6,17.50%,P63172;Q9NP97;P63167;Q14204;Q13409;O43237
prerank,Mitochondrial BOLA1-GLRX5 iron-sulfur cluster assembly complex,0.8218377151712144,0.9720071044786304,0.5789473684210527,0.739202199032795,1.0,2/4,13.10%,CHEBI:16856;CHEBI:33737
prerank,Anaphase-promoting core complex,-0.38326848249027234,-0.9720068472459974,0.42857142857142855,0.5750801282663937,1.0,14/14,100.00%,Q9UJX5;Q9UJX3;Q9UJX6;Q9UM13;P30260;P60006;Q13042;Q8NHZ8;Q9NYG5;Q9UJX4;Q96DE5;Q9BS18;Q9H1A4;Q9UJX2
prerank,"Dynein-1 complex, variant 6",0.826677759290072,0.9719210022286789,0.5753715498938429,0.7386519687452571,1.0,6/6,17.47%,P63172;Q8TF09;P63167;Q14204;O14576;Q9Y6G9
prerank,"Dynein-1 complex, variant 3",0.8264004437049361,0.9717540064650805,0.5747863247863247,0.7383522964670962,1.0,6/6,17.50%,P63172;Q9NP97;P63167;Q14204;O14576;O43237
prerank,"Dynein-1 complex, variant 2",0.826677759290072,0.9708128061126846,0.5823591923485654,0.7401646792274323,1.0,6/6,17.47%,P63172;Q9NP97;P63167;Q14204;Q13409;Q9Y6G9
prerank,"Dynein-1 complex, variant 4",0.826677759290072,0.9698873339629338,0.5851851851851851,0.7418808554828182,1.0,6/6,17.47%,P63172;Q9NP97;P63167;Q14204;O14576;Q9Y6G9
prerank,"Nuclear meiotic cohesin complex, RAD21 variant",0.8120842572062085,0.9693563022138935,0.5847665847665847,0.7425636254401753,1.0,4/4,18.88%,Q9UQE7;O60216;Q9UJ98;Q8NDV3
prerank,Mitochondrial BOLA3-GLRX5 iron-sulfur cluster assembly complex,0.8218377151712144,0.9687454407025892,0.592057761732852,0.7434076961687948,1.0,2/4,13.10%,CHEBI:16856;CHEBI:33737
prerank,"Little elongation complex, ELL3 variant",0.808481152993348,0.9675935003374224,0.5822328931572629,0.7457511783564001,1.0,3/4,19.21%,Q9Y2F5;Q8N5P1;Q659A1
prerank,"Little elongation complex, ELL variant",0.808481152993348,0.9664973920565075,0.5930787589498807,0.7479078142301959,1.0,3/4,19.21%,Q9Y2F5;Q8N5P1;Q659A1
prerank,Oligosaccharyltransferase complex A,0.8370802109353316,0.9662455026180408,0.6214285714285714,0.7478069321456493,1.0,6/9,16.42%,P04843;P61803;P04844;P0C6T2;P39656;P61165
prerank,"GABA-A receptor, alpha1-alpha2-beta2-beta3-gamma2",0.8238526179128137,0.9654295583761847,0.6074240719910011,0.7491382344481704,1.0,4/5,17.22%,P28472;P47870;P18507;P14867
prerank,"Little elongation complex, ELL2 variant",0.808481152993348,0.964794499730764,0.5985576923076923,0.7499878174019059,1.0,3/4,19.21%,Q9Y2F5;Q8N5P1;Q659A1
prerank,"Nuclear meiotic cohesin complex, RAD21L1 variant",0.8118070953436808,0.9646635765370509,0.6012345679012345,0.7495759437276742,1.0,3/4,18.88%,Q9UQE7;Q9UJ98;Q8NDV3
prerank,"Nuclear meiotic cohesin complex, REC8 variant",0.8118070953436808,0.9629808060330262,0.6019184652278178,0.7532393902224873,1.0,3/4,18.88%,Q9UQE7;Q9UJ98;Q8NDV3
prerank,RFX gene regulatory complex,-0.5098365198115822,-0.9623048018600308,0.4855072463768116,0.5891662567206869,1.0,3/3,100.00%,O00287;O14593;P48382
prerank,MTERF4-NSUN4 mitochondiral ribosomal assembly complex,-0.5042948185092824,-0.9621028454765855,0.47126436781609193,0.5838907518140458,1.0,3/3,100.00%,CHEBI:15414;Q7Z6M4;Q96CB9
prerank,"Dystrophin glycoprotein complex, retinal outer plexiform layer variant",0.8433768397667314,0.9604156476773936,0.6613065326633166,0.7591950787066519,1.0,10/11,15.89%,Q13424;Q14118-PRO_0000021065;Q14118-PRO_0000021066;O60941;Q13326;Q16585;Q14714;Q16586;Q92629;Q13884
prerank,"GABA-A receptor, alpha1-alpha2-beta2-gamma2",0.815185923704054,0.9601210001601429,0.605294825511432,0.7592566572774692,1.0,3/4,17.22%,P47870;P18507;P14867
prerank,Laminin-523 complex,0.8024383485730119,0.9590069585555822,0.607094133697135,0.7616185485649969,1.0,3/3,19.82%,P55268;O15230;Q9Y6N6
prerank,"Neuronal nicotinic acetylcholine receptor complex, alpha3-alpha6-beta4",0.8027154336381267,0.9587970213146553,0.6177658142664872,0.7614047107922483,1.0,3/3,19.80%,P30926-PRO_0000000389;P32297-PRO_0000000346;Q15825-PRO_0000000360
prerank,"Dystrophin glycoprotein complex, skeletal muscle variant",0.8430991391280196,0.9578377825754207,0.6761133603238867,0.763272097741291,1.0,9/11,15.89%,Q13424;Q14118-PRO_0000021065;Q14118-PRO_0000021066;Q13326;Q16585;Q14714;Q16586;Q92629;Q13884
prerank,FCN1-MASP1 lectin-protease complex,0.7913549459684123,0.9568390223291353,0.5981308411214953,0.7651400858716814,1.0,3/3,20.93%,P48740-PRO_0000027594;P48740-PRO_0000027593;O00602
prerank,"GABA-A receptor, alpha1-alpha2-beta1-beta2-gamma2",0.818612862538455,0.9564492470174425,0.6244343891402715,0.7653612388354392,1.0,4/5,17.22%,P47870;P18507;P18505;P14867
prerank,"Ubiquitous AP-1 Adaptor complex, sigma1c variant",0.806541019955654,0.9559578144397729,0.6148325358851675,0.7659533351609218,1.0,3/4,19.41%,Q10567;O43747;Q9BXS5
prerank,"Dystrophin glycoprotein complex, neuromuscular junction variant",0.8413750011969849,0.9559234766713719,0.6700302724520686,0.7652689546369984,1.0,9/11,15.89%,Q13424;Q14118-PRO_0000021065;Q14118-PRO_0000021066;Q13326;Q16585;Q14714;Q16586;Q92629;Q13884
prerank,"Dystrophin glycoprotein complex, retinal inner limiting membrane variant",0.8413750011969849,0.955677941273601,0.6707070707070707,0.7651521714644925,1.0,9/11,15.89%,Q13424;Q14118-PRO_0000021065;Q14118-PRO_0000021066;Q13326;Q16585;Q14714;Q16586;Q92629;Q13884
prerank,"Neuronal nicotinic acetylcholine receptor complex, alpha3-alpha5-beta2",0.7974508174009419,0.9556387094332006,0.6144736842105263,0.7645055763945281,1.0,3/3,20.32%,P17787-PRO_0000000379;P32297-PRO_0000000346;P30532-PRO_0000000356
prerank,"Oligosaccharyltransferase complex B, TUCS3 variant",0.8228397019056459,0.9554003970815044,0.6282183316168898,0.764397334330679,1.0,6/8,16.42%,P04843;P61803;P04844;P0C6T2;P39656;P61165
prerank,"Ubiquitous AP-1 Adaptor complex, sigma1b variant",0.806541019955654,0.9550661519073119,0.6248492159227985,0.7645101691852428,1.0,3/4,19.41%,Q10567;O43747;Q9BXS5
prerank,"Beta-catenin destruction core complex, APC-AXIN1-GSK3B variant",0.8012749445676276,0.9549794835209587,0.6206896551724138,0.7639866840470457,1.0,4/4,19.96%,P49841;P48729;O15169;P25054
prerank,"Cav1.2 voltage-gated calcium channel complex, CACNA2D1-CACNB2 variant",0.7971175166297118,0.9546225326300316,0.6218787158145065,0.7642201289158704,1.0,4/4,20.38%,Q13936;Q08289;P54289-PRO_0000005002;P54289-PRO_0000005001
prerank,"GABA-A receptor, alpha4-beta2-gamma2",0.7986075723299606,0.9540352325111127,0.6101928374655647,0.7650084574547386,1.0,2/3,13.37%,P47870;P18507
prerank,"Oligosaccharyltransferase complex B, MAGT1 variant",0.8228397019056459,0.9539964726858692,0.6328205128205128,0.7643433105784295,1.0,6/8,16.42%,P04843;P61803;P04844;P0C6T2;P39656;P61165
prerank,FCN3-MASP1 lectin-protease complex,0.7899695206428373,0.953932631004153,0.6085790884718498,0.7637320097763443,1.0,3/3,21.07%,P48740-PRO_0000027594;P48740-PRO_0000027593;O75636
prerank,"Cav1.2 voltage-gated calcium channel complex, CACNA2D2-CACNB2 variant",0.796008869179601,0.9537647115703125,0.6085918854415274,0.7633928767076302,1.0,4/4,20.49%,Q13936;Q08289;Q9NY47-PRO_0000304637;Q9NY47-PRO_0000304639
prerank,"Beta-catenin destruction core complex, APC-AXIN2-GSK3B variant",0.8012749445676276,0.9534284081473975,0.6214953271028038,0.7635219723631635,1.0,4/4,19.96%,P49841;P48729;Q9Y2T1;P25054
prerank,"Cav1.2 voltage-gated calcium channel complex, CACNA2D1-CACNB1 variant",0.7971175166297119,0.9530990715676995,0.6294117647058823,0.7636240915352522,1.0,4/4,20.38%,Q13936;Q02641;P54289-PRO_0000005002;P54289-PRO_0000005001
prerank,"Cav1.2 voltage-gated calcium channel complex, CACNA2D1-CACNB4 variant",0.7971175166297118,0.9526881447920811,0.6336866902237926,0.7639491841177013,1.0,4/4,20.38%,Q13936;O00305;P54289-PRO_0000005002;P54289-PRO_0000005001
prerank,MBL2-MASP1 lectin-protease complex,0.7930174563591021,0.9526492202835611,0.6188524590163934,0.7633028758785023,1.0,3/3,20.76%,P48740-PRO_0000027594;P48740-PRO_0000027593;P11226
prerank,"Dynein-2 complex, light-chain variant 8",0.823529411764706,0.9524488784868441,0.6505652620760535,0.7631022444118523,1.0,8/8,17.83%,P51808;Q8TF09;P63167;Q8TCX1;Q96EX3;Q8NCM8;Q8WW35;Q8WVS4
prerank,"Dynein-2 complex, light-chain variant 4",0.823529411764706,0.9519897715091055,0.6498973305954825,0.7635333590188432,1.0,8/8,17.83%,P51808;Q9NP97;P63167;Q8TCX1;Q96EX3;Q8NCM8;Q8WW35;Q8WVS4
prerank,"Neuronal nicotinic acetylcholine receptor complex, alpha3-alpha5-beta4",0.7974508174009418,0.9518648525415022,0.6248348745046235,0.7631201692367641,1.0,3/3,20.32%,P30926-PRO_0000000389;P32297-PRO_0000000346;P30532-PRO_0000000356
prerank,"Dynein-2 complex, light-chain variant 5",0.823529411764706,0.9518208018407079,0.6487046632124353,0.7624846464068301,1.0,8/8,17.83%,P63172;Q8TF09;P63167;Q8TCX1;Q96EX3;Q8NCM8;Q8WW35;Q8WVS4
prerank,"Beta-catenin destruction core complex, APC2-AXIN1-GSK3B variant",0.8009977827050998,0.9517410618621026,0.6258992805755396,0.7619013226899534,1.0,4/4,19.99%,P49841;P48729;O15169;O95996
prerank,"TRAPP II complex, TRAPPC2 variant",0.8303912861182704,0.9516345491678582,0.6629778672032193,0.7614071626171746,1.0,6/10,14.95%,Q9Y296;Q8IUR0;Q9Y5R8;Q9UL33;O43617;P0DI81
prerank,FCN1-MASP2 lectin-protease complex,0.7913549459684123,0.9514516798135589,0.6082337317397079,0.7611565874323011,1.0,3/3,20.93%,O00187-PRO_0000027599;O00187-PRO_0000027600;O00602
prerank,GABA-A receptor alpha6-beta2-gamma2,0.7986075723299606,0.9512984359498439,0.6246537396121884,0.7607974827388475,1.0,2/3,13.37%,P47870;P18507
prerank,"Dynein-2 complex, light-chain variant 1 ",0.823529411764706,0.9512929919082868,0.655958549222798,0.7600700449402974,1.0,8/8,17.83%,P63172;Q9NP97;P63167;Q8TCX1;Q96EX3;Q8NCM8;Q8WW35;Q8WVS4
prerank,"Neuronal nicotinic acetylcholine receptor complex, alpha3-alpha6-beta2-beta3",0.8026607538802661,0.9507855412127605,0.6297198538367844,0.7606887877524319,1.0,3/4,19.80%,P17787-PRO_0000000379;P32297-PRO_0000000346;Q15825-PRO_0000000360
prerank,"Cav1.2 voltage-gated calcium channel complex, CACNA2D1-CACNB3 variant",0.7971175166297119,0.9502025470567848,0.6455847255369929,0.7614255795097391,1.0,4/4,20.38%,Q13936;P54284;P54289-PRO_0000005002;P54289-PRO_0000005001
prerank,"Cav1.2 voltage-gated calcium channel complex, CACNA2D2-CACNB1 variant",0.796008869179601,0.9499033693797707,0.6293206197854588,0.7613965575436318,1.0,4/4,20.49%,Q13936;Q02641;Q9NY47-PRO_0000304637;Q9NY47-PRO_0000304639
prerank,"Beta-catenin destruction core complex, APC2-AXIN2-GSK3B variant",0.8009977827050999,0.9496588448681295,0.6298932384341637,0.7612907015952686,1.0,4/4,19.99%,P49841;P48729;Q9Y2T1;O95996
prerank,"Cav1.2 voltage-gated calcium channel complex, CACNA2D2-CACNB4 variant",0.7960088691796009,0.9495444935768033,0.6227758007117438,0.7608441155815541,1.0,4/4,20.49%,Q13936;O00305;Q9NY47-PRO_0000304637;Q9NY47-PRO_0000304639
prerank,"Cav1.2 voltage-gated calcium channel complex, CACNA2D3-CACNB2 variant",0.7957317073170732,0.9493998260913231,0.6314496314496314,0.7604646246197699,1.0,4/4,20.51%,Q13936;Q08289;Q8IZS8-PRO_0000304648;Q8IZS8-PRO_0000304647
prerank,"TRAPP II complex, TRAPPC2B variant",0.830113662575794,0.9492902961534686,0.6743951612903226,0.7599965994603666,1.0,6/10,14.98%,Q9Y296;Q8IUR0;Q9Y5R8;Q9UL33;O43617;P0DI82
prerank,HOPS tethering complex,0.8069883527454242,0.949228744771106,0.62486602357985,0.759395181000151,1.0,4/6,19.38%,Q9H269;Q9H270;Q9P253;Q96AX1
prerank,"Cav1.2 voltage-gated calcium channel complex, CACNA2D2-CACNB3 variant",0.796008869179601,0.9489806984144545,0.6201923076923077,0.7592949170941801,1.0,4/4,20.49%,Q13936;P54284;Q9NY47-PRO_0000304637;Q9NY47-PRO_0000304639
prerank,"miRNA RISC complex, TNRC6B variant",0.7978929858608262,0.9489687388162203,0.6266666666666667,0.7585906200520119,1.0,4/5,20.29%,Q9UKV8;Q9H9G7;Q9UL18;Q9HCK5
prerank,MBL2-MASP2 lectin-protease complex,0.7930174563591023,0.9485737548065487,0.6164383561643836,0.7588125023942993,1.0,3/3,20.76%,O00187-PRO_0000027599;O00187-PRO_0000027600;P11226
prerank,"TRAPP III complex, TRAPPC2 variant",0.8303912861182704,0.9481223441534143,0.6761133603238867,0.7591771447288892,1.0,6/10,14.95%,Q9Y296;Q8IUR0;Q9Y5R8;Q9UL33;O43617;P0DI81
prerank,FCN3-MASP2 lectin-protease complex,0.7899695206428373,0.9479173480437756,0.6189189189189189,0.7589438247167886,1.0,3/3,21.07%,O00187-PRO_0000027599;O00187-PRO_0000027600;O75636
prerank,"TRAPP III complex, TRAPPC2B variant",0.830113662575794,0.9475057371871062,0.6878787878787879,0.7592596535973543,1.0,6/10,14.98%,Q9Y296;Q8IUR0;Q9Y5R8;Q9UL33;O43617;P0DI82
prerank,"Cav1.2 voltage-gated calcium channel complex, CACNA2D4-CACNB2 variant",0.7954545454545455,0.9469999470670225,0.6397146254458977,0.7597374508920997,1.0,4/4,20.54%,Q13936;Q08289;Q7Z3S7-PRO_0000304656;Q7Z3S7-PRO_0000304657
prerank,"Cav1.2 voltage-gated calcium channel complex, CACNA2D3-CACNB1 variant",0.7957317073170733,0.9468250667889377,0.6418092909535452,0.7593980675997234,1.0,4/4,20.51%,Q13936;Q02641;Q8IZS8-PRO_0000304648;Q8IZS8-PRO_0000304647
prerank,"Cav1.2 voltage-gated calcium channel complex, CACNA2D4-CACNB1 variant",0.7954545454545455,0.9467392645890508,0.6424314660309892,0.7588793893968903,1.0,4/4,20.54%,Q13936;Q02641;Q7Z3S7-PRO_0000304656;Q7Z3S7-PRO_0000304657
prerank,FCN2-MASP1 lectin-protease complex,0.7902466057079522,0.9466154732974751,0.6480218281036835,0.7584552297202819,1.0,3/3,21.04%,P48740-PRO_0000027594;P48740-PRO_0000027593;Q15485
prerank,"Cav1.2 voltage-gated calcium channel complex, CACNA2D3-CACNB3 variant",0.7957317073170733,0.9464756152067715,0.6362515413070283,0.7580630273950484,1.0,4/4,20.51%,Q13936;P54284;Q8IZS8-PRO_0000304648;Q8IZS8-PRO_0000304647
prerank,"Cav1.2 voltage-gated calcium channel complex, CACNA2D4-CACNB3 variant",0.7954545454545455,0.9463082259014319,0.6405693950177936,0.757731731326832,1.0,4/4,20.54%,Q13936;P54284;Q7Z3S7-PRO_0000304656;Q7Z3S7-PRO_0000304657
prerank,"FTS-Hook-FHIP cargo adaptor complex, FHIP1B-HOOK1/3 variant",0.791851441241685,0.9458135110158012,0.6222760290556901,0.7581813081025373,1.0,3/4,20.87%,Q9H8T0;Q9UJC3;Q86VS8
prerank,"Cav1.1 voltage-gated calcium channel complex, CACNA2D1-CACNB2-CACNG1 variant",0.7973385084557806,0.9455724850011655,0.6455981941309256,0.7580306540717865,1.0,5/5,20.38%,Q13698;Q06432;Q08289;P54289-PRO_0000005002;P54289-PRO_0000005001
prerank,CORVET tethering complex,0.8069883527454242,0.9455050922075977,0.645610278372591,0.7574593693463966,1.0,4/6,19.38%,Q9H269;Q9H270;Q9P253;Q96AX1
prerank,"Cav1.2 voltage-gated calcium channel complex, CACNA2D4-CACNB4 variant",0.7954545454545455,0.9453174136205351,0.6371158392434988,0.7571836390028299,1.0,4/4,20.54%,Q13936;O00305;Q7Z3S7-PRO_0000304656;Q7Z3S7-PRO_0000304657
prerank,"GABA-A receptor, alpha4-beta2-delta",0.7883070102521473,0.9450723827649323,0.6206434316353887,0.757045720071954,1.0,3/3,21.23%,P47870;O14764;P48169
prerank,"miRNA RISC complex, TNRC6C variant",0.7978929858608262,0.9446369725659394,0.6410835214446953,0.7574040924484943,1.0,4/5,20.29%,Q9UKV8;Q9H9G7;Q9UL18;Q9HCK5
prerank,"Cav1.1 voltage-gated calcium channel complex, CACNA2D3-CACNB2-CACNG1 variant",0.7959523149431663,0.9446292984606469,0.6300114547537228,0.7567047318761302,1.0,5/5,20.51%,Q13698;Q06432;Q08289;Q8IZS8-PRO_0000304648;Q8IZS8-PRO_0000304647
prerank,"Cav1.1 voltage-gated calcium channel complex, CACNA2D1-CACNB1-CACNG1 variant",0.7973385084557807,0.9444870991869289,0.6451612903225806,0.7563504812615195,1.0,5/5,20.38%,Q13698;Q06432;Q02641;P54289-PRO_0000005002;P54289-PRO_0000005001
prerank,"FTS-Hook-FHIP cargo adaptor complex, FHIP1A-HOOK1/3 variant",0.791851441241685,0.9443725477884138,0.6243961352657005,0.755943430740261,1.0,3/4,20.87%,Q9H8T0;Q9UJC3;Q86VS8
prerank,"Cav1.1 voltage-gated calcium channel complex, CACNA2D2-CACNB2-CACNG1 variant",0.7962295536456891,0.9441282788666799,0.6337078651685393,0.7557806302942183,1.0,5/5,20.49%,Q13698;Q06432;Q08289;Q9NY47-PRO_0000304637;Q9NY47-PRO_0000304639
prerank,"Cav1.2 voltage-gated calcium channel complex, CACNA2D3-CACNB4 variant",0.7957317073170732,0.9440211535837694,0.6479217603911981,0.7553389676554854,1.0,4/4,20.51%,Q13936;O00305;Q8IZS8-PRO_0000304648;Q8IZS8-PRO_0000304647
prerank,"Mitochondrial calcium uniporter complex, MICU1 variant",0.7908007758381823,0.9435356453635729,0.6491228070175439,0.7558015103695821,1.0,3/3,20.99%,Q9H4I9;Q8NE86;Q9BPX6
prerank,"Cav1.1 voltage-gated calcium channel complex, CACNA2D4-CACNB1-CACNG1 variant",0.7956750762406435,0.943233407232341,0.6384872080088988,0.75584214125425,1.0,5/5,20.54%,Q13698;Q06432;Q02641;Q7Z3S7-PRO_0000304656;Q7Z3S7-PRO_0000304657
prerank,"4EHP-GIGYF1 co-translational mRNA decay complex, ZNF598 variant",0.7889824051569589,0.9431998540335362,0.6299319727891156,0.7551980042172708,1.0,2/3,14.89%,O60573;O75420
prerank,"Cav1.1 voltage-gated calcium channel complex, CACNA2D4-CACNB2-CACNG1 variant",0.7956750762406434,0.943133778062852,0.6425389755011136,0.7546379041556465,1.0,5/5,20.54%,Q13698;Q06432;Q08289;Q7Z3S7-PRO_0000304656;Q7Z3S7-PRO_0000304657
prerank,"Cav1.1 voltage-gated calcium channel complex, CACNA2D1-CACNB4-CACNG1 variant",0.7973385084557806,0.9427519101547175,0.6666666666666666,0.7548429609367631,1.0,5/5,20.38%,Q13698;Q06432;O00305;P54289-PRO_0000005002;P54289-PRO_0000005001
prerank,KIF3 complex variant AB-KAP3,0.7824882238847326,0.9426929943607829,0.6385714285714286,0.7542689415396043,1.0,2/3,21.79%,Q92845;Q9Y496
prerank,"miRNA RISC complex, TNRC6A variant",0.7978929858608262,0.9426792161357284,0.6370786516853932,0.7535899633777442,1.0,4/5,20.29%,Q9UKV8;Q9H9G7;Q9UL18;Q9HCK5
prerank,"GABA-A receptor, alpha4-beta1-gamma2 complex",0.7883070102521473,0.9424616215477605,0.6253481894150418,0.7533563908073625,1.0,3/3,21.23%,P18507;P18505;P48169
prerank,"GABA-A receptor, alpha6-beta2-delta",0.7885840953172624,0.9420038271487268,0.6312925170068027,0.7537084279007223,1.0,3/3,21.21%,P47870;O14764;Q16445
prerank,"Cav1.1 voltage-gated calcium channel complex, CACNA2D3-CACNB1-CACNG1 variant",0.7959523149431663,0.9413685695293489,0.6520763187429854,0.7545325858531708,1.0,5/5,20.51%,Q13698;Q06432;Q02641;Q8IZS8-PRO_0000304648;Q8IZS8-PRO_0000304647
prerank,FCN2-MASP2 lectin-protease complex,0.7902466057079524,0.9413140338231252,0.6481732070365359,0.7539361526876593,1.0,3/3,21.04%,O00187-PRO_0000027599;O00187-PRO_0000027600;Q15485
prerank,"Cav1.1 voltage-gated calcium channel complex, CACNA2D2-CACNB1-CACNG1 variant",0.7962295536456891,0.940637606210865,0.646927374301676,0.7547413019364888,1.0,5/5,20.49%,Q13698;Q06432;Q02641;Q9NY47-PRO_0000304637;Q9NY47-PRO_0000304639
prerank,"4EHP-GIGYF2 co-translational mRNA decay complex, ZNF598 variant",0.789259490222074,0.940444471790587,0.6512549537648613,0.7544388009331792,1.0,2/3,14.87%,O60573;Q6Y7W6
prerank,CL-LK-MASP1 lectin-protease complex,0.7899113082039909,0.940320840276908,0.6623067776456599,0.7540224039015422,1.0,4/4,21.10%,P48740-PRO_0000027594;P48740-PRO_0000027593;Q9Y6Z7;Q9BWP8
prerank,NELF negative elongation factor complex ,-0.45787139689578715,-0.9400893561815985,0.5297619047619048,0.6228163709152993,1.0,4/4,100.00%,Q8IXH7;Q8WX92;Q9H3P2;P18615
prerank,"Cav1.1 voltage-gated calcium channel complex, CACNA2D4-CACNB3-CACNG1 variant",0.7956750762406435,0.9398604110556394,0.6526195899772209,0.7544548299049524,1.0,5/5,20.54%,Q13698;Q06432;P54284;Q7Z3S7-PRO_0000304656;Q7Z3S7-PRO_0000304657
prerank,"Cav1.1 voltage-gated calcium channel complex, CACNA2D1-CACNB3-CACNG1 variant",0.7973385084557807,0.9396796321489796,0.6700564971751413,0.7541402991202364,1.0,5/5,20.38%,Q13698;Q06432;P54284;P54289-PRO_0000005002;P54289-PRO_0000005001
prerank,"Cav1.1 voltage-gated calcium channel complex, CACNA2D2-CACNB3-CACNG1 variant",0.7962295536456893,0.9389069443492966,0.6575654152445961,0.7552859507374773,1.0,5/5,20.49%,Q13698;Q06432;P54284;Q9NY47-PRO_0000304637;Q9NY47-PRO_0000304639
prerank,GABA-A receptor alpha6-beta1-gamma2 complex,0.7885840953172624,0.9388455351907191,0.6573426573426573,0.7547118775338649,1.0,3/3,21.21%,P18507;P18505;Q16445
prerank,"Cav1.1 voltage-gated calcium channel complex, CACNA2D3-CACNB3-CACNG1 variant",0.7959523149431663,0.9386586534314474,0.6539351851851852,0.7544635198173072,1.0,5/5,20.51%,Q13698;Q06432;P54284;Q8IZS8-PRO_0000304648;Q8IZS8-PRO_0000304647
prerank,"GABA-A receptor, alpha1-beta2-delta",0.7888611803823775,0.938383471877893,0.6466480446927374,0.7544070078567789,1.0,3/3,21.18%,P47870;P14867;O14764
prerank,Kinetochore SKA complex,-0.48212801330008315,-0.9383752070876576,0.5189393939393939,0.6204225512062833,1.0,3/3,100.00%,Q8IX90;Q8WVK7;Q96BD8
prerank,"RAVE complex, DMXL2 variant",0.7830423940149626,0.9381040423522091,0.6581081081081082,0.7543415436931646,1.0,2/3,21.73%,Q9GZN7;Q9Y4E6
prerank,"Cav1.1 voltage-gated calcium channel complex, CACNA2D2-CACNB4-CACNG1 variant",0.7962295536456891,0.9379576800025468,0.6628959276018099,0.7540017223991592,1.0,5/5,20.49%,Q13698;Q06432;O00305;Q9NY47-PRO_0000304637;Q9NY47-PRO_0000304639
prerank,"Cav1.1 voltage-gated calcium channel complex, CACNA2D3-CACNB4-CACNG1 variant",0.7959523149431662,0.9372183939309042,0.66324200913242,0.7550788537930645,1.0,5/5,20.51%,Q13698;Q06432;O00305;Q8IZS8-PRO_0000304648;Q8IZS8-PRO_0000304647
prerank,"Cav1.1 voltage-gated calcium channel complex, CACNA2D4-CACNB4-CACNG1 variant",0.7956750762406434,0.9371786901781829,0.6598407281001137,0.7544730372451034,1.0,5/5,20.54%,Q13698;Q06432;O00305;Q7Z3S7-PRO_0000304656;Q7Z3S7-PRO_0000304657
prerank,"Mitochondrial calcium uniporter complex, MICU1-MICU2 variant",0.7907427937915743,0.9369633947794282,0.6730538922155689,0.7543034811495688,1.0,3/4,20.99%,Q9H4I9;Q8NE86;Q9BPX6
prerank,"Replication protein A complex, RPA4 variant",0.7772236076475478,0.9363123690278409,0.6675427069645203,0.7551128985682649,1.0,2/3,22.31%,P35244;P27694
prerank,"RAVE complex, DMXL1 variant",0.7830423940149626,0.9355376192061666,0.6541049798115747,0.7562450720759468,1.0,2/3,21.73%,Q9GZN7;Q9Y4E6
prerank,"Replication protein A complex, RPA2 variant",0.7772236076475478,0.9354968815430926,0.6716216216216216,0.7556364157621597,1.0,2/3,22.31%,P35244;P27694
prerank,CL-LK-MASP2 lectin-protease complex,0.7899113082039909,0.9353219050837966,0.6743063932448733,0.7553914928068641,1.0,4/4,21.10%,O00187-PRO_0000027599;O00187-PRO_0000027600;Q9Y6Z7;Q9BWP8
prerank,"Mitochondrial calcium uniporter complex, MICU1-MICU3 variant",0.7907427937915743,0.9352735092441897,0.6783555018137848,0.7548116896531423,1.0,3/4,20.99%,Q9H4I9;Q8NE86;Q9BPX6
prerank,KIF3 complex variant AC-KAP3,0.7824882238847326,0.9340584664459889,0.6562942008486563,0.7569270946656996,1.0,2/3,21.79%,Q92845;Q9Y496
prerank,Laminin-423 complex,0.784346488680176,0.933767966723769,0.6550279329608939,0.7568818919601226,1.0,1/3,9.91%,P55268
prerank,"FTS-Hook-FHIP cargo adaptor complex, FHIP2B-HOOK1/2/3 variant",0.7920709731078459,0.933105066146873,0.6674182638105975,0.757735492363295,1.0,4/5,20.87%,Q9H8T0;Q96ED9;Q9UJC3;Q86VS8
prerank,Laminin-213 complex,0.7756694437399545,0.9328026840936124,0.6391184573002755,0.757796026106281,1.0,1/3,9.99%,P07942
prerank,ASCC DNA alkylation repair complex,0.7777777777777777,0.9324322603140865,0.6624472573839663,0.7579091009802167,1.0,2/3,22.26%,Q8N3C0;Q9H1I8
prerank,"ESCRT-I complex, VPS37A-UBAP1 variant",0.7757760532150777,0.9320745238717846,0.6622436670687576,0.7581162587381077,1.0,4/4,22.51%,Q9UK41;Q99816;Q9NZ09;Q8NEZ2
prerank,"Endothelial AP-1 Adaptor complex, sigma1a variant",0.7844974132092832,0.9307021066458412,0.6788321167883211,0.7607207698503966,1.0,2/4,14.92%,Q10567;O43747
prerank,"Mitochondrial calcium uniporter complex, MICUB variant",0.7906847795952314,0.9306019734265202,0.6798196166854565,0.7602572391766411,1.0,3/5,20.99%,Q9H4I9;Q8NE86;Q9BPX6
prerank,RQT ribosome-associated quality control trigger complex,0.7777777777777777,0.9304309163494924,0.6591230551626591,0.7599717305629087,1.0,2/3,22.26%,Q8N3C0;Q9H1I8
prerank,"ESCRT-I complex, VPS37C-UBAP1 variant",0.777439024390244,0.930144798048352,0.6687192118226601,0.7599933031145149,1.0,4/4,22.34%,Q9UK41;Q99816;Q9NZ09;A5D8V6
prerank,"SEC61 protein-conducting channel complex, SEC1A2 variant",0.7750069271266279,0.9298462792161688,0.6518105849582173,0.7599723522374112,1.0,2/3,22.54%,P60468;P60059
prerank,"SEC61 protein-conducting channel complex, SEC1A1 variant",0.7750069271266279,0.9298289778655584,0.6676176890156919,0.7593345004761606,1.0,2/3,22.54%,P60468;P60059
prerank,"ESCRT-I complex, VPS37D-UBAP1 variant",0.7771618625277162,0.9297860711712501,0.6594724220623501,0.758748105919498,1.0,4/4,22.37%,Q9UK41;Q99816;Q9NZ09;Q86XT2
prerank,"TAK1-TAB complex, TAB3 variant",0.7744527569963979,0.9297766446515922,0.6727272727272727,0.7580750851457287,1.0,2/3,22.59%,O43318;Q15750
prerank,"AMPK complex, alpha1-beta1-gamma3 variant",0.7697423108894431,0.9294843998882493,0.6708333333333333,0.7580707188274067,1.0,3/3,23.09%,Q9Y478;Q13131;Q9UGI9
prerank,"ESCRT-I complex, VPS37A-MVB12B variant",0.7757760532150776,0.9275123275026805,0.6735436893203883,0.7620378122736516,1.0,4/4,22.51%,Q9UK41;Q99816;Q9H7P6-1;Q8NEZ2
prerank,"AMPK complex, alpha1-beta1-gamma2 variant",0.7675256303685232,0.9272906750565467,0.6782246879334258,0.7618362835055034,1.0,3/3,23.31%,Q9Y478;Q13131;Q9UGJ0
prerank,"TAK1-TAB complex, TAB2 variant",0.7744527569963979,0.9271965391787884,0.6843537414965987,0.7613523793432483,1.0,2/3,22.59%,O43318;Q15750
prerank,"ESCRT-I complex, VPS37C-MVB12B variant",0.7774390243902439,0.9265714566077141,0.6720098643649816,0.7621258190248108,1.0,4/4,22.34%,Q9UK41;Q99816;Q9H7P6-1;A5D8V6
prerank,"ESCRT-I complex, VPS37D-MVB12B variant",0.7771618625277162,0.9263103995952146,0.672289156626506,0.7620207936509923,1.0,4/4,22.37%,Q9UK41;Q99816;Q9H7P6-1;Q86XT2
prerank,"ESCRT-I complex, VPS37B-UBAP1 variant",0.7763303769401332,0.9259079530492507,0.6731707317073171,0.7622664676805189,1.0,4/4,22.45%,Q9UK41;Q99816;Q9NZ09;Q9H9H4
prerank,"AMPK complex, alpha2-beta1-gamma2 variant",0.7675256303685231,0.924953629207603,0.6716216216216216,0.7637784589756228,1.0,3/3,23.31%,Q9Y478;P54646;Q9UGJ0
prerank,"AMPK complex, alpha1-beta1-gamma1 variant",0.7650318647824882,0.924566399923134,0.6905405405405406,0.7640123319244059,1.0,3/3,23.56%,Q9Y478;Q13131;P54619
prerank,"AMPK complex, alpha2-beta1-gamma3 variant",0.769742310889443,0.9239584104911918,0.6774628879892037,0.7647584098056596,1.0,3/3,23.09%,Q9Y478;P54646;Q9UGI9
prerank,"AMPK complex, alpha1-beta2-gamma2 variant",0.7675256303685231,0.9235789791074275,0.6780626780626781,0.7649314710116809,1.0,3/3,23.31%,Q13131;O43741;Q9UGJ0
prerank,"AMPK complex, alpha1-beta2-gamma3 variant",0.769742310889443,0.9232911162494465,0.683599419448476,0.764887843123295,1.0,3/3,23.09%,Q13131;O43741;Q9UGI9
prerank,"AMPK complex, alpha2-beta2-gamma2 variant",0.7675256303685231,0.9226000004544915,0.6749654218533887,0.7658258832312987,1.0,3/3,23.31%,O43741;P54646;Q9UGJ0
prerank,"ESCRT-I complex, VPS37B-MVB12B variant",0.7763303769401331,0.9225557867629518,0.6791314837153196,0.765221125951797,1.0,4/4,22.45%,Q9UK41;Q99816;Q9H7P6-1;Q9H9H4
prerank,"ESCRT-I complex, VPS37C-MVB12A variant",0.7774390243902439,0.9222716782787,0.6867469879518072,0.7651579146180332,1.0,4/4,22.34%,Q9UK41;Q99816;Q96EY5;A5D8V6
prerank,"ESCRT-I complex, VPS37A-MVB12A variant",0.7757760532150777,0.9210179933750757,0.6912832929782082,0.7674509028027895,1.0,4/4,22.51%,Q9UK41;Q99816;Q96EY5;Q8NEZ2
prerank,"ESCRT-I complex, VPS37D-MVB12A variant",0.7771618625277162,0.9207580250991745,0.680672268907563,0.7673576693820517,1.0,4/4,22.37%,Q9UK41;Q99816;Q96EY5;Q86XT2
prerank,KMN complex,-0.48185092823496817,-0.9207360375162302,0.5476190476190477,0.6514978915122838,1.0,3/3,100.00%,CPX-5643;CPX-5644;CPX-550
prerank,"AMPK complex, alpha2-beta2-gamma3 variant",0.769742310889443,0.9206828805536497,0.682825484764543,0.7668661612177845,1.0,3/3,23.09%,O43741;P54646;Q9UGI9
prerank,"AMPK complex, alpha2-beta1-gamma1 variant",0.7650318647824882,0.9205920914575345,0.6944444444444444,0.7663900601974581,1.0,3/3,23.56%,Q9Y478;P54646;P54619
prerank,"AMPK complex, alpha1-beta2-gamma1 variant",0.7650318647824882,0.92027144239386,0.6947960618846695,0.766445116060034,1.0,3/3,23.56%,Q13131;O43741;P54619
prerank,"ESCRT-I complex, VPS37B-MVB12A variant",0.7763303769401331,0.9182031359356695,0.6948130277442702,0.7703171963202406,1.0,4/4,22.45%,Q9UK41;Q99816;Q96EY5;Q9H9H4
prerank,"AMPK complex, alpha2-beta2-gamma1 variant",0.7650318647824882,0.9177972557972934,0.6934604904632152,0.770566681459062,1.0,3/3,23.56%,O43741;P54646;P54619
prerank,KICSTOR complex,-0.4398558758314856,-0.917104321057204,0.5974842767295597,0.6528605779364635,1.0,4/4,100.00%,Q5T011;Q96MD2;Q9Y664;Q969R8
prerank,NatC N-alpha-acetyltransferase complex,-0.4749238016070934,-0.9170679507758168,0.5597014925373134,0.6469268659044211,1.0,3/3,100.00%,Q9BRA0;Q147X3;Q5VZE5
prerank,Prefoldin co-chaperone complex,0.7788685524126457,0.9168704873106833,0.7215469613259669,0.7719690499963107,1.0,3/6,15.50%,O15212;Q9UHV9;Q9NUG6
prerank,SNARE complex STX1A-SNAP25-VAMP1,0.7583818232197282,0.9138235065691381,0.6897506925207756,0.7781883403896758,1.0,3/3,24.22%,P60880;Q16623;P23763
prerank,"Beta-catenin destruction core complex, APC-AXIN1-GSK3A variant",0.7660753880266075,0.9131781625110681,0.6994082840236686,0.7789243940256185,1.0,4/4,23.48%,P48729;O15169;P25054;P49840
prerank,"Beta-catenin destruction core complex, APC-AXIN2-GSK3A variant",0.7660753880266076,0.9108446624552853,0.7022538552787663,0.783472788774725,1.0,4/4,23.48%,P48729;Q9Y2T1;P25054;P49840
prerank,"ILK-PINCH-Parvin complex, LIMS1-PARVA variant",0.7525630368523135,0.910458244227011,0.6942934782608695,0.7836479450021202,1.0,3/3,24.81%,Q13418;Q9NVD7;P48059
prerank,"Beta-catenin destruction core complex, APC2-AXIN1-GSK3A variant",0.7660753880266075,0.9100658485319709,0.7079326923076923,0.7838237515185769,1.0,4/4,23.48%,P48729;O15169;O95996;P49840
prerank,SNARE complex STX1A-SNAP25-VAMP2,0.7547797173732333,0.9087840836528316,0.7067567567567568,0.7860066038491014,1.0,3/3,24.58%,P60880;Q16623;P63027
prerank,"Beta-catenin destruction core complex, APC2-AXIN2-GSK3A variant",0.7660753880266075,0.9075624024073146,0.7089371980676329,0.7879582743805364,1.0,4/4,23.48%,P48729;Q9Y2T1;O95996;P49840
prerank,SNARE complex STX1B-SNAP25-VAMP1,0.7506234413965086,0.9067813235525616,0.7049861495844876,0.7889874829508927,1.0,3/3,25.00%,P60880;P23763;P61266
prerank,"ILK-PINCH-Parvin complex, LIMS2-PARVA variant",0.7528401219174286,0.9066125263835589,0.7070572569906791,0.7886514578957777,1.0,3/3,24.78%,Q13418;Q7Z4I7;Q9NVD7
prerank,"ILK-PINCH-Parvin complex, LIMS2-PARVB variant",0.7558880576336934,0.9055710566517906,0.6983695652173914,0.7901795012249762,1.0,3/3,24.47%,Q13418;Q9HBI1;Q7Z4I7
prerank,"LKB1-STRAD-MO25 serine/threonine protein kinase complex, CAB39-STRADB variant",0.7517317816569686,0.9054002842090455,0.7251381215469613,0.789835371517046,1.0,3/3,24.89%,Q15831;Q9Y376;Q9C0K7
prerank,SNARE complex STX1B-SNAP25-VAMP2,0.7506234413965086,0.9051368565725504,0.7098515519568152,0.789699066670265,1.0,3/3,25.00%,P60880;P63027;P61266
prerank,"ILK-PINCH-Parvin complex, LIMS1-PARVB variant",0.7525630368523135,0.9045920109397092,0.7090663058186739,0.7901926967093151,1.0,3/3,24.81%,Q13418;Q9HBI1;P48059
prerank,SNARE complex STX17-SNAP47-VAMP7,0.7531172069825435,0.904149069962733,0.7148936170212766,0.7904252228125983,1.0,3/3,24.75%,P56962;Q5SQN1;P51809
prerank,SNARE complex STX17-SNAP29-VAMP7,0.7531172069825437,0.9030626394154856,0.7156726768377254,0.7919773755688474,1.0,3/3,24.75%,P56962;O95721;P51809
prerank,GLUK1-GLUK3-GLUK5 glutamate ionotropic kainate-type receptor complex,0.7497921862011637,0.9022434697107821,0.7303070761014686,0.7930139064939484,1.0,2/3,25.06%,P39086;Q13003
prerank,GLUK1-GLUK3-GLUK4 glutamate ionotropic kainate-type receptor complex,0.7497921862011637,0.9021367542027549,0.7282463186077643,0.7925474075254225,1.0,2/3,25.06%,P39086;Q13003
prerank,GLUK1-GLUK2-GLUK5 glutamate ionotropic kainate-type receptor complex,0.7495151011360488,0.9015823820056619,0.7402422611036339,0.7930658250341904,1.0,2/3,25.08%,P39086;Q13002
prerank,GLUK1-GLUK2-GLUK4 glutamate ionotropic kainate-type receptor complex,0.7495151011360488,0.9015799666737043,0.7325268817204301,0.7923732697382165,1.0,2/3,25.08%,P39086;Q13002
prerank,"SREBP-SCAP-INSIG sequestering complex, INSIG1-SREBF2 variant",0.7453588251593237,0.9008645679836194,0.7381615598885793,0.7931886798951189,1.0,3/3,25.53%,CHEBI:42977;CPX-25721;O15503
prerank,"Septin complex, hexamer variant, SEPT2-SEPT6-SEPT-7",0.7536713771127737,0.9001007304779354,0.7434119278779473,0.7941220383323636,1.0,3/3,24.70%,Q16181;Q14141;Q15019
prerank,SNARE complex STX17-SNAP29-VAMP8,0.7501758425161751,0.8997421688483913,0.7377717391304348,0.7941715502946235,1.0,2/3,17.33%,P56962;O95721
prerank,"MON1-CCZ1 guanyl-nucleotide exchange factor complex, MON1A variant",0.7450817400942088,0.8972392371960325,0.7257844474761255,0.7988570809147207,1.0,3/3,25.55%,Q96DM3;Q86VX9;P86791
prerank,"SREBP-SCAP-INSIG sequestering complex, INSIG2-SREBF2 variant",0.7459129952895538,0.8968367375779202,0.7666666666666667,0.7989335611459638,1.0,3/3,25.47%,CHEBI:42977;CPX-25721;Q9Y5U4
prerank,"AP-2 Adaptor complex, alpha1 variant",0.7544345898004436,0.8965007723819156,0.7466827503015682,0.7989390998709627,1.0,3/4,24.61%,P63010;P53680;Q96CW1
prerank,"SREBP-SCAP-INSIG sequestering complex, INSIG1-SREBF1 variant",0.7453588251593237,0.8963898926845612,0.7383561643835617,0.7985182625413781,1.0,3/3,25.53%,CHEBI:42977;CPX-25745;O15503
prerank,SNARE complex STX17-SNAP47-VAMP8,0.7461900803546687,0.8956570003685917,0.7418899858956276,0.7994374045213619,1.0,3/3,25.44%,P56962;Q5SQN1;Q9BV40
prerank,GARP tethering complex,0.7533259423503327,0.8955394346239266,0.7452153110047847,0.7989980325259972,1.0,3/4,24.72%,Q9UID3;Q8N1B4;Q5VIR6
prerank,"MON1-CCZ1B guanyl-nucleotide exchange factor complex, MON1A variant",0.7467442504848987,0.8954451169408834,0.7375,0.7984672217888056,1.0,3/3,25.39%,Q96DM3;P86790;Q86VX9
prerank,"MON1-CCZ1 guanyl-nucleotide exchange factor complex, MON1B variant",0.7450817400942088,0.8951680854681467,0.7560283687943262,0.7983669191377556,1.0,3/3,25.55%,Q96DM3;Q7L1V2;P86791
prerank,GLUK1-GLUK2-GLUK3-GLUK4 glutamate ionotropic kainate-type receptor complex,0.7497228381374723,0.894944201378735,0.7520858164481525,0.7981578429489561,1.0,3/4,25.08%,P39086;Q13003;Q13002
prerank,EARP tethering complex,0.7533259423503327,0.8948689691959704,0.7452830188679245,0.797605678669675,1.0,3/4,24.72%,Q9UID3;Q8N1B4;Q5VIR6
prerank,"LKB1-STRAD-MO25 serine/threonine protein kinase complex, CAB39-STRADA variant",0.7464671654197839,0.8947436750832891,0.7390691114245416,0.7971501025021572,1.0,3/3,25.42%,Q15831;Q9Y376;Q7RTN6
prerank,"AP-2 Adaptor complex, alpha2 variant",0.7544345898004436,0.8937021791394246,0.748792270531401,0.7986896891289883,1.0,3/4,24.61%,P63010;P53680;Q96CW1
prerank,GLUK1-GLUK2-GLUK3-GLUK5 glutamate ionotropic kainate-type receptor complex,0.7497228381374723,0.893611774834769,0.7628128724672228,0.798180614124216,1.0,3/4,25.08%,P39086;Q13003;Q13002
prerank,"LKB1-STRAD-MO25 serine/threonine protein kinase complex, CAB39L-STRADB variant",0.7472984206151287,0.893516558816423,0.7416331994645248,0.7977032775327656,1.0,3/3,25.33%,Q15831;Q9C0K7;Q9H9S4
prerank,"Septin complex, octamer variant, SEPT2-SEPT6-SEPT-7-SEPT3",0.7536031042128604,0.8935026291034763,0.7463414634146341,0.7970483043177052,1.0,3/4,24.70%,Q16181;Q14141;Q15019
prerank,"MON1-CCZ1B guanyl-nucleotide exchange factor complex, MON1B variant",0.7470213355500137,0.8928486713830833,0.7693389592123769,0.7977303533790749,1.0,3/3,25.36%,Q96DM3;P86790;Q7L1V2
prerank,"Septin complex, octamer variant, SEPT2-SEPT6-SEPT-7-SEPT9",0.7536031042128604,0.8925203606295825,0.7570552147239263,0.797707946038341,1.0,3/4,24.70%,Q16181;Q14141;Q15019
prerank,"SREBP-SCAP-INSIG sequestering complex, INSIG2-SREBF1 variant",0.7456359102244388,0.89144700379933,0.7624831309041835,0.7992838429708251,1.0,3/3,25.50%,CHEBI:42977;Q9Y5U4;CPX-25745
prerank,CKM complex variant 2,0.751940133037694,0.8913187244114857,0.7555282555282555,0.7988504411094866,1.0,3/4,24.86%,P24863;Q9UHV7;Q93074
prerank,"LKB1-STRAD-MO25 serine/threonine protein kinase complex, CAB39L-STRADA variant",0.7464671654197839,0.890707821743706,0.7533875338753387,0.7994820847984604,1.0,3/3,25.42%,Q15831;Q9H9S4;Q7RTN6
prerank,CKM complex variant 1,0.751940133037694,0.8898224746576574,0.7577639751552795,0.80059879217228,1.0,3/4,24.86%,P24863;Q9UHV7;Q93074
prerank,"Muscle-type nicotinic acetylcholine receptor complex, alpha1-beta1-delta-gamma",0.7441796008869181,0.8867501384968779,0.7684848484848484,0.8061576022750435,1.0,3/4,25.64%,P11230-PRO_0000000315;Q07001;P02708-PRO_0000000305
prerank,"Muscle-type nicotinic acetylcholine receptor complex, alpha1-beta1-delta-epsilon",0.7441796008869181,0.8862934465608948,0.7658536585365854,0.8063248190443753,1.0,3/4,25.64%,P11230-PRO_0000000315;Q07001;P02708-PRO_0000000305
prerank,"Ubiquitous AP-1 Adaptor complex, sigma1a variant",0.7509854644463948,0.8861001828910687,0.7678355501813785,0.806014267405394,1.0,3/4,19.41%,Q10567;O43747;Q9BXS5
prerank,Piccolo NuA4 histone acetyltransferase complex ,-0.45497367691881413,-0.8851954690966913,0.6023166023166023,0.7121278795036547,1.0,3/3,100.00%,Q9NXR8;Q92993;Q9H2F5
prerank,"Signal peptidase complex, SEC11C variant",0.7444567627494458,0.8814281336882696,0.7624847746650426,0.8147732885661267,1.0,3/4,25.61%,P61009;Q15005;Q9Y6A9
prerank,"Vacuolar proton translocating ATPase complex, ATP6V0A3 variant",0.7656857301499168,0.881068411769797,0.7910750507099391,0.8147957355344521,1.0,9/10,23.62%,Q99437;Q16864;Q9UI12;O75787;P27449;P38606;Q9Y5K8;Q6P5S7;Q15904
prerank,"Signal peptidase complex, SEC11A variant",0.7444567627494458,0.8806996605497249,0.7753086419753087,0.8148079716515715,1.0,3/4,25.61%,P61009;Q15005;Q9Y6A9
prerank,COG tethering complex,-0.37819089900110986,-0.8801635911786003,0.7878787878787878,0.716835932999357,1.0,8/8,100.00%,Q9Y2V7;P83436;Q14746;Q8WTW3;Q96JB2;Q96MW5;Q9H9E3;Q9UP83
prerank,"Vacuolar proton translocating ATPase complex, ATP6V0A1 variant",0.7656857301499168,0.8795532206330966,0.8026315789473685,0.8164510266166368,1.0,9/10,23.62%,Q99437;Q16864;Q9UI12;O75787;P27449;P38606;Q9Y5K8;Q6P5S7;Q15904
prerank,GATOR1 complex,-0.4535882515932392,-0.8791835725490357,0.6075471698113207,0.7125281901128071,1.0,3/3,100.00%,O75140;Q12980;Q8WTW4
prerank,"Vacuolar proton translocating ATPase complex, ATP6V0A2 variant",0.7656857301499168,0.8786346831637449,0.8024316109422492,0.817626912174959,1.0,9/10,23.62%,Q99437;Q16864;Q9UI12;O75787;P27449;P38606;Q9Y5K8;Q6P5S7;Q15904
prerank,"Katanin complex, KATNAL2-KATNB1 variant",0.7303962316431144,0.878624923633035,0.7697456492637216,0.8169541198777052,1.0,3/3,27.02%,CHEBI:15422;Q9BVA0;Q8IYT4
prerank,"Vacuolar proton translocating ATPase complex, ATP6V0A4 variant",0.7656857301499168,0.8783480866263497,0.7979695431472081,0.8167875257874281,1.0,9/10,23.62%,Q99437;Q16864;Q9UI12;O75787;P27449;P38606;Q9Y5K8;Q6P5S7;Q15904
prerank,MICOS mitochondrial contact site and cristae organizing system complex,-0.39861303744798887,-0.8781829293135056,0.7272727272727273,0.7082462671312216,1.0,7/7,100.00%,Q6UXV4;Q9BRQ6;Q9BUR5;Q9NX63;Q5XKP0;Q5TGZ0;Q16891
prerank,"Katanin complex, KATNAL1-KATNB1 variant",0.7287337212524244,0.8774173377709065,0.7573726541554959,0.8179242152047368,1.0,3/3,27.19%,CHEBI:15422;Q9BVA0;Q9BW62
prerank,TSC1-TSC2 complex,-0.4497090606816293,-0.8772434889943493,0.6524822695035462,0.7039945437530679,1.0,3/3,100.00%,P49815;Q92574;Q9P0N9
prerank,Chaperonin-containing T-complex,-0.3582130965593785,-0.8765978803176574,1.0,0.699019112565482,1.0,8/8,100.00%,P48643;P40227;P49368;P50990;P50991;P78371;Q99832;P17987
prerank,"PAR cell polarity complex, PARD6G-PRKCI variant",0.7279024660570795,0.8757902599166361,0.7901069518716578,0.8203930714042832,1.0,3/3,27.27%,Q8TEW0;P41743;Q9BYG4
prerank,"Katanin complex, KATNAL2-KATNBL1 variant",0.7303962316431144,0.8737212407277686,0.7926829268292683,0.8240233945469898,1.0,3/3,27.02%,CHEBI:15422;Q9H079;Q8IYT4
prerank,XRCC1 DNA repair complex,-0.3800277392510402,-0.8725133930243882,0.7254901960784313,0.702113467044636,1.0,7/7,100.00%,Q96T60;Q9NUW8;P06746;P18887;P49916;Q7Z2E3;Q8IW19
prerank,"PAR cell polarity complex, PARD6G-PRKCZ variant",0.7279024660570795,0.8707446341364523,0.8055190538764783,0.829576429755353,1.0,3/3,27.27%,Q8TEW0;Q05513;Q9BYG4
prerank,"Katanin complex, KATNAL1-KATNBL1 variant",0.7287337212524244,0.8703386143143181,0.7865771812080536,0.8297228939362296,1.0,3/3,27.19%,CHEBI:15422;Q9H079;Q9BW62
prerank,"PAR cell polarity complex, PARD6B-PRKCI variant",0.7243003602105846,0.8695557959950682,0.7973154362416107,0.8306402678156328,1.0,3/3,27.63%,Q8TEW0;P41743;Q9BYG5
prerank,"Katanin complex, KATNA1-KATNB1 variant",0.7209753394292047,0.8666458079800302,0.7809139784946236,0.8359766493808429,1.0,3/3,27.96%,CHEBI:15422;Q9BVA0;O75449
prerank,Survival motor neuron complex,-0.36275326117124623,-0.8666257367387034,0.8888888888888888,0.7085245200093796,1.0,9/9,100.00%,Q9Y3F4;Q9UHI6;Q9NWZ8;Q8WXD5;Q9H840;Q16637;O14893;P57678;Q8TEQ6
prerank,"PAR cell polarity complex, PARD6B-PRKCZ variant",0.7243003602105847,0.8658875122530566,0.8143236074270557,0.8367727662351507,1.0,3/3,27.63%,Q8TEW0;Q05513;Q9BYG5
prerank,"PAR cell polarity complex, PARD6A-PRKCI variant",0.7234691050152396,0.8644561617360165,0.8202702702702702,0.8389522917642526,1.0,3/3,27.71%,Q8TEW0;P41743;Q9NPB6
prerank,"PAR cell polarity complex, PARD6A-PRKCZ variant",0.7234691050152398,0.8610138771646594,0.8355437665782494,0.8452386862598411,1.0,3/3,27.71%,Q8TEW0;Q05513;Q9NPB6
prerank,"Katanin complex, KATNA1-KATNBL1 variant",0.7209753394292048,0.86024027409876,0.8002699055330634,0.8460724688389964,1.0,3/3,27.96%,CHEBI:15422;Q9H079;O75449
prerank,"Neuronal AP-3 Adaptor complex, sigma3b variant",0.7123059866962304,0.8552938010619482,0.8359659781287971,0.85537302039211,1.0,4/4,28.85%,O14617;P59780;Q13367;P53677
prerank,"Actin-related protein 2/3 complex, ARPC1B-ACTR3B-ARPC5L variant",0.7259361997226075,0.8545715487240547,0.8296529968454258,0.8561321566853679,1.0,7/7,27.55%,O15144;P59998;O15145;P61160;Q9P1U1;Q92747;Q9BPX5
prerank,"Actin-related protein 2/3 complex, ARPC1A-ACTR3-ARPC5L variant",0.7259361997226075,0.8542715588262253,0.826271186440678,0.8560329649818071,1.0,7/7,27.55%,O15144;P59998;O15145;P61160;Q92747;P61158;Q9BPX5
prerank,"Neuronal AP-3 Adaptor complex, sigma3a variant",0.7123059866962304,0.8520037167730385,0.841978287092883,0.8598015416046373,1.0,4/4,28.85%,O14617;Q92572;Q13367;P53677
prerank,"Ubiquitous AP-3 Adaptor complex, sigma3b variant",0.7109201773835919,0.8513970354109207,0.8265179677819083,0.8602740906230967,1.0,4/4,28.99%,O14617;P59780;O00203;Q9Y2T2
prerank,"Ubiquitous AP-3 Adaptor complex, sigma3a variant",0.7109201773835918,0.8504035105466401,0.8383961117861483,0.8615416919819131,1.0,4/4,28.99%,O14617;Q92572;O00203;Q9Y2T2
prerank,"Actin-related protein 2/3 complex, ARPC1B-ACTR3-ARPC5L variant",0.7259361997226075,0.8497065404053855,0.8405951115834219,0.8621481526661993,1.0,7/7,27.55%,O15144;P59998;O15145;P61160;P61158;O15143;Q9BPX5
prerank,"Gamma-secretase complex, APH1A-PSEN2 variant",0.724172694359393,0.8496689031906459,0.8370786516853933,0.8615119456936846,1.0,3/5,18.55%,Q9NZ42;Q92542;Q96BI3
prerank,"COPI vesicle coat complex, COPG1-COPZ2 variant",0.7270294524123934,0.8490308892189026,0.8356020942408376,0.8620603252729598,1.0,5/7,21.51%,P48444;O14579;P53618;P53621;P35606
prerank,"Gamma-secretase complex, APH1B-PSEN2 variant",0.7244499330619159,0.848880311508493,0.8374164810690423,0.8616344164947243,1.0,3/5,18.52%,Q9NZ42;Q92542;Q8WW43
prerank,"Actin-related protein 2/3 complex, ARPC1A-ACTR3B-ARPC5 variant",0.7226074895977808,0.8487782467529459,0.8446298227320125,0.8611259857415949,1.0,7/7,27.88%,O15144;P59998;O15145;P61160;Q9P1U1;Q92747;O15511
prerank,"Gamma-secretase complex, APH1B-PSEN1 variant",0.7244499330619159,0.8487066952935205,0.8475138121546961,0.8605542224837657,1.0,3/5,18.52%,Q9NZ42;Q92542;Q8WW43
prerank,"Actin-related protein 2/3 complex, ARPC1A-ACTR3-ARPC5 variant",0.722607489597781,0.8486359628728091,0.8440463645943098,0.859966251388195,1.0,7/7,27.88%,O15144;P59998;O15145;P61160;Q92747;P61158;O15511
prerank,"Gamma-secretase complex, APH1A-PSEN1 variant",0.724172694359393,0.8480462295999277,0.8527472527472527,0.8604549759240598,1.0,3/5,18.55%,Q9NZ42;Q92542;Q96BI3
prerank,"COPI vesicle coat complex, COPG2-COPZ1 variant",0.7270294524123934,0.8476328296170921,0.8322784810126582,0.8605524529336911,1.0,5/7,21.51%,P48444;O14579;P53618;P53621;P35606
prerank,"Actin-related protein 2/3 complex, ARPC1B-ACTR3-ARPC5 variant",0.7226074895977808,0.8446456491499946,0.8481012658227848,0.8657202942113676,1.0,7/7,27.88%,O15144;P59998;O15145;P61160;P61158;O15143;O15511
prerank,"Actin-related protein 2/3 complex, ARPC1B-ACTR3B-ARPC5 variant",0.7226074895977808,0.8446005193547682,0.8502617801047121,0.8650903770343579,1.0,7/7,27.88%,O15144;P59998;O15145;P61160;Q9P1U1;O15143;O15511
prerank,Mitochondrial glutamyl-tRNA(Gln) amidotransferase complex,-0.4350235522305348,-0.8378892449176952,0.708,0.7669797439170426,1.0,3/3,100.00%,O43716;O75879;Q9H0R6
prerank,TOM40 mitochondrial outer membrane translocase complex,-0.3653259361997226,-0.8369760437677874,0.8913043478260869,0.7626481142384538,1.0,7/7,100.00%,Q9P0U1;Q9NS69;Q15388;Q96B49;Q8N4H5;O94826;O96008
prerank,"COPI vesicle coat complex, COPG1-COPZ1 variant",0.7059639389736478,0.820586299981995,0.8886554621848739,0.9102885363954757,1.0,7/7,29.54%,P48444;O14579;P53618;P53621;P35606;Q9Y678;P61923
prerank,"SMC5-SMC6 SUMO ligase complex, EID3 variant",0.694506104328524,0.8089332521365079,0.908256880733945,0.931137711811366,1.0,7/8,30.68%,Q96SB8;Q96MF7;Q8WV22;Q9BQI6;Q8IY18;Q8IX21;Q96MG7
prerank,"SMC5-SMC6 SUMO ligase complex, NSE4EA variant",0.694506104328524,0.808256264674424,0.911522633744856,0.9315883882890532,1.0,7/8,30.68%,Q96SB8;Q96MF7;Q8WV22;Q9BQI6;Q8IY18;Q8IX21;Q96MG7
prerank,p53-MDM2-MDM4 transcriptional regulation complex,-0.4206151288445553,-0.80269680745588,0.75390625,0.8353363904036033,1.0,3/3,100.00%,O15151;P04637;Q00987
prerank,"Exocyst, EXOC6 variant",0.6933962264150946,0.8022988790319028,0.917610710607621,0.9417040407441701,1.0,7/8,30.79%,O60645;Q8IYI6;Q9NV70;O00471;Q96A65;Q9UPT5;Q96KP1
prerank,"Exocyst, EXOC6B variant",0.6933962264150946,0.8022289534643235,0.9185567010309278,0.9410587040180753,1.0,7/8,30.79%,O60645;Q8IYI6;Q9NV70;O00471;Q96A65;Q9UPT5;Q96KP1
prerank,Checkpoint clamp complex,-0.4039900249376559,-0.7955763141939686,0.7695473251028807,0.845517604786067,1.0,3/3,100.00%,O60671;O60921;Q99638
prerank,RNase H2 complex,-0.41867553338875035,-0.7947258331411559,0.7653846153846153,0.8406064552978342,1.0,3/3,100.00%,O75792;Q5TBB1;Q8TDP1
prerank,GINS complex,-0.37915742793791574,-0.7944117538459468,0.8670520231213873,0.8344246582207858,1.0,4/4,100.00%,Q14691;Q9BRT9;Q9BRX5;Q9Y248
prerank,"Endoplasmic reticulum membrane complex, EMC8 variant",0.6855398279211767,0.7874031541315871,0.9422492401215805,0.9663307147788308,1.0,8/9,31.59%,Q8N766;Q5J8M3;Q8N4V1;Q9BV81;Q5UCC4;Q9NPA0;Q9P0I2;Q15006
prerank,"GID E3 ubiquitin ligase complex, RMND5A-RANBP10 variant",0.6844296419650291,0.7870084294256026,0.9426229508196722,0.966237114611509,1.0,9/9,31.73%,Q9H7D7;Q8IUR7;Q9NWU2;Q8IVV7;P62699;Q7L5Y9;Q9UL63;Q9H871;Q6VN20
prerank,SAM mitochondrial sorting and assembly machinery complex,-0.39900249376558605,-0.7858505768717436,0.7862318840579711,0.847115109865729,1.0,3/3,100.00%,O75431;Q13505;Q9Y512
prerank,"GID E3 ubiquitin ligase complex, RMND5B-RANBP10 variant",0.6841520954759921,0.7857363751815452,0.9438775510204082,0.9676057777891702,1.0,9/9,31.76%,Q9H7D7;Q8IUR7;Q9NWU2;Q8IVV7;P62699;Q7L5Y9;Q9UL63;Q6VN20;Q96G75
prerank,"GID E3 ubiquitin ligase complex, RMND5A-RANBP9 variant",0.6824868165417707,0.7851374261387446,0.9427402862985685,0.9677963133382149,1.0,9/9,31.92%,Q9H7D7;Q8IUR7;Q9NWU2;Q8IVV7;P62699;Q7L5Y9;Q9UL63;Q9H871;Q96S59
prerank,"Endoplasmic reticulum membrane complex, EMC9 variant",0.6855398279211767,0.783843059844466,0.9461928934010152,0.9692087548653571,1.0,8/9,31.59%,Q8N766;Q5J8M3;Q8N4V1;Q9BV81;Q5UCC4;Q9NPA0;Q9P0I2;Q15006
prerank,"GID E3 ubiquitin ligase complex, RMND5B-RANBP9 variant",0.6824868165417707,0.783369969270737,0.9470468431771895,0.9692130034835361,1.0,9/9,31.92%,Q9H7D7;Q8IUR7;Q9NWU2;Q8IVV7;P62699;Q7L5Y9;Q9UL63;Q96G75;Q96S59
prerank,TTT complex,-0.40814630091438076,-0.7822400925548362,0.7892857142857143,0.8485459113882446,1.0,3/3,100.00%,Q9Y4R8;O43156;Q6NXR4
prerank,"TIM23 mitochondrial inner membrane pre-sequence translocase complex, TIM17A variant",0.6730555555555554,0.7615999118185668,0.971830985915493,0.9949851493077435,1.0,11/12,32.89%,O43615;Q9Y3D7;Q9HAV7;Q9Y5T4;O14925;Q9BVV7;Q96DA6;P60602;Q8TAA5;Q3ZCQ8;P38646
prerank,"TIM23 mitochondrial inner membrane pre-sequence translocase complex, TIM17B variant",0.6730555555555554,0.7593940943524166,0.9748237663645518,0.9950260985108575,1.0,11/12,32.89%,O43615;Q9Y3D7;Q9HAV7;Q9Y5T4;O14925;Q9BVV7;Q96DA6;P60602;Q8TAA5;Q3ZCQ8;P38646
prerank,Syndecan-1-syntenin-1-ALIX complex,-0.37378775284012195,-0.7182727856855468,0.9060150375939849,0.9668354630483467,1.0,3/3,100.00%,O00560;P18827;Q8WUM4
prerank,Cardiac Troponin complex,-0.3657522859517872,-0.7058969738395572,0.9612676056338029,0.9775278346862664,1.0,3/3,100.00%,P45379;P63316;P19429
