Name,Term,ES,NES,NOM p-val,FDR q-val,FWER p-val,Tag %,Gene %,Lead_genes
prerank,Mitochondrial respiratory chain complex I,-0.8490036486107214,-12.648539648366391,0.0,0.0,0.0,49/49,16.28%,P56556;Q16718;O75380;O95139;Q9NX14;Q86Y39;Q16795;P19404;P03905;P03891;Q9UI09;Q9Y6M9;P28331;O95298;CHEBI:64607;O75251;CHEBI:58210;CHEBI:30408;O43181;O15239;O43674;O00217;O43920;O43677;O43678;O43676;P03901;P51970;P49821;P03915;P03923;P17568;O95169;O95168;O75438;O75489;O75306;P56181;Q9P0J0;O95178;O95182;O95167;O95299;O96000;P03886;P03897;O14561;CHEBI:49601;CHEBI:16238
prerank,PA28-alphabeta double-capped 20S proteasome complex,-0.8565072302558399,-4.011282030421785,0.0,0.0,0.0,16/16,14.76%,Q9UL46;Q06323;Q99436;P28072;P28074;O14818;P28070;P28066;P25789;P25786;P25787;P20618;P25788;P49721;P49720;P60900
prerank,PA28-alphabeta single-capped 20S proteasome complex,-0.8565072302558399,-4.011282030421785,0.0,0.0,0.0,16/16,14.76%,Q9UL46;Q06323;Q99436;P28072;P28074;O14818;P28070;P28066;P25789;P25786;P25787;P20618;P25788;P49721;P49720;P60900
prerank,Integrator core complex,-0.8949124270225188,-3.714603901578035,0.0,0.0,0.0,15/15,10.91%,Q9NVR2;Q6P9B9;Q96SY0;Q96CB8;Q96HW7;Q75QN2;Q9UL03;Q5TA45;Q96N11;Q9NVM9;Q8N201;Q9NV88;Q9H0H0;Q9NVH2;Q68E01
prerank,"TREX transcription-export complex, DX39B variant",-0.8740388169871816,-3.467019951534638,0.0,0.0,0.0,15/16,5.87%,Q13838;Q13769;Q86W42;Q6I9Y2;Q8NI27;Q96J01;Q96QD9;Q9P127;Q9BY77;Q9Y3Y2;P82979;O75152;Q96FV9;P84090;Q53F19
prerank,Integrator-PP2A complex,-0.819749652294854,-3.3636012135391646,0.0,0.0,0.0,17/17,18.44%,Q9NVR2;Q6P9B9;Q96SY0;Q96CB8;Q96HW7;Q75QN2;Q9UL03;Q5TA45;Q96N11;Q9NVM9;Q8N201;Q9NV88;Q9H0H0;Q9NVH2;Q68E01;P30153;P67775
prerank,"TREX transcription-export complex, DX39A variant",-0.8740388169871816,-3.325323069847875,0.0,0.0,0.0,15/16,5.87%,O00148;Q13769;Q86W42;Q6I9Y2;Q8NI27;Q96J01;Q96QD9;Q9P127;Q9BY77;Q9Y3Y2;P82979;O75152;Q96FV9;P84090;Q53F19
prerank,20S spermatoproteasome complex,-0.8560311284046692,-3.301206737096557,0.0,0.0,0.0,14/14,14.76%,Q8TAA3;Q99436;P28072;P28074;P28070;P28066;P25789;P25786;P25787;P20618;P25788;P49721;P49720;P60900
prerank,20S proteasome complex,-0.8560311284046692,-3.219427395793714,0.0,0.0,0.0,14/14,14.76%,Q99436;P28072;P28074;O14818;P28070;P28066;P25789;P25786;P25787;P20618;P25788;P49721;P49720;P60900
prerank,Nexin-dynein regulatory complex,-0.8983615662316023,-3.202466116696237,0.0,0.0,0.0,11/11,10.47%,O95995;Q5JU00;Q96MC2;Q9H095;Q8IY82;Q9H069;Q86XH1;Q8IXS2;Q96DY2;Q5VUJ9;Q8NEE6
prerank,PA200-20S single-capped proteasome,-0.8562691131498471,-3.174940506875893,0.0,0.0,0.0,15/15,14.76%,Q14997;Q99436;P28072;P28074;O14818;P28070;P28066;P25789;P25786;P25787;P20618;P25788;P49721;P49720;P60900
prerank,PA200-20S-PA200 double-capped proteasome complex,-0.8562691131498471,-3.174940506875893,0.0,0.0,0.0,15/15,14.76%,Q14997;Q99436;P28072;P28074;O14818;P28070;P28066;P25789;P25786;P25787;P20618;P25788;P49721;P49720;P60900
prerank,Multiaminoacyl-tRNA synthetase complex,-0.9716745348514302,-3.157290479829386,0.0,0.0,0.0,11/11,3.16%,P47897;P56192;Q13155;P14868;Q15046;O43324;P41252;Q12904;Q9P2J5;P54136;P07814
prerank,PA28-gamma double-capped 20S proteasome complex,-0.8562691131498471,-3.1567840640305826,0.0,0.0,0.0,15/15,14.76%,P61289;Q99436;P28072;P28074;O14818;P28070;P28066;P25789;P25786;P25787;P20618;P25788;P49721;P49720;P60900
prerank,PA28-gamma single-capped 20S proteasome complex,-0.8562691131498471,-3.1567840640305826,0.0,0.0,0.0,15/15,14.76%,P61289;Q99436;P28072;P28074;O14818;P28070;P28066;P25789;P25786;P25787;P20618;P25788;P49721;P49720;P60900
prerank,20S immunoproteasome complex,-0.8560311284046692,-3.135921243242945,0.0,0.0,0.0,14/14,14.76%,P28062;P40306;P28065;O14818;P28070;P28066;P25789;P25786;P25787;P20618;P25788;P49721;P49720;P60900
prerank,"Intron Lariat Spliceosome, type 1 complex",-0.6701117318435753,-3.119224555480043,0.0,0.0,0.0,32/32,33.61%,Q2TBE0;O95926;O60508;Q9Y3C6;O75934;Q9UMS4;P41223;Q9NW64;Q9BZJ0;O60306;Q9UNP9;Q9HCS7;O43660;Q99459;Q9P013;URS000075BAAE_9606;Q13573;Q96DI7;Q6P2Q9;Q15029;URS00006767A8_9606;CHEBI:139356;P08579;URS00006A1489_9606;P09661;P62314;P62316;P62308;P62318;P62304;P62306;P14678
prerank,"Intron Lariat Spliceosome, type 2 complex",-0.6702989661916736,-3.092888066700426,0.0,0.0,0.0,33/33,33.61%,O43143;Q2TBE0;O95926;O60508;Q9Y3C6;O75934;Q9UMS4;P41223;Q9NW64;Q9BZJ0;O60306;Q9UNP9;Q9HCS7;O43660;Q99459;Q9P013;URS000075BAAE_9606;Q13573;Q96DI7;Q6P2Q9;Q15029;URS00006767A8_9606;CHEBI:139356;P08579;URS00006A1489_9606;P09661;P62314;P62316;P62308;P62318;P62304;P62306;P14678
prerank,SIN3B histone deacetylase complex,-0.7269947178204059,-3.059557120840056,0.0,0.0,0.0,15/15,27.63%,O75182;Q4LE39;Q9H0E3;Q9H7L9;Q5PSV4;P29374;O75446;Q9HCU9;Q9HAJ7;Q9UK53;Q9H160;Q16576;Q09028;Q92769;Q13547
prerank,Mitochondrial respiratory chain complex IV,-0.7783379726293419,-3.0256631375606675,0.0,0.0,0.0,15/16,15.25%,P14406;P10606;CHEBI:23378;P09669;P10176;O00483;P14854;P24311;P12074;P00403;P15954;P00414;P00395;P13073;P20674
prerank,Mitochondrial respiratory chain complex III,-0.8538873368191844,-3.0071631244606984,0.0,0.0,0.0,11/12,5.43%,P47985-PRO_0000030664;P08574;P00156;O14957;P07919;O14949;Q9UDW1;P47985-PRO_0000307241;P22695;P14927;P31930
prerank,20S thymoproteasome complex,-0.8560311284046692,-2.9881498922636864,0.0,0.0,0.0,14/14,14.76%,A5LHX3;P40306;P28065;O14818;P28070;P28066;P25789;P25786;P25787;P20618;P25788;P49721;P49720;P60900
prerank,SIN3A histone deacetylase complex,-0.7269947178204059,-2.9280234918041623,0.0,0.0,0.0,15/15,27.63%,Q96ST3;Q4LE39;Q9H0E3;Q9H7L9;Q5PSV4;P29374;O75446;Q9HCU9;Q9HAJ7;Q9UK53;Q9H160;Q16576;Q09028;Q92769;Q13547
prerank,"SAGA complex, KAT2A variant",-0.6488443330548593,-2.907758297177012,0.0,0.0,0.0,21/21,35.52%,O94864;Q86TJ2;Q96BN2;Q8NEM7;Q9Y6J9;Q14CW9;CHEBI:27363;O15265;Q9UPT9;O75486;O75529;Q9NPA8;Q16514;Q16594;Q12962;Q15393;Q9BWJ5;Q9Y4A5;Q96ES7;Q92830;O75528
prerank,Small ribosomal subunit processome,-0.691193747357033,-2.8158580975329723,0.0,0.0,0.0,28/29,27.44%,O43818;Q9NQZ2;Q9H6R4;Q8NDD1;Q9H0A0;O15213;CPX-2688;CPX-2478;O75691;CPX-2450;Q9Y324;Q13601;Q9BVJ6;Q92979;Q8NEJ9;P78316;Q9Y3A4;Q9Y2P8;Q9NY61;Q9BVI4;Q14692;Q5QJE6;Q9Y3A2;Q9NRX1;P22087;O00567;Q9Y2X3;Q9NV06
prerank,"SIN3A histone deacetylase complex, ES cell-specific variant",-0.6736227045075125,-2.811000092910967,0.0,0.0,0.0,18/18,33.00%,Q8NFU7;Q96ST3;Q9NP50;Q4LE39;Q9H0E3;Q9H7L9;Q5PSV4;P29374;O75446;Q9HCU9;Q9HAJ7;Q9UK53;Q9H160;Q16576;Q09028;Q92769;Q13547;O15294
prerank,"DNA-directed RNA polymerase III complex, POLR3G variant",-0.6490397996103534,-2.7489928940442954,0.0,0.0,0.0,19/19,35.47%,O15318;Q9NW08;P05423;Q9Y535;Q9NVU0;Q9BUI4;Q9Y2Y1;O14802;Q9H1D9;O75575;P0DPB6;O15160;P61218;P53803;P52434;P62875;P19388;CHEBI:18420;CHEBI:29105
prerank,19S proteasome regulatory complex,-0.8020864596273906,-2.672882461820447,0.0,0.0,0.0,18/19,14.12%,P51665;Q99460;Q16186;Q15008;P62333;Q13200;O00231;P55036;P62195;P43686;P48556;Q9UNM6;O43242;O00487;O00232;P17980;P62191;P35998
prerank,TFTC histone acetylation complex,-0.6483027267668336,-2.6571886086167287,0.0,0.0,0.0,18/18,35.52%,Q14CW9;CHEBI:27363;O15265;Q9UPT9;O75486;O75529;O00268;Q15545;Q6P1X5;Q15542;P49848;Q9NPA8;Q16514;Q16594;Q12962;Q9Y4A5;Q92830;O75528
prerank,U2 small nuclear ribonucleoprotein complex,-0.6511563109501254,-2.6567045736882506,0.0,0.0,0.0,23/23,35.33%,O43719;Q7L014;CPX-26447;Q7RTV0;Q9Y3B4;Q15459;Q15428;Q12874;Q15427;Q13435;P08579;URS00006A1489_9606;P09661;P62314;P62316;P62308;P62318;P62304;P62306;P14678;O75533;Q15393;Q9BWJ5
prerank,"Cytoplasmic exosome complex, DIS3L-EXOSC10 variant",-0.7055588902765545,-2.6361930549021886,0.0,0.0,0.0,11/12,19.85%,Q8TF46;Q06265;Q13868;Q9NPD3;Q9Y3B2;Q9NQT5;Q5RKV6;Q96B26;Q01780;Q15024;Q9NQT4
prerank,"SAGA complex, KAT2B variant",-0.6488443330548593,-2.5860679276246277,0.0,0.0,0.0,21/21,35.52%,O94864;Q86TJ2;Q96BN2;Q8NEM7;Q9Y6J9;Q14CW9;CHEBI:27363;O15265;Q9UPT9;O75486;O75529;Q9NPA8;Q16514;Q16594;Q12962;Q15393;Q9BWJ5;Q9Y4A5;Q92831;Q96ES7;O75528
prerank,"DNA-directed RNA polymerase III complex, POLR3GL variant",-0.6490397996103534,-2.578543230060443,0.0,0.0,0.0,19/19,35.47%,Q9BT43;Q9NW08;P05423;Q9Y535;Q9NVU0;Q9BUI4;Q9Y2Y1;O14802;Q9H1D9;O75575;P0DPB6;O15160;P61218;P53803;P52434;P62875;P19388;CHEBI:18420;CHEBI:29105
prerank,"Non-canonical polycomb repressive complex 1.6, RING2-YAF2 variant",-0.9631170271769274,-2.547965885282563,0.0,0.0,0.0,6/6,3.88%,Q969R5;Q9BYE7;CPX-2551;CPX-2552;Q8IY57;Q99496
prerank,"Non-canonical polycomb repressive complex 1.6, RING1-YAF2 variant",-0.9633943427620633,-2.5251391526422644,0.0,0.0,0.0,6/6,3.85%,Q969R5;Q9BYE7;CPX-2551;CPX-2552;Q8IY57;Q06587
prerank,"Nuclear exosome complex, DIS3-EXOSC10 variant",-0.7055588902765545,-2.506061269694259,0.0,0.0,0.0,11/12,19.85%,Q9Y2L1;Q06265;Q13868;Q9NPD3;Q9Y3B2;Q9NQT5;Q5RKV6;Q96B26;Q01780;Q15024;Q9NQT4
prerank,MKS transition zone complex,0.9391328515842132,2.504102052577708,0.0,0.0,0.0,14/14,6.45%,Q8N157;Q96GX1;Q96Q45;Q9BPU9;Q9H6L2;Q9NXB0;Q9P0N5;Q9P2K1;Q9UPM9;Q2MV58;Q5HYA8;Q6NUS6;Q6UX40;Q86X19
prerank,"Non-canonical polycomb repressive complex 1.6, RING1-RYBP variant",-0.9633943427620633,-2.4917043332340927,0.0,0.0,0.0,6/6,3.85%,Q969R5;Q9BYE7;CPX-2551;CPX-2552;Q8N488;Q06587
prerank,DNA-directed RNA polymerase II complex,-0.6481378543635352,-2.483970838105784,0.0,0.0,0.0,14/14,35.47%,P19387;P24928;P52435;P36954;P62487;P30876;O15514;P61218;P53803;P52434;P62875;P19388;CHEBI:18420;CHEBI:29105
prerank,"CCR4-NOT mRNA deadenylase complex, CNOT6L-CNOT7 variant",-0.7015062050165926,-2.4610586003955546,0.0,0.0,0.0,11/12,20.27%,Q96LI5;Q9UIV1;A5YKK6;O75175;Q9NZN8;Q9UKZ1;Q9C0C2;O95628;Q9H9A5;Q92600;CHEBI:60240
prerank,U5 small nuclear ribonucleoprotein complete complex,-0.6669446761189881,-2.456807643370044,0.0,0.0,0.0,15/15,33.61%,O95400;URS000075BAAE_9606;O94906;Q9BUQ8;O75643;Q96DI7;Q6P2Q9;Q15029;P62314;P62316;P62308;P62318;P62304;P62306;P14678
prerank,"CCR4-NOT mRNA deadenylase complex, CNOT6L-CNOT8 variant",-0.7015062050165926,-2.4520578976045213,0.0,0.0,0.0,11/12,20.27%,Q96LI5;Q9UFF9;A5YKK6;O75175;Q9NZN8;Q9UKZ1;Q9C0C2;O95628;Q9H9A5;Q92600;CHEBI:60240
prerank,MBD2/NuRD nucleosome remodeling and deacetylase complex,-0.7263888888888889,-2.446091396922349,0.0,0.0,0.0,12/12,27.63%,Q9UBB5;Q13330;O94776;Q86YP4;Q12873;Q14839;Q8WXI9;Q9BTC8;Q16576;Q09028;Q92769;Q13547
prerank,ESCRT-III complex,0.9605665093029716,2.445578523956497,0.0,0.0,0.0,11/11,4.24%,O43633;Q7LBR1;Q8WUX9;Q96CF2;Q96FZ7;Q9BY43;Q9UQN3;Q9Y3E7;Q9H444;Q9HD42;Q9NZZ3
prerank,Mitochondrial NIAUFX iron-sulfur cluster assembly complex ,-0.8754507628294036,-2.444311098565515,0.0,0.0,0.0,7/7,12.65%,Q9Y697;Q9H1K1;Q9HD34;Q16595;Q6P4F2;CHEBI:597326;O14561
prerank,"Non-canonical polycomb repressive complex 1.6, RING2-RYBP variant",-0.9631170271769274,-2.4434128845357987,0.0,0.0,0.0,6/6,3.88%,Q969R5;Q9BYE7;CPX-2551;CPX-2552;Q8N488;Q99496
prerank,"DREAM transcriptional repressor complex, RBL1 variant",-0.7373681288173237,-2.438910581737303,0.0,0.0,0.0,10/10,26.50%,P28749;Q14188;Q16254;Q15329;Q52LA3;Q6MZP7;Q5TKA1;Q96GY3;Q14186;Q09028
prerank,DNA-directed RNA polymerase I complex,-0.6481378543635352,-2.437042784495786,0.0,0.0,0.0,14/14,35.47%,Q9P1U0;Q9H9Y6;O95602;O15446;Q3B726;Q9GZS1;P0DPB6;O15160;P61218;P53803;P52434;P62875;P19388;CHEBI:29105
prerank,"DREAM transcriptional repressor complex, RBL2 variant",-0.7373681288173237,-2.4312001010533617,0.0,0.0,0.0,10/10,26.50%,Q08999;Q14188;Q16254;Q15329;Q52LA3;Q6MZP7;Q5TKA1;Q96GY3;Q14186;Q09028
prerank,"General transcription factor complex TFIID, TAF4B variant",-0.6500833796553641,-2.4281421284232234,0.0,0.0,0.0,14/14,35.27%,Q92750;Q15543;Q7Z7C8;Q5VWG9;P21675;Q15544;Q15545;Q6P1X5;Q15542;P49848;P20226;Q16514;Q16594;Q12962
prerank,General transcription factor TFIIH complex,-0.6745348514301583,-2.427726287227993,0.0,0.0,0.0,11/11,32.78%,Q92759;P32780;P19447;Q6ZYL4;P51946;P51948;Q13888;P18074;P50613;Q13889;CHEBI:49883
prerank,"Neuron-specific SWI/SNF ATP-dependent chromatin remodeling complex, ARID1A-SMARCA4 variant",-0.6536318783801458,-2.42769433748017,0.0,0.0,0.0,11/12,25.06%,Q92782;O94805;Q92784;Q6STE5;Q8TAQ2;O14497;Q969G3;Q12824;P51532;Q96GM5;Q92922
prerank,"Muscle cell-specific SWI/SNF ATP-dependent chromatin remodeling complex, ACTL6A-ARID1A-SMARCA2 variant",-0.6511111111111111,-2.421872067486366,0.0,0.0,0.0,12/12,35.13%,Q92784;Q6STE5;Q92925;Q8TAQ2;O14497;P51531;Q969G3;Q12824;Q96GM5;Q92922;P60709;O96019
prerank,MBD3/NuRD nucleosome remodeling and deacetylase complex,-0.7263888888888889,-2.4169846243807016,0.0,0.0,0.0,12/12,27.63%,O95983;Q13330;O94776;Q86YP4;Q12873;Q14839;Q8WXI9;Q9BTC8;Q16576;Q09028;Q92769;Q13547
prerank,"Nucleolar exosome complex, EXOSC10 variant",-0.6965350948429575,-2.41202342025301,0.0,0.0,0.0,10/11,19.85%,Q06265;Q13868;Q9NPD3;Q9Y3B2;Q9NQT5;Q5RKV6;Q96B26;Q01780;Q15024;Q9NQT4
prerank,"CCR4-NOT mRNA deadenylase complex, CNOT6-CNOT7 variant",-0.7015062050165926,-2.410543809675873,0.0,0.0,0.0,11/12,20.27%,Q9ULM6;Q9UIV1;A5YKK6;O75175;Q9NZN8;Q9UKZ1;Q9C0C2;O95628;Q9H9A5;Q92600;CHEBI:60240
prerank,"Cytoplasmic exosome complex, DIS3L variant",-0.6965338194381117,-2.408305347922521,0.0,0.0,0.0,10/11,19.85%,Q8TF46;Q06265;Q13868;Q9NPD3;Q9Y3B2;Q9NQT5;Q5RKV6;Q96B26;Q15024;Q9NQT4
prerank,"DNA-directed RNA polymerase II complex, Pol II(G) variant",-0.6483180428134556,-2.389090344392917,0.0,0.0,0.0,15/15,35.47%,P19387;P24928;P52435;P36954;P0CAP2;P62487;P30876;O15514;P61218;P53803;P52434;P62875;P19388;CHEBI:18420;CHEBI:29105
prerank,NuA4 histone acetyltransferase complex,-0.6498747564709156,-2.3884994198861507,0.0,0.0,0.0,19/19,35.38%,Q92993;Q9UBU8;Q9NV56;Q9NXR8;Q15014;Q9H0E9;Q05BQ5;Q9H2F5;Q52LR7;Q96L91;O95619;Q9NPF5;Q15906;P60709;Q9Y230;Q9Y265;O96019;Q9Y4A5;Q9HAF1
prerank,"Non-canonical polycomb repressive complex 1.1, RING2-PCGF1-RYBP variant",-0.8904603438713257,-2.3720207398321853,0.0,0.0,0.0,6/6,11.13%,Q5H9F3;Q9BSM1;Q8N488;Q99496;Q8NHM5;P63208
prerank,"Exosome complex, DIS3 variant",-0.6965338194381117,-2.370404946791623,0.0,0.0,0.0,10/11,19.85%,Q9Y2L1;Q06265;Q13868;Q9NPD3;Q9Y3B2;Q9NQT5;Q5RKV6;Q96B26;Q15024;Q9NQT4
prerank,"Polybromo-associated SWI/SNF ATP-dependent chromatin remodeling complex, ACTL6A variant",-0.6512920255626562,-2.3565218389017604,0.0,0.0,0.0,13/13,35.13%,Q86U86;Q68CP9;Q9NPI1;Q92925;Q8TAQ2;Q8WUB8;Q969G3;Q12824;P51532;Q96GM5;Q92922;P60709;O96019
prerank,"Muscle cell-specific SWI/SNF ATP-dependent chromatin remodeling complex, ACTL6A-ARID1A-SMARCA4 variant",-0.6511111111111111,-2.3447258884417197,0.0,0.0,0.0,12/12,35.13%,Q92784;Q6STE5;Q92925;Q8TAQ2;O14497;Q969G3;Q12824;P51532;Q96GM5;Q92922;P60709;O96019
prerank,General transcription factor complex TFIID,-0.6500833796553641,-2.338837903679018,0.0,0.0,0.0,14/14,35.27%,Q15543;Q7Z7C8;Q5VWG9;P21675;Q15544;O00268;Q15545;Q6P1X5;Q15542;P49848;P20226;Q16514;Q16594;Q12962
prerank,"Non-canonical polycomb repressive complex 1.3, RING2-YAF2-CKIIA1 variant",-0.9628500138619351,-2.3383531207217714,0.0,0.0,0.0,5/5,3.88%,CPX-914;Q3KNV8;Q8WXX7;Q8IY57;Q99496
prerank,"Neural progenitor-specific SWI/SNF ATP-dependent chromatin remodeling complex, ARID1B-SMARCA2 variant",-0.6509302971396834,-2.322969639233682,0.0,0.0,0.0,11/11,35.13%,Q8NFD5;Q6STE5;Q8TAQ2;Q8WUB8;P51531;Q969G3;Q12824;Q96GM5;Q92922;P60709;O96019
prerank,"Neuron-specific SWI/SNF ATP-dependent chromatin remodeling complex, ARID1B-SMARCA4 variant",-0.6536273116535213,-2.3215068433100905,0.0,0.0,0.0,11/12,25.06%,Q92782;O94805;Q92784;Q8NFD5;Q6STE5;Q8TAQ2;Q969G3;Q12824;P51532;Q96GM5;Q92922
prerank,40S cytosolic small ribosomal subunit,0.7787091366303434,2.3210571775516424,0.0,0.0,0.0,33/33,22.84%,P62847;P62851;P62854;P62857;P62861;P62979;P63220;P63244;URS0000704D22_9606;[P62701];P62263;P62266;P62269;P62273;P62277;P62280;P62753;P62841;P46781;P46782;P46783;P60866;P61247;P62081;P62241;P62244;P62249;P08708;P08865;P15880;P23396;P25398;P39019
prerank,"CCR4-NOT mRNA deadenylase complex, CNOT6-CNOT8 variant",-0.7015062050165926,-2.3087437017260455,0.0,0.0,0.0,11/12,20.27%,Q9UFF9;Q9ULM6;A5YKK6;O75175;Q9NZN8;Q9UKZ1;Q9C0C2;O95628;Q9H9A5;Q92600;CHEBI:60240
prerank,"Muscle cell-specific SWI/SNF ATP-dependent chromatin remodeling complex, ACTL6A-ARID1B-SMARCA2 variant",-0.6511111111111111,-2.3040689591801664,0.0,0.0,0.0,12/12,35.13%,Q92784;Q8NFD5;Q6STE5;Q92925;Q8TAQ2;P51531;Q969G3;Q12824;Q96GM5;Q92922;P60709;O96019
prerank,"SWI/SNF ATP-dependent chromatin remodeling complex, ACTL6A-ARID1A-SMARCA2 variant",-0.6509302971396834,-2.3014863805359806,0.0,0.0,0.0,11/11,35.13%,Q6STE5;Q92925;Q8TAQ2;O14497;P51531;Q969G3;Q12824;Q96GM5;Q92922;P60709;O96019
prerank,"Non-canonical polycomb repressive complex 1.5, RING1-YAF2-CKIIA1 variant",-0.963127252564458,-2.2988100095949173,0.0,0.0,0.0,5/5,3.85%,CPX-914;Q86SE9;Q8WXX7;Q8IY57;Q06587
prerank,"Muscle cell-specific SWI/SNF ATP-dependent chromatin remodeling complex, ACTL6B-ARID1A-SMARCA4 variant",-0.6537509931813243,-2.2968789281144537,0.0,0.0,0.0,11/12,25.06%,O94805;Q92784;Q6STE5;Q92925;Q8TAQ2;O14497;Q969G3;Q12824;P51532;Q96GM5;Q92922
prerank,"Neural progenitor-specific SWI/SNF ATP-dependent chromatin remodeling complex, ARID1A-SMARCA2 variant",-0.6509302971396834,-2.2933632406981546,0.0,0.0,0.0,11/11,35.13%,Q6STE5;Q8TAQ2;O14497;Q8WUB8;P51531;Q969G3;Q12824;Q96GM5;Q92922;P60709;O96019
prerank,"Non-canonical polycomb repressive complex 1.5, RING2-YAF2-CKIIA1 variant",-0.9628500138619351,-2.292098894962178,0.0,0.0,0.0,5/5,3.88%,CPX-914;Q86SE9;Q8WXX7;Q8IY57;Q99496
prerank,"Non-canonical polycomb repressive complex 1.5, RING2-YAF2-CKIIA2 variant",-0.9628500138619351,-2.290487170179807,0.0,0.0,0.0,5/5,3.88%,CPX-2428;Q86SE9;Q8WXX7;Q8IY57;Q99496
prerank,"Non-canonical polycomb repressive complex 1.5, RING1-YAF2-CKIIA1-A2 variant",-0.963127252564458,-2.288560566440037,0.0,0.0,0.0,5/5,3.85%,CPX-2437;Q86SE9;Q8WXX7;Q8IY57;Q06587
prerank,"GBAF (SWI/SNF) ATP-dependent chromatin remodeling complex, ACTL6B-BICRAL-SMARCA2 variant",-0.6525965009719523,-2.282970452055336,0.0,0.0,0.0,11/11,34.97%,O94805;Q6AI39;Q9H8M2;Q15532;Q9BQE9;Q4VC05;Q8WUZ0;P51531;Q96GM5;Q92922;P60709
prerank,"Non-canonical polycomb repressive complex 1.1, RING1-PCGF1-YAF2 variant",-0.8904603438713257,-2.276186271522643,0.0,0.0,0.0,6/6,11.13%,Q6W2J9;Q9BSM1;Q8IY57;Q06587;Q8NHM5;P63208
prerank,"Non-canonical polycomb repressive complex 1.3, RING2-RYBP-CKIIA1 variant",-0.9628500138619351,-2.275884665792922,0.0,0.0,0.0,5/5,3.88%,CPX-914;Q3KNV8;Q8WXX7;Q8N488;Q99496
prerank,"Non-canonical polycomb repressive complex 1.3, RING1-YAF2-CKIIA1 variant",-0.963127252564458,-2.273693284308769,0.0,0.0,0.0,5/5,3.85%,CPX-914;Q3KNV8;Q8WXX7;Q8IY57;Q06587
prerank,"Non-canonical polycomb repressive complex 1.3, RING2-YAF2-CKIIA1-A2 variant",-0.9628500138619351,-2.272440299886618,0.0,0.0,0.0,5/5,3.88%,CPX-2437;Q3KNV8;Q8WXX7;Q8IY57;Q99496
prerank,39S mitochondrial large ribosomal subunit,0.7203485103990999,2.2642490981599113,0.0,0.0,0.0,54/54,29.04%,P49406;P52815;Q13084;Q8N983;Q8TAE8;Q8TCC3;O75394;P09001;Q9BZE1;Q9H0U6;Q9H2W6;Q13405;Q14197;Q16540;Q4U2R6;Q5T653;Q6P161;Q6P1L8;Q7Z2W9;Q7Z7F7;Q7Z7H8;Q86TS9;Q8IXM3;Q8N5N7;Q9Y3B7;Q9Y6G3;URS000047A7F4_9606;Q96A35;Q96DV4;Q96EL3;Q96GC5;Q9BQ48;Q9BQC6;Q9BRJ2;Q9BYC8;Q9BYC9;Q9BYD1;Q9BYD2;Q9BYD3;Q9BYD6;URS000080E36F_9606;Q9H9J2;Q9HD33;Q9NP92;Q9NQ50;Q9NRX2;Q9NVS2;Q9NWU5;Q9NX20;Q9NYK5;Q9NZE8;Q9P015;Q9P0J6;Q9P0M9
prerank,"GBAF (SWI/SNF) ATP-dependent chromatin remodeling complex, ACTL6B-BICRA-SMARCA2 variant",-0.6525965009719523,-2.262300443580474,0.0,0.0,0.0,11/11,34.97%,O94805;Q9NZM4;Q9H8M2;Q15532;Q9BQE9;Q4VC05;Q8WUZ0;P51531;Q96GM5;Q92922;P60709
prerank,"Non-canonical polycomb repressive complex 1.5, RING2-RYBP-CKIIA1 variant",-0.9628500138619351,-2.2583388821840273,0.0,0.0,0.0,5/5,3.88%,CPX-914;Q86SE9;Q8WXX7;Q8N488;Q99496
prerank,"Non-canonical polycomb repressive complex 1.3, RING2-YAF2-CKIIA2 variant",-0.9628500138619351,-2.258334095977572,0.0,0.0,0.0,5/5,3.88%,CPX-2428;Q3KNV8;Q8WXX7;Q8IY57;Q99496
prerank,CatSpermasome complex,0.8719444444444445,2.2580703255928425,0.0,0.0,0.0,12/12,13.10%,E9PQX1;Q2WGJ8;Q5SY80;Q6ZRH7;Q7RTX7;Q86XM0;Q86XQ3;Q8NEC5;Q96P56;Q9H7T0;Q9NTU4;A8MZ26
prerank,U4 small nuclear ribonucleoprotein complex,-0.6531519022493752,-2.2545987819560622,0.0,0.0,0.0,11/11,34.91%,O43172;O43395;URS0000715A86_9606;P62314;P62316;P62308;P62318;P62304;P62306;P14678;P55769
prerank,"Polybromo-associated SWI/SNF ATP-dependent chromatin remodeling complex, ACTL6B variant",-0.661397605844128,-2.2544168446820203,0.0,0.0,0.0,12/13,25.06%,O94805;Q86U86;Q68CP9;Q9NPI1;Q92925;Q8TAQ2;Q8WUB8;Q969G3;Q12824;P51532;Q96GM5;Q92922
prerank,"Non-canonical polycomb repressive complex 1.3, RING1-RYBP-CKIIA1 variant",-0.963127252564458,-2.254042723098422,0.0,0.0,0.0,5/5,3.85%,CPX-914;Q3KNV8;Q8WXX7;Q8N488;Q06587
prerank,"Non-canonical polycomb repressive complex 1.3, RING2-RYBP-CKIIA1-A2 variant",-0.9628500138619351,-2.2499375117962432,0.0,0.0,0.0,5/5,3.88%,CPX-2437;Q3KNV8;Q8WXX7;Q8N488;Q99496
prerank,"Non-canonical polycomb repressive complex 1.5, RING2-YAF2-CKIIA1-A2 variant",-0.9628500138619351,-2.248473758273272,0.0,0.0,0.0,5/5,3.88%,CPX-2437;Q86SE9;Q8WXX7;Q8IY57;Q99496
prerank,"Muscle cell-specific SWI/SNF ATP-dependent chromatin remodeling complex, ACTL6A-ARID1B-SMARCA4 variant",-0.6511111111111111,-2.2476186955717004,0.0,0.0,0.0,12/12,35.13%,Q92784;Q8NFD5;Q6STE5;Q92925;Q8TAQ2;Q969G3;Q12824;P51532;Q96GM5;Q92922;P60709;O96019
prerank,"Non-canonical polycomb repressive complex 1.3, RING1-YAF2-CKIIA2 variant",-0.963127252564458,-2.2443033104214862,0.0,0.0,0.0,5/5,3.85%,CPX-2428;Q3KNV8;Q8WXX7;Q8IY57;Q06587
prerank,"Non-canonical polycomb repressive complex 1.3, RING1-YAF2-CKIIA1-A2 variant",-0.963127252564458,-2.243648017222399,0.0,0.0,0.0,5/5,3.85%,CPX-2437;Q3KNV8;Q8WXX7;Q8IY57;Q06587
prerank,"Non-canonical polycomb repressive complex 1.5, RING1-YAF2-CKIIA2 variant",-0.963127252564458,-2.2435127507564,0.0,0.0,0.0,5/5,3.85%,CPX-2428;Q86SE9;Q8WXX7;Q8IY57;Q06587
prerank,INO80 chromatin remodeling complex,-0.6516541562413122,-2.24278944270921,0.0,0.0,0.0,15/15,35.13%,Q9H981;P0C1Z6;Q6P4R8;Q53TQ3;Q9ULG1;Q9C086;Q9H9F9;Q9Y5K5;P25490;Q8NBZ0;Q6PI98;Q96EZ8;Q9Y230;Q9Y265;O96019
prerank,U1 small nuclear ribonucleoprotein complex ,-0.6662038322688143,-2.2388214805045163,0.0,0.0,0.0,11/11,33.61%,M14387;P09234;P09012;P08621;P62314;P62316;P62308;P62318;P62304;P62306;P14678
prerank,"Non-canonical polycomb repressive complex 1.5, RING1-RYBP-CKIIA1 variant",-0.963127252564458,-2.2364873990437855,0.0,0.0,0.0,5/5,3.85%,CPX-914;Q86SE9;Q8WXX7;Q8N488;Q06587
prerank,"Neuron-specific SWI/SNF ATP-dependent chromatin remodeling complex, ARID1B-SMARCA2 variant",-0.6536227354573635,-2.2341610091029342,0.0,0.0,0.0,11/12,25.06%,Q92782;O94805;Q92784;Q8NFD5;Q6STE5;Q8TAQ2;P51531;Q969G3;Q12824;Q96GM5;Q92922
prerank,"Non-canonical polycomb repressive complex 1.3, RING1-RYBP-CKIIA2 variant",-0.963127252564458,-2.2325640303968473,0.0,0.0,0.0,5/5,3.85%,CPX-2428;Q3KNV8;Q8WXX7;Q8N488;Q06587
prerank,"Muscle cell-specific SWI/SNF ATP-dependent chromatin remodeling complex, ACTL6B-ARID1A-SMARCA2 variant",-0.6537464284917687,-2.231075055591687,0.0,0.0,0.0,11/12,25.06%,O94805;Q92784;Q6STE5;Q92925;Q8TAQ2;O14497;P51531;Q969G3;Q12824;Q96GM5;Q92922
prerank,"GBAF (SWI/SNF) ATP-dependent chromatin remodeling complex, ACTL6A-BICRA-SMARCA2 variant",-0.6509302971396834,-2.2294403434846215,0.0,0.0,0.0,11/11,35.13%,Q9NZM4;Q9H8M2;Q15532;Q9BQE9;Q4VC05;Q8WUZ0;P51531;Q96GM5;Q92922;P60709;O96019
prerank,"Muscle cell-specific SWI/SNF ATP-dependent chromatin remodeling complex, ACTL6B-ARID1B-SMARCA4 variant",-0.6537464375142791,-2.2261375872101876,0.0,0.0,0.0,11/12,25.06%,O94805;Q92784;Q8NFD5;Q6STE5;Q92925;Q8TAQ2;Q969G3;Q12824;P51532;Q96GM5;Q92922
prerank,"Neuron-specific SWI/SNF ATP-dependent chromatin remodeling complex, ARID1A-SMARCA2 variant",-0.653627302609107,-2.224765009511172,0.0,0.0,0.0,11/12,25.06%,Q92782;O94805;Q92784;Q6STE5;Q8TAQ2;O14497;P51531;Q969G3;Q12824;Q96GM5;Q92922
prerank,"Neural progenitor-specific SWI/SNF ATP-dependent chromatin remodeling complex, ARID1B-SMARCA4 variant",-0.6509302971396834,-2.223745393354708,0.0,0.0,0.0,11/11,35.13%,Q8NFD5;Q6STE5;Q8TAQ2;Q8WUB8;Q969G3;Q12824;P51532;Q96GM5;Q92922;P60709;O96019
prerank,"Non-canonical polycomb repressive complex 1.1, RING2-PCGF1-YAF2 variant",-0.8904603438713257,-2.2221716164979917,0.0,0.0,0.0,6/6,11.13%,Q6W2J9;Q9BSM1;Q8IY57;Q99496;Q8NHM5;P63208
prerank,"Non-canonical polycomb repressive complex 1.5, RING1-RYBP-CKIIA1-A2 variant",-0.963127252564458,-2.2211876159429425,0.0,0.0,0.0,5/5,3.85%,CPX-2437;Q86SE9;Q8WXX7;Q8N488;Q06587
prerank,"Non-canonical polycomb repressive complex 1.3, RING2-RYBP-CKIIA2 variant",-0.9628500138619351,-2.215949202951497,0.0,0.0,0.0,5/5,3.88%,CPX-2428;Q3KNV8;Q8WXX7;Q8N488;Q99496
prerank,"SWI/SNF ATP-dependent chromatin remodeling complex, ACTL6B-ARID1B-SMARCA4 variant",-0.6525965009719523,-2.2112860778451977,0.0,0.0,0.0,11/11,34.97%,O94805;Q8NFD5;Q6STE5;Q92925;Q8TAQ2;Q969G3;Q12824;P51532;Q96GM5;Q92922;P60709
prerank,"Mitochondrial pyruvate dehydrogenase complex, somatic variant",-0.736126526082131,-2.2112325174584204,0.0,0.0,0.0,8/8,26.58%,O00330;P10515;CHEBI:16238;CHEBI:83088;P09622;P08559;P11177;CHEBI:58937
prerank,Signal recognition particle,0.9564493758668513,2.2089253733961423,0.0,0.0,0.0,7/7,4.54%,O76094;P09132;P37108;P49458;P61011;Q9UHB9;URS00000478B7_9606
prerank,Major Spliceosomal Pre-B complex,-0.6517010596765198,-2.206798866855524,0.0,0.0,0.0,26/26,35.33%,CPX-2391;M14387;P09234;P09012;P08621;Q7RTV0;Q9Y3B4;Q15459;Q15428;Q12874;Q15427;Q13435;CHEBI:139356;P08579;URS00006A1489_9606;P09661;P62314;P62316;P62308;P62318;P62304;P62306;P14678;O75533;Q15393;Q9BWJ5
prerank,"Neural progenitor-specific SWI/SNF ATP-dependent chromatin remodeling complex, ARID1A-SMARCA4 variant",-0.6509302971396834,-2.205931647204099,0.0,0.0,0.0,11/11,35.13%,Q6STE5;Q8TAQ2;O14497;Q8WUB8;Q969G3;Q12824;P51532;Q96GM5;Q92922;P60709;O96019
prerank,"Non-canonical polycomb repressive complex 1.5, RING1-RYBP-CKIIA2 variant",-0.963127252564458,-2.2059243737498813,0.0,0.0,0.0,5/5,3.85%,CPX-2428;Q86SE9;Q8WXX7;Q8N488;Q06587
prerank,"Non-canonical polycomb repressive complex 1.5, RING2-RYBP-CKIIA2 variant",-0.9628500138619351,-2.204476431354551,0.0,0.0,0.0,5/5,3.88%,CPX-2428;Q86SE9;Q8WXX7;Q8N488;Q99496
prerank,"SWI/SNF ATP-dependent chromatin remodeling complex, ACTL6A-ARID1A-SMARCA4 variant",-0.6509302971396834,-2.2014503522702116,0.0,0.0,0.0,11/11,35.13%,Q6STE5;Q92925;Q8TAQ2;O14497;Q969G3;Q12824;P51532;Q96GM5;Q92922;P60709;O96019
prerank,"SWI/SNF ATP-dependent chromatin remodeling complex, ACTL6A-ARID1B-SMARCA2 variant",-0.6509302971396834,-2.2010112730731626,0.0,0.0,0.0,11/11,35.13%,Q8NFD5;Q6STE5;Q92925;Q8TAQ2;P51531;Q969G3;Q12824;Q96GM5;Q92922;P60709;O96019
prerank,"GBAF (SWI/SNF) ATP-dependent chromatin remodeling complex, ACTL6B-BICRAL-SMARCA4 variant",-0.6525965009719523,-2.1945267252712153,0.0,0.0,0.0,11/11,34.97%,O94805;Q6AI39;Q9H8M2;Q15532;Q9BQE9;Q4VC05;Q8WUZ0;P51532;Q96GM5;Q92922;P60709
prerank,"Non-canonical polycomb repressive complex 1.5, RING2-RYBP-CKIIA1-A2 variant",-0.9628500138619351,-2.194474036011196,0.0,0.0,0.0,5/5,3.88%,CPX-2437;Q86SE9;Q8WXX7;Q8N488;Q99496
prerank,"Mitochondrial pyruvate dehydrogenase complex, testis-specific variant",-0.736126526082131,-2.192104844635717,0.0,0.0,0.0,8/8,26.58%,P29803;O00330;P10515;CHEBI:16238;CHEBI:83088;P09622;P11177;CHEBI:58937
prerank,"Non-canonical polycomb repressive complex 1.1, RING1-PCGF1-RYBP variant",-0.8904603438713257,-2.1919436671689057,0.0,0.0,0.0,6/6,11.13%,Q6W2J9;Q9BSM1;Q8N488;Q06587;Q8NHM5;P63208
prerank,"GBAF (SWI/SNF) ATP-dependent chromatin remodeling complex, ACTL6A-BICRAL-SMARCA2 variant",-0.6509302971396834,-2.1843399944096946,0.0,2.628074847571659e-05,0.001,11/11,35.13%,Q6AI39;Q9H8M2;Q15532;Q9BQE9;Q4VC05;Q8WUZ0;P51531;Q96GM5;Q92922;P60709;O96019
prerank,"Histone-lysine N-methyltransferase complex, SET1B variant",-0.6467647875590115,-2.1797870382775146,0.0,2.6058030268295262e-05,0.001,11/11,35.55%,Q96IK1;Q8NFC6;Q9UPS6;Q6UXN9;Q9P0U4;Q9Y5Z7;Q9UBL3;Q9C005;Q15291;P51610;P61964
prerank,"Non-canonical polycomb repressive complex 1.3, RING1-RYBP-CKIIA1-A2 variant",-0.963127252564458,-2.179276352638064,0.0,2.5839055224023872e-05,0.001,5/5,3.85%,CPX-2437;Q3KNV8;Q8WXX7;Q8N488;Q06587
prerank,BBSome complex,0.9087125416204218,2.1743514253773437,0.0,0.0,0.0,8/8,9.33%,A8MTZ0;Q3SYG4;Q8IWZ6;Q8N3I7;Q8NFJ9;Q8TAM2;Q96RK4;Q9BXC9
prerank,Mitochondrial respiratory chain complex II,-0.6741604218706634,-2.1710554647005416,0.0,2.5623729763823672e-05,0.001,9/9,32.78%,Q99643;P21912;O14521;CHEBI:21137;CHEBI:26355;P31040;CHEBI:190135;CHEBI:57692;CHEBI:49883
prerank,28S mitochondrial small ribosomal subunit,0.7296844456855625,2.1673184497494673,0.0,0.0,0.0,31/31,27.66%,P82650;Q96EL2;Q96EY7;Q9BYN8;O15235;O60783;P51398;P82663;P82664;P82673;P82675;P82912;P82914;P82921;P82930;P82932;P82933;Q92552;Q92665;Q96BP2;Q9NWT8;Q9Y291;Q9Y2Q9;Q9Y2R5;Q9Y2R9;Q9Y399;Q9Y3D3;Q9Y3D5;Q9Y3D9;Q9Y676;URS000044DFF6_9606
prerank,"GBAF (SWI/SNF) ATP-dependent chromatin remodeling complex, ACTL6A-BICRAL-SMARCA4 variant",-0.6509302971396834,-2.166191906984818,0.0,2.541196340213918e-05,0.001,11/11,35.13%,Q6AI39;Q9H8M2;Q15532;Q9BQE9;Q4VC05;Q8WUZ0;P51532;Q96GM5;Q92922;P60709;O96019
prerank,"SWI/SNF ATP-dependent chromatin remodeling complex, ACTL6A-ARID1B-SMARCA4 variant",-0.6509302971396834,-2.1599951342793395,0.0,2.520366862015443e-05,0.001,11/11,35.13%,Q8NFD5;Q6STE5;Q92925;Q8TAQ2;Q969G3;Q12824;P51532;Q96GM5;Q92922;P60709;O96019
prerank,Synaptonemal complex,0.9284327323162274,2.141102714841818,0.0,0.0,0.0,7/7,7.34%,Q8N0S2;Q9BX26;Q9BXU0;A1L190;Q15431;Q6PIF2;Q8IZU3
prerank,mCRD-poly(A)-bridging complex,-0.941502633767674,-2.1384527202124817,0.0,2.499876074519383e-05,0.001,5/5,6.01%,P11940;Q14103;O75534;Q9H074;O60506
prerank,Gamma tubulin ring complex,-0.6524153248195448,-2.129143713946399,0.0,2.4797157835958394e-05,0.001,10/10,34.97%,Q96RT7;Q6NZ67;P23258;Q08AG7;Q9UGJ1;Q9BSJ2;Q96CW5;Q96RT8;Q6P582;P60709
prerank,"SWI/SNF ATP-dependent chromatin remodeling complex, ACTL6B-ARID1A-SMARCA2 variant",-0.6525965009719523,-2.127067786381765,0.0,2.4598780573270727e-05,0.001,11/11,34.97%,O94805;Q6STE5;Q92925;Q8TAQ2;O14497;P51531;Q969G3;Q12824;Q96GM5;Q92922;P60709
prerank,Embryonic stem cell-specific SWI/SNF ATP-dependent chromatin remodeling complex,-0.6512920255626562,-2.126694952604028,0.0,2.4403552156022547e-05,0.001,13/13,35.13%,Q92785;Q9BQE9;Q4VC05;Q8WUZ0;O14497;Q8WUB8;Q969G3;Q12824;P51532;Q96GM5;Q92922;P60709;O96019
prerank,CRD-mediated mRNA stability complex,-0.8399889073765946,-2.1239605131969634,0.0,2.4211398202038115e-05,0.001,6/6,16.17%,Q00839;Q08211;Q9NZI8;P67809;O60506;CHEBI:33699
prerank,PCAF histone acetylase complex,-0.6468628539700167,-2.123882293917254,0.0,2.4022246653584694e-05,0.001,10/10,35.52%,Q9Y6J9;O75486;O75529;O75478;Q16514;Q16594;Q12962;Q9Y4A5;Q92831;O75528
prerank,MCM complex,0.9814198557958955,2.123254736376074,0.0,0.0,0.0,6/6,2.02%,P25205;P33991;P33992;P33993;P49736;Q14566
prerank,Anaphase-promoting core complex,0.7923846581434127,2.109480652361789,0.0,0.0,0.0,14/14,21.07%,Q8NHZ8;Q96DE5;Q9BS18;Q9H1A4;Q9NYG5;Q9UJX2;Q9UJX3;Q9UJX4;Q9UJX5;Q9UJX6;Q9UM13;P30260;P60006;Q13042
prerank,Shelterin complex,-0.8349972268441487,-2.1076388104861463,0.0,7.15080830618335e-05,0.003,6/6,16.67%,P54274;Q9NYB0;Q96AP0;Q9NUX5;Q9BSI4;Q15554
prerank,U6 small nuclear ribonucleoprotein complex,-0.6691645850679989,-2.1056955747610644,0.0,7.095802088443479e-05,0.003,9/9,33.28%,Q15020;Q9UK45;Q9Y333;Q9Y4Y9;Q9Y4Z0;P62312;P62310;O95777;URS00006767A8_9606
prerank,"Histone-lysine N-methyltransferase complex, KMT2D variant",-0.6465852304275403,-2.1049075373036645,0.0,7.041635660287422e-05,0.003,10/10,35.55%,O14686;O15550;Q6ZW49;Q9BTK6;Q14686;Q9UBL3;Q9C005;Q15291;CHEBI:29105;P61964
prerank,"GBAF (SWI/SNF) ATP-dependent chromatin remodeling complex, ACTL6B-BICRA-SMARCA4 variant",-0.6525965009719523,-2.1005800898708005,0.0,6.988289935588274e-05,0.003,11/11,34.97%,O94805;Q9NZM4;Q9H8M2;Q15532;Q9BQE9;Q4VC05;Q8WUZ0;P51532;Q96GM5;Q92922;P60709
prerank,"Polycomb repressive complex 1, RING2-PCGF2-CBX2-PHC3 variant",-0.9625831485587583,-2.099806723383167,0.0,6.935746402237987e-05,0.003,4/4,3.88%,Q14781;Q8NDX5;P35227;Q99496
prerank,"Polycomb repressive complex 1, RING1-PCGF4-CBX2-PHC2 variant",-0.9628603104212861,-2.0994560994561002,0.0,6.883987100728748e-05,0.003,4/4,3.85%,Q14781;Q8IXK0;P35226;Q06587
prerank,Glycoprotein Ib-IX-V-Filamin-A complex,0.9858608261713335,2.096849765620561,0.0,0.0,0.0,5/5,1.55%,P07359;P13224;P14770;P40197;P21333
prerank,"Polycomb repressive complex 1, RING1-PCGF4-CBX2-PHC3 variant",-0.9628603104212861,-2.0942037129749784,0.0,9.11065947158175e-05,0.004,4/4,3.85%,Q14781;Q8NDX5;P35226;Q06587
prerank,"SWI/SNF ATP-dependent chromatin remodeling complex, ACTL6B-ARID1B-SMARCA2 variant",-0.6525965009719523,-2.0875603438592623,0.0,0.00011304586660510445,0.005,11/11,34.97%,O94805;Q8NFD5;Q6STE5;Q92925;Q8TAQ2;P51531;Q969G3;Q12824;Q96GM5;Q92922;P60709
prerank,UTP-B complex,0.9600665557404324,2.087406367521129,0.0,0.0,0.0,6/6,4.15%,Q8NI36;Q9NYH9;Q9UNX4;Q9Y5J1;Q12788;Q15269
prerank,"SWI/SNF ATP-dependent chromatin remodeling complex, ACTL6B-ARID1A-SMARCA4 variant",-0.6525965009719523,-2.0873411869129486,0.0,0.00011222071429411827,0.005,11/11,34.97%,O94805;Q6STE5;Q92925;Q8TAQ2;O14497;Q969G3;Q12824;P51532;Q96GM5;Q92922;P60709
prerank,"GBAF (SWI/SNF) ATP-dependent chromatin remodeling complex, ACTL6A-BICRA-SMARCA4 variant",-0.6509302971396834,-2.0872124700445442,0.0,0.00011140752071227683,0.005,11/11,35.13%,Q9NZM4;Q9H8M2;Q15532;Q9BQE9;Q4VC05;Q8WUZ0;P51532;Q96GM5;Q92922;P60709;O96019
prerank,"Polycomb repressive complex 1, RING2-PCGF4-CBX8-PHC1 variant",-0.9625831485587583,-2.083175047485754,0.0,0.00011060602775751225,0.005,4/4,3.88%,Q9HC52;P78364;P35226;Q99496
prerank,"Polycomb repressive complex 1, RING1-PCGF2-CBX4-PHC3 variant",-0.9628603104212861,-2.08298057970078,0.0,0.00010981598470210145,0.005,4/4,3.85%,O00257;Q8NDX5;P35227;Q06587
prerank,"Polycomb repressive complex 1, RING2-PCGF4-CBX2-PHC3 variant",-0.9625831485587583,-2.0824371742516448,0.0,0.00010903714793116456,0.005,4/4,3.88%,Q14781;Q8NDX5;P35226;Q99496
prerank,COP9 signalosome variant 1,-0.6472384124340828,-2.075126607815167,0.0,0.0001082692806922127,0.005,9/9,35.47%,Q9UBW8;Q9BT78;Q92905;Q7L5N1;Q13098;Q99627;P61201;Q9UNS2;CHEBI:29105
prerank,"Polycomb repressive complex 1, RING1-PCGF4-CBX4-PHC1 variant",-0.9628603104212861,-2.0729190255895955,0.0,0.00012901458342624508,0.006,4/4,3.85%,O00257;P78364;P35226;Q06587
prerank,"Histone-lysine N-methyltransferase complex, KMT2C variant",-0.6465852304275403,-2.0720178470386705,0.0,0.00012811864881911837,0.006,10/10,35.55%,Q8NEZ4;O15550;Q6ZW49;Q9BTK6;Q14686;Q9UBL3;Q9C005;Q15291;CHEBI:29105;P61964
prerank,Intraflagellar transport complex B,0.757230255839822,2.0700068929616826,0.0,0.0,0.0,16/16,24.61%,A0AVF1;Q13099;Q8IY31;Q96LB3;Q9BW83;Q9H7X7;Q9NQC8;Q9NWB7;Q9P2H3;Q9UG01;Q9Y366;Q9Y547;Q8N4P2;Q8TDR0;Q8WYA0;Q96AJ1
prerank,B-WICH chromatin remodelling complex,-0.6508465167915627,-2.067614751169728,0.0,0.00012723507193071067,0.006,9/9,35.11%,P35659;Q9UIG0;CHEBI:18111;O00159-3;Q9BQG0;Q9NR30;Q03468;O60264;O75533
prerank,"Polycomb repressive complex 1, RING1-PCGF4-CBX2-PHC1 variant",-0.9628603104212861,-2.066343869357314,0.0,0.00012636359883529482,0.006,4/4,3.85%,Q14781;P78364;P35226;Q06587
prerank,"Polycomb repressive complex 1, RING2-PCGF2-CBX4-PHC3 variant",-0.9625831485587583,-2.066247403413713,0.0,0.00012550398251668737,0.006,4/4,3.88%,O00257;Q8NDX5;P35227;Q99496
prerank,"Polycomb repressive complex 1, RING1-PCGF2-CBX4-PHC2 variant",-0.9628603104212861,-2.065727300720983,0.0,0.00012465598263481788,0.006,4/4,3.85%,O00257;Q8IXK0;P35227;Q06587
prerank,"Polycomb repressive complex 1, RING1-PCGF4-CBX4-PHC3 variant",-0.9628603104212861,-2.0642324489735286,0.0,0.0001238193653016983,0.006,4/4,3.85%,O00257;Q8NDX5;P35226;Q06587
prerank,"Polycomb repressive complex 1, RING2-PCGF2-CBX6-PHC3 variant",-0.9625831485587583,-2.0638005187300976,0.0,0.00012299390286635363,0.006,4/4,3.88%,O95503;Q8NDX5;P35227;Q99496
prerank,NSL histone acetyltransferase complex,-0.646405772966972,-2.0630928173761345,0.0,0.0001221793737082983,0.006,9/9,35.55%,Q9H9L4;Q7Z3B3;Q9P2N6;Q9BVI0;Q9H7Z6;Q96EZ8;O15294;P51610;P61964
prerank,"Polycomb repressive complex 1, RING1-PCGF2-CBX4-PHC1 variant",-0.9628603104212861,-2.0626627083809104,0.0,0.00012137556203916477,0.006,4/4,3.85%,O00257;P78364;P35227;Q06587
prerank,"Muscle cell-specific SWI/SNF ATP-dependent chromatin remodeling complex, ACTL6B-ARID1B-SMARCA2 variant",-0.6537418724011479,-2.06260094477044,0.0,0.00012058225771211141,0.006,11/12,25.06%,O94805;Q92784;Q8NFD5;Q6STE5;Q92925;Q8TAQ2;P51531;Q969G3;Q12824;Q96GM5;Q92922
prerank,"Polycomb repressive complex 1, RING2-PCGF4-CBX7-PHC3 variant",-0.9625831485587583,-2.062305038372207,0.0,0.00011979925603865613,0.006,4/4,3.88%,O95931;Q8NDX5;P35226;Q99496
prerank,"Polycomb repressive complex 1, RING1-PCGF4-CBX8-PHC1 variant",-0.9628603104212861,-2.0618030987755422,0.0,0.00011902635761260028,0.006,4/4,3.85%,Q9HC52;P78364;P35226;Q06587
prerank,"Phagocyte NADPH oxidase complex, RAC3 variant",-0.687291897891232,-2.058364052850257,0.0,0.00011826336814072465,0.006,8/8,31.45%,P60763;P04839;Q15080;P14598;P19878;P13498;CHEBI:37565;CHEBI:57692
prerank,General transcription factor TFIIIC complex,0.9265113699389904,2.055113750996099,0.0,0.0,0.0,6/6,7.50%,Q12789;Q8WUA4;Q969F1;Q9UKN8;Q9Y5Q8;Q9Y5Q9
prerank,"Serine palmitoyltransferase complex, SPTLC1-SPTLC2-SPTSSB variant",-0.960920177383592,-2.0540369860382754,0.0,0.00011751009827995571,0.006,4/4,4.04%,O15270;Q8NFR3;O15269;CHEBI:597326
prerank,"Polycomb repressive complex 1, RING1-PCGF4-CBX4-PHC2 variant",-0.9628603104212861,-2.052275768174456,0.0,0.00011676636348071548,0.006,4/4,3.85%,O00257;Q8IXK0;P35226;Q06587
prerank,"Polycomb repressive complex 1, RING2-PCGF4-CBX8-PHC3 variant",-0.9625831485587583,-2.048837061195486,0.0,0.00013537064780887978,0.007,4/4,3.88%,Q9HC52;Q8NDX5;P35226;Q99496
prerank,"Polycomb repressive complex 1, RING1-PCGF4-CBX6-PHC3 variant",-0.9628603104212861,-2.0449445983379495,0.0,0.00013452458126007427,0.007,4/4,3.85%,O95503;Q8NDX5;P35226;Q06587
prerank,"Polycomb repressive complex 1, RING2-PCGF4-CBX8-PHC2 variant",-0.9625831485587583,-2.044344157755324,0.0,0.0001336890248547322,0.007,4/4,3.88%,Q9HC52;Q8IXK0;P35226;Q99496
prerank,"Phagocyte NADPH oxidase complex, RAC1 variant",-0.687291897891232,-2.04377902592987,0.0,0.0001328637839605672,0.007,8/8,31.45%,P63000;P04839;Q15080;P14598;P19878;P13498;CHEBI:37565;CHEBI:57692
prerank,"Polycomb repressive complex 1, RING2-PCGF4-CBX2-PHC2 variant",-0.9625831485587583,-2.0435076660872857,0.0,0.00013204866872154532,0.007,4/4,3.88%,Q14781;Q8IXK0;P35226;Q99496
prerank,"Serine palmitoyltransferase complex, SPTLC1-SPTLC2-SPTSSA variant",-0.960920177383592,-2.0418970926506916,0.0,0.0001312434939122676,0.007,4/4,4.04%,O15270;Q969W0;O15269;CHEBI:597326
prerank,"Polycomb repressive complex 1, RING2-PCGF2-CBX2-PHC2 variant",-0.9625831485587583,-2.0390326858253442,0.0,0.0001304480787976478,0.007,4/4,3.88%,Q14781;Q8IXK0;P35227;Q99496
prerank,"Polycomb repressive complex 1, RING1-PCGF4-CBX8-PHC2 variant",-0.9628603104212861,-2.038514883175078,0.0,0.00012966224699766197,0.007,4/4,3.85%,Q9HC52;Q8IXK0;P35226;Q06587
prerank,"Polycomb repressive complex 1, RING1-PCGF4-CBX8-PHC3 variant",-0.9628603104212861,-2.0376547777781564,0.0,0.0001288858263569574,0.007,4/4,3.85%,Q9HC52;Q8NDX5;P35226;Q06587
prerank,"Polycomb repressive complex 1, RING1-PCGF2-CBX6-PHC1 variant",-0.9628603104212861,-2.0363054053237457,0.0,0.00012811864881911837,0.007,4/4,3.85%,O95503;P78364;P35227;Q06587
prerank,"Polycomb repressive complex 1, RING2-PCGF4-CBX4-PHC2 variant",-0.9625831485587583,-2.0354527037556496,0.0,0.00012736055030539576,0.007,4/4,3.88%,O00257;Q8IXK0;P35226;Q99496
prerank,"Polycomb repressive complex 1, RING2-PCGF4-CBX4-PHC3 variant",-0.9625831485587583,-2.0349983455578244,0.0,0.00012661137059771698,0.007,4/4,3.88%,O00257;Q8NDX5;P35226;Q99496
prerank,"Polycomb repressive complex 1, RING1-PCGF4-CBX7-PHC3 variant",-0.9628603104212861,-2.033230764917397,0.0,0.0001258709532258005,0.007,4/4,3.85%,O95931;Q8NDX5;P35226;Q06587
prerank,"Polycomb repressive complex 1, RING1-PCGF4-CBX7-PHC2 variant",-0.9628603104212861,-2.0330344602550823,0.0,0.00012513914535820865,0.007,4/4,3.85%,O95931;Q8IXK0;P35226;Q06587
prerank,"Polycomb repressive complex 1, RING1-PCGF2-CBX2-PHC2 variant",-0.9628603104212861,-2.0291701205628367,0.0,0.00012441579769717853,0.007,4/4,3.85%,Q14781;Q8IXK0;P35227;Q06587
prerank,"Polycomb repressive complex 1, RING1-PCGF2-CBX6-PHC3 variant",-0.9628603104212861,-2.02847151262051,0.0,0.0001237007643770798,0.007,4/4,3.85%,O95503;Q8NDX5;P35227;Q06587
prerank,UTP-A complex,0.9292845257903493,2.027773494929197,0.0,7.188058448222654e-05,0.001,6/6,7.23%,Q15061;Q8IWA0;Q8TED0;Q969X6;Q9H583;Q9H8H0
prerank,KEOPS tRNA N6-adenosine threonylcarbamoyltransferase complex,-0.7989462007764837,-2.025566456808667,0.0,0.0001581350179710261,0.009,6/6,20.27%,Q9Y3C4;Q96S44;Q9BXV9;Q9NPF4;Q14657;CHEBI:60240
prerank,Vault ribonucleoprotein complex,0.8840499306518723,2.024847169919941,0.0,6.765231480680146e-05,0.001,7/7,11.77%,URS0000000A8C_9606;URS000058CD99_9606;URS00005CCF67_9606;URS0000A76E3A_9606;Q14764;Q99973;Q9UKK3
prerank,"Polycomb repressive complex 1, RING1-PCGF2-CBX7-PHC1 variant",-0.9628603104212861,-2.022815334197088,0.0,0.00015723652355073618,0.009,4/4,3.85%,O95931;P78364;P35227;Q06587
prerank,"Polycomb repressive complex 1, RING1-PCGF2-CBX7-PHC2 variant",-0.9628603104212861,-2.0226520037125444,0.0,0.00015634818160977157,0.009,4/4,3.85%,O95931;Q8IXK0;P35227;Q06587
prerank,"Polycomb repressive complex 1, RING2-PCGF2-CBX2-PHC1 variant",-0.9625831485587583,-2.022172403593169,0.0,0.00015546982103893016,0.009,4/4,3.88%,Q14781;P78364;P35227;Q99496
prerank,"Polycomb repressive complex 1, RING2-PCGF2-CBX6-PHC1 variant",-0.9625831485587583,-2.0220049205882176,0.0,0.00015460127455267915,0.009,4/4,3.88%,O95503;P78364;P35227;Q99496
prerank,Elongator holoenzyme complex,0.9126455906821962,2.021832026658822,0.0,6.389385287309026e-05,0.001,6/6,8.89%,O95163;Q0PNE2;Q6IA86;Q8TE02;Q96EB1;Q9H9T3
prerank,XRCC1 DNA repair complex,0.8809986130374479,2.0215505087971444,0.0,6.053101851134867e-05,0.001,7/7,12.07%,P06746;P18887;P49916;Q7Z2E3;Q8IW19;Q96T60;Q9NUW8
prerank,"Polycomb repressive complex 1, RING2-PCGF2-CBX4-PHC2 variant",-0.9625831485587583,-2.020360674810936,0.0,0.00017082486509215782,0.01,4/4,3.88%,O00257;Q8IXK0;P35227;Q99496
prerank,"Polycomb repressive complex 1, RING2-PCGF2-CBX4-PHC1 variant",-0.9625831485587583,-2.017719680464779,0.0,0.00016988108130711827,0.01,4/4,3.88%,O00257;P78364;P35227;Q99496
prerank,"Polycomb repressive complex 1, RING1-PCGF2-CBX6-PHC2 variant",-0.9628603104212861,-2.0160536588047724,0.0,0.00020273720252695656,0.012,4/4,3.85%,O95503;Q8IXK0;P35227;Q06587
prerank,"Polycomb repressive complex 1, RING1-PCGF2-CBX8-PHC3 variant",-0.9628603104212861,-2.014709371293001,0.0,0.00021843179470800507,0.013,4/4,3.85%,Q9HC52;Q8NDX5;P35227;Q06587
prerank,"Polycomb repressive complex 1, RING2-PCGF4-CBX6-PHC2 variant",-0.9625831485587583,-2.0146789916390277,0.0,0.00021724466538893987,0.013,4/4,3.88%,O95503;Q8IXK0;P35226;Q99496
prerank,"Histone-lysine N-methyltransferase complex, KMT2B variant",-0.646405772966972,-2.0146067358298905,0.0,0.00021607036990035097,0.013,9/9,35.55%,Q9UMN6;Q9Y5Z7;Q9UBL3;Q9C005;Q15291;O00255;P51610;CHEBI:29105;P61964
prerank,"Phagocyte NADPH oxidase complex, RAC2 variant",-0.687291897891232,-2.014263982052379,0.0,0.00021490870124497274,0.013,8/8,31.45%,P15153;P04839;Q15080;P14598;P19878;P13498;CHEBI:37565;CHEBI:57692
prerank,Outer dynein arm-docking complex,0.945661214305517,2.0131003172006694,0.0,5.7504467585781235e-05,0.001,5/5,5.56%,Q9HAE3;A5D8V7;Q5T2S8;Q96M63;Q96NG3
prerank,"Polycomb repressive complex 1, RING2-PCGF4-CBX7-PHC1 variant",-0.9625831485587583,-2.012542993868701,0.0,0.00021375945685328843,0.013,4/4,3.88%,O95931;P78364;P35226;Q99496
prerank,"Polycomb repressive complex 1, RING2-PCGF4-CBX4-PHC1 variant",-0.9625831485587583,-2.0116264395525465,0.0,0.00021262243846577092,0.013,4/4,3.88%,O00257;P78364;P35226;Q99496
prerank,"Polycomb repressive complex 1, RING2-PCGF2-CBX6-PHC2 variant",-0.9625831485587583,-2.011020826609458,0.0,0.0002114974520188621,0.013,4/4,3.88%,O95503;Q8IXK0;P35227;Q99496
prerank,"Polycomb repressive complex 1, RING2-PCGF4-CBX7-PHC2 variant",-0.9625831485587583,-2.0102305861243153,0.0,0.00021038430753455225,0.013,4/4,3.88%,O95931;Q8IXK0;P35226;Q99496
prerank,"Polycomb repressive complex 1, RING2-PCGF2-CBX7-PHC3 variant",-0.9625831485587583,-2.009493149256393,0.0,0.00020928281901342897,0.013,4/4,3.88%,O95931;Q8NDX5;P35227;Q99496
prerank,"Polycomb repressive complex 1, RING1-PCGF2-CBX2-PHC3 variant",-0.9628603104212861,-2.0067849808838516,0.0,0.0002242076354334571,0.014,4/4,3.85%,Q14781;Q8NDX5;P35227;Q06587
prerank,"Polycomb repressive complex 1, RING2-PCGF2-CBX8-PHC1 variant",-0.9625831485587583,-2.006542321371918,0.0,0.00022304593784053765,0.014,4/4,3.88%,Q9HC52;P78364;P35227;Q99496
prerank,"Serine palmitoyltransferase complex, SPTLC1-SPTLC3-SPTSSA variant",-0.960920177383592,-2.003463213814596,0.0,0.00022189621651146275,0.014,4/4,4.04%,Q969W0;Q9NUV7;O15269;CHEBI:597326
prerank,"Polycomb repressive complex 1, RING1-PCGF2-CBX2-PHC1 variant",-0.9628603104212861,-2.003037751141629,0.0,0.00022075828719601932,0.014,4/4,3.85%,Q14781;P78364;P35227;Q06587
prerank,"Polycomb repressive complex 1, RING1-PCGF4-CBX7-PHC1 variant",-0.9628603104212861,-1.9986503380374554,0.0,0.0002666959628479607,0.016,4/4,3.85%,O95931;P78364;P35226;Q06587
prerank,"Polycomb repressive complex 1, RING2-PCGF4-CBX2-PHC1 variant",-0.9625831485587583,-1.9981903797631089,0.0,0.00026534217623451923,0.016,4/4,3.88%,Q14781;P78364;P35226;Q99496
prerank,"Polycomb repressive complex 1, RING2-PCGF2-CBX8-PHC3 variant",-0.9625831485587583,-1.9956256456075443,0.0,0.00026400206423333485,0.016,4/4,3.88%,Q9HC52;Q8NDX5;P35227;Q99496
prerank,"Polycomb repressive complex 1, RING2-PCGF4-CBX6-PHC1 variant",-0.9625831485587583,-1.9955018015015165,0.0,0.00026267542069447386,0.016,4/4,3.88%,O95503;P78364;P35226;Q99496
prerank,"Polycomb repressive complex 1, RING1-PCGF4-CBX6-PHC2 variant",-0.9628603104212861,-1.9938533316053555,0.0,0.0002767362814492957,0.017,4/4,3.85%,O95503;Q8IXK0;P35226;Q06587
prerank,"Polycomb repressive complex 1, RING1-PCGF2-CBX8-PHC1 variant",-0.9628603104212861,-1.9934894957015807,0.0,0.0002906572331418805,0.018,4/4,3.85%,Q9HC52;P78364;P35227;Q06587
prerank,"Polycomb repressive complex 1, RING2-PCGF2-CBX8-PHC2 variant",-0.9625831485587583,-1.9925345383844428,0.0,0.0002892183359481088,0.018,4/4,3.88%,Q9HC52;Q8IXK0;P35227;Q99496
prerank,"Serine palmitoyltransferase complex, SPTLC1-SPTLC3-SPTSSB variant",-0.960920177383592,-1.9921754434353194,0.0,0.00028779361508136936,0.018,4/4,4.04%,Q8NFR3;Q9NUV7;O15269;CHEBI:597326
prerank,"Polycomb repressive complex 1, RING2-PCGF4-CBX6-PHC3 variant",-0.9625831485587583,-1.9920292721518995,0.0,0.0002863828620662646,0.018,4/4,3.88%,O95503;Q8NDX5;P35226;Q99496
prerank,GCN5-containing ATAC complex,-0.6465852304275403,-1.9911003487310812,0.0,0.0002999851289423259,0.019,10/10,35.55%,Q9ULM3;Q9NS73;Q9H8E8;Q8IYH5;Q01658;O75478;Q96ES7;Q92830;O75528;P61964
prerank,Dynactin complex,-0.6524153248195448,-1.9897290461591493,0.016666666666666666,0.00029852889045231464,0.019,10/10,34.97%,Q13561;Q9BTE1;Q14203;CPX-8695;Q9NZ32;Q9UJW0;P61163;O00399;O75935;P60709
prerank,"Polycomb repressive complex 1, RING1-PCGF2-CBX7-PHC3 variant",-0.9628603104212861,-1.987842313595606,0.0,0.0002970867218994049,0.019,4/4,3.85%,O95931;Q8NDX5;P35227;Q06587
prerank,GAIT complex,-0.9412416851441242,-1.9865879723131834,0.0,0.0003104413413694022,0.02,4/4,6.01%,P04406;P07814;P40429;O60506
prerank,FERRY RAB5 effector complex,0.9412253950651512,1.9845698432813434,0.0,0.00010953231921101188,0.003,5/5,6.01%,Q8NB37;Q8TEA7;Q9NQ89;O95825;Q6ZMI0
prerank,"Histone-lysine N-methyltransferase complex, KMT2A variant",-0.646405772966972,-1.983435947905084,0.0,0.0003236681654377727,0.021,9/9,35.55%,Q03164;Q9Y5Z7;Q9UBL3;Q9C005;Q15291;O00255;P51610;CHEBI:29105;P61964
prerank,"Polycomb repressive complex 1, RING2-PCGF2-CBX7-PHC1 variant",-0.9625831485587583,-1.980757121711123,0.0,0.0003221268884594976,0.021,4/4,3.88%,O95931;P78364;P35227;Q99496
prerank,tRNA-splicing ligase complex,-0.6897891231964484,-1.9788679734510513,0.0,0.00034974569535456006,0.023,8/8,31.20%,Q8IWT0;Q8NCA5;Q9Y3I0;Q52LJ0;Q9BVC5;Q9Y224;Q92499;CHEBI:29035
prerank,Tubulin polyglutamylase complex,0.9478791239257001,1.9749544241470869,0.0,0.00010455357742869316,0.003,5/5,5.34%,O95922;Q68CL5;Q6ZTW0;Q8IUZ0;Q9BSH3
prerank,"Polycomb repressive complex 1, RING1-PCGF4-CBX6-PHC1 variant",-0.9628603104212861,-1.9710269623200873,0.0,0.00040611194342663934,0.027,4/4,3.85%,O95503;P78364;P35226;Q06587
prerank,"Polycomb repressive complex 1, RING1-PCGF2-CBX8-PHC2 variant",-0.9628603104212861,-1.9699107802955813,0.0,0.0004042053145842608,0.027,4/4,3.85%,Q9HC52;Q8IXK0;P35227;Q06587
prerank,PCAF-containing ATAC complex,-0.6465852304275403,-1.9685968803985736,0.0,0.00040231650470302585,0.027,10/10,35.55%,Q9ULM3;Q9NS73;Q9H8E8;Q8IYH5;Q01658;O75478;Q92831;Q96ES7;O75528;P61964
prerank,"CRL4-DCAF15 E3 ubiquitin ligase complex, CUL4B variant ",-0.8250623787080676,-1.961616079530833,0.0,0.00047195334820810113,0.032,5/5,17.64%,Q9BW61;Q66K64;Q13620;Q16531;P62877
prerank,Myb-MuvB-FOXM1 transcriptional activation complex,-0.736754507628294,-1.9611022832679126,0.0,0.00046976837900343396,0.032,7/7,26.50%,Q08050;P10244;Q52LA3;Q6MZP7;Q5TKA1;Q96GY3;Q09028
prerank,"Polycomb repressive complex 2.1, EZH1-RBBP7-PCL1-EPOP variant",-0.7443150305047145,-1.9601635404637814,0.0,0.00046760354776378683,0.032,6/6,25.72%,O43189;A6NHQ4;Q92800;Q15022;O75530;Q16576
prerank,"Polycomb repressive complex 2.1, EZH1-RBBP7-PCL3-EPOP variant",-0.7443150305047145,-1.9587232301186743,0.0,0.0004936681881103643,0.034,6/6,25.72%,Q5T6S3;A6NHQ4;Q92800;Q15022;O75530;Q16576
prerank,"Polycomb repressive complex 2.1, EZH1-RBBP7-PCL3-PALI1 variant",-0.7443150305047145,-1.9579353554360217,0.0,0.0005054543953411793,0.034,6/6,25.72%,Q5T6S3;Q96JN0;Q92800;Q15022;O75530;Q16576
prerank,U7 small nuclear ribonucleoprotein complex,-0.6656492785793563,-1.9575669362406325,0.0,0.0005031568753623558,0.034,8/8,33.61%,M17910;Q969L4;P83369;P62308;P62318;P62304;P62306;P14678
prerank,Glycoprotein Ib-IX-V complex,0.9858647450110865,1.9537778234620309,0.0,0.00012500971214300267,0.004,4/4,1.52%,P07359;P13224;P14770;P40197
prerank,"Polycomb repressive complex 1, RING2-PCGF2-CBX7-PHC2 variant",-0.9625831485587583,-1.951273389680274,0.0,0.0005287068222761808,0.036,4/4,3.88%,O95931;Q8IXK0;P35227;Q99496
prerank,Subcortical maternal complex,0.8441054091539528,1.9489034777543308,0.0,0.00011980097413704423,0.004,7/7,15.75%,Q9NX02;A6NGQ2;P59047;Q587J8;Q6TGC4;Q8WX94;Q9H808-1
prerank,COP9 signalosome variant 2,-0.6472384124340828,-1.9470422760520691,0.0,0.0005817279189624833,0.038,9/9,35.47%,Q9H9Q2;Q9BT78;Q92905;Q7L5N1;Q13098;Q99627;P61201;Q9UNS2;CHEBI:29105
prerank,"Polycomb repressive complex 2.1, EZH2-RBBP7-PCL1-EPOP variant",-0.7443150305047145,-1.9423588370452123,0.0,0.0006204849359849678,0.039,6/6,25.72%,O43189;A6NHQ4;Q15910;Q15022;O75530;Q16576
prerank,Core mediator complex,0.6628555493586165,1.9403962086048927,0.0,0.00013801072220587495,0.005,26/26,34.19%,O75586;O95402;Q13503;Q15528;Q15648;Q6P2C8;Q71SY5;Q96G25;Q96HR3;Q96RN5;Q9BTT4;Q9BUE0;A0JLT2;O43513;O60244;O75448;Q9H204;Q9H944;Q9NPJ6;Q9NVC6;Q9NWA0;Q9NX70;Q9P086;Q9ULK4;Q9Y2X0;Q9Y3C7
prerank,Mitochondrial proton-transporting ATP synthase complex,0.6914508493455864,1.937252929378284,0.0,0.00015481972042325715,0.006,21/21,31.26%,P25705;P30049;P36542;P48047;P48201;P56134;P56378;P56381;P56385;Q06055;Q5VTU8;Q7Z4Y8;Q96IX5;P18859;P24539;O75947;O75964;P00846;P03928;P05496;P06576
prerank,SRCAP chromatin remodeling complex,-0.6505689703025257,-1.9359421911184767,0.0,0.0007412578967391849,0.044,9/9,35.13%,Q6ZRS2;O43257;Q9GZN1;O95619;Q9NPF5;Q15906;Q9Y230;Q9Y265;O96019
prerank,"Polycomb repressive complex 2.1, EZH1-RBBP4-PCL3-PALI1 variant",-0.7365501941209096,-1.927706060060917,0.0,0.0008472913308571028,0.052,6/6,26.50%,Q5T6S3;Q96JN0;Q92800;Q15022;O75530;Q09028
prerank,CoQ biosynthetic complex,-0.687291897891232,-1.9276545941553926,0.0,0.0008435422541718944,0.052,8/8,31.45%,Q5HYK3;Q9NZJ6;O75208;Q99807;Q9Y2Z9;CHEBI:24875;Q9Y3A0;CHEBI:57692
prerank,"Polycomb repressive complex 2.1, EZH2-RBBP7-PCL3-EPOP variant",-0.7443150305047145,-1.9270672534983735,0.0,0.0008533717930154492,0.053,6/6,25.72%,Q5T6S3;A6NHQ4;Q15910;Q15022;O75530;Q16576
prerank,"Polycomb repressive complex 2.1, EZH1-RBBP4-PCL2-EPOP variant",-0.7365501941209096,-1.919392137429799,0.0,0.0009575183227534109,0.059,6/6,26.50%,Q9Y483;A6NHQ4;Q92800;Q15022;O75530;Q09028
prerank,"Histone-lysine N-methyltransferase complex, SET1A variant",-0.646405772966972,-1.917207263682887,0.0,0.0009667643020062732,0.06,9/9,35.55%,O15047;Q6UXN9;Q9P0U4;Q9Y5Z7;Q9UBL3;Q9C005;Q15291;P51610;P61964
prerank,"Polycomb repressive complex 2.2, EZH1-RBBP4 variant",-0.7365501941209096,-1.9170451858581075,0.008620689655172414,0.0009625609789540719,0.06,6/6,26.50%,Q6ZN18;Q92833;Q92800;Q15022;O75530;Q09028
prerank,Rixosome RNA degradation complex,0.8360610263522883,1.9137305592273892,0.0,0.00034076721532314805,0.014,7/7,16.56%,Q5SY16;Q8IZL8;Q9BV38;Q9H4L4;Q9NU22;Q9NXF1;Q9Y4W2
prerank,FEB1B-Elongin C-Elongin B E3 ubiquitin ligase complex,-0.8250623787080676,-1.9132685862213807,0.0,0.0009850161052067283,0.062,5/5,17.64%,Q9UK73;Q13617;Q15370;Q15369;P62877
prerank,KLHDC3-Elongin C-Elongin B E3 ubiquitin ligase complex,-0.8250623787080676,-1.9132386061176856,0.0,0.0009807703461325614,0.062,5/5,17.64%,Q9BQ90;Q13617;Q15370;Q15369;P62877
prerank,USH2 complex,0.9725609756097561,1.913196872955908,0.0,0.00032859695763303565,0.014,4/4,2.85%,O75445;Q8WXG9;Q9H5P4;Q9P202
prerank,Complement C1 complex,0.9057388411422234,1.9120995137199568,0.0,0.00031726602805948266,0.014,5/5,9.55%,P09871-PRO_0000027587;P09871-PRO_0000027588;CPX-1919;P00736-PRO_0000027578;P00736-PRO_0000027579
prerank,APPBP2-Elongin C-Elongin B E3 ubiquitin ligase complex,-0.8250623787080676,-1.9117977708540774,0.0,0.001016151343423737,0.065,5/5,17.64%,Q92624;Q13617;Q15370;Q15369;P62877
prerank,"Polycomb repressive complex 2.1, EZH1-RBBP7-PCL2-EPOP variant",-0.7443150305047145,-1.9107540673732542,0.0,0.0010380895647908053,0.066,6/6,25.72%,Q9Y483;A6NHQ4;Q92800;Q15022;O75530;Q16576
prerank,"CRL4-DCAF15 E3 ubiquitin ligase complex, CUL4A variant ",-0.8250623787080676,-1.9082359646622973,0.0,0.0010598410778909196,0.068,5/5,17.64%,Q9BW61;Q66K64;Q13619;Q16531;P62877
prerank,ZER1-Elongin C-Elongin B E3 ubiquitin ligase complex,-0.8250623787080676,-1.9040899295759002,0.006944444444444444,0.0010683792410001057,0.069,5/5,17.64%,Q7Z7L7;Q13617;Q15370;Q15369;P62877
prerank,LRR1-Elongin C-Elongin B E3 ubiquitin ligase complex,-0.8250623787080676,-1.9032189298656996,0.0,0.0010768453520999316,0.07,5/5,17.64%,Q96L50;Q13617;Q15370;Q15369;P62877
prerank,FEM1A-Elongin C-Elongin B E3 ubiquitin ligase complex,-0.8250623787080676,-1.902759056015965,0.0,0.0010723207917969907,0.07,5/5,17.64%,Q9BSK4;Q13617;Q15370;Q15369;P62877
prerank,"Polycomb repressive complex 2.1, EZH1-RBBP4-PCL2-PALI1 variant",-0.7365501941209096,-1.902411440204074,0.0,0.0010678340939233634,0.07,6/6,26.50%,Q9Y483;Q96JN0;Q92800;Q15022;O75530;Q09028
prerank,Apoptosome,-0.752634498058791,-1.9018557331515615,0.00909090909090909,0.0010633847851986824,0.07,6/6,24.89%,P55211;P99999;P55211-PRO_0000004643;CHEBI:18248;O14727;CHEBI:30413
prerank,KLHDC2-Elongin C-Elongin B E3 ubiquitin ligase complex,-0.8250623787080676,-1.8982485136837381,0.0,0.0010972485110483832,0.071,5/5,17.64%,Q9Y2U9;Q13617;Q15370;Q15369;P62877
prerank,"Polycomb repressive complex 2.1, EZH1-RBBP7-PCL2-PALI1 variant",-0.7443150305047145,-1.8981511514758362,0.0,0.0010927144262919848,0.071,6/6,25.72%,Q9Y483;Q96JN0;Q92800;Q15022;O75530;Q16576
prerank,"Polycomb repressive complex 2.1, EZH1-RBBP4-PCL3-EPOP variant",-0.7365501941209096,-1.8939779529619585,0.0,0.0011767935150793095,0.076,6/6,26.50%,Q5T6S3;A6NHQ4;Q92800;Q15022;O75530;Q09028
prerank,"Polycomb repressive complex 2.2, EZH2-RBBP7 variant",-0.7443150305047145,-1.893780121742667,0.00847457627118644,0.001171970590837181,0.076,6/6,25.72%,Q6ZN18;Q92833;Q15910;Q15022;O75530;Q16576
prerank,ZYG11B-Elongin C-Elongin B E3 ubiquitin ligase complex,-0.8250623787080676,-1.8933167896248817,0.0,0.0011797374356568614,0.077,5/5,17.64%,Q9C0D3;Q13617;Q15370;Q15369;P62877
prerank,"Brain-specific SWI/SNF ATP-dependent chromatin remodeling complex, ARID1A-SMARCA4 variant",-0.6520532741398446,-1.8921087980069566,0.0,0.0011749417550241102,0.077,8/8,34.97%,O94805;Q92925;Q8TAQ2;O14497;Q969G3;Q12824;P51532;P60709
prerank,PRAME-Elongin C-Elongin B E3 ubiquitin ligase complex,-0.8250623787080676,-1.892002866965512,0.0,0.0011826336814072464,0.078,5/5,17.64%,P78395;Q13617;Q15370;Q15369;P62877
prerank,VHL-Elongin C-Elongin B E3 ubiquitin ligase complex,-0.8250623787080676,-1.8904416710260807,0.0,0.001190263576126003,0.079,5/5,17.64%,P40337;Q13617;Q15370;Q15369;P62877
prerank,"Polycomb repressive complex 2.2, EZH1-RBBP7 variant",-0.7443150305047145,-1.8904406865700056,0.0,0.0011854834011214808,0.079,6/6,25.72%,Q6ZN18;Q92833;Q92800;Q15022;O75530;Q16576
prerank,KLHDC10-Elongin C-Elongin B E3 ubiquitin ligase complex,-0.8250623787080676,-1.890123848840902,0.006944444444444444,0.0011807414675169949,0.079,5/5,17.64%,Q6PID8;Q13617;Q15370;Q15369;P62877
prerank,"Polycomb repressive complex 2.1, EZH1-RBBP7-PCL1-PALI1 variant",-0.7443150305047145,-1.8894529921668541,0.0,0.0011882877069757272,0.08,6/6,25.72%,O43189;Q96JN0;Q92800;Q15022;O75530;Q16576
prerank,"Polycomb repressive complex 2.1, EZH2-RBBP4-PCL3-EPOP variant",-0.7365501941209096,-1.8886565857927746,0.008547008547008548,0.0011835722795670936,0.08,6/6,26.50%,Q5T6S3;A6NHQ4;Q15910;Q15022;O75530;Q09028
prerank,"Amiloride-sensitive sodium channel complex, delta-alpha-beta-gamma",0.9631374722838137,1.8872688982537944,0.0,0.0005942128317197394,0.025,4/4,3.79%,P37088;P51168;P51170;P51172
prerank,Ribosome quality control complex,0.9548226164079823,1.8849658387399433,0.0,0.0006306941606182458,0.028,4/4,4.62%,Q9BQ70;CPX-137;O60524;O94822
prerank,Mitochondrial 2-oxoisovalerate dehydrogenase complex,-0.6871012482662968,-1.8843591345152868,0.0,0.0012761225099769892,0.084,7/7,31.45%,P12694;P11182;P21953;CHEBI:83088;P09622;CHEBI:58937;CHEBI:57692
prerank,Myb-MuvB transcriptional activation complex,-0.7365501941209096,-1.8835196497772029,0.0,0.0012710984056070011,0.084,6/6,26.50%,P10244;Q52LA3;Q6MZP7;Q5TKA1;Q96GY3;Q09028
prerank,ULK1-ATG13-RB1CC1-ATG101 autophagy initiation complex,0.9617516629711752,1.8835042973480385,0.0,0.0006469252603400388,0.029,4/4,3.93%,O75143;O75385;Q8TDY2;Q9BSB4
prerank,"Polycomb repressive complex 2.1, EZH2-RBBP7-PCL2-EPOP variant",-0.7443150305047145,-1.8832602685505584,0.0,0.0012661137059771697,0.084,6/6,25.72%,Q9Y483;A6NHQ4;Q15910;Q15022;O75530;Q16576
prerank,FEB1C-Elongin C-Elongin B E3 ubiquitin ligase complex,-0.8250623787080676,-1.8825797511823363,0.0,0.0012611679493131963,0.084,5/5,17.64%,Q96JP0;Q13617;Q15370;Q15369;P62877
prerank,"Polycomb repressive complex 2.1, EZH2-RBBP4-PCL2-EPOP variant",-0.7365501941209096,-1.8815997481124838,0.009259259259259259,0.0012682250684662923,0.084,6/6,26.50%,Q9Y483;A6NHQ4;Q15910;Q15022;O75530;Q09028
prerank,"Polycomb repressive complex 2.1,EZH2-RBBP7-PCL3-PALI1 variant",-0.7443150305047145,-1.8803470974633583,0.0,0.001287145495113003,0.085,6/6,25.72%,Q5T6S3;Q96JN0;Q15910;Q15022;O75530;Q16576
prerank,"Polycomb repressive complex 2.1,EZH2-RBBP4-PCL3-PALI1 variant",-0.7365501941209096,-1.8763860647127129,0.0,0.001353407811463737,0.089,6/6,26.50%,Q5T6S3;Q96JN0;Q15910;Q15022;O75530;Q09028
prerank,"Brain-specific SWI/SNF ATP-dependent chromatin remodeling complex, ARID1B-SMARCA4 variant",-0.6520532741398446,-1.8693030293098036,0.0,0.0015374237858294206,0.1,8/8,34.97%,O94805;Q8NFD5;Q92925;Q8TAQ2;Q969G3;Q12824;P51532;P60709
prerank,"STRIPAK complex, STRIP2-STRN4 variant",-0.6895977808599167,-1.8678078231615631,0.011494252873563218,0.0015550953235975746,0.101,7/7,31.20%,Q9NRL3;Q9ULQ0;Q9Y3A3;CHEBI:17401;P30153;P67775;CHEBI:29035
prerank,"STRIPAK complex, STRIP1-STRN4 variant",-0.6895977808599167,-1.8666395890847387,0.0,0.0015608959046970452,0.102,7/7,31.20%,Q9NRL3;Q5VSL9;Q9Y3A3;CHEBI:17401;P30153;P67775;CHEBI:29035
prerank,"Polycomb repressive complex 2.1, EZH2-RBBP4-PCL1-EPOP variant",-0.7365501941209096,-1.8657179760259226,0.0,0.0015783438105473136,0.104,6/6,26.50%,O43189;A6NHQ4;Q15910;Q15022;O75530;Q09028
prerank,"SCF E3 ubiquitin ligase complex, FBXW8-CUL7 variant",-0.8250623787080676,-1.8642045918784202,0.0,0.0016189538350779504,0.105,5/5,17.64%,Q8N3Y1;Q14999;Q13616;P63208;P62877
prerank,"Polycomb repressive complex 2.1, EZH2-RBBP7-PCL1-PALI1 variant",-0.7443150305047145,-1.862429985400326,0.008,0.001647654170473794,0.106,6/6,25.72%,O43189;Q96JN0;Q15910;Q15022;O75530;Q16576
prerank,Fanconi anemia ubiquitin ligase complex,0.7568692756036637,1.8540424170387622,0.0,0.0012197917366680868,0.059,9/9,24.50%,Q0VG06;Q6NZ36;Q8NB91;Q9HB96;Q9NPI8;Q9NW38;O15287;O15360;Q00597
prerank,"Polycomb repressive complex 2.1, EZH1-RBBP4-PCL1-EPOP variant",-0.7365501941209096,-1.8516623368081824,0.0,0.0020344856113231427,0.133,6/6,26.50%,O43189;A6NHQ4;Q92800;Q15022;O75530;Q09028
prerank,"Polycomb repressive complex 2.1, EZH2-RBBP4-PCL2-PALI1 variant",-0.7365501941209096,-1.8498062015503882,0.0,0.002061414664145815,0.135,6/6,26.50%,Q9Y483;Q96JN0;Q15910;Q15022;O75530;Q09028
prerank,"Brain-specific SWI/SNF ATP-dependent chromatin remodeling complex, ARID1A-SMARCA2 variant",-0.6520532741398446,-1.8490538824728338,0.0,0.0020766694420531724,0.136,8/8,34.97%,O94805;Q92925;Q8TAQ2;O14497;P51531;Q969G3;Q12824;P60709
prerank,"Polycomb repressive complex 2.2, EZH2-RBBP4 variant",-0.7365501941209096,-1.846383146748531,0.0,0.0020803801414197363,0.137,6/6,26.50%,Q6ZN18;Q92833;Q15910;Q15022;O75530;Q09028
prerank,"Non-canonical polycomb repressive complex 1.4, RNF2-YAF2 variant",-0.9623164311443614,-1.8456486977646813,0.0,0.0020954516784638024,0.139,3/3,3.88%,P35226;Q8IY57;Q99496
prerank,"STRIPAK complex, STRIP2-STRN variant",-0.6895977808599167,-1.842230355609778,0.0,0.002257913899483798,0.146,7/7,31.20%,O43815;Q9ULQ0;Q9Y3A3;CHEBI:17401;P30153;P67775;CHEBI:29035
prerank,Nucleolar ribonuclease P complex,-0.551235767842266,-1.8379790660883992,0.0,0.0023513540253861727,0.153,11/11,45.07%,URS000013F331_9606;O95059;Q9H633;Q969H6;Q99575;P78346;Q9BUL9;O75817;O75818;P78345;O95707
prerank,"STRIPAK complex, STRIP1-STRN variant",-0.6895977808599167,-1.836744140503298,0.0,0.0024215832524053143,0.156,7/7,31.20%,O43815;Q5VSL9;Q9Y3A3;CHEBI:17401;P30153;P67775;CHEBI:29035
prerank,AP-1 transcription factor complex FOS-JUN-NFATC2,-0.9520642837351068,-1.8318754339839232,0.0,0.00258107642876472,0.164,3/3,4.90%,Q13469;P01100;P05412
prerank,Nuclear origin recognition complex,0.821686078757626,1.829614530824404,0.0,0.002249439467326148,0.104,6/6,17.97%,Q9UBD5;Q9Y5N6;O43913;O43929;Q13415;Q13416
prerank,"Polycomb repressive complex 2.1,EZH2-RBBP7-PCL2-PALI1 variant",-0.7443150305047145,-1.8289707091247356,0.0,0.0026835033352658974,0.173,6/6,25.72%,Q9Y483;Q96JN0;Q15910;Q15022;O75530;Q16576
prerank,"STRIPAK complex, STRIP1-STRN3 variant",-0.6895977808599167,-1.8286895262091667,0.0,0.002684921249165872,0.173,7/7,31.20%,Q13033;Q5VSL9;Q9Y3A3;CHEBI:17401;P30153;P67775;CHEBI:29035
prerank,HAUS complex,0.775527192008879,1.826963735262064,0.0,0.0022508891597862943,0.107,8/8,22.62%,O94927;Q68CZ6;Q7Z4H7;Q96CS2;Q99871;Q9BT25;Q9H6D7;Q9NVX0
prerank,"Non-canonical polycomb repressive complex 1.2, RNF2-YAF2 variant",-0.9623164311443614,-1.826583015238179,0.0,0.0027418315891687135,0.177,3/3,3.88%,P35227;Q8IY57;Q99496
prerank,Ndc80 complex,0.9307095343680709,1.8245234187985966,0.0,0.002332125629867794,0.111,4/4,7.03%,O14777;Q8NBT2;Q9BZD4;Q9HBM1
prerank,"Brain-specific SWI/SNF ATP-dependent chromatin remodeling complex, ARID1B-SMARCA2 variant",-0.6520532741398446,-1.8244352998955204,0.0,0.0028646961189195677,0.182,8/8,34.97%,O94805;Q8NFD5;Q92925;Q8TAQ2;P51531;Q969G3;Q12824;P60709
prerank,"Polycomb repressive complex 2.1, EZH1-RBBP4-PCL1-PALI1 variant",-0.7365501941209096,-1.8233184078371234,0.0,0.002909533186085785,0.185,6/6,26.50%,O43189;Q96JN0;Q92800;Q15022;O75530;Q09028
prerank,"Non-canonical polycomb repressive complex 1.2, RING1-RYBP variant",-0.9625935162094764,-1.821311190208627,0.0,0.00301993957930779,0.191,3/3,3.85%,P35227;Q8N488;Q06587
prerank,"STRIPAK complex, STRIP2-STRN3 variant",-0.6895977808599167,-1.820178649875531,0.0,0.0031076751258046647,0.195,7/7,31.20%,Q13033;Q9ULQ0;Q9Y3A3;CHEBI:17401;P30153;P67775;CHEBI:29035
prerank,"CRL4-DCAF10 E3 ubiquitin ligase complex, CUL4B variant ",-0.8248337028824834,-1.819392045194489,0.0,0.00310755871603819,0.195,4/4,17.64%,Q5QP82;Q13620;Q16531;P62877
prerank,"Non-canonical polycomb repressive complex 1.4, RING1-RYBP variant",-0.9625935162094764,-1.8191642245266002,0.0,0.003096577943189999,0.195,3/3,3.85%,P35226;Q8N488;Q06587
prerank,L3MBTL1 complex,-0.9498476032141868,-1.8189204921181115,0.0,0.003085674499728062,0.195,3/3,5.12%,Q13185;Q9Y468;P06400
prerank,"Non-canonical polycomb repressive complex 1.2, RING1-YAF2 variant",-0.9625935162094764,-1.8182616863483634,0.0,0.0030964254493546927,0.195,3/3,3.85%,P35227;Q8IY57;Q06587
prerank,"CRL4-DCAF8 E3 ubiquitin ligase complex, CUL4B variant ",-0.8248337028824834,-1.816034228799887,0.0,0.003171608509228525,0.199,4/4,17.64%,Q5TAQ9;Q13620;Q16531;P62877
prerank,SNAPc snRNA activating protein complex ,0.8569448294981981,1.815043610548833,0.0011737089201877935,0.0028441398832967472,0.135,5/5,14.42%,Q13487;Q16533;Q5SXM2;Q92966;O75971
prerank,"Non-canonical polycomb repressive complex 1.4, RING1-YAF2 variant",-0.9625935162094764,-1.8141292225099712,0.0,0.0032248401361300036,0.202,3/3,3.85%,P35226;Q8IY57;Q06587
prerank,"CRL4-DCAF17 E3 ubiquitin ligase complex, CUL4B variant ",-0.8248337028824834,-1.8119836383598216,0.0,0.003309731761160558,0.209,4/4,17.64%,Q5H9S7;Q13620;Q16531;P62877
prerank,"Non-canonical polycomb repressive complex 1.2, RNF2-RYBP variant",-0.9623164311443614,-1.8115061463854742,0.0,0.003319558624074596,0.209,3/3,3.88%,P35227;Q8N488;Q99496
prerank,pre-mRNA cleavage and polyadenylation specificity factor complex,-0.6470588235294118,-1.8095603972706018,0.011494252873563218,0.0034035381741465104,0.216,8/8,35.47%,O95639;Q9C0J8;Q6UN15;Q10570;Q92797;Q9UKF6;Q9P2I0;CHEBI:29105
prerank,LDLR-PCSK9 complex,0.9927957883070102,1.8068871840281928,0.0,0.0031173474533344563,0.146,3/3,0.80%,P01130;Q8NBP7-PRO_0000027120;Q8NBP7-PRO_0000027121
prerank,IkappaB kinase complex,0.9988916597395399,1.803525858631109,0.0,0.0033617996434764414,0.161,3/3,0.19%,O14920;O15111;Q9Y6K9
prerank,"Vacuolar proton translocating ATPase complex, ATP6V0A4 variant",0.7220384810503375,1.801458748447334,0.0,0.003364011353768202,0.164,9/10,19.30%,Q99437;Q9UI12;Q9Y5K8;O75787;P27449;P38606;Q15904;Q16864;Q6P5S7
prerank,"Vacuolar proton translocating ATPase complex, ATP6V0A3 variant",0.7220384810503375,1.8003193674270306,0.0,0.003324038736056135,0.166,9/10,19.30%,Q99437;Q9UI12;Q9Y5K8;O75787;P27449;P38606;Q15904;Q16864;Q6P5S7
prerank,SHU complex,0.9143569844789357,1.7991796821296084,0.0,0.0032996611162317327,0.169,4/4,8.67%,Q9NTI5;Q14159;Q19AV6;Q6NVH7
prerank,"Vacuolar proton translocating ATPase complex, ATP6V0A1 variant",0.7220384810503375,1.7988422014365228,0.0,0.0032362979431997813,0.17,9/10,19.30%,Q99437;Q9UI12;Q9Y5K8;O75787;P27449;P38606;Q15904;Q16864;Q6P5S7
prerank,"CRL4-DCAF16 E3 ubiquitin ligase complex, CUL4B variant ",-0.8248337028824834,-1.7973078980795558,0.0,0.003994131897206329,0.244,4/4,17.64%,Q9NXF7;Q13620;Q16531;P62877
prerank,"CRL4-CRBN E3 ubiquitin ligase complex, CUL4B variant ",-0.8248337028824834,-1.7959935887036587,0.0,0.004054165462632375,0.247,4/4,17.64%,Q96SW2;Q13620;Q16531;P62877
prerank,"Vacuolar proton translocating ATPase complex, ATP6V0A2 variant",0.7220384810503375,1.7938929831623962,0.0010482180293501049,0.003515614041039807,0.187,9/10,19.30%,Q99437;Q9UI12;Q9Y5K8;O75787;P27449;P38606;Q15904;Q16864;Q6P5S7
prerank,Sm complex,-0.6654646324549237,-1.7903411908025066,0.011627906976744186,0.004439114412326586,0.274,7/7,33.61%,P62314;P62316;P62308;P62318;P62304;P62306;P14678
prerank,"CRL4-DDB2 E3 ubiquitin ligase complex, CUL4B variant ",-0.8248337028824834,-1.7885973747213733,0.0,0.004549519366229917,0.279,4/4,17.64%,Q92466;Q13620;Q16531;P62877
prerank,"Non-canonical polycomb repressive complex 1.4, RNF2-RYBP variant",-0.9623164311443614,-1.7878889128137347,0.0,0.00456536690300533,0.282,3/3,3.88%,P35226;Q8N488;Q99496
prerank,"CRL4-DCAF4 E3 ubiquitin ligase complex, CUL4B variant ",-0.8248337028824834,-1.7872993994289665,0.00546448087431694,0.0046122713574882615,0.284,4/4,17.64%,Q8WV16;Q13620;Q16531;P62877
prerank,"CRL4-DCAF6 E3 ubiquitin ligase complex, CUL4B variant ",-0.8248337028824834,-1.7866118237259123,0.0,0.0046070948464248624,0.284,4/4,17.64%,Q58WW2;Q13620;Q16531;P62877
prerank,NALCN channelosome complex,-0.8267738359201774,-1.7769365675739541,0.0111731843575419,0.005097230538253245,0.304,4/4,17.44%,Q9P2D8;Q8N2C7;B1AL88;Q8IZF0
prerank,BRCC E3 ubiquitin ligase complex,-0.7057681641708264,-1.7768859704799602,0.0,0.005080182944479823,0.304,6/6,29.57%,Q06609;Q99728;P38398;P51587;P46736;Q9NXR7
prerank,NineTeen Core complex,-0.6826629680998613,-1.77147217183496,0.0,0.005483478169458266,0.327,7/7,31.89%,P11142;Q8WYA6;O75934;Q9UMS4;O43660;Q99459;Q9P013
prerank,"CRL4-DCAF11 E3 ubiquitin ligase complex, CUL4B variant ",-0.8248337028824834,-1.7711037551028284,0.0,0.00552655327663599,0.33,4/4,17.64%,Q8TEB1;Q13620;Q16531;P62877
prerank,"CRL4-DCAF1 E3 ubiquitin ligase complex, CUL4B variant ",-0.8248337028824834,-1.770664036007152,0.0051813471502590676,0.005569343118203265,0.332,4/4,17.64%,Q9Y4B6;Q13620;Q16531;P62877
prerank,"SCF E3 ubiquitin ligase complex, FBXO44 variant",-0.8248337028824834,-1.7705784515458896,0.0,0.005550962447846158,0.332,4/4,17.64%,Q9H4M3;Q13616;P63208;P62877
prerank,"SCF E3 ubiquitin ligase complex, FBXO38 variant",-0.8248337028824834,-1.7696421740793553,0.0,0.005623734374481301,0.337,4/4,17.64%,Q6PIJ6;Q13616;P63208;P62877
prerank,"SCF E3 ubiquitin ligase complex, FBXW2 variant",-0.8248337028824834,-1.76952710589811,0.005263157894736842,0.005605295901122347,0.337,4/4,17.64%,Q9UKT8;Q13616;P63208;P62877
prerank,Eukaryotic translation initiation factor 3 complex,0.6726868574604057,1.768847797861414,0.0,0.005443756264787291,0.271,13/13,32.97%,O00303;O15371;O15372;O75821;O75822;P55884;P60228;Q13347;Q14152;Q7L2H7;Q99613;Q9UBQ5;Q9Y262
prerank,"CRL4-AMBRA1 E3 ubiquitin ligase complex, CUL4B variant ",-0.8248337028824834,-1.768076996901479,0.0,0.005657317590993227,0.34,4/4,17.64%,Q9C0C7;Q13620;Q16531;P62877
prerank,"CRL4-DCAF8 E3 ubiquitin ligase complex, CUL4A variant ",-0.8248337028824834,-1.767400821257678,0.005714285714285714,0.005668937216804248,0.342,4/4,17.64%,Q5TAQ9;Q13619;Q16531;P62877
prerank,"CRL4-DDB2 E3 ubiquitin ligase complex, CUL4A variant ",-0.8248337028824834,-1.7672525121718252,0.0,0.005660514847826503,0.343,4/4,17.64%,Q92466;Q13619;Q16531;P62877
prerank,"SCF E3 ubiquitin ligase complex, FBXL20 variant",-0.8248337028824834,-1.7671723759181714,0.0,0.005662097955578901,0.344,4/4,17.64%,Q96IG2;Q13616;P63208;P62877
prerank,Glutamate decarboxylase 1/2 complex,0.9880853422000553,1.766049832054691,0.0,0.005687941902506622,0.287,3/3,1.27%,CHEBI:18405;Q99259;Q05329
prerank,BAT3 complex,0.9866999168744803,1.7645594126502147,0.0,0.005640331820647904,0.289,3/3,1.41%,P11441;P46379;Q7L5D6
prerank,"CRL4-CDT2 E3 ubiquitin ligase complex, CUL4B variant ",-0.8248337028824834,-1.7645069108298832,0.0,0.005832291523017414,0.353,4/4,17.64%,Q9NZJ0;Q13620;Q16531;P62877
prerank,"CRL4-DCAF6 E3 ubiquitin ligase complex, CUL4A variant ",-0.8248337028824834,-1.7642581673306754,0.0,0.005813538174068805,0.353,4/4,17.64%,Q58WW2;Q13619;Q16531;P62877
prerank,Eukaryotic translation initiation factor 2B complex,0.8480731910174661,1.7638849578422067,0.0,0.005630645784441079,0.293,5/5,15.31%,Q9UI10;P49770;Q13144;Q14232;Q9NR50
prerank,"SCF E3 ubiquitin ligase complex, FBXO2 variant",-0.8248337028824834,-1.7637232987865328,0.0,0.005814615600252295,0.353,4/4,17.64%,Q9UK22;Q13616;P63208;P62877
prerank,"SCF E3 ubiquitin ligase complex, FBXO32 variant",-0.8248337028824834,-1.7632150928826065,0.0,0.005864805112716703,0.355,4/4,17.64%,Q969P5;Q13616;P63208;P62877
prerank,"CRL4-DCAF9 E3 ubiquitin ligase complex, CUL4B variant ",-0.8248337028824834,-1.7631929965423014,0.00546448087431694,0.005846127389427797,0.355,4/4,17.64%,Q8N5D0;Q13620;Q16531;P62877
prerank,Kinetochore CCAN complex,0.6473859844271411,1.760847489872116,0.0,0.005867802814875637,0.31,16/16,35.55%,A8MT69;Q8N2Z9;Q8N0S6;Q03188;Q71F23;Q7L2Z9;Q96BT3;Q6IPU0;Q9BU64;Q5EE01;Q92674;Q13352;Q96H22;Q9BS16;Q9NSP4;Q9H3R5
prerank,"CRL4-DCAF12 E3 ubiquitin ligase complex, CUL4B variant ",-0.8248337028824834,-1.7606821554007102,0.0,0.006013035251243955,0.365,4/4,17.64%,Q5T6F0;Q13620;Q16531;P62877
prerank,Mitochondrial complex I intermediate assembly (MCIA) complex,0.7861896838602328,1.7559259544118089,0.001128668171557562,0.006210482499264373,0.33,6/6,21.51%,Q9Y375;Q8IUX1;Q96B77;Q9BQ95;Q9GZY4;Q9H845
prerank,Myddosome core complex,0.8899667405764966,1.7557894526824158,0.0,0.0060887083326121305,0.33,4/4,11.10%,O43187;P51617;Q99836;Q9NWZ3
prerank,PeBoW complex,0.9767248545303406,1.7549033984716502,0.0,0.006082203302342246,0.334,3/3,2.41%,O00541;Q14137;Q9GZL7
prerank,"SCF E3 ubiquitin ligase complex, FBXO21 variant",-0.8248337028824834,-1.754463123173519,0.0,0.006538916354920066,0.392,4/4,17.64%,O94952;Q13616;P63208;P62877
prerank,"CRL4-DCAF5 E3 ubiquitin ligase complex, CUL4B variant ",-0.8248337028824834,-1.753950358457095,0.0,0.006586187700808684,0.398,4/4,17.64%,Q96JK2;Q13620;Q16531;P62877
prerank,"CRL4-DCAF14 E3 ubiquitin ligase complex, CUL4B variant ",-0.8248337028824834,-1.7539176114914492,0.0,0.00656547641873067,0.398,4/4,17.64%,Q8WWQ0;Q13620;Q16531;P62877
prerank,"SCF E3 ubiquitin ligase complex, FBXO36 variant",-0.8248337028824834,-1.7529469028421474,0.0,0.006641285193959064,0.402,4/4,17.64%,Q8NEA4;Q13616;P63208;P62877
prerank,"SCF E3 ubiquitin ligase complex, FBXW12 variant",-0.8248337028824834,-1.752841557719606,0.0,0.006630140076389375,0.403,4/4,17.64%,Q6X9E4;Q13616;P63208;P62877
prerank,"SCF E3 ubiquitin ligase complex, FBXL6 variant",-0.8248337028824834,-1.7527320999541924,0.0,0.0066286433632022366,0.403,4/4,17.64%,Q8N531;Q13616;P63208;P62877
prerank,"CRL4-DCAF16 E3 ubiquitin ligase complex, CUL4A variant ",-0.8248337028824834,-1.7517474799499673,0.0,0.0066940004587976625,0.411,4/4,17.64%,Q9NXF7;Q13619;Q16531;P62877
prerank,GINS complex,0.8744456762749446,1.7489305286289785,0.0023923444976076554,0.006835436713026826,0.373,4/4,12.65%,Q14691;Q9BRX5;Q9Y248;Q9BRT9
prerank,"SCF E3 ubiquitin ligase complex, FBXO5 variant",-0.8248337028824834,-1.748657202800228,0.0,0.006892227993439631,0.42,4/4,17.64%,Q9UKT4;Q13616;P63208;P62877
prerank,Eukaryotic translation initiation factor 2 complex,0.967303962316431,1.7473136021344255,0.0,0.006900536110293748,0.382,3/3,3.35%,P05198;P20042;P41091
prerank,"SCF E3 ubiquitin ligase complex, FBXL2 variant",-0.8248337028824834,-1.747288402706961,0.0,0.006975348657929778,0.425,4/4,17.64%,Q9UKC9;Q13616;P63208;P62877
prerank,"SCF E3 ubiquitin ligase complex, FBXL13 variant",-0.8248337028824834,-1.7459179192039693,0.0,0.007143107435699769,0.431,4/4,17.64%,Q8NEE6;Q13616;P63208;P62877
prerank,SMG1C protein kinase complex,0.9781102798559156,1.7433845349632098,0.0,0.007402393281951476,0.407,3/3,2.27%,Q8ND04;Q96Q15;Q9H0W8
prerank,"CRL4-DCAF1 E3 ubiquitin ligase complex, CUL4A variant ",-0.8248337028824834,-1.742030407062285,0.0,0.007423021591704012,0.448,4/4,17.64%,Q9Y4B6;Q13619;Q16531;P62877
prerank,"CRL4-DCAF14 E3 ubiquitin ligase complex, CUL4A variant ",-0.8248337028824834,-1.7413583820426157,0.0,0.007456740441362265,0.451,4/4,17.64%,Q8WWQ0;Q13619;Q16531;P62877
prerank,Nuclear pore complex,0.5888268156424574,1.7412565638007003,0.0,0.00765014791989411,0.426,32/32,41.64%,P55735;Q96EE3;P49792;Q92621;Q5SRE5;P35658;Q8WUM0;Q99567;Q9UKX7;P12270;P52948-PRO_0000019929;Q8TEM1;P37198;O15504;P49790;P52948-PRO_0000019930;Q9BTX1;Q9NRG9;Q53GS7;Q9BW27;Q8NFH4;Q8N1F7;Q7Z3B4;Q8NFH5;P57740;O75694;Q8WYP5;Q8NFH3;Q9BVL2;Q96HA1;P78406;Q12769
prerank,"Amiloride-sensitive sodium channel complex, alpha-beta-gamma",0.9631476863397062,1.7390837965965384,0.0,0.007889209412645776,0.437,3/3,3.77%,P37088;P51168;P51170
prerank,"CRL4-DCAF4 E3 ubiquitin ligase complex, CUL4A variant ",-0.8248337028824834,-1.7383542070436424,0.005128205128205128,0.007649620788029311,0.462,4/4,17.64%,Q8WV16;Q13619;Q16531;P62877
prerank,"SCF E3 ubiquitin ligase complex, FBXO39 variant",-0.8248337028824834,-1.7383362185239872,0.006060606060606061,0.007626369661014024,0.462,4/4,17.64%,Q8N4B4;Q13616;P63208;P62877
prerank,"SCF E3 ubiquitin ligase complex, FBXO42 variant",-0.8248337028824834,-1.737775319848363,0.0,0.007649848049490632,0.465,4/4,17.64%,Q6P3S6;Q13616;P63208;P62877
prerank,"Polycomb repressive complex 2.1, EZH2-RBBP4-PCL1-PALI1 variant",-0.7365501941209096,-1.7373545586107095,0.0,0.00766389500488986,0.468,6/6,26.50%,O43189;Q96JN0;Q15910;Q15022;O75530;Q09028
prerank,SF3B complex,-0.6482662968099862,-1.7372999723031441,0.01098901098901099,0.0076500725728620555,0.468,7/7,35.33%,Q7RTV0;Q9Y3B4;Q15427;Q13435;O75533;Q15393;Q9BWJ5
prerank,"SCF E3 ubiquitin ligase complex, TSPAN17 variant",-0.8248337028824834,-1.7361205639280501,0.0,0.007774839805816049,0.475,4/4,17.64%,Q96FV3;Q13616;P63208;P62877
prerank,"SCF E3 ubiquitin ligase complex, FBXO33 variant",-0.8248337028824834,-1.736092430847013,0.0,0.007751561842325581,0.475,4/4,17.64%,Q7Z6M2;Q13616;P63208;P62877
prerank,"SCF E3 ubiquitin ligase complex, FBXO7 variant",-0.8248337028824834,-1.735985533453887,0.0,0.007728422851751475,0.475,4/4,17.64%,Q9Y3I1;Q13616;P63208;P62877
prerank,"SCF E3 ubiquitin ligase complex, FBXO41 variant",-0.8248337028824834,-1.7344331944712674,0.0,0.007860994238258763,0.478,4/4,17.64%,Q8TF61;Q13616;P63208;P62877
prerank,NPHP transition zone complex,0.9733998337489609,1.7340418566241806,0.0,0.008427378870330009,0.459,3/3,2.74%,O15259;O75161;Q68CZ1
prerank,"SCF E3 ubiquitin ligase complex, LMO7 variant",-0.8248337028824834,-1.7338043489242185,0.0,0.007874164552942372,0.479,4/4,17.64%,Q8WWI1;Q13616;P63208;P62877
prerank,"SCF E3 ubiquitin ligase complex, FBXO4 variant",-0.8248337028824834,-1.733473659127465,0.0,0.007869062572440525,0.48,4/4,17.64%,Q9UKT5;Q13616;P63208;P62877
prerank,"SCF E3 ubiquitin ligase complex, FBXO34 variant",-0.8248337028824834,-1.7332951557904046,0.00558659217877095,0.007863990692118628,0.482,4/4,17.64%,Q9NWN3;Q13616;P63208;P62877
prerank,"CRL4-ERCC8 E3 ubiquitin ligase complex, CUL4B variant",-0.8248337028824834,-1.7330386159134887,0.005376344086021506,0.007904166993028903,0.486,4/4,17.64%,Q13216;Q13620;Q16531;P62877
prerank,"SCF E3 ubiquitin ligase complex, FBXL17 variant",-0.8248337028824834,-1.732863196713356,0.0,0.007880987617682775,0.486,4/4,17.64%,Q9UF56;Q13616;P63208;P62877
prerank,"SCF E3 ubiquitin ligase complex, FBXO6 variant",-0.8248337028824834,-1.732608968358889,0.0,0.007875925358985804,0.486,4/4,17.64%,Q9NRD1;Q13616;P63208;P62877
prerank,"SCF E3 ubiquitin ligase complex, FBXO43 variant",-0.8248337028824834,-1.7323017981309596,0.0,0.007888821758191777,0.488,4/4,17.64%,Q4G163;Q13616;P63208;P62877
prerank,ALYREF-binding exon junction complex,-0.7443859162739118,-1.7321391805641342,0.0070921985815602835,0.007883766157567144,0.489,5/5,25.69%,Q86V81;CHEBI:33699;P61326;P38919;Q9Y5S9
prerank,"SCF E3 ubiquitin ligase complex, FBXO11 variant",-0.8248337028824834,-1.7319370434070165,0.0,0.007878739864772218,0.491,4/4,17.64%,Q86XK2;Q13616;P63208;P62877
prerank,"Amiloride-sensitive sodium channel complex, delta-beta-gamma",0.9628706012745911,1.7317178867207395,0.0,0.008703642297305534,0.478,3/3,3.79%,P51168;P51170;P51172
prerank,"SCF E3 ubiquitin ligase complex, FBXO22 variant",-0.8248337028824834,-1.731486273767923,0.006134969325153374,0.007891516311078182,0.493,4/4,17.64%,Q8NEZ5;Q13616;P63208;P62877
prerank,eNoSc complex,0.9517871986699915,1.7309394975485437,0.0,0.008779015384762601,0.489,3/3,4.90%,O43159;O43463;Q96EB6
prerank,"CRL4-CRBN E3 ubiquitin ligase complex, CUL4A variant ",-0.8248337028824834,-1.7301469496808672,0.005319148936170213,0.007975108975484025,0.497,4/4,17.64%,Q96SW2;Q13619;Q16531;P62877
prerank,"SCF E3 ubiquitin ligase complex, FBXW4 variant",-0.8248337028824834,-1.7291602107220325,0.006060606060606061,0.008022878146742032,0.499,4/4,17.64%,P57775;Q13616;P63208;P62877
prerank,"SCF E3 ubiquitin ligase complex, FBXL19 variant",-0.8248337028824834,-1.7284285804253046,0.0,0.008105615375146515,0.504,4/4,17.64%,Q6PCT2;Q13616;P63208;P62877
prerank,"CRL4-AMBRA1 E3 ubiquitin ligase complex, CUL4A variant ",-0.8248337028824834,-1.7282229965156786,0.0,0.008100027031627002,0.505,4/4,17.64%,Q9C0C7;Q13619;Q16531;P62877
prerank,"CRL4-ERCC8 E3 ubiquitin ligase complex, CUL4A variant ",-0.8248337028824834,-1.7272776997830315,0.0,0.008173312775947858,0.506,4/4,17.64%,Q13216;Q13619;Q16531;P62877
prerank,"SCF E3 ubiquitin ligase complex, FBXO27 variant",-0.8248337028824834,-1.7268978094626228,0.0,0.008211240674316223,0.508,4/4,17.64%,Q8NI29;Q13616;P63208;P62877
prerank,"SCF E3 ubiquitin ligase complex, FBXW11 variant",-0.8248337028824834,-1.7268955339024261,0.0,0.008187979369289831,0.508,4/4,17.64%,Q9UKB1;Q13616;P63208;P62877
prerank,"CRL4-CDT2 E3 ubiquitin ligase complex, CUL4A variant ",-0.8248337028824834,-1.7266057793082796,0.005376344086021506,0.00821696554460244,0.51,4/4,17.64%,Q9NZJ0;Q13619;Q16531;P62877
prerank,"CRL4-DCAF17 E3 ubiquitin ligase complex, CUL4A variant ",-0.8248337028824834,-1.7264228046165635,0.0,0.008237126875063542,0.51,4/4,17.64%,Q5H9S7;Q13619;Q16531;P62877
prerank,"CRL4-DCAF5 E3 ubiquitin ligase complex, CUL4A variant ",-0.8248337028824834,-1.7262335814000762,0.005154639175257732,0.008239900515063297,0.511,4/4,17.64%,Q96JK2;Q13619;Q16531;P62877
prerank,"SCF E3 ubiquitin ligase complex, FBXW9 variant",-0.8248337028824834,-1.7254935439120689,0.0,0.008328788800543696,0.518,4/4,17.64%,Q5XUX1;Q13616;P63208;P62877
prerank,"CRL4-DCAF7 E3 ubiquitin ligase complex, CUL4B variant ",-0.8248337028824834,-1.724880572519783,0.0,0.008348468825844675,0.518,4/4,17.64%,P61962;Q13620;Q16531;P62877
prerank,"CRL4-DCAF9 E3 ubiquitin ligase complex, CUL4A variant ",-0.8248337028824834,-1.7241235029626933,0.005555555555555556,0.00837660424814024,0.521,4/4,17.64%,Q8N5D0;Q13619;Q16531;P62877
prerank,"SCF E3 ubiquitin ligase complex, KDM2A variant",-0.8248337028824834,-1.723422424200783,0.0,0.008430207092297989,0.527,4/4,17.64%,Q9Y2K7;Q13616;P63208;P62877
prerank,Commander complex,0.635150166852058,1.7218771596021307,0.0010162601626016261,0.01013398404175653,0.548,16/16,36.77%,Q9UBQ0;O14972;Q9Y6G5;Q9H0A8;Q567U6;Q86VX2;Q9UBI1;Q9P000;Q8TCE6;O60826;Q8N668;Q86X83;Q7Z4G1;Q7Z3J2;Q9NX08;Q9GZQ3
prerank,"CRL4-DCAF10 E3 ubiquitin ligase complex, CUL4A variant ",-0.8248337028824834,-1.7217524243468874,0.0051813471502590676,0.008492030551091037,0.53,4/4,17.64%,Q5QP82;Q13619;Q16531;P62877
prerank,"SCF E3 ubiquitin ligase complex, FBXL3 variant",-0.8248337028824834,-1.7201756652027893,0.0,0.008697911362924455,0.538,4/4,17.64%,Q9UKT7;Q13616;P63208;P62877
prerank,"SCF E3 ubiquitin ligase complex, FBXO40 variant",-0.8248337028824834,-1.7199487735198493,0.005681818181818182,0.00867395017459684,0.538,4/4,17.64%,Q9UH90;Q13616;P63208;P62877
prerank,"CRL4-DCAF11 E3 ubiquitin ligase complex, CUL4A variant ",-0.8248337028824834,-1.719920534585515,0.011363636363636364,0.008650120641150146,0.538,4/4,17.64%,Q8TEB1;Q13619;Q16531;P62877
prerank,PEX2-PEX10-PEX12 E3 ubiquitin ligase complex,0.9573288999722913,1.7185304594961486,0.0,0.0105363024479754,0.565,3/3,4.35%,O00623;O60683;P28328
prerank,SPATA5-SPATA5L1 ATPase complex,0.8747228381374723,1.7184772798797805,0.0,0.010369059551975793,0.565,4/4,12.62%,Q8NB90;Q9BVQ7;Q9BW66;Q9NX04
prerank,"CRL4-DCAF12 E3 ubiquitin ligase complex, CUL4A variant ",-0.8248337028824834,-1.717619358371892,0.011363636363636364,0.008853876158392992,0.546,4/4,17.64%,Q5T6F0;Q13619;Q16531;P62877
prerank,"SCF E3 ubiquitin ligase complex, FBXO46 variant",-0.8248337028824834,-1.7174526309680787,0.0,0.008829685239927436,0.546,4/4,17.64%,Q6PJ61;Q13616;P63208;P62877
prerank,"SCF E3 ubiquitin ligase complex, FBXL4 variant",-0.8248337028824834,-1.7172029339853294,0.0,0.008839139477111927,0.546,4/4,17.64%,Q9UKA2;Q13616;P63208;P62877
prerank,"SCF E3 ubiquitin ligase complex, FBXO25 variant",-0.8248337028824834,-1.7167858230867459,0.0,0.00885689789662601,0.548,4/4,17.64%,Q8TCJ0;Q13616;P63208;P62877
prerank,ESCRT-II complex,0.939595455804932,1.7162997047817041,0.0,0.01057543099194758,0.577,3/3,6.12%,Q86VN1;Q96H20;Q9BRG1
prerank,"SCF E3 ubiquitin ligase complex, FBXO8 variant",-0.8248337028824834,-1.7154066659435665,0.0,0.009057884310008563,0.552,4/4,17.64%,Q9NRD0;Q13616;P63208;P62877
prerank,"SCF E3 ubiquitin ligase complex, FBXL16 variant",-0.8248337028824834,-1.715127739974983,0.0,0.009066645136972418,0.555,4/4,17.64%,Q8N461;Q13616;P63208;P62877
prerank,"SCF E3 ubiquitin ligase complex, FBXO28 variant",-0.8248337028824834,-1.7148865045559913,0.005847953216374269,0.009083646734604016,0.559,4/4,17.64%,Q9NVF7;Q13616;P63208;P62877
prerank,"SCF E3 ubiquitin ligase complex, FBXO47 variant",-0.8248337028824834,-1.7137892907913437,0.0,0.009199745557140563,0.562,4/4,17.64%,Q5MNV8;Q13616;P63208;P62877
prerank,"SCF E3 ubiquitin ligase complex, FBXL14 variant",-0.8248337028824834,-1.7109127130524615,0.0,0.00940590101679018,0.567,4/4,17.64%,Q8N1E6;Q13616;P63208;P62877
prerank,"CRL3 E3 ubiquitin ligase complex, SPOP-SPOPL variant",-0.8248337028824834,-1.7108389435072273,0.01015228426395939,0.00938075154883085,0.567,4/4,17.64%,O43791;Q6IQ16;Q13618;P62877
prerank,"SCF E3 ubiquitin ligase complex, KDM2B variant",-0.8248337028824834,-1.7107646200152435,0.0,0.009372135398416147,0.567,4/4,17.64%,Q8NHM5;Q13616;P63208;P62877
prerank,"SCF E3 ubiquitin ligase complex, FBXL18 variant",-0.8248337028824834,-1.710444894910914,0.0,0.009347209506399083,0.567,4/4,17.64%,Q96ME1;Q13616;P63208;P62877
prerank,"CRL3 E3 ubiquitin ligase complex, KBTBD6-KBTBD7 variant",-0.8248337028824834,-1.706128026139909,0.0051813471502590676,0.009836249791566476,0.582,4/4,17.64%,Q86V97;Q8WVZ9;Q13618;P62877
prerank,"SCF E3 ubiquitin ligase complex, SKP2 variant",-0.8248337028824834,-1.7052792908477103,0.0,0.009883438623189132,0.585,4/4,17.64%,Q13309;Q13616;P63208;P62877
prerank,"SCF E3 ubiquitin ligase complex, FBXO3 variant",-0.8248337028824834,-1.7050989110521004,0.0,0.009881700111557964,0.585,4/4,17.64%,Q9UK99;Q13616;P63208;P62877
prerank,"SCF E3 ubiquitin ligase complex, FBXL8 variant",-0.8248337028824834,-1.70494649980251,0.006211180124223602,0.009871879045852067,0.585,4/4,17.64%,Q96CD0;Q13616;P63208;P62877
prerank,"SCF E3 ubiquitin ligase complex, FBXW5 variant",-0.8248337028824834,-1.702585239069252,0.0,0.010096153050249896,0.595,4/4,17.64%,Q969U6;Q13616;P63208;P62877
prerank,"SCF E3 ubiquitin ligase complex, FBXL21 variant",-0.8248337028824834,-1.7018284021328798,0.005319148936170213,0.010150216722151304,0.597,4/4,17.64%,Q9UKT6;Q13616;P63208;P62877
prerank,"SCF E3 ubiquitin ligase complex, FBXL7 variant",-0.8248337028824834,-1.7013788626079198,0.011299435028248588,0.010171884786662535,0.598,4/4,17.64%,Q9UJT9;Q13616;P63208;P62877
prerank,MPP10 complex,0.9346079246328622,1.6999989230699148,0.005263157894736842,0.0132702617505649,0.657,3/3,6.62%,O00566;Q96G21;Q9NV31
prerank,Intraflagellar transport complex A,0.7595673876871879,1.699901191908196,0.0022935779816513763,0.013069197178586643,0.657,6/6,24.17%,Q96RY7;Q9HBG6;Q9P2L0;Q7Z4L5;Q8NEZ3;Q96FT9
prerank,"DNA replication factor C complex, RAD17 variant",0.8119127337603586,1.6986812055639817,0.0034762456546929316,0.01308012068667621,0.662,4/5,5.07%,P35249;P35250;P40937;P40938
prerank,Non-canonical FBXO45-MYCBP2-SKP1 E3 ubiquitin ligase complex,-0.8897201440842339,-1.6986409124677713,0.004347826086956522,0.01048170695651412,0.612,3/3,11.13%,P0C2W1;O75592;P63208
prerank,"SCF E3 ubiquitin ligase complex, FBXO24 variant",-0.8248337028824834,-1.6975100232116482,0.005780346820809248,0.010614214085024934,0.616,4/4,17.64%,O75426;Q13616;P63208;P62877
prerank,"CRL4-DCAF7 E3 ubiquitin ligase complex, CUL4A variant ",-0.8248337028824834,-1.6970895578979308,0.005319148936170213,0.010618579826479882,0.617,4/4,17.64%,P61962;Q13619;Q16531;P62877
prerank,Mitochondrial isocitrate dehydrogenase complex (NAD+),-0.7985033259423503,-1.6961452341427623,0.00546448087431694,0.010662649718775617,0.622,4/4,20.27%,P51553;O43837;P50213;CHEBI:60240
prerank,"SCF E3 ubiquitin ligase complex, FBXW10 variant",-0.8248337028824834,-1.695904645476772,0.0,0.01067479298717644,0.623,4/4,17.64%,Q5XX13;Q13616;P63208;P62877
prerank,"SCF E3 ubiquitin ligase complex, FBXL5 variant",-0.8248337028824834,-1.6942392909896595,0.0,0.010876581641651839,0.627,4/4,17.64%,Q9UKA1;Q13616;P63208;P62877
prerank,"SCF E3 ubiquitin ligase complex, FBXW7 variant",-0.8248337028824834,-1.6939588662501628,0.0,0.010880229868946668,0.627,4/4,17.64%,Q969H0;Q13616;P63208;P62877
prerank,Mitochondrial 3-oxoacyl-[acyl-carrier-protein] reductase,0.845620842572062,1.6932293038411517,0.0012165450121654502,0.013953289928902799,0.684,4/4,15.53%,CHEBI:57540;CHEBI:58349;Q8N4T8;Q92506
prerank,3M complex,-0.8969243557772237,-1.6928569724157678,0.0038022813688212928,0.010970364098373615,0.63,3/3,10.41%,O75147;Q9H0W5;Q14999
prerank,BRCA1-A complex,-0.6468793342579751,-1.6920947052913535,0.011363636363636364,0.01104435046146849,0.633,7/7,35.47%,Q6UWZ7;Q96RL1;Q9NWV8;P46736;Q9NXR7;CPX-715;CHEBI:29105
prerank,COG tethering complex,0.7067147613762486,1.6914823998285036,0.004366812227074236,0.01411776349134977,0.691,8/8,29.49%,Q96JB2;Q96MW5;Q9H9E3;Q9UP83;Q9Y2V7;P83436;Q14746;Q8WTW3
prerank,"SCF E3 ubiquitin ligase complex, FBXO9 variant",-0.8248337028824834,-1.6914061734443895,0.005747126436781609,0.011110136264009043,0.639,4/4,17.64%,Q9UK97;Q13616;P63208;P62877
prerank,"SCF E3 ubiquitin ligase complex, FBH1 variant",-0.8248337028824834,-1.6895324426587968,0.005494505494505495,0.011308259216582895,0.652,4/4,17.64%,Q8NFZ0;Q13616;P63208;P62877
prerank,"SCF E3 ubiquitin ligase complex, FBXO31 variant",-0.8248337028824834,-1.6882697831818358,0.0,0.011411965924181927,0.658,4/4,17.64%,Q5XUX0;Q13616;P63208;P62877
prerank,ASAP splicing-associated complex,-0.889997229149349,-1.688046072656404,0.009259259259259259,0.011406442128199083,0.659,3/3,11.10%,Q9UKV3;Q15287;O00422
prerank,"DNA replication factor C complex, ATAD5 variant",0.8119127337603586,1.6859085098076965,0.007001166861143524,0.015000451115948076,0.713,4/5,5.07%,P35249;P35250;P40937;P40938
prerank,SOSS2 complex,-0.8919368246051539,-1.6849241341756076,0.0,0.011733990103433612,0.668,3/3,10.91%,Q96AH0;Q9NRY2;Q68E01
prerank,"SCF E3 ubiquitin ligase complex, FBXL22 variant",-0.8248337028824834,-1.6849203902794987,0.005555555555555556,0.011704507716239057,0.668,4/4,17.64%,Q6P050;Q13616;P63208;P62877
prerank,"TIM23 mitochondrial inner membrane pre-sequence translocase complex, TIM17B variant",0.6552777777777777,1.6841912003257773,0.0,0.015202237416691744,0.722,12/12,34.69%,Q9Y5T4;O14925;O43615;P38646;P60602;Q3ZCQ8;Q8TAA5;Q96DA6;Q9BVV7;Q9HAV7;Q9Y3D7;O60830
prerank,"SCF E3 ubiquitin ligase complex, FBXL12 variant",-0.8248337028824834,-1.6840682776036948,0.0,0.011783062498913203,0.67,4/4,17.64%,Q9NXK8;Q13616;P63208;P62877
prerank,"DNA replication factor C complex, RFC1 variant",0.8119127337603586,1.6834185589582724,0.0011792452830188679,0.015158816594140664,0.725,4/5,5.07%,P35249;P35250;P40937;P40938
prerank,"SCF E3 ubiquitin ligase complex, FBXO15 variant",-0.8248337028824834,-1.6830926054489728,0.0,0.011891972983390568,0.675,4/4,17.64%,Q8NCQ5;Q13616;P63208;P62877
prerank,"SCF E3 ubiquitin ligase complex, FBXO17 variant",-0.8248337028824834,-1.6818785498318682,0.0,0.012054015916827176,0.685,4/4,17.64%,Q96EF6;Q13616;P63208;P62877
prerank,"TIM23 mitochondrial inner membrane pre-sequence translocase complex, TIM17A variant",0.655,1.681529524553698,0.0010351966873706005,0.015392291734605004,0.734,12/12,34.72%,Q9Y5T4;O14925;O43615;P38646;P60602;Q3ZCQ8;Q8TAA5;Q96DA6;Q9BVV7;Q9HAV7;Q9Y3D7;Q99595
prerank,Mitochondrial 2-oxoglutarate dehydrogenase complex,-0.6869107043815863,-1.6808197134492713,0.01904761904761905,0.012207603791958982,0.694,6/6,31.45%,P82909;P36957;Q02218;P09622;CHEBI:58937;CHEBI:57692
prerank,GPI-anchor transamidase complex,0.7992791793734406,1.6807066162638118,0.008158508158508158,0.015425184886185911,0.741,5/5,20.18%,Q9H490;O43292;Q92643;Q969N2;Q96S52
prerank,"SCF E3 ubiquitin ligase complex, FBXO30 variant",-0.8248337028824834,-1.6799349097124538,0.0111731843575419,0.012268870707760338,0.695,4/4,17.64%,Q8TB52;Q13616;P63208;P62877
prerank,PAQosome co-chaperone complex,-0.6944829498197949,-1.6783919597989951,0.007575757575757576,0.012413555419246458,0.698,5/5,30.68%,CPX-6143;L0R819;Q96MX6;CPX-6144;P19388
prerank,GPR88-Gi1 signaling complex,0.8522727272727273,1.672410017173329,0.0036540803897685747,0.01696765156897785,0.771,4/4,14.87%,Q9GZN0;P62873;P63096;P63211
prerank,"SCF E3 ubiquitin ligase complex, CCNF variant",-0.8248337028824834,-1.670456521407543,0.0,0.013650804774919992,0.723,4/4,17.64%,P41002;Q13616;P63208;P62877
prerank,"SCF E3 ubiquitin ligase complex, BTRC variant",-0.8248337028824834,-1.668361410609896,0.0,0.013950416815260063,0.73,4/4,17.64%,Q9Y297;Q13616;P63208;P62877
prerank,"SCF E3 ubiquitin ligase complex, FBXL15 variant",-0.8248337028824834,-1.666898222030301,0.00558659217877095,0.014157897664099922,0.739,4/4,17.64%,Q9H469;Q13616;P63208;P62877
prerank,WMM N6-adenosine-methyltransferase complex,0.7923482118103689,1.6642398446564017,0.002364066193853428,0.019422890564829005,0.81,5/5,20.87%,CPX-21210;Q15007;Q5T200;Q69YN4;Q75N03
prerank,CCDC36-MEI4-REC114 meiotic recombination initiation complex,0.9185369908561927,1.6632326686222532,0.0,0.019417092951043016,0.812,3/3,8.22%,A8MW99;Q7Z4M0;Q8IYA8
prerank,"SCF E3 ubiquitin ligase complex, FBXO10 variant",-0.8248337028824834,-1.6627978948706708,0.0,0.014831617698589702,0.749,4/4,17.64%,Q9UK96;Q13616;P63208;P62877
prerank,"SCF E3 ubiquitin ligase complex, FBXO16 variant",-0.8248337028824834,-1.660697931677405,0.0058823529411764705,0.015178770775499268,0.758,4/4,17.64%,Q8IX29;Q13616;P63208;P62877
prerank,Shieldin complex,-0.7832594235033259,-1.6592546066510536,0.01744186046511628,0.01538923711474132,0.763,4/4,21.79%,Q8IYI0;Q6ZNX1;Q86V20;Q9UI95
prerank,"Calcineurin-Calmodulin-AKAP5 complex, gamma-R1 variant",-0.6466999445368831,-1.658499618171537,0.01639344262295082,0.015478977191635379,0.765,6/6,35.47%,P48454;P63098;P24588;CHEBI:29034;CHEBI:29108;CHEBI:29105
prerank,HUSH epigenetic repressor complex,0.9196453311166528,1.657573401081919,0.00130718954248366,0.020952268830614136,0.844,3/3,8.11%,Q8NEY8;Q99549;Q9UK61
prerank,Membrane attack complex,0.6978357380688125,1.648446774049462,0.0010741138560687433,0.024042690688080435,0.888,8/8,30.37%,P01031-PRO_0000005985;P01031-PRO_0000005989;P13671;P07358;P07360;P10643;P02748;P07357
prerank,SOSS1 complex,-0.8919368246051539,-1.6484274385978683,0.00425531914893617,0.017023609978043246,0.787,3/3,10.91%,Q9BQ15;Q9NRY2;Q68E01
prerank,Translocon-associated protein complex,0.8306541019955654,1.6480085563591547,0.006127450980392157,0.023907482398788548,0.889,4/4,17.03%,P43307;P43308;P51571;Q9UNL2
prerank,"RAG guanosine triphosphatase complex, RAGB-RAGD variant",-0.7585920177383592,-1.6467527871173249,0.0058823529411764705,0.017257861189116694,0.795,4/4,24.25%,Q9NQL2;Q5VZM2;CHEBI:58189;CHEBI:37565
prerank,Interleukin-37 receptor-ligand complex,0.8952618453865335,1.6446011429258258,0.0013245033112582781,0.02486180808461801,0.903,3/3,10.55%,Q13478-PRO_0000015448;Q6IA17-PRO_0000099065;Q9NZH6-1
prerank,Hydrogen:potassium-exchanging ATPase complex,0.9163203103352728,1.6434381350719207,0.0,0.02507755805936021,0.905,3/3,8.44%,CHEBI:39128;P20648;P51164
prerank,BTR double Holliday Junction dissolution complex,-0.6466999445368831,-1.6368608015234558,0.008695652173913044,0.018842725336469756,0.822,6/6,35.47%,P54132;Q9H9A7;Q13472;Q96E14;CHEBI:18420;CHEBI:29105
prerank,Actin junctional complex,0.9035743973399832,1.6364464500104632,0.00261437908496732,0.02767835518134892,0.921,3/3,9.72%,P04921;P11171;Q00013
prerank,"Box C/D snoRNA-Guided RNP methyltransferase complex, FBLL1 variant",-0.6522462562396008,-1.6363446620516924,0.01,0.01890105097663061,0.824,6/6,34.91%,A6NHQ2;CHEBI:133335;CHEBI:67040;O00567;Q9Y2X3;P55769
prerank,CST complex,0.9174286505957328,1.6318243741352876,0.0013386880856760374,0.029361507318501873,0.934,3/3,8.33%,Q2NKJ3;Q86WV5;Q9H668
prerank,CCAAT-binding factor complex,0.9110556940980881,1.6292358258164787,0.0,0.03024058471864025,0.94,3/3,8.97%,P23511;P25208;Q13952
prerank,"PtdIns(3,5)P2 regulatory complex",0.9008035466888333,1.623409847151527,0.0013315579227696406,0.03271736742991019,0.958,3/3,9.99%,Q08AM6;Q92562;Q9Y2I7
prerank,"GID E3 ubiquitin ligase complex, RMND5A-RANBP9 variant",0.6614247577354502,1.6213910016482163,0.009503695881731784,0.033306323237327774,0.965,7/9,13.40%,P62699;Q7L5Y9;Q8IUR7;Q8IVV7;Q9H7D7;Q9NWU2;Q9UL63
prerank,Complement component C1q complex,0.9060681629260181,1.6205902988350773,0.0013157894736842105,0.0332676414180923,0.966,3/3,9.47%,P02745;P02746;P02747
prerank,Ragulator complex,0.7793179927917937,1.6188957412714364,0.008073817762399077,0.03385656293814536,0.966,5/5,22.18%,O43504;Q0VGL1;Q6IAA8;Q9UHA4;Q9Y2Q5
prerank,"Exon junction core complex, MAGOH variant",-0.7441796008869179,-1.6165488526278755,0.012048192771084338,0.02292831049828299,0.883,4/4,25.69%,O15234;P61326;P38919;Q9Y5S9
prerank,BRISC-SHMT2 complex,-0.6466999445368831,-1.6155178385867683,0.0,0.023124033536503896,0.887,6/6,35.47%,Q15018;P34897-3;Q9NWV8;P46736;Q9NXR7;CHEBI:29105
prerank,"Septin complex, hexamer variant, SEPT2-SEPT6-SEPT-7",0.8972014408423385,1.6154857455125522,0.0013280212483399733,0.03515439785077427,0.972,3/3,10.35%,Q14141;Q15019;Q16181
prerank,"Short transient receptor potential channel complex,TRPC1-TRPC4-TRPC5 variant",0.8963701856469934,1.6133853649538699,0.005215123859191656,0.03585498341557392,0.973,3/3,10.44%,P48995;Q9UBN4;Q9UL62
prerank,"GID E3 ubiquitin ligase complex, RMND5B-RANBP9 variant",0.6614247577354502,1.6117488028795877,0.007383966244725738,0.03641532914725668,0.977,7/9,13.40%,P62699;Q7L5Y9;Q8IUR7;Q8IVV7;Q9H7D7;Q9NWU2;Q9UL63
prerank,SHOC2-NRAS-PPP1CA complex,-0.6892154144718603,-1.6116472940768267,0.014084507042253521,0.0239367320530571,0.895,5/5,31.20%,P01111;P62136;Q9UQ13;CHEBI:37565;CHEBI:29035
prerank,p53-MDM2-MDM4 transcriptional regulation complex,0.885009697977279,1.609555048126693,0.002607561929595828,0.03736553737858882,0.979,3/3,11.57%,O15151;P04637;Q00987
prerank,ABCB10-ABCB7-FECH ABC transporter ,-0.7486141906873615,-1.6078919973196764,0.01507537688442211,0.024664827418485358,0.899,4/4,25.25%,Q9NRK6;O75027;P22830;CHEBI:190135
prerank,Intron-binding complex ,-0.6831161630163571,-1.6078706957132818,0.006993006993006993,0.024606101638917535,0.899,5/5,31.81%,Q96NB3;Q9ULR0;O60306;Q9UNP9;Q9HCS7
prerank,"GID E3 ubiquitin ligase complex, RMND5A-RANBP10 variant",0.6614247577354502,1.6065495060933892,0.010582010582010581,0.038778810641092266,0.984,7/9,13.40%,P62699;Q7L5Y9;Q8IUR7;Q8IVV7;Q9H7D7;Q9NWU2;Q9UL63
prerank,C5b6 complement complex,0.8983097811027985,1.6064384441545074,0.0026595744680851063,0.03847956846766435,0.984,3/3,10.24%,P01031-PRO_0000005985;P01031-PRO_0000005989;P13671
prerank,"RAG guanosine triphosphatase complex, RAGB-RAGC variant",-0.7585920177383592,-1.6055616104628803,0.0273224043715847,0.025095430537339137,0.903,4/4,24.25%,Q5VZM2;Q9HB90;CHEBI:58189;CHEBI:37565
prerank,RNase H2 complex,0.8852867830423938,1.6043676090707808,0.002631578947368421,0.039282739419536805,0.984,3/3,11.54%,O75792;Q5TBB1;Q8TDP1
prerank,"Calcineurin-Calmodulin-AKAP5 complex, alpha-R1 variant",-0.6466999445368831,-1.6037595277666348,0.03333333333333333,0.025429426599737806,0.906,6/6,35.47%,Q08209;P63098;P24588;CHEBI:29034;CHEBI:29108;CHEBI:29105
prerank,"Calcineurin-Calmodulin-AKAP5 complex, gamma-R2 variant",-0.6466999445368831,-1.6034601308639234,0.024193548387096774,0.0254420011839384,0.908,6/6,35.47%,P48454;Q96LZ3;P24588;CHEBI:29034;CHEBI:29108;CHEBI:29105
prerank,"Phosphatidylinositol 3-kinase complex, class III, ATG14 variant",-0.6892154144718603,-1.6031061964987172,0.02112676056338028,0.025512532445980663,0.91,5/5,31.20%,Q6ZNE5;Q99570;Q14457;Q8NEB9;CHEBI:29035
prerank,Signal recognition particle receptor complex,-0.8725408700471046,-1.6021966890956751,0.009174311926605505,0.02565508115082882,0.914,3/3,12.85%,Q9Y5M8;P08240;CHEBI:15996
prerank,"Exon junction core complex, MAGOHB variant",-0.7441796008869179,-1.600889121338912,0.029239766081871343,0.025854704229300394,0.914,4/4,25.69%,Q96A72;O15234;P38919;Q9Y5S9
prerank,SNIP1/SkIP associated RNA-processing complex,-0.6814527308012198,-1.599963890512232,0.043795620437956206,0.025995783919645,0.918,5/5,31.98%,Q9Y2W1;Q9NYF8;Q8TAD8;Q9H307;Q13573
prerank,"Platelet-activating factor acetylhydrolase IB complex, alpha1-alpha2 variant",0.8880576336935437,1.5997068801479175,0.0013020833333333333,0.0416640616693681,0.989,3/3,11.27%,P43034;Q15102;P68402
prerank,Survival motor neuron complex,0.6625034693311129,1.5981317749307888,0.018162393162393164,0.042166031027696324,0.99,9/9,33.91%,P57678;Q16637;Q8TEQ6;Q8WXD5;Q9H840;Q9NWZ8;Q9UHI6;Q9Y3F4;O14893
prerank,"Cleavage stimulation factor complex, CSTF2T variant",-0.8359656414519258,-1.595902967884277,0.004273504273504274,0.02685462668892698,0.925,3/3,16.50%,Q9H0L4;Q12996;Q05048
prerank,MICOS mitochondrial contact site and cristae organizing system complex,0.6843273231622746,1.5946552002788803,0.015317286652078774,0.04402286462955919,0.99,7/7,31.70%,Q16891;Q5TGZ0;Q5XKP0;Q6UXV4;Q9BRQ6;Q9BUR5;Q9NX63
prerank,"GID E3 ubiquitin ligase complex, RMND5B-RANBP10 variant",0.6614247577354502,1.593864451409025,0.005341880341880342,0.04406567351098416,0.992,7/9,13.40%,P62699;Q7L5Y9;Q8IUR7;Q8IVV7;Q9H7D7;Q9NWU2;Q9UL63
prerank,Mitochondrial ribonuclease P complex,-0.681175492098697,-1.5928797053671186,0.03546099290780142,0.027537446084646307,0.929,5/5,32.00%,O15091;Q7L0Y3;CHEBI:10668;Q99714;CHEBI:18420
prerank,Interferon gamma receptor-ligand complex,0.8919368246051538,1.5911436226769082,0.0026702269692923898,0.04537728778798777,0.994,3/3,10.88%,CPX-6024;P15260;P38484
prerank,SHOC2-HRAS-PPP1CA complex,-0.6892154144718603,-1.5876723201985277,0.02857142857142857,0.028760551007469437,0.937,5/5,31.20%,P62136;P01112;Q9UQ13;CHEBI:37565;CHEBI:29035
prerank,"CRL3 E3 ubiquitin ligase complex, KLHL21 variant ",-0.8246051537822112,-1.5864955121250128,0.004405286343612335,0.02895065300647697,0.939,3/3,17.64%,Q9UJP4;Q13618;P62877
prerank,"RAG guanosine triphosphatase complex, RAGA-RAGD variant",-0.7585920177383592,-1.5862668514552092,0.018633540372670808,0.028961932335832927,0.94,4/4,24.25%,Q7L523;Q9NQL2;CHEBI:58189;CHEBI:37565
prerank,DNA polymerase alpha:primase complex,-0.6734128084280566,-1.5840978593272177,0.02702702702702703,0.029441843030248393,0.942,5/5,32.78%,P09884;P49643;P49642;Q14181;CHEBI:49883
prerank,"CRL3 E3 ubiquitin ligase complex, KBTBD8 variant",-0.8246051537822112,-1.5840832519287906,0.00749063670411985,0.029381089584491277,0.942,3/3,17.64%,Q8NFY9;Q13618;P62877
prerank,"CRL3 E3 ubiquitin ligase complex, KLHL38 variant ",-0.8246051537822112,-1.5833879986923058,0.012048192771084338,0.029490262227495824,0.942,3/3,17.64%,Q2WGJ6;Q13618;P62877
prerank,"Calcineurin-Calmodulin-AKAP5 complex, alpha-R2 variant",-0.6466999445368831,-1.5831305419490962,0.03076923076923077,0.029500200440937915,0.942,6/6,35.47%,Q08209;Q96LZ3;P24588;CHEBI:29034;CHEBI:29108;CHEBI:29105
prerank,RB1-E2F1-DP1 transcriptional repressor complex,-0.8401219174286506,-1.5820314563995987,0.016877637130801686,0.02967896351775055,0.943,3/3,16.09%,Q01094;P06400;Q14186
prerank,"CRL4-DCAF13 E3 ubiquitin ligase complex, CUL4B variant ",-0.7267184035476718,-1.5815849932263835,0.02185792349726776,0.02970246592622958,0.944,4/4,27.44%,Q13620;Q16531;P62877;Q9NV06
prerank,Peroxisomal receptor export module complex,0.8728179551122193,1.5811880893409698,0.0025974025974025974,0.05139320848156684,0.999,3/3,12.79%,O43933;Q13608;Q7Z412
prerank,"Box C/D snoRNA-guided RNP methyltransferase complex, FBL variant",-0.6522462562396008,-1.5801998222838691,0.021505376344086023,0.029978012771525828,0.946,6/6,34.91%,CHEBI:133335;CHEBI:67040;P22087;O00567;Q9Y2X3;P55769
prerank,RB1-E2F3-DP1 transcriptional repressor complex,-0.8401219174286506,-1.5798892613261932,0.012605042016806723,0.0299797638236737,0.946,3/3,16.09%,O00716;P06400;Q14186
prerank,"CRL3 E3 ubiquitin ligase complex, KLHL3 variant ",-0.8246051537822112,-1.5798509481762057,0.015444015444015444,0.029925727386756792,0.946,3/3,17.64%,Q9UH77;Q13618;P62877
prerank,Chaperonin-containing T-complex,0.6625971143174251,1.5797112398785507,0.008639308855291577,0.05192709252576226,1.0,8/8,33.89%,P17987;P40227;P48643;P49368;P50990;P50991;P78371;Q99832
prerank,Ribosome biogenesis complex,0.8706012745912994,1.5773143198845596,0.007947019867549669,0.05300363714204797,1.0,3/3,13.01%,P61328;Q13428;Q14978
prerank,SHOC2-MRAS-PPP1CB complex,-0.6892154144718603,-1.5756635092377256,0.023622047244094488,0.030901522428299934,0.95,5/5,31.20%,P62140;O14807;Q9UQ13;CHEBI:37565;CHEBI:29035
prerank,"Endoplasmic reticulum membrane complex, EMC9 variant",0.6519567027477102,1.5752730052064097,0.010559662090813094,0.05397752690718665,1.0,9/9,34.97%,Q8N766;Q9BV81;Q9NPA0;Q9P0I2;Q15006;Q5J8M3;Q5UCC4;Q8N4V1;Q9Y3B6
prerank,"Oligosaccharyltransferase complex B, TUCS3 variant",0.6595161311913578,1.5752125656603075,0.010893246187363835,0.053527979402726744,1.0,6/8,13.98%,P61165;P61803;P04843;P04844;P0C6T2;P39656
prerank,DUOX1-DUOXA1 dual oxidase complex,-0.6717493762129193,-1.5735867827977397,0.0070921985815602835,0.031387044512508525,0.951,5/5,32.95%,Q1HG43;Q9NRD9;CHEBI:30413;CHEBI:57692;CHEBI:29108
prerank,"CRL3 E3 ubiquitin ligase complex, KLHL2 variant ",-0.8246051537822112,-1.5731125676074935,0.019011406844106463,0.031420232956342706,0.951,3/3,17.64%,O95198;Q13618;P62877
prerank,RB1-E2F2-DP1 transcriptional repressor complex,-0.8401219174286506,-1.5730911570944712,0.012096774193548387,0.03134962569127227,0.951,3/3,16.09%,Q14209;P06400;Q14186
prerank,CIAO1-CIAO2B-CIAO3-MMS19 cytosolic iron-sulfur protein assembly complex,-0.6734128084280566,-1.5729170583344818,0.03870967741935484,0.03134827782137387,0.951,5/5,32.78%,Q9Y3D0;Q96T76;O76071;Q9H6Q4;CHEBI:49883
prerank,"TREX-2 transcription-export complex, CETN3 variant",-0.6517881896312725,-1.5720378020149184,0.014814814814814815,0.03148451305477073,0.951,5/5,34.94%,O15182;Q5JVF3;O60318;P60896;Q9NPA8
prerank,"CRL3 E3 ubiquitin ligase complex, KBTBD13 variant",-0.8246051537822112,-1.571843070323132,0.017467248908296942,0.03145541611810819,0.951,3/3,17.64%,C9JR72;Q13618;P62877
prerank,SHOC2-KRAS-PPP1CA complex,-0.6892154144718603,-1.570053414128739,0.032679738562091505,0.03185103798615872,0.958,5/5,31.20%,P01116;P62136;Q9UQ13;CHEBI:37565;CHEBI:29035
prerank,"Calcineurin-Calmodulin-AKAP5 complex, beta-R1 variant",-0.6466999445368831,-1.569665694413283,0.03418803418803419,0.031937416777629825,0.958,6/6,35.47%,P16298;P63098;P24588;CHEBI:29034;CHEBI:29108;CHEBI:29105
prerank,NuRF chromatin remodeling complex,-0.7361419068736141,-1.5693884659401907,0.021052631578947368,0.031941598388518115,0.958,4/4,26.50%,Q12830;P28370;Q16576;Q09028
prerank,DUOX2-DUOXA2 dual oxidase complex,-0.6717493762129193,-1.5682171211598206,0.048484848484848485,0.03215664706024633,0.958,5/5,32.95%,Q1HG44;Q9NRD8;CHEBI:30413;CHEBI:57692;CHEBI:29108
prerank,"CRL3 E3 ubiquitin ligase complex, KLHL18 variant ",-0.8246051537822112,-1.5680325117216947,0.02109704641350211,0.03215353851423384,0.958,3/3,17.64%,O94889;Q13618;P62877
prerank,"Oligosaccharyltransferase complex B, MAGT1 variant",0.6595161311913578,1.5664624808509897,0.00760043431053203,0.059014631641071374,1.0,6/8,13.98%,P61165;P61803;P04843;P04844;P0C6T2;P39656
prerank,"CRL3 E3 ubiquitin ligase complex, KLHL10 variant ",-0.8246051537822112,-1.5662616069619542,0.023474178403755867,0.03262453910282079,0.958,3/3,17.64%,Q6JEL2;Q13618;P62877
prerank,DNA polymerase epsilon complex,-0.6734128084280566,-1.5651733660632097,0.04081632653061224,0.032769089835107075,0.958,5/5,32.78%,Q9NR33;P56282;Q07864;Q9NRF9;CHEBI:49883
prerank,"CRL3 E3 ubiquitin ligase complex, KLHL17 variant ",-0.8246051537822112,-1.5642998518262152,0.01646090534979424,0.032987180527533,0.96,3/3,17.64%,Q6TDP4;Q13618;P62877
prerank,"RAG guanosine triphosphatase complex, RAGA-RAGC variant",-0.7585920177383592,-1.563890775882319,0.022222222222222223,0.033056293478249205,0.96,4/4,24.25%,Q7L523;Q9HB90;CHEBI:58189;CHEBI:37565
prerank,"CRL3 E3 ubiquitin ligase complex, KBTBD4 variant",-0.8246051537822112,-1.5635561554244095,0.021551724137931036,0.03305125457483946,0.961,3/3,17.64%,Q9NVX7;Q13618;P62877
prerank,"Phosphatidylinositol 3-kinase complex, class III, UVRAG variant",-0.6892154144718603,-1.5629558097192462,0.024,0.033146722842195955,0.963,5/5,31.20%,Q9P2Y5;Q99570;Q14457;Q8NEB9;CHEBI:29035
prerank,"CRL3 E3 ubiquitin ligase complex, KLHL4 variant ",-0.8246051537822112,-1.5627203576733228,0.02857142857142857,0.03313482481024538,0.963,3/3,17.64%,Q9C0H6;Q13618;P62877
prerank,"CRL3 E3 ubiquitin ligase complex, KLHL6 variant ",-0.8246051537822112,-1.56120344457771,0.016129032258064516,0.03345647596407971,0.963,3/3,17.64%,Q8WZ60;Q13618;P62877
prerank,DNA polymerase zeta complex,-0.6734128084280566,-1.5606241395135385,0.013605442176870748,0.03355044720504809,0.964,5/5,32.78%,O60673;P49005;Q15054;Q9UI95;CHEBI:49883
prerank,"TREX-2 transcription-export complex, CETN2 variant",-0.6517881896312725,-1.5594108094508359,0.013793103448275862,0.03377019417253824,0.964,5/5,34.94%,Q5JVF3;O60318;P41208;P60896;Q9NPA8
prerank,"CRL3 E3 ubiquitin ligase complex, KLHL5 variant ",-0.8246051537822112,-1.5592786801381258,0.027559055118110236,0.03374380136829056,0.964,3/3,17.64%,Q96PQ7;Q13618;P62877
prerank,"CRL4-DCAF13 E3 ubiquitin ligase complex, CUL4A variant ",-0.7267184035476718,-1.559257222513524,0.005376344086021506,0.03368445920436588,0.964,4/4,27.44%,Q13619;Q16531;P62877;Q9NV06
prerank,"CRL3 E3 ubiquitin ligase complex, KLHL24 variant ",-0.8246051537822112,-1.558822502357091,0.023809523809523808,0.03371774912269673,0.965,3/3,17.64%,Q6TFL4;Q13618;P62877
prerank,"Exocyst, EXOC6 variant",0.6487001922621267,1.558277048438473,0.018338727076591153,0.06471382398496159,1.0,7/8,24.00%,O00471;O60645;Q8IYI6;Q96A65;Q96KP1;Q9NV70;Q9UPT5
prerank,"Endoplasmic reticulum membrane complex, EMC8 variant",0.6505689703025257,1.558041269109265,0.014846235418875928,0.06429421527228586,1.0,9/9,35.11%,Q8N766;Q9BV81;Q9NPA0;Q9P0I2;Q15006;Q5J8M3;Q5UCC4;Q8N4V1;O43402
prerank,"CRL3 E3 ubiquitin ligase complex, KLHL42 variant ",-0.8246051537822112,-1.5570242147233313,0.01486988847583643,0.034086693529931086,0.965,3/3,17.64%,Q9P2K6;Q13618;P62877
prerank,"CRL3 E3 ubiquitin ligase complex, KLHL32 variant ",-0.8246051537822112,-1.5569438277331062,0.01680672268907563,0.03402699908893406,0.965,3/3,17.64%,Q96NJ5;Q13618;P62877
prerank,"CRL3 E3 ubiquitin ligase complex, KLHL34 variant ",-0.8246051537822112,-1.556652876017617,0.0205761316872428,0.03402000863398236,0.965,3/3,17.64%,Q8N239;Q13618;P62877
prerank,SHOC2-MRAS-PPP1CA complex,-0.6892154144718603,-1.5562697477707508,0.047244094488188976,0.03405884352777856,0.965,5/5,31.20%,O14807;P62136;Q9UQ13;CHEBI:37565;CHEBI:29035
prerank,MTERF4-NSUN4 mitochondiral ribosomal assembly complex,0.8633970628983096,1.5557109269919223,0.0037831021437578815,0.06563350823086213,1.0,3/3,13.73%,CHEBI:15414;Q7Z6M4;Q96CB9
prerank,"Exocyst, EXOC6B variant",0.6487001922621267,1.5544304798740674,0.021436227224008574,0.06606797073166379,1.0,7/8,24.00%,O00471;O60645;Q8IYI6;Q96A65;Q96KP1;Q9NV70;Q9UPT5
prerank,"CRL3 E3 ubiquitin ligase complex, KLHL9 variant ",-0.8246051537822112,-1.5535097813578829,0.02666666666666667,0.03482215912362688,0.968,3/3,17.64%,Q9P2J3;Q13618;P62877
prerank,"CRL3 E3 ubiquitin ligase complex, KBTBD2 variant",-0.8246051537822112,-1.5527950852956198,0.008368200836820083,0.03502850718815591,0.969,3/3,17.64%,Q8IY47;Q13618;P62877
prerank,"CRL3 E3 ubiquitin ligase complex, KLHL30 variant ",-0.8246051537822112,-1.5527852952001562,0.02074688796680498,0.03496095188241278,0.969,3/3,17.64%,Q0D2K2;Q13618;P62877
prerank,"CRL3 E3 ubiquitin ligase complex, KLHL23 variant ",-0.8246051537822112,-1.5524839743589733,0.024,0.034958551822087534,0.969,3/3,17.64%,Q8NBE8;Q13618;P62877
prerank,DNA polymerase delta complex,-0.6734128084280566,-1.551987201967746,0.03759398496240601,0.034956161867279456,0.969,5/5,32.78%,P28340;Q9HCU8;P49005;Q15054;CHEBI:49883
prerank,"Phosphorylase kinase, liver variant",-0.8262676641729011,-1.5508040687406612,0.04081632653061224,0.03530906896362862,0.971,3/3,17.47%,P46019;P15735;Q93100
prerank,Mitochondrial RNase Z complex,-0.6465206542833379,-1.5507698603509128,0.02564102564102564,0.03524149197957837,0.971,5/5,35.47%,Q9BQ52;Q7L0Y3;CHEBI:10668;Q99714;CHEBI:29105
prerank,"CRL3 E3 ubiquitin ligase complex, SPOP variant",-0.8246051537822112,-1.5503736603184595,0.023529411764705882,0.0352706887769988,0.971,3/3,17.64%,O43791;Q13618;P62877
prerank,"CRL3 E3 ubiquitin ligase complex, KLHL7 variant ",-0.8246051537822112,-1.5501097994441284,0.016,0.03528050574913777,0.971,3/3,17.64%,Q8IXQ5;Q13618;P62877
prerank,"CRL3 E3 ubiquitin ligase complex, KLHL40 variant ",-0.8246051537822112,-1.5499827503700319,0.029914529914529916,0.035271064019903285,0.971,3/3,17.64%,Q2TBA0;Q13618;P62877
prerank,TOM40 mitochondrial outer membrane translocase complex,0.676005547850208,1.5499702826696669,0.014161220043572984,0.06899509244801146,1.0,7/7,32.53%,O94826;O96008;Q15388;Q8N4H5;Q96B49;Q9NS69;Q9P0U1
prerank,"CRL3 E3 ubiquitin ligase complex, KLHL36 variant ",-0.8246051537822112,-1.549324870885446,0.03187250996015936,0.03535755076682962,0.971,3/3,17.64%,Q8N4N3;Q13618;P62877
prerank,"CRL3 E3 ubiquitin ligase complex, SPOPL variant",-0.8246051537822112,-1.5489233245320273,0.026923076923076925,0.035443678647586144,0.972,3/3,17.64%,Q6IQ16;Q13618;P62877
prerank,"CRL3 E3 ubiquitin ligase complex, KLHL22 variant ",-0.8246051537822112,-1.5488285581104875,0.030434782608695653,0.03538302857821913,0.972,3/3,17.64%,Q53GT1;Q13618;P62877
prerank,"CRL3 E3 ubiquitin ligase complex, KLHL26 variant ",-0.8246051537822112,-1.5466627069567156,0.029411764705882353,0.03593886924147534,0.974,3/3,17.64%,Q53HC5;Q13618;P62877
prerank,"Little elongation complex, ELL2 variant",0.7758186935637505,1.5451977945275912,0.009592326139088728,0.07225716241154936,1.0,3/4,3.27%,Q659A1;Q8N5P1;Q9Y2F5
prerank,"CRL3 E3 ubiquitin ligase complex, KLHL8 variant ",-0.8246051537822112,-1.5450726539660435,0.023809523809523808,0.036429018859281855,0.976,3/3,17.64%,Q9P2G9;Q13618;P62877
prerank,"CRL3 E3 ubiquitin ligase complex, KLHL28 variant ",-0.8246051537822112,-1.5449137430757067,0.016260162601626018,0.036404676805195414,0.977,3/3,17.64%,Q9NXS3;Q13618;P62877
prerank,"Calcineurin-Calmodulin-AKAP5 complex, beta-R2 variant",-0.6466999445368831,-1.5414991723811784,0.04878048780487805,0.037453790133635,0.979,6/6,35.47%,P16298;Q96LZ3;P24588;CHEBI:29034;CHEBI:29108;CHEBI:29105
prerank,"CRL3 E3 ubiquitin ligase complex, KLHL25 variant ",-0.8246051537822112,-1.5414839891225935,0.027777777777777776,0.0373896423979991,0.979,3/3,17.64%,Q9H0H3;Q13618;P62877
prerank,Telomerase holoenzyme complex,-0.565880721220527,-1.5403145124284334,0.024096385542168676,0.03765273468117206,0.98,7/7,43.55%,Q9NY12;Q9BUR4;O60832;URS00004A7003_9606;Q9NPE3;Q9NX24;O14746
prerank,BRCA1-PALB2-BRCA2 homologous recombination DNA repair complex,-0.8295926849542811,-1.5399677912766911,0.017467248908296942,0.037651194755006216,0.98,3/3,17.14%,Q86YC2;P38398;P51587
prerank,"CRL3 E3 ubiquitin ligase complex, KLHL15 variant ",-0.8246051537822112,-1.5397325398738346,0.024096385542168676,0.037649661101452035,0.98,3/3,17.64%,Q96M94;Q13618;P62877
prerank,"CRL3 E3 ubiquitin ligase complex, KLHL14 variant ",-0.8246051537822112,-1.5394850572304153,0.0379746835443038,0.037666882752820804,0.98,3/3,17.64%,Q9P2G3;Q13618;P62877
prerank,"CRL3 E3 ubiquitin ligase complex, KLHL16 variant ",-0.8246051537822112,-1.5386471348556658,0.027777777777777776,0.03787738195270617,0.98,3/3,17.64%,Q9H2C0;Q13618;P62877
prerank,"Phosphorylase kinase, muscle variant",-0.8262676641729011,-1.5384054329311412,0.034482758620689655,0.03787539974401629,0.98,3/3,17.47%,P46020;Q16816;Q93100
prerank,CSL-NOTCH1-MAML transcriptional activation complex,0.8495428096425601,1.5383342112602982,0.015483870967741935,0.07769660651085863,1.0,3/3,15.12%,P46531;Q06330;Q92585
prerank,"CRL3 E3 ubiquitin ligase complex, KLHL12 variant ",-0.8246051537822112,-1.5382166197689782,0.028,0.037805095598213545,0.98,3/3,17.64%,Q53G59;Q13618;P62877
prerank,"Little elongation complex, ELL variant",0.7758186935637505,1.5363283569366857,0.01437125748502994,0.07850109883731995,1.0,3/4,3.27%,Q659A1;Q8N5P1;Q9Y2F5
prerank,"CRL3 E3 ubiquitin ligase complex, KLHL11 variant ",-0.8246051537822112,-1.5355972469103565,0.024489795918367346,0.03852238469816137,0.982,3/3,17.64%,Q9NVR0;Q13618;P62877
prerank,UFM1 ribosome E3 ligase complex,0.85065114990302,1.53247198704806,0.016581632653061226,0.08118540221140856,1.0,3/3,15.01%,O94874;Q96HY6;Q96JB5
prerank,"CRL3 E3 ubiquitin ligase complex, IPP variant ",-0.8246051537822112,-1.532296698917847,0.034782608695652174,0.03952138086067741,0.983,3/3,17.64%,Q9Y573;Q13618;P62877
prerank,Mitochondrial CCA tRNA nucleotidyltransferase 1 complex,-0.681175492098697,-1.5322094497682248,0.03333333333333333,0.039479067014430984,0.983,5/5,32.00%,Q96Q11;Q7L0Y3;CHEBI:10668;Q99714;CHEBI:18420
prerank,"Muscle-type nicotinic acetylcholine receptor complex, alpha1-beta1-delta-gamma",0.7689637063834753,1.5308127823351567,0.012300123001230012,0.0820691965596047,1.0,3/4,2.13%,P02708-PRO_0000000305;P11230-PRO_0000000315;Q07001
prerank,"CRL3 E3 ubiquitin ligase complex, KEAP1 variant ",-0.8246051537822112,-1.5305127239666092,0.04017857142857143,0.040003828527473334,0.983,3/3,17.64%,Q14145;Q13618;P62877
prerank,"Little elongation complex, ELL3 variant",0.7758186935637505,1.5303724279617223,0.018094089264173704,0.08182690807058074,1.0,3/4,3.27%,Q659A1;Q8N5P1;Q9Y2F5
prerank,"SMC5-SMC6 SUMO ligase complex, EID3 variant",0.6445615982241951,1.5301561633294736,0.020719738276990186,0.08136157317157972,1.0,8/8,35.69%,Q96MG7;Q96SB8;Q9BQI6;Q8IX21;Q8IY18;Q8WV22;Q96MF7;Q8N140
prerank,"CRL3 E3 ubiquitin ligase complex, KLHL35 variant ",-0.8246051537822112,-1.530080371540445,0.028925619834710745,0.04005296446842806,0.983,3/3,17.64%,Q6PF15;Q13618;P62877
prerank,"CRL3 E3 ubiquitin ligase complex, KLHL13 variant ",-0.8246051537822112,-1.5298293902167535,0.031496062992125984,0.040058942315802905,0.984,3/3,17.64%,Q9P2N7;Q13618;P62877
prerank,C-to-U editosome complex,-0.6465206542833379,-1.529180327868852,0.03597122302158273,0.040181275040003975,0.984,5/5,35.47%,P41238;Q99729;O60506-1;Q9NQ94;CHEBI:29105
prerank,"CRL3 E3 ubiquitin ligase complex, KLHL1 variant ",-0.8246051537822112,-1.5283629697366312,0.016877637130801686,0.040315347385864925,0.985,3/3,17.64%,Q9NR64;Q13618;P62877
prerank,"Casein kinase II complex, CSNK2A1-CNSK2A2 variant",0.853699085619285,1.5266742958799633,0.006501950585175552,0.08374567296075941,1.0,3/3,14.70%,P19784;P67870;P68400
prerank,"SMC5-SMC6 SUMO ligase complex, NSE4EA variant",0.6442841287458377,1.526636606922602,0.0183585313174946,0.08311058918513572,1.0,8/8,35.71%,Q96MG7;Q96SB8;Q9BQI6;Q8IX21;Q8IY18;Q8WV22;Q96MF7;Q9NXX6
prerank,RNA polymerase I selectivity factor 1 complex,-0.6492930413085667,-1.5262829490148226,0.05673758865248227,0.0409125551895718,0.987,5/5,35.19%,Q9H5J8;Q53T94;Q15572;Q15573;P20226
prerank,"CRL3 E3 ubiquitin ligase complex, KLHL29 variant ",-0.8246051537822112,-1.5259524329797427,0.016877637130801686,0.04093504994903443,0.987,3/3,17.64%,Q96CT2;Q13618;P62877
prerank,"CRL3 E3 ubiquitin ligase complex, ENC1 variant ",-0.8246051537822112,-1.5223668170370244,0.024193548387096774,0.04203912154295625,0.988,3/3,17.64%,O14682;Q13618;P62877
prerank,"CRL3 E3 ubiquitin ligase complex, KLHL31 variant ",-0.8246051537822112,-1.521163997849671,0.02586206896551724,0.042350415370598984,0.988,3/3,17.64%,Q9H511;Q13618;P62877
prerank,"CRL3 E3 ubiquitin ligase complex, KLHL20 variant ",-0.8246051537822112,-1.5203674642902152,0.017937219730941704,0.04253337379143046,0.988,3/3,17.64%,Q9Y2M5;Q13618;P62877
prerank,"Muscle-type nicotinic acetylcholine receptor complex, alpha1-beta1-delta-epsilon",0.7689637063834753,1.5197214839150324,0.022031823745410038,0.08872656539629066,1.0,3/4,2.13%,P02708-PRO_0000000305;P11230-PRO_0000000315;Q07001
prerank,"CRL3 E3 ubiquitin ligase complex, KBTBD3 variant",-0.8246051537822112,-1.5188472149855232,0.03765690376569038,0.04285455535038864,0.991,3/3,17.64%,Q8NAB2;Q13618;P62877
prerank,BRISC complex,-0.6465206542833379,-1.518071308774135,0.006944444444444444,0.04306595334188059,0.992,5/5,35.47%,Q15018;Q9NWV8;P46736;Q9NXR7;CHEBI:29105
prerank,PSAP splicing-associated complex,-0.8057633693543919,-1.5169153967059184,0.02631578947368421,0.043408904857038896,0.992,3/3,19.52%,Q15287;O00422;Q9H307
prerank,"CRL3 E3 ubiquitin ligase complex, KLHL41 variant ",-0.8246051537822112,-1.5129370342168182,0.026200873362445413,0.04481350113226224,0.992,3/3,17.64%,O60662;Q13618;P62877
prerank,"Calcineurin-Calmodulin complex, gamma-R1 variant",-0.6465206542833379,-1.511068402817572,0.05442176870748299,0.04536149400061229,0.993,5/5,35.47%,P48454;P63098;CHEBI:29034;CHEBI:29108;CHEBI:29105
prerank,MRN double-strand break repair complex,-0.6465206542833379,-1.5101564324071912,0.05442176870748299,0.045524494202964554,0.993,5/5,35.47%,P49959;Q92878;O60934;CHEBI:29035;CHEBI:29105
prerank,Retention and splicing complex,-0.8060404544195069,-1.509402113587252,0.029535864978902954,0.04560924388330463,0.994,3/3,19.49%,Q9Y388;Q9BRD0;Q8TAD8
prerank,NELF negative elongation factor complex ,0.7635809312638582,1.508219411540353,0.02345679012345679,0.09932377348454652,1.0,4/4,23.73%,Q8WX92;Q9H3P2;P18615;Q8IXH7
prerank,"Actin-related protein 2/3 complex, ARPC1A-ACTR3-ARPC5 variant",0.6507628294036061,1.5079562854319337,0.02062975027144408,0.09881493510627634,1.0,7/7,35.05%,O15144;O15145;P59998;P61160;P61158;Q92747;O15511
prerank,SHOC2-MRAS-PPP1CC complex,-0.6892154144718603,-1.5055939788445887,0.030534351145038167,0.04695697454393734,0.994,5/5,31.20%,P36873;O14807;Q9UQ13;CHEBI:37565;CHEBI:29035
prerank,Ribonuclease MRP complex,-0.4826533444351929,-1.5037568786498128,0.08928571428571429,0.04758579385075897,0.994,9/9,51.88%,Q969H6;Q99575;P78346;Q9BUL9;O75817;O75818;P78345;O95707;URS000075C8FA_9606
prerank,"Actin-related protein 2/3 complex, ARPC1A-ACTR3-ARPC5L variant",0.6510402219140083,1.5035245396942098,0.01978021978021978,0.10266157589154352,1.0,7/7,35.02%,O15144;O15145;P59998;P61160;Q9BPX5;P61158;Q92747
prerank,"Actin-related protein 2/3 complex, ARPC1A-ACTR3B-ARPC5 variant",0.6499306518723995,1.5020967662549878,0.01864035087719298,0.103293540862618,1.0,7/7,35.13%,O15144;O15145;P59998;P61160;Q92747;O15511;Q9P1U1
prerank,"TRAPP II complex, TRAPPC2B variant",0.5938367573570237,1.5019615298352524,0.015806111696522657,0.10264321068520274,1.0,10/10,40.78%,O43617;Q8IUR0;Q9UL33;Q9Y296;Q9Y5R8;P0DI82;P48553;Q86SZ2;A5PLN9;Q96Q05
prerank,Chromosomal passenger complex,-0.6465206542833379,-1.5006039252504055,0.04918032786885246,0.048615833227578974,0.994,5/5,35.47%,O15392;Q96GD4;Q53HL2;Q9NQS7;CHEBI:29105
prerank,"Actin-related protein 2/3 complex, ARPC1B-ACTR3B-ARPC5L variant",0.6499306518723995,1.5002039958699516,0.021111111111111112,0.10371919087132277,1.0,7/7,35.13%,O15144;O15145;P59998;P61160;Q9BPX5;Q92747;Q9P1U1
prerank,Methylcrotonyl-CoA carboxylase complex,-0.8063175394846218,-1.5001699890451508,0.04310344827586207,0.04868212427036742,0.994,3/3,19.46%,Q96RQ3;Q9HCC0;CHEBI:57586
prerank,Cyclin-dependent protein kinase-activating kinase complex,-0.7811027985591578,-1.4997229598920991,0.03319502074688797,0.04875998668442077,0.994,3/3,21.98%,P51946;P51948;P50613
prerank,Fukutin-FKRP-TMEM5 multienzyme complex,0.828207259628706,1.4985789707708177,0.018691588785046728,0.10468041955944968,1.0,3/3,17.25%,O75072;Q9H9S5;Q9Y2B1
prerank,"Actin-related protein 2/3 complex, ARPC1B-ACTR3-ARPC5L variant",0.650485436893204,1.4984850730879062,0.022050716648291068,0.1039548071333419,1.0,7/7,35.08%,O15144;O15145;P59998;P61160;Q9BPX5;P61158;O15143
prerank,"Actin-related protein 2/3 complex, ARPC1B-ACTR3B-ARPC5 variant",0.6499306518723993,1.4979781367911338,0.02841530054644809,0.10360461404271823,1.0,7/7,35.13%,O15144;O15145;P59998;P61160;O15511;O15143;Q9P1U1
prerank,"TRAPP II complex, TRAPPC2 variant",0.5938367573570237,1.4977253671748132,0.018907563025210083,0.10306368895033428,1.0,10/10,40.78%,O43617;Q8IUR0;Q9UL33;Q9Y296;Q9Y5R8;P0DI81;P48553;Q86SZ2;A5PLN9;Q96Q05
prerank,"COPI vesicle coat complex, COPG1-COPZ1 variant",0.6449375866851593,1.4963602821733843,0.031487513572204126,0.10376746030516915,1.0,7/7,35.63%,P35606;P48444;P53618;P53621;O14579;Q9Y678;P61923
prerank,"Actin-related protein 2/3 complex, ARPC1B-ACTR3-ARPC5 variant",0.6504854368932038,1.4951208786437802,0.024149286498353458,0.10424615870102968,1.0,7/7,35.08%,O15144;O15145;P59998;P61160;P61158;O15511;O15143
prerank,"Calcineurin-Calmodulin complex, gamma-R2 variant",-0.6465206542833379,-1.4946700850087695,0.039473684210526314,0.050572684916592336,0.994,5/5,35.47%,P48454;Q96LZ3;CHEBI:29034;CHEBI:29108;CHEBI:29105
prerank,"Calcineurin-Calmodulin complex, beta-R1 variant",-0.6465206542833379,-1.4938948889041757,0.0738255033557047,0.05073498493237087,0.994,5/5,35.47%,P16298;P63098;CHEBI:29034;CHEBI:29108;CHEBI:29105
prerank,HBO1-5.3 histone acetyltransferase complex,-0.6465206542833379,-1.4928194990760164,0.012578616352201259,0.050984853042878524,0.994,5/5,35.47%,Q92613;O95251;Q8WYH8;Q9HAF1;CHEBI:29105
prerank,"Calcineurin-Calmodulin complex, alpha-R1 variant",-0.6465206542833379,-1.492216882574174,0.06802721088435375,0.05111640686396978,0.994,5/5,35.47%,Q08209;P63098;CHEBI:29034;CHEBI:29108;CHEBI:29105
prerank,Calprotectin heterodimer,-0.6465206542833379,-1.491930146572188,0.034482758620689655,0.05107988228356454,0.994,5/5,35.47%,P05109;P06702;CHEBI:29035;CHEBI:29108;CHEBI:29105
prerank,Calprotectin heterotetramer,-0.6465206542833379,-1.491930146572188,0.034482758620689655,0.05107988228356454,0.994,5/5,35.47%,P05109;P06702;CHEBI:29035;CHEBI:29108;CHEBI:29105
prerank,HBO1-5.2 histone acetyltransferase complex,-0.6465206542833379,-1.4889082191017733,0.026845637583892617,0.05213821233461747,0.995,5/5,35.47%,Q9NQC1;O95251;Q8WYH8;Q9HAF1;CHEBI:29105
prerank,HBO1-4.2 histone acetyltransferase complex,-0.6465206542833379,-1.4870372266646803,0.021897810218978103,0.052814001188208386,0.995,5/5,35.47%,Q9NQC1;Q9UNL4;O95251;Q9HAF1;CHEBI:29105
prerank,HBO1-5.1 histone acetyltransferase complex,-0.6465206542833379,-1.4858800758192043,0.031446540880503145,0.053080355433626714,0.995,5/5,35.47%,Q6IE81;O95251;Q8WYH8;Q9HAF1;CHEBI:29105
prerank,HBO1-4.1 histone acetyltransferase complex,-0.6465206542833379,-1.4858393948335062,0.06040268456375839,0.05298600541879282,0.995,5/5,35.47%,Q6IE81;Q9UNL4;O95251;Q9HAF1;CHEBI:29105
prerank,Mitochondrial electron transfer flavoprotein complex,-0.686529933481153,-1.4840936980349808,0.0213903743315508,0.0535695195582221,0.995,4/4,31.45%,P38117;CHEBI:456215;P13804;CHEBI:57692
prerank,"TRAPP III complex, TRAPPC2B variant",0.5932815102720709,1.4828543189360468,0.022483940042826552,0.1162569950976835,1.0,10/10,40.84%,O43617;Q8IUR0;Q9UL33;Q9Y296;Q9Y5R8;P0DI82;Q9Y2L5;Q8WVT3;O75865;Q7Z392
prerank,N-acetylglucosamine-1-phosphotransferase complex,0.8113050706566916,1.4786874798928444,0.02680965147453083,0.12006594570337088,1.0,3/3,18.94%,Q3T906-PRO_0000225008;Q3T906-PRO_0000225009;Q9UJJ9
prerank,"TRAPP III complex, TRAPPC2 variant",0.5932815102720709,1.4784742367886594,0.027659574468085105,0.11944139632270007,1.0,10/10,40.84%,O43617;Q8IUR0;Q9UL33;Q9Y296;Q9Y5R8;P0DI81;Q9Y2L5;Q8WVT3;O75865;Q7Z392
prerank,"Calcineurin-Calmodulin complex, beta-R2 variant",-0.6465206542833379,-1.4780496581504134,0.07741935483870968,0.05595413410005496,0.996,5/5,35.47%,P16298;Q96LZ3;CHEBI:29034;CHEBI:29108;CHEBI:29105
prerank,LUBAC ubiquitin ligase complex,0.8226655583264062,1.4764437173514053,0.01963350785340314,0.1207593819301406,1.0,3/3,17.80%,Q96EP0;Q9BYM8;Q9H0F6
prerank,"miRNA RISC complex, TNRC6C variant",0.6993273313586155,1.4727348642805393,0.030373831775700934,0.1240276214548001,1.0,4/5,14.37%,Q9H9G7;Q9HCK5;Q9UKV8;Q9UL18
prerank,Histone pre-RNA core cleavage complex,-0.6465206542833379,-1.472259400489911,0.013333333333333334,0.05830672496577092,0.997,5/5,35.47%,P33240;Q92797;Q9UKF6;Q9P2I0;CHEBI:29105
prerank,ISCA2-IBA57 mitochondrial iron-sulfur protein assembly complex,-0.7752840121917429,-1.4713632173261955,0.04938271604938271,0.05866394580535631,0.997,3/3,22.56%,Q5T440;CHEBI:49601;Q86U28
prerank,Mitochondrial transcription initiation complex,0.8234968135217511,1.4712497088456802,0.023076923076923078,0.1248873812104056,1.0,3/3,17.72%,O00411;Q00059;Q9H5Q4
prerank,"Dynein-2 complex, light-chain variant 8",-0.4897336293007769,-1.471238338269653,0.02702702702702703,0.05861176735659226,0.997,8/8,51.16%,P63167;Q8TCX1;Q8WW35;Q8WVS4;Q8NCM8;Q96EX3;Q8TF09;P51808
prerank,"miRNA RISC complex, TNRC6A variant",0.6993273313586155,1.4711522480301467,0.025670945157526253,0.12410769170942616,1.0,4/5,14.37%,Q9H9G7;Q9HCK5;Q9UKV8;Q9UL18
prerank,"miRNA RISC complex, TNRC6B variant",0.6993273313586155,1.4699375861960897,0.027972027972027972,0.12467130557013106,1.0,4/5,14.37%,Q9H9G7;Q9HCK5;Q9UKV8;Q9UL18
prerank,Hydride transfer complex,0.8185092823496813,1.4696366860760979,0.02266666666666667,0.12412118157361705,1.0,3/3,18.22%,P11498;P40925;P48163
prerank,"Calcineurin-Calmodulin complex, alpha-R2 variant",-0.6465206542833379,-1.4689162934331343,0.07792207792207792,0.05944322861479274,0.997,5/5,35.47%,Q08209;Q96LZ3;CHEBI:29034;CHEBI:29108;CHEBI:29105
prerank,"CoREST transcriptional corepressor complex, RCOR3-HDAC2 variant",-0.686529933481153,-1.4683919500403726,0.04597701149425287,0.05946423097146567,0.997,4/4,31.45%,Q9P2K3;O60341;Q92769;CHEBI:57692
prerank,Oligosaccharyltransferase complex A,0.6003330557868444,1.4654959189634222,0.024287222808870117,0.12811116837635053,1.0,9/9,40.12%,P61165;P61803;P04843;P04844;P0C6T2;P39656;Q8N6L1;P46977;Q9NRP0
prerank,SMARCA3 - Annexin A2 - S100-A10 complex,-0.7788861180382378,-1.4652626795452122,0.038461538461538464,0.060502484002937715,0.997,3/3,22.20%,Q14527;P60903;P07355
prerank,"Ribonucleoside-diphosphate reductase RR1 complex, RRM2B variant",-0.6809866962305987,-1.4616252566237204,0.04891304347826087,0.06191339646607309,0.997,4/4,32.00%,Q7LG56;P23921;CHEBI:29034;CHEBI:18420
prerank,KICSTOR complex,0.7458425720620843,1.46159787169934,0.02567237163814181,0.13172488902494647,1.0,4/4,25.50%,Q969R8;Q96MD2;Q9Y664;Q5T011
prerank,GTPase HRAS - Son of sevenless homolog 1 complex,-0.7799944582986977,-1.4607510142466271,0.045454545454545456,0.06219163921788492,0.997,3/3,22.09%,Q07889;CHEBI:15996;P01112
prerank,CPAP-STIL complex,0.8151842615683014,1.4581880559161446,0.03851261620185923,0.1349661363535593,1.0,3/3,18.55%,Q15468;Q6UVJ0;Q9HC77
prerank,"CoREST transcriptional corepressor complex, RCOR2-HDAC2 variant",-0.686529933481153,-1.4579445564807934,0.0546448087431694,0.06318499159728527,0.997,4/4,31.45%,Q8IZ40;O60341;Q92769;CHEBI:57692
prerank,"CoREST transcriptional corepressor complex, RCOR3-HDAC1 variant",-0.686529933481153,-1.4577612491626126,0.05851063829787234,0.06317620398153662,0.997,4/4,31.45%,Q9P2K3;O60341;Q13547;CHEBI:57692
prerank,HBO1-4.3 histone acetyltransferase complex,-0.6465206542833379,-1.4478700434609357,0.05223880597014925,0.06714832873799362,0.998,5/5,35.47%,Q92613;Q9UNL4;O95251;Q9HAF1;CHEBI:29105
prerank,AP-5 Adaptor complex,0.733370288248337,1.4470959744126786,0.0472636815920398,0.14766912563916026,1.0,4/4,26.74%,O43299;Q2VPB7;Q9H0R1;Q9NUS5
prerank,CHRAC chromatin remodeling complex,-0.6807095343680709,-1.4451087772632685,0.07291666666666667,0.06824013737617131,0.999,4/4,32.03%,Q9NRL2;Q9NRG0;Q9NRF9;O60264
prerank,AP-4 Adaptor complex,0.7344789356984479,1.4447360936547464,0.04523227383863081,0.1496709186399918,1.0,4/4,26.63%,O00189;Q9UPM8;Q9Y587;Q9Y6B7
prerank,"CoREST transcriptional corepressor complex, RCOR2-HDAC1 variant",-0.686529933481153,-1.4445039512520228,0.04591836734693878,0.06832367723447444,0.999,4/4,31.45%,Q8IZ40;O60341;Q13547;CHEBI:57692
prerank,"Ribonucleoside-diphosphate reductase RR1 complex, RRM2 variant",-0.6809866962305987,-1.443178754381234,0.04918032786885246,0.06876733277935185,0.999,4/4,32.00%,P31350;P23921;CHEBI:29034;CHEBI:18420
prerank,"Methyltransferase complex, METTL3-METTL14",-0.7711277362150181,-1.4418206409972472,0.06870229007633588,0.06922623006394629,1.0,3/3,22.98%,Q86U44;Q9HCE5;CHEBI:67040
prerank,MSL histone acetyltransferase complex,-0.6873614190687362,-1.4403987496831967,0.09696969696969697,0.06964978632664452,1.0,4/4,31.37%,Q8N5Y2;Q9HCI7;Q68DK7;Q9H7Z6
prerank,RFX gene regulatory complex,0.8007758381823219,1.4401072147195617,0.0364321608040201,0.15462526804190102,1.0,3/3,19.99%,O00287;O14593;P48382
prerank,Mitochondrial propionyl-CoA carboxylase complex,-0.6809866962305987,-1.4378847819471425,0.05,0.07067108681091304,1.0,4/4,32.00%,P05165;P05166;CHEBI:57586;CHEBI:18420
prerank,"XPC complex, RAD23B variant",-0.7639235245220283,-1.4356741630271617,0.034782608695652174,0.07144827630145452,1.0,3/3,23.70%,P54727;Q01831;P41208
prerank,BRCA1-B complex,-0.6732261640798226,-1.435652978362543,0.07608695652173914,0.07131860610852993,1.0,4/4,32.78%,Q9BX63;Q92547;CPX-715;CHEBI:49883
prerank,"ERF1-ERF3 translation release factor complex, GSPT1 variant",-0.7583818232197285,-1.432993632510477,0.05394190871369295,0.07237032545469504,1.0,3/3,24.25%,P15170;P62495;CHEBI:37565
prerank,Pyruvate dehydrogenase E1 heterotetramer,-0.6809866962305987,-1.4318949117119055,0.05747126436781609,0.07278436656964599,1.0,4/4,32.00%,P08559;P11177;CHEBI:58937;CHEBI:18420
prerank,C9orf72-SMCR8 complex,0.7935716264893322,1.4303652066634862,0.028,0.16679745867931706,1.0,3/3,20.71%,Q8TEV9;Q96LT7-1;Q9HAD4
prerank,"COPI vesicle coat complex, COPG2-COPZ1 variant",0.6141470180305131,1.430236619904061,0.04026115342763874,0.16586801892044384,1.0,7/7,38.70%,P35606;P48444;P53618;P53621;O14579;P61923;Q9UBF2
prerank,Hemoglobin Portland-2 complex,-0.7520088667220838,-1.4276729559748425,0.03524229074889868,0.07460668061053816,1.0,3/3,24.89%,P68871;P02008;CHEBI:30413
prerank,AHNAK - Annexin A2 - S100-A10 complex,-0.6715631929046563,-1.4260192786326198,0.08411214953271028,0.0753199148409044,1.0,4/4,32.95%,Q09666;P60903;P07355;CHEBI:29108
prerank,"ERF1-ERF3 translation release factor complex, GSPT2 variant",-0.7583818232197285,-1.425888957502947,0.04741379310344827,0.07522868977927195,1.0,3/3,24.25%,Q8IYD1;P62495;CHEBI:37565
prerank,"Soluble guanylate cyclase complex, SGCalpha2-SGCbeta1 variant",-0.7520088667220838,-1.4246184994938318,0.0625,0.07578919625009735,1.0,3/3,24.89%,P33402;Q02153;CHEBI:30413
prerank,"XPC complex, RAD23A variant",-0.7639235245220283,-1.4242827081732858,0.0603448275862069,0.07584072962139897,1.0,3/3,23.70%,P54725;Q01831;P41208
prerank,"CoREST transcriptional corepressor complex, RCOR1-HDAC2 variant",-0.686529933481153,-1.4234973940959257,0.07471264367816093,0.07595808607698915,1.0,4/4,31.45%,Q9UKL0;O60341;Q92769;CHEBI:57692
prerank,CMG helicase complex,0.7802715433638125,1.423466648615418,0.04842931937172775,0.17400397908818566,1.0,3/3,22.04%,CPX-2940;CPX-787;O75419
prerank,Caspase-2 PIDDosome,0.7910778609032972,1.42316556762345,0.05154639175257732,0.17329140437762192,1.0,3/3,20.96%,P42575;P78560;Q9HB75
prerank,Catalase complex,-0.7520088667220838,-1.4208040842373961,0.05371900826446281,0.07710729365858053,1.0,3/3,24.89%,P04040;CHEBI:16474;CHEBI:30413
prerank,Coagulation factor VIIa - tissue factor complex,-0.6715631929046563,-1.4184813725931693,0.06593406593406594,0.07803316377487864,1.0,4/4,32.95%,P08709-PRO_0000027731;P08709-PRO_0000027730;P13726-PRO_0000033638;CHEBI:29108
prerank,Hemoglobin HbF Variant 2 complex,-0.7520088667220838,-1.414469255943401,0.044534412955465584,0.08001169197142151,1.0,3/3,24.89%,P69892;P69905;CHEBI:30413
prerank,"Soluble guanylate cyclase complex, SGCalpha1-SGCbeta1 variant",-0.7520088667220838,-1.4123509929393914,0.07203389830508475,0.08089634499362477,1.0,3/3,24.89%,Q02108;Q02153;CHEBI:30413
prerank,Embryonic hemoglobin Gower-1 complex,-0.7520088667220838,-1.4111378505174426,0.08256880733944955,0.0812980974974763,1.0,3/3,24.89%,P02100;P02008;CHEBI:30413
prerank,Hemoglobin Portland-1 Variant 2 complex,-0.7520088667220838,-1.4100771428894137,0.06956521739130435,0.08161135253910794,1.0,3/3,24.89%,P69892;P02008;CHEBI:30413
prerank,"CoREST transcriptional corepressor complex, RCOR1-HDAC1 variant",-0.686529933481153,-1.4081359096648338,0.05789473684210526,0.08231464736002607,1.0,4/4,31.45%,Q9UKL0;O60341;Q13547;CHEBI:57692
prerank,Hemoglobin HbA complex,-0.7520088667220838,-1.4055107020121256,0.058577405857740586,0.08348726343154823,1.0,3/3,24.89%,P68871;P69905;CHEBI:30413
prerank,Hemoglobin E complex,-0.7520088667220838,-1.404174532983625,0.04897959183673469,0.08400072142505323,1.0,3/3,24.89%,P02100;P69905;CHEBI:30413
prerank,Hemoglobin Portland-1 Variant 1 complex,-0.7520088667220838,-1.4037990796044253,0.06172839506172839,0.08398819149160229,1.0,3/3,24.89%,P69891;P02008;CHEBI:30413
prerank,Hemoglobin HbA2 complex,-0.7520088667220838,-1.3996361980756917,0.06276150627615062,0.08615507117011113,1.0,3/3,24.89%,P02042;P69905;CHEBI:30413
prerank,"COPI vesicle coat complex, COPG1-COPZ2 variant",0.6049930651872399,1.399416090763397,0.05537459283387622,0.20930879389957022,1.0,7/7,39.62%,P35606;P48444;P53618;P53621;O14579;Q9Y678;Q9P299
prerank,Glycosylphosphatidylinositol-N-acetylglucosaminyltransferase complex,0.606102635228849,1.3992309132275005,0.05966850828729282,0.20824408193919267,1.0,7/7,39.51%,O94777;Q14442;P57054;Q3MUY2;Q9BRB3;P37287;Q92535
prerank,Chromatin assembly factor 1 complex,-0.7359379329454143,-1.3969800130871626,0.07874015748031496,0.08736121218042271,1.0,3/3,26.50%,Q13112;Q13111;Q09028
prerank,"Dystrophin glycoprotein complex, retinal outer plexiform layer variant",0.5448486531519023,1.3969371189693138,0.04885654885654886,0.21058430924618654,1.0,11/11,45.68%,Q13424;Q14118-PRO_0000021065;Q14118-PRO_0000021066;Q13326;Q16586;Q14714;Q13884;Q92629;Q16585;O60941;P11532-2
prerank,"Dystrophin glycoprotein complex, retinal inner limiting membrane variant",0.5451263537906135,1.396560814210206,0.0498960498960499,0.20984002881891672,1.0,11/11,45.65%,Q13424;Q14118-PRO_0000021065;Q14118-PRO_0000021066;Q13326;Q16586;Q14714;Q13884;Q92629;Q16585;Q9Y4J8-2;P11532-7
prerank,Microprocessor complex,-0.7520088667220838,-1.3941983998600977,0.08936170212765958,0.08871365292847176,1.0,3/3,24.89%,Q9NRR4;Q8WYQ5;CHEBI:30413
prerank,"Sodium:potassium-exchanging ATPase complex, FXYD7 variant",0.7625380993260829,1.393930337985998,0.049136786188579015,0.21279564625350997,1.0,2/3,1.58%,P05026;P05023
prerank,R2SD co-chaperone complex,-0.6502217294900222,-1.392979289378681,0.10285714285714286,0.08918131203036347,1.0,4/4,35.08%,Q9NVR5;Q07617;Q9Y230;Q9Y265
prerank,"Sodium:potassium-exchanging ATPase complex, FXYD6 variant",0.7625380993260829,1.3915927658024658,0.05454545454545454,0.2152511570630781,1.0,2/3,1.58%,P05026;P05023
prerank,CIAO1-CIAO2A-CIAO3 cytosolic iron-sulfur protein assembly complex,-0.6732261640798226,-1.3914327103678847,0.07211538461538461,0.08981876173171391,1.0,4/4,32.78%,Q9H5X1;O76071;Q9H6Q4;CHEBI:49883
prerank,NatC N-alpha-acetyltransferase complex,0.767802715433638,1.3900002686083495,0.05006587615283267,0.21656182492805212,1.0,3/3,23.28%,Q147X3;Q5VZE5;Q9BRA0
prerank,"Sodium:potassium-exchanging ATPase complex, FXYD4 variant",0.7625380993260829,1.389747722776491,0.0444743935309973,0.21562389491637352,1.0,2/3,1.58%,P05026;P05023
prerank,"Dynein-2 complex, light-chain variant 4",-0.4775249722530522,-1.389647156729087,0.02857142857142857,0.09053420763162465,1.0,8/8,52.38%,P63167;Q8TCX1;Q8WW35;Q8WVS4;Q8NCM8;Q96EX3;P51808;Q9NP97
prerank,TIM22 mitochondrial inner membrane twin-pore carrier translocase complex,0.6322795341098169,1.3879570958813083,0.0671067106710671,0.21731364259685884,1.0,6/6,36.88%,Q9Y5J7;P62072;Q9Y584;Q53H12;Q9BSF4;Q6PF06
prerank,"Dystrophin glycoprotein complex, skeletal muscle variant",0.5456817550680366,1.3872648172470576,0.057651991614255764,0.21716579823177518,1.0,11/11,45.60%,Q13424;Q14118-PRO_0000021065;Q14118-PRO_0000021066;Q13326;Q16586;Q14714;Q13884;Q92629;Q16585;Q9Y4J8-3;P11532-1
prerank,"Dystrophin glycoprotein complex, neuromuscular junction variant",0.5454040544293249,1.3861161548958896,0.04311251314405889,0.21782622194094436,1.0,11/11,45.63%,Q13424;Q14118-PRO_0000021065;Q14118-PRO_0000021066;Q13326;Q16586;Q14714;Q13884;Q92629;Q16585;Q9Y4J8-2;P46939
prerank,Kinetochore MIS12 complex,0.7020509977827051,1.385456357331333,0.0655940594059406,0.21765615237180577,1.0,4/4,29.87%,Q6P1K2;Q96IY1;Q9H081;Q9H410
prerank,"Sodium:potassium-exchanging ATPase complex, FXYD3 variant",0.7625380993260829,1.3823156835838746,0.052917232021709636,0.2214926598173052,1.0,2/3,1.58%,P05026;P05023
prerank,MOZ3 histone acetyltransferase complex,-0.6471729490022173,-1.3814999193206206,0.07575757575757576,0.09458893076774827,1.0,4/4,35.38%,Q9ULD4;Q92794;Q8WYH8;Q9HAF1
prerank,USP46 deubiquitinase complex,-0.715433638126905,-1.3809523809523803,0.07662835249042145,0.09472342389295649,1.0,3/3,28.54%,P62068;Q8TBZ3;Q8TAF3
prerank,CPLANE complex,0.7597672485453033,1.3804724782662747,0.05161290322580645,0.22350299293759812,1.0,3/3,24.09%,O95876;Q9BT04;Q9ULD6
prerank,Hemoglobin HbF Variant 1 complex,-0.7520088667220838,-1.3779983260544468,0.07421875,0.09611824554451892,1.0,3/3,24.89%,P69891;P69905;CHEBI:30413
prerank,"Sodium:potassium-exchanging ATPase complex, FXYD2 variant",0.7625380993260829,1.3764618409045926,0.05660377358490566,0.22937094508278488,1.0,2/3,1.58%,P05026;P05023
prerank,"Sodium:potassium-exchanging ATPase complex, FXYD1 variant",0.7625380993260829,1.3696854428843523,0.05131578947368421,0.23977661667661732,1.0,2/3,1.58%,P05026;P05023
prerank,"MiDAC histone deacetylase complex, HDAC2 variant",-0.7248545303408147,-1.3692175475099675,0.09053497942386832,0.10080614266878776,1.0,3/3,27.60%,Q9H147;Q6PJG2;Q92769
prerank,"Sodium:potassium-exchanging ATPase complex, FXYD5 variant",0.7625380993260829,1.36896502327345,0.05821474773609314,0.2396786208975362,1.0,2/3,1.58%,P05026;P05023
prerank,USP12-WDR20 deubiquitinase complex,-0.6463414634146342,-1.3684235357949537,0.07035175879396985,0.10112537487826274,1.0,4/4,35.47%,O75317;Q8TBZ3;Q8TAF3;CHEBI:29105
prerank,GET complex,-0.6463414634146342,-1.3651354197487264,0.08695652173913043,0.10302062449210155,1.0,4/4,35.47%,P49069;O00258;O43681;CHEBI:29105
prerank,R2SP co-chaperone complex,-0.6502217294900222,-1.363622775871634,0.12,0.10372063148935802,1.0,4/4,35.08%,Q8WWB5;Q07617;Q9Y230;Q9Y265
prerank,MORF3 histone acetyltransferase complex,-0.6471729490022173,-1.3613319108653514,0.08762886597938144,0.10488763920682567,1.0,4/4,35.38%,Q9ULD4;Q8WYB5;Q8WYH8;Q9HAF1
prerank,"Septin complex, octamer variant, SEPT2-SEPT6-SEPT-7-SEPT9",0.6866466332127436,1.3608752491942115,0.07654921020656136,0.25330549829818544,1.0,3/4,10.35%,Q14141;Q15019;Q16181
prerank,BLOC-2 complex,0.7581047381546133,1.3559330813399748,0.07682119205298013,0.26127087981939723,1.0,3/3,24.25%,Q86YV9;Q969F9;Q9UPZ3
prerank,USP12-DMWD deubiquitinase complex,-0.6463414634146342,-1.3549749718924036,0.12,0.10840417235082855,1.0,4/4,35.47%,Q09019;O75317;Q8TAF3;CHEBI:29105
prerank,R2TP core co-chaperone complex,-0.6502217294900222,-1.3549320610851179,0.10106382978723404,0.10823463452239118,1.0,4/4,35.08%,Q9H6T3;Q9NWS0;Q9Y230;Q9Y265
prerank,"Dynein-2 complex, light-chain variant 5",-0.4611542730299667,-1.3541855366198567,0.04878048780487805,0.10842248357199084,1.0,8/8,54.01%,P63167;Q8TCX1;Q8WW35;Q8WVS4;Q8NCM8;Q96EX3;Q8TF09;P63172
prerank,"Dynein-2 complex, light-chain variant 1 ",-0.4611542730299667,-1.3539435536063786,0.06976744186046512,0.10841063942598189,1.0,8/8,54.01%,P63167;Q8TCX1;Q8WW35;Q8WVS4;Q8NCM8;Q96EX3;Q9NP97;P63172
prerank,Prefoldin co-chaperone complex,0.6045479755962286,1.3538569501729307,0.08163265306122448,0.263859083319474,1.0,6/6,39.65%,O15212;Q9UHV9;Q9NUG6;Q99471;P61758;O60925
prerank,"MiDAC histone deacetylase complex, HDAC1 variant",-0.7245774452756997,-1.3530906997652148,0.12083333333333333,0.10870736618987072,1.0,3/3,27.63%,Q9H147;Q6PJG2;Q13547
prerank,MORF2 histone acetyltransferase complex,-0.6471729490022173,-1.3513517443551293,0.09547738693467336,0.10945204446077972,1.0,4/4,35.38%,O95696;Q8WYB5;Q8WYH8;Q9HAF1
prerank,Collagen type IX trimer,0.741202549182599,1.3466965287225674,0.06955380577427822,0.27717814347238345,1.0,3/3,25.94%,Q14050;Q14055;P20849
prerank,MOZ1 histone acetyltransferase complex,-0.6471729490022173,-1.3435058524890702,0.09803921568627451,0.11422798148409911,1.0,4/4,35.38%,P55201;Q92794;Q8WYH8;Q9HAF1
prerank,"Septin complex, octamer variant, SEPT2-SEPT6-SEPT-7-SEPT3",0.6866466332127436,1.3416231305603843,0.08990147783251232,0.2861553745851528,1.0,3/4,10.35%,Q14141;Q15019;Q16181
prerank,Collagen type VI trimer,0.742033804377944,1.337112604375425,0.08433734939759036,0.29434445885612837,1.0,3/3,25.86%,P12109;P12110;P12111
prerank,"Cleavage stimulation factor complex, CSTF2 variant",-0.7123857024106401,-1.3370663857163672,0.08620689655172414,0.11838943569051932,1.0,3/3,28.85%,Q12996;Q05048;P33240
prerank,iNOS-S100A8/A9 complex,-0.6935439179828208,-1.3369393365333933,0.08888888888888889,0.11825697552623055,1.0,3/3,30.73%,P35228;P05109;P06702
prerank,mTORC2 complex,0.6298863321319655,1.336924818482928,0.09324009324009325,0.29306161008900544,1.0,5/5,37.10%,P42345;Q9BVC4;P85299;Q9BPZ7;Q6R327
prerank,PDGF receptor alpha-beta - PDGF-DD complex,0.7444484028025175,1.3351821174655594,0.07957559681697612,0.2951109892973893,1.0,2/3,1.80%,P16234;P09619
prerank,"DNA replication factor C complex, CHTF18 variant",0.5903467406380029,1.334792792395719,0.0932297447280799,0.2942012087730871,1.0,4/7,5.07%,P35249;P35250;P40937;P40938
prerank,GATOR1 complex,0.7459129952895538,1.3346138572467225,0.07171314741035857,0.2929277578819696,1.0,3/3,25.47%,O75140;Q12980;Q8WTW4
prerank,PDGF receptor alpha-beta - PDGF-CC complex,0.7444484028025175,1.3326092002763088,0.08119079837618404,0.2955316618396108,1.0,2/3,1.80%,P16234;P09619
prerank,MOZ2 histone acetyltransferase complex,-0.6471729490022173,-1.3317112618108564,0.11442786069651742,0.12155240602837529,1.0,4/4,35.38%,O95696;Q92794;Q8WYH8;Q9HAF1
prerank,"Mitochondrial calcium uniporter complex, MICUB variant",0.6271139451067369,1.3309050786367096,0.09474885844748858,0.29749715134474747,1.0,5/5,37.38%,Q8NE86;Q9BPX6;Q9H4I9;Q9NWR8;Q8IYU8
prerank,HOPS tethering complex,0.5984470327232391,1.3302531056477358,0.09378531073446328,0.29715669298999936,1.0,6/6,40.25%,Q9H269;Q9H270;Q9P253;Q96AX1;Q96JC1;P49754
prerank,BORC complex,0.5546614872364042,1.3275265271349919,0.09814612868047982,0.3016109324874226,1.0,8/8,44.66%,O95295;P78537;Q6QNY1;Q96B45;Q96GS4;Q9BQD3;Q96FH0;Q969J3
prerank,CORVET tethering complex,0.593732667775929,1.3255916003607777,0.08744394618834081,0.3040338910000235,1.0,6/6,40.73%,Q9H269;Q9H270;Q9P253;Q96AX1;Q8WUH2;Q8N3P4
prerank,ATG12-ATG5-ATG16L1 complex,0.7330978109342356,1.323101861062351,0.08632138114209828,0.3079642486642387,1.0,2/3,1.74%,O94817;Q9H1Y0
prerank,ATG5-ATG12-TECPR1 complex,0.7330978109342356,1.321689158112893,0.08288770053475936,0.309549316608957,1.0,2/3,1.74%,O94817;Q9H1Y0
prerank,MORF1 histone acetyltransferase complex,-0.6471729490022173,-1.3170727269419018,0.0913978494623656,0.13125561452353798,1.0,4/4,35.38%,P55201;Q8WYB5;Q8WYH8;Q9HAF1
prerank,tRNA-intron splicing endonuclease complex,0.6282228999168282,1.3158105291900735,0.1100811123986095,0.32129703639072515,1.0,5/5,37.26%,Q92989;Q9BSV6;Q7Z6J9;Q8NCE0;Q8WW01
prerank,ATG12-ATG5-ATG16L2 complex,0.7330978109342356,1.315139417746191,0.08111702127659574,0.3211305045401517,1.0,2/3,1.74%,O94817;Q9H1Y0
prerank,BLOC-1 complex,0.5549389567147616,1.3148733000634154,0.10834236186348863,0.3200365745222771,1.0,8/8,44.63%,O95295;P78537;Q6QNY1;Q96EV8;Q8TDH9;Q9NUP1;Q9UL45;Q6QNY0
prerank,PAF1 complex,0.5951192457016085,1.3138916581376747,0.10459770114942529,0.32057084791262974,1.0,6/6,40.59%,Q9GZS3;Q8N7H5;Q8WVC0;Q92541;Q6PD62;Q6P1J9
prerank,Complement factor I complex,-0.6713771127736216,-1.3063770020161742,0.12184873949579832,0.13847149694554392,1.0,3/3,32.95%,P05156-PRO_0000027570;P05156-PRO_0000027569;CHEBI:29108
prerank,KIF3 complex variant AC-KAP3,0.7128643038867478,1.3061818818513788,0.09947643979057591,0.3364760109856558,1.0,2/3,1.50%,Q9Y496;Q92845
prerank,"Mitochondrial succinyl-CoA synthetase complex, ATP-specific variant",-0.6807980049875312,-1.3042512336900598,0.12345679012345678,0.13975079030385013,1.0,3/3,32.00%,Q9P2R7;P53597;CHEBI:18420
prerank,Chitinase 3-like-1-tmem219-interleukin-13 receptor-ligand alpha-2 signalling complex,-0.6197339246119734,-1.2982667412154316,0.13756613756613756,0.1439770335312416,1.0,4/4,38.12%,Q86XT9;P36222;Q14627;P35225
prerank,KIF3 complex variant AB-KAP3,0.7128643038867478,1.2939545849296599,0.1202113606340819,0.36519508225500624,1.0,2/3,1.50%,Q9Y496;Q92845
prerank,Mitochondrial pyruvate dehydrogenase serine/threonine phosphatase complex,-0.6807980049875312,-1.2917610103183415,0.14285714285714285,0.14864162809617687,1.0,3/3,32.00%,Q9P0J1;Q8NCN5;CHEBI:18420
prerank,C3PO endoribonuclease complex,-0.6807980049875312,-1.2915844683590663,0.149812734082397,0.1485526108117449,1.0,3/3,32.00%,Q15631;Q99598;CHEBI:18420
prerank,BRCA1-C complex,-0.687448046550291,-1.2890829806831434,0.12396694214876033,0.1502780503188731,1.0,3/3,31.34%,Q99708;CPX-4442;CPX-715
prerank,Checkpoint clamp complex,0.7082294264339151,1.2874828075329343,0.10187667560321716,0.37966880101340006,1.0,3/3,29.24%,O60671;O60921;Q99638
prerank,KMN complex,0.7093377666943751,1.2853072593815105,0.10372340425531915,0.38326875093275975,1.0,3/3,29.13%,CPX-550;CPX-5643;CPX-5644
prerank,Lactose synthase complex,-0.6713771127736216,-1.283652165333641,0.11740890688259109,0.1543460924156471,1.0,3/3,32.95%,P15291-2;P00709;CHEBI:29108
prerank,Kinetochore SKA complex,0.7029648101967303,1.282126286603331,0.12618724559023067,0.3897688019781142,1.0,3/3,29.76%,Q8IX90;Q8WVK7;Q96BD8
prerank,Mitochondrial glutamyl-tRNA(Gln) amidotransferase complex,0.7073981712385702,1.2797144424243394,0.11588541666666667,0.39406614843048055,1.0,3/3,29.32%,O43716;O75879;Q9H0R6
prerank,PDGF receptor alpha-beta - PDGF-BB complex,0.7193857462384758,1.2784494088911595,0.1246684350132626,0.39539839570699997,1.0,2/3,1.80%,P16234;P09619
prerank,2-(3-amino-3-carboxypropyl)histidine synthase complex,-0.6730396231643115,-1.2776818554151068,0.14885496183206107,0.15903397672951772,1.0,3/3,32.78%,Q9BQC3;Q9BZG8;CHEBI:49883
prerank,GLUK1-GLUK2-GLUK3-GLUK5 glutamate ionotropic kainate-type receptor complex,0.6489526199089741,1.2769788427581221,0.11843711843711843,0.3974570095285776,1.0,3/4,14.12%,Q13002;Q13003;P39086
prerank,Dehydrodolichyl diphosphate synthase complex,-0.6807980049875312,-1.2758999455064162,0.1522633744855967,0.16039180019727559,1.0,3/3,32.00%,Q96E22;Q86SQ9;CHEBI:18420
prerank,GLUK1-GLUK2-GLUK3-GLUK4 glutamate ionotropic kainate-type receptor complex,0.6489526199089741,1.27258438669658,0.11936662606577345,0.4070281224656767,1.0,3/4,14.12%,Q13002;Q13003;P39086
prerank,MUS81-EME1 structure-specific endonuclease complex,-0.6807980049875312,-1.27232308112427,0.1640625,0.16298728452686997,1.0,3/3,32.00%,Q96AY2;Q96NY9;CHEBI:18420
prerank,"Mitochondrial succinyl-CoA synthetase complex, GTP-specific variant",-0.6807980049875312,-1.270725245612099,0.15019762845849802,0.1640901300802931,1.0,3/3,32.00%,Q96I99;P53597;CHEBI:18420
prerank,mTORC1 complex,0.700114792384119,1.2704791779969298,0.12551159618008187,0.4106076468315463,1.0,2/3,6.23%,P42345;Q9BVC4
prerank,ISCA1-ISCA2 mitochondrial iron-sulfur protein assembly complex,-0.6730396231643115,-1.2701845985491351,0.14285714285714285,0.1643115328597826,1.0,3/3,32.78%,Q9BUE6;Q86U28;CHEBI:49883
prerank,MUS81-EME2 structure-specific endonuclease complex,-0.6807980049875312,-1.2684281277710525,0.1568627450980392,0.16546935078786829,1.0,3/3,32.00%,A4GXA9;Q96NY9;CHEBI:18420
prerank,LMAN1-MCFD2 cargo receptor complex,-0.6713771127736216,-1.267752592297913,0.14049586776859505,0.16571304338905465,1.0,3/3,32.95%,P49257;Q8NI22;CHEBI:29108
prerank,"Gamma-secretase complex, APH1B-PSEN2 variant",0.5943997782090382,1.2640866937520692,0.13443396226415094,0.4256554706350875,1.0,5/5,40.64%,Q92542;Q9NZ42;Q8WW43;P49810-PRO_0000025603;P49810-PRO_0000025604
prerank,Coagulation factor IXa complex,-0.6713771127736216,-1.2638620429019658,0.12830188679245283,0.1686571564592642,1.0,3/3,32.95%,P00740-PRO_0000027757;P00740-PRO_0000027759;CHEBI:29108
prerank,"Gamma-secretase complex, APH1B-PSEN1 variant",0.5927363459939009,1.2594163772671065,0.13516609392898052,0.43612181382126636,1.0,5/5,40.81%,Q92542;Q9NZ42;Q8WW43;P49768-PRO_0000236055;P49768-PRO_0000025591
prerank,TTT complex,0.6896647270712108,1.258377948652552,0.1469440832249675,0.4367774386249616,1.0,3/3,31.09%,O43156;Q6NXR4;Q9Y4R8
prerank,U4/U6 small nuclear ribonucleoprotein complex,-0.6735937932945415,-1.2564066762390824,0.1774193548387097,0.1746362198690501,1.0,3/3,32.72%,CPX-26417;CPX-26415;Q8WWY3
prerank,NLGN1(+SSA+SSB) - NRXN1-beta(-SS4) complex,-0.6713771127736216,-1.2541542545537332,0.17012448132780084,0.1761304844314907,1.0,3/3,32.95%,Q8N2Q7;P58400-1;CHEBI:29108
prerank,NLGN1(-SSA-SSB) - NRXN1-beta(-SS4) complex,-0.6713771127736216,-1.2541542545537332,0.17012448132780084,0.1761304844314907,1.0,3/3,32.95%,Q8N2Q7;P58400-1;CHEBI:29108
prerank,Cubam cobalamin uptake receptor complex,-0.6713771127736216,-1.2531397621762508,0.14566929133858267,0.17667582572425397,1.0,3/3,32.95%,O60494;Q9BXJ7;CHEBI:29108
prerank,Annexin A2 - S100-A10 complex,-0.6713771127736216,-1.2525862251202544,0.17843866171003717,0.17685882221612967,1.0,3/3,32.95%,P60903;P07355;CHEBI:29108
prerank,"Gamma-secretase complex, APH1A-PSEN2 variant",0.594399778209038,1.2525515859367307,0.15876777251184834,0.45057134685042427,1.0,5/5,40.64%,Q92542;Q9NZ42;Q96BI3;P49810-PRO_0000025603;P49810-PRO_0000025604
prerank,"Radial spoke complex, flagellar variant",0.48430119477632666,1.2505663269053515,0.13660062565172054,0.4540954733550585,1.0,13/13,51.74%,Q96FJ2;Q8IYR0;Q96C74;Q9H1X1;Q9UHP6;Q86UC2;P59910;Q8WYR4;Q8WWB3;P56597;Q6P9G0;Q9H0K4;Q8NA54
prerank,TSC1-TSC2 complex,0.6916043225270156,1.2432001580877907,0.16384915474642392,0.4726922795423281,1.0,3/3,30.90%,P49815;Q92574;Q9P0N9
prerank,"Mitochondrial calcium uniporter complex, MICU1-MICU2 variant",0.626940133037694,1.239501824462662,0.1694915254237288,0.48106357628516583,1.0,4/4,37.38%,Q8NE86;Q9BPX6;Q9H4I9;Q8IYU8
prerank,Mitochondrial processing peptidase complex,-0.6461623718481574,-1.2371104607490653,0.15966386554621848,0.19015057373224234,1.0,3/3,35.47%,Q10713;O75439;CHEBI:29105
prerank,NUBP1-NUBP2 iron-sulfur cluster assembly scaffold complex,-0.6730396231643115,-1.2370484571895102,0.19455252918287938,0.1899217539066162,1.0,3/3,32.78%,P53384;Q9Y5Y2;CHEBI:49883
prerank,"Gamma-secretase complex, APH1A-PSEN1 variant",0.5927363459939008,1.234870836682006,0.15702479338842976,0.4924831180182651,1.0,5/5,40.81%,Q92542;Q9NZ42;Q96BI3;P49768-PRO_0000236055;P49768-PRO_0000025591
prerank,"Radial spoke complex, ciliiar variant",0.47916666666666663,1.2345157598609975,0.15104166666666666,0.4911127979543942,1.0,12/12,52.24%,Q96FJ2;Q8IYR0;Q96C74;Q9H1X1;Q9UHP6;Q86UC2;P59910;Q8WYR4;Q8WWB3;P56597;Q6P9G0;Q5TD94
prerank,General transcription factor TFIIB-TBP complex,-0.6461623718481574,-1.234386904809643,0.16666666666666666,0.1918714851806111,1.0,3/3,35.47%,Q00403;P20226;CHEBI:29105
prerank,"Interferon alpha receptor-ligand complex, IFNA21 variant",0.6826144515255071,1.2336424352666777,0.1679790026246719,0.49121351837256916,1.0,2/3,10.80%,P17181;P48551
prerank,TGF-beta-1-TGFR complex,0.6812829037577324,1.2329805022374307,0.14285714285714285,0.49073553144737597,1.0,2/3,6.92%,P36897;P37173
prerank,"Interferon alpha receptor-ligand complex, IFNA5 variant",0.6826144515255071,1.232594428037972,0.18410596026490067,0.48957089915519103,1.0,2/3,10.80%,P17181;P48551
prerank,SF3A complex,-0.6722083679689665,-1.232325325758546,0.172,0.19354125516174314,1.0,3/3,32.86%,Q15459;Q15428;Q12874
prerank,SAM mitochondrial sorting and assembly machinery complex,0.685508451094486,1.230993383564877,0.16579634464751958,0.4917760570938783,1.0,3/3,31.51%,O75431;Q13505;Q9Y512
prerank,Interferon omega receptor-ligand complex,0.6826144515255071,1.2298524159271165,0.18543046357615894,0.49283735884773927,1.0,2/3,10.80%,P17181;P48551
prerank,"Interferon alpha receptor-ligand complex, IFNA10 variant",0.6826144515255071,1.2281970112547178,0.1651006711409396,0.4950815189871399,1.0,2/3,10.80%,P17181;P48551
prerank,"Interferon alpha receptor-ligand complex, IFNA14 variant",0.6826144515255071,1.2265427928842934,0.17763157894736842,0.4975514433411764,1.0,2/3,10.80%,P17181;P48551
prerank,"General transcription factor TFIII3B complex, BRF2 variant",-0.6489332224993073,-1.2263755739950057,0.1752136752136752,0.1985834917160024,1.0,3/3,35.19%,Q9HAW0;A6H8Y1;P20226
prerank,TGF-beta-2-TGFR complex,0.6812829037577324,1.2259021984810317,0.1625806451612903,0.49713139791830685,1.0,2/3,6.92%,P36897;P37173
prerank,"Interferon alpha receptor-ligand complex, IFNA2 variant",0.6826144515255071,1.2254104006975952,0.17639429312581065,0.49632132231035536,1.0,2/3,10.80%,P17181;P48551
prerank,TGF-beta-3-TGFR complex,0.6812829037577324,1.2248612367637375,0.15706806282722513,0.49569896594717716,1.0,2/3,6.92%,P36897;P37173
prerank,"Mitochondrial calcium uniporter complex, MICU1 variant",0.6783042394014962,1.223286416290395,0.1827814569536424,0.49787159874800757,1.0,3/3,32.23%,Q8NE86;Q9BPX6;Q9H4I9
prerank,"Interferon alpha receptor-ligand complex, IFNA4 variant",0.6826144515255071,1.2221550441294349,0.1697860962566845,0.4987657766926733,1.0,2/3,10.80%,P17181;P48551
prerank,Interferon kappa receptor-ligand complex,0.6826144515255071,1.218954007666575,0.18340026773761714,0.5056705641331365,1.0,2/3,10.80%,P17181;P48551
prerank,Piccolo NuA4 histone acetyltransferase complex ,-0.6564145192574121,-1.2179205660410246,0.211864406779661,0.20658512193136935,1.0,3/3,34.44%,Q92993;Q9NXR8;Q9H2F5
prerank,"Interferon alpha receptor-ligand complex, IFNA7 variant",0.6826144515255071,1.2179141817040438,0.20367936925098554,0.5063140012741463,1.0,2/3,10.80%,P17181;P48551
prerank,Interferon beta receptor-ligand complex,0.6826144515255071,1.2175626987642192,0.203778677462888,0.5050757954535486,1.0,2/3,10.80%,P17181;P48551
prerank,"Interferon alpha receptor-ligand complex, IFNA17 variant",0.6826144515255071,1.2174494899474195,0.1875,0.503146280257307,1.0,2/3,10.80%,P17181;P48551
prerank,SLX1-SLX4 structure-specific endonuclease complex,-0.6461623718481574,-1.2172432456378584,0.1918819188191882,0.20684663012246068,1.0,3/3,35.47%,Q9BQ83;Q8IY92;CHEBI:29105
prerank,"Interferon alpha receptor-ligand complex, IFNA1 variant",0.6826144515255071,1.2159200340317997,0.20026702269692923,0.5052413452707549,1.0,2/3,10.80%,P17181;P48551
prerank,Interferon epsilon receptor-ligand complex,0.6826144515255071,1.2134472915474392,0.18256130790190736,0.5100948929951353,1.0,2/3,10.80%,P17181;P48551
prerank,"General transcription factor TFIII3B complex, BRF1 variant",-0.6489332224993073,-1.2127721771667686,0.20161290322580644,0.2107160413857847,1.0,3/3,35.19%,Q92994;A6H8Y1;P20226
prerank,"Interferon alpha receptor-ligand complex, IFNA8 variant",0.6826144515255071,1.2126189904413094,0.20516304347826086,0.5101726053071105,1.0,2/3,10.80%,P17181;P48551
prerank,EARP tethering complex,0.6180709534368072,1.212313593646991,0.1921182266009852,0.508822030947178,1.0,4/4,38.26%,Q5VIR6;Q8N1B4;Q9UID3;Q96JG6
prerank,"Interferon alpha receptor-ligand complex, IFNA16 variant",0.6826144515255071,1.210273769564156,0.18716577540106952,0.5124046361235693,1.0,2/3,10.80%,P17181;P48551
prerank,GARP tethering complex,0.6161308203991132,1.2100827415763966,0.1907032181168057,0.5107065954645311,1.0,4/4,38.46%,Q5VIR6;Q8N1B4;Q9UID3;Q9P1Q0
prerank,Membrane bound interleukin-6 mIL6R receptor-ligand cluster-signalling complex,-0.6256580770296482,-1.2071506352882404,0.1721311475409836,0.21583653155090332,1.0,3/3,37.51%,P05231-PRO_0000015582;P08887-1;P40189-1
prerank,"Alpha-beta T cell receptor complex, TRBC1 variant",0.547975596228508,1.2065598891473548,0.19655172413793104,0.5185718334845143,1.0,6/6,45.29%,P07766;P09693;P20963;P04234;P01848;P01850
prerank,"Signal peptidase complex, SEC11C variant",0.6062696930797058,1.206521196948403,0.18505338078291814,0.5164613851408277,1.0,3/4,18.38%,P61009;Q15005;Q9Y6A9
prerank,"Alpha-beta T cell receptor complex, TRBC2 variant",0.5482529118136439,1.205506947228518,0.2081447963800905,0.5171119835134136,1.0,6/6,45.27%,P07766;P09693;P20963;P04234;P01848;A0A5B9
prerank,[Cu-Zn] Superoxide dismutase complex,-0.6461623718481574,-1.2051481867325082,0.20238095238095238,0.21746662344943585,1.0,3/3,35.47%,CHEBI:29036;P00441;CHEBI:29105
prerank,"Interferon alpha receptor-ligand complex, IFNA6 variant",0.6826144515255071,1.2045004347629418,0.1901595744680851,0.5178837730995564,1.0,2/3,10.80%,P17181;P48551
prerank,"AP-2 Adaptor complex, alpha1 variant",0.6128048780487805,1.2030667089736837,0.20243902439024392,0.5197918599985967,1.0,4/4,38.79%,P53680;P63010;Q96CW1;O95782
prerank,Interleukin-5 receptor-ligand complex,0.5457570715474208,1.2023931142293642,0.19907940161104717,0.5194852123227266,1.0,6/6,45.51%,P32927;O60674;Q01344;P29597;P23458;P05113
prerank,CENP-A recruiting complex,0.6655583264062066,1.2022749354915658,0.2043701799485861,0.5176244198354413,1.0,3/3,33.50%,O43482;Q6P0N0;Q9NYP9
prerank,"Dynein-1 complex, variant 3",-0.4608985024958403,-1.20019423036219,0.19827586206896552,0.22182196369752613,1.0,6/6,54.01%,P63167;O14576;O43237;Q14204;Q9NP97;P63172
prerank,Cardiac Troponin complex,0.6641729010806317,1.1999575349810019,0.21143617021276595,0.5219728443151017,1.0,3/3,33.64%,P19429;P45379;P63316
prerank,"FTS-Hook-FHIP cargo adaptor complex, FHIP2B-HOOK1/2/3 variant",0.5744385916273911,1.199131120716949,0.2037037037037037,0.522107160593989,1.0,5/5,42.64%,Q9H8T0;Q96ED9;Q86VS8;Q9UJC3;Q8N612
prerank,tRNA-guanine transglycosylase complex,-0.6461623718481574,-1.1989450268297563,0.20078740157480315,0.22275944444456883,1.0,3/3,35.47%,Q9BXR0;Q9H974;CHEBI:29105
prerank,R2T co-chaperone complex,-0.6500415627597673,-1.1946242103906146,0.23628691983122363,0.2266118523744551,1.0,3/3,35.08%,Q9H6T3-2;Q9Y230;Q9Y265
prerank,BCDX2 complex,0.6061529933481152,1.1941522607886768,0.1957040572792363,0.5339075955749593,1.0,4/4,39.45%,O43502;O43543;O75771;O15315
prerank,"Dynein-1 complex, variant 2",-0.4608985024958403,-1.1926043161607889,0.14953271028037382,0.22824867714652897,1.0,6/6,54.01%,P63167;Q13409;Q9Y6G9;Q14204;Q9NP97;P63172
prerank,"Signal peptidase complex, SEC11A variant",0.6062696930797058,1.1924219553342161,0.21534653465346534,0.5367320285239111,1.0,3/4,18.38%,P61009;Q15005;Q9Y6A9
prerank,"Nucleosome, variant H3.1-H2A.2-H2B.1",0.570557249792071,1.1921665285659115,0.20578034682080926,0.5353288853760261,1.0,5/5,43.02%,P62805;P06899;P68431;CHEBI:4705;P04908
prerank,"AP-2 Adaptor complex, alpha2 variant",0.6100332594235033,1.1920990693746956,0.22316043425814233,0.5333480690553061,1.0,4/4,39.06%,P53680;P63010;Q96CW1;O94973
prerank,ERAP1-ERAP2 endoplasmic reticulum aminopeptidase complex,-0.6461623718481574,-1.189971198045993,0.200836820083682,0.23046202530728838,1.0,3/3,35.47%,Q9NZ08;Q6P179;CHEBI:29105
prerank,"Dynein-1 complex, variant 1",-0.4608985024958403,-1.1889615516997019,0.1792452830188679,0.23111140033839592,1.0,6/6,54.01%,P63167;O43237;Q13409;Q14204;Q9NP97;P63172
prerank,"m-AAA protease complex, AFG3L2-SPG7 variant",-0.6461623718481574,-1.1880934830681176,0.2127659574468085,0.23159303595983846,1.0,3/3,35.47%,Q9UQ90;Q9Y4W6;CHEBI:29105
prerank,"Dynein-1 complex, variant 4",-0.4608985024958403,-1.1862014274385408,0.14814814814814814,0.23312890995439348,1.0,6/6,54.01%,P63167;O14576;Q9Y6G9;Q14204;Q9NP97;P63172
prerank,TMEM219-Interleukin-13 decoy-receptor-ligand alpha 2 complex,-0.6195622055971184,-1.185556723864069,0.22362869198312235,0.2333775303835345,1.0,3/3,38.12%,Q86XT9;Q14627;P35225
prerank,Syndecan-1-syntenin-1-ALIX complex,0.6572457744527569,1.174538119926968,0.2187902187902188,0.5816109380305139,1.0,3/3,34.33%,O00560;P18827;Q8WUM4
prerank,"WASH complex, variant WASH4P/WASHC2A",0.5472691987801497,1.1706838413397311,0.23684210526315788,0.5905033667391721,1.0,5/5,45.35%,Q12768;Q2M389;Q9Y3C0;Q641Q2;A8MWX3
prerank,Interleukin-35 receptor ligand type 2 complex,-0.6084788029925188,-1.1698699749859152,0.21810699588477367,0.24960099412527165,1.0,3/3,39.23%,Q99665;CPX-25744;Q6UWB1
prerank,"Dynein-1 complex, variant 5",-0.4608985024958403,-1.1698588522950395,0.21052631578947367,0.2492176062528592,1.0,6/6,54.01%,P63167;O14576;O43237;Q14204;Q8TF09;P63172
prerank,"Dynein-1 complex, variant 6",-0.4608985024958403,-1.1696198002087372,0.17796610169491525,0.24909649596631833,1.0,6/6,54.01%,P63167;O14576;Q9Y6G9;Q14204;Q8TF09;P63172
prerank,Condensin I complex,0.5511505406154698,1.168772419062517,0.2367816091954023,0.5938611578924339,1.0,5/5,44.96%,O95347;Q9NTJ3;Q9BPX3;Q15003;Q15021
prerank,"LINC complex, SUN1-SYNE4 variant",-0.6461623718481574,-1.1684537528810501,0.22745098039215686,0.24987842919072456,1.0,3/3,35.47%,Q8N205;O94901;CHEBI:29105
prerank,"Cav1.1 voltage-gated calcium channel complex, CACNA2D4-CACNB1-CACNG1 variant",0.5505960632104241,1.163312202750872,0.2502857142857143,0.6071340163037734,1.0,5/5,45.02%,Q06432;Q13698;Q02641;Q7Z3S7-PRO_0000304657;Q7Z3S7-PRO_0000304656
prerank,"Cav1.1 voltage-gated calcium channel complex, CACNA2D4-CACNB2-CACNG1 variant",0.5505960632104241,1.162675813938204,0.24364896073903003,0.6066169287411097,1.0,5/5,45.02%,Q06432;Q13698;Q08289;Q7Z3S7-PRO_0000304657;Q7Z3S7-PRO_0000304656
prerank,"Cav1.1 voltage-gated calcium channel complex, CACNA2D2-CACNB3-CACNG1 variant",0.5508733019129469,1.160855133914182,0.24970691676436108,0.6096229598925611,1.0,5/5,44.99%,Q06432;Q13698;P54284;Q9NY47-PRO_0000304639;Q9NY47-PRO_0000304637
prerank,"PRMT5 methylosome complex, COPR5 variant",0.6430451647718638,1.1587359613093189,0.25559947299077734,0.6136137437599899,1.0,2/3,10.74%,O14744;Q9BQA1
prerank,"LINC complex, SUN2-SYNE4 variant",-0.6461623718481574,-1.1587357968718193,0.24096385542168675,0.26042705859272275,1.0,3/3,35.47%,Q8N205;Q9UH99;CHEBI:29105
prerank,"WASH complex, variant WASH4P/WASHC2C",0.5472691987801497,1.158688478436969,0.2269585253456221,0.6113474962641403,1.0,5/5,45.35%,Q12768;Q2M389;Q9Y3C0;Q9Y4E1;A8MWX3
prerank,"PRMT5 methylosome complex, CLNS1A variant",0.6430451647718638,1.1586495649058954,0.24078947368421053,0.6090651339055105,1.0,2/3,10.74%,O14744;Q9BQA1
prerank,"Cav1.1 voltage-gated calcium channel complex, CACNA2D2-CACNB2-CACNG1 variant",0.5508733019129469,1.1586454201907088,0.2540415704387991,0.6066879185701136,1.0,5/5,44.99%,Q06432;Q13698;Q08289;Q9NY47-PRO_0000304639;Q9NY47-PRO_0000304637
prerank,"PRMT5 methylosome complex, RIOK1 variant",0.6430451647718638,1.1580770132403102,0.26294820717131473,0.6059331107707842,1.0,2/3,10.74%,O14744;Q9BQA1
prerank,"Cav1.1 voltage-gated calcium channel complex, CACNA2D4-CACNB3-CACNG1 variant",0.5505960632104241,1.1579311966291366,0.2523696682464455,0.6040318500824737,1.0,5/5,45.02%,Q06432;Q13698;P54284;Q7Z3S7-PRO_0000304657;Q7Z3S7-PRO_0000304656
prerank,"WASH complex, variant WASH2P/WASHC2C",0.5492098696978098,1.1554784644201568,0.24681344148319814,0.6087873167408023,1.0,5/5,45.16%,Q12768;Q2M389;Q9Y3C0;Q9Y4E1;Q6VEQ5
prerank,"Dynein-1 complex, variant 7",-0.4608985024958403,-1.1549541353953447,0.22727272727272727,0.2641818568570298,1.0,6/6,54.01%,P63167;O43237;Q13409;Q14204;Q8TF09;P63172
prerank,"Cav1.1 voltage-gated calcium channel complex, CACNA2D1-CACNB3-CACNG1 variant",0.5519822567230385,1.153286280992873,0.24494649227110582,0.6130353687095614,1.0,5/5,44.88%,Q06432;Q13698;P54284;P54289-PRO_0000005001;P54289-PRO_0000005002
prerank,"Cav1.1 voltage-gated calcium channel complex, CACNA2D1-CACNB4-CACNG1 variant",0.5519822567230384,1.1531021823364633,0.25116279069767444,0.6112083508383934,1.0,5/5,44.88%,Q06432;Q13698;O00305;P54289-PRO_0000005001;P54289-PRO_0000005002
prerank,"WASH complex, variant WASH3P/WASHC2C",0.548655392292764,1.1526032478731965,0.24708624708624707,0.6103845862055493,1.0,5/5,45.21%,Q12768;Q2M389;Q9Y3C0;Q9Y4E1;C4AMC7
prerank,"Cav1.1 voltage-gated calcium channel complex, CACNA2D1-CACNB2-CACNG1 variant",0.5519822567230385,1.152431943026201,0.2529411764705882,0.6085574894290832,1.0,5/5,44.88%,Q06432;Q13698;Q08289;P54289-PRO_0000005001;P54289-PRO_0000005002
prerank,"WASH complex, variant WASHC1/WASHC2A",0.5475464374826725,1.1512296327830767,0.2590011614401858,0.6096697993820873,1.0,5/5,45.32%,Q12768;Q2M389;Q9Y3C0;Q641Q2;A8K0Z3
prerank,"WASH complex, variant WASHC1/WASHC2C",0.5475464374826725,1.1511379102311219,0.25204200700116686,0.6076174716259097,1.0,5/5,45.32%,Q12768;Q2M389;Q9Y3C0;Q9Y4E1;A8K0Z3
prerank,"Cav1.1 voltage-gated calcium channel complex, CACNA2D1-CACNB1-CACNG1 variant",0.5519822567230384,1.1510162571291882,0.24971098265895952,0.6057151718901683,1.0,5/5,44.88%,Q06432;Q13698;Q02641;P54289-PRO_0000005001;P54289-PRO_0000005002
prerank,"WASH complex, variant WASH2P/WASHC2A",0.5492098696978098,1.149943254091139,0.24738675958188153,0.6064602744652023,1.0,5/5,45.16%,Q12768;Q2M389;Q9Y3C0;Q641Q2;Q6VEQ5
prerank,Condensin II complex,0.5497643471028554,1.1498062863460596,0.2662857142857143,0.6046045566673572,1.0,5/5,45.10%,O95347;Q9NTJ3;P42695;Q86XI2;Q6IBW4
prerank,IL11-sIL11RA-sIL-6ST receptor-ligand buffering complex,-0.6087558880576337,-1.149731701411399,0.22885572139303484,0.2696977631797953,1.0,3/3,39.20%,P40189-2;Q14626-PRO_0000450688;P20809
prerank,"Cav1.1 voltage-gated calcium channel complex, CACNA2D3-CACNB3-CACNG1 variant",0.5500415858053783,1.1491761852838942,0.26139088729016785,0.6041809879976379,1.0,5/5,45.07%,Q06432;Q13698;P54284;Q8IZS8-PRO_0000304647;Q8IZS8-PRO_0000304648
prerank,"WASH complex, variant WASH6P/WASHC2C",0.5464374826725811,1.148774612032302,0.2611241217798595,0.6030572611085215,1.0,5/5,45.43%,Q12768;Q2M389;Q9Y3C0;Q9Y4E1;Q9NQA3
prerank,"WASH complex, variant WASH3P/WASHC2A",0.548655392292764,1.1481293784681805,0.23837209302325582,0.6027149737420521,1.0,5/5,45.21%,Q12768;Q2M389;Q9Y3C0;Q641Q2;C4AMC7
prerank,"Cav1.1 voltage-gated calcium channel complex, CACNA2D2-CACNB1-CACNG1 variant",0.5508733019129469,1.1477124896739328,0.2675233644859813,0.6017280219792588,1.0,5/5,44.99%,Q06432;Q13698;Q02641;Q9NY47-PRO_0000304639;Q9NY47-PRO_0000304637
prerank,"Cav1.1 voltage-gated calcium channel complex, CACNA2D4-CACNB4-CACNG1 variant",0.5505960632104241,1.147094994966443,0.2593023255813954,0.6012324640925577,1.0,5/5,45.02%,Q06432;Q13698;O00305;Q7Z3S7-PRO_0000304657;Q7Z3S7-PRO_0000304656
prerank,"Cav1.1 voltage-gated calcium channel complex, CACNA2D3-CACNB2-CACNG1 variant",0.5500415858053783,1.147088929967605,0.26198830409356727,0.5990469985003024,1.0,5/5,45.07%,Q06432;Q13698;Q08289;Q8IZS8-PRO_0000304647;Q8IZS8-PRO_0000304648
prerank,"Dynein-2 complex, light-chain variant 7",0.4769700332963377,1.1442190015867957,0.2564935064935065,0.6049050249384874,1.0,8/8,52.41%,Q96FJ2;P51808;Q8TF09;Q96EX3;Q8NCM8;Q8WVS4;Q8WW35;Q8TCX1
prerank,"WASH complex, variant WASH6P/WASHC2A",0.5464374826725811,1.143712102513019,0.26697892271662765,0.6042046686026749,1.0,5/5,45.43%,Q12768;Q2M389;Q9Y3C0;Q641Q2;Q9NQA3
prerank,"CARD-BCL10-MALT1 complex, CARD10 variant",0.6333372916914064,1.1413092187431186,0.26718547341115434,0.6089077233821494,1.0,2/3,12.90%,O95999;Q9UDY8
prerank,"Cav1.1 voltage-gated calcium channel complex, CACNA2D3-CACNB1-CACNG1 variant",0.5500415858053783,1.1401161194855116,0.2728337236533958,0.6103279224674851,1.0,5/5,45.07%,Q06432;Q13698;Q02641;Q8IZS8-PRO_0000304647;Q8IZS8-PRO_0000304648
prerank,"Cav1.1 voltage-gated calcium channel complex, CACNA2D3-CACNB4-CACNG1 variant",0.5500415858053783,1.140038791815307,0.26148409893992935,0.6083248693465761,1.0,5/5,45.07%,Q06432;Q13698;O00305;Q8IZS8-PRO_0000304647;Q8IZS8-PRO_0000304648
prerank,"CARD-BCL10-MALT1 complex, CARD14 variant",0.6333372916914064,1.1393977979665715,0.27849740932642486,0.6078778718664681,1.0,2/3,12.90%,O95999;Q9UDY8
prerank,"Dynein-2 complex, light-chain variant 3",0.4769700332963377,1.1387449303263044,0.26247288503253796,0.6075531836226455,1.0,8/8,52.41%,Q96FJ2;Q9NP97;P51808;Q96EX3;Q8NCM8;Q8WVS4;Q8WW35;Q8TCX1
prerank,"CARD-BCL10-MALT1 complex, CARD9 variant",0.6333372916914064,1.1386000569554315,0.2670967741935484,0.6058412855623825,1.0,2/3,12.90%,O95999;Q9UDY8
prerank,"Cav1.1 voltage-gated calcium channel complex, CACNA2D2-CACNB4-CACNG1 variant",0.5508733019129468,1.1379651323849174,0.275175644028103,0.6054975736920697,1.0,5/5,44.99%,Q06432;Q13698;O00305;Q9NY47-PRO_0000304639;Q9NY47-PRO_0000304637
prerank,"Ubiquitous AP-1 Adaptor complex, sigma1a variant",0.582871396895787,1.1370560211563563,0.26348039215686275,0.6059751707550124,1.0,4/4,41.78%,O43747;Q10567;Q9BXS5;P61966
prerank,"Dynein-2 complex, light-chain variant 6",0.4769700332963377,1.1353896574373852,0.2810098792535675,0.6086787149799043,1.0,8/8,52.41%,Q96FJ2;P63172;Q8TF09;Q96EX3;Q8NCM8;Q8WVS4;Q8WW35;Q8TCX1
prerank,"Dystrophin glycoprotein complex, CNS variant",0.4794672586015538,1.1341489629143764,0.27342047930283225,0.6100336222579889,1.0,8/8,52.16%,Q13424;Q14118-PRO_0000021065;Q14118-PRO_0000021066;O60941;Q96LD1;O43556;Q9NSN8;P11532-4
prerank,"Dynein-1 complex, variant 8",-0.4608985024958403,-1.1328024106758499,0.23684210526315788,0.28888216920505255,1.0,6/6,54.01%,P63167;Q13409;Q9Y6G9;Q14204;Q8TF09;P63172
prerank,"Dynein-2 complex, light-chain variant 2",0.4769700332963377,1.132469565209705,0.28169014084507044,0.6127080914807793,1.0,8/8,52.41%,Q96FJ2;P63172;Q9NP97;Q96EX3;Q8NCM8;Q8WVS4;Q8WW35;Q8TCX1
prerank,"Neuronal AP-3 Adaptor complex, sigma3a variant",0.5773281596452328,1.1302156208950263,0.28886168910648713,0.617091060954942,1.0,4/4,42.33%,O14617;Q92572;P53677;Q13367
prerank,"Neuronal AP-3 Adaptor complex, sigma3b variant",0.5773281596452328,1.1296229093593824,0.2627646326276463,0.616617610566269,1.0,4/4,42.33%,O14617;P59780;P53677;Q13367
prerank,"ESCRT-I complex, VPS37B-MVB12A variant",0.5673503325942351,1.1276863765538772,0.27926829268292686,0.6198981605747218,1.0,4/4,43.33%,Q99816;Q9UK41;Q96EY5;Q9H9H4
prerank,"Prefoldin co-chaperone complex, URI1 variant",0.5392292764069864,1.126913774186467,0.2794811320754717,0.6199913574704643,1.0,5/5,46.15%,O15212;Q9UHV9;Q9NUG6;O94763;Q9UBK9
prerank,"CARD-BCL10-MALT1 complex, CARD11 variant",0.6333372916914064,1.1258299339298596,0.28294573643410853,0.6210640587147771,1.0,2/3,12.90%,O95999;Q9UDY8
prerank,"TAK1-TAB complex, TAB2 variant",0.6272450187662157,1.1246351935741201,0.27522935779816515,0.6222810511835846,1.0,2/3,10.05%,O43318;Q15750
prerank,"FTS-Hook-FHIP cargo adaptor complex, FHIP1B-HOOK1/3 variant",0.5742793791574279,1.1213756940730704,0.2961630695443645,0.6295973782815112,1.0,4/4,42.64%,Q9H8T0;Q86VS8;Q9UJC3;Q8N612
prerank,"ESCRT-I complex, VPS37B-UBAP1 variant",0.5673503325942351,1.1211408959230824,0.2855392156862745,0.628189365952141,1.0,4/4,43.33%,Q99816;Q9UK41;Q9NZ09;Q9H9H4
prerank,"LKB1-STRAD-MO25 serine/threonine protein kinase complex, CAB39-STRADB variant",0.6109725685785536,1.120931366393732,0.29271523178807946,0.6266349551501949,1.0,3/3,38.95%,Q15831;Q9C0K7;Q9Y376
prerank,LIFT actin modulation complex,0.5637472283813749,1.1203656710424137,0.32004830917874394,0.6261032034621874,1.0,4/4,43.69%,Q9UM54;Q9NZN5;Q9P0V3;O14908
prerank,"ESCRT-I complex, VPS37B-MVB12B variant",0.5673503325942351,1.1202574086912713,0.3001230012300123,0.6242932831814464,1.0,4/4,43.33%,Q99816;Q9UK41;Q9H7P6-1;Q9H9H4
prerank,"Ubiquitous AP-3 Adaptor complex, sigma3b variant",0.5740022172949002,1.1178257931457907,0.3013530135301353,0.6288615247336463,1.0,4/4,42.66%,O14617;P59780;Q9Y2T2;O00203
prerank,"Beta-catenin destruction core complex, APC2-AXIN2-GSK3B variant",0.5679046563192904,1.1176281718901269,0.2862362971985384,0.6273448929657633,1.0,4/4,43.27%,P49841;P48729;O95996;Q9Y2T1
prerank,PDGF receptor alpha-beta - PDGF-AB complex,0.5658721360913095,1.1175645697369831,0.28177458033573144,0.6254530921435082,1.0,2/4,1.80%,P16234;P09619
prerank,"Ubiquitous AP-3 Adaptor complex, sigma3a variant",0.5740022172949002,1.1165797940856093,0.3118811881188119,0.6261625176914585,1.0,4/4,42.66%,O14617;Q92572;Q9Y2T2;O00203
prerank,"Beta-catenin destruction core complex, APC-AXIN2-GSK3B variant",0.5665188470066519,1.114464134490838,0.3022113022113022,0.6300528402315089,1.0,4/4,43.41%,P49841;P48729;Q9Y2T1;P25054
prerank,"Beta-catenin destruction core complex, APC-AXIN1-GSK3B variant",0.5665188470066518,1.1135743090948154,0.3134872417982989,0.6304729095314205,1.0,4/4,43.41%,P49841;P48729;O15169;P25054
prerank,"ESCRT-I complex, VPS37D-MVB12A variant",0.5670731707317074,1.1130488547042254,0.2943305186972256,0.6297893073183418,1.0,4/4,43.36%,Q99816;Q9UK41;Q96EY5;Q86XT2
prerank,"SREBP-SCAP-INSIG sequestering complex, INSIG1-SREBF2 variant",0.6120809088390136,1.1119299729899843,0.2819843342036554,0.6308051554922216,1.0,3/3,38.84%,CHEBI:42977;O15503;CPX-25721
prerank,"LKB1-STRAD-MO25 serine/threonine protein kinase complex, CAB39L-STRADB variant",0.6095871432529787,1.1119134246913365,0.2717678100263852,0.6287775268931144,1.0,3/3,39.09%,Q15831;Q9C0K7;Q9H9S4
prerank,"TAK1-TAB complex, TAB3 variant",0.6272450187662157,1.1118422251730788,0.29658792650918636,0.6269522916798699,1.0,2/3,10.05%,O43318;Q15750
prerank,"Nuclear meiotic cohesin complex, RAD21 variant",0.5656873614190688,1.111192506715858,0.2779827798277983,0.626684807966745,1.0,4/4,43.49%,Q9UQE7;O60216;Q9UJ98;Q8NDV3
prerank,"SREBP-SCAP-INSIG sequestering complex, INSIG2-SREBF1 variant",0.6137434192297035,1.110683016391973,0.3031496062992126,0.6260468583385864,1.0,3/3,38.68%,CHEBI:42977;CPX-25745;Q9Y5U4
prerank,"Beta-catenin destruction core complex, APC2-AXIN1-GSK3B variant",0.5681818181818181,1.1091197033751587,0.3116564417177914,0.6283513173098315,1.0,4/4,43.24%,P49841;P48729;O95996;O15169
prerank,GLUK1-GLUK2-GLUK5 glutamate ionotropic kainate-type receptor complex,0.6176226101413134,1.108892013445833,0.2992021276595745,0.6269336750172908,1.0,3/3,38.29%,Q13002;P39086;Q16478
prerank,GLUK1-GLUK3-GLUK5 glutamate ionotropic kainate-type receptor complex,0.6176226101413134,1.1086613720616285,0.2923280423280423,0.6254937876128766,1.0,3/3,38.29%,Q13003;P39086;Q16478
prerank,CKM complex variant 2,0.5643015521064301,1.1085586685559152,0.3012345679012346,0.6237948690651192,1.0,4/4,43.63%,P24863;Q9UHV7;Q93074;Q9BWU1
prerank,"SREBP-SCAP-INSIG sequestering complex, INSIG2-SREBF2 variant",0.6120809088390136,1.10799306493654,0.2998678996036988,0.623341103219985,1.0,3/3,38.84%,CHEBI:42977;Q9Y5U4;CPX-25721
prerank,"ILK-PINCH-Parvin complex, LIMS2-PARVB variant",0.6062621224715987,1.1069684591426647,0.30120481927710846,0.6242301637995172,1.0,3/3,39.42%,Q13418;Q7Z4I7;Q9HBI1
prerank,"ESCRT-I complex, VPS37A-MVB12B variant",0.5662416851441242,1.1065462220374802,0.3155339805825243,0.6233921029090477,1.0,4/4,43.44%,Q99816;Q9UK41;Q9H7P6-1;Q8NEZ2
prerank,"ILK-PINCH-Parvin complex, LIMS1-PARVB variant",0.6062621224715987,1.105496869082762,0.2977602108036891,0.6244205150760263,1.0,3/3,39.42%,Q13418;P48059;Q9HBI1
prerank,"ESCRT-I complex, VPS37D-MVB12B variant",0.5670731707317074,1.1054131196528727,0.31203931203931207,0.6226902013908364,1.0,4/4,43.36%,Q99816;Q9UK41;Q9H7P6-1;Q86XT2
prerank,"Mitochondrial calcium uniporter complex, MICU1-MICU3 variant",0.5631929046563193,1.104940544080653,0.3,0.6220685486303105,1.0,4/4,43.74%,Q8NE86;Q9BPX6;Q9H4I9;Q86XE3
prerank,"ESCRT-I complex, VPS37C-MVB12A variant",0.5659645232815965,1.1043789178700247,0.3212121212121212,0.621652046836088,1.0,4/4,43.47%,Q99816;Q9UK41;Q96EY5;A5D8V6
prerank,"SREBP-SCAP-INSIG sequestering complex, INSIG1-SREBF1 variant",0.6145746744250484,1.103516088859726,0.32189973614775724,0.6220156148017122,1.0,3/3,38.59%,CHEBI:42977;CPX-25745;O15503
prerank,"ESCRT-I complex, VPS37D-UBAP1 variant",0.5670731707317074,1.103297680356923,0.32806804374240583,0.6206678632309165,1.0,4/4,43.36%,Q99816;Q9UK41;Q9NZ09;Q86XT2
prerank,"RAVE complex, DMXL2 variant",0.6161616161616161,1.1027021487894504,0.32512953367875647,0.6203681661302215,1.0,2/3,11.16%,Q9GZN7;Q9Y4E6
prerank,"ESCRT-I complex, VPS37A-MVB12A variant",0.5662416851441242,1.1023863762231916,0.3084455324357405,0.6193089172648921,1.0,4/4,43.44%,Q99816;Q9UK41;Q96EY5;Q8NEZ2
prerank,"ESCRT-I complex, VPS37A-UBAP1 variant",0.5662416851441242,1.102297656127665,0.32484848484848483,0.6176510629182927,1.0,4/4,43.44%,Q99816;Q9UK41;Q9NZ09;Q8NEZ2
prerank,"LKB1-STRAD-MO25 serine/threonine protein kinase complex, CAB39L-STRADA variant",0.6073704627320587,1.1016121670564403,0.31266490765171506,0.6175327160645213,1.0,3/3,39.31%,Q15831;Q9H9S4;Q7RTN6
prerank,"RAVE complex, DMXL1 variant",0.6161616161616161,1.101213902756139,0.2917771883289125,0.6166149544284633,1.0,2/3,11.16%,Q9GZN7;Q9Y4E6
prerank,"ESCRT-I complex, VPS37C-MVB12B variant",0.5659645232815965,1.100646924969721,0.3198031980319803,0.6161779020315197,1.0,4/4,43.47%,Q99816;Q9UK41;Q9H7P6-1;A5D8V6
prerank,Interleukin-4 receptor-ligand type-2 complex,-0.5641451925741203,-1.0977605766958167,0.3059360730593607,0.3317339055386391,1.0,3/3,43.66%,P78552;P05112;P24394
prerank,"ESCRT-I complex, VPS37C-UBAP1 variant",0.5659645232815965,1.0975648381013727,0.3365500603136309,0.6228485417687885,1.0,4/4,43.47%,Q99816;Q9UK41;Q9NZ09;A5D8V6
prerank,SNARE complex STX1B-SNAP25-VAMP2,0.6106954835134386,1.0975106200728653,0.32100396301188905,0.6211318927883803,1.0,3/3,38.98%,P60880;P63027;P61266
prerank,SNARE complex STX1A-SNAP25-VAMP2,0.6115267387087836,1.0967049748628517,0.3118279569892473,0.6214669380439048,1.0,3/3,38.90%,P60880;P63027;Q16623
prerank,"GABA-A receptor, alpha1-beta1-beta2-gamma2",0.5559866962305987,1.096419093444641,0.3418491484184915,0.620362353264872,1.0,4/4,44.46%,P47870;P18507;P18505;P14867
prerank,"Cav1.2 voltage-gated calcium channel complex, CACNA2D4-CACNB2 variant",0.550443458980044,1.096415223067953,0.3058542413381123,0.6185080375595099,1.0,4/4,45.02%,Q13936;Q08289;Q7Z3S7-PRO_0000304657;Q7Z3S7-PRO_0000304656
prerank,"MON1-CCZ1 guanyl-nucleotide exchange factor complex, MON1A variant",0.6018287614297589,1.0937075435954555,0.32450331125827814,0.6237013752123561,1.0,3/3,39.87%,Q96DM3;P86791;Q86VX9
prerank,"Cav1.2 voltage-gated calcium channel complex, CACNA2D4-CACNB3 variant",0.550443458980044,1.0933643475089763,0.3195625759416768,0.622735619826044,1.0,4/4,45.02%,Q13936;P54284;Q7Z3S7-PRO_0000304657;Q7Z3S7-PRO_0000304656
prerank,"Cav1.2 voltage-gated calcium channel complex, CACNA2D3-CACNB3 variant",0.5498891352549886,1.093326380595056,0.3099273607748184,0.6209849265543934,1.0,4/4,45.07%,Q13936;P54284;Q8IZS8-PRO_0000304647;Q8IZS8-PRO_0000304648
prerank,"Cav1.2 voltage-gated calcium channel complex, CACNA2D4-CACNB1 variant",0.550443458980044,1.0925434312977784,0.3202380952380952,0.6212393626970488,1.0,4/4,45.02%,Q13936;Q02641;Q7Z3S7-PRO_0000304657;Q7Z3S7-PRO_0000304656
prerank,CKM complex variant 1,0.5604212860310421,1.0923825945568038,0.3316892725030826,0.6197739645352613,1.0,4/4,44.02%,P24863;Q9UHV7;Q93074;P49336
prerank,"MON1-CCZ1 guanyl-nucleotide exchange factor complex, MON1B variant",0.6023829315599889,1.092320713665107,0.3211009174311927,0.6181017820740331,1.0,3/3,39.81%,Q96DM3;P86791;Q7L1V2
prerank,"Cav1.2 voltage-gated calcium channel complex, CACNA2D2-CACNB3 variant",0.5507206208425717,1.091890527322065,0.32116788321167883,0.6174356163157542,1.0,4/4,44.99%,Q13936;P54284;Q9NY47-PRO_0000304639;Q9NY47-PRO_0000304637
prerank,"LKB1-STRAD-MO25 serine/threonine protein kinase complex, CAB39-STRADA variant",0.6073704627320587,1.0917602618204836,0.3228021978021978,0.6159824604652149,1.0,3/3,39.31%,Q15831;Q9Y376;Q7RTN6
prerank,"ILK-PINCH-Parvin complex, LIMS2-PARVA variant",0.6065392075367138,1.089585498064105,0.31501340482573725,0.6199452402557861,1.0,3/3,39.40%,Q13418;Q7Z4I7;Q9NVD7
prerank,"ILK-PINCH-Parvin complex, LIMS1-PARVA variant",0.6065392075367138,1.0888240951722299,0.33067729083665337,0.6202368166228945,1.0,3/3,39.40%,Q13418;P48059;Q9NVD7
prerank,GLUK1-GLUK2-GLUK4 glutamate ionotropic kainate-type receptor complex,0.6048766971460238,1.0862777484424848,0.3328912466843501,0.6252708163543933,1.0,3/3,39.56%,Q13002;P39086;Q16099
prerank,GLUK1-GLUK3-GLUK4 glutamate ionotropic kainate-type receptor complex,0.6048766971460238,1.08503486164491,0.3381578947368421,0.6267253576538916,1.0,3/3,39.56%,Q13003;P39086;Q16099
prerank,SNARE complex STX1B-SNAP25-VAMP1,0.6021058464948739,1.0842017250375915,0.3257978723404255,0.6271360783879031,1.0,3/3,39.84%,P60880;P61266;P23763
prerank,"RNA decapping and exonuclease complex, DCP1A variant",0.4900166389351083,1.0838386869126349,0.3512304250559284,0.6262369095232985,1.0,6/6,51.08%,P26196;Q96F86;Q8IZH2;Q6P2E9;Q8IU60;Q9NPI6
prerank,"GABA-A receptor, alpha1-alpha3-beta2-gamma2",0.553769401330377,1.0832087234952195,0.3353584447144593,0.6260088364693257,1.0,4/4,44.68%,P47870;P18507;P14867;P34903
prerank,"GABA-A receptor, alpha1-beta2-beta3-gamma2",0.5559866962305987,1.083191223043116,0.3503030303030303,0.6242579548793629,1.0,4/4,44.46%,P28472;P47870;P18507;P14867
prerank,"MON1-CCZ1B guanyl-nucleotide exchange factor complex, MON1B variant",0.6015516763646439,1.0823832821455166,0.3390501319261214,0.6246693883995533,1.0,3/3,39.89%,Q96DM3;Q7L1V2;P86790
prerank,CL-LK-MASP1 lectin-protease complex,0.5482261640798227,1.0814182280500604,0.33044554455445546,0.6253438828042128,1.0,4/4,45.24%,P48740-PRO_0000027593;P48740-PRO_0000027594;Q9BWP8;Q9Y6Z7
prerank,"Cav1.2 voltage-gated calcium channel complex, CACNA2D2-CACNB2 variant",0.5507206208425717,1.0805582107356813,0.32883435582822085,0.6258021704001482,1.0,4/4,44.99%,Q13936;Q08289;Q9NY47-PRO_0000304639;Q9NY47-PRO_0000304637
prerank,SNARE complex STX1A-SNAP25-VAMP1,0.6021058464948739,1.0802660114094285,0.3447802197802198,0.6248129191782996,1.0,3/3,39.84%,P60880;Q16623;P23763
prerank,"Cav1.2 voltage-gated calcium channel complex, CACNA2D2-CACNB4 variant",0.5507206208425717,1.0801590652920872,0.3449519230769231,0.6233403065299271,1.0,4/4,44.99%,Q13936;O00305;Q9NY47-PRO_0000304639;Q9NY47-PRO_0000304637
prerank,"Cav1.2 voltage-gated calcium channel complex, CACNA2D3-CACNB2 variant",0.5498891352549886,1.0799594456845587,0.32971014492753625,0.6220719914338799,1.0,4/4,45.07%,Q13936;Q08289;Q8IZS8-PRO_0000304647;Q8IZS8-PRO_0000304648
prerank,"MON1-CCZ1B guanyl-nucleotide exchange factor complex, MON1A variant",0.6015516763646439,1.0792595823102553,0.34877384196185285,0.6221531110452203,1.0,3/3,39.89%,Q96DM3;Q86VX9;P86790
prerank,"Cav1.2 voltage-gated calcium channel complex, CACNA2D1-CACNB4 variant",0.5518292682926826,1.0783646142889705,0.3501199040767386,0.6227218393332056,1.0,4/4,44.88%,Q13936;O00305;P54289-PRO_0000005001;P54289-PRO_0000005002
prerank,"Cav1.2 voltage-gated calcium channel complex, CACNA2D3-CACNB4 variant",0.5498891352549886,1.0783243340876643,0.3574007220216607,0.6210948317577218,1.0,4/4,45.07%,Q13936;O00305;Q8IZS8-PRO_0000304647;Q8IZS8-PRO_0000304648
prerank,"Cav1.2 voltage-gated calcium channel complex, CACNA2D3-CACNB1 variant",0.5498891352549886,1.077349321306817,0.34499396863691195,0.6218171118885871,1.0,4/4,45.07%,Q13936;Q02641;Q8IZS8-PRO_0000304647;Q8IZS8-PRO_0000304648
prerank,Interleukin-13 receptor-ligand alpha 1 complex,-0.5641451925741203,-1.0764594728518968,0.35874439461883406,0.35954197437440377,1.0,3/3,43.66%,P78552;P35225;P24394
prerank,"Cav1.2 voltage-gated calcium channel complex, CACNA2D1-CACNB3 variant",0.5518292682926826,1.0764179035079389,0.34525277435265106,0.622503432425622,1.0,4/4,44.88%,Q13936;P54284;P54289-PRO_0000005001;P54289-PRO_0000005002
prerank,"mTNF-TNR1A receptor-ligand core complex, BIRC2 variant",0.46241331484049925,1.0754863817742075,0.36047774158523344,0.6232146232205277,1.0,7/7,53.85%,Q12933;Q13546;Q13490;CPX-8931;O00463;Q15628;P19438-PRO_0000034543
prerank,"Cav1.2 voltage-gated calcium channel complex, CACNA2D2-CACNB1 variant",0.5507206208425717,1.0751563835280906,0.34512195121951217,0.6223556028773516,1.0,4/4,44.99%,Q13936;Q02641;Q9NY47-PRO_0000304639;Q9NY47-PRO_0000304637
prerank,"Cav1.2 voltage-gated calcium channel complex, CACNA2D4-CACNB4 variant",0.5504434589800441,1.0749810457904967,0.35558252427184467,0.6210688438129006,1.0,4/4,45.02%,Q13936;O00305;Q7Z3S7-PRO_0000304657;Q7Z3S7-PRO_0000304656
prerank,"Cav1.2 voltage-gated calcium channel complex, CACNA2D1-CACNB2 variant",0.5518292682926826,1.0739220045394757,0.3589108910891089,0.6220056045241567,1.0,4/4,44.88%,Q13936;Q08289;P54289-PRO_0000005001;P54289-PRO_0000005002
prerank,CL-LK-MASP2 lectin-protease complex,0.5482261640798227,1.073414534036873,0.348780487804878,0.6215240403157771,1.0,4/4,45.24%,O00187-PRO_0000027600;O00187-PRO_0000027599;Q9BWP8;Q9Y6Z7
prerank,"Cav1.2 voltage-gated calcium channel complex, CACNA2D1-CACNB1 variant",0.5518292682926826,1.0714691981583322,0.35436893203883496,0.6246179261656422,1.0,4/4,44.88%,Q13936;Q02641;P54289-PRO_0000005001;P54289-PRO_0000005002
prerank,"Ubiquitous AP-1 Adaptor complex, sigma1b variant",0.5432372505543238,1.0693909188214863,0.3570552147239264,0.628154047215307,1.0,4/4,45.74%,O43747;Q10567;Q9BXS5;P56377
prerank,"Endothelial AP-1 Adaptor complex, sigma1a variant",0.5404656319290466,1.0687626233557805,0.35393939393939394,0.6280722331274723,1.0,4/4,46.01%,O43747;Q10567;P61966;Q9Y6Q5
prerank,"RNA decapping and exonuclease complex, DCP1B variant",0.4841930116472547,1.0663753848448112,0.3793884484711212,0.6324213557378474,1.0,6/6,51.66%,P26196;Q96F86;Q8IZH2;Q6P2E9;Q8IU60;Q8IZD4
prerank,"mTNF-TNR1A receptor-ligand core complex, BIRC3 variant",0.46241331484049925,1.064936300688015,0.3877327491785323,0.6345120662155083,1.0,7/7,53.85%,Q12933;Q13546;CPX-8931;Q13489;O00463;Q15628;P19438-PRO_0000034543
prerank,"BOS complex, NOMO1 variant",0.5812551952512208,1.0633847325723893,0.3480453972257251,0.6365961559736872,1.0,2/3,16.92%,Q969V3;Q9BVK8
prerank,"AMPK complex, alpha1-beta2-gamma1 variant",0.5766140205042948,1.0624985015542836,0.36254980079681276,0.6371124011939492,1.0,3/3,42.39%,Q13131;O43741;P54619
prerank,"AMPK complex, alpha1-beta2-gamma3 variant",0.5810473815461346,1.06220198294585,0.36400541271989173,0.6361119537543374,1.0,3/3,41.94%,Q13131;O43741;Q9UGI9
prerank,CCM endothelial permeability complex,0.5813244666112497,1.0594403733970876,0.35809018567639256,0.6410733351092506,1.0,3/3,41.92%,O00522;Q9BUL8;Q9BSQ5
prerank,"Ubiquitous AP-1 Adaptor complex, sigma1c variant",0.5435144124168515,1.0581367473081003,0.3543990086741016,0.6426576621189395,1.0,4/4,45.71%,O43747;Q10567;Q9BXS5;Q96PC3
prerank,"AMPK complex, alpha2-beta2-gamma3 variant",0.5810473815461346,1.0570533517760403,0.3518005540166205,0.6436172240797186,1.0,3/3,41.94%,O43741;P54646;Q9UGI9
prerank,"BOS complex, NOMO3 variant",0.5812551952512208,1.0559026645154532,0.36753246753246754,0.6447410057622447,1.0,2/3,16.92%,Q969V3;Q9BVK8
prerank,"BOS complex, NOMO2 variant",0.5812551952512208,1.0541244039421773,0.38584779706275035,0.647536815788967,1.0,2/3,16.92%,Q969V3;Q9BVK8
prerank,"AMPK complex, alpha2-beta2-gamma1 variant",0.5766140205042948,1.0536670230423608,0.3790322580645161,0.6469434675593273,1.0,3/3,42.39%,O43741;P54646;P54619
prerank,"Gamma-delta T cell receptor complex, TRGC1 variant",0.5037427224840588,1.0530122306767393,0.39105504587155965,0.6469086143099482,1.0,5/5,49.70%,P07766;P09693;P20963;B7Z8K6;P0CF51
prerank,"LIN-10-LIN-2-LIN-7 complex, LIN7B variant",0.577098919274496,1.052209564029545,0.37662337662337664,0.6471124139878246,1.0,2/3,17.33%,O14936;Q02410
prerank,"Gamma-delta T cell receptor complex, TRGC2 variant",0.503465483781536,1.0514455047306837,0.4050632911392405,0.6473452537027727,1.0,5/5,49.72%,P07766;P09693;P20963;B7Z8K6;P03986
prerank,"LIN-10-LIN-2-LIN-7 complex, LIN7A variant",0.577098919274496,1.051035359686172,0.37467700258397935,0.6467195655082045,1.0,2/3,17.33%,O14936;Q02410
prerank,Interleukin-6 sIL6R-mIL6ST receptor-ligand trans-signalling complex,-0.5541701302299806,-1.0505234628898992,0.3926940639269406,0.3958770756350147,1.0,3/3,44.66%,P40189-1;P08887-PRO_0000450730;P05231
prerank,BOLA2-GLRX3 iron-sulfur cluster assembly complex,0.5351995565410201,1.0497652293478064,0.3818849449204406,0.6481801755441244,1.0,4/4,46.54%,CHEBI:16856;CHEBI:33737;O76003;Q9H3K6
prerank,Classical and lectin pathway C3 convertase complex C4b2a-A,0.5357538802660755,1.0495974422710526,0.4017094017094017,0.6468894133992061,1.0,4/4,46.48%,P06681-PRO_0000027612;P0C0L4-PRO_0000005966;P0C0L4-PRO_0000005970;P0C0L4-PRO_0000005972
prerank,"AMPK complex, alpha1-beta1-gamma3 variant",0.5810473815461346,1.049016650773209,0.3751668891855808,0.6466124122003235,1.0,3/3,41.94%,Q9Y478;Q13131;Q9UGI9
prerank,"AMPK complex, alpha1-beta1-gamma1 variant",0.5766140205042948,1.0488287651140722,0.3731931668856767,0.6453843783533088,1.0,3/3,42.39%,Q9Y478;Q13131;P54619
prerank,"AMPK complex, alpha2-beta1-gamma1 variant",0.5766140205042948,1.048105474182184,0.39095744680851063,0.645511361832904,1.0,3/3,42.39%,Q9Y478;P54646;P54619
prerank,"AMPK complex, alpha1-beta2-gamma2 variant",0.5788307010252147,1.0479714028664742,0.399452804377565,0.6442067329392613,1.0,3/3,42.17%,Q13131;O43741;Q9UGJ0
prerank,Interleukin-6 sIL6R-sIL6ST buffering receptor-ligand complex,-0.5541701302299806,-1.0477431047176757,0.3963963963963964,0.39934404066711543,1.0,3/3,44.66%,P40189-2;P08887-PRO_0000450730;P05231
prerank,"LIN-10-LIN-2-LIN-7 complex, LIN7C variant",0.577098919274496,1.0470589736770202,0.3868808567603748,0.6447843247776144,1.0,2/3,17.33%,O14936;Q02410
prerank,"AMPK complex, alpha2-beta1-gamma3 variant",0.5810473815461346,1.0462827297840023,0.3756830601092896,0.6450030521780283,1.0,3/3,41.94%,Q9Y478;P54646;Q9UGI9
prerank,"AMPK complex, alpha2-beta1-gamma2 variant",0.5788307010252147,1.0450961139726154,0.38461538461538464,0.646215256199439,1.0,3/3,42.17%,Q9Y478;P54646;Q9UGJ0
prerank,"SEC61 protein-conducting channel complex, SEC1A1 variant",0.5793848711554447,1.0443918878661143,0.4043927648578811,0.6462799811999541,1.0,3/3,42.11%,P60059;P60468;P61619
prerank,Collagen type IV trimer variant 3,0.5757827653089499,1.0442623341920767,0.40106241699867196,0.6449374155468451,1.0,3/3,42.47%,P29400;P53420;Q01955
prerank,Mitochondrial BOLA3-GLRX5 iron-sulfur cluster assembly complex,0.5302106430155212,1.0429388417244279,0.40171990171990174,0.6465947916275839,1.0,4/4,47.04%,CHEBI:16856;CHEBI:33737;Q86SX6;Q53S33
prerank,"AMPK complex, alpha2-beta2-gamma2 variant",0.5788307010252147,1.04222346893321,0.41127922971114167,0.64672922238236,1.0,3/3,42.17%,O43741;P54646;Q9UGJ0
prerank,"FTS-Hook-FHIP cargo adaptor complex, FHIP1A-HOOK1/3 variant",0.5304878048780488,1.0411072893551119,0.39832535885167464,0.6477479942843393,1.0,4/4,47.01%,Q9H8T0;Q86VS8;Q9UJC3;Q05DH4
prerank,Mitochondrial BOLA1-GLRX5 iron-sulfur cluster assembly complex,0.5299334811529934,1.0401313451976835,0.4056029232643118,0.6484004377622772,1.0,4/4,47.07%,CHEBI:16856;CHEBI:33737;Q86SX6;Q9Y3E2
prerank,"AMPK complex, alpha1-beta1-gamma2 variant",0.5788307010252147,1.039707712355197,0.393048128342246,0.6478058425379064,1.0,3/3,42.17%,Q9Y478;Q13131;Q9UGJ0
prerank,"SEC61 protein-conducting channel complex, SEC1A2 variant",0.5782765308949847,1.0396314456630933,0.4032042723631509,0.6463530908875603,1.0,3/3,42.22%,P60059;P60468;Q9H9S3
prerank,Interleukin-17A-F receptor-ligand complex,0.5031882450790129,1.0368560944502345,0.41073512252042005,0.6514467462826316,1.0,5/5,49.75%,Q96F46;O43734;Q8NAC3;Q96PD4;Q16552
prerank,"GABA-A receptor, alpha1-alpha2-beta1-beta2-gamma2",0.4932076517881896,1.0366742143025174,0.4100467289719626,0.6502196083213836,1.0,5/5,50.75%,P47870;P18507;P18505;P14867;P47869
prerank,Interleukin-19 receptor-ligand complex,-0.545580493211416,-1.035643601407033,0.38735177865612647,0.41618490266739017,1.0,3/3,45.51%,Q9UHD0-PRO_0000015379;Q6UXL0;Q9UHF4
prerank,"Replication protein A complex, RPA2 variant",0.5791077860903296,1.034883837418104,0.4050131926121372,0.6530638265820744,1.0,3/3,42.14%,P27694;P35244;P15927
prerank,"sTNF-TNR1A receptor-ligand core complex, BIRC2 variant",0.4479889042995838,1.0342898554962878,0.41423948220064727,0.6527796136860864,1.0,7/7,55.29%,Q12933;Q13546;Q13490;O00463;Q15628;P19438-PRO_0000034543;CPX-8826
prerank,ASCC DNA alkylation repair complex,0.5730119146577999,1.0321886287392075,0.4064935064935065,0.6562069073674032,1.0,3/3,42.75%,Q8N3C0;Q9H1I8;Q8N9N2
prerank,Interleukin-20 receptor-ligand Type 1 complex,-0.545580493211416,-1.0314984947338568,0.37117903930131,0.4215487704075902,1.0,3/3,45.51%,Q9NYY1;Q6UXL0;Q9UHF4
prerank,Interleukin-27 receptor-ligand complex,-0.48059866962305986,-1.030842760780251,0.38613861386138615,0.42190420083163965,1.0,4/4,52.02%,Q8NEV9;Q14213;Q6UWB1;P40189
prerank,"Interleukin-24 receptor-ligand complex, type 1",-0.545580493211416,-1.0296821939933933,0.38396624472573837,0.42318241155711506,1.0,3/3,45.51%,Q13007;Q6UXL0;Q9UHF4
prerank,"GABA-A receptor, alpha1-alpha2-beta2-beta3-gamma2",0.4932076517881897,1.0295779222165464,0.4172494172494173,0.6609345383915405,1.0,5/5,50.75%,P28472;P47870;P18507;P14867;P47869
prerank,Interleukin-18 receptor-ligand complex,0.57356608478803,1.0292871657838383,0.4261213720316623,0.6600382569902511,1.0,3/3,42.69%,Q14116;Q13478;O95256
prerank,RQT ribosome-associated quality control trigger complex,0.572734829592685,1.0281834082622503,0.40522875816993464,0.6609546591230994,1.0,3/3,42.77%,Q8N3C0;Q9H1I8;Q15650
prerank,Classical and lectin pathway C3 convertase complex C4b2a-B,0.5213414634146343,1.0276233158383008,0.4182041820418204,0.6607417983098548,1.0,4/4,47.92%,P06681-PRO_0000027612;P0C0L5-PRO_0000042703;P0C0L5-PRO_0000042699;P0C0L5-PRO_0000042706
prerank,"Replication protein A complex, RPA4 variant",0.5752285951787198,1.0271828444223277,0.43005181347150256,0.6601625082686878,1.0,3/3,42.52%,P27694;P35244;Q13156
prerank,"sTNF-TNR1A receptor-ligand core complex, BIRC3 variant",0.4479889042995838,1.0268234539177998,0.4432194046306505,0.6594181409014365,1.0,7/7,55.29%,Q12933;Q13546;Q13489;O00463;Q15628;P19438-PRO_0000034543;CPX-8826
prerank,NLRP1 inflammasome,0.56637974965075,1.026554231865708,0.41823056300268097,0.6584875663953935,1.0,2/3,20.82%,P29466;Q9ULZ3
prerank,"PAR cell polarity complex, PARD6B-PRKCZ variant",0.5580493211415904,1.025281632691344,0.4149933065595716,0.6599591422061527,1.0,3/3,44.24%,Q8TEW0;Q05513;Q9BYG5
prerank,Pyrin inflammasome,0.56637974965075,1.0249989890057565,0.4185430463576159,0.6590275894722832,1.0,2/3,20.82%,P29466;Q9ULZ3
prerank,"PAR cell polarity complex, PARD6G-PRKCZ variant",0.5627597672485454,1.023998183893577,0.4093333333333333,0.6597633059347923,1.0,3/3,43.77%,Q8TEW0;Q05513;Q9BYG4
prerank,Alternative pathway fluid-phase C3 convertase complex C3(H2O)Bb,-0.544472152950956,-1.023130253677575,0.4009009009009009,0.43256009531151446,1.0,3/3,45.63%,P01024-PRO_0000005909;P01024-PRO_0000005908;P00751-PRO_0000027547
prerank,COPII vesicle coat complex,0.4177074660005553,1.0227605034202514,0.4373650107991361,0.661095411715564,1.0,9/9,58.33%,P55735;Q9NR31;O94979;Q9NQW1;P53992;O94855;O95487;O95486;Q9Y6B6
prerank,"Dynein-1 complex, variant 13",0.4597892401552965,1.0223103416847927,0.4407158836689038,0.6605332719979883,1.0,6/6,54.10%,Q96FJ2;Q9NP97;P51808;Q14204;O43237;O14576
prerank,Interleukin-23 receptor-ligand complex,0.5185698447893572,1.0203952577159394,0.4519350811485643,0.6634254657042461,1.0,4/4,48.20%,P42701-PRO_0000010917;P29460-PRO_0000010930;Q9NPF7-PRO_0000259488;Q5VWK5-PRO_0000268662
prerank,"PAR cell polarity complex, PARD6B-PRKCI variant",0.5580493211415904,1.020331498547086,0.42084942084942084,0.6619971950184887,1.0,3/3,44.24%,Q8TEW0;P41743;Q9BYG5
prerank,"Dynein-1 complex, variant 14",0.4597892401552965,1.0201797335207463,0.4177777777777778,0.6607810987202319,1.0,6/6,54.10%,Q96FJ2;Q9NP97;P51808;Q14204;Q9Y6G9;O14576
prerank,Interleukin-20 receptor-ligand type 2 complex,-0.545303408146301,-1.0201500858925283,0.3953488372093023,0.43660946210291846,1.0,3/3,45.54%,Q9NYY1-PRO_0000015381;Q6UXL0;Q8N6P7
prerank,PDGF receptor alpha - PDGF-AB complex,0.5605430867276253,1.0195561452090212,0.4203084832904884,0.660705844032983,1.0,3/3,43.99%,P16234;P01127;P04085
prerank,"Poly(A) tail exosome targeting complex, RBM27 variant",0.4846132520099806,1.0182944622734842,0.4427570093457944,0.6621271522923369,1.0,5/5,51.61%,P42285;O60293;Q86U42;Q8IXZ2;Q9P2N5
prerank,PDGF receptor beta - PDGF-AB complex,0.5605430867276253,1.0180669265842799,0.42408376963350786,0.6611151334525776,1.0,3/3,43.99%,P09619;P01127;P04085
prerank,"Katanin complex, KATNAL2-KATNBL1 variant",0.5616514269880853,1.017727433248001,0.4289544235924933,0.6603709983505445,1.0,3/3,43.88%,CHEBI:15422;Q9H079;Q8IYT4
prerank,NLRP3 inflammasome,0.56637974965075,1.017679954898104,0.4270557029177719,0.6589267809867655,1.0,2/3,20.82%,P29466;Q9ULZ3
prerank,"Katanin complex, KATNAL2-KATNB1 variant",0.5616514269880853,1.0158249319295871,0.4342629482071713,0.6616469439900513,1.0,3/3,43.88%,CHEBI:15422;Q9BVA0;Q8IYT4
prerank,"Dynein-1 complex, variant 16",0.46034387132556825,1.0154473103748858,0.4439461883408072,0.6610199150883478,1.0,6/6,54.04%,Q96FJ2;Q9NP97;P51808;Q14204;Q9Y6G9;Q13409
prerank,AIM2 inflammasome,0.56637974965075,1.015306317457813,0.4429882044560944,0.6598261458016901,1.0,2/3,20.82%,P29466;Q9ULZ3
prerank,"PAR cell polarity complex, PARD6A-PRKCZ variant",0.5572180659462456,1.0152661691389362,0.422103861517976,0.6583846005123196,1.0,3/3,44.32%,Q8TEW0;Q05513;Q9NPB6
prerank,"Dynein-1 complex, variant 10",0.45978924015529654,1.0135773976409992,0.45172031076581576,0.6607423803190224,1.0,6/6,54.10%,Q96FJ2;P63172;Q9NP97;Q14204;Q9Y6G9;O14576
prerank,"Dynein-1 complex, variant 15",0.46006655574043237,1.0135127440643168,0.4469783352337514,0.6593507616538761,1.0,6/6,54.07%,Q96FJ2;Q9NP97;P51808;Q14204;Q13409;O43237
prerank,"PAR cell polarity complex, PARD6G-PRKCI variant",0.5627597672485454,1.0130458893033492,0.4343302990897269,0.6589106822414827,1.0,3/3,43.77%,Q8TEW0;P41743;Q9BYG4
prerank,"Poly(A) tail exosome targeting complex, RBM26 variant",0.4873856390352094,1.0114354949053077,0.44976076555023925,0.6611446676019549,1.0,5/5,51.33%,P42285;O60293;Q86U42;Q8IXZ2;Q5T8P6
prerank,"Dynein-1 complex, variant 9",0.45978924015529654,1.0112717071084496,0.45657015590200445,0.660006864221938,1.0,6/6,54.10%,Q96FJ2;P63172;Q9NP97;Q14204;O43237;O14576
prerank,"Dynein-1 complex, variant 12",0.4603438713255683,1.011125738550473,0.4601571268237935,0.6588319899847546,1.0,6/6,54.04%,Q96FJ2;P63172;Q9NP97;Q14204;Q9Y6G9;Q13409
prerank,SNARE complex STX17-SNAP47-VAMP7,0.5622055971183153,1.0103961012606577,0.4423841059602649,0.6590183443605442,1.0,3/3,43.83%,P56962;Q5SQN1;P51809
prerank,"Dynein-1 complex, variant 11",0.4600665557404324,1.0098043419837062,0.43615819209039547,0.6590051462081733,1.0,6/6,54.07%,Q96FJ2;P63172;Q9NP97;Q14204;Q13409;O43237
prerank,SNARE complex STX17-SNAP47-VAMP8,0.5624826821834303,1.0093657263386222,0.4307891332470893,0.6585377492851584,1.0,3/3,43.80%,P56962;Q9BV40;Q5SQN1
prerank,SNARE complex STX17-SNAP29-VAMP8,0.5638681075090053,1.0080223643779431,0.45039164490861616,0.6601801056133993,1.0,3/3,43.66%,P56962;O95721;Q9BV40
prerank,"Interleukin-24 receptor-ligand complex, type 2",-0.545303408146301,-1.0080125951193906,0.4057377049180328,0.4549453919367869,1.0,3/3,45.54%,Q13007;Q6UXL0;Q8N6P7
prerank,"Katanin complex, KATNAL1-KATNB1 variant",0.5577722360764755,1.0056306049014097,0.436435124508519,0.6642092736087197,1.0,3/3,44.27%,CHEBI:15422;Q9BVA0;Q9BW62
prerank,Collagen type XI trimer variant 3,0.5588805763369354,1.0053077953085368,0.46357615894039733,0.6634437772420043,1.0,3/3,44.16%,P12107;P05997;P20908
prerank,"Katanin complex, KATNA1-KATNB1 variant",0.5569409808811305,1.0037410266215752,0.45115681233933164,0.6654476835305088,1.0,3/3,44.35%,CHEBI:15422;Q9BVA0;O75449
prerank,"Katanin complex, KATNA1-KATNBL1 variant",0.5569409808811305,1.00291684681788,0.45395590142671854,0.6658212543501115,1.0,3/3,44.35%,CHEBI:15422;Q9H079;O75449
prerank,SNARE complex STX17-SNAP29-VAMP7,0.5622055971183153,1.002039839300876,0.4653333333333333,0.6663135909652448,1.0,3/3,43.83%,P56962;O95721;P51809
prerank,"PAR cell polarity complex, PARD6A-PRKCI variant",0.5572180659462456,1.0004138383183536,0.45866666666666667,0.6687213919078899,1.0,3/3,44.32%,Q8TEW0;P41743;Q9NPB6
prerank,Major Post-catalytic P Spliceosome complex,-0.6718006160739289,-1.0,1.0,0.45364983280438115,1.0,41/41,33.61%,Q14562;O95391;Q9H875;O15234;P61326;P38919;Q9Y5S9;O95926;O60508;Q9Y3C6;O75934;Q9HCG8;Q9UMS4;Q9UQ35;P41223;Q9NW64;Q9BZJ0;O60306;Q9UNP9;Q9HCS7;O43660;Q99459;Q9P013;URS000075BAAE_9606;Q13573;O75643;Q96DI7;Q6P2Q9;Q15029;URS00006767A8_9606;CHEBI:139356;P08579;URS00006A1489_9606;P09661;P62314;P62316;P62308;P62318;P62304;P62306;P14678
prerank,30S proteasome complex,-0.8248981650975157,-1.0,1.0,0.45364983280438115,1.0,32/33,14.76%,P51665;Q99460;Q16186;Q15008;P62333;Q13200;O00231;P55036;P62195;P43686;P48556;Q9UNM6;O43242;O00487;O00232;P17980;P62191;P35998;Q99436;P28072;P28074;O14818;P28070;P28066;P25789;P25786;P25787;P20618;P25788;P49721;P49720;P60900
prerank,Major Spliceosomal C complex,-0.672177080414682,-1.0,1.0,0.45364983280438115,1.0,43/43,33.61%,Q86X95;Q14331;Q9BW85;CPX-1941;Q92620;Q9NXE8;Q9NW82;Q96BP3;Q9ULR0;O95926;O60508;Q9Y3C6;O75934;Q9HCG8;Q9UMS4;Q9UQ35;P41223;Q9NW64;Q9BZJ0;O60306;Q9UNP9;Q9HCS7;O43660;Q99459;Q9P013;URS000075BAAE_9606;Q13573;O75643;Q96DI7;Q6P2Q9;Q15029;URS00006767A8_9606;CHEBI:139356;P08579;URS00006A1489_9606;P09661;P62314;P62316;P62308;P62318;P62304;P62306;P14678
prerank,Major Spliceosomal Pre-C*-I complex,-0.6714245731877974,-1.0,1.0,0.45364983280438115,1.0,39/39,33.61%,Q9GZU8;Q14562;O15234;P61326;P38919;Q9Y5S9;O95926;O60508;Q9Y3C6;O75934;Q9HCG8;Q9UMS4;Q9UQ35;P41223;Q9NW64;Q9BZJ0;O60306;Q9UNP9;Q9HCS7;O43660;Q99459;Q9P013;URS000075BAAE_9606;Q13573;Q96DI7;Q6P2Q9;Q15029;URS00006767A8_9606;CHEBI:139356;P08579;URS00006A1489_9606;P09661;P62314;P62316;P62308;P62318;P62304;P62306;P14678
prerank,Major Spliceosomal B-act-I complex,-0.6549887892376681,-1.0,1.0,0.45364983280438115,1.0,44/44,35.33%,Q6UX04;Q8IYB3;CPX-26447;Q13356;O15541;Q7RTV0;Q9HCG8;Q9UQ35;P41223;Q9NW64;Q9BZJ0;O60306;Q9UNP9;Q9HCS7;O43660;Q99459;Q9P013;URS000075BAAE_9606;Q13573;Q9Y3B4;Q15459;Q15428;Q12874;Q15427;Q13435;O75643;Q96DI7;Q6P2Q9;Q15029;URS00006767A8_9606;CHEBI:139356;P08579;URS00006A1489_9606;P09661;P62314;P62316;P62308;P62318;P62304;P62306;P14678;O75533;Q15393;Q9BWJ5
prerank,Major Spliceosomal B complex,-0.6551724137931034,-1.0,1.0,0.45364983280438115,1.0,45/45,35.33%,O43290;P83876;Q8WVK2;O43172;O43395;Q53GS9;Q9BTD8;URS0000631BD4_9606;URS0000715A86_9606;Q9UK45;Q9Y333;Q9Y4Y9;Q9Y4Z0;P62312;P62310;O95777;O94906;Q9BUQ8;Q8WWY3;Q9Y3B4;Q15459;Q15428;Q12874;Q15427;Q13435;O75643;Q96DI7;Q6P2Q9;Q15029;URS00006767A8_9606;CHEBI:139356;P08579;URS00006A1489_9606;P09661;P62314;P62316;P62308;P62318;P62304;P62306;P14678;P55769;O75533;Q15393;Q9BWJ5
prerank,Major Spliceosomal B-act-II complex,-0.6548052675819558,-1.0,1.0,0.45364983280438115,1.0,43/43,35.33%,Q8WUA2;O60231;Q13356;O15541;Q7RTV0;Q9Y3C6;Q9HCG8;Q9UQ35;P41223;Q9NW64;Q9BZJ0;O60306;Q9UNP9;Q9HCS7;O43660;Q99459;Q9P013;URS000075BAAE_9606;Q13573;Q15459;Q15428;Q12874;Q15427;Q13435;O75643;Q96DI7;Q6P2Q9;Q15029;URS00006767A8_9606;CHEBI:139356;P08579;URS00006A1489_9606;P09661;P62314;P62316;P62308;P62318;P62304;P62306;P14678;O75533;Q15393;Q9BWJ5
prerank,Major Spliceosomal Pre-B-act complex,-0.6544385326239149,-1.0,1.0,0.45364983280438115,1.0,41/41,35.33%,O60870;Q8IYB3;CPX-26447;Q13356;Q7RTV0;P41223;Q9NW64;Q9BZJ0;O60306;Q9UNP9;Q9HCS7;O43660;Q99459;Q9P013;URS000075BAAE_9606;Q13573;Q9Y3B4;Q15459;Q15428;Q12874;Q15427;Q13435;O75643;Q96DI7;Q6P2Q9;Q15029;URS00006767A8_9606;CHEBI:139356;P08579;URS00006A1489_9606;P09661;P62314;P62316;P62308;P62318;P62304;P62306;P14678;O75533;Q15393;Q9BWJ5
prerank,19S-20S-PA28-alphabeta hybrid proteasome complex,-0.827391168192538,-1.0,1.0,0.45364983280438115,1.0,34/35,14.76%,Q9UL46;Q06323;P51665;Q99460;Q16186;Q15008;P62333;Q13200;O00231;P55036;P62195;P43686;P48556;Q9UNM6;O43242;O00487;O00232;P17980;P62191;P35998;Q99436;P28072;P28074;O14818;P28070;P28066;P25789;P25786;P25787;P20618;P25788;P49721;P49720;P60900
prerank,Major Spliceosomal Post-B-act complex,-0.6544385326239149,-1.0,1.0,0.45364983280438115,1.0,41/41,35.33%,Q8WUA2;O60231;Q7RTV0;O95926;O60508;Q9Y3C6;O75934;Q9HCG8;Q9UMS4;Q9UQ35;P41223;Q9NW64;Q9BZJ0;O60306;Q9UNP9;Q9HCS7;O43660;Q99459;Q9P013;URS000075BAAE_9606;Q13573;Q15427;Q13435;Q96DI7;Q6P2Q9;Q15029;URS00006767A8_9606;CHEBI:139356;P08579;URS00006A1489_9606;P09661;P62314;P62316;P62308;P62318;P62304;P62306;P14678;O75533;Q15393;Q9BWJ5
prerank,"60S cytosolic large ribosomal subunit, striated muscle variant",-0.9814814814814815,-1.0,1.0,0.45364983280438115,1.0,48/48,3.18%,P83881;Q92901;P62891;P27635;P61513;P62750;P32969;P46776;P62910;P62913;P62888;P62829;P50914;P30050;P61353;URS0000ABD82A_9606;P18621;P36578;P26373;Q02878;P84098;P42766;P62899;P62945;P46779;URS00000F9D45_9606;P62917;P62906;P61927;P05387;P05386;P18077;P05388;P18124;P62424;P49207;Q02543;Q9Y3U8;Q07020;P63173;P62987;P47914;P83731;URS000075D341_9606;P61313;P46778;P46777;P40429
prerank,U4/U6.U5 small nuclear ribonucleoprotein complex,-0.6569832402234637,-1.0,1.0,0.45364983280438115,1.0,32/32,34.91%,O43290;P83876;Q8WVK2;O43172;O43395;Q53GS9;Q9BTD8;URS0000631BD4_9606;URS0000715A86_9606;Q9UK45;Q9Y333;Q9Y4Y9;Q9Y4Z0;P62312;P62310;O95777;O94906;Q9BUQ8;Q8WWY3;O75643;Q96DI7;Q6P2Q9;Q15029;URS00006767A8_9606;P62314;P62316;P62308;P62318;P62304;P62306;P14678;P55769
prerank,26S proteasome complex,-0.8248981650975157,-1.0,1.0,0.45364983280438115,1.0,32/33,14.76%,P51665;Q99460;Q16186;Q15008;P62333;Q13200;O00231;P55036;P62195;P43686;P48556;Q9UNM6;O43242;O00487;O00232;P17980;P62191;P35998;Q99436;P28072;P28074;O14818;P28070;P28066;P25789;P25786;P25787;P20618;P25788;P49721;P49720;P60900
prerank,"60S cytosolic large ribosomal subunit, testis-specific variant",-0.9812061711079945,-1.0,1.0,0.45364983280438115,1.0,47/47,3.18%,Q96L21;Q96EH5;P39023;P61513;P62750;P32969;P46776;P62910;P62913;P62888;P62829;P50914;P30050;P61353;URS0000ABD82A_9606;P18621;P36578;P26373;Q02878;P84098;P42766;P62899;P62945;P46779;URS00000F9D45_9606;P62917;P62906;P61927;P05387;P05386;P18077;P05388;P18124;P62424;P49207;Q02543;Q9Y3U8;Q07020;P63173;P62987;P47914;P83731;URS000075D341_9606;P61313;P46778;P46777;P40429
prerank,Major Spliceosomal B-act-III complex,-0.655356141334829,-1.0,1.0,0.45364983280438115,1.0,46/46,35.33%,Q8WUA2;O60231;Q13356;O15541;Q7RTV0;O60508;Q9Y3C6;O75934;Q9HCG8;Q9UMS4;Q9UQ35;P41223;Q9NW64;Q9BZJ0;O60306;Q9UNP9;Q9HCS7;O43660;Q99459;Q9P013;URS000075BAAE_9606;Q13573;Q15459;Q15428;Q12874;Q15427;Q13435;O75643;Q96DI7;Q6P2Q9;Q15029;URS00006767A8_9606;CHEBI:139356;P08579;URS00006A1489_9606;P09661;P62314;P62316;P62308;P62318;P62304;P62306;P14678;O75533;Q15393;Q9BWJ5
prerank,19S-20S-PA28-gamma hybrid proteasome complex,-0.8261739051680341,-1.0,1.0,0.45364983280438115,1.0,33/34,14.76%,P61289;P51665;Q99460;Q16186;Q15008;P62333;Q13200;O00231;P55036;P62195;P43686;P48556;Q9UNM6;O43242;O00487;O00232;P17980;P62191;P35998;Q99436;P28072;P28074;O14818;P28070;P28066;P25789;P25786;P25787;P20618;P25788;P49721;P49720;P60900
prerank,Major Spliceosomal C* complex,-0.6723654708520179,-1.0,1.0,0.45364983280438115,1.0,44/44,33.61%,Q8N5F7;Q14562;O95391;Q8WUQ7;Q9H875;Q9Y421;O15234;P61326;P38919;Q9Y5S9;O95926;O60508;Q9Y3C6;O75934;Q9HCG8;Q9UMS4;Q9UQ35;P41223;Q9NW64;Q9BZJ0;O60306;Q9UNP9;Q9HCS7;O43660;Q99459;Q9P013;URS000075BAAE_9606;Q13573;O75643;Q96DI7;Q6P2Q9;Q15029;URS00006767A8_9606;CHEBI:139356;P08579;URS00006A1489_9606;P09661;P62314;P62316;P62308;P62318;P62304;P62306;P14678
prerank,Major Spliceosomal Pre-C*-II complex,-0.672177080414682,-1.0,1.0,0.45364983280438115,1.0,43/43,33.61%,Q9GZU8;Q14562;O95391;Q8WUQ7;Q9H875;Q9Y421;O15234;P61326;P38919;Q9Y5S9;O95926;O60508;Q9Y3C6;O75934;Q9HCG8;Q9UMS4;Q9UQ35;P41223;Q9NW64;Q9BZJ0;O60306;Q9UNP9;Q9HCS7;O43660;Q99459;Q9P013;URS000075BAAE_9606;Q13573;Q96DI7;Q6P2Q9;Q15029;URS00006767A8_9606;CHEBI:139356;P08579;URS00006A1489_9606;P09661;P62314;P62316;P62308;P62318;P62304;P62306;P14678
prerank,60S cytosolic large ribosomal subunit,-0.9812061711079945,-1.0,1.0,0.45364983280438115,1.0,47/47,3.18%,P62891;P39023;P27635;P61513;P62750;P32969;P46776;P62910;P62913;P62888;P62829;P50914;P30050;P61353;URS0000ABD82A_9606;P18621;P36578;P26373;Q02878;P84098;P42766;P62899;P62945;P46779;URS00000F9D45_9606;P62917;P62906;P61927;P05387;P05386;P18077;P05388;P18124;P62424;P49207;Q02543;Q9Y3U8;Q07020;P63173;P62987;P47914;P83731;URS000075D341_9606;P61313;P46778;P46777;P40429
prerank,Major Spliceosomal B-act-IV complex,-0.6548052675819558,-1.0,1.0,0.45364983280438115,1.0,43/43,35.33%,Q8WUA2;O60231;O15541;Q7RTV0;O95926;O60508;Q9Y3C6;O75934;Q9HCG8;Q9UMS4;Q9UQ35;P41223;Q9NW64;Q9BZJ0;O60306;Q9UNP9;Q9HCS7;O43660;Q99459;Q9P013;URS000075BAAE_9606;Q13573;Q12874;Q15427;Q13435;Q96DI7;Q6P2Q9;Q15029;URS00006767A8_9606;CHEBI:139356;P08579;URS00006A1489_9606;P09661;P62314;P62316;P62308;P62318;P62304;P62306;P14678;O75533;Q15393;Q9BWJ5
prerank,"Katanin complex, KATNAL1-KATNBL1 variant",0.5577722360764755,0.9996879716792823,0.47137150466045274,0.6688968664415926,1.0,3/3,44.27%,CHEBI:15422;Q9H079;Q9BW62
prerank,"GABA-A receptor, alpha1-beta2-gamma2",0.5558326406206706,0.9960624744572977,0.4641460234680574,0.6757688323252917,1.0,3/3,44.46%,P47870;P18507;P14867
prerank,"GABA-A receptor, alpha3-beta2-gamma2",0.5536159600997507,0.9959770522071386,0.4671814671814672,0.6744208674863563,1.0,3/3,44.68%,P47870;P18507;P34903
prerank,"GABA-A receptor, alpha3-beta1-gamma2 complex",0.5536159600997507,0.9928525885907933,0.46727748691099474,0.6801151997049726,1.0,3/3,44.68%,P18507;P18505;P34903
prerank,"GABA-A receptor, alpha1-beta1-gamma2",0.5558326406206706,0.9921989697483712,0.4778523489932886,0.6801360071864138,1.0,3/3,44.46%,P18507;P18505;P14867
prerank,"GABA-A receptor, alpha1-beta3-gamma2",0.5558326406206705,0.99213439042124,0.45740498034076016,0.6787643747543303,1.0,3/3,44.46%,P28472;P18507;P14867
prerank,NRZ tethering complex,0.5419783873649211,0.9888192889260197,0.4873501997336884,0.6848222311463498,1.0,3/3,45.85%,O43264;Q6NUQ1;A2RRP1
prerank,NLRC4 inflammasome,0.49861419068736135,0.9837884796161067,0.49571603427172584,0.6947085532509435,1.0,4/4,50.19%,P29466;Q9ULZ3;Q9NPP4;Q13075
prerank,"GABA-A receptor, alpha3-beta3-gamma2",0.5536159600997506,0.9819514760871046,0.5026455026455027,0.697360731591101,1.0,3/3,44.68%,P28472;P18507;P34903
prerank,Interleukin-17F receptor-ligand complex,0.5047117516629711,0.9804336910779665,0.5006090133982948,0.6993718624471762,1.0,4/4,49.58%,Q96F46;O43734;Q8NAC3;Q96PD4
prerank,Interleukin-17A receptor-ligand complex,0.5030487804878049,0.9686522156900943,0.5323565323565324,0.7255348763801104,1.0,4/4,49.75%,Q96F46;O43734;Q8NAC3;Q16552
prerank,"Neuronal nicotinic acetylcholine receptor complex, alpha3-alpha5-beta4",0.5311720698254363,0.9685225663172755,0.49476439790575916,0.7242593319670526,1.0,3/3,46.93%,P32297-PRO_0000000346;P30926-PRO_0000000389;P30532-PRO_0000000356
prerank,"GABA-A receptor, alpha1-alpha2-beta2-gamma2",0.4930709534368072,0.965535660376499,0.5245098039215687,0.7296576158559752,1.0,4/4,50.75%,P47870;P18507;P14867;P47869
prerank,RZZ complex,0.5278470490440565,0.9642637775537614,0.5304232804232805,0.7309982953352245,1.0,3/3,47.26%,O43264;Q9H900;P50748
prerank,"Neuronal nicotinic acetylcholine receptor complex, alpha3-alpha5-beta2",0.5311720698254364,0.9634780858323643,0.520997375328084,0.7312155589467013,1.0,3/3,46.93%,P17787-PRO_0000000379;P32297-PRO_0000000346;P30532-PRO_0000000356
prerank,Interleukin-17C receptor-ligand complex,0.49002217294900224,0.9626498789434585,0.5246690734055355,0.731564102836742,1.0,2/4,13.54%,Q96F46;O43734
prerank,Interleukin-2 receptor-ligand complex,-0.4556541019955654,-0.9623310840623364,0.5125628140703518,0.5158113912296703,1.0,4/4,54.51%,P01589;P60568;P14784;P31785
prerank,Fibrin complex,0.5292324743696315,0.9622637429811882,0.5078125,0.7308407083955754,1.0,3/3,47.12%,P02679-PRO_0000009099;P02671-PRO_0000009022;P02675-PRO_0000009071
prerank,"Nucleosome, variant H3.1-H2A.Z-H2B.1",0.4535625173274189,0.9614458819696192,0.521239954075775,0.7311550223860975,1.0,5/5,54.71%,P62805;P06899;P68431;CHEBI:4705;P0C0S5
prerank,"Nuclear meiotic cohesin complex, RAD21L1 variant",0.4822616407982263,0.9605624677542559,0.5272952853598015,0.7316340505114987,1.0,4/4,51.83%,Q9UQE7;Q9UJ98;Q8NDV3;Q9H4I0
prerank,"Neuronal nicotinic acetylcholine receptor complex, alpha3-alpha6-beta4",0.5270157938487114,0.9601438746947321,0.5251322751322751,0.7310363649173919,1.0,3/3,47.34%,P32297-PRO_0000000346;P30926-PRO_0000000389;Q15825-PRO_0000000360
prerank,"GABA-A receptor, alpha1-alpha2-beta3-gamma2",0.4930709534368072,0.9583100947216431,0.5124069478908189,0.7336286702437333,1.0,4/4,50.75%,P28472;P18507;P14867;P47869
prerank,"Nucleosome, variant H3.1-H2A.V-H2B.1",0.45217632381480455,0.9544414343522657,0.5478359908883826,0.7408607167479384,1.0,5/5,54.84%,P62805;P06899;P68431;CHEBI:4705;Q71UI9
prerank,"Nucleosome complex, H2BC12 variant ",0.45439423343498764,0.953307554667958,0.5458768873403019,0.7418641533418119,1.0,5/5,54.62%,P62805;P68431;CHEBI:4705;P04908;O60814
prerank,"4EHP-GIGYF2 co-translational mRNA decay complex, ZNF598 variant",-0.5128844555278471,-0.9513212886801987,0.49361702127659574,0.5341658048522112,1.0,3/3,48.78%,Q86UK7;Q6Y7W6;O60573
prerank,"4EHP-GIGYF1 co-translational mRNA decay complex, ZNF598 variant",-0.5128844555278471,-0.9502773800420674,0.48523206751054854,0.5352512439554279,1.0,3/3,48.78%,Q86UK7;O75420;O60573
prerank,"Beta-catenin destruction core complex, APC-AXIN1-GSK3A variant",0.4819844789356984,0.9496194292638434,0.5437352245862884,0.7487204290473805,1.0,4/4,51.85%,P48729;O15169;P25054;P49840
prerank,Interleukin-15 receptor-ligand complex,-0.4556541019955654,-0.9494856492370534,0.5120772946859904,0.535792189361553,1.0,4/4,54.51%,Q13261;P40933;P14784;P31785
prerank,"Nuclear meiotic cohesin complex, REC8 variant",0.48004434589800454,0.9488322570458273,0.5164835164835165,0.7489137158510081,1.0,4/4,52.05%,Q9UQE7;Q9UJ98;Q8NDV3;O95072
prerank,"Nuclear mitotic cohesin complex, STAG2 variant",0.4817073170731708,0.9471259573673477,0.5507955936352509,0.7512793868359939,1.0,4/4,51.88%,Q9UQE7;O60216;Q14683;Q8N3U4
prerank,"Neuronal nicotinic acetylcholine receptor complex, alpha3-alpha6-beta2-beta3",0.48087583148558766,0.9469587667569623,0.5519323671497585,0.7500775540170077,1.0,4/4,51.97%,P17787-PRO_0000000379;P32297-PRO_0000000346;Q15825-PRO_0000000360;Q05901-PRO_0000000383
prerank,"Nucleosome complex, H2A type 1 variant ",0.4518990851122817,0.9468413299447735,0.544,0.7487482873628617,1.0,5/5,54.87%,P62805;P06899;P68431;CHEBI:4705;P0C0S8
prerank,Interleukin-17B receptor-ligand complex,0.48176226102755987,0.9466316524847341,0.5406698564593302,0.747669690661947,1.0,2/4,13.54%,Q96F46;O43734
prerank,"Nucleosome, variant H3.2-H2A.2-H2B.1",0.4541169947324646,0.9461205783363609,0.5473441108545035,0.7472844784114847,1.0,5/5,54.65%,P62805;P06899;CHEBI:4705;P04908;Q71DI3
prerank,Interleukin-25 receptor-ligand complex,0.48176226102755987,0.9450197966025387,0.5421115065243179,0.7482648036894771,1.0,2/4,13.54%,Q96F46;O43734
prerank,"Nucleosome, variant H3.1t-H2A.2-H2B.1",0.45273080121985027,0.9437440392252493,0.5357142857142857,0.7495870098299751,1.0,5/5,54.79%,P62805;P06899;CHEBI:4705;P04908;Q16695
prerank,"Beta-catenin destruction core complex, APC-AXIN2-GSK3A variant",0.4819844789356984,0.9436274155596224,0.5385542168674698,0.748323200819854,1.0,4/4,51.85%,P48729;Q9Y2T1;P25054;P49840
prerank,CENP-A nucleosome complex,0.451067369004713,0.9407849417768925,0.5655644241733181,0.75326650749554,1.0,5/5,54.96%,P62805;P06899;P04908;P49450;CHEBI:75909
prerank,"Nuclear mitotic cohesin complex, STAG1 variant",0.48059866962305986,0.9396212748772302,0.5766871165644172,0.7544023082676053,1.0,4/4,51.99%,Q9UQE7;O60216;Q14683;Q8WVM7
prerank,Laminin-332 complex variant B,-0.4934885009697978,-0.9393614053676459,0.5022222222222222,0.5527049864737608,1.0,3/3,50.72%,Q13751;Q16787-2;Q13753
prerank,"Beta-catenin destruction core complex, APC2-AXIN1-GSK3A variant",0.48198447893569846,0.9384894138506178,0.5824175824175825,0.7554748059405831,1.0,4/4,51.85%,P48729;O95996;O15169;P49840
prerank,"Beta-catenin destruction core complex, APC2-AXIN2-GSK3A variant",0.48198447893569846,0.9369013255403758,0.5710754017305315,0.7575581293890985,1.0,4/4,51.85%,P48729;O95996;Q9Y2T1;P49840
prerank,CRUMBS1-PALS1-PATJ cell polarity complex,0.5148240509836519,0.9333690215313549,0.5596919127086007,0.7641998477231073,1.0,3/3,48.56%,Q8N3R9;Q8NI35;P82279
prerank,CRUMBS2-PALS1-PATJ cell polarity complex,0.5217511776115267,0.9331598773520622,0.5645994832041343,0.763070027557304,1.0,3/3,47.87%,Q8N3R9;Q8NI35;Q5IJ48
prerank,Fibrinogen complex,0.5145469659185371,0.9316633451301592,0.5703225806451613,0.7648177185047689,1.0,3/3,48.59%,P02679-PRO_0000009099;P02671-PRO_0000009021;P02675-PRO_0000009070
prerank,"mTNF-TNR1B receptor-ligand core complex, BIRC2 variant",-0.4282150776053215,-0.9294572870761281,0.5739644970414202,0.5692458960169239,1.0,4/4,57.25%,P20333-PRO_0000034548;CPX-8931;Q13490;Q12933
prerank,Interleukin-6-mIL6R-mIL6ST receptor-ligand classical signalling complex,-0.4804655029093932,-0.9278548247737426,0.5194805194805194,0.571151804312076,1.0,3/3,52.02%,P08887-PRO_0000010895;P05231;P40189
prerank,"NMDA receptor complex, GluN1-GluN2A-GluN2B",0.5126073704627321,0.9270909672997243,0.5699067909454061,0.7736977637572358,1.0,3/3,48.78%,Q05586;Q12879;Q13224
prerank,Granulocyte-macrophage colony-stimulating factor-receptor complex,0.4625831485587584,0.9265754162935478,0.587360594795539,0.7732579705454338,1.0,4/4,53.79%,P32927;O60674;P15509;P04141
prerank,Laminin-332 complex variant A,-0.4934885009697978,-0.9234185741920307,0.5381526104417671,0.5780713434718621,1.0,3/3,50.72%,Q13751;Q16787-1;Q13753
prerank,Ripoptosome,-0.49321141590468276,-0.9226945127968129,0.5502008032128514,0.5784280438509533,1.0,3/3,50.75%,Q13158;Q14790;Q13546
prerank,CRUMBS3-PALS1-PATJ cell polarity complex,0.515101136048767,0.9181666555363212,0.5847347994825356,0.7909067845388884,1.0,3/3,48.53%,Q8N3R9;Q8NI35;Q9BUF7
prerank,Laminin-321 complex,0.5067885840953171,0.9175217105908828,0.5850066934404283,0.7907922657479014,1.0,3/3,49.36%,P55268;P11047;Q16787-1
prerank,FCN1-MASP2 lectin-protease complex,0.5048489886395122,0.9165699260942196,0.6178010471204188,0.7912743831465424,1.0,3/3,49.56%,O00187-PRO_0000027600;O00187-PRO_0000027599;O00602
prerank,Laminin-522 complex,0.5065114990302023,0.9149862281245325,0.6110397946084724,0.7932044457059061,1.0,3/3,49.39%,P55268;Q13753;O15230
prerank,"Scribble cell polarity complex, DLG4-LLGL1-SCRIB variant",0.5026323081185924,0.9135038625384795,0.590728476821192,0.7949793949435686,1.0,3/3,49.78%,Q14160;Q15334;P78352
prerank,FCN1-MASP1 lectin-protease complex,0.5048489886395122,0.9134971591926991,0.5989159891598916,0.793380857704556,1.0,3/3,49.56%,P48740-PRO_0000027593;P48740-PRO_0000027594;O00602
prerank,Laminin-521 complex,0.5065114990302022,0.9130104667891747,0.6026143790849673,0.7928876630738182,1.0,3/3,49.39%,P55268;P11047;O15230
prerank,Mitotic Checkpoint Complex,0.4664634146341463,0.9127735599073961,0.5939024390243902,0.7918620761973568,1.0,4/4,53.41%,Q12834;Q13257;O60566;O43684
prerank,Interleukin-35 receptor ligand type 1 complex,-0.4804655029093932,-0.9118776719865102,0.5384615384615384,0.5974942809186454,1.0,3/3,52.02%,Q99665;CPX-25744;P40189
prerank,Laminin-511 complex,0.5065114990302022,0.9112523049327181,0.5992167101827677,0.7937088919455431,1.0,3/3,49.39%,P07942;P11047;O15230
prerank,Laminin-311 complex variant A,0.5067885840953171,0.9102931109865934,0.6045272969374168,0.7942338880090796,1.0,3/3,49.36%,P07942;P11047;Q16787-1
prerank,Interleukin 11-sIL11RA-IL-6ST receptor-ligand trans-signalling complex,-0.4804655029093932,-0.9100333003580833,0.5663716814159292,0.6000139599641977,1.0,3/3,52.02%,Q14626-PRO_0000450688;P20809;P40189
prerank,FCN3-MASP2 lectin-protease complex,0.5037406483790522,0.9089173020817428,0.6015325670498084,0.7956793874940687,1.0,3/3,49.67%,O00187-PRO_0000027600;O00187-PRO_0000027599;O75636
prerank,"Scribble cell polarity complex, DLG4-LLGL2-SCRIB variant",0.5026323081185924,0.9078798333368204,0.5981308411214953,0.7964795146462499,1.0,3/3,49.78%,Q14160;Q6P1M3;P78352
prerank,MBL2-MASP1 lectin-protease complex,0.5054031587697422,0.9075416802262175,0.623989218328841,0.7955616580664145,1.0,3/3,49.50%,P48740-PRO_0000027593;P48740-PRO_0000027594;P11226
prerank,MBL2-MASP2 lectin-protease complex,0.5054031587697422,0.9065113330252587,0.609375,0.7961820658474206,1.0,3/3,49.50%,O00187-PRO_0000027600;O00187-PRO_0000027599;P11226
prerank,FCN2-MASP2 lectin-protease complex,0.5042948185092822,0.9046034791926002,0.6417525773195877,0.7987324727372116,1.0,3/3,49.61%,O00187-PRO_0000027600;O00187-PRO_0000027599;Q15485
prerank,"Scribble cell polarity complex, DLG1-LLGL2-SCRIB variant",0.4965364366860625,0.9037286893781042,0.5942028985507246,0.7991120341972794,1.0,3/3,50.39%,Q14160;Q6P1M3;Q12959
prerank,"Scribble cell polarity complex, DLG5-LLGL2-SCRIB variant",0.49875311720698245,0.9033584268430885,0.6097240473061761,0.7983308724160938,1.0,3/3,50.17%,Q14160;Q6P1M3;Q8TDM6
prerank,"Scribble cell polarity complex, DLG1-LLGL1-SCRIB variant",0.4965364366860625,0.9021981337252667,0.6097883597883598,0.7992790770748346,1.0,3/3,50.39%,Q14160;Q15334;Q12959
prerank,FCN3-MASP1 lectin-protease complex,0.5037406483790523,0.9015164851640742,0.631233595800525,0.7992666413652162,1.0,3/3,49.67%,P48740-PRO_0000027593;P48740-PRO_0000027594;O75636
prerank,"Scribble cell polarity complex, DLG3-LLGL1-SCRIB variant",0.4993072873372124,0.9013922968172875,0.6409574468085106,0.7979828048464906,1.0,3/3,50.11%,Q14160;Q15334;Q92796
prerank,Interleukin 11-mIL11RA-IL-6ST receptor-ligand complex,-0.4804655029093932,-0.9012165595831872,0.5679012345679012,0.6155494197948442,1.0,3/3,52.02%,Q14626-PRO_0000010913;P20809;P40189
prerank,"Scribble cell polarity complex, DLG2-LLGL2-SCRIB variant",0.4937655860349126,0.9009916477390504,0.6150845253576073,0.7972813314335226,1.0,3/3,50.66%,Q14160;Q6P1M3;Q15700
prerank,FCN2-MASP1 lectin-protease complex,0.5042948185092822,0.8999344672803595,0.6248331108144193,0.7979846387466166,1.0,3/3,49.61%,P48740-PRO_0000027593;P48740-PRO_0000027594;Q15485
prerank,"Scribble cell polarity complex, DLG3-LLGL2-SCRIB variant",0.4993072873372124,0.8993884336982295,0.623342175066313,0.7976196640336091,1.0,3/3,50.11%,Q14160;Q6P1M3;Q92796
prerank,"mTNF-TNR1B receptor-ligand core complex, BIRC3 variant",-0.4282150776053215,-0.8976490394206771,0.6144578313253012,0.6217611119608483,1.0,4/4,57.25%,P20333-PRO_0000034548;Q13489;CPX-8931;Q12933
prerank,"Scribble cell polarity complex, DLG5-LLGL1-SCRIB variant",0.49875311720698245,0.8936431320639553,0.6243315508021391,0.8083586437656879,1.0,3/3,50.17%,Q14160;Q15334;Q8TDM6
prerank,"GABA-A receptor, alpha2-beta2-gamma2",0.49293433083956767,0.8917901811532712,0.6710013003901171,0.8107792989355392,1.0,3/3,50.75%,P47870;P18507;P47869
prerank,"GABA-A receptor, alpha4-beta1-gamma2 complex",0.4923801607093377,0.8909574013198052,0.632258064516129,0.8109575948370703,1.0,3/3,50.80%,P18507;P18505;P48169
prerank,SNARE priming complex STX17-SNAP29-YKT6,0.4909947353837626,0.8908103471884425,0.6389261744966444,0.809691991470781,1.0,3/3,50.94%,P56962;O95721;O15498
prerank,"Scribble cell polarity complex, DLG2-LLGL1-SCRIB variant",0.4937655860349126,0.8898127660801174,0.6395663956639567,0.8103127599210992,1.0,3/3,50.66%,Q14160;Q15334;Q15700
prerank,"GABA-A receptor, alpha4-beta2-delta",0.49238016070933777,0.8879412355370128,0.6510416666666666,0.8126796593007205,1.0,3/3,50.80%,P47870;O14764;P48169
prerank,"GABA-A receptor, alpha-6/beta-3/delta",0.4921030756442227,0.8879399418899344,0.6509433962264151,0.8111099696102969,1.0,3/3,50.83%,P28472;O14764;Q16445
prerank,"GABA-A receptor, alpha6-beta2-delta",0.49210307564422284,0.886804151698061,0.6482213438735178,0.8120008265563645,1.0,3/3,50.83%,P47870;O14764;Q16445
prerank,GABA-A receptor alpha6-beta1-gamma2 complex,0.49210307564422273,0.8867610737800768,0.6525759577278731,0.8105138367697627,1.0,3/3,50.83%,P18507;P18505;Q16445
prerank,"GABA-A receptor, alpha5-beta2-gamma2",0.4926572457744527,0.8867051877173605,0.6606217616580311,0.8090834355113584,1.0,3/3,50.78%,P47870;P18507;P31644
prerank,"GABA-A receptor, alpha5-beta1-gamma2 complex",0.4926572457744527,0.8858748452306251,0.6569920844327177,0.8093593771474142,1.0,3/3,50.78%,P18507;P18505;P31644
prerank,"GABA-A receptor, alpha4-beta3-delta",0.49238016070933766,0.8844225378698678,0.6518218623481782,0.8109528984649444,1.0,3/3,50.80%,P28472;O14764;P48169
prerank,"GABA-A receptor, alpha4-beta3-gamma2",0.49238016070933766,0.884212258273634,0.6553524804177546,0.8098344274499295,1.0,3/3,50.80%,P28472;P18507;P48169
prerank,GABA-A receptor alpha6-beta2-gamma2,0.4921030756442227,0.8839576376077871,0.6618985695708712,0.8088091159020415,1.0,3/3,50.83%,P47870;P18507;Q16445
prerank,"GABA-A receptor, alpha1-beta2-delta",0.4932114159046827,0.8835921558228788,0.6946666666666667,0.8080078702645214,1.0,3/3,50.72%,P47870;P14867;O14764
prerank,"GABA-A receptor, alpha2-beta1-gamma2 complex",0.49293433083956767,0.8827471556553594,0.6711229946524064,0.8082078000648972,1.0,3/3,50.75%,P18507;P18505;P47869
prerank,"GABA-A receptor, alpha4-beta2-gamma2",0.49238016070933766,0.8827341985457077,0.6572164948453608,0.806698204586347,1.0,3/3,50.80%,P47870;P18507;P48169
prerank,"GABA-A receptor, alpha2-beta3-gamma2",0.4929343308395676,0.8810902039266026,0.664886515353805,0.8085596455459741,1.0,3/3,50.75%,P28472;P18507;P47869
prerank,"GABA-A receptor, alpha6-beta3-gamma2",0.4921030756442226,0.8808523127402222,0.6640106241699867,0.8075714367715986,1.0,3/3,50.83%,P28472;P18507;Q16445
prerank,Interleukin-7 mIL7R-IL2RG receptor-ligand signalling complex,-0.4555278470490441,-0.8806630843721711,0.6007751937984496,0.6527013902183922,1.0,3/3,54.51%,P16871-1;P13232-PRO_0000015623;P31785
prerank,PPP4C-PPP4R2-PPP4R3A protein phosphatase 4 complex,0.48905513992795796,0.8803822532369586,0.6579292267365662,0.8069808084404027,1.0,3/3,51.14%,P60510;Q9NY27;Q6IN85
prerank,"GABA-A receptor, alpha5-beta3-gamma2",0.49265724577445263,0.8801373973611769,0.6648936170212766,0.8059386500479597,1.0,3/3,50.78%,P28472;P18507;P31644
prerank,Lymphotoxin-alpha-beta-LTBR receptor complex,-0.4643945691327238,-0.8762195370031335,0.6108949416342413,0.6603940092440908,1.0,3/3,53.63%,Q06643;P36941;P01374
prerank,"Neuronal nicotinic acetylcholine receptor complex, alpha4-alpha5-beta2",0.4812967581047381,0.8761810815785783,0.6636245110821382,0.8126386517142594,1.0,3/3,51.91%,P17787-PRO_0000000379;P30532-PRO_0000000356;P43681-PRO_0000000351
prerank,PPP4C-PPP4R2-PPP4R3B protein phosphatase 4 complex,0.48933222499307294,0.8749988354329913,0.684913217623498,0.813449783180522,1.0,3/3,51.11%,P60510;Q9NY27;Q5MIZ7
prerank,STING-TRAF3-TBK1 complex,0.4801884178442783,0.866612664388047,0.6810228802153432,0.8291799629809214,1.0,3/3,52.02%,Q9UHD2;Q86WV6;Q13114
prerank,Interleukin-21 receptor-ligand complex,-0.4555278470490441,-0.8661991727648746,0.6521739130434783,0.6788128247404114,1.0,3/3,54.51%,Q9HBE4;Q9HBE5;P31785
prerank,Laminin-523 complex,0.47852590745358825,0.8654207490032034,0.6987012987012987,0.8301785629126559,1.0,3/3,52.19%,P55268;O15230;Q9Y6N6
prerank,Interleukin-4 receptor-ligand type-1 complex,-0.4555278470490441,-0.8633949932893741,0.642512077294686,0.6827054162804443,1.0,3/3,54.51%,P05112;P24394;P31785
prerank,Interleukin-7 sIL7RA-IL2RG receptor-ligand potentiating complex,-0.4555278470490441,-0.8614599547191176,0.6413502109704642,0.6853345044136422,1.0,3/3,54.51%,P16871-4;P13232-PRO_0000015623;P31785
prerank,ALKBH8-TRM112 methyltransferase complex,0.4359756097560976,0.8602976788089793,0.671990171990172,0.8389419040720453,1.0,4/4,56.45%,CHEBI:59789;Q9UI30;Q96BT7;CHEBI:29033
prerank,DISP septin regulator complex,0.48406760875588795,0.8599451550662067,0.6993464052287581,0.8380253492032746,1.0,3/3,51.63%,Q9UM54;Q96N67;Q96II8
prerank,Hexasome complex,0.4345898004434591,0.8586073395538593,0.6977025392986699,0.8390564511655876,1.0,4/4,56.59%,P62805;P68431;Q93077;P62807
prerank,Laminin-311 complex variant B,0.4782488223884732,0.8582243727327402,0.6925064599483204,0.838235902696527,1.0,3/3,52.21%,P07942;P11047;Q16787-2
prerank,GATOR2 complex,0.40199611865816465,0.8546277096309262,0.6941176470588235,0.8437981945052483,1.0,5/5,59.86%,P55735;Q96EE3;Q6PJI9;Q9NXC5;Q96S15
prerank,VCP-NPL4-UFD1 AAA ATPase complex,0.4757550568024384,0.8541553968339424,0.7189542483660131,0.8431196618652869,1.0,3/3,52.46%,P55072;Q8TAT6;Q92890
prerank,VCP-NPL4-UFD1-FAF2 AAA ATPase complex,0.430709534368071,0.8529380992910464,0.6958128078817734,0.843941719903538,1.0,4/4,56.98%,P55072;Q8TAT6;Q92890;Q96CS3
prerank,"FTS-Hook-FHIP cargo adaptor complex, FHIP2A-HOOK2 variant",0.47104461069548353,0.851652383188975,0.7152061855670103,0.8448444122204561,1.0,3/3,52.93%,Q9H8T0;Q96ED9;Q5W0V3
prerank,VCP-NPL4-UFD1-UBXN1 AAA ATPase complex,0.4301552106430156,0.8486294156624331,0.7073760580411125,0.8490354937579394,1.0,4/4,57.03%,P55072;Q8TAT6;Q92890;Q04323
prerank,"Nav1.1 voltage-gated sodium channel complex, SCN3B-SCN4B variant",0.458852867830424,0.8453762416647032,0.7320954907161804,0.8536068681217928,1.0,3/3,54.15%,Q8IWT1;Q9NY72;P35498
prerank,Fanconi anemia FANCM-FAAP24-MHF anchoring complex,0.42987804878048774,0.8437506263200761,0.724053724053724,0.8552294015949579,1.0,4/4,57.06%,A8MT69;Q8N2Z9;Q8IYD8;Q9BTP7
prerank,VCP-NPL4-UFD1-FAF1 AAA ATPase complex,0.4312638580931265,0.8432163650189184,0.7288135593220338,0.8546908991404173,1.0,4/4,56.92%,P55072;Q8TAT6;Q92890;Q9UNN5
prerank,VCP-NPL4-UFD1-UBXN7 AAA ATPase complex,0.43043237250554334,0.8429118110180709,0.7304878048780488,0.8537367200871867,1.0,4/4,57.00%,P55072;Q8TAT6;Q92890;O94888
prerank,TIM9-TIM10-TIM10B mitochondrial intermembrane space protein transporter complex,0.47132169576059835,0.8412079433264478,0.7303225806451613,0.8554559421940069,1.0,3/3,52.91%,Q9Y5J7;P62072;Q9Y5J6
prerank,"Nav1.4 voltage-gated sodium channel complex, SCN3B-SCN4B variant",0.457190357439734,0.8405523607584433,0.7378768020969856,0.8551165258591498,1.0,3/3,54.32%,Q8IWT1;Q9NY72;P35499
prerank,"Nav1.1 voltage-gated sodium channel complex, SCN1B-SCN4B variant",0.45885286783042395,0.8379150225945844,0.7421981004070556,0.8584269008481924,1.0,3/3,54.15%,Q8IWT1;Q07699;P35498
prerank,Alternative pathway pathogen cell-bound C5 convertase complex C3bBbC3bP,-0.4430590191188695,-0.8359714791043287,0.6936170212765957,0.7327704401849151,1.0,3/3,55.76%,P27918;CPX-5601;CPX-973
prerank,ISGF3 complex,-0.45137157107231923,-0.8343202345893322,0.7172131147540983,0.7347152761939562,1.0,3/3,54.93%,Q00978;P52630;P42224
prerank,"Nav1.8 voltage-gated sodium channel complex, SCN3B-SCN4B variant",0.45857578276530897,0.8337340952345974,0.7486910994764397,0.8647119720975722,1.0,3/3,54.18%,Q8IWT1;Q9NY72;Q9Y5Y9
prerank,"Nav1.5 voltage-gated sodium channel complex, SCN1B-SCN4B variant",0.45912995289553893,0.8329802638122819,0.749003984063745,0.8645458745790465,1.0,3/3,54.13%,Q8IWT1;Q07699;Q14524
prerank,"Nav1.1 voltage-gated sodium channel complex, SCN2B-SCN3B variant",0.4588528678304239,0.8314030330366404,0.75,0.8660473834584717,1.0,3/3,54.15%,O60939;Q9NY72;P35498
prerank,"Nav1.4 voltage-gated sodium channel complex, SCN1B-SCN4B variant",0.457190357439734,0.8309849864084923,0.7606951871657754,0.8652681695884507,1.0,3/3,54.32%,Q8IWT1;Q07699;P35499
prerank,"Nav1.5 voltage-gated sodium channel complex, SCN3B-SCN4B variant",0.45912995289553893,0.8305014729167369,0.7496671105193076,0.864564156357009,1.0,3/3,54.13%,Q8IWT1;Q9NY72;Q14524
prerank,"Nav1.8 voltage-gated sodium channel complex, SCN1B-SCN4B variant",0.45857578276530897,0.8302564156129464,0.7383177570093458,0.8634682956574974,1.0,3/3,54.18%,Q8IWT1;Q07699;Q9Y5Y9
prerank,"Nav1.9 voltage-gated sodium channel complex, SCN1B-SCN4B variant",0.45663618730950406,0.8300567436078685,0.7503337783711616,0.8623083467371839,1.0,3/3,54.37%,Q8IWT1;Q07699;Q9UI33
prerank,"Nav1.3 voltage-gated sodium channel complex, SCN1B-SCN4B variant",0.458021612635079,0.8294410246176465,0.7606382978723404,0.861909672913958,1.0,3/3,54.24%,Q8IWT1;Q07699;Q9NY46
prerank,"Nax cation channel complex, SCN1B-SCN4B variant",0.456913272374619,0.8289340844192412,0.7640156453715776,0.8613029423653239,1.0,3/3,54.35%,Q8IWT1;Q07699;Q01118
prerank,"Nav1.6 voltage-gated sodium channel complex, SCN1B-SCN4B variant",0.457744527569964,0.8288098566071472,0.7423230974632844,0.8600044261046428,1.0,3/3,54.26%,Q8IWT1;Q07699;Q9UQD0
prerank,"Nav1.2 voltage-gated sodium channel complex, SCN1B-SCN4B variant",0.45829869770019394,0.8273873890334613,0.7653333333333333,0.860962618676852,1.0,3/3,54.21%,Q8IWT1;Q07699;Q99250
prerank,"Nav1.4 voltage-gated sodium channel complex, SCN2B-SCN3B variant",0.45719035743973396,0.8272828860040966,0.7522816166883963,0.8596366351454466,1.0,3/3,54.32%,O60939;Q9NY72;P35499
prerank,"Nav1.3 voltage-gated sodium channel complex, SCN3B-SCN4B variant",0.458021612635079,0.8271981174653417,0.7724230254350736,0.8582511199695091,1.0,3/3,54.24%,Q8IWT1;Q9NY72;Q9NY46
prerank,"Interferon lambda receptor-ligand complex, IFNL4 variant",-0.42920476586312,-0.8267199615177573,0.7296137339055794,0.74755623170018,1.0,3/3,57.14%,K9M1U5;Q8IU57;Q08334
prerank,"Nav1.9 voltage-gated sodium channel complex, SCN3B-SCN4B variant",0.45663618730950406,0.8262592621013116,0.7554054054054054,0.8584256743423551,1.0,3/3,54.37%,Q8IWT1;Q9NY72;Q9UI33
prerank,"Nav1.7 voltage-gated sodium channel complex, SCN1B-SCN4B variant",0.457467442504849,0.8259503750266426,0.7520215633423181,0.8574962576432443,1.0,3/3,54.29%,Q8IWT1;Q07699;Q15858
prerank,"Nav1.7 voltage-gated sodium channel complex, SCN3B-SCN4B variant",0.45746744250484905,0.8259374431175025,0.760053619302949,0.856007244891748,1.0,3/3,54.29%,Q8IWT1;Q9NY72;Q15858
prerank,"Nav1.6 voltage-gated sodium channel complex, SCN3B-SCN4B variant",0.457744527569964,0.8254683046162018,0.7486702127659575,0.8553242855981854,1.0,3/3,54.26%,Q8IWT1;Q9NY72;Q9UQD0
prerank,"Nav1.4 voltage-gated sodium channel complex, SCN1B-SCN2B variant",0.457190357439734,0.8245904381943175,0.7591145833333334,0.8553824925201575,1.0,3/3,54.32%,O60939;Q07699;P35499
prerank,Collagen type V trimer variant 2,-0.4413965087281796,-0.82444048926421,0.7439024390243902,0.7507634671037737,1.0,3/3,55.92%,P25940;P20908;P05997
prerank,"Nax cation channel complex, SCN3B-SCN4B variant",0.45691327237461904,0.8243307342344866,0.7644736842105263,0.8543368129697921,1.0,3/3,54.35%,Q8IWT1;Q9NY72;Q01118
prerank,"Nav1.3 voltage-gated sodium channel complex, SCN2B-SCN3B variant",0.4580216126350789,0.8242977890493643,0.7416452442159382,0.8529141184835712,1.0,3/3,54.24%,O60939;Q9NY72;Q9NY46
prerank,"Nav1.1 voltage-gated sodium channel complex, SCN1B-SCN2B variant",0.45885286783042395,0.8242481246268915,0.7493333333333333,0.851512483619354,1.0,3/3,54.15%,O60939;Q07699;P35498
prerank,"Nax cation channel complex, SCN1B-SCN2B variant",0.456913272374619,0.8241954910597289,0.7442748091603053,0.850122766002012,1.0,3/3,54.35%,O60939;Q07699;Q01118
prerank,"Nav1.2 voltage-gated sodium channel complex, SCN1B-SCN2B variant",0.45829869770019394,0.8227528150504236,0.7405475880052151,0.8512043714285664,1.0,3/3,54.21%,O60939;Q07699;Q99250
prerank,"Nav1.5 voltage-gated sodium channel complex, SCN1B-SCN2B variant",0.45912995289553893,0.8225119598125649,0.7572559366754618,0.8501340478558241,1.0,3/3,54.13%,O60939;Q07699;Q14524
prerank,SKI complex,0.45275699639789396,0.8223064547855161,0.7384412153236459,0.8490374904408416,1.0,3/3,54.76%,Q9GZS3;Q15477;Q6PGP7
prerank,"Nav1.8 voltage-gated sodium channel complex, SCN2B-SCN3B variant",0.4585757827653089,0.8219588331386312,0.7503267973856209,0.8481849172229333,1.0,3/3,54.18%,O60939;Q9NY72;Q9Y5Y9
prerank,"Nav1.3 voltage-gated sodium channel complex, SCN1B-SCN2B variant",0.458021612635079,0.8218603947899945,0.7766233766233767,0.8469035131349791,1.0,3/3,54.24%,O60939;Q07699;Q9NY46
prerank,"Nav1.6 voltage-gated sodium channel complex, SCN2B-SCN3B variant",0.457744527569964,0.8213505424586859,0.7543160690571049,0.8463565143059738,1.0,3/3,54.26%,O60939;Q9NY72;Q9UQD0
prerank,"Nav1.2 voltage-gated sodium channel complex, SCN3B-SCN4B variant",0.458298697700194,0.8201714642773328,0.766042780748663,0.8469476106428151,1.0,3/3,54.21%,Q8IWT1;Q9NY72;Q99250
prerank,"Nav1.9 voltage-gated sodium channel complex, SCN1B-SCN2B variant",0.45663618730950406,0.8198006363251643,0.7552631578947369,0.8461193504073637,1.0,3/3,54.37%,O60939;Q07699;Q9UI33
prerank,Nuclear exosome targeting complex,0.4490236395316357,0.8187941574456707,0.7721854304635761,0.8463768384282888,1.0,1/3,2.49%,P42285
prerank,"Nav1.8 voltage-gated sodium channel complex, SCN1B-SCN2B variant",0.45857578276530897,0.8183451164277084,0.7629139072847683,0.8457013381220655,1.0,3/3,54.18%,O60939;Q07699;Q9Y5Y9
prerank,Interleukin-26 receptor-ligand complex,-0.42920476586312,-0.8172986617196091,0.792,0.7629249855424372,1.0,3/3,57.14%,Q9NPH9;Q9UHF4;Q08334
prerank,"Nav1.7 voltage-gated sodium channel complex, SCN1B-SCN2B variant",0.457467442504849,0.8167938938711472,0.7546666666666667,0.8469817276061066,1.0,3/3,54.29%,O60939;Q07699;Q15858
prerank,"Nav1.2 voltage-gated sodium channel complex, SCN2B-SCN3B variant",0.45829869770019394,0.8167932593399005,0.7739816031537451,0.8455368445401601,1.0,3/3,54.21%,O60939;Q9NY72;Q99250
prerank,"Nav1.6 voltage-gated sodium channel complex, SCN1B-SCN2B variant",0.457744527569964,0.816621235190171,0.7722371967654986,0.8443795086291269,1.0,3/3,54.26%,O60939;Q07699;Q9UQD0
prerank,"Nax cation channel complex, SCN2B-SCN3B variant",0.456913272374619,0.8164768931005432,0.7816537467700259,0.843170276849777,1.0,3/3,54.35%,O60939;Q9NY72;Q01118
prerank,"Nav1.9 voltage-gated sodium channel complex, SCN2B-SCN3B variant",0.45663618730950395,0.8163108986711489,0.7708609271523179,0.8420121005262092,1.0,3/3,54.37%,O60939;Q9NY72;Q9UI33
prerank,"Nav1.7 voltage-gated sodium channel complex, SCN2B-SCN3B variant",0.45746744250484894,0.8162438421181082,0.7745358090185677,0.84070652934337,1.0,3/3,54.29%,O60939;Q9NY72;Q15858
prerank,"4EHP-GIGYF2 co-translational mRNA decay complex, DDX6 variant",0.45580493211415885,0.8147917659785316,0.7859007832898173,0.8417211569608763,1.0,3/3,54.46%,P26196;O60573;Q6Y7W6
prerank,Laminin-221 complex,0.4480465502909393,0.8145516660323046,0.7682119205298014,0.8406773689935321,1.0,3/3,55.23%,P55268;P11047;P24043
prerank,"4EHP-GIGYF1 co-translational mRNA decay complex, DDX6 variant",0.4555278470490439,0.8144282636861666,0.7676508344030809,0.8394836325754261,1.0,3/3,54.49%,P26196;O60573;O75420
prerank,"Nav1.5 voltage-gated sodium channel complex, SCN2B-SCN3B variant",0.45912995289553893,0.8120548331410894,0.7940780619111709,0.8421136540848755,1.0,3/3,54.13%,O60939;Q9NY72;Q14524
prerank,"Interferon lambda receptor-ligand complex, IFNL1 variant",-0.42920476586312,-0.8113767459346891,0.7661290322580645,0.7722771256594353,1.0,3/3,57.14%,Q8IU54;Q8IU57;Q08334
prerank,Laminin-213 complex,0.4480465502909392,0.8112060705537149,0.7958656330749354,0.8421112999805308,1.0,3/3,55.23%,P07942;Q9Y6N6;P24043
prerank,"Interferon lambda receptor-ligand complex, IFNL2 variant",-0.42920476586312,-0.8102231731572281,0.7407407407407407,0.7732204929408729,1.0,3/3,57.14%,Q8IZJ0;Q8IU57;Q08334
prerank,Laminin-211 complex,0.4480465502909393,0.8097548856328608,0.7853403141361257,0.8432000889808114,1.0,3/3,55.23%,P07942;P11047;P24043
prerank,Complement factor I-H-C3b complex,-0.4430590191188695,-0.809444605148973,0.7755102040816326,0.7733373799494406,1.0,3/3,55.76%,CPX-6165;P08603;CPX-973
prerank,Laminin-411 complex,0.44832363535605435,0.809296097612031,0.7909677419354839,0.8426015784217425,1.0,3/3,55.20%,P07942;P11047;Q16363
prerank,"Interferon lambda receptor-ligand complex, IFNL3 variant",-0.42920476586312,-0.8064131712415954,0.73828125,0.7777428829928441,1.0,3/3,57.14%,Q8IZI9;Q8IU57;Q08334
prerank,Laminin-421 complex,0.44832363535605435,0.8053474644900701,0.8,0.8477121746056814,1.0,3/3,55.20%,P55268;P11047;Q16363
prerank,"GABA-A receptor, alpha3-beta3-gamma3",0.4455527847049043,0.8046139194272075,0.7951807228915663,0.8474889192759317,1.0,3/3,55.48%,P28472;P34903;Q99928
prerank,"GABA-A receptor, alpha5-beta3-gamma3",0.44555278470490445,0.8042739452526925,0.7820343461030383,0.8466174440960645,1.0,3/3,55.48%,P28472;P31644;Q99928
prerank,Interleukin-22 receptor-ligand complex,-0.42920476586312,-0.8029752570134173,0.7899159663865546,0.7825794554628916,1.0,3/3,57.14%,Q9GZX6;Q8N6P7;Q08334
prerank,eIF4E-CYFIP1-FMRP translational repressor complex,0.4466611249653641,0.8021537565692434,0.7962962962962963,0.8485828856776496,1.0,3/3,55.37%,P06730;Q06787;Q7L576
prerank,"TRAMP complex, TENT4B-ZCCHC7 variant",0.441802843767805,0.7995966797837247,0.8052287581699347,0.8513464665092066,1.0,1/3,2.49%,P42285
prerank,"TRAMP complex, TENT4A-ZCCHC7 variant",0.441802843767805,0.7981987058770005,0.8108465608465608,0.8522171648449919,1.0,1/3,2.49%,P42285
prerank,Interleukin-10 receptor-ligand complex,-0.42920476586312,-0.7973787583828867,0.7579365079365079,0.7912446917386923,1.0,3/3,57.14%,P22301;Q13651;Q08334
prerank,Laminin-423 complex,0.44832363535605424,0.7969688905184108,0.8101604278074866,0.8527845788199699,1.0,3/3,55.20%,P55268;Q9Y6N6;Q16363
prerank,Dolichol-phosphate mannosyltransferase complex,0.4389027431421446,0.7939791507115501,0.8002628120893561,0.8561053776690911,1.0,3/3,56.15%,O94777;O60762;Q9P2X0
prerank,uPA-uPAR-vitronectin complex,0.4375173178165698,0.7914202856986781,0.8126649076517151,0.8587869267191375,1.0,3/3,56.28%,P00749;P04004;Q03405
prerank,Interleukin-3 receptor-ligand complex,0.43502355223053474,0.7868200365528931,0.8284574468085106,0.8646385031058565,1.0,3/3,56.53%,P32927;P08700;P26951
prerank,Laminin-111 complex,0.4314214463840398,0.7797525598251782,0.8304862023653088,0.874269693985848,1.0,3/3,56.89%,P07942;P11047;P25391
prerank,Collagen type XI trimer variant 1,0.4319756165142699,0.7790896720373527,0.833112582781457,0.8738636151163989,1.0,3/3,56.84%,P12107;P02458;P13942
prerank,Laminin-121 complex,0.4314214463840398,0.7784919445177281,0.8488063660477454,0.8733568914731343,1.0,3/3,56.89%,P55268;P11047;P25391
prerank,RXRalpha-RARalpha-NCOA2 retinoic acid receptor complex,0.4294818509282349,0.7742413305701029,0.8375634517766497,0.8783411491328313,1.0,3/3,57.09%,P19793;Q15596;P10276
prerank,Interleukin-12-receptor ligand complex,0.4269880853421999,0.7713845672010932,0.8328981723237598,0.8810954991117802,1.0,3/3,57.34%,P42701-PRO_0000010917;CPX-381;Q99665-PRO_0000010920
prerank,N6AMT1-TRM112 methyltransferase complex,0.4258797450817401,0.7699576561161783,0.8717616580310881,0.8817276527247782,1.0,3/3,57.45%,CHEBI:59789;Q9UI30;Q9Y5N5
prerank,METTL1-WDR4 tRNA (guanine-N(7)-)-methyltransferase complex,0.4239401496259352,0.7688311847521736,0.85809906291834,0.8819205973228075,1.0,3/3,57.64%,CHEBI:59789;P57081;Q9UBP6
prerank,TRMT11-TRM112 methyltransferase complex,0.4233859794957052,0.7642909350205436,0.8346560846560847,0.8869979835170554,1.0,3/3,57.70%,CHEBI:59789;Q9UI30;Q7Z4G4
prerank,Interleukin-1 beta ligand-soluble receptor type 1 complex,0.41922970351898037,0.7639620756716214,0.8646517739816032,0.8860213563057712,1.0,3/3,58.11%,Q9NPH3;P01584-PRO_0000015302;P14778-PRO_0000415344
prerank,Interleukin-1 beta ligand-membrane bound receptor type 1 complex,0.4197838736492103,0.7636243162722408,0.856953642384106,0.8850301631944565,1.0,3/3,58.06%,Q9NPH3;P14778-PRO_0000015435;P01584-PRO_0000015302
prerank,THUMPD2-TRM112 methyltransferase complex,0.42227763923524525,0.7621517545014319,0.8503311258278146,0.8856126048725145,1.0,3/3,57.81%,CHEBI:59789;Q9UI30;Q9BTF0
prerank,BUD23-TRM112 methyltransferase complex,0.42283180936547526,0.7609260855333367,0.8527027027027027,0.8859772872493508,1.0,3/3,57.75%,CHEBI:59789;Q9UI30;O43709
prerank,THUMPD3-TRM112 methyltransferase complex,0.4231088944305902,0.7608653028886178,0.8625162127107653,0.8846509589151383,1.0,3/3,57.72%,CHEBI:59789;Q9UI30;Q9BV44
prerank,"GABA-A receptor, alpha3-beta3-theta",0.42865059573289,0.7584674561285004,0.8577023498694517,0.886507422130657,1.0,3/3,57.17%,P28472;P34903;Q9UN88
prerank,METTL5-TRM112 methyltransferase complex,0.4242172346910502,0.7569333602915762,0.8563899868247694,0.8872022610596996,1.0,3/3,57.61%,CHEBI:59789;Q9UI30;Q9NRN9
prerank,E3 ligase (RANBP2) complex,-0.3954003879190912,-0.7558679747072911,0.8666666666666667,0.8581584203518117,1.0,3/3,60.52%,P63279;P46060;P49792
prerank,Precursor interleukin-1 alpha-membrane-bound receptor type 1 complex,0.42006095871432525,0.7554126460575622,0.8441558441558441,0.8877672835206932,1.0,3/3,58.03%,Q9NPH3;P01583;P14778-PRO_0000015435
prerank,mRNA cap guanine-N7 methyltransferase complex,0.42366306456082015,0.7546764490512036,0.875,0.8872800894711761,1.0,3/3,57.67%,CHEBI:59789;Q9BTL3;O43148
prerank,Precursor interleukin-1 alpha-soluble receptor type 1 complex,0.4192297035189803,0.7538829536636884,0.8577023498694517,0.886928081104509,1.0,3/3,58.11%,Q9NPH3;P01583;P14778-PRO_0000415344
prerank,Interleukin-1 alpha-membrane-bound receptor type 1 complex,0.40786921584926555,0.7460814356131674,0.8872870249017037,0.8956914272590913,1.0,3/3,59.25%,Q9NPH3;P14778-PRO_0000015435;P01583-PRO_0000015266
prerank,"Eukaryotic translation initiation factor 4F, EIF4A1 and EIF4G1 variant",0.4139650872817954,0.7459926147735231,0.88296488946684,0.8943809471077787,1.0,3/3,58.64%,P06730;Q04637;P60842
prerank,"Eukaryotic translation initiation factor 4F, EIF4A1 and EIF4G3 variant",0.41368800221668045,0.7445811371259907,0.9087301587301587,0.8947053160696682,1.0,3/3,58.67%,P06730;P60842;O43432
prerank,Interleukin-1 alpha-soluble receptor type 1 complex,0.40786921584926555,0.7437669654254203,0.896640826873385,0.8942961110210323,1.0,3/3,59.25%,Q9NPH3;P14778-PRO_0000415344;P01583-PRO_0000015266
prerank,"Eukaryotic translation initiation factor 4F, EIF4A2 and EIF4G1 variant",0.41562759767248536,0.7424859695385971,0.8783610755441741,0.89450164903694,1.0,3/3,58.47%,P06730;Q04637;Q14240
prerank,"Retromer complex, VPS26B variant",0.40842338597949573,0.7399693596603696,0.8906455862977603,0.8961888719378653,1.0,3/3,59.19%,Q9UBQ0;Q96QK1;Q4G0F5
prerank,Interleukin-1 beta ligand-decoy receptor type 2 complex,0.4070379606539206,0.736568014337956,0.9185580774365821,0.8989688910172485,1.0,3/3,59.33%,Q9NPH3;P01584-PRO_0000015302;P27930
prerank,"Retromer complex, VPS26A variant",0.40814630091438076,0.7324306982555527,0.8831521739130435,0.902416154014359,1.0,3/3,59.22%,Q9UBQ0;Q96QK1;O75436
prerank,Interleukin-36B receptor ligand complex,0.4067608755888056,0.732365693971677,0.890038809831824,0.9010732044274532,1.0,3/3,59.36%,Q9NPH3;Q9HB29;Q9NZH7-PRO_0000153646
prerank,Interleukin-36G receptor ligand complex,0.4073150457190356,0.7318334386347557,0.9019867549668874,0.9003095359504334,1.0,3/3,59.30%,Q9NPH3;Q9HB29;Q9NZH8-PRO_0000153648
prerank,Interleukin-1 alpha decoy receptor-ligand type 2 complex,0.4070379606539206,0.7314712443135649,0.8913612565445026,0.8993291218441167,1.0,3/3,59.33%,Q9NPH3;P01583;P27930
prerank,"Eukaryotic translation initiation factor 4F, EIF4A2 and EIF4G3 variant",0.41368800221668045,0.7310616790901878,0.8930987821380244,0.8983861488162518,1.0,3/3,58.67%,P06730;Q14240;O43432
prerank,IL33 receptor-ligand complex,0.4064837905236906,0.7308603082537578,0.8970976253298153,0.8972493393782119,1.0,3/3,59.39%,Q9NPH3;O95760;Q01638
prerank,Interleukin-36A receptor ligand complex,0.4075921307841506,0.7289542022025128,0.9011703511053316,0.8979926500561785,1.0,3/3,59.27%,Q9NPH3;Q9HB29;Q9UHA7-PRO_0000153644
prerank,TBK1-IKKepsilon-TANK complex,0.40011083402604586,0.7124769286048029,0.9150066401062417,0.9146648015406473,1.0,3/3,60.02%,Q9UHD2;Q14164;Q92844
prerank,TBK1-IKKepsilon-SINTBAD complex,0.397062898309781,0.7071868852258825,0.910904255319149,0.9185449174595585,1.0,3/3,60.33%,Q9UHD2;Q14164;A7MCY6
prerank,TBK1-IKKepsilon-NAP1 complex,0.395954558049321,0.7019981651745355,0.9355704697986578,0.9223133482133246,1.0,3/3,60.44%,Q9UHD2;Q14164;Q9H6S1
