Name,Term,ES,NES,NOM p-val,FDR q-val,FWER p-val,Tag %,Gene %,Lead_genes
prerank,28S mitochondrial small ribosomal subunit,-0.7214636810486073,-4.409622864521725,0.0,0.0,0.0,31/31,28.49%,P82663;URS000044DFF6_9606;Q9Y291;Q9Y2Q9;Q9Y2R5;Q9Y2R9;Q9Y3D3;Q9Y3D5;Q9Y3D9;Q9Y676;Q9Y399;Q9NWT8;O15235;Q92665;O60783;P51398;P82650;Q96BP2;Q96EL2;Q96EY7;Q9BYN8;P82914;P82921;P82930;P82932;P82933;P82912;Q92552;P82664;P82673;P82675
prerank,Eukaryotic translation initiation factor 3 complex,-0.8875,-3.4498264674815142,0.0,0.0,0.0,13/13,11.59%,O75821;O75822;P55884;P60228;Q13347;O15371;O00303;O15372;Q14152;Q9Y262;Q9UBQ5;Q99613;Q7L2H7
prerank,MKS transition zone complex,-0.9255232400108725,-3.314495332406443,0.0,0.0,0.0,14/14,7.83%,Q9P2K1;Q9UPM9;Q9NXB0;Q5HYA8;Q6NUS6;Q6UX40;Q86X19;Q8N157;Q96GX1;Q96Q45;Q9BPU9;Q9H6L2;Q9P0N5;Q2MV58
prerank,Anaphase-promoting core complex,-0.8589290568089154,-3.204277286135693,0.0,0.0,0.0,14/14,14.46%,Q8NHZ8;Q96DE5;Q9BS18;Q13042;P30260;P60006;Q9NYG5;Q9UJX2;Q9UJX3;Q9H1A4;Q9UJX4;Q9UJX5;Q9UJX6;Q9UM13
prerank,Mitochondrial proton-transporting ATP synthase complex,-0.7500000000000001,-3.1488279683297464,0.0,0.0,0.0,21/21,25.45%,P05496;O75947;O75964;P00846;P03928;P24539;P06576;P18859;P25705;P56378;P56381;P56385;P36542;P48047;P48201;Q5VTU8;Q7Z4Y8;P56134;Q96IX5;Q06055;P30049
prerank,ESCRT-III complex,-0.9082020640956001,-3.0714661097600673,0.0,0.0,0.0,11/11,9.48%,Q9BY43;Q9H444;Q9HD42;Q9NZZ3;Q9UQN3;Q9Y3E7;Q7LBR1;Q8WUX9;Q96CF2;O43633;Q96FZ7
prerank,Nuclear pore complex,-0.5757989620322316,-3.0506512301013027,0.0,0.0,0.0,32/32,42.95%,P55735;Q96EE3;P49792;Q92621;Q8NFH5;Q8TEM1;P49790;Q8WUM0;Q9BVL2;Q9BW27;Q8WYP5;Q9UKX7;Q96HA1;Q99567;Q9BTX1;O15504;O75694;P12270;Q9NRG9;Q8NFH4;Q8NFH3;Q53GS7;Q5SRE5;P37198;P78406;Q12769;P57740;Q8N1F7;P35658;P52948-PRO_0000019929;P52948-PRO_0000019930;Q7Z3B4
prerank,Fanconi anemia ubiquitin ligase complex,-0.9457111834961999,-2.954457724236598,0.0,0.0,0.0,9/9,5.69%,O15287;Q9NPI8;Q9NW38;Q00597;Q0VG06;Q6NZ36;Q8NB91;Q9HB96;O15360
prerank,Survival motor neuron complex,-0.9082519001085777,-2.852333649281235,0.0,0.0,0.0,9/9,9.42%,O14893;Q9UHI6;P57678;Q16637;Q8TEQ6;Q8WXD5;Q9H840;Q9NWZ8;Q9Y3F4
prerank,Intraflagellar transport complex B,-0.6584171879249388,-2.758161853257766,0.0,0.0,0.0,16/16,34.47%,A0AVF1;Q9BW83;Q9P2H3;Q96LB3;Q9NQC8;Q9NWB7;Q9H7X7;Q9Y366;Q9Y547;Q9UG01;Q13099;Q8IY31;Q8N4P2;Q8TDR0;Q8WYA0;Q96AJ1
prerank,Core mediator complex,-0.6471229888191983,-2.6965909090909093,0.0,0.0,0.0,26/26,35.77%,Q9H204;Q9H944;Q9Y2X0;Q9Y3C7;Q9P086;Q9NX70;Q96RN5;Q9BTT4;Q9BUE0;Q9NPJ6;Q9NVC6;Q9NWA0;Q9ULK4;O95402;O43513;Q13503;A0JLT2;O75586;O75448;O60244;Q96HR3;Q96G25;Q71SY5;Q6P2C8;Q15648;Q15528
prerank,Kinetochore CCAN complex,-0.6331248300244764,-2.5407816349842283,0.0,0.00021512938931711494,0.001,16/16,36.99%,A8MT69;Q8N2Z9;Q9NSP4;Q7L2Z9;Q9H3R5;Q8N0S6;Q03188;Q9BS16;Q13352;Q96H22;Q92674;Q96BT3;Q5EE01;Q6IPU0;Q9BU64;Q71F23
prerank,CatSpermasome complex,-0.6919315403422982,-2.539044658306175,0.0,0.00019858097475425996,0.001,12/12,31.06%,Q9NTU4;Q8NEC5;Q96P56;Q9H7T0;Q7RTX7;A8MZ26;E9PQX1;Q2WGJ8;Q5SY80;Q6ZRH7;Q86XM0;Q86XQ3
prerank,HAUS complex,-0.8377204884667572,-2.5222548984273008,0.0,0.00018439661941466995,0.001,8/8,16.44%,O94927;Q99871;Q9BT25;Q9H6D7;Q9NVX0;Q68CZ6;Q7Z4H7;Q96CS2
prerank,Chaperonin-containing T-complex,-0.8404341926729987,-2.481436166181231,0.0,0.00017210351145369195,0.001,8/8,16.17%,P50990;P50991;P78371;Q99832;P49368;P17987;P40227;P48643
prerank,Signal recognition particle,-0.9270211611502984,-2.449932722802466,0.0,0.0001613470419878362,0.001,7/7,7.50%,Q9UHB9;URS00000478B7_9606;P49458;O76094;P09132;P37108;P61011
prerank,BBSome complex,-0.8241519674355496,-2.4265117978935837,0.0,0.0001518560395179635,0.001,8/8,17.79%,A8MTZ0;Q3SYG4;Q8IWZ6;Q8N3I7;Q8NFJ9;Q8TAM2;Q96RK4;Q9BXC9
prerank,"60S cytosolic large ribosomal subunit, striated muscle variant",0.9818930041152265,2.4066031093708644,0.0,0.0,0.0,48/48,3.09%,Q92901;P83881;P27635;P62891;P46779;P46777;P46778;P49207;P62424;P61313;P05388;P05387;P18077;Q07020;P47914;P62888;P62899;P62829;P63173;P62750;Q02543;P62910;P62913;P62917;P83731;P62906;Q02878;P84098;P62987;P62945;P61513;URS00000F9D45_9606;P61353;URS0000ABD82A_9606;Q9Y3U8;P18124;P50914;P05386;P32969;URS000075D341_9606;P36578;P46776;P42766;P18621;P26373;P61927;P30050;P40429
prerank,60S cytosolic large ribosomal subunit,0.9816236972024126,2.4034159159746142,0.0,0.0,0.0,47/47,3.09%,P39023;P27635;P62891;P46779;P46777;P46778;P49207;P62424;P61313;P05388;P05387;P18077;Q07020;P47914;P62888;P62899;P62829;P63173;P62750;Q02543;P62910;P62913;P62917;P83731;P62906;Q02878;P84098;P62987;P62945;P61513;URS00000F9D45_9606;P61353;URS0000ABD82A_9606;Q9Y3U8;P18124;P50914;P05386;P32969;URS000075D341_9606;P36578;P46776;P42766;P18621;P26373;P61927;P30050;P40429
prerank,"60S cytosolic large ribosomal subunit, testis-specific variant",0.9816236972024137,2.4030676496269736,0.0,0.0,0.0,47/47,3.09%,Q96L21;Q96EH5;P39023;P46779;P46777;P46778;P49207;P62424;P61313;P05388;P05387;P18077;Q07020;P47914;P62888;P62899;P62829;P63173;P62750;Q02543;P62910;P62913;P62917;P83731;P62906;Q02878;P84098;P62987;P62945;P61513;URS00000F9D45_9606;P61353;URS0000ABD82A_9606;Q9Y3U8;P18124;P50914;P05386;P32969;URS000075D341_9606;P36578;P46776;P42766;P18621;P26373;P61927;P30050;P40429
prerank,UTP-B complex,-0.9419582316246271,-2.390077681771941,0.0,0.00028683918575615324,0.001,6/6,5.98%,Q12788;Q15269;Q8NI36;Q9NYH9;Q9UNX4;Q9Y5J1
prerank,"TIM23 mitochondrial inner membrane pre-sequence translocase complex, TIM17B variant",-0.717462458689831,-2.3496779825505625,0.0,0.0002717423865058294,0.001,11/12,19.55%,P60602;Q3ZCQ8;P38646;O14925;O43615;Q8TAA5;Q96DA6;Q9BVV7;Q9HAV7;Q9Y3D7;Q9Y5T4
prerank,Synaptonemal complex,-0.8410200759631037,-2.330126277811186,0.0,0.0003872329007708069,0.001,7/7,16.08%,Q9BX26;Q15431;Q8IZU3;Q8N0S2;Q9BXU0;A1L190;Q6PIF2
prerank,UTP-A complex,-0.897748847301329,-2.327859204015145,0.0,0.0003687932388293399,0.001,6/6,10.40%,Q15061;Q8IWA0;Q8TED0;Q969X6;Q9H583;Q9H8H0
prerank,"TIM23 mitochondrial inner membrane pre-sequence translocase complex, TIM17A variant",-0.717462458689831,-2.3041247583410134,0.0,0.00035202990979164264,0.001,11/12,19.55%,P60602;Q3ZCQ8;P38646;O14925;O43615;Q8TAA5;Q96DA6;Q9BVV7;Q9HAV7;Q9Y3D7;Q9Y5T4
prerank,Mitochondrial complex I intermediate assembly (MCIA) complex,-0.8958502847843776,-2.2997361040782143,0.0,0.0003367242615398321,0.001,6/6,10.59%,Q9GZY4;Q8IUX1;Q96B77;Q9BQ95;Q9H845;Q9Y375
prerank,General transcription factor TFIIIC complex,-0.8879848114998644,-2.2694993349302197,0.0,0.0003226940839756724,0.001,6/6,11.37%,Q9Y5Q9;Q12789;Q8WUA4;Q969F1;Q9UKN8;Q9Y5Q8
prerank,Membrane attack complex,-0.7508819538670286,-2.2396884008404156,0.0,0.00030978632061664553,0.001,8/8,25.10%,P07358;P02748;P07357;P01031-PRO_0000005985;P01031-PRO_0000005989;P13671;P10643;P07360
prerank,TOM40 mitochondrial outer membrane translocase complex,-0.8195876288659794,-2.237068482267305,0.0,0.0002978714621313899,0.001,7/7,18.22%,Q8N4H5;Q96B49;O96008;O94826;Q9NS69;Q9P0U1;Q15388
prerank,Glycoprotein Ib-IX-V-Filamin-A complex,-0.9601409978308026,-2.213940115605264,0.0,0.0004780653095935888,0.003,5/5,4.14%,P21333;P13224;P14770;P07359;P40197
prerank,Outer dynein arm-docking complex,-0.9354663774403471,-2.1863584470387756,0.0,0.0008297847873660147,0.005,5/5,6.61%,Q9HAE3;A5D8V7;Q5T2S8;Q96M63;Q96NG3
prerank,MICOS mitochondrial contact site and cristae organizing system complex,-0.7745523602821487,-2.1511488304698827,0.0,0.0011572477494299978,0.009,7/7,22.72%,Q5TGZ0;Q16891;Q9NX63;Q6UXV4;Q9BUR5;Q5XKP0;Q9BRQ6
prerank,Commander complex,-0.6195267881425074,-2.145514814488419,0.0,0.0011186728244489978,0.009,16/16,38.34%,Q9UBQ0;Q9Y6G5;Q9NX08;Q9H0A8;O14972;Q9UBI1;Q7Z4G1;Q9P000;Q86VX2;Q8N668;Q86X83;Q9GZQ3;O60826;Q567U6;Q7Z3J2;Q8TCE6
prerank,Tubulin polyglutamylase complex,-0.9010303687635575,-2.1394877359264166,0.0,0.001165862496944365,0.009,5/5,10.05%,Q6ZTW0;Q8IUZ0;Q9BSH3;O95922;Q68CL5
prerank,XRCC1 DNA repair complex,-0.8130765056972328,-2.1346627570151266,0.0,0.0011294292939148535,0.009,7/7,18.87%,Q7Z2E3;Q9NUW8;P06746;P18887;P49916;Q8IW19;Q96T60
prerank,"Vacuolar proton translocating ATPase complex, ATP6V0A3 variant",-0.6261200108607113,-2.100856549255261,0.0,0.0014081196391665706,0.012,10/10,37.58%,Q6P5S7;Q99437;O75787;P27449;Q15904;Q16864;Q9UI12;Q9Y5K8;P38606;Q13488
prerank,Glycoprotein Ib-IX-V complex,-0.9598807264841419,-2.097503108131515,0.0,0.0013667043556616714,0.012,4/4,4.14%,P13224;P14770;P07359;P40197
prerank,Elongator holoenzyme complex,-0.8231624627068077,-2.0957768673839725,0.0,0.0014014143075514916,0.013,6/6,17.84%,Q9H9T3;Q6IA86;O95163;Q0PNE2;Q8TE02;Q96EB1
prerank,Multiaminoacyl-tRNA synthetase complex,0.9722976643128737,2.090103727774904,0.0,0.0,0.0,11/11,3.06%,P54136;Q13155;Q9P2J5;Q12904;O43324;P56192;P14868;P47897;P41252;Q15046;P07814
prerank,Mitochondrial respiratory chain complex I,0.8523600439077932,2.082088044391654,0.0,0.0,0.0,49/49,15.89%,P28331;Q9P0J0;P03901;Q9Y6M9;P51970;P19404;P17568;O75306;O75251;O43920;O95167;O95139;O75489;Q9UI09;O75380;CHEBI:58210;O00217;P03891;P03905;P49821;P03915;P03923;O15239;Q86Y39;CHEBI:64607;CHEBI:30408;O43181;Q16718;P56556;O95178;O75438;O43674;O43676;O95298;O95299;O43678;O43677;P56181;O96000;P03886;P03897;Q9NX14;Q16795;O95182;O95168;O95169;O14561;CHEBI:49601;CHEBI:16238
prerank,FERRY RAB5 effector complex,-0.9015726681127982,-2.076679861695838,0.0,0.0017210351145369195,0.015,5/5,9.99%,Q6ZMI0;O95825;Q8NB37;Q8TEA7;Q9NQ89
prerank,"Endoplasmic reticulum membrane complex, EMC8 variant",-0.7105677815842891,-2.0747117757293174,0.0,0.0016745206519818677,0.015,8/9,16.95%,Q8N766;Q8N4V1;Q5UCC4;Q5J8M3;Q15006;Q9BV81;Q9NPA0;Q9P0I2
prerank,NELF negative elongation factor complex ,-0.942260775277853,-2.070842414553043,0.0,0.0017663255122878914,0.016,4/4,5.90%,P18615;Q8IXH7;Q8WX92;Q9H3P2
prerank,Ribosome quality control complex,-0.9531038221740308,-2.0636141632537415,0.0,0.0017210351145369198,0.016,4/4,4.82%,CPX-137;O60524;O94822;Q9BQ70
prerank,Complement C1 complex,-0.8739154013015185,-2.0588433931945715,0.0,0.001742548053468631,0.017,5/5,12.75%,P09871-PRO_0000027587;P09871-PRO_0000027588;P00736-PRO_0000027579;CPX-1919;P00736-PRO_0000027578
prerank,"Endoplasmic reticulum membrane complex, EMC9 variant",-0.7105677815842891,-2.0542540614782734,0.0,0.0017630115807451372,0.018,8/9,16.95%,Q8N766;Q8N4V1;Q5UCC4;Q5J8M3;Q15006;Q9BV81;Q9NPA0;Q9P0I2
prerank,Vault ribonucleoprotein complex,-0.7289744981009224,-2.0438829061726036,0.0,0.0019668972737564793,0.022,7/7,27.27%,URS00005CCF67_9606;URS0000A76E3A_9606;Q99973;URS000058CD99_9606;Q14764;Q9UKK3;URS0000000A8C_9606
prerank,"TREX transcription-export complex, DX39B variant",0.8920953118244784,2.0369483253869722,0.0,0.0,0.0,15/16,5.71%,Q13838;P84090;Q9BY77;Q96J01;Q6I9Y2;Q8NI27;Q13769;P82979;Q86W42;Q96FV9;Q9Y3Y2;Q96QD9;O75152;Q9P127;Q53F19
prerank,"TREX transcription-export complex, DX39A variant",0.8920953118244784,2.0351753940860005,0.0,0.0,0.0,15/16,5.71%,O00148;P84090;Q9BY77;Q96J01;Q6I9Y2;Q8NI27;Q13769;P82979;Q86W42;Q96FV9;Q9Y3Y2;Q96QD9;O75152;Q9P127;Q53F19
prerank,19S-20S-PA28-alphabeta hybrid proteasome complex,0.8394264370417837,2.0294102576366133,0.0,0.0,0.0,34/35,14.41%,Q9UL46;Q06323;P51665;P62191;P62195;O00231;P55036;P43686;P62333;Q99460;P48556;P35998;Q16186;Q9UNM6;O43242;O00487;P17980;Q15008;Q13200;O00232;Q99436;P28074;P28072;O14818;P25789;P20618;P28070;P28066;P49720;P60900;P49721;P25788;P25786;P25787
prerank,USH2 complex,-0.9441583084846841,-2.023384584197636,0.0,0.0022813721285721957,0.024,4/4,5.71%,O75445;Q8WXG9;Q9H5P4;Q9P202
prerank,"Vacuolar proton translocating ATPase complex, ATP6V0A1 variant",-0.6250339397230519,-2.022960566909112,0.0,0.0022295227620137367,0.024,10/10,37.69%,Q6P5S7;Q99437;O75787;P27449;Q15904;Q16864;Q9UI12;Q9Y5K8;P38606;Q93050
prerank,19S-20S-PA28-gamma hybrid proteasome complex,0.838468377862341,2.020811286574241,0.0,0.0,0.0,33/34,14.41%,P61289;P51665;P62191;P62195;O00231;P55036;P43686;P62333;Q99460;P48556;P35998;Q16186;Q9UNM6;O43242;O00487;P17980;Q15008;Q13200;O00232;Q99436;P28074;P28072;O14818;P25789;P20618;P28070;P28066;P49720;P60900;P49721;P25788;P25786;P25787
prerank,"Vacuolar proton translocating ATPase complex, ATP6V0A2 variant",-0.6277491175672006,-2.0161740748048778,0.0,0.002466816997502918,0.028,10/10,37.42%,Q6P5S7;Q99437;O75787;P27449;Q15904;Q16864;Q9UI12;Q9Y5K8;P38606;Q9Y487
prerank,30S proteasome complex,0.8374662939453913,2.0146369277425538,0.0,0.0,0.0,32/33,14.41%,P51665;P62191;P62195;O00231;P55036;P43686;P62333;Q99460;P48556;P35998;Q16186;Q9UNM6;O43242;O00487;P17980;Q15008;Q13200;O00232;Q99436;P28074;P28072;O14818;P25789;P20618;P28070;P28066;P49720;P60900;P49721;P25788;P25786;P25787
prerank,26S proteasome complex,0.8374662939453913,2.0146369277425538,0.0,0.0,0.0,32/33,14.41%,P51665;P62191;P62195;O00231;P55036;P43686;P62333;Q99460;P48556;P35998;Q16186;Q9UNM6;O43242;O00487;P17980;Q15008;Q13200;O00232;Q99436;P28074;P28072;O14818;P25789;P20618;P28070;P28066;P49720;P60900;P49721;P25788;P25786;P25787
prerank,GPI-anchor transamidase complex,-0.8554772234273319,-2.0139799298011765,0.0,0.0024693112512921022,0.029,5/5,14.60%,Q96S52;O43292;Q92643;Q9H490;Q969N2
prerank,"GID E3 ubiquitin ligase complex, RMND5A-RANBP9 variant",-0.6392508143322476,-2.0021919114137114,0.0,0.0029111125873550023,0.034,9/9,36.26%,Q9UL63;P62699;Q7L5Y9;Q8IUR7;Q8IVV7;Q9H7D7;Q9NWU2;Q96S59;Q9H871
prerank,Integrator core complex,0.8972267536704732,1.9941540907912199,0.0,0.0,0.0,15/15,10.64%,Q9NVH2;Q96CB8;Q8N201;Q9NV88;Q75QN2;Q96SY0;Q96HW7;Q6P9B9;Q5TA45;Q9UL03;Q96N11;Q9NVM9;Q9NVR2;Q9H0H0;Q68E01
prerank,"Amiloride-sensitive sodium channel complex, delta-alpha-beta-gamma",-0.919761452968284,-1.9850007224745991,0.0,0.003710981965720233,0.046,4/4,8.15%,P37088;P51168;P51170;P51172
prerank,"GID E3 ubiquitin ligase complex, RMND5B-RANBP9 variant",-0.6387079261672096,-1.979264784663973,0.0,0.0037933018851017816,0.046,9/9,36.31%,Q9UL63;P62699;Q7L5Y9;Q8IUR7;Q8IVV7;Q9H7D7;Q9NWU2;Q96S59;Q96G75
prerank,"Vacuolar proton translocating ATPase complex, ATP6V0A4 variant",-0.6255769752918816,-1.9762418151443257,0.0,0.003769066900835854,0.047,10/10,37.64%,Q6P5S7;Q99437;O75787;P27449;Q15904;Q16864;Q9UI12;Q9Y5K8;P38606;Q9HBG4
prerank,"GID E3 ubiquitin ligase complex, RMND5B-RANBP10 variant",-0.6384364820846906,-1.9693831847663827,0.0,0.00435320646618162,0.055,9/9,36.34%,Q9UL63;P62699;Q7L5Y9;Q8IUR7;Q8IVV7;Q9H7D7;Q9NWU2;Q96G75;Q6VN20
prerank,"GID E3 ubiquitin ligase complex, RMND5A-RANBP10 variant",-0.6384364820846906,-1.9624750890864429,0.0,0.004617007663036544,0.058,9/9,36.34%,Q9UL63;P62699;Q7L5Y9;Q8IUR7;Q8IVV7;Q9H7D7;Q9NWU2;Q9H871;Q6VN20
prerank,PA28-alphabeta single-capped 20S proteasome complex,0.8596682077780802,1.9387141757558701,0.0,0.0,0.0,16/16,14.41%,Q9UL46;Q06323;Q99436;P28074;P28072;O14818;P25789;P20618;P28070;P28066;P49720;P60900;P49721;P25788;P25786;P25787
prerank,PA28-alphabeta double-capped 20S proteasome complex,0.8596682077780802,1.9387141757558701,0.0,0.0,0.0,16/16,14.41%,Q9UL46;Q06323;Q99436;P28074;P28072;O14818;P25789;P20618;P28070;P28066;P49720;P60900;P49721;P25788;P25786;P25787
prerank,PA28-gamma double-capped 20S proteasome complex,0.8594344752582925,1.9268035147279945,0.0,0.0,0.0,15/15,14.41%,P61289;Q99436;P28074;P28072;O14818;P25789;P20618;P28070;P28066;P49720;P60900;P49721;P25788;P25786;P25787
prerank,PA28-gamma single-capped 20S proteasome complex,0.8594344752582925,1.9268035147279945,0.0,0.0,0.0,15/15,14.41%,P61289;Q99436;P28074;P28072;O14818;P25789;P20618;P28070;P28066;P49720;P60900;P49721;P25788;P25786;P25787
prerank,Nuclear origin recognition complex,-0.7556278817466775,-1.9246062900731287,0.0,0.007111446982709159,0.09,6/6,24.59%,Q9Y5N6;O43913;O43929;Q13415;Q13416;Q9UBD5
prerank,Nexin-dynein regulatory complex,0.9005975013579575,1.9240692640369634,0.0,0.0,0.0,11/11,10.21%,Q9H069;O95995;Q9H095;Q5JU00;Q8IY82;Q8IXS2;Q5VUJ9;Q86XH1;Q96DY2;Q96MC2;Q8NEE6
prerank,PA200-20S single-capped proteasome,0.8594344752582926,1.918287481825717,0.0,0.0,0.0,15/15,14.41%,Q14997;Q99436;P28074;P28072;O14818;P25789;P20618;P28070;P28066;P49720;P60900;P49721;P25788;P25786;P25787
prerank,PA200-20S-PA200 double-capped proteasome complex,0.8594344752582926,1.918287481825717,0.0,0.0,0.0,15/15,14.41%,Q14997;Q99436;P28074;P28072;O14818;P25789;P20618;P28070;P28066;P49720;P60900;P49721;P25788;P25786;P25787
prerank,20S proteasome complex,0.8592008698015768,1.9045998191562565,0.0,0.0,0.0,14/14,14.41%,Q99436;P28074;P28072;O14818;P25789;P20618;P28070;P28066;P49720;P60900;P49721;P25788;P25786;P25787
prerank,Mitochondrial respiratory chain complex III,0.8770309338598523,1.9029454392182235,0.0,0.0,0.0,11/12,5.28%,P14927;P47985-PRO_0000030664;Q9UDW1;P31930;O14949;P07919;P08574;O14957;P22695;P00156;P47985-PRO_0000307241
prerank,20S spermatoproteasome complex,0.8592008698015767,1.902817661211406,0.0,0.0,0.0,14/14,14.41%,Q8TAA3;Q99436;P28074;P28072;P25789;P20618;P28070;P28066;P49720;P60900;P49721;P25788;P25786;P25787
prerank,20S thymoproteasome complex,0.8592008698015768,1.9003192087788532,0.0,0.0,0.0,14/14,14.41%,A5LHX3;P40306;P28065;O14818;P25789;P20618;P28070;P28066;P49720;P60900;P49721;P25788;P25786;P25787
prerank,COG tethering complex,-0.6564450474898237,-1.895369976801234,0.0,0.009800338846668569,0.12,8/8,34.52%,Q9Y2V7;Q14746;Q8WTW3;Q96JB2;Q96MW5;Q9H9E3;Q9UP83;P83436
prerank,LDLR-PCSK9 complex,-0.9761517615176152,-1.8936876396218854,0.0,0.00976296283155489,0.121,3/3,2.49%,P01130;Q8NBP7-PRO_0000027120;Q8NBP7-PRO_0000027121
prerank,20S immunoproteasome complex,0.8592008698015768,1.8910286306642474,0.0,0.0,0.0,14/14,14.41%,P28062;P40306;P28065;O14818;P25789;P20618;P28070;P28066;P49720;P60900;P49721;P25788;P25786;P25787
prerank,19S proteasome regulatory complex,0.8206530285254592,1.889475087601697,0.0,0.0,0.0,18/19,13.84%,P51665;P62191;P62195;O00231;P55036;P43686;P62333;Q99460;P48556;P35998;Q16186;Q9UNM6;O43242;O00487;P17980;Q15008;Q13200;O00232
prerank,Kinetochore MIS12 complex,-0.8500948766603414,-1.8794358167466516,0.0,0.01157088786827054,0.147,4/4,15.11%,Q6P1K2;Q96IY1;Q9H081;Q9H410
prerank,"Exocyst, EXOC6 variant",-0.6312075983717775,-1.8722670507267158,0.0,0.012545440177019125,0.164,8/8,37.04%,Q96KP1;Q9NV70;Q9UPT5;O00471;O60645;Q8IYI6;Q96A65;Q8TAG9
prerank,Integrator-PP2A complex,0.8237214363438519,1.8647303223873994,0.0,2.482240063186332e-05,0.001,17/17,18.01%,Q9NVH2;Q96CB8;Q8N201;Q9NV88;Q75QN2;Q96SY0;Q96HW7;Q6P9B9;Q5TA45;Q9UL03;Q96N11;Q9NVM9;Q9NVR2;Q9H0H0;Q68E01;P67775;P30153
prerank,"Dystrophin glycoprotein complex, skeletal muscle variant",-0.5328625746876697,-1.8587759742310368,0.022222222222222223,0.01504422074258997,0.199,11/11,46.90%,Q13424;Q14118-PRO_0000021065;Q14118-PRO_0000021066;Q16586;Q14714;Q16585;Q13326;Q13884;Q92629;P11532-1;Q9Y4J8-3
prerank,PeBoW complex,-0.959349593495935,-1.8543460569715131,0.0,0.015620581420924075,0.21,3/3,4.17%,Q14137;O00541;Q9GZL7
prerank,BAT3 complex,-0.9623306233062331,-1.8501179230312408,0.0,0.01639285946596416,0.224,3/3,3.87%,P46379;Q7L5D6;P11441
prerank,"TRAPP III complex, TRAPPC2 variant",-0.5802335052945968,-1.8497027697935722,0.0,0.01625108567169288,0.225,10/10,42.16%,O43617;Q9UL33;Q9Y296;Q9Y5R8;Q8IUR0;P0DI81;O75865;Q9Y2L5;Q7Z392;Q8WVT3
prerank,KICSTOR complex,-0.8473841149362971,-1.8484408606548706,0.004807692307692308,0.01636371290354055,0.231,4/4,15.38%,Q9Y664;Q5T011;Q969R8;Q96MD2
prerank,"TRAPP II complex, TRAPPC2B variant",-0.5832202009231604,-1.8388661750293969,0.0,0.01786598356995469,0.252,10/10,41.86%,O43617;Q9UL33;Q9Y296;Q9Y5R8;Q8IUR0;P0DI82;Q96Q05;P48553;Q86SZ2;A5PLN9
prerank,NPHP transition zone complex,-0.9577235772357724,-1.8387804726445782,0.0,0.017667501097668063,0.253,3/3,4.33%,O15259;O75161;Q68CZ1
prerank,"Non-canonical polycomb repressive complex 1.6, RING2-YAF2 variant",0.9639273121779224,1.8347347323559184,0.0,2.390305246031283e-05,0.001,6/6,3.76%,Q9BYE7;Q969R5;CPX-2552;CPX-2551;Q8IY57;Q99496
prerank,"Non-canonical polycomb repressive complex 1.6, RING1-YAF2 variant",0.9641985353946297,1.8340570564170673,0.0,2.3049372015301654e-05,0.001,6/6,3.74%,Q9BYE7;Q969R5;CPX-2552;CPX-2551;Q8IY57;Q06587
prerank,SMG1C protein kinase complex,-0.943089430894309,-1.8321686928019851,0.0,0.018904908796605547,0.266,3/3,5.79%,Q8ND04;Q96Q15;Q9H0W8
prerank,"Non-canonical polycomb repressive complex 1.6, RING2-RYBP variant",0.9639273121779225,1.8316818075185037,0.0,2.2254566083739533e-05,0.001,6/6,3.76%,Q9BYE7;Q969R5;CPX-2552;CPX-2551;Q8N488;Q99496
prerank,"Non-canonical polycomb repressive complex 1.6, RING1-RYBP variant",0.9641985353946299,1.8236981103319765,0.0,2.1512747214281548e-05,0.001,6/6,3.74%,Q9BYE7;Q969R5;CPX-2552;CPX-2551;Q8N488;Q06587
prerank,Rixosome RNA degradation complex,-0.6494845360824743,-1.8227637105388992,0.009708737864077669,0.02053507807117915,0.285,7/7,35.20%,Q9H4L4;Q5SY16;Q8IZL8;Q9BV38;Q9NU22;Q9NXF1;Q9Y4W2
prerank,"SMC5-SMC6 SUMO ligase complex, NSE4EA variant",-0.6314789687924017,-1.8222717090153124,0.0,0.02030564564240948,0.286,8/8,37.02%,Q8IX21;Q8IY18;Q8WV22;Q96MF7;Q96MG7;Q96SB8;Q9BQI6;Q9NXX6
prerank,Eukaryotic translation initiation factor 2 complex,-0.9495934959349593,-1.8214244030690279,0.00392156862745098,0.02031074528552762,0.293,3/3,5.14%,P05198;P20042;P41091
prerank,"Exocyst, EXOC6B variant",-0.6306648575305293,-1.8188781229053816,0.0,0.020689835181280796,0.301,8/8,37.10%,Q96KP1;Q9NV70;Q9UPT5;O00471;O60645;Q8IYI6;Q96A65;Q9Y2D4
prerank,"TRAPP II complex, TRAPPC2 variant",-0.5832202009231604,-1.8138315541958818,0.0,0.02172192176704812,0.318,10/10,41.86%,O43617;Q9UL33;Q9Y296;Q9Y5R8;Q8IUR0;P0DI81;Q96Q05;P48553;Q86SZ2;A5PLN9
prerank,"Dystrophin glycoprotein complex, retinal outer plexiform layer variant",-0.5331341662140141,-1.8093127957885038,0.0,0.02250677611052859,0.331,11/11,46.87%,Q13424;Q14118-PRO_0000021065;Q14118-PRO_0000021066;Q16586;Q14714;Q16585;Q13326;Q13884;Q92629;O60941;P11532-2
prerank,Mitochondrial respiratory chain complex IV,0.8009921068936233,1.8067768016471224,0.0,2.0818787626724078e-05,0.001,15/16,14.89%,P20674;P14854;P12074;P00395;O00483;P09669;P00414;P00403;P10176;P13073;P24311;P15954;CHEBI:23378;P14406;P10606
prerank,Ndc80 complex,-0.8438601246950392,-1.7955014655074215,0.004975124378109453,0.026389205089566103,0.382,4/4,15.73%,Q9HBM1;O14777;Q8NBT2;Q9BZD4
prerank,"SMC5-SMC6 SUMO ligase complex, EID3 variant",-0.630122116689281,-1.79160609202729,0.01818181818181818,0.02737153106818306,0.396,8/8,37.15%,Q8IX21;Q8IY18;Q8WV22;Q96MF7;Q96MG7;Q96SB8;Q9BQI6;Q8N140
prerank,"Actin-related protein 2/3 complex, ARPC1B-ACTR3B-ARPC5L variant",-0.6356483993488877,-1.7913477561668751,0.009523809523809525,0.027071417207040194,0.397,7/7,36.58%,O15145;P59998;P61160;O15144;Q9P1U1;Q92747;Q9BPX5
prerank,"TRAPP III complex, TRAPPC2B variant",-0.5802335052945968,-1.7907989367464983,0.017241379310344827,0.026916989191357425,0.397,10/10,42.16%,O43617;Q9UL33;Q9Y296;Q9Y5R8;Q8IUR0;P0DI82;O75865;Q9Y2L5;Q7Z392;Q8WVT3
prerank,MCM complex,-0.7179278546243558,-1.7897676442298547,0.008264462809917356,0.02717423865058294,0.403,6/6,28.35%,P33992;P33991;P25205;P33993;P49736;Q14566
prerank,"Non-canonical polycomb repressive complex 1.3, RING1-RYBP-CKIIA2 variant",0.9639370932754879,1.78726853435203,0.0,2.016820051338895e-05,0.001,5/5,3.74%,CPX-2428;Q3KNV8;Q8WXX7;Q8N488;Q06587
prerank,"Amiloride-sensitive sodium channel complex, alpha-beta-gamma",-0.9197831978319784,-1.785714832247489,0.0,0.028262972757557597,0.421,3/3,8.12%,P37088;P51168;P51170
prerank,"Non-canonical polycomb repressive complex 1.3, RING2-YAF2-CKIIA2 variant",0.9636659436008678,1.7848996549111313,0.0,1.9557042922074135e-05,0.001,5/5,3.76%,CPX-2428;Q3KNV8;Q8WXX7;Q8IY57;Q99496
prerank,ULK1-ATG13-RB1CC1-ATG101 autophagy initiation complex,-0.8465708864190837,-1.7838652030374977,0.005050505050505051,0.028529466706362014,0.428,4/4,15.46%,O75143;O75385;Q9BSB4;Q8TDY2
prerank,"Amiloride-sensitive sodium channel complex, delta-beta-gamma",-0.9195121951219513,-1.782520689048971,0.0,0.02882189185483981,0.438,3/3,8.15%,P51168;P51170;P51172
prerank,"Non-canonical polycomb repressive complex 1.3, RING2-YAF2-CKIIA1 variant",0.9636659436008678,1.7809832327487796,0.0,1.8981835777307246e-05,0.001,5/5,3.76%,CPX-914;Q3KNV8;Q8WXX7;Q8IY57;Q99496
prerank,"Non-canonical polycomb repressive complex 1.3, RING1-YAF2-CKIIA2 variant",0.963937093275488,1.7805475635014658,0.0,1.8439497612241324e-05,0.001,5/5,3.74%,CPX-2428;Q3KNV8;Q8WXX7;Q8IY57;Q06587
prerank,"Non-canonical polycomb repressive complex 1.3, RING2-RYBP-CKIIA2 variant",0.9636659436008678,1.7799925272527453,0.0,1.792728934523462e-05,0.001,5/5,3.76%,CPX-2428;Q3KNV8;Q8WXX7;Q8N488;Q99496
prerank,"Non-canonical polycomb repressive complex 1.5, RING2-YAF2-CKIIA2 variant",0.9636659436008678,1.7781366664449525,0.0,1.7442768011579632e-05,0.001,5/5,3.76%,CPX-2428;Q86SE9;Q8WXX7;Q8IY57;Q99496
prerank,"Non-canonical polycomb repressive complex 1.3, RING2-RYBP-CKIIA1-A2 variant",0.9636659436008678,1.7766943542081377,0.0,1.698374780074859e-05,0.001,5/5,3.76%,CPX-2437;Q3KNV8;Q8WXX7;Q8N488;Q99496
prerank,"Non-canonical polycomb repressive complex 1.5, RING1-YAF2-CKIIA2 variant",0.963937093275488,1.77608204627392,0.0,1.6548267087908883e-05,0.001,5/5,3.74%,CPX-2428;Q86SE9;Q8WXX7;Q8IY57;Q06587
prerank,"Actin-related protein 2/3 complex, ARPC1A-ACTR3B-ARPC5 variant",-0.636462289744981,-1.7760524133978308,0.009259259259259259,0.030720476794484017,0.46,7/7,36.50%,O15145;P59998;P61160;O15144;Q9P1U1;O15511;Q92747
prerank,"Non-canonical polycomb repressive complex 1.3, RING2-RYBP-CKIIA1 variant",0.9636659436008678,1.7736544159421004,0.0,3.226912082142232e-05,0.002,5/5,3.76%,CPX-914;Q3KNV8;Q8WXX7;Q8N488;Q99496
prerank,"Non-canonical polycomb repressive complex 1.5, RING2-YAF2-CKIIA1 variant",0.9636659436008678,1.772877891867446,0.0,3.1482069094070554e-05,0.002,5/5,3.76%,CPX-914;Q86SE9;Q8WXX7;Q8IY57;Q99496
prerank,"Non-canonical polycomb repressive complex 1.3, RING1-RYBP-CKIIA1 variant",0.9639370932754879,1.7725326785434692,0.0,3.073249602040221e-05,0.002,5/5,3.74%,CPX-914;Q3KNV8;Q8WXX7;Q8N488;Q06587
prerank,"Non-canonical polycomb repressive complex 1.3, RING1-YAF2-CKIIA1 variant",0.963937093275488,1.7721104365203773,0.0,3.0017786810625412e-05,0.002,5/5,3.74%,CPX-914;Q3KNV8;Q8WXX7;Q8IY57;Q06587
prerank,"Non-canonical polycomb repressive complex 1.3, RING2-YAF2-CKIIA1-A2 variant",0.9636659436008678,1.7713466501624902,0.0,2.93355643831112e-05,0.002,5/5,3.76%,CPX-2437;Q3KNV8;Q8WXX7;Q8IY57;Q99496
prerank,Subcortical maternal complex,-0.6676614215952252,-1.7712859082139878,0.010416666666666666,0.03190289166021215,0.473,7/7,33.39%,Q6TGC4;Q8WX94;Q9H808-1;Q9NX02;A6NGQ2;P59047;Q587J8
prerank,SHU complex,-0.8172946597994035,-1.7707868029303724,0.014018691588785047,0.031608279054787816,0.475,4/4,18.39%,Q6NVH7;Q9NTI5;Q14159;Q19AV6
prerank,"Non-canonical polycomb repressive complex 1.5, RING2-YAF2-CKIIA1-A2 variant",0.9636659436008678,1.7693461939841448,0.0,4.3025494428563096e-05,0.003,5/5,3.76%,CPX-2437;Q86SE9;Q8WXX7;Q8IY57;Q99496
prerank,"Actin-related protein 2/3 complex, ARPC1B-ACTR3-ARPC5 variant",-0.6353771025501899,-1.7693089356373592,0.008771929824561403,0.03191172338882312,0.482,7/7,36.61%,O15145;P59998;P61160;O15144;O15511;P61158;O15143
prerank,"Actin-related protein 2/3 complex, ARPC1B-ACTR3B-ARPC5 variant",-0.6353771025501899,-1.7689556980497276,0.017391304347826087,0.03156255468981101,0.482,7/7,36.61%,O15145;P59998;P61160;O15144;Q9P1U1;O15511;O15143
prerank,"Non-canonical polycomb repressive complex 1.3, RING1-YAF2-CKIIA1-A2 variant",0.963937093275488,1.7689285967539425,0.0,4.209015759315955e-05,0.003,5/5,3.74%,CPX-2437;Q3KNV8;Q8WXX7;Q8IY57;Q06587
prerank,"Non-canonical polycomb repressive complex 1.5, RING1-RYBP-CKIIA2 variant",0.963937093275488,1.7661056167437403,0.0,4.119462232521998e-05,0.003,5/5,3.74%,CPX-2428;Q86SE9;Q8WXX7;Q8N488;Q06587
prerank,"Non-canonical polycomb repressive complex 1.5, RING2-RYBP-CKIIA2 variant",0.9636659436008678,1.7657180999068067,0.0,4.03364010267779e-05,0.003,5/5,3.76%,CPX-2428;Q86SE9;Q8WXX7;Q8N488;Q99496
prerank,"Non-canonical polycomb repressive complex 1.5, RING1-YAF2-CKIIA1 variant",0.963937093275488,1.764494312233713,0.0,5.268427889211807e-05,0.004,5/5,3.74%,CPX-914;Q86SE9;Q8WXX7;Q8IY57;Q06587
prerank,"Non-canonical polycomb repressive complex 1.3, RING1-RYBP-CKIIA1-A2 variant",0.9639370932754879,1.764376413910287,0.0,5.163059331427571e-05,0.004,5/5,3.74%,CPX-2437;Q3KNV8;Q8WXX7;Q8N488;Q06587
prerank,"Non-canonical polycomb repressive complex 1.5, RING2-RYBP-CKIIA1 variant",0.9636659436008678,1.76272484788819,0.0,5.061822873948599e-05,0.004,5/5,3.76%,CPX-914;Q86SE9;Q8WXX7;Q8N488;Q99496
prerank,"Non-canonical polycomb repressive complex 1.5, RING1-RYBP-CKIIA1 variant",0.9639370932754879,1.7610219498181396,0.0,4.964480126372664e-05,0.004,5/5,3.74%,CPX-914;Q86SE9;Q8WXX7;Q8N488;Q06587
prerank,"Non-canonical polycomb repressive complex 1.5, RING1-YAF2-CKIIA1-A2 variant",0.963937093275488,1.760132949670749,0.0,4.87081069002601e-05,0.004,5/5,3.74%,CPX-2437;Q86SE9;Q8WXX7;Q8IY57;Q06587
prerank,PEX2-PEX10-PEX12 E3 ubiquitin ligase complex,-0.9273712737127371,-1.758189960914505,0.008097165991902834,0.035169858752360346,0.526,3/3,7.37%,O00623;O60683;P28328
prerank,"Actin-related protein 2/3 complex, ARPC1A-ACTR3-ARPC5 variant",-0.6359196961475855,-1.7577367542552866,0.0,0.03488097912369594,0.527,7/7,36.56%,O15145;P59998;P61160;O15144;O15511;Q92747;P61158
prerank,MPP10 complex,-0.8975609756097561,-1.7534652565657847,0.0,0.035874680232329925,0.536,3/3,10.34%,Q96G21;Q9NV31;O00566
prerank,"Non-canonical polycomb repressive complex 1.5, RING2-RYBP-CKIIA1-A2 variant",0.9636659436008678,1.7515002694310802,0.0,8.36606836110949e-05,0.007,5/5,3.76%,CPX-2437;Q86SE9;Q8WXX7;Q8N488;Q99496
prerank,ESCRT-II complex,-0.9054200542005421,-1.7496152770414675,0.0,0.037197827134650245,0.553,3/3,9.56%,Q86VN1;Q96H20;Q9BRG1
prerank,"Actin-related protein 2/3 complex, ARPC1A-ACTR3-ARPC5L variant",-0.6356483993488877,-1.7484060587365058,0.019417475728155338,0.03712794853832455,0.555,7/7,36.58%,O15145;P59998;P61160;O15144;Q92747;P61158;Q9BPX5
prerank,Mitochondrial NIAUFX iron-sulfur cluster assembly complex ,0.8781877373846989,1.7473225037939824,0.0,0.0001173422575324448,0.009,7/7,12.35%,Q9HD34;Q9Y697;Q16595;Q9H1K1;Q6P4F2;CHEBI:597326;O14561
prerank,mCRD-poly(A)-bridging complex,0.9427874186550976,1.7430818418877037,0.0,0.00012677154608415912,0.009,5/5,5.85%,Q9H074;P11940;Q14103;O75534;O60506
prerank,"Non-canonical polycomb repressive complex 1.5, RING1-RYBP-CKIIA1-A2 variant",0.9639370932754879,1.7425717791237694,0.0,0.00012454748387215634,0.009,5/5,3.74%,CPX-2437;Q86SE9;Q8WXX7;Q8N488;Q06587
prerank,Mitochondrial 3-oxoacyl-[acyl-carrier-protein] reductase,-0.7961507183518568,-1.736091391614567,0.005319148936170213,0.041620365853217836,0.61,4/4,20.50%,CHEBI:57540;CHEBI:58349;Q8N4T8;Q92506
prerank,"Non-canonical polycomb repressive complex 1.1, RING2-PCGF1-YAF2 variant",0.8928668294005966,1.7307337358894328,0.0,0.00018916381171178603,0.015,6/6,10.86%,Q6W2J9;Q9BSM1;Q8IY57;Q99496;Q8NHM5;P63208
prerank,GINS complex,-0.812144212523719,-1.7276038512956133,0.0,0.045361568376008805,0.638,4/4,18.90%,Q14691;Q9BRT9;Q9Y248;Q9BRX5
prerank,WMM N6-adenosine-methyltransferase complex,-0.7171908893709328,-1.7265507564408284,0.017142857142857144,0.04548583566300565,0.645,5/5,28.41%,Q15007;Q5T200;Q69YN4;Q75N03;CPX-21210
prerank,"Non-canonical polycomb repressive complex 1.1, RING1-PCGF1-YAF2 variant",0.8928668294005968,1.7190778931613446,0.0,0.0003062831806779068,0.021,6/6,10.86%,Q6W2J9;Q9BSM1;Q8IY57;Q06587;Q8NHM5;P63208
prerank,"Non-canonical polycomb repressive complex 1.1, RING2-PCGF1-RYBP variant",0.8928668294005965,1.7180666533327447,0.0,0.00030117846099994165,0.021,6/6,10.86%,Q5H9F3;Q9BSM1;Q8N488;Q99496;Q8NHM5;P63208
prerank,Intraflagellar transport complex A,-0.6588011933821535,-1.7177825681732188,0.01948051948051948,0.049410362965737364,0.681,6/6,34.25%,Q9P2L0;Q9HBG6;Q7Z4L5;Q8NEZ3;Q96FT9;Q96RY7
prerank,"Polycomb repressive complex 1, RING2-PCGF4-CBX8-PHC1 variant",0.9634047167253997,1.7154637624382145,0.0,0.0003279812280210138,0.023,4/4,3.76%,Q9HC52;P78364;P35226;Q99496
prerank,"Actin-related protein 2/3 complex, ARPC1B-ACTR3-ARPC5L variant",-0.6353771025501899,-1.7145694957139823,0.026785714285714284,0.050312813773909094,0.691,7/7,36.61%,O15145;P59998;P61160;O15144;P61158;Q9BPX5;O15143
prerank,"Polycomb repressive complex 1, RING2-PCGF2-CBX8-PHC1 variant",0.9634047167253997,1.714319514220611,0.0,0.00035391938965430937,0.026,4/4,3.76%,Q9HC52;P78364;P35227;Q99496
prerank,"Polycomb repressive complex 1, RING2-PCGF4-CBX2-PHC1 variant",0.9634047167253997,1.7142771173602032,0.0,0.0003483016215645584,0.026,4/4,3.76%,Q14781;P78364;P35226;Q99496
prerank,"Polycomb repressive complex 1, RING2-PCGF2-CBX2-PHC3 variant",0.9634047167253997,1.7113706845093983,0.0,0.000403364010267779,0.029,4/4,3.76%,Q14781;Q8NDX5;P35227;Q99496
prerank,"Polycomb repressive complex 1, RING2-PCGF2-CBX8-PHC3 variant",0.9634047167253997,1.7107831183050428,0.0,0.0003971584101098132,0.029,4/4,3.76%,Q9HC52;Q8NDX5;P35227;Q99496
prerank,"Non-canonical polycomb repressive complex 1.1, RING1-PCGF1-RYBP variant",0.8928668294005967,1.7102312330975031,0.0,0.00039114085844148267,0.029,6/6,10.86%,Q6W2J9;Q9BSM1;Q8N488;Q06587;Q8NHM5;P63208
prerank,"COPI vesicle coat complex, COPG1-COPZ1 variant",-0.6294085729788389,-1.7081001782567704,0.010752688172043012,0.053533250141648385,0.72,7/7,37.21%,P48444;O14579;P35606;P53618;P53621;P61923;Q9Y678
prerank,"Polycomb repressive complex 1, RING2-PCGF2-CBX2-PHC2 variant",0.9634047167253997,1.7080837089581737,0.0,0.0003949355085606911,0.029,4/4,3.76%,Q14781;Q8IXK0;P35227;Q99496
prerank,"Polycomb repressive complex 1, RING2-PCGF2-CBX2-PHC1 variant",0.9634047167253997,1.7076239106591884,0.0,0.00038912763343479855,0.029,4/4,3.76%,Q14781;P78364;P35227;Q99496
prerank,"Polycomb repressive complex 1, RING2-PCGF4-CBX2-PHC3 variant",0.9634047167253997,1.7029441861292909,0.0,0.0004396083126396664,0.033,4/4,3.76%,Q14781;Q8NDX5;P35226;Q99496
prerank,"Polycomb repressive complex 1, RING2-PCGF4-CBX4-PHC1 variant",0.9634047167253997,1.7005665674197987,0.0,0.00045176769149991245,0.035,4/4,3.76%,O00257;P78364;P35226;Q99496
prerank,"Polycomb repressive complex 1, RING1-PCGF2-CBX2-PHC3 variant",0.9636757928978043,1.70053610613762,0.0,0.0004454047662675193,0.035,4/4,3.74%,Q14781;Q8NDX5;P35227;Q06587
prerank,"Polycomb repressive complex 1, RING1-PCGF4-CBX2-PHC3 variant",0.9636757928978043,1.7003642770849254,0.0,0.0004392185889582482,0.035,4/4,3.74%,Q14781;Q8NDX5;P35226;Q06587
prerank,"Polycomb repressive complex 1, RING2-PCGF2-CBX4-PHC2 variant",0.9634047167253997,1.6998980872109473,0.0,0.000442042750978388,0.036,4/4,3.76%,O00257;Q8IXK0;P35227;Q99496
prerank,"Polycomb repressive complex 1, RING2-PCGF4-CBX7-PHC1 variant",0.9634047167253997,1.6991762287469698,0.0,0.00044479058429528065,0.037,4/4,3.76%,O95931;P78364;P35226;Q99496
prerank,"Polycomb repressive complex 1, RING2-PCGF2-CBX7-PHC3 variant",0.9634047167253998,1.6983691907607972,0.0,0.0004474651420570562,0.038,4/4,3.76%,O95931;Q8NDX5;P35227;Q99496
prerank,Oligosaccharyltransferase complex A,-0.5871335504885994,-1.6980531099130627,0.0,0.05838073802593208,0.75,9/9,41.46%,P04843;P39656;P61803;P0C6T2;P61165;P04844;Q8N6L1;Q9NRP0;P46977
prerank,"Polycomb repressive complex 1, RING2-PCGF4-CBX6-PHC1 variant",0.9634047167253997,1.6977823181847351,0.0,0.00044157744281946335,0.038,4/4,3.76%,O95503;P78364;P35226;Q99496
prerank,"Polycomb repressive complex 1, RING2-PCGF4-CBX8-PHC3 variant",0.9634047167253997,1.6971061917910808,0.0,0.000435842670834795,0.038,4/4,3.76%,Q9HC52;Q8NDX5;P35226;Q99496
prerank,"Polycomb repressive complex 1, RING1-PCGF2-CBX2-PHC1 variant",0.9636757928978043,1.696249890646085,0.0,0.0004633514784614487,0.039,4/4,3.74%,Q14781;P78364;P35227;Q06587
prerank,"Polycomb repressive complex 1, RING2-PCGF2-CBX7-PHC2 variant",0.9634047167253997,1.6955092833291316,0.0,0.0004574862698733291,0.039,4/4,3.76%,O95931;Q8IXK0;P35227;Q99496
prerank,"Polycomb repressive complex 1, RING2-PCGF2-CBX7-PHC1 variant",0.9634047167253997,1.69539523977545,0.0,0.0004517676914999125,0.039,4/4,3.76%,O95931;P78364;P35227;Q99496
prerank,"Polycomb repressive complex 1, RING2-PCGF2-CBX4-PHC3 variant",0.9634047167253997,1.6948526333436358,0.0,0.00045415799674594377,0.039,4/4,3.76%,O00257;Q8NDX5;P35227;Q99496
prerank,"Polycomb repressive complex 1, RING2-PCGF4-CBX2-PHC2 variant",0.9634047167253997,1.694491620997256,0.0,0.0004486194845905054,0.039,4/4,3.76%,Q14781;Q8IXK0;P35226;Q99496
prerank,"Polycomb repressive complex 1, RING2-PCGF2-CBX8-PHC2 variant",0.9634047167253997,1.6942120702352745,0.0,0.0004432144305592945,0.039,4/4,3.76%,Q9HC52;Q8IXK0;P35227;Q99496
prerank,"COPI vesicle coat complex, COPG2-COPZ1 variant",-0.6068909386869235,-1.6926147908814713,0.029411764705882353,0.06052011108954054,0.763,7/7,39.45%,P48444;O14579;P35606;P53618;P53621;P61923;Q9UBF2
prerank,HUSH epigenetic repressor complex,-0.884010840108401,-1.6921685179158266,0.01098901098901099,0.060086955554980316,0.764,3/3,11.70%,Q9UK61;Q8NEY8;Q99549
prerank,"Polycomb repressive complex 1, RING2-PCGF2-CBX6-PHC2 variant",0.9634047167253997,1.692007746320822,0.0,0.00045330431630093257,0.041,4/4,3.76%,O95503;Q8IXK0;P35227;Q99496
prerank,"Polycomb repressive complex 1, RING2-PCGF2-CBX6-PHC1 variant",0.9634047167253997,1.6915010029823754,0.0,0.0004631567929662968,0.041,4/4,3.76%,O95503;P78364;P35227;Q99496
prerank,"Serine palmitoyltransferase complex, SPTLC1-SPTLC3-SPTSSB variant",0.9617782596909731,1.6908441256757671,0.0,0.0004802845889700066,0.044,4/4,3.93%,Q9NUV7;Q8NFR3;O15269;CHEBI:597326
prerank,"Polycomb repressive complex 1, RING2-PCGF4-CBX4-PHC3 variant",0.9634047167253997,1.6905327206500345,0.0,0.00047476407645311,0.044,4/4,3.76%,O00257;Q8NDX5;P35226;Q99496
prerank,RFX gene regulatory complex,-0.8758807588075881,-1.690197145200385,0.007874015748031496,0.06086205995953288,0.771,3/3,12.51%,O00287;P48382;O14593
prerank,"Polycomb repressive complex 1, RING1-PCGF2-CBX8-PHC1 variant",0.9636757928978043,1.6891339768447187,0.0,0.0004987045945128904,0.047,4/4,3.74%,Q9HC52;P78364;P35227;Q06587
prerank,"Polycomb repressive complex 1, RING1-PCGF2-CBX2-PHC2 variant",0.9636757928978043,1.688983593297974,0.0,0.0005003526599276719,0.048,4/4,3.74%,Q14781;Q8IXK0;P35227;Q06587
prerank,N-acetylglucosamine-1-phosphotransferase complex,-0.8815718157181571,-1.6887431988850417,0.007168458781362007,0.06100208963476112,0.777,3/3,11.94%,Q3T906-PRO_0000225008;Q3T906-PRO_0000225009;Q9UJJ9
prerank,"Polycomb repressive complex 1, RING1-PCGF4-CBX2-PHC1 variant",0.9636757928978043,1.6886636378661442,0.0,0.0005019641016665695,0.049,4/4,3.74%,Q14781;P78364;P35226;Q06587
prerank,"Polycomb repressive complex 1, RING2-PCGF4-CBX7-PHC3 variant",0.9634047167253998,1.688597051923409,0.0,0.0004964480126372665,0.049,4/4,3.76%,O95931;Q8NDX5;P35226;Q99496
prerank,"Polycomb repressive complex 1, RING2-PCGF2-CBX6-PHC3 variant",0.9634047167253998,1.6873770503734644,0.0,0.0004910518385868615,0.049,4/4,3.76%,O95503;Q8NDX5;P35227;Q99496
prerank,"Polycomb repressive complex 1, RING1-PCGF2-CBX7-PHC1 variant",0.9636757928978043,1.6870196070183374,0.0,0.0005135300947925271,0.053,4/4,3.74%,O95931;P78364;P35227;Q06587
prerank,"Polycomb repressive complex 1, RING2-PCGF4-CBX6-PHC3 variant",0.9634047167253998,1.6862811619485092,0.0,0.0005149327790652498,0.053,4/4,3.76%,O95503;Q8NDX5;P35226;Q99496
prerank,"Polycomb repressive complex 1, RING2-PCGF4-CBX8-PHC2 variant",0.9634047167253997,1.6859787862631093,0.0,0.0005163059331427571,0.054,4/4,3.76%,Q9HC52;Q8IXK0;P35226;Q99496
prerank,"Polycomb repressive complex 1, RING2-PCGF2-CBX4-PHC1 variant",0.9634047167253997,1.6853806360028663,0.0,0.0005176504798436497,0.055,4/4,3.76%,O00257;P78364;P35227;Q99496
prerank,"Serine palmitoyltransferase complex, SPTLC1-SPTLC2-SPTSSB variant",0.9617782596909731,1.6853690709589293,0.0,0.0005123138769586637,0.055,4/4,3.93%,O15270;Q8NFR3;O15269;CHEBI:597326
prerank,"Polycomb repressive complex 1, RING1-PCGF2-CBX8-PHC3 variant",0.9636757928978043,1.6849218244003539,0.0,0.0005136717191981513,0.055,4/4,3.74%,Q9HC52;Q8NDX5;P35227;Q06587
prerank,"Polycomb repressive complex 1, RING2-PCGF4-CBX4-PHC2 variant",0.9634047167253997,1.684533357094511,0.0,0.0005084831159739275,0.055,4/4,3.76%,O00257;Q8IXK0;P35226;Q99496
prerank,Small ribosomal subunit processome,0.7079787793582587,1.6841502672128155,0.0,0.0005163059331427571,0.056,28/29,26.81%,O75691;Q9Y3A4;O43818;P78316;Q9BVJ6;O15213;CPX-2688;Q5QJE6;Q8NDD1;Q14692;Q13601;Q9H6R4;Q9NQZ2;Q9BVI4;Q9Y3A2;Q9Y324;Q9Y2P8;CPX-2450;CPX-2478;Q8NEJ9;Q92979;Q9NY61;Q9H0A0;Q9NRX1;P22087;Q9Y2X3;O00567;Q9NV06
prerank,"Polycomb repressive complex 1, RING1-PCGF4-CBX2-PHC2 variant",0.9636757928978043,1.6838242395845304,0.0,0.0005175839181257838,0.057,4/4,3.74%,Q14781;Q8IXK0;P35226;Q06587
prerank,"Polycomb repressive complex 1, RING2-PCGF4-CBX7-PHC2 variant",0.9634047167253997,1.6833918978763176,0.0,0.0005251641231721672,0.058,4/4,3.76%,O95931;Q8IXK0;P35226;Q99496
prerank,"Polycomb repressive complex 1, RING1-PCGF2-CBX6-PHC1 variant",0.9636757928978043,1.682421139433118,0.0,0.0005388629884742369,0.061,4/4,3.74%,O95503;P78364;P35227;Q06587
prerank,"Polycomb repressive complex 1, RING2-PCGF4-CBX6-PHC2 variant",0.9634047167253997,1.6794267244904788,0.0,0.0005709152145328565,0.067,4/4,3.76%,O95503;Q8IXK0;P35226;Q99496
prerank,"Serine palmitoyltransferase complex, SPTLC1-SPTLC3-SPTSSA variant",0.961778259690973,1.6787857418450323,0.0,0.0005716244259794811,0.068,4/4,3.93%,Q9NUV7;Q969W0;O15269;CHEBI:597326
prerank,CCDC36-MEI4-REC114 meiotic recombination initiation complex,-0.8582655826558265,-1.6784574933167773,0.004219409282700422,0.06671141062784199,0.824,3/3,14.27%,Q7Z4M0;A8MW99;Q8IYA8
prerank,"Polycomb repressive complex 1, RING1-PCGF2-CBX7-PHC3 variant",0.9636757928978043,1.678391798395492,0.0,0.0005723202560780562,0.068,4/4,3.74%,O95931;Q8NDX5;P35227;Q06587
prerank,"Polycomb repressive complex 1, RING1-PCGF2-CBX4-PHC1 variant",0.9636757928978043,1.6778419322084583,0.0,0.0005730030800065646,0.069,4/4,3.74%,O00257;P78364;P35227;Q06587
prerank,"Serine palmitoyltransferase complex, SPTLC1-SPTLC2-SPTSSA variant",0.961778259690973,1.676651159194043,0.0,0.0006035520746228989,0.072,4/4,3.93%,O15270;Q969W0;O15269;CHEBI:597326
prerank,"Polycomb repressive complex 1, RING1-PCGF2-CBX6-PHC3 variant",0.9636757928978043,1.6763383581717513,0.0,0.0006098567788268806,0.072,4/4,3.74%,O95503;Q8NDX5;P35227;Q06587
prerank,"Polycomb repressive complex 1, RING1-PCGF2-CBX4-PHC3 variant",0.9636757928978043,1.674681596762376,0.0,0.0006277810777985796,0.074,4/4,3.74%,O00257;Q8NDX5;P35227;Q06587
prerank,Glycosylphosphatidylinositol-N-acetylglucosaminyltransferase complex,-0.5944112859468258,-1.6738192028189827,0.0,0.06932228203995033,0.842,7/7,40.70%,O94777;Q9BRB3;Q14442;Q3MUY2;P37287;Q92535;P57054
prerank,"Polycomb repressive complex 1, RING1-PCGF2-CBX8-PHC2 variant",0.9636757928978043,1.6727278141164514,0.0,0.0006453824164284464,0.077,4/4,3.74%,Q9HC52;Q8IXK0;P35227;Q06587
prerank,eNoSc complex,-0.865040650406504,-1.6715661415953096,0.003952569169960474,0.06977711299326385,0.849,3/3,13.59%,Q96EB6;O43159;O43463
prerank,"Polycomb repressive complex 1, RING1-PCGF4-CBX8-PHC1 variant",0.9636757928978043,1.6690473095038012,0.0,0.0007030058464667005,0.087,4/4,3.74%,Q9HC52;P78364;P35226;Q06587
prerank,"Polycomb repressive complex 1, RING1-PCGF4-CBX8-PHC3 variant",0.9636757928978043,1.6687096013208835,0.0,0.0006967845557900041,0.087,4/4,3.74%,Q9HC52;Q8NDX5;P35226;Q06587
prerank,"Dystrophin glycoprotein complex, neuromuscular junction variant",-0.5339489407930472,-1.6674692383196135,0.0,0.07143950566784502,0.854,11/11,46.79%,Q13424;Q14118-PRO_0000021065;Q14118-PRO_0000021066;Q16586;Q14714;Q16585;Q13326;Q13884;Q92629;Q9Y4J8-2;P46939
prerank,"Polycomb repressive complex 1, RING1-PCGF2-CBX6-PHC2 variant",0.9636757928978043,1.666552298158851,0.0,0.0007303011554321894,0.09,4/4,3.74%,O95503;Q8IXK0;P35227;Q06587
prerank,"Polycomb repressive complex 1, RING1-PCGF4-CBX7-PHC2 variant",0.9636757928978043,1.6659553274283596,0.0,0.0007239507106023442,0.09,4/4,3.74%,O95931;Q8IXK0;P35226;Q06587
prerank,"Polycomb repressive complex 1, RING1-PCGF2-CBX4-PHC2 variant",0.9636757928978043,1.6657669331516392,0.0,0.0007232733977215348,0.091,4/4,3.74%,O00257;Q8IXK0;P35227;Q06587
prerank,Eukaryotic translation initiation factor 2B complex,-0.6762472885032538,-1.6648912524213382,0.0064516129032258064,0.07248016453792627,0.861,5/5,32.49%,Q9NR50;P49770;Q13144;Q14232;Q9UI10
prerank,"Polycomb repressive complex 1, RING1-PCGF2-CBX7-PHC2 variant",0.9636757928978043,1.6644824472157072,0.0,0.0007281237518679908,0.091,4/4,3.74%,O95931;Q8IXK0;P35227;Q06587
prerank,"Polycomb repressive complex 1, RING1-PCGF4-CBX6-PHC3 variant",0.9636757928978044,1.6641240139011817,0.0,0.0007219532115979232,0.091,4/4,3.74%,O95503;Q8NDX5;P35226;Q06587
prerank,"Polycomb repressive complex 1, RING1-PCGF4-CBX4-PHC1 variant",0.9636757928978043,1.6611354693975522,0.0,0.0007701201943936082,0.099,4/4,3.74%,O00257;P78364;P35226;Q06587
prerank,"Polycomb repressive complex 1, RING1-PCGF4-CBX4-PHC3 variant",0.9636757928978043,1.6602054573660372,0.0,0.0007798370865177061,0.101,4/4,3.74%,O00257;Q8NDX5;P35226;Q06587
prerank,"Polycomb repressive complex 1, RING1-PCGF4-CBX6-PHC2 variant",0.9636757928978043,1.6599065140236124,0.0,0.0007893933688546286,0.104,4/4,3.74%,O95503;Q8IXK0;P35226;Q06587
prerank,"Polycomb repressive complex 1, RING1-PCGF4-CBX7-PHC1 variant",0.9636757928978043,1.6598997034027712,0.0,0.0007829229314050006,0.104,4/4,3.74%,O95931;P78364;P35226;Q06587
prerank,"COPI vesicle coat complex, COPG1-COPZ2 variant",-0.5971242539338036,-1.659747488027462,0.009259259259259259,0.07481631894137854,0.871,7/7,40.43%,P48444;O14579;P35606;P53618;P53621;Q9Y678;Q9P299
prerank,GAIT complex,0.9425318514502575,1.659430094534506,0.0,0.0007818047158360854,0.104,4/4,5.85%,P04406;P07814;P40429;O60506
prerank,"Polycomb repressive complex 1, RING1-PCGF4-CBX6-PHC1 variant",0.9636757928978043,1.6572112768088045,0.0,0.000806728020535558,0.108,4/4,3.74%,O95503;P78364;P35226;Q06587
prerank,"Polycomb repressive complex 1, RING1-PCGF4-CBX4-PHC2 variant",0.9636757928978043,1.6571188021445777,0.0,0.0008002741963712735,0.108,4/4,3.74%,O00257;Q8IXK0;P35226;Q06587
prerank,"Polycomb repressive complex 1, RING1-PCGF4-CBX8-PHC2 variant",0.9636757928978043,1.6569801003187832,0.0,0.0007939228138603904,0.108,4/4,3.74%,Q9HC52;Q8IXK0;P35226;Q06587
prerank,"Polycomb repressive complex 1, RING1-PCGF4-CBX7-PHC3 variant",0.9636757928978044,1.656937849480946,0.0,0.0007876714531213322,0.108,4/4,3.74%,O95931;Q8NDX5;P35226;Q06587
prerank,TIM22 mitochondrial inner membrane twin-pore carrier translocase complex,-0.6246270680770274,-1.6561576206074045,0.007518796992481203,0.07616786714850077,0.875,6/6,37.67%,Q9Y5J7;P62072;Q53H12;Q6PF06;Q9BSF4;Q9Y584
prerank,Major Spliceosomal C complex,0.6794520547945213,1.655760837154861,0.0,0.0008117700706639052,0.112,43/43,32.85%,Q9NW82;Q14331;Q86X95;Q9NXE8;CPX-1941;Q96BP3;Q92620;Q9BW85;Q9ULR0;O95926;O60508;Q9Y3C6;Q9HCG8;O75934;Q9UQ35;Q9UMS4;Q9BZJ0;P41223;Q9NW64;Q9HCS7;Q9UNP9;O60306;O43660;Q9P013;Q99459;URS000075BAAE_9606;Q13573;O75643;Q15029;Q96DI7;URS00006767A8_9606;Q6P2Q9;CHEBI:139356;P09661;P08579;URS00006A1489_9606;P62314;P62316;P14678;P62318;P62306;P62304;P62308
prerank,"Oligosaccharyltransferase complex B, TUCS3 variant",-0.557123473541384,-1.6503152899723066,0.02857142857142857,0.07981300343664964,0.891,8/8,44.44%,P04843;P39656;P61803;P0C6T2;P61165;P04844;Q8TCJ2;Q13454
prerank,Major Spliceosomal C* complex,0.6796382570567286,1.6491298372093997,0.0,0.0009355543555978255,0.128,44/44,32.85%,Q8N5F7;Q9H875;Q14562;Q9Y421;Q8WUQ7;O95391;O15234;P61326;P38919;Q9Y5S9;O95926;O60508;Q9Y3C6;Q9HCG8;O75934;Q9UQ35;Q9UMS4;Q9BZJ0;P41223;Q9NW64;Q9HCS7;Q9UNP9;O60306;O43660;Q9P013;Q99459;URS000075BAAE_9606;Q13573;O75643;Q15029;Q96DI7;URS00006767A8_9606;Q6P2Q9;CHEBI:139356;P09661;P08579;URS00006A1489_9606;P62314;P62316;P14678;P62318;P62306;P62304;P62308
prerank,Major Spliceosomal Pre-C*-II complex,0.6794520547945213,1.6482068969362669,0.0,0.0009581446643899243,0.132,43/43,32.85%,Q9GZU8;Q9H875;Q14562;Q9Y421;Q8WUQ7;O95391;O15234;P61326;P38919;Q9Y5S9;O95926;O60508;Q9Y3C6;Q9HCG8;O75934;Q9UQ35;Q9UMS4;Q9BZJ0;P41223;Q9NW64;Q9HCS7;Q9UNP9;O60306;O43660;Q9P013;Q99459;URS000075BAAE_9606;Q13573;Q15029;Q96DI7;URS00006767A8_9606;Q6P2Q9;CHEBI:139356;P09661;P08579;URS00006A1489_9606;P62314;P62316;P14678;P62318;P62306;P62304;P62308
prerank,"Dystrophin glycoprotein complex, retinal inner limiting membrane variant",-0.5334057577403585,-1.6472451514530568,0.0,0.08109391145194145,0.896,11/11,46.85%,Q13424;Q14118-PRO_0000021065;Q14118-PRO_0000021066;Q16586;Q14714;Q16585;Q13326;Q13884;Q92629;Q9Y4J8-2;P11532-7
prerank,SIN3B histone deacetylase complex,0.733007069059271,1.6448594416021531,0.0,0.0010542888329441798,0.143,15/15,27.00%,O75182;P29374;O75446;Q9H7L9;Q9HAJ7;Q9H0E3;Q9H160;Q4LE39;Q9HCU9;Q5PSV4;Q9UK53;Q16576;Q09028;Q13547;Q92769
prerank,KMN complex,-0.8485094850948509,-1.6426412651325952,0.007462686567164179,0.08361883790584153,0.903,3/3,15.25%,CPX-550;CPX-5643;CPX-5644
prerank,Major Post-catalytic P Spliceosome complex,0.6790799561883907,1.6418323737448224,0.0,0.001163644053863411,0.158,41/41,32.85%,Q9H875;Q14562;O95391;O15234;P61326;P38919;Q9Y5S9;O95926;O60508;Q9Y3C6;Q9HCG8;O75934;Q9UQ35;Q9UMS4;Q9BZJ0;P41223;Q9NW64;Q9HCS7;Q9UNP9;O60306;O43660;Q9P013;Q99459;URS000075BAAE_9606;Q13573;O75643;Q15029;Q96DI7;URS00006767A8_9606;Q6P2Q9;CHEBI:139356;P09661;P08579;URS00006A1489_9606;P62314;P62316;P14678;P62318;P62306;P62304;P62308
prerank,SIN3A histone deacetylase complex,0.7330070690592713,1.640679127418747,0.0,0.0011985673447956864,0.164,15/15,27.00%,Q96ST3;P29374;O75446;Q9H7L9;Q9HAJ7;Q9H0E3;Q9H160;Q4LE39;Q9HCU9;Q5PSV4;Q9UK53;Q16576;Q09028;Q13547;Q92769
prerank,Major Spliceosomal Pre-C*-I complex,0.6787082649151622,1.6387182593295992,0.0,0.0012763159727875993,0.174,39/39,32.85%,Q9GZU8;Q14562;O15234;P61326;P38919;Q9Y5S9;O95926;O60508;Q9Y3C6;Q9HCG8;O75934;Q9UQ35;Q9UMS4;Q9BZJ0;P41223;Q9NW64;Q9HCS7;Q9UNP9;O60306;O43660;Q9P013;Q99459;URS000075BAAE_9606;Q13573;Q15029;Q96DI7;URS00006767A8_9606;Q6P2Q9;CHEBI:139356;P09661;P08579;URS00006A1489_9606;P62314;P62316;P14678;P62318;P62306;P62304;P62308
prerank,"Radial spoke complex, flagellar variant",-0.4736413043478261,-1.6385891023953671,0.06666666666666667,0.08574941172023813,0.906,13/13,52.83%,Q96FJ2;Q8IYR0;Q8WWB3;P59910;Q6P9G0;Q86UC2;P56597;Q96C74;Q8WYR4;Q9UHP6;Q9H1X1;Q9H0K4;Q8NA54
prerank,CCAAT-binding factor complex,-0.8791327913279133,-1.635865365108366,0.012145748987854251,0.08703520436372422,0.913,3/3,12.19%,P23511;P25208;Q13952
prerank,Major Spliceosomal B complex,0.6628289473684214,1.6326314715605674,0.0,0.0014915504735235206,0.196,45/45,34.52%,O43290;Q8WVK2;Q53GS9;O43395;URS0000715A86_9606;O43172;Q9BTD8;URS0000631BD4_9606;P83876;Q9UK45;O95777;Q9Y4Y9;P62310;Q9Y4Z0;Q9Y333;P62312;O94906;Q8WWY3;Q9BUQ8;Q9Y3B4;Q15428;Q15459;Q13435;Q15427;Q12874;O75643;Q15029;Q96DI7;URS00006767A8_9606;Q6P2Q9;CHEBI:139356;P09661;P08579;URS00006A1489_9606;P62314;P62316;P14678;P62318;P62306;P62304;P62308;P55769;O75533;Q9BWJ5;Q15393
prerank,"Intron Lariat Spliceosome, type 2 complex",0.6775956284153009,1.6227528470918597,0.0,0.0019171654135080318,0.247,33/33,32.85%,O43143;Q2TBE0;O95926;O60508;Q9Y3C6;O75934;Q9UMS4;Q9BZJ0;P41223;Q9NW64;Q9HCS7;Q9UNP9;O60306;O43660;Q9P013;Q99459;URS000075BAAE_9606;Q13573;Q15029;Q96DI7;URS00006767A8_9606;Q6P2Q9;CHEBI:139356;P09661;P08579;URS00006A1489_9606;P62314;P62316;P14678;P62318;P62306;P62304;P62308
prerank,"Intron Lariat Spliceosome, type 1 complex",0.6774105435673318,1.6206006922104603,0.0,0.0020115203782112893,0.257,32/32,32.85%,Q2TBE0;O95926;O60508;Q9Y3C6;O75934;Q9UMS4;Q9BZJ0;P41223;Q9NW64;Q9HCS7;Q9UNP9;O60306;O43660;Q9P013;Q99459;URS000075BAAE_9606;Q13573;Q15029;Q96DI7;URS00006767A8_9606;Q6P2Q9;CHEBI:139356;P09661;P08579;URS00006A1489_9606;P62314;P62316;P14678;P62318;P62306;P62304;P62308
prerank,Major Spliceosomal B-act-III complex,0.6630106937208674,1.6202867641706151,0.0,0.0020156508802946405,0.26,46/46,34.52%,O60231;Q8WUA2;Q13356;O15541;Q7RTV0;O60508;Q9Y3C6;Q9HCG8;O75934;Q9UQ35;Q9UMS4;Q9BZJ0;P41223;Q9NW64;Q9HCS7;Q9UNP9;O60306;O43660;Q9P013;Q99459;URS000075BAAE_9606;Q13573;Q15428;Q15459;Q13435;Q15427;Q12874;O75643;Q15029;Q96DI7;URS00006767A8_9606;Q6P2Q9;CHEBI:139356;P09661;P08579;URS00006A1489_9606;P62314;P62316;P14678;P62318;P62306;P62304;P62308;O75533;Q9BWJ5;Q15393
prerank,"Cytoplasmic exosome complex, DIS3L-EXOSC10 variant",0.738235412433837,1.6184040045812336,0.0010449320794148381,0.0021265118469368954,0.27,11/12,19.39%,Q8TF46;Q9Y3B2;Q15024;Q13868;Q01780;Q06265;Q9NQT5;Q9NQT4;Q5RKV6;Q96B26;Q9NPD3
prerank,Major Spliceosomal B-act-I complex,0.6626473006303106,1.6171379358214382,0.0,0.0022035199646628385,0.28,44/44,34.52%,Q6UX04;Q8IYB3;CPX-26447;Q13356;O15541;Q7RTV0;Q9HCG8;Q9UQ35;Q9BZJ0;P41223;Q9NW64;Q9HCS7;Q9UNP9;O60306;O43660;Q9P013;Q99459;URS000075BAAE_9606;Q13573;Q9Y3B4;Q15428;Q15459;Q13435;Q15427;Q12874;O75643;Q15029;Q96DI7;URS00006767A8_9606;Q6P2Q9;CHEBI:139356;P09661;P08579;URS00006A1489_9606;P62314;P62316;P14678;P62318;P62306;P62304;P62308;O75533;Q9BWJ5;Q15393
prerank,Shelterin complex,0.8386221860591266,1.6164644394152965,0.0,0.002229086785820237,0.285,6/6,16.27%,Q9BSI4;Q9NYB0;Q96AP0;Q9NUX5;P54274;Q15554
prerank,Major Spliceosomal B-act-IV complex,0.6624657534246583,1.6147774556317331,0.0,0.0023451924427963264,0.297,43/43,34.52%,O60231;Q8WUA2;O15541;Q7RTV0;O95926;O60508;Q9Y3C6;Q9HCG8;O75934;Q9UQ35;Q9UMS4;Q9BZJ0;P41223;Q9NW64;Q9HCS7;Q9UNP9;O60306;O43660;Q9P013;Q99459;URS000075BAAE_9606;Q13573;Q13435;Q15427;Q12874;Q15029;Q96DI7;URS00006767A8_9606;Q6P2Q9;CHEBI:139356;P09661;P08579;URS00006A1489_9606;P62314;P62316;P14678;P62318;P62306;P62304;P62308;O75533;Q9BWJ5;Q15393
prerank,CRD-mediated mRNA stability complex,0.8435042039598591,1.6144624350814767,0.0011587485515643105,0.0023423319868976483,0.298,6/6,15.79%,Q08211;Q9NZI8;Q00839;P67809;O60506;CHEBI:33699
prerank,"DREAM transcriptional repressor complex, RBL2 variant",0.7589962460841262,1.6141031496935534,0.0010515247108307045,0.0023439930818894266,0.299,9/10,15.71%,Q08999;Q15329;Q16254;Q14188;Q6MZP7;Q5TKA1;Q96GY3;Q52LA3;Q14186
prerank,Major Spliceosomal Pre-B-act complex,0.6621029572836805,1.6127338862464349,0.0,0.0024435513559946005,0.311,41/41,34.52%,O60870;Q8IYB3;CPX-26447;Q13356;Q7RTV0;Q9BZJ0;P41223;Q9NW64;Q9HCS7;Q9UNP9;O60306;O43660;Q9P013;Q99459;URS000075BAAE_9606;Q13573;Q9Y3B4;Q15428;Q15459;Q13435;Q15427;Q12874;O75643;Q15029;Q96DI7;URS00006767A8_9606;Q6P2Q9;CHEBI:139356;P09661;P08579;URS00006A1489_9606;P62314;P62316;P14678;P62318;P62306;P62304;P62308;O75533;Q9BWJ5;Q15393
prerank,Kinetochore SKA complex,-0.8482384823848238,-1.6104790411779268,0.023346303501945526,0.1060721155326759,0.951,3/3,15.27%,Q8IX90;Q8WVK7;Q96BD8
prerank,"DREAM transcriptional repressor complex, RBL1 variant",0.7589962460841262,1.6099653989944414,0.0,0.0026345747958311924,0.33,9/10,15.71%,P28749;Q15329;Q16254;Q14188;Q6MZP7;Q5TKA1;Q96GY3;Q52LA3;Q14186
prerank,"Nuclear exosome complex, DIS3-EXOSC10 variant",0.7382354124338371,1.609230780654436,0.0020855057351407717,0.00264299465775459,0.331,11/12,19.39%,Q9Y2L1;Q9Y3B2;Q15024;Q13868;Q01780;Q06265;Q9NQT5;Q9NQT4;Q5RKV6;Q96B26;Q9NPD3
prerank,Major Spliceosomal B-act-II complex,0.6624657534246582,1.6086988977291061,0.0,0.0026687435057716835,0.337,43/43,34.52%,O60231;Q8WUA2;Q13356;O15541;Q7RTV0;Q9Y3C6;Q9HCG8;Q9UQ35;Q9BZJ0;P41223;Q9NW64;Q9HCS7;Q9UNP9;O60306;O43660;Q9P013;Q99459;URS000075BAAE_9606;Q13573;Q15428;Q15459;Q13435;Q15427;Q12874;O75643;Q15029;Q96DI7;URS00006767A8_9606;Q6P2Q9;CHEBI:139356;P09661;P08579;URS00006A1489_9606;P62314;P62316;P14678;P62318;P62306;P62304;P62308;O75533;Q9BWJ5;Q15393
prerank,Major Spliceosomal Post-B-act complex,0.6621029572836808,1.6082244563574666,0.0,0.0026941467316677426,0.343,41/41,34.52%,O60231;Q8WUA2;Q7RTV0;O95926;O60508;Q9Y3C6;Q9HCG8;O75934;Q9UQ35;Q9UMS4;Q9BZJ0;P41223;Q9NW64;Q9HCS7;Q9UNP9;O60306;O43660;Q9P013;Q99459;URS000075BAAE_9606;Q13573;Q13435;Q15427;Q15029;Q96DI7;URS00006767A8_9606;Q6P2Q9;CHEBI:139356;P09661;P08579;URS00006A1489_9606;P62314;P62316;P14678;P62318;P62306;P62304;P62308;O75533;Q9BWJ5;Q15393
prerank,U4/U6.U5 small nuclear ribonucleoprotein complex,0.6645725211690798,1.6028205834764464,0.0,0.0031236508955136805,0.383,32/32,34.12%,O43290;Q8WVK2;Q53GS9;O43395;URS0000715A86_9606;O43172;Q9BTD8;URS0000631BD4_9606;P83876;Q9UK45;O95777;Q9Y4Y9;P62310;Q9Y4Z0;Q9Y333;P62312;O94906;Q8WWY3;Q9BUQ8;O75643;Q15029;Q96DI7;URS00006767A8_9606;Q6P2Q9;P62314;P62316;P14678;P62318;P62306;P62304;P62308;P55769
prerank,SNAPc snRNA activating protein complex ,-0.6925162689804772,-1.6025229141798842,0.026845637583892617,0.112297541223534,0.962,5/5,30.87%,Q5SXM2;Q92966;Q16533;O75971;Q13487
prerank,"Non-canonical polycomb repressive complex 1.2, RNF2-YAF2 variant",0.9631436314363143,1.5997251705425526,0.0,0.0033423115870665236,0.401,3/3,3.76%,P35227;Q8IY57;Q99496
prerank,BLOC-1 complex,-0.542740841248304,-1.5975407554431367,0.030303030303030304,0.11603518052662613,0.965,8/8,45.87%,Q6QNY1;O95295;P78537;Q9NUP1;Q8TDH9;Q9UL45;Q6QNY0;Q96EV8
prerank,Hydrogen:potassium-exchanging ATPase complex,-0.8113821138211382,-1.5963414778317941,0.028455284552845527,0.11612536070241784,0.966,3/3,18.95%,CHEBI:39128;P20648;P51164
prerank,"CCR4-NOT mRNA deadenylase complex, CNOT6L-CNOT7 variant",0.7340766031586707,1.5950735535713272,0.003089598352214212,0.0037321785792145024,0.438,11/12,19.79%,Q9UIV1;Q96LI5;A5YKK6;Q92600;Q9C0C2;Q9NZN8;Q9H9A5;O75175;Q9UKZ1;O95628;CHEBI:60240
prerank,"CCR4-NOT mRNA deadenylase complex, CNOT6-CNOT7 variant",0.7340766031586707,1.5950236106170592,0.002061855670103093,0.0037077852551673485,0.438,11/12,19.79%,Q9ULM6;Q9UIV1;A5YKK6;Q92600;Q9C0C2;Q9NZN8;Q9H9A5;O75175;Q9UKZ1;O95628;CHEBI:60240
prerank,SPATA5-SPATA5L1 ATPase complex,-0.7590132827324477,-1.5937999483130914,0.014084507042253521,0.11740548518526857,0.967,4/4,24.21%,Q9NX04;Q8NB90;Q9BVQ7;Q9BW66
prerank,GATOR1 complex,-0.8173441734417344,-1.591890470201861,0.011029411764705883,0.11765754465228247,0.967,3/3,18.36%,Q12980;Q8WTW4;O75140
prerank,"CCR4-NOT mRNA deadenylase complex, CNOT6L-CNOT8 variant",0.7340766031586707,1.5915103724475768,0.0010298661174047373,0.004014781525574361,0.465,11/12,19.79%,Q96LI5;Q9UFF9;A5YKK6;Q92600;Q9C0C2;Q9NZN8;Q9H9A5;O75175;Q9UKZ1;O95628;CHEBI:60240
prerank,"CCR4-NOT mRNA deadenylase complex, CNOT6-CNOT8 variant",0.7340766031586707,1.590889950334429,0.002066115702479339,0.004030517284533781,0.469,11/12,19.79%,Q9ULM6;Q9UFF9;A5YKK6;Q92600;Q9C0C2;Q9NZN8;Q9H9A5;O75175;Q9UKZ1;O95628;CHEBI:60240
prerank,"Non-canonical polycomb repressive complex 1.4, RNF2-RYBP variant",0.9631436314363144,1.5892821143762579,0.0,0.004137066771977221,0.484,3/3,3.76%,P35226;Q8N488;Q99496
prerank,"Non-canonical polycomb repressive complex 1.4, RNF2-YAF2 variant",0.9631436314363143,1.5885342779469243,0.0,0.004168266052601558,0.49,3/3,3.76%,P35226;Q8IY57;Q99496
prerank,MBD2/NuRD nucleosome remodeling and deacetylase complex,0.732409671284977,1.5882287350577031,0.0010277492291880781,0.004170477513755973,0.493,12/12,27.00%,Q9UBB5;Q13330;Q12873;Q86YP4;Q8WXI9;O94776;Q14839;Q9BTC8;Q16576;Q09028;Q13547;Q92769
prerank,"Non-canonical polycomb repressive complex 1.2, RNF2-RYBP variant",0.9631436314363143,1.5874474842375568,0.0,0.004201074220147434,0.5,3/3,3.76%,P35227;Q8N488;Q99496
prerank,"Oligosaccharyltransferase complex B, MAGT1 variant",-0.5573948439620082,-1.5872545014050017,0.041666666666666664,0.12089910117623008,0.968,8/8,44.41%,P04843;P39656;P61803;P0C6T2;P61165;P04844;Q8TCJ2;Q9H0U3
prerank,"Non-canonical polycomb repressive complex 1.2, RING1-YAF2 variant",0.9634146341463414,1.5855116305574715,0.0,0.004352297670789336,0.516,3/3,3.74%,P35227;Q8IY57;Q06587
prerank,MBD3/NuRD nucleosome remodeling and deacetylase complex,0.732409671284977,1.5843147687663404,0.0,0.004445522359125137,0.524,12/12,27.00%,O95983;Q13330;Q12873;Q86YP4;Q8WXI9;O94776;Q14839;Q9BTC8;Q16576;Q09028;Q13547;Q92769
prerank,"Cytoplasmic exosome complex, DIS3L variant",0.7315307936970408,1.582944921713703,0.0010548523206751054,0.004541579967459438,0.529,10/11,19.39%,Q8TF46;Q9Y3B2;Q15024;Q13868;Q06265;Q9NQT5;Q9NQT4;Q5RKV6;Q96B26;Q9NPD3
prerank,CST complex,-0.8341463414634146,-1.5827287357736661,0.019011406844106463,0.12361334710161426,0.971,3/3,16.68%,Q2NKJ3;Q86WV5;Q9H668
prerank,NatC N-alpha-acetyltransferase complex,-0.8373983739837398,-1.5820711800909817,0.0313588850174216,0.12316779813497897,0.971,3/3,16.36%,Q147X3;Q5VZE5;Q9BRA0
prerank,"Casein kinase II complex, CSNK2A1-CNSK2A2 variant",-0.8005420054200542,-1.5800982142084756,0.022641509433962263,0.12410497065687337,0.971,3/3,20.04%,P19784;P67870;P68400
prerank,Complement component C1q complex,-0.8151761517615176,-1.5747643174395498,0.01893939393939394,0.12811217486747994,0.975,3/3,18.58%,P02746;P02747;P02745
prerank,p53-MDM2-MDM4 transcriptional regulation complex,-0.8211382113821138,-1.574724583341447,0.03488372093023256,0.12707901216693576,0.975,3/3,17.98%,P04637;O15151;Q00987
prerank,"Exosome complex, DIS3 variant",0.7315307936970408,1.5746049522046541,0.005268703898840885,0.0054045828124222655,0.595,10/11,19.39%,Q9Y2L1;Q9Y3B2;Q15024;Q13868;Q06265;Q9NQT5;Q9NQT4;Q5RKV6;Q96B26;Q9NPD3
prerank,"Nucleolar exosome complex, EXOSC10 variant",0.7315298511919563,1.57439167651425,0.004223864836325237,0.0054149158841801355,0.597,10/11,19.39%,Q9Y3B2;Q15024;Q13868;Q01780;Q06265;Q9NQT5;Q9NQT4;Q5RKV6;Q96B26;Q9NPD3
prerank,Myddosome core complex,-0.7370561127676877,-1.5742724291513648,0.034653465346534656,0.1264960809184636,0.975,4/4,26.40%,O43187;P51617;Q99836;Q9NWZ3
prerank,Actin junctional complex,-0.835230352303523,-1.5723773202452846,0.018115942028985508,0.127008293750171,0.975,3/3,16.57%,P04921;P11171;Q00013
prerank,RNase H2 complex,-0.821409214092141,-1.5722533693694347,0.028225806451612902,0.12617084593618888,0.975,3/3,17.95%,O75792;Q5TBB1;Q8TDP1
prerank,"Non-canonical polycomb repressive complex 1.4, RING1-YAF2 variant",0.9634146341463415,1.5686159293345932,0.0,0.006074417531596227,0.64,3/3,3.74%,P35226;Q8IY57;Q06587
prerank,Ragulator complex,-0.654826464208243,-1.5677802397092122,0.041666666666666664,0.1300255474619475,0.979,5/5,34.63%,O43504;Q0VGL1;Q6IAA8;Q9UHA4;Q9Y2Q5
prerank,"Non-canonical polycomb repressive complex 1.2, RING1-RYBP variant",0.9634146341463415,1.5656608543674502,0.0,0.0064071700136992754,0.654,3/3,3.74%,P35227;Q8N488;Q06587
prerank,"Radial spoke complex, ciliiar variant",-0.4680793262700353,-1.5625704494465655,0.05555555555555555,0.1335803417387667,0.98,12/12,53.37%,Q96FJ2;Q8IYR0;Q8WWB3;P59910;Q6P9G0;Q86UC2;P56597;Q96C74;Q8WYR4;Q9UHP6;Q9H1X1;Q5TD94
prerank,Major Spliceosomal Pre-B complex,0.6593946004908644,1.5616633356907377,0.0,0.006898249181585491,0.678,26/26,34.52%,P09012;P08621;M14387;CPX-2391;P09234;Q7RTV0;Q9Y3B4;Q15428;Q15459;Q13435;Q15427;Q12874;CHEBI:139356;P09661;P08579;URS00006A1489_9606;P62314;P62316;P14678;P62318;P62306;P62304;P62308;O75533;Q9BWJ5;Q15393
prerank,AP-4 Adaptor complex,-0.7061534291135808,-1.5582792115423079,0.042105263157894736,0.13714002116529192,0.981,4/4,29.49%,O00189;Q9Y587;Q9Y6B7;Q9UPM8
prerank,"Non-canonical polycomb repressive complex 1.4, RING1-RYBP variant",0.9634146341463417,1.5575392013935159,0.0,0.00737964060689908,0.709,3/3,3.74%,P35226;Q8N488;Q06587
prerank,C5b6 complement complex,-0.8238482384823849,-1.555011134144325,0.03007518796992481,0.13940384427749047,0.983,3/3,17.71%,P01031-PRO_0000005985;P01031-PRO_0000005989;P13671
prerank,"SIN3A histone deacetylase complex, ES cell-specific variant",0.6846507173410366,1.5545743660900917,0.00101010101010101,0.00776368315147356,0.73,17/18,27.00%,Q8NFU7;Q96ST3;Q9NP50;P29374;O75446;Q9H7L9;Q9HAJ7;Q9H0E3;Q9H160;Q4LE39;Q9HCU9;Q5PSV4;Q9UK53;Q16576;Q09028;Q13547;Q92769
prerank,KEOPS tRNA N6-adenosine threonylcarbamoyltransferase complex,0.803363167887171,1.5539674286680412,0.004514672686230248,0.007824312707406047,0.733,6/6,19.79%,Q14657;Q9BXV9;Q96S44;Q9NPF4;Q9Y3C4;CHEBI:60240
prerank,L3MBTL1 complex,0.9509485094850951,1.553332213347138,0.0013280212483399733,0.007880458979547346,0.737,3/3,4.98%,Q9Y468;Q13185;P06400
prerank,U2 small nuclear ribonucleoprotein complex,0.6588555858310627,1.5530732420941062,0.001004016064257028,0.007868412367735186,0.738,23/23,34.52%,Q7L014;O43719;CPX-26447;Q7RTV0;Q9Y3B4;Q15428;Q15459;Q13435;Q15427;Q12874;P09661;P08579;URS00006A1489_9606;P62314;P62316;P14678;P62318;P62306;P62304;P62308;O75533;Q9BWJ5;Q15393
prerank,AP-1 transcription factor complex FOS-JUN-NFATC2,0.9531165311653116,1.5512949015035509,0.0,0.008128834019639217,0.752,3/3,4.77%,Q13469;P01100;P05412
prerank,MTERF4-NSUN4 mitochondiral ribosomal assembly complex,-0.8097560975609757,-1.5495928975659945,0.03017241379310345,0.14386288980151796,0.987,3/3,19.12%,CHEBI:15414;Q7Z6M4;Q96CB9
prerank,KLHDC3-Elongin C-Elongin B E3 ubiquitin ligase complex,0.8289045553145336,1.5489234303480794,0.0023752969121140144,0.00856429884789243,0.773,5/5,17.22%,Q9BQ90;Q15370;Q13617;Q15369;P62877
prerank,TSC1-TSC2 complex,-0.8037940379403794,-1.5478407696643162,0.017777777777777778,0.14446989876877772,0.987,3/3,19.71%,P49815;Q92574;Q9P0N9
prerank,APPBP2-Elongin C-Elongin B E3 ubiquitin ligase complex,0.8289045553145336,1.5444720540487145,0.0011862396204033216,0.009304570495136973,0.804,5/5,17.22%,Q92624;Q15370;Q13617;Q15369;P62877
prerank,ZYG11B-Elongin C-Elongin B E3 ubiquitin ligase complex,0.8289045553145337,1.5433146433144032,0.003605769230769231,0.009497388969032251,0.813,5/5,17.22%,Q9C0D3;Q15370;Q13617;Q15369;P62877
prerank,FEM1A-Elongin C-Elongin B E3 ubiquitin ligase complex,0.8289045553145337,1.5425516707842324,0.00351288056206089,0.009578641852867394,0.821,5/5,17.22%,Q9BSK4;Q15370;Q13617;Q15369;P62877
prerank,FEB1B-Elongin C-Elongin B E3 ubiquitin ligase complex,0.8289045553145337,1.5416333927297188,0.007125890736342043,0.009680736246426696,0.829,5/5,17.22%,Q9UK73;Q15370;Q13617;Q15369;P62877
prerank,KLHDC10-Elongin C-Elongin B E3 ubiquitin ligase complex,0.8289045553145336,1.5414178240111531,0.0,0.009680736246426697,0.832,5/5,17.22%,Q6PID8;Q15370;Q13617;Q15369;P62877
prerank,KLHDC2-Elongin C-Elongin B E3 ubiquitin ligase complex,0.8289045553145336,1.5401927422910942,0.0023894862604540022,0.009928132839390934,0.84,5/5,17.22%,Q9Y2U9;Q15370;Q13617;Q15369;P62877
prerank,ZER1-Elongin C-Elongin B E3 ubiquitin ligase complex,0.8289045553145336,1.536615029188233,0.0059031877213695395,0.010614936208328646,0.86,5/5,17.22%,Q7Z7L7;Q15370;Q13617;Q15369;P62877
prerank,CSL-NOTCH1-MAML transcriptional activation complex,-0.8010840108401084,-1.535473598538161,0.040145985401459854,0.1555481811354973,0.992,3/3,19.98%,P46531;Q06330;Q92585
prerank,PRAME-Elongin C-Elongin B E3 ubiquitin ligase complex,0.8289045553145336,1.5352318907444111,0.001183431952662722,0.010872211476756134,0.866,5/5,17.22%,P78395;Q15370;Q13617;Q15369;P62877
prerank,FEB1C-Elongin C-Elongin B E3 ubiquitin ligase complex,0.8289045553145336,1.5340715462685421,0.0035419126328217238,0.011059668076063432,0.873,5/5,17.22%,Q96JP0;Q15370;Q13617;Q15369;P62877
prerank,LRR1-Elongin C-Elongin B E3 ubiquitin ligase complex,0.8289045553145337,1.533290987437703,0.0036188178528347406,0.01115389176218728,0.875,5/5,17.22%,Q96L50;Q15370;Q13617;Q15369;P62877
prerank,VHL-Elongin C-Elongin B E3 ubiquitin ligase complex,0.8289045553145336,1.531885197637245,0.0035211267605633804,0.011435478708391606,0.884,5/5,17.22%,P40337;Q15370;Q13617;Q15369;P62877
prerank,"CRL4-DCAF15 E3 ubiquitin ligase complex, CUL4A variant ",0.8289045553145334,1.53157041068814,0.00954653937947494,0.01145380299263603,0.885,5/5,17.22%,Q66K64;Q9BW61;Q13619;Q16531;P62877
prerank,General transcription factor TFIIH complex,0.710346829128256,1.5302137360950239,0.0062827225130890054,0.011696262081689867,0.89,10/11,21.53%,P51948;Q92759;Q13889;P51946;Q13888;P32780;P18074;P19447;Q6ZYL4;P50613
prerank,"DNA replication factor C complex, CHTF18 variant",-0.5602278893109062,-1.529347278173215,0.05042016806722689,0.1602283691633872,0.996,7/7,44.11%,P35250;P40937;P40938;P35249;Q8WVB6;P0CG13;Q9BVC3
prerank,Glutamate decarboxylase 1/2 complex,-0.789159891598916,-1.5280983096050416,0.02962962962962963,0.160170157681572,0.997,3/3,21.18%,CHEBI:18405;Q99259;Q05329
prerank,BORC complex,-0.5421981004070556,-1.5275927647820196,0.02631578947368421,0.15952864904747696,0.997,8/8,45.92%,Q6QNY1;O95295;P78537;Q96B45;Q96FH0;Q969J3;Q9BQD3;Q96GS4
prerank,"SCF E3 ubiquitin ligase complex, FBXW8-CUL7 variant",0.8289045553145337,1.5253400598048719,0.003601440576230492,0.012883618132212551,0.91,5/5,17.22%,Q8N3Y1;Q14999;Q13616;P63208;P62877
prerank,mTORC2 complex,-0.6141540130151844,-1.523953195780166,0.04794520547945205,0.16224497335194243,0.997,5/5,38.69%,Q9BVC4;P42345;Q6R327;Q9BPZ7;P85299
prerank,"CRL4-DCAF15 E3 ubiquitin ligase complex, CUL4B variant ",0.8289045553145334,1.5205479525101724,0.009523809523809525,0.014072068455564168,0.933,5/5,17.22%,Q66K64;Q9BW61;Q13620;Q16531;P62877
prerank,"SAGA complex, KAT2A variant",0.6565904139433553,1.5187104072596866,0.004020100502512563,0.014558468614801688,0.944,21/21,34.71%,Q86TJ2;Q96BN2;O94864;Q8NEM7;Q9Y6J9;Q9UPT9;CHEBI:27363;O15265;Q14CW9;O75486;O75529;Q9NPA8;Q16594;Q16514;Q12962;Q9BWJ5;Q15393;Q9Y4A5;Q96ES7;Q92830;O75528
prerank,"SAGA complex, KAT2B variant",0.6565904139433554,1.5171842925778263,0.004024144869215292,0.014894480060819854,0.947,21/21,34.71%,Q86TJ2;Q96BN2;O94864;Q8NEM7;Q9Y6J9;Q9UPT9;CHEBI:27363;O15265;Q14CW9;O75486;O75529;Q9NPA8;Q16594;Q16514;Q12962;Q9BWJ5;Q15393;Q9Y4A5;Q92831;Q96ES7;O75528
prerank,"Polybromo-associated SWI/SNF ATP-dependent chromatin remodeling complex, ACTL6B variant",0.6925616909635494,1.5146989553838452,0.0030991735537190084,0.0155732121630885,0.952,12/13,24.48%,O94805;Q86U86;Q9NPI1;Q68CP9;Q92925;Q8TAQ2;Q8WUB8;Q12824;Q969G3;P51532;Q92922;Q96GM5
prerank,Prefoldin co-chaperone complex,-0.5890968266883645,-1.5129754169991267,0.02727272727272727,0.17275973347578158,0.998,6/6,41.21%,Q9UHV9;O15212;Q9NUG6;O60925;Q99471;P61758
prerank,NuA4 histone acetyltransferase complex,0.6575939031028851,1.5098011006153287,0.002014098690835851,0.017114337861558488,0.966,19/19,34.58%,Q96L91;Q9NV56;Q52LR7;Q9UBU8;Q9H0E9;Q92993;Q15014;Q9NXR8;Q9H2F5;Q05BQ5;Q9NPF5;O95619;Q15906;P60709;Q9Y265;Q9Y230;O96019;Q9Y4A5;Q9HAF1
prerank,"DNA-directed RNA polymerase III complex, POLR3G variant",0.6567773543821447,1.5093499300499682,0.00202020202020202,0.017185801872522444,0.966,19/19,34.66%,O15318;Q9NVU0;Q9H1D9;O75575;O14802;Q9Y2Y1;Q9NW08;Q9BUI4;Q9Y535;P05423;O15160;P0DPB6;P62875;P52434;P61218;P53803;P19388;CHEBI:18420;CHEBI:29105
prerank,"DNA-directed RNA polymerase III complex, POLR3GL variant",0.6567773543821447,1.50886766686423,0.0,0.017266461879524127,0.967,19/19,34.66%,Q9BT43;Q9NVU0;Q9H1D9;O75575;O14802;Q9Y2Y1;Q9NW08;Q9BUI4;Q9Y535;P05423;O15160;P0DPB6;P62875;P52434;P61218;P53803;P19388;CHEBI:18420;CHEBI:29105
prerank,TFTC histone acetylation complex,0.6560544217687075,1.5030509397026903,0.0010111223458038423,0.01935488695799188,0.975,18/18,34.71%,Q9UPT9;CHEBI:27363;O15265;Q14CW9;O75486;O75529;O00268;Q15545;Q15542;P49848;Q6P1X5;Q9NPA8;Q16594;Q16514;Q12962;Q9Y4A5;Q92830;O75528
prerank,"Muscle cell-specific SWI/SNF ATP-dependent chromatin remodeling complex, ACTL6B-ARID1A-SMARCA4 variant",0.68685776373024,1.5021213346037476,0.006134969325153374,0.019594072246997656,0.976,11/12,24.48%,O94805;Q92784;Q6STE5;Q92925;Q8TAQ2;O14497;Q12824;Q969G3;P51532;Q92922;Q96GM5
prerank,"Muscle cell-specific SWI/SNF ATP-dependent chromatin remodeling complex, ACTL6B-ARID1B-SMARCA4 variant",0.6868611324058524,1.5012485933117423,0.00819672131147541,0.01980150595860006,0.977,11/12,24.48%,O94805;Q92784;Q8NFD5;Q6STE5;Q92925;Q8TAQ2;Q12824;Q969G3;P51532;Q92922;Q96GM5
prerank,"Short transient receptor potential channel complex,TRPC1-TRPC4-TRPC5 variant",-0.784010840108401,-1.4986785261758029,0.026923076923076925,0.18902497456197817,1.0,3/3,21.69%,P48995;Q9UBN4;Q9UL62
prerank,"Mitochondrial pyruvate dehydrogenase complex, somatic variant",0.7419267299864316,1.4964924465957186,0.005376344086021506,0.021453289872734538,0.987,8/8,25.97%,P10515;O00330;CHEBI:16238;CHEBI:83088;P09622;P08559;P11177;CHEBI:58937
prerank,U5 small nuclear ribonucleoprotein complete complex,0.674279499728113,1.4951190102168674,0.0041109969167523125,0.021920413773992183,0.989,15/15,32.85%,O95400;URS000075BAAE_9606;O94906;Q9BUQ8;O75643;Q15029;Q96DI7;Q6P2Q9;P62314;P62316;P14678;P62318;P62306;P62304;P62308
prerank,CPAP-STIL complex,-0.7555555555555555,-1.4943518861313294,0.04081632653061224,0.19348828819602304,1.0,3/3,24.53%,Q15468;Q6UVJ0;Q9HC77
prerank,"Neuron-specific SWI/SNF ATP-dependent chromatin remodeling complex, ARID1A-SMARCA4 variant",0.6869469250593306,1.4937875543421366,0.008247422680412371,0.02244389597430269,0.989,11/12,24.48%,Q92782;O94805;Q92784;Q6STE5;Q8TAQ2;O14497;Q12824;Q969G3;P51532;Q92922;Q96GM5
prerank,"Mitochondrial pyruvate dehydrogenase complex, testis-specific variant",0.7419267299864315,1.4936627309707062,0.005411255411255411,0.022383906977711365,0.989,8/8,25.97%,P29803;P10515;O00330;CHEBI:16238;CHEBI:83088;P09622;P11177;CHEBI:58937
prerank,"Muscle cell-specific SWI/SNF ATP-dependent chromatin remodeling complex, ACTL6B-ARID1B-SMARCA2 variant",0.686864500758678,1.4917626087122073,0.010298661174047374,0.0230716265813854,0.992,11/12,24.48%,O94805;Q92784;Q8NFD5;Q6STE5;Q92925;Q8TAQ2;P51531;Q12824;Q969G3;Q92922;Q96GM5
prerank,Hydride transfer complex,-0.7718157181571815,-1.4901682782003112,0.03676470588235294,0.19734333980596755,1.0,3/3,22.91%,P11498;P48163;P40925
prerank,"Neuron-specific SWI/SNF ATP-dependent chromatin remodeling complex, ARID1B-SMARCA4 variant",0.6869502852252497,1.4894816124458392,0.008290155440414507,0.02386333121137143,0.994,11/12,24.48%,Q92782;O94805;Q92784;Q8NFD5;Q6STE5;Q8TAQ2;Q12824;Q969G3;P51532;Q92922;Q96GM5
prerank,"Muscle cell-specific SWI/SNF ATP-dependent chromatin remodeling complex, ACTL6B-ARID1A-SMARCA2 variant",0.6868611324047728,1.4892610628738532,0.008264462809917356,0.023838222718030225,0.994,11/12,24.48%,O94805;Q92784;Q6STE5;Q92925;Q8TAQ2;O14497;P51531;Q12824;Q969G3;Q92922;Q96GM5
prerank,"CRL4-DDB2 E3 ubiquitin ligase complex, CUL4A variant ",0.8286798590403904,1.4874269304418775,0.0112079701120797,0.024474405034655457,0.996,4/4,17.22%,Q92466;Q13619;Q16531;P62877
prerank,"Neuron-specific SWI/SNF ATP-dependent chromatin remodeling complex, ARID1A-SMARCA2 variant",0.6869502852241731,1.4857262311777728,0.009316770186335404,0.025160560872355374,0.996,11/12,24.48%,Q92782;O94805;Q92784;Q6STE5;Q8TAQ2;O14497;P51531;Q12824;Q969G3;Q92922;Q96GM5
prerank,SAM mitochondrial sorting and assembly machinery complex,-0.7940379403794038,-1.4855857578085492,0.01953125,0.2014333196643666,1.0,3/3,20.69%,Q9Y512;O75431;Q13505
prerank,"Neuron-specific SWI/SNF ATP-dependent chromatin remodeling complex, ARID1B-SMARCA2 variant",0.6869536450696037,1.4838551179657107,0.010362694300518135,0.025837016257690734,0.997,11/12,24.48%,Q92782;O94805;Q92784;Q8NFD5;Q6STE5;Q8TAQ2;P51531;Q12824;Q969G3;Q92922;Q96GM5
prerank,Mitochondrial transcription initiation complex,-0.7769647696476965,-1.482579582077182,0.06204379562043796,0.20412193556372257,1.0,3/3,22.39%,Q9H5Q4;Q00059;O00411
prerank,"CRL4-DCAF8 E3 ubiquitin ligase complex, CUL4A variant ",0.8286798590403904,1.4816357019176103,0.007425742574257425,0.02669536358863119,0.997,4/4,17.22%,Q5TAQ9;Q13619;Q16531;P62877
prerank,"CRL4-DCAF9 E3 ubiquitin ligase complex, CUL4A variant ",0.8286798590403904,1.481526793949451,0.007471980074719801,0.026632781051280554,0.997,4/4,17.22%,Q8N5D0;Q13619;Q16531;P62877
prerank,"CRL4-DCAF4 E3 ubiquitin ligase complex, CUL4A variant ",0.8286798590403904,1.4815054847897158,0.013630731102850062,0.026518794077889245,0.997,4/4,17.22%,Q8WV16;Q13619;Q16531;P62877
prerank,INO80 chromatin remodeling complex,0.6593257205002717,1.4811812539111457,0.010214504596527068,0.026548962517323024,0.997,15/15,34.34%,Q9H9F9;P0C1Z6;P25490;Q9Y5K5;Q9C086;Q8NBZ0;Q53TQ3;Q9ULG1;Q6P4R8;Q9H981;Q6PI98;Q96EZ8;Q9Y265;Q9Y230;O96019
prerank,"CRL4-DCAF17 E3 ubiquitin ligase complex, CUL4A variant ",0.8286798590403904,1.4798007300894351,0.00875,0.027048492166463576,0.998,4/4,17.22%,Q5H9S7;Q13619;Q16531;P62877
prerank,Interferon gamma receptor-ligand complex,-0.751219512195122,-1.4795537768629137,0.04780876494023904,0.2066310366136085,1.0,3/3,24.97%,CPX-6024;P15260;P38484
prerank,AP-5 Adaptor complex,-0.6869070208728653,-1.478809297463951,0.06372549019607843,0.20624130386258868,1.0,4/4,31.41%,Q9NUS5;O43299;Q9H0R1;Q2VPB7
prerank,PAF1 complex,-0.5839435855709249,-1.4782333858827519,0.05511811023622047,0.20569881935276468,1.0,6/6,41.73%,Q9GZS3;Q6P1J9;Q8N7H5;Q6PD62;Q92541;Q8WVC0
prerank,"CRL4-DCAF7 E3 ubiquitin ligase complex, CUL4A variant ",0.8286798590403904,1.4780359770682647,0.014943960149439602,0.027742396489370463,0.998,4/4,17.22%,P61962;Q13619;Q16531;P62877
prerank,"CRL4-ERCC8 E3 ubiquitin ligase complex, CUL4A variant ",0.8286798590403904,1.476124354551692,0.011264080100125156,0.02845085833911077,0.998,4/4,17.22%,Q13216;Q13619;Q16531;P62877
prerank,TTT complex,-0.7715447154471544,-1.4755328248335067,0.04964539007092199,0.2071347160654654,1.0,3/3,22.94%,O43156;Q6NXR4;Q9Y4R8
prerank,tRNA-intron splicing endonuclease complex,-0.6130694143167028,-1.475171769045047,0.055900621118012424,0.20614304489355972,1.0,5/5,38.80%,Q92989;Q8WW01;Q9BSV6;Q7Z6J9;Q8NCE0
prerank,"CRL4-CRBN E3 ubiquitin ligase complex, CUL4A variant ",0.8286798590403904,1.474271896026768,0.00980392156862745,0.02929020290855583,0.999,4/4,17.22%,Q96SW2;Q13619;Q16531;P62877
prerank,"CRL4-CDT2 E3 ubiquitin ligase complex, CUL4A variant ",0.8286798590403904,1.4742159075769188,0.012376237623762377,0.029176043802594746,0.999,4/4,17.22%,Q9NZJ0;Q13619;Q16531;P62877
prerank,"GBAF (SWI/SNF) ATP-dependent chromatin remodeling complex, ACTL6B-BICRA-SMARCA4 variant",0.6801698137231612,1.4736507261178649,0.014783526927138331,0.029314571960892096,0.999,10/11,24.48%,O94805;Q9NZM4;Q9H8M2;Q15532;Q8WUZ0;Q9BQE9;Q4VC05;P51532;Q92922;Q96GM5
prerank,"CRL4-DCAF5 E3 ubiquitin ligase complex, CUL4A variant ",0.8286798590403904,1.4732268846286007,0.01125,0.029369320375004098,0.999,4/4,17.22%,Q96JK2;Q13619;Q16531;P62877
prerank,"Septin complex, hexamer variant, SEPT2-SEPT6-SEPT-7",-0.7788617886178861,-1.4729243537573276,0.040892193308550186,0.20714378638566364,1.0,3/3,22.20%,Q14141;Q15019;Q16181
prerank,SOSS2 complex,0.8943089430894308,1.4727889606626348,0.0026702269692923898,0.029449973084205334,0.999,3/3,10.64%,Q96AH0;Q9NRY2;Q68E01
prerank,"GBAF (SWI/SNF) ATP-dependent chromatin remodeling complex, ACTL6B-BICRA-SMARCA2 variant",0.6801738299042868,1.4711660478390174,0.010482180293501049,0.03011687267251841,0.999,10/11,24.48%,O94805;Q9NZM4;Q9H8M2;Q15532;Q8WUZ0;Q9BQE9;Q4VC05;P51531;Q92922;Q96GM5
prerank,"CRL4-DCAF12 E3 ubiquitin ligase complex, CUL4A variant ",0.8286798590403904,1.4706549681712964,0.01,0.030254481116084874,0.999,4/4,17.22%,Q5T6F0;Q13619;Q16531;P62877
prerank,tRNA-splicing ligase complex,0.7197109291492034,1.4704628247138316,0.023939064200217627,0.03021720990999735,0.999,7/8,17.55%,Q52LJ0;Q8IWT0;Q8NCA5;Q9Y224;Q9BVC5;Q92499;Q9Y3I0
prerank,Myb-MuvB-FOXM1 transcriptional activation complex,0.7425393380358111,1.470422142555689,0.015317286652078774,0.030102479851983964,0.999,7/7,25.89%,P10244;Q08050;Q6MZP7;Q5TKA1;Q96GY3;Q52LA3;Q09028
prerank,"CRL4-DCAF1 E3 ubiquitin ligase complex, CUL4A variant ",0.8286798590403904,1.470063008046115,0.017326732673267328,0.03014652976294654,0.999,4/4,17.22%,Q9Y4B6;Q13619;Q16531;P62877
prerank,"CRL4-DCAF14 E3 ubiquitin ligase complex, CUL4A variant ",0.8286798590403904,1.4689493680655354,0.012626262626262626,0.030532870780765258,0.999,4/4,17.22%,Q8WWQ0;Q13619;Q16531;P62877
prerank,"CRL4-CRBN E3 ubiquitin ligase complex, CUL4B variant ",0.8286798590403904,1.4680962627184164,0.0072992700729927005,0.03082198579956294,0.999,4/4,17.22%,Q96SW2;Q13620;Q16531;P62877
prerank,"CRL4-DCAF11 E3 ubiquitin ligase complex, CUL4A variant ",0.8286798590403904,1.4680920827556367,0.0112079701120797,0.030689632275952703,0.999,4/4,17.22%,Q8TEB1;Q13619;Q16531;P62877
prerank,"GBAF (SWI/SNF) ATP-dependent chromatin remodeling complex, ACTL6B-BICRAL-SMARCA2 variant",0.6801738299042868,1.4671990241043589,0.015772870662460567,0.031079813486344574,0.999,10/11,24.48%,O94805;Q6AI39;Q9H8M2;Q15532;Q8WUZ0;Q9BQE9;Q4VC05;P51531;Q92922;Q96GM5
prerank,"CRL4-DCAF16 E3 ubiquitin ligase complex, CUL4A variant ",0.8286798590403904,1.4663768556289263,0.012453300124533,0.03138242150145976,1.0,4/4,17.22%,Q9NXF7;Q13619;Q16531;P62877
prerank,"CRL4-AMBRA1 E3 ubiquitin ligase complex, CUL4A variant ",0.8286798590403904,1.4658536178255417,0.010062893081761006,0.03148683910453936,1.0,4/4,17.22%,Q9C0C7;Q13619;Q16531;P62877
prerank,"SCF E3 ubiquitin ligase complex, FBXL17 variant",0.8286798590403903,1.4656695748298467,0.008588957055214725,0.031440138234803024,1.0,4/4,17.22%,Q9UF56;Q13616;P63208;P62877
prerank,"GBAF (SWI/SNF) ATP-dependent chromatin remodeling complex, ACTL6B-BICRAL-SMARCA4 variant",0.6801698137231612,1.4653019511126848,0.015856236786469344,0.031471394916137374,1.0,10/11,24.48%,O94805;Q6AI39;Q9H8M2;Q15532;Q8WUZ0;Q9BQE9;Q4VC05;P51532;Q92922;Q96GM5
prerank,Non-canonical FBXO45-MYCBP2-SKP1 E3 ubiquitin ligase complex,0.8921409214092142,1.465293992140943,0.008075370121130552,0.03133965981998477,1.0,3/3,10.86%,O75592;P0C2W1;P63208
prerank,"CRL4-DCAF12 E3 ubiquitin ligase complex, CUL4B variant ",0.8286798590403904,1.4649159624153012,0.012345679012345678,0.03138206328735258,1.0,4/4,17.22%,Q5T6F0;Q13620;Q16531;P62877
prerank,"SCF E3 ubiquitin ligase complex, KDM2B variant",0.8286798590403903,1.464912912685912,0.004993757802746567,0.031249088442914647,1.0,4/4,17.22%,Q8NHM5;Q13616;P63208;P62877
prerank,"SWI/SNF ATP-dependent chromatin remodeling complex, ACTL6B-ARID1A-SMARCA4 variant",0.680143698328333,1.4635046434705552,0.010351966873706004,0.031926006119017324,1.0,10/11,24.48%,O94805;Q6STE5;Q92925;Q8TAQ2;O14497;Q12824;Q969G3;P51532;Q92922;Q96GM5
prerank,"CRL4-DCAF10 E3 ubiquitin ligase complex, CUL4A variant ",0.8286798590403904,1.4629353725590206,0.014925373134328358,0.03208201415447458,1.0,4/4,17.22%,Q5QP82;Q13619;Q16531;P62877
prerank,3M complex,0.8991869918699187,1.4627324431592308,0.013404825737265416,0.032082797027558035,1.0,3/3,10.15%,O75147;Q9H0W5;Q14999
prerank,NALCN channelosome complex,0.8305773922472214,1.4624545521313161,0.013664596273291925,0.03211853159092235,1.0,4/4,17.03%,B1AL88;Q8IZF0;Q8N2C7;Q9P2D8
prerank,"CRL4-DCAF17 E3 ubiquitin ligase complex, CUL4B variant ",0.8286798590403904,1.4624121277938849,0.008706467661691543,0.03200936109364822,1.0,4/4,17.22%,Q5H9S7;Q13620;Q16531;P62877
prerank,"SCF E3 ubiquitin ligase complex, FBXL8 variant",0.8286798590403903,1.4622068169048315,0.00749063670411985,0.03198109891656996,1.0,4/4,17.22%,Q96CD0;Q13616;P63208;P62877
prerank,"SCF E3 ubiquitin ligase complex, SKP2 variant",0.8286798590403903,1.4620555297935438,0.01256281407035176,0.03193713398169576,1.0,4/4,17.22%,Q13309;Q13616;P63208;P62877
prerank,"CRL4-DCAF4 E3 ubiquitin ligase complex, CUL4B variant ",0.8286798590403904,1.4620013376519312,0.010025062656641603,0.03183269418736211,1.0,4/4,17.22%,Q8WV16;Q13620;Q16531;P62877
prerank,"Mitochondrial calcium uniporter complex, MICUB variant",-0.6149674620390456,-1.4615109153184105,0.05232558139534884,0.2206287233751551,1.0,5/5,38.61%,Q9BPX6;Q9H4I9;Q8NE86;Q8IYU8;Q9NWR8
prerank,"CRL4-DCAF9 E3 ubiquitin ligase complex, CUL4B variant ",0.8286798590403904,1.4614186559761424,0.01,0.031997796785127916,1.0,4/4,17.22%,Q8N5D0;Q13620;Q16531;P62877
prerank,"CRL4-CDT2 E3 ubiquitin ligase complex, CUL4B variant ",0.8286798590403904,1.4613768510056526,0.012300123001230012,0.031896583003809154,1.0,4/4,17.22%,Q9NZJ0;Q13620;Q16531;P62877
prerank,"SWI/SNF ATP-dependent chromatin remodeling complex, ACTL6B-ARID1B-SMARCA4 variant",0.6801477172344335,1.4605105259837154,0.014553014553014554,0.032253443515760094,1.0,10/11,24.48%,O94805;Q8NFD5;Q6STE5;Q92925;Q8TAQ2;Q12824;Q969G3;P51532;Q92922;Q96GM5
prerank,"SCF E3 ubiquitin ligase complex, FBXO40 variant",0.8286798590403904,1.460429218432636,0.012610340479192938,0.03214681044411532,1.0,4/4,17.22%,Q9UH90;Q13616;P63208;P62877
prerank,"SCF E3 ubiquitin ligase complex, FBH1 variant",0.8286798590403903,1.459995300917257,0.013681592039800995,0.03223024236260133,1.0,4/4,17.22%,Q8NFZ0;Q13616;P63208;P62877
prerank,"Mitochondrial calcium uniporter complex, MICU1 variant",-0.7509485094850948,-1.4598773562366367,0.050387596899224806,0.2213681416073113,1.0,3/3,24.99%,Q9BPX6;Q9H4I9;Q8NE86
prerank,"CRL4-DCAF16 E3 ubiquitin ligase complex, CUL4B variant ",0.8286798590403904,1.4593026259725213,0.012345679012345678,0.03249371390233942,1.0,4/4,17.22%,Q9NXF7;Q13620;Q16531;P62877
prerank,"CRL4-DCAF6 E3 ubiquitin ligase complex, CUL4A variant ",0.8286798590403904,1.459120343614089,0.015132408575031526,0.0324748203963796,1.0,4/4,17.22%,Q58WW2;Q13619;Q16531;P62877
prerank,LUBAC ubiquitin ligase complex,-0.7685636856368564,-1.4589923335824697,0.06228373702422145,0.22084930013895823,1.0,3/3,23.23%,Q96EP0;Q9BYM8;Q9H0F6
prerank,"CRL4-ERCC8 E3 ubiquitin ligase complex, CUL4B variant",0.8286798590403904,1.4589199272493907,0.009950248756218905,0.0324663210042199,1.0,4/4,17.22%,Q13216;Q13620;Q16531;P62877
prerank,"SCF E3 ubiquitin ligase complex, FBXW10 variant",0.8286798590403903,1.45858312889209,0.011320754716981131,0.032529314522907304,1.0,4/4,17.22%,Q5XX13;Q13616;P63208;P62877
prerank,"DNA-directed RNA polymerase II complex, Pol II(G) variant",0.6560630777596522,1.4584794033617596,0.012282497441146366,0.03244952299294365,1.0,15/15,34.66%,P52435;P19387;P62487;P30876;O15514;P36954;P24928;P0CAP2;P62875;P52434;P61218;P53803;P19388;CHEBI:18420;CHEBI:29105
prerank,General transcription factor complex TFIID,0.657787442239739,1.4584445196441023,0.008188331627430911,0.03234251725309458,1.0,14/14,34.47%,Q15544;Q15543;Q5VWG9;Q7Z7C8;P21675;O00268;Q15545;Q15542;P49848;Q6P1X5;P20226;Q16594;Q16514;Q12962
prerank,"CRL4-DCAF11 E3 ubiquitin ligase complex, CUL4B variant ",0.8286798590403904,1.4583930556550306,0.012391573729863693,0.03223886852065224,1.0,4/4,17.22%,Q8TEB1;Q13620;Q16531;P62877
prerank,"CRL4-DCAF8 E3 ubiquitin ligase complex, CUL4B variant ",0.8286798590403904,1.4578594467729966,0.012484394506866416,0.03235952458403486,1.0,4/4,17.22%,Q5TAQ9;Q13620;Q16531;P62877
prerank,"CRL4-AMBRA1 E3 ubiquitin ligase complex, CUL4B variant ",0.8286798590403904,1.4578427853475655,0.012269938650306749,0.03224410599908013,1.0,4/4,17.22%,Q9C0C7;Q13620;Q16531;P62877
prerank,HOPS tethering complex,-0.5815025766205587,-1.4575914124973917,0.07407407407407407,0.2214603399170186,1.0,6/6,41.97%,Q9P253;Q9H269;Q9H270;Q96AX1;P49754;Q96JC1
prerank,"Polycomb repressive complex 2.1, EZH1-RBBP7-PCL3-PALI1 variant",0.749932194195823,1.457503936162229,0.017084282460136675,0.03230649818144714,1.0,6/6,25.13%,Q5T6S3;Q96JN0;Q92800;O75530;Q15022;Q16576
prerank,"General transcription factor complex TFIID, TAF4B variant",0.6577874422397388,1.457396969724301,0.009230769230769232,0.032246780660853645,1.0,14/14,34.47%,Q92750;Q15544;Q15543;Q5VWG9;Q7Z7C8;P21675;Q15545;Q15542;P49848;Q6P1X5;P20226;Q16594;Q16514;Q12962
prerank,Apoptosome,0.7580688906970436,1.457020755890021,0.016091954022988506,0.032298793576200635,1.0,6/6,24.32%,CHEBI:18248;P99999;O14727;P55211;P55211-PRO_0000004643;CHEBI:30413
prerank,"SCF E3 ubiquitin ligase complex, FBXL3 variant",0.8286798590403904,1.456389497343973,0.01639344262295082,0.032525303154661095,1.0,4/4,17.22%,Q9UKT7;Q13616;P63208;P62877
prerank,"CRL4-DDB2 E3 ubiquitin ligase complex, CUL4B variant ",0.8286798590403904,1.456084700956623,0.012642225031605562,0.032541506556112654,1.0,4/4,17.22%,Q92466;Q13620;Q16531;P62877
prerank,"CRL4-DCAF7 E3 ubiquitin ligase complex, CUL4B variant ",0.8286798590403904,1.4555122800602738,0.011306532663316583,0.032731155960456323,1.0,4/4,17.22%,P61962;Q13620;Q16531;P62877
prerank,"CRL4-DCAF14 E3 ubiquitin ligase complex, CUL4B variant ",0.8286798590403904,1.4554138388491145,0.011111111111111112,0.032663656487314424,1.0,4/4,17.22%,Q8WWQ0;Q13620;Q16531;P62877
prerank,"CRL4-DCAF10 E3 ubiquitin ligase complex, CUL4B variant ",0.8286798590403904,1.455024502469858,0.013496932515337423,0.032751944508900746,1.0,4/4,17.22%,Q5QP82;Q13620;Q16531;P62877
prerank,"SCF E3 ubiquitin ligase complex, CCNF variant",0.8286798590403903,1.4549841858081558,0.006305170239596469,0.03265586683875772,1.0,4/4,17.22%,P41002;Q13616;P63208;P62877
prerank,DNA-directed RNA polymerase I complex,0.655884751291112,1.454411013398027,0.009202453987730062,0.03283503450746965,1.0,14/14,34.66%,Q3B726;Q9H9Y6;O95602;Q9P1U0;Q9GZS1;O15446;O15160;P0DPB6;P62875;P52434;P61218;P53803;P19388;CHEBI:29105
prerank,"SCF E3 ubiquitin ligase complex, FBXW5 variant",0.8286798590403903,1.454220172275005,0.015950920245398775,0.032818535592285196,1.0,4/4,17.22%,Q969U6;Q13616;P63208;P62877
prerank,"SCF E3 ubiquitin ligase complex, FBXO43 variant",0.8286798590403903,1.4536093720833558,0.01125,0.03299816392146186,1.0,4/4,17.22%,Q4G163;Q13616;P63208;P62877
prerank,"CRL4-DCAF5 E3 ubiquitin ligase complex, CUL4B variant ",0.8286798590403904,1.453584184487137,0.00749063670411985,0.032890688388536066,1.0,4/4,17.22%,Q96JK2;Q13620;Q16531;P62877
prerank,Embryonic stem cell-specific SWI/SNF ATP-dependent chromatin remodeling complex,0.6589673913043479,1.4535212116404168,0.010362694300518135,0.03279823949371476,1.0,13/13,34.34%,Q92785;Q8WUZ0;Q9BQE9;Q4VC05;O14497;Q8WUB8;Q12824;Q969G3;P51532;Q92922;Q96GM5;P60709;O96019
prerank,"SCF E3 ubiquitin ligase complex, FBXW9 variant",0.8286798590403904,1.453370043439102,0.014943960149439602,0.03273956441435001,1.0,4/4,17.22%,Q5XUX1;Q13616;P63208;P62877
prerank,"SCF E3 ubiquitin ligase complex, FBXO10 variant",0.8286798590403903,1.452762054235307,0.010050251256281407,0.03295218980231374,1.0,4/4,17.22%,Q9UK96;Q13616;P63208;P62877
prerank,"SCF E3 ubiquitin ligase complex, FBXO32 variant",0.8286798590403904,1.4524721800970617,0.018564356435643563,0.03298021490206894,1.0,4/4,17.22%,Q969P5;Q13616;P63208;P62877
prerank,ASAP splicing-associated complex,0.8924119241192412,1.4523542823925597,0.011968085106382979,0.03290982655367375,1.0,3/3,10.83%,Q9UKV3;O00422;Q15287
prerank,"SCF E3 ubiquitin ligase complex, FBXO38 variant",0.8286798590403903,1.4517597612144442,0.016129032258064516,0.03304963746222929,1.0,4/4,17.22%,Q6PIJ6;Q13616;P63208;P62877
prerank,"Polycomb repressive complex 2.1, EZH1-RBBP7-PCL3-EPOP variant",0.749932194195823,1.4516423998191401,0.019675925925925927,0.032979505783390324,1.0,6/6,25.13%,Q5T6S3;A6NHQ4;Q92800;O75530;Q15022;Q16576
prerank,"SCF E3 ubiquitin ligase complex, FBXL13 variant",0.8286798590403905,1.4513841934194467,0.014814814814814815,0.033018597175984384,1.0,4/4,17.22%,Q8NEE6;Q13616;P63208;P62877
prerank,"Polycomb repressive complex 2.1,EZH2-RBBP7-PCL3-PALI1 variant",0.749932194195823,1.4511955828770455,0.019122609673790775,0.03298134641669514,1.0,6/6,25.13%,Q5T6S3;Q96JN0;Q15910;O75530;Q15022;Q16576
prerank,"SCF E3 ubiquitin ligase complex, FBXW12 variant",0.8286798590403904,1.450851482436211,0.013647642679900745,0.03304312037422085,1.0,4/4,17.22%,Q6X9E4;Q13616;P63208;P62877
prerank,"SCF E3 ubiquitin ligase complex, FBXL7 variant",0.8286798590403903,1.4501574493240206,0.011363636363636364,0.033301274969682,1.0,4/4,17.22%,Q9UJT9;Q13616;P63208;P62877
prerank,"SCF E3 ubiquitin ligase complex, FBXO3 variant",0.8286798590403903,1.4498727678449719,0.012547051442910916,0.03332727432397638,1.0,4/4,17.22%,Q9UK99;Q13616;P63208;P62877
prerank,"SWI/SNF ATP-dependent chromatin remodeling complex, ACTL6B-ARID1B-SMARCA2 variant",0.6801517357200368,1.4493298840170075,0.014629049111807733,0.033491711455360715,1.0,10/11,24.48%,O94805;Q8NFD5;Q6STE5;Q92925;Q8TAQ2;P51531;Q12824;Q969G3;Q92922;Q96GM5
prerank,DNA-directed RNA polymerase II complex,0.6558847512911119,1.4492932870038464,0.013402061855670102,0.03339684167539203,1.0,14/14,34.66%,P52435;P19387;P62487;P30876;O15514;P36954;P24928;P62875;P52434;P61218;P53803;P19388;CHEBI:18420;CHEBI:29105
prerank,CoQ biosynthetic complex,0.7132959209763987,1.449126947276565,0.01939655172413793,0.03335002353984619,1.0,7/8,18.20%,O75208;CHEBI:24875;Q99807;Q9NZJ6;Q9Y3A0;Q9Y2Z9;Q5HYK3
prerank,"Polybromo-associated SWI/SNF ATP-dependent chromatin remodeling complex, ACTL6A variant",0.6589673913043479,1.4487560921071447,0.010341261633919338,0.033379988116598806,1.0,13/13,34.34%,Q86U86;Q9NPI1;Q68CP9;Q92925;Q8TAQ2;Q8WUB8;Q12824;Q969G3;P51532;Q92922;Q96GM5;P60709;O96019
prerank,"SCF E3 ubiquitin ligase complex, BTRC variant",0.8286798590403903,1.448508179631396,0.019975031210986267,0.033389576405499485,1.0,4/4,17.22%,Q9Y297;Q13616;P63208;P62877
prerank,"SCF E3 ubiquitin ligase complex, LMO7 variant",0.8286798590403903,1.4483731426431503,0.016229712858926344,0.033325404153500715,1.0,4/4,17.22%,Q8WWI1;Q13616;P63208;P62877
prerank,"SCF E3 ubiquitin ligase complex, FBXO6 variant",0.8286798590403903,1.4479987097840665,0.010012515644555695,0.03341745643134328,1.0,4/4,17.22%,Q9NRD1;Q13616;P63208;P62877
prerank,"CRL4-DCAF1 E3 ubiquitin ligase complex, CUL4B variant ",0.8286798590403904,1.4479918143775103,0.016149068322981366,0.03330927323827779,1.0,4/4,17.22%,Q9Y4B6;Q13620;Q16531;P62877
prerank,"SCF E3 ubiquitin ligase complex, FBXO8 variant",0.8286798590403904,1.4478441987894903,0.009962640099626401,0.03324161487357478,1.0,4/4,17.22%,Q9NRD0;Q13616;P63208;P62877
prerank,"Polycomb repressive complex 2.1, EZH1-RBBP7-PCL1-PALI1 variant",0.749932194195823,1.4475109660364471,0.020594965675057208,0.03328895719960106,1.0,6/6,25.13%,O43189;Q96JN0;Q92800;O75530;Q15022;Q16576
prerank,Interleukin-37 receptor-ligand complex,-0.7563685636856369,-1.4475060187717064,0.08171206225680934,0.23395529277967847,1.0,3/3,24.45%,Q13478-PRO_0000015448;Q6IA17-PRO_0000099065;Q9NZH6-1
prerank,"SCF E3 ubiquitin ligase complex, FBXO44 variant",0.8286798590403903,1.447473235377686,0.015132408575031526,0.0331976812368959,1.0,4/4,17.22%,Q9H4M3;Q13616;P63208;P62877
prerank,"Polycomb repressive complex 2.1, EZH1-RBBP7-PCL2-EPOP variant",0.749932194195823,1.447448369357869,0.022962112514351322,0.03309608540925267,1.0,6/6,25.13%,Q9Y483;A6NHQ4;Q92800;O75530;Q15022;Q16576
prerank,"SCF E3 ubiquitin ligase complex, FBXO15 variant",0.8286798590403904,1.4472822870058604,0.009876543209876543,0.03305622572794485,1.0,4/4,17.22%,Q8NCQ5;Q13616;P63208;P62877
prerank,"SCF E3 ubiquitin ligase complex, FBXW4 variant",0.8286798590403903,1.447170850560024,0.01734820322180917,0.03299055840476994,1.0,4/4,17.22%,P57775;Q13616;P63208;P62877
prerank,"SCF E3 ubiquitin ligase complex, KDM2A variant",0.8286798590403904,1.4471628726455907,0.017743979721166033,0.03288418325855547,1.0,4/4,17.22%,Q9Y2K7;Q13616;P63208;P62877
prerank,"SCF E3 ubiquitin ligase complex, FBXL4 variant",0.8286798590403903,1.4471399650488475,0.009900990099009901,0.03279362893912169,1.0,4/4,17.22%,Q9UKA2;Q13616;P63208;P62877
prerank,"SCF E3 ubiquitin ligase complex, FBXO28 variant",0.8286798590403903,1.4468902873159202,0.015931372549019607,0.0328327547984365,1.0,4/4,17.22%,Q9NVF7;Q13616;P63208;P62877
prerank,"CRL3 E3 ubiquitin ligase complex, SPOP-SPOPL variant",0.8286798590403904,1.446885648063843,0.018656716417910446,0.032725820006469696,1.0,4/4,17.22%,Q6IQ16;O43791;Q13618;P62877
prerank,"SCF E3 ubiquitin ligase complex, FBXO42 variant",0.8286798590403903,1.446870772218576,0.011406844106463879,0.03262386744767107,1.0,4/4,17.22%,Q6P3S6;Q13616;P63208;P62877
prerank,"SCF E3 ubiquitin ligase complex, FBXW7 variant",0.8286798590403904,1.4468670643782398,0.015306122448979591,0.03251832789311251,1.0,4/4,17.22%,Q969H0;Q13616;P63208;P62877
prerank,"SCF E3 ubiquitin ligase complex, FBXW2 variant",0.8286798590403904,1.4466872754659563,0.012391573729863693,0.03247929470045659,1.0,4/4,17.22%,Q9UKT8;Q13616;P63208;P62877
prerank,"Polycomb repressive complex 2.1, EZH1-RBBP4-PCL1-EPOP variant",0.7423379441280173,1.4463492523472101,0.02249718785151856,0.03253362181176185,1.0,6/6,25.89%,O43189;A6NHQ4;Q92800;O75530;Q15022;Q09028
prerank,"SCF E3 ubiquitin ligase complex, FBXO47 variant",0.8286798590403903,1.4462443081156624,0.01371571072319202,0.032467375550651975,1.0,4/4,17.22%,Q5MNV8;Q13616;P63208;P62877
prerank,"SWI/SNF ATP-dependent chromatin remodeling complex, ACTL6B-ARID1A-SMARCA2 variant",0.6801477172331456,1.4461751233831628,0.013626834381551363,0.032397356415566084,1.0,10/11,24.48%,O94805;Q6STE5;Q92925;Q8TAQ2;O14497;P51531;Q12824;Q969G3;Q92922;Q96GM5
prerank,SOSS1 complex,0.8943089430894308,1.4461728374854408,0.005479452054794521,0.03229217019343762,1.0,3/3,10.64%,Q9BQ15;Q9NRY2;Q68E01
prerank,"Muscle cell-specific SWI/SNF ATP-dependent chromatin remodeling complex, ACTL6A-ARID1A-SMARCA4 variant",0.6587883727248031,1.4461586398978976,0.017400204708290685,0.03219393063698406,1.0,12/12,34.34%,Q92784;Q6STE5;Q92925;Q8TAQ2;O14497;Q12824;Q969G3;P51532;Q92922;Q96GM5;P60709;O96019
prerank,"Polycomb repressive complex 2.1, EZH1-RBBP7-PCL1-EPOP variant",0.749932194195823,1.4460432560248795,0.020761245674740483,0.03215878124700068,1.0,6/6,25.13%,O43189;A6NHQ4;Q92800;O75530;Q15022;Q16576
prerank,"SCF E3 ubiquitin ligase complex, FBXO46 variant",0.8286798590403904,1.4458343267434055,0.013801756587202008,0.03216121122124779,1.0,4/4,17.22%,Q6PJ61;Q13616;P63208;P62877
prerank,"SCF E3 ubiquitin ligase complex, FBXO4 variant",0.8286798590403904,1.4457500324529058,0.013888888888888888,0.0320912269502273,1.0,4/4,17.22%,Q9UKT5;Q13616;P63208;P62877
prerank,"SCF E3 ubiquitin ligase complex, FBXO25 variant",0.8286798590403904,1.4456992783367861,0.02258469259723965,0.03200931831512844,1.0,4/4,17.22%,Q8TCJ0;Q13616;P63208;P62877
prerank,"SCF E3 ubiquitin ligase complex, FBXO5 variant",0.8286798590403903,1.445442074383934,0.017632241813602016,0.0320080903536312,1.0,4/4,17.22%,Q9UKT4;Q13616;P63208;P62877
prerank,"SCF E3 ubiquitin ligase complex, FBXO39 variant",0.8286798590403903,1.4451430321306558,0.01373283395755306,0.03207038401382372,1.0,4/4,17.22%,Q8N4B4;Q13616;P63208;P62877
prerank,"SCF E3 ubiquitin ligase complex, FBXL19 variant",0.8286798590403903,1.4445877748513194,0.011421319796954314,0.03226503612258417,1.0,4/4,17.22%,Q6PCT2;Q13616;P63208;P62877
prerank,"SCF E3 ubiquitin ligase complex, FBXO11 variant",0.8286798590403903,1.444570766575831,0.006289308176100629,0.03216325367424794,1.0,4/4,17.22%,Q86XK2;Q13616;P63208;P62877
prerank,"SCF E3 ubiquitin ligase complex, FBXW11 variant",0.8286798590403903,1.444484621341003,0.017632241813602016,0.03209255393390888,1.0,4/4,17.22%,Q9UKB1;Q13616;P63208;P62877
prerank,"Polycomb repressive complex 2.1, EZH2-RBBP7-PCL3-EPOP variant",0.749932194195823,1.4444600780382788,0.02508551881413911,0.0320000428860462,1.0,6/6,25.13%,Q5T6S3;A6NHQ4;Q15910;O75530;Q15022;Q16576
prerank,CORVET tethering complex,-0.5828586927040955,-1.4444577249348394,0.06201550387596899,0.23664232824882647,1.0,6/6,41.84%,Q9P253;Q9H269;Q9H270;Q96AX1;Q8WUH2;Q8N3P4
prerank,"SCF E3 ubiquitin ligase complex, FBXL6 variant",0.8286798590403903,1.444456077288247,0.010113780025284451,0.031902059572078645,1.0,4/4,17.22%,Q8N531;Q13616;P63208;P62877
prerank,"SCF E3 ubiquitin ligase complex, FBXO16 variant",0.8286798590403904,1.4442163809135178,0.010165184243964422,0.03191124521355857,1.0,4/4,17.22%,Q8IX29;Q13616;P63208;P62877
prerank,"Polycomb repressive complex 2.1, EZH2-RBBP4-PCL3-EPOP variant",0.7423379441280173,1.4431277333277437,0.025583982202447165,0.03235330113660864,1.0,6/6,25.89%,Q5T6S3;A6NHQ4;Q15910;O75530;Q15022;Q09028
prerank,Gamma tubulin ring complex,0.6908804759386974,1.4428250663860043,0.021052631578947368,0.03240499080382831,1.0,9/10,22.72%,Q9BSJ2;Q9UGJ1;Q96RT8;Q96CW5;Q96RT7;Q08AG7;Q6P582;P23258;Q6NZ67
prerank,"SCF E3 ubiquitin ligase complex, FBXO22 variant",0.8286798590403904,1.4427224868255293,0.0201765447667087,0.032344813820879975,1.0,4/4,17.22%,Q8NEZ5;Q13616;P63208;P62877
prerank,"SCF E3 ubiquitin ligase complex, TSPAN17 variant",0.8286798590403903,1.442635583638933,0.013888888888888888,0.032296921910130005,1.0,4/4,17.22%,Q96FV3;Q13616;P63208;P62877
prerank,"SCF E3 ubiquitin ligase complex, FBXO2 variant",0.8286798590403903,1.4424151331918704,0.012330456226880395,0.03231069453536403,1.0,4/4,17.22%,Q9UK22;Q13616;P63208;P62877
prerank,"SCF E3 ubiquitin ligase complex, FBXO33 variant",0.8286798590403903,1.4423504126879811,0.015037593984962405,0.03224148976995444,1.0,4/4,17.22%,Q7Z6M2;Q13616;P63208;P62877
prerank,"Platelet-activating factor acetylhydrolase IB complex, alpha1-alpha2 variant",-0.7501355013550135,-1.442300941680797,0.06692913385826772,0.23822633827462636,1.0,3/3,25.07%,Q15102;P43034;P68402
prerank,"SCF E3 ubiquitin ligase complex, FBXL5 variant",0.8286798590403903,1.4420595796166717,0.016069221260815822,0.03225928267483042,1.0,4/4,17.22%,Q9UKA1;Q13616;P63208;P62877
prerank,"CRL4-DCAF6 E3 ubiquitin ligase complex, CUL4B variant ",0.8286798590403904,1.4417643745660345,0.017632241813602016,0.0322867756595617,1.0,4/4,17.22%,Q58WW2;Q13620;Q16531;P62877
prerank,"SCF E3 ubiquitin ligase complex, FBXO24 variant",0.8286798590403903,1.441542969354908,0.017743979721166033,0.0323160577244353,1.0,4/4,17.22%,O75426;Q13616;P63208;P62877
prerank,"Muscle cell-specific SWI/SNF ATP-dependent chromatin remodeling complex, ACTL6A-ARID1B-SMARCA4 variant",0.6587883727248032,1.441361069237334,0.018575851393188854,0.032302267350362755,1.0,12/12,34.34%,Q92784;Q8NFD5;Q6STE5;Q92925;Q8TAQ2;Q12824;Q969G3;P51532;Q92922;Q96GM5;P60709;O96019
prerank,"CRL3 E3 ubiquitin ligase complex, KBTBD6-KBTBD7 variant",0.8286798590403903,1.4413584484692388,0.018844221105527637,0.03220497136436768,1.0,4/4,17.22%,Q86V97;Q8WVZ9;Q13618;P62877
prerank,"SCF E3 ubiquitin ligase complex, FBXL18 variant",0.8286798590403903,1.4412408326730843,0.014925373134328358,0.03214895953067588,1.0,4/4,17.22%,Q96ME1;Q13616;P63208;P62877
prerank,"SCF E3 ubiquitin ligase complex, FBXL21 variant",0.8286798590403903,1.4411899897327023,0.013871374527112233,0.03207589255303057,1.0,4/4,17.22%,Q9UKT6;Q13616;P63208;P62877
prerank,"SCF E3 ubiquitin ligase complex, FBXO34 variant",0.8286798590403903,1.441153148889191,0.0125,0.03199170270809189,1.0,4/4,17.22%,Q9NWN3;Q13616;P63208;P62877
prerank,"SCF E3 ubiquitin ligase complex, FBXL2 variant",0.8286798590403903,1.441143184127391,0.015247776365946633,0.03190801399318259,1.0,4/4,17.22%,Q9UKC9;Q13616;P63208;P62877
prerank,"SCF E3 ubiquitin ligase complex, FBXO27 variant",0.8286798590403903,1.4408710948655277,0.01272264631043257,0.03195313239794845,1.0,4/4,17.22%,Q8NI29;Q13616;P63208;P62877
prerank,"SCF E3 ubiquitin ligase complex, FBXL14 variant",0.8286798590403903,1.44068543041741,0.01488833746898263,0.03193497312060878,1.0,4/4,17.22%,Q8N1E6;Q13616;P63208;P62877
prerank,GPR88-Gi1 signaling complex,-0.6763350501490918,-1.4405620402433457,0.046153846153846156,0.23921843460697823,1.0,4/4,32.47%,P62873;P63096;P63211;Q9GZN0
prerank,U1 small nuclear ribonucleoprotein complex ,0.6735469853340574,1.440554099813948,0.02510460251046025,0.031886460450619616,1.0,11/11,32.85%,P09012;P08621;M14387;P09234;P62314;P62316;P14678;P62318;P62306;P62304;P62308
prerank,"SCF E3 ubiquitin ligase complex, FBXO7 variant",0.8286798590403903,1.4403791248359183,0.016149068322981366,0.03186480771936567,1.0,4/4,17.22%,Q9Y3I1;Q13616;P63208;P62877
prerank,"SCF E3 ubiquitin ligase complex, FBXO30 variant",0.8286798590403903,1.439537912898152,0.012453300124533,0.03211771145686433,1.0,4/4,17.22%,Q8TB52;Q13616;P63208;P62877
prerank,"SCF E3 ubiquitin ligase complex, FBXO9 variant",0.8286798590403903,1.4393070981372038,0.017811704834605598,0.03211626709121559,1.0,4/4,17.22%,Q9UK97;Q13616;P63208;P62877
prerank,"Polycomb repressive complex 2.2, EZH1-RBBP4 variant",0.7423379441280173,1.4389739706355527,0.02364864864864865,0.03216563384502709,1.0,6/6,25.89%,Q6ZN18;Q92833;Q92800;O75530;Q15022;Q09028
prerank,"GBAF (SWI/SNF) ATP-dependent chromatin remodeling complex, ACTL6A-BICRA-SMARCA4 variant",0.6586094513851171,1.438556027326474,0.020964360587002098,0.03224285525796302,1.0,11/11,34.34%,Q9NZM4;Q9H8M2;Q15532;Q8WUZ0;Q9BQE9;Q4VC05;P51532;Q92922;Q96GM5;P60709;O96019
prerank,Dynactin complex,0.6887083336633784,1.438254157349117,0.011627906976744186,0.03231027564218008,1.0,9/10,22.94%,O75935;Q9UJW0;Q9BTE1;Q14203;Q9NZ32;O00399;P61163;CPX-8695;Q13561
prerank,"Polycomb repressive complex 2.1, EZH2-RBBP7-PCL1-EPOP variant",0.749932194195823,1.4382159335220126,0.028506271379703536,0.03224114181492976,1.0,6/6,25.13%,O43189;A6NHQ4;Q15910;O75530;Q15022;Q16576
prerank,Ribosome biogenesis complex,-0.7197831978319783,-1.4379310308770314,0.056451612903225805,0.24075008187125888,1.0,3/3,28.11%,P61328;Q13428;Q14978
prerank,"Polycomb repressive complex 2.2, EZH1-RBBP7 variant",0.749932194195823,1.437757577890134,0.021889400921658985,0.0323621154059221,1.0,6/6,25.13%,Q6ZN18;Q92833;Q92800;O75530;Q15022;Q16576
prerank,"SCF E3 ubiquitin ligase complex, FBXL12 variant",0.8286798590403903,1.4375539750398008,0.015056461731493099,0.032408211859445694,1.0,4/4,17.22%,Q9NXK8;Q13616;P63208;P62877
prerank,"SCF E3 ubiquitin ligase complex, FBXO36 variant",0.8286798590403903,1.4367210104772898,0.014906832298136646,0.03271663527636698,1.0,4/4,17.22%,Q8NEA4;Q13616;P63208;P62877
prerank,"Polycomb repressive complex 2.1, EZH1-RBBP4-PCL3-EPOP variant",0.7423379441280173,1.436719064474964,0.02186421173762946,0.03262500312533858,1.0,6/6,25.89%,Q5T6S3;A6NHQ4;Q92800;O75530;Q15022;Q09028
prerank,"Polycomb repressive complex 2.2, EZH2-RBBP4 variant",0.7423379441280173,1.4366870201437971,0.02885682574916759,0.032544925272887465,1.0,6/6,25.89%,Q6ZN18;Q92833;Q15910;O75530;Q15022;Q09028
prerank,"SCF E3 ubiquitin ligase complex, FBXO17 variant",0.8286798590403903,1.436431164890401,0.010037641154328732,0.03258814508408865,1.0,4/4,17.22%,Q96EF6;Q13616;P63208;P62877
prerank,"SCF E3 ubiquitin ligase complex, FBXO41 variant",0.8286798590403904,1.4359903652949102,0.011335012594458438,0.0327042511758415,1.0,4/4,17.22%,Q8TF61;Q13616;P63208;P62877
prerank,"SCF E3 ubiquitin ligase complex, FBXL22 variant",0.8286798590403904,1.435915996366254,0.01507537688442211,0.03263921299807479,1.0,4/4,17.22%,Q6P050;Q13616;P63208;P62877
prerank,"SCF E3 ubiquitin ligase complex, FBXL20 variant",0.8286798590403903,1.4356223631200378,0.008827238335435058,0.03266180420719288,1.0,4/4,17.22%,Q96IG2;Q13616;P63208;P62877
prerank,Signal recognition particle receptor complex,0.8753387533875338,1.4355899074810408,0.009668508287292817,0.03258999915768029,1.0,3/3,12.54%,P08240;Q9Y5M8;CHEBI:15996
prerank,"Polycomb repressive complex 2.2, EZH2-RBBP7 variant",0.749932194195823,1.4351957538171236,0.02040816326530612,0.03267587444522176,1.0,6/6,25.13%,Q6ZN18;Q92833;Q15910;O75530;Q15022;Q16576
prerank,"Polycomb repressive complex 2.1, EZH1-RBBP4-PCL2-EPOP variant",0.7423379441280173,1.4351097763399623,0.02593010146561443,0.03262966965741587,1.0,6/6,25.89%,Q9Y483;A6NHQ4;Q92800;O75530;Q15022;Q09028
prerank,"SCF E3 ubiquitin ligase complex, FBXL16 variant",0.8286798590403903,1.4347501496476818,0.013994910941475827,0.03272394464135658,1.0,4/4,17.22%,Q8N461;Q13616;P63208;P62877
prerank,"Polycomb repressive complex 2.1, EZH2-RBBP4-PCL1-EPOP variant",0.7423379441280173,1.4339729063852182,0.027808676307007785,0.03301310332924955,1.0,6/6,25.89%,O43189;A6NHQ4;Q15910;O75530;Q15022;Q09028
prerank,"Polycomb repressive complex 2.1, EZH2-RBBP7-PCL1-PALI1 variant",0.749932194195823,1.4338831167246344,0.022857142857142857,0.0329681361256426,1.0,6/6,25.13%,O43189;Q96JN0;Q15910;O75530;Q15022;Q16576
prerank,"SCF E3 ubiquitin ligase complex, FBXO31 variant",0.8286798590403903,1.433538485062949,0.01390644753476612,0.03303751811833022,1.0,4/4,17.22%,Q5XUX0;Q13616;P63208;P62877
prerank,"Muscle cell-specific SWI/SNF ATP-dependent chromatin remodeling complex, ACTL6A-ARID1B-SMARCA2 variant",0.6587883727248031,1.4327269505160023,0.018633540372670808,0.033291420792348925,1.0,12/12,34.34%,Q92784;Q8NFD5;Q6STE5;Q92925;Q8TAQ2;P51531;Q12824;Q969G3;Q92922;Q96GM5;P60709;O96019
prerank,"GBAF (SWI/SNF) ATP-dependent chromatin remodeling complex, ACTL6A-BICRA-SMARCA2 variant",0.658609451385117,1.4325180408183809,0.01882845188284519,0.033295704390411525,1.0,11/11,34.34%,Q9NZM4;Q9H8M2;Q15532;Q8WUZ0;Q9BQE9;Q4VC05;P51531;Q92922;Q96GM5;P60709;O96019
prerank,"Polycomb repressive complex 2.1, EZH2-RBBP7-PCL2-EPOP variant",0.749932194195823,1.4318918078233485,0.024054982817869417,0.03348915881412268,1.0,6/6,25.13%,Q9Y483;A6NHQ4;Q15910;O75530;Q15022;Q16576
prerank,"Polycomb repressive complex 2.1, EZH1-RBBP7-PCL2-PALI1 variant",0.749932194195823,1.431886367586639,0.015063731170336037,0.033399421720139905,1.0,6/6,25.13%,Q9Y483;Q96JN0;Q92800;O75530;Q15022;Q16576
prerank,"SCF E3 ubiquitin ligase complex, FBXL15 variant",0.8286798590403904,1.4312633289576497,0.015306122448979591,0.03359329782297714,1.0,4/4,17.22%,Q9H469;Q13616;P63208;P62877
prerank,"Polycomb repressive complex 2.1, EZH1-RBBP4-PCL1-PALI1 variant",0.7423379441280173,1.430780315032478,0.0228310502283105,0.03374403009374929,1.0,6/6,25.89%,O43189;Q96JN0;Q92800;O75530;Q15022;Q09028
prerank,"SCF E3 ubiquitin ligase complex, FBXO21 variant",0.8286798590403903,1.4305515028735327,0.013819095477386936,0.03377676213026059,1.0,4/4,17.22%,O94952;Q13616;P63208;P62877
prerank,"PtdIns(3,5)P2 regulatory complex",-0.7384823848238482,-1.430343051421233,0.07380073800738007,0.2500072415601522,1.0,3/3,26.24%,Q08AM6;Q92562;Q9Y2I7
prerank,"Muscle cell-specific SWI/SNF ATP-dependent chromatin remodeling complex, ACTL6A-ARID1A-SMARCA2 variant",0.6587883727248031,1.4299254838773319,0.016580310880829015,0.03397327925615365,1.0,12/12,34.34%,Q92784;Q6STE5;Q92925;Q8TAQ2;O14497;P51531;Q12824;Q969G3;Q92922;Q96GM5;P60709;O96019
prerank,"GBAF (SWI/SNF) ATP-dependent chromatin remodeling complex, ACTL6A-BICRAL-SMARCA4 variant",0.6586094513851171,1.4290701486485906,0.02830188679245283,0.03433921536468338,1.0,11/11,34.34%,Q6AI39;Q9H8M2;Q15532;Q8WUZ0;Q9BQE9;Q4VC05;P51532;Q92922;Q96GM5;P60709;O96019
prerank,"Polycomb repressive complex 2.1,EZH2-RBBP7-PCL2-PALI1 variant",0.749932194195823,1.427947580524031,0.020642201834862386,0.03475523104384695,1.0,6/6,25.13%,Q9Y483;Q96JN0;Q15910;O75530;Q15022;Q16576
prerank,"GBAF (SWI/SNF) ATP-dependent chromatin remodeling complex, ACTL6A-BICRAL-SMARCA2 variant",0.658609451385117,1.425772304687319,0.02410901467505241,0.03564310396360856,1.0,11/11,34.34%,Q6AI39;Q9H8M2;Q15532;Q8WUZ0;Q9BQE9;Q4VC05;P51531;Q92922;Q96GM5;P60709;O96019
prerank,U6 small nuclear ribonucleoprotein complex,0.6767100977198699,1.4253509143890195,0.028692879914984058,0.03576868109018406,1.0,9/9,32.49%,Q15020;Q9UK45;O95777;Q9Y4Y9;P62310;Q9Y4Z0;Q9Y333;P62312;URS00006767A8_9606
prerank,"Polycomb repressive complex 2.1, EZH2-RBBP4-PCL2-EPOP variant",0.7423379441280173,1.4252215967845754,0.026905829596412557,0.035730091593255936,1.0,6/6,25.89%,Q9Y483;A6NHQ4;Q15910;O75530;Q15022;Q09028
prerank,"Polycomb repressive complex 2.1, EZH1-RBBP4-PCL3-PALI1 variant",0.7423379441280173,1.4251853225236037,0.0220162224797219,0.035650512737284125,1.0,6/6,25.89%,Q5T6S3;Q96JN0;Q92800;O75530;Q15022;Q09028
prerank,"Polycomb repressive complex 2.1, EZH1-RBBP4-PCL2-PALI1 variant",0.7423379441280173,1.42321866513421,0.02280501710376283,0.03649920026703159,1.0,6/6,25.89%,Q9Y483;Q96JN0;Q92800;O75530;Q15022;Q09028
prerank,"SWI/SNF ATP-dependent chromatin remodeling complex, ACTL6A-ARID1A-SMARCA4 variant",0.658609451385117,1.423142798144337,0.02171664943123061,0.03643508139307684,1.0,11/11,34.34%,Q6STE5;Q92925;Q8TAQ2;O14497;Q12824;Q969G3;P51532;Q92922;Q96GM5;P60709;O96019
prerank,Mitochondrial isocitrate dehydrogenase complex (NAD+),0.8029276226619682,1.4229827797645027,0.020858895705521473,0.03643430654855683,1.0,4/4,19.79%,O43837;P50213;P51553;CHEBI:60240
prerank,"Polycomb repressive complex 2.1,EZH2-RBBP4-PCL3-PALI1 variant",0.7423379441280173,1.4227005018470416,0.02733485193621868,0.036499772398588794,1.0,6/6,25.89%,Q5T6S3;Q96JN0;Q15910;O75530;Q15022;Q09028
prerank,Translocon-associated protein complex,-0.6448902141501761,-1.4214601943750411,0.08426966292134831,0.2620035444552789,1.0,4/4,35.61%,P43307;P51571;Q9UNL2;P43308
prerank,Myb-MuvB transcriptional activation complex,0.7423379441280171,1.4210936740385567,0.031638418079096044,0.03712388724001531,1.0,6/6,25.89%,P10244;Q6MZP7;Q5TKA1;Q96GY3;Q52LA3;Q09028
prerank,Mitochondrial respiratory chain complex II,0.6813246471226928,1.4207166404343263,0.02127659574468085,0.03722268428992548,1.0,9/9,32.03%,P31040;CHEBI:21137;O14521;P21912;CHEBI:26355;Q99643;CHEBI:190135;CHEBI:57692;CHEBI:49883
prerank,"Polycomb repressive complex 2.1, EZH2-RBBP4-PCL1-PALI1 variant",0.7423379441280173,1.419782602809175,0.02144469525959368,0.03755350530685211,1.0,6/6,25.89%,O43189;Q96JN0;Q15910;O75530;Q15022;Q09028
prerank,"SWI/SNF ATP-dependent chromatin remodeling complex, ACTL6A-ARID1B-SMARCA4 variant",0.6586094513851171,1.4177620034802076,0.025,0.03849773341330728,1.0,11/11,34.34%,Q8NFD5;Q6STE5;Q92925;Q8TAQ2;Q12824;Q969G3;P51532;Q92922;Q96GM5;P60709;O96019
prerank,Mitochondrial glutamyl-tRNA(Gln) amidotransferase complex,-0.7265582655826558,-1.4166643173677487,0.07142857142857142,0.268290251743922,1.0,3/3,27.43%,Q9H0R6;O75879;O43716
prerank,"Neural progenitor-specific SWI/SNF ATP-dependent chromatin remodeling complex, ARID1A-SMARCA4 variant",0.658609451385117,1.4164721025294345,0.026068821689259645,0.03907832439423362,1.0,11/11,34.34%,Q6STE5;Q8TAQ2;O14497;Q8WUB8;Q12824;Q969G3;P51532;Q92922;Q96GM5;P60709;O96019
prerank,"Polycomb repressive complex 2.1, EZH2-RBBP4-PCL2-PALI1 variant",0.7423379441280173,1.4157051139761954,0.02619589977220957,0.039393407029716644,1.0,6/6,25.89%,Q9Y483;Q96JN0;Q15910;O75530;Q15022;Q09028
prerank,U4 small nuclear ribonucleoprotein complex,0.6607821835958716,1.4147052446021757,0.02545068928950159,0.03981859420429461,1.0,11/11,34.12%,O43395;URS0000715A86_9606;O43172;P62314;P62316;P14678;P62318;P62306;P62304;P62308;P55769
prerank,"Phagocyte NADPH oxidase complex, RAC1 variant",0.6941655359565809,1.414377102314129,0.03384279475982533,0.03988729470606739,1.0,8/8,30.73%,P63000;P14598;P19878;Q15080;P13498;P04839;CHEBI:37565;CHEBI:57692
prerank,"Phagocyte NADPH oxidase complex, RAC3 variant",0.6941655359565808,1.4132536446883894,0.037444933920704845,0.04033888964792094,1.0,8/8,30.73%,P60763;P14598;P19878;Q15080;P13498;P04839;CHEBI:37565;CHEBI:57692
prerank,"Neural progenitor-specific SWI/SNF ATP-dependent chromatin remodeling complex, ARID1B-SMARCA4 variant",0.658609451385117,1.410370877466019,0.02103049421661409,0.04177610026342597,1.0,11/11,34.34%,Q8NFD5;Q6STE5;Q8TAQ2;Q8WUB8;Q12824;Q969G3;P51532;Q92922;Q96GM5;P60709;O96019
prerank,"SWI/SNF ATP-dependent chromatin remodeling complex, ACTL6A-ARID1B-SMARCA2 variant",0.6586094513851168,1.4083303641038547,0.02612330198537095,0.042773503681142605,1.0,11/11,34.34%,Q8NFD5;Q6STE5;Q92925;Q8TAQ2;P51531;Q12824;Q969G3;Q92922;Q96GM5;P60709;O96019
prerank,"SWI/SNF ATP-dependent chromatin remodeling complex, ACTL6A-ARID1A-SMARCA2 variant",0.6586094513851168,1.4067853252062392,0.02510460251046025,0.04355672757405862,1.0,11/11,34.34%,Q6STE5;Q92925;Q8TAQ2;O14497;P51531;Q12824;Q969G3;Q92922;Q96GM5;P60709;O96019
prerank,"Neural progenitor-specific SWI/SNF ATP-dependent chromatin remodeling complex, ARID1A-SMARCA2 variant",0.658609451385117,1.4049300080679503,0.020964360587002098,0.04446077237247776,1.0,11/11,34.34%,Q6STE5;Q8TAQ2;O14497;Q8WUB8;P51531;Q12824;Q969G3;Q92922;Q96GM5;P60709;O96019
prerank,"Neural progenitor-specific SWI/SNF ATP-dependent chromatin remodeling complex, ARID1B-SMARCA2 variant",0.658609451385117,1.404595812914064,0.017838405036726127,0.04455923318300261,1.0,11/11,34.34%,Q8NFD5;Q6STE5;Q8TAQ2;Q8WUB8;P51531;Q12824;Q969G3;Q92922;Q96GM5;P60709;O96019
prerank,"STRIPAK complex, STRIP2-STRN variant",0.6989532324631055,1.4039883796966959,0.042269187986651836,0.04478300418199314,1.0,6/7,18.01%,O43815;Q9ULQ0;Q9Y3A3;CHEBI:17401;P67775;P30153
prerank,"Phagocyte NADPH oxidase complex, RAC2 variant",0.6941655359565809,1.398536320295056,0.033003300330033,0.04787075181250697,1.0,8/8,30.73%,P15153;P14598;P19878;Q15080;P13498;P04839;CHEBI:37565;CHEBI:57692
prerank,"STRIPAK complex, STRIP2-STRN4 variant",0.6989532324631055,1.3951580307222216,0.04560622914349277,0.04968306652616166,1.0,6/7,18.01%,Q9NRL3;Q9ULQ0;Q9Y3A3;CHEBI:17401;P67775;P30153
prerank,"Histone-lysine N-methyltransferase complex, SET1B variant",0.6545355784899511,1.3945385422528092,0.038461538461538464,0.04994254533562744,1.0,11/11,34.74%,Q9UPS6;Q96IK1;Q8NFC6;Q9P0U4;Q6UXN9;Q9Y5Z7;Q9UBL3;Q9C005;Q15291;P51610;P61964
prerank,"STRIPAK complex, STRIP2-STRN3 variant",0.6989532324631055,1.3889609331684205,0.04504504504504504,0.05336455308974261,1.0,6/7,18.01%,Q13033;Q9ULQ0;Q9Y3A3;CHEBI:17401;P67775;P30153
prerank,"STRIPAK complex, STRIP1-STRN variant",0.6989532324631055,1.3877052164361314,0.04550499445061043,0.05403948318359489,1.0,6/7,18.01%,O43815;Q5VSL9;Q9Y3A3;CHEBI:17401;P67775;P30153
prerank,"Little elongation complex, ELL variant",-0.6303137090613371,-1.3866753193851953,0.08866995073891626,0.31531369412867055,1.0,3/4,5.25%,Q659A1;Q8N5P1;Q9Y2F5
prerank,ALYREF-binding exon junction complex,0.7508134490238612,1.3864138478173118,0.03356481481481482,0.0547705960435822,1.0,5/5,25.02%,Q86V81;CHEBI:33699;P61326;P38919;Q9Y5S9
prerank,"STRIPAK complex, STRIP1-STRN4 variant",0.6989532324631055,1.3862547210965848,0.04415011037527594,0.05473388737138066,1.0,6/7,18.01%,Q9NRL3;Q5VSL9;Q9Y3A3;CHEBI:17401;P67775;P30153
prerank,RB1-E2F1-DP1 transcriptional repressor complex,0.8436314363143631,1.3861069463774458,0.03136762860727729,0.05469736087621238,1.0,3/3,15.71%,Q01094;P06400;Q14186
prerank,"Histone-lysine N-methyltransferase complex, KMT2D variant",0.6543578604398592,1.3826086969652662,0.040169133192389,0.056764897983585194,1.0,10/10,34.74%,O14686;O15550;Q9BTK6;Q6ZW49;Q14686;Q9UBL3;Q9C005;Q15291;CHEBI:29105;P61964
prerank,"Histone-lysine N-methyltransferase complex, KMT2C variant",0.654357860439859,1.3817528844175038,0.04334038054968287,0.0572127528321741,1.0,10/10,34.74%,Q8NEZ4;O15550;Q9BTK6;Q6ZW49;Q14686;Q9UBL3;Q9C005;Q15291;CHEBI:29105;P61964
prerank,"STRIPAK complex, STRIP1-STRN3 variant",0.6989532324631055,1.381270938123688,0.044593088071348944,0.05740883243673237,1.0,6/7,18.01%,Q13033;Q5VSL9;Q9Y3A3;CHEBI:17401;P67775;P30153
prerank,"Dynein-2 complex, light-chain variant 2",-0.4664857530529173,-1.3809577816212535,0.09411764705882353,0.32381170738846626,1.0,8/8,53.48%,Q96FJ2;Q9NP97;P63172;Q8NCM8;Q8WVS4;Q8TCX1;Q96EX3;Q8WW35
prerank,RB1-E2F3-DP1 transcriptional repressor complex,0.8436314363143631,1.3802160624712125,0.026143790849673203,0.05793853250973605,1.0,3/3,15.71%,O00716;P06400;Q14186
prerank,Shieldin complex,0.7858498238004878,1.3799998762310945,0.03931203931203931,0.057953126447767137,1.0,4/4,21.50%,Q86V20;Q6ZNX1;Q8IYI0;Q9UI95
prerank,RB1-E2F2-DP1 transcriptional repressor complex,0.8436314363143631,1.3789111507823364,0.03293807641633729,0.05855780311408227,1.0,3/3,15.71%,Q14209;P06400;Q14186
prerank,PCAF histone acetylase complex,0.6546293782242737,1.376094862142556,0.03263157894736842,0.06038103441897262,1.0,10/10,34.71%,Q9Y6J9;O75486;O75529;O75478;Q16594;Q16514;Q12962;Q9Y4A5;Q92831;O75528
prerank,B-WICH chromatin remodelling complex,0.6585233441910965,1.3749529607127018,0.04422869471413161,0.061047523609461585,1.0,9/9,34.31%,P35659;Q03468;Q9BQG0;O00159-3;Q9NR30;CHEBI:18111;Q9UIG0;O60264;O75533
prerank,Checkpoint clamp complex,-0.7268292682926829,-1.3748524617869142,0.06477732793522267,0.3325822129973755,1.0,3/3,27.40%,O60921;O60671;Q99638
prerank,"DNA replication factor C complex, ATAD5 variant",-0.5800867678382786,-1.3744005166567639,0.07272727272727272,0.33124742114129263,1.0,4/5,14.11%,P35250;P40937;P40938;P35249
prerank,"Dynein-2 complex, light-chain variant 3",-0.4664857530529173,-1.374202903939467,0.10465116279069768,0.32982040602179385,1.0,8/8,53.48%,Q96FJ2;P51808;Q9NP97;Q8NCM8;Q8WVS4;Q8TCX1;Q96EX3;Q8WW35
prerank,"CRL3 E3 ubiquitin ligase complex, KBTBD4 variant",0.8284552845528455,1.3732018983908196,0.041891891891891894,0.06204286739679971,1.0,3/3,17.22%,Q9NVX7;Q13618;P62877
prerank,Mitochondrial 2-oxoisovalerate dehydrogenase complex,0.6939772110689093,1.3728747124975207,0.05027932960893855,0.062152045638277476,1.0,7/7,30.73%,P21953;P11182;P12694;CHEBI:83088;P09622;CHEBI:58937;CHEBI:57692
prerank,PCAF-containing ATAC complex,0.6543578604398587,1.3722466023771283,0.035864978902953586,0.062430615973735316,1.0,10/10,34.74%,Q9ULM3;Q9NS73;Q8IYH5;Q9H8E8;Q01658;O75478;Q92831;Q96ES7;O75528;P61964
prerank,NineTeen Core complex,0.6896364622897451,1.3709033160280852,0.0416210295728368,0.06329568609892579,1.0,7/7,31.17%,P11142;Q8WYA6;O75934;Q9UMS4;O43660;Q9P013;Q99459
prerank,"CRL3 E3 ubiquitin ligase complex, KLHL25 variant ",0.8284552845528457,1.3707095489557253,0.03382949932341001,0.06326919641054063,1.0,3/3,17.22%,Q9H0H3;Q13618;P62877
prerank,"CRL3 E3 ubiquitin ligase complex, KLHL9 variant ",0.8284552845528457,1.3696432002121433,0.029649595687331536,0.06388666850779338,1.0,3/3,17.22%,Q9P2J3;Q13618;P62877
prerank,"DNA replication factor C complex, RFC1 variant",-0.5800867678382785,-1.3693014220260156,0.08433734939759036,0.3372306841395289,1.0,4/5,14.11%,P35250;P40937;P40938;P35249
prerank,"CRL3 E3 ubiquitin ligase complex, ENC1 variant ",0.8284552845528457,1.3689027695965257,0.028965517241379312,0.06430818905899813,1.0,3/3,17.22%,O14682;Q13618;P62877
prerank,CENP-A recruiting complex,-0.705420054200542,-1.3687134209539968,0.08949416342412451,0.33677805772362845,1.0,3/3,29.54%,O43482;Q6P0N0;Q9NYP9
prerank,"CRL3 E3 ubiquitin ligase complex, KLHL29 variant ",0.8284552845528457,1.3684491322105168,0.03783783783783784,0.06445352557386239,1.0,3/3,17.22%,Q96CT2;Q13618;P62877
prerank,"CRL3 E3 ubiquitin ligase complex, KLHL1 variant ",0.8284552845528455,1.367723896871905,0.04594594594594595,0.06486861597506398,1.0,3/3,17.22%,Q9NR64;Q13618;P62877
prerank,GCN5-containing ATAC complex,0.6543578604398587,1.3673347698719809,0.03415154749199573,0.06500120005082895,1.0,10/10,34.74%,Q9ULM3;Q9NS73;Q8IYH5;Q9H8E8;Q01658;O75478;Q96ES7;Q92830;O75528;P61964
prerank,"CRL3 E3 ubiquitin ligase complex, KLHL30 variant ",0.8284552845528457,1.3671824137363222,0.040106951871657755,0.06496951614860963,1.0,3/3,17.22%,Q0D2K2;Q13618;P62877
prerank,"CRL3 E3 ubiquitin ligase complex, KLHL17 variant ",0.8284552845528457,1.3664589553736763,0.03763440860215054,0.06534229964156284,1.0,3/3,17.22%,Q6TDP4;Q13618;P62877
prerank,"CRL3 E3 ubiquitin ligase complex, KLHL42 variant ",0.8284552845528457,1.3660043075166928,0.036734693877551024,0.06552762506425618,1.0,3/3,17.22%,Q9P2K6;Q13618;P62877
prerank,"CRL3 E3 ubiquitin ligase complex, KLHL24 variant ",0.8284552845528457,1.365730202158124,0.03292181069958848,0.06557692769657888,1.0,3/3,17.22%,Q6TFL4;Q13618;P62877
prerank,SRCAP chromatin remodeling complex,0.6582519001085776,1.364649009748131,0.05353319057815846,0.06625774643778898,1.0,9/9,34.34%,Q6ZRS2;Q9GZN1;O43257;Q9NPF5;O95619;Q15906;Q9Y265;Q9Y230;O96019
prerank,"Cleavage stimulation factor complex, CSTF2T variant",0.8395663956639566,1.3644769484582946,0.030585106382978722,0.06624767375755324,1.0,3/3,16.11%,Q9H0L4;Q12996;Q05048
prerank,"CRL3 E3 ubiquitin ligase complex, KLHL6 variant ",0.8284552845528457,1.3641180814775982,0.033967391304347824,0.06636732779033928,1.0,3/3,17.22%,Q8WZ60;Q13618;P62877
prerank,"CRL3 E3 ubiquitin ligase complex, KLHL7 variant ",0.8284552845528457,1.363868863548992,0.030261348005502064,0.06640067388419293,1.0,3/3,17.22%,Q8IXQ5;Q13618;P62877
prerank,"CRL3 E3 ubiquitin ligase complex, KBTBD2 variant",0.8284552845528457,1.363510871351735,0.037921348314606744,0.06647138711344892,1.0,3/3,17.22%,Q8IY47;Q13618;P62877
prerank,"CRL3 E3 ubiquitin ligase complex, KLHL23 variant ",0.8284552845528457,1.363027157962362,0.03763440860215054,0.06666755439495892,1.0,3/3,17.22%,Q8NBE8;Q13618;P62877
prerank,"Dynein-2 complex, light-chain variant 6",-0.4664857530529173,-1.362532970674035,0.06593406593406594,0.34670252382346245,1.0,8/8,53.48%,Q96FJ2;Q8TF09;P63172;Q8NCM8;Q8WVS4;Q8TCX1;Q96EX3;Q8WW35
prerank,"CRL3 E3 ubiquitin ligase complex, KLHL26 variant ",0.8284552845528457,1.3623798957257147,0.031420765027322405,0.06700623180937193,1.0,3/3,17.22%,Q53HC5;Q13618;P62877
prerank,"CRL3 E3 ubiquitin ligase complex, KLHL35 variant ",0.8284552845528455,1.3615063076796685,0.036935704514363885,0.06751326081880579,1.0,3/3,17.22%,Q6PF15;Q13618;P62877
prerank,"CRL3 E3 ubiquitin ligase complex, KLHL34 variant ",0.8284552845528457,1.3613867907827857,0.04033379694019471,0.06744692368554982,1.0,3/3,17.22%,Q8N239;Q13618;P62877
prerank,"miRNA RISC complex, TNRC6B variant",-0.5707700650759219,-1.361317885556178,0.0948905109489051,0.3471810923596977,1.0,5/5,43.03%,Q9HCK5;Q9H9G7;Q9UKV8;Q9UL18;Q9UPQ9
prerank,"CRL3 E3 ubiquitin ligase complex, KLHL11 variant ",0.8284552845528455,1.3612302227516953,0.03967168262653899,0.06743726978468643,1.0,3/3,17.22%,Q9NVR0;Q13618;P62877
prerank,C9orf72-SMCR8 complex,-0.7119241192411924,-1.3610062536929166,0.11742424242424243,0.3457779677503042,1.0,3/3,28.89%,Q8TEV9;Q96LT7-1;Q9HAD4
prerank,"CRL3 E3 ubiquitin ligase complex, KLHL8 variant ",0.8284552845528457,1.3605035316920924,0.03961748633879782,0.06777847583908747,1.0,3/3,17.22%,Q9P2G9;Q13618;P62877
prerank,"CRL3 E3 ubiquitin ligase complex, KLHL12 variant ",0.8284552845528457,1.3601097331544758,0.029931972789115645,0.06792169957428074,1.0,3/3,17.22%,Q53G59;Q13618;P62877
prerank,"CRL3 E3 ubiquitin ligase complex, KBTBD3 variant",0.8284552845528457,1.3600499856482748,0.04845222072678331,0.0678108314759213,1.0,3/3,17.22%,Q8NAB2;Q13618;P62877
prerank,"DNA replication factor C complex, RAD17 variant",-0.5800867678382786,-1.359481182337139,0.08433734939759036,0.3466592492411027,1.0,4/5,14.11%,P35250;P40937;P40938;P35249
prerank,"CRL3 E3 ubiquitin ligase complex, KLHL36 variant ",0.8284552845528457,1.359424763833593,0.05100671140939597,0.06808122939590286,1.0,3/3,17.22%,Q8N4N3;Q13618;P62877
prerank,"CRL3 E3 ubiquitin ligase complex, KLHL41 variant ",0.8284552845528457,1.359371784511548,0.0343878954607978,0.06796756911923034,1.0,3/3,17.22%,O60662;Q13618;P62877
prerank,"Histone-lysine N-methyltransferase complex, KMT2B variant",0.6541802388707925,1.3593711180251071,0.061636556854410204,0.06781344764730465,1.0,9/9,34.74%,Q9UMN6;Q9Y5Z7;Q9UBL3;Q9C005;Q15291;O00255;P51610;CHEBI:29105;P61964
prerank,"CRL3 E3 ubiquitin ligase complex, KEAP1 variant ",0.8284552845528457,1.3582774562320976,0.040983606557377046,0.06844265924811539,1.0,3/3,17.22%,Q14145;Q13618;P62877
prerank,"CRL3 E3 ubiquitin ligase complex, IPP variant ",0.8284552845528457,1.3581928220653543,0.04054054054054054,0.06835371917924668,1.0,3/3,17.22%,Q9Y573;Q13618;P62877
prerank,"CRL3 E3 ubiquitin ligase complex, KLHL5 variant ",0.8284552845528457,1.3577207370515232,0.031207598371777476,0.06850647136547901,1.0,3/3,17.22%,Q96PQ7;Q13618;P62877
prerank,"CRL3 E3 ubiquitin ligase complex, KLHL18 variant ",0.8284552845528457,1.357497185728764,0.04371584699453552,0.06852946054174595,1.0,3/3,17.22%,O94889;Q13618;P62877
prerank,"CRL3 E3 ubiquitin ligase complex, KLHL14 variant ",0.8284552845528457,1.3574195481009264,0.038978494623655914,0.06841921841607579,1.0,3/3,17.22%,Q9P2G3;Q13618;P62877
prerank,"CRL3 E3 ubiquitin ligase complex, SPOP variant",0.8284552845528455,1.3569386265825105,0.033921302578018994,0.06862855123063388,1.0,3/3,17.22%,O43791;Q13618;P62877
prerank,"CRL3 E3 ubiquitin ligase complex, KLHL10 variant ",0.8284552845528457,1.3561911171785117,0.04722222222222222,0.06906024031509662,1.0,3/3,17.22%,Q6JEL2;Q13618;P62877
prerank,"CRL3 E3 ubiquitin ligase complex, KLHL40 variant ",0.8284552845528457,1.3556320110347475,0.0411522633744856,0.06931464647534291,1.0,3/3,17.22%,Q2TBA0;Q13618;P62877
prerank,"RAG guanosine triphosphatase complex, RAGB-RAGD variant",0.7638926538357279,1.3547693640158247,0.06064356435643564,0.06980456216090077,1.0,4/4,23.69%,Q9NQL2;Q5VZM2;CHEBI:58189;CHEBI:37565
prerank,"CRL3 E3 ubiquitin ligase complex, KLHL21 variant ",0.8284552845528457,1.3545035281928999,0.0453920220082531,0.06986157332602384,1.0,3/3,17.22%,Q9UJP4;Q13618;P62877
prerank,"CRL3 E3 ubiquitin ligase complex, KBTBD8 variant",0.8284552845528457,1.3541008371756846,0.042119565217391304,0.07003113136850887,1.0,3/3,17.22%,Q8NFY9;Q13618;P62877
prerank,"CRL3 E3 ubiquitin ligase complex, KLHL32 variant ",0.8284552845528457,1.3540064492845452,0.034818941504178275,0.0699249765578909,1.0,3/3,17.22%,Q96NJ5;Q13618;P62877
prerank,"CRL3 E3 ubiquitin ligase complex, KLHL22 variant ",0.8284552845528457,1.353958697483365,0.049586776859504134,0.06980791701222845,1.0,3/3,17.22%,Q53GT1;Q13618;P62877
prerank,U7 small nuclear ribonucleoprotein complex,0.6729986431478968,1.3535545438991954,0.05021834061135371,0.06994668813480434,1.0,8/8,32.85%,Q969L4;P83369;M17910;P14678;P62318;P62306;P62304;P62308
prerank,"CRL3 E3 ubiquitin ligase complex, KBTBD13 variant",0.8284552845528455,1.3533433075528896,0.038821954484605084,0.06993624281884923,1.0,3/3,17.22%,C9JR72;Q13618;P62877
prerank,"Phosphorylase kinase, muscle variant",0.8300813008130081,1.3529646800261859,0.041891891891891894,0.07006424032005364,1.0,3/3,17.06%,P46020;Q16816;Q93100
prerank,"CRL3 E3 ubiquitin ligase complex, KLHL38 variant ",0.8284552845528457,1.3523145751086556,0.04234972677595628,0.07041713998638062,1.0,3/3,17.22%,Q2WGJ6;Q13618;P62877
prerank,"Phosphorylase kinase, liver variant",0.8300813008130081,1.3522850565680637,0.04120879120879121,0.07028903485241401,1.0,3/3,17.06%,P46019;P15735;Q93100
prerank,"Gamma-secretase complex, APH1B-PSEN1 variant",-0.5797180043383948,-1.3521445442517182,0.1095890410958904,0.35876163883290735,1.0,5/5,42.13%,Q92542;Q9NZ42;Q8WW43;P49768-PRO_0000025591;P49768-PRO_0000236055
prerank,COP9 signalosome variant 2,0.6549945711183496,1.3521281320031038,0.06209850107066381,0.07023023395469292,1.0,9/9,34.66%,Q9H9Q2;Q13098;Q7L5N1;Q99627;Q92905;Q9BT78;Q9UNS2;P61201;CHEBI:29105
prerank,"CRL3 E3 ubiquitin ligase complex, KLHL2 variant ",0.8284552845528457,1.3521260176236702,0.048582995951417005,0.07007929067586806,1.0,3/3,17.22%,O95198;Q13618;P62877
prerank,"CRL3 E3 ubiquitin ligase complex, KLHL31 variant ",0.8284552845528457,1.3514639077152149,0.0411522633744856,0.07044167474203644,1.0,3/3,17.22%,Q9H511;Q13618;P62877
prerank,"CRL3 E3 ubiquitin ligase complex, KLHL16 variant ",0.8284552845528457,1.3514072870859892,0.05093833780160858,0.07033831990366271,1.0,3/3,17.22%,Q9H2C0;Q13618;P62877
prerank,"CRL3 E3 ubiquitin ligase complex, KLHL20 variant ",0.8284552845528457,1.3512171219706488,0.03494623655913978,0.07034807430108089,1.0,3/3,17.22%,Q9Y2M5;Q13618;P62877
prerank,"CRL3 E3 ubiquitin ligase complex, SPOPL variant",0.8284552845528455,1.3511710036486237,0.040983606557377046,0.07021760690741496,1.0,3/3,17.22%,Q6IQ16;Q13618;P62877
prerank,COP9 signalosome variant 1,0.6549945711183496,1.3511133070367265,0.06109324758842444,0.07011539827580034,1.0,9/9,34.66%,Q9UBW8;Q13098;Q7L5N1;Q99627;Q92905;Q9BT78;Q9UNS2;P61201;CHEBI:29105
prerank,"CRL3 E3 ubiquitin ligase complex, KLHL3 variant ",0.8284552845528457,1.3505543752190479,0.04558011049723757,0.07038399672098668,1.0,3/3,17.22%,Q9UH77;Q13618;P62877
prerank,"CRL3 E3 ubiquitin ligase complex, KLHL28 variant ",0.8284552845528457,1.3497059662690103,0.036635006784260515,0.07089553424911631,1.0,3/3,17.22%,Q9NXS3;Q13618;P62877
prerank,"CRL3 E3 ubiquitin ligase complex, KLHL15 variant ",0.8284552845528457,1.3493763935446172,0.0450070323488045,0.07099757013477456,1.0,3/3,17.22%,Q96M94;Q13618;P62877
prerank,"Nucleosome, variant H3.1-H2A.2-H2B.1",-0.5588394793926248,-1.3493536468108185,0.06432748538011696,0.3615943948073912,1.0,5/5,44.22%,P62805;P06899;CHEBI:4705;P68431;P04908
prerank,BRCA1-PALB2-BRCA2 homologous recombination DNA repair complex,0.8333333333333333,1.3490200853076622,0.02807486631016043,0.07113212752303485,1.0,3/3,16.73%,Q86YC2;P51587;P38398
prerank,Interleukin-5 receptor-ligand complex,-0.5337672904800651,-1.3477508339132138,0.08771929824561403,0.3624587958692201,1.0,6/6,46.74%,P32927;O60674;P05113;P23458;P29597;Q01344
prerank,"CRL3 E3 ubiquitin ligase complex, KLHL4 variant ",0.8284552845528457,1.3475886605896723,0.046218487394957986,0.07221568894485862,1.0,3/3,17.22%,Q9C0H6;Q13618;P62877
prerank,"Little elongation complex, ELL3 variant",-0.6303137090613371,-1.3474189250450874,0.09004739336492891,0.3610527479691648,1.0,3/4,5.25%,Q659A1;Q8N5P1;Q9Y2F5
prerank,"RAG guanosine triphosphatase complex, RAGA-RAGD variant",0.7638926538357279,1.3468496756915527,0.05204460966542751,0.0726301338895047,1.0,4/4,23.69%,Q9NQL2;Q7L523;CHEBI:58189;CHEBI:37565
prerank,BRCC E3 ubiquitin ligase complex,0.7122321670735015,1.3463766946076408,0.061936936936936936,0.07285726192395296,1.0,6/6,28.89%,Q06609;Q99728;P51587;P38398;Q9NXR7;P46736
prerank,NSL histone acetyltransferase complex,0.6541802388707928,1.3458129256788096,0.04477611940298507,0.07312972486576341,1.0,9/9,34.74%,Q7Z3B3;Q9H9L4;Q9BVI0;Q9P2N6;Q9H7Z6;Q96EZ8;O15294;P51610;P61964
prerank,Methylcrotonyl-CoA carboxylase complex,0.8105691056910569,1.3455564565231226,0.04723346828609987,0.07319044212245801,1.0,3/3,19.01%,Q96RQ3;Q9HCC0;CHEBI:57586
prerank,"Histone-lysine N-methyltransferase complex, KMT2A variant",0.6541802388707925,1.3447859947641438,0.05597416576964478,0.07369019817833206,1.0,9/9,34.74%,Q03164;Q9Y5Z7;Q9UBL3;Q9C005;Q15291;O00255;P51610;CHEBI:29105;P61964
prerank,"RAG guanosine triphosphatase complex, RAGA-RAGC variant",0.7638926538357279,1.3447596163065054,0.054678007290400975,0.07354382940751496,1.0,4/4,23.69%,Q9HB90;Q7L523;CHEBI:58189;CHEBI:37565
prerank,Caspase-2 PIDDosome,-0.7127371273712737,-1.3447350094460797,0.10948905109489052,0.3636363491021139,1.0,3/3,28.81%,P78560;P42575;Q9HB75
prerank,"Gamma-secretase complex, APH1B-PSEN2 variant",-0.5821583514099783,-1.3447289973956125,0.10077519379844961,0.3616192832002686,1.0,5/5,41.89%,Q92542;Q9NZ42;Q8WW43;P49810-PRO_0000025603;P49810-PRO_0000025604
prerank,"miRNA RISC complex, TNRC6A variant",-0.5704989154013015,-1.3441110335485253,0.10869565217391304,0.36058554041406027,1.0,5/5,43.05%,Q9HCK5;Q9H9G7;Q9UKV8;Q9UL18;Q8NDV7
prerank,"CRL3 E3 ubiquitin ligase complex, KLHL13 variant ",0.8284552845528457,1.3440107576598022,0.04234972677595628,0.0740232028884719,1.0,3/3,17.22%,Q9P2N7;Q13618;P62877
prerank,"FTS-Hook-FHIP cargo adaptor complex, FHIP2B-HOOK1/2/3 variant",-0.5650759219088938,-1.3430201609470163,0.11612903225806452,0.36053308529224526,1.0,5/5,43.60%,Q9H8T0;Q9UJC3;Q96ED9;Q86VS8;Q8N612
prerank,"Mitochondrial calcium uniporter complex, MICU1-MICU2 variant",-0.6172404445649227,-1.3396564170068723,0.09359605911330049,0.3641975076993127,1.0,4/4,38.37%,Q9BPX6;Q9H4I9;Q8NE86;Q8IYU8
prerank,"Gamma-secretase complex, APH1A-PSEN1 variant",-0.5797180043383948,-1.339488144847363,0.07692307692307693,0.36254592166884286,1.0,5/5,42.13%,Q92542;Q9NZ42;Q96BI3;P49768-PRO_0000025591;P49768-PRO_0000236055
prerank,"Muscle-type nicotinic acetylcholine receptor complex, alpha1-beta1-delta-epsilon",-0.6001626457034426,-1.3388302822867146,0.09134615384615384,0.36178215866942126,1.0,4/4,40.08%,Q07001;P02708-PRO_0000000305;P11230-PRO_0000000315;Q04844-PRO_0000000329
prerank,Peroxisomal receptor export module complex,-0.7111111111111111,-1.3377382800294861,0.09606986899563319,0.36176623252191603,1.0,3/3,28.97%,Q7Z412;Q13608;O43933
prerank,"RAG guanosine triphosphatase complex, RAGB-RAGC variant",0.7638926538357279,1.3371519901325788,0.05970149253731343,0.07954102495585247,1.0,4/4,23.69%,Q9HB90;Q5VZM2;CHEBI:58189;CHEBI:37565
prerank,"WASH complex, variant WASH3P/WASHC2A",-0.5357917570498916,-1.3359605621841382,0.10759493670886076,0.36304125395921133,1.0,5/5,46.52%,Q9Y3C0;Q12768;Q2M389;Q641Q2;C4AMC7
prerank,"Histone-lysine N-methyltransferase complex, SET1A variant",0.6541802388707928,1.3345890719806486,0.06545064377682404,0.08171079210664489,1.0,9/9,34.74%,O15047;Q9P0U4;Q6UXN9;Q9Y5Z7;Q9UBL3;Q9C005;Q15291;P51610;P61964
prerank,"miRNA RISC complex, TNRC6C variant",-0.5710412147505424,-1.333549223734258,0.1095890410958904,0.3658488093877773,1.0,5/5,43.00%,Q9HCK5;Q9H9G7;Q9UKV8;Q9UL18;Q9HCJ0-1
prerank,pre-mRNA cleavage and polyadenylation specificity factor complex,0.6548168249660786,1.3329468728626894,0.0633879781420765,0.08303696799481759,1.0,8/8,34.66%,Q6UN15;O95639;Q10570;Q9C0J8;Q9UKF6;Q9P2I0;Q92797;CHEBI:29105
prerank,"Brain-specific SWI/SNF ATP-dependent chromatin remodeling complex, ARID1A-SMARCA4 variant",0.6597014925373135,1.332937409347596,0.05825242718446602,0.08287674283662888,1.0,8/8,34.17%,O94805;Q92925;Q8TAQ2;O14497;Q12824;Q969G3;P51532;P60709
prerank,"Alpha-beta T cell receptor complex, TRBC1 variant",-0.5343097369134798,-1.33160808709517,0.09375,0.36756915914301275,1.0,6/6,46.68%,P07766;P09693;P20963;P01848;P04234;P01850
prerank,"Alpha-beta T cell receptor complex, TRBC2 variant",-0.5351234065636019,-1.3311497990675691,0.09523809523809523,0.3664985253432907,1.0,6/6,46.60%,P07766;P09693;P20963;P01848;P04234;A0A5B9
prerank,ABCB10-ABCB7-FECH ABC transporter ,0.7541339116291679,1.3310491768451285,0.057356608478802994,0.08448764014652312,1.0,4/4,24.67%,P22830;Q9NRK6;O75027;CHEBI:190135
prerank,Collagen type IX trimer,-0.6907859078590786,-1.3309726072313794,0.11618257261410789,0.364909263719353,1.0,3/3,31.00%,P20849;Q14050;Q14055
prerank,"Dynein-2 complex, light-chain variant 7",-0.4664857530529173,-1.3291407533276538,0.14634146341463414,0.36614796795396715,1.0,8/8,53.48%,Q96FJ2;P51808;Q8TF09;Q8NCM8;Q8WVS4;Q8TCX1;Q96EX3;Q8WW35
prerank,"Brain-specific SWI/SNF ATP-dependent chromatin remodeling complex, ARID1B-SMARCA4 variant",0.6597014925373132,1.3290303210531609,0.07235421166306695,0.08621989059145319,1.0,8/8,34.17%,O94805;Q8NFD5;Q92925;Q8TAQ2;Q12824;Q969G3;P51532;P60709
prerank,Retention and splicing complex,0.8102981029810299,1.328271436377187,0.057640750670241284,0.08677399458824535,1.0,3/3,19.04%,Q9Y388;Q9BRD0;Q8TAD8
prerank,Fukutin-FKRP-TMEM5 multienzyme complex,-0.6929539295392954,-1.3259069441100504,0.0963855421686747,0.3696595187809651,1.0,3/3,30.79%,O75072;Q9H9S5;Q9Y2B1
prerank,"Muscle-type nicotinic acetylcholine receptor complex, alpha1-beta1-delta-gamma",-0.5971808078069937,-1.3256861837061895,0.0891089108910891,0.3681588380247216,1.0,4/4,40.37%,Q07001;P02708-PRO_0000000305;P11230-PRO_0000000315;P07510-PRO_0000000334
prerank,"Dystrophin glycoprotein complex, CNS variant",-0.46892808683853465,-1.3237579831319366,0.1,0.369787459777318,1.0,8/8,53.24%,Q13424;Q14118-PRO_0000021065;Q14118-PRO_0000021066;O60941;O43556;Q9NSN8;P11532-4;Q96LD1
prerank,"Cav1.1 voltage-gated calcium channel complex, CACNA2D4-CACNB3-CACNG1 variant",-0.5401301518438179,-1.322617007023821,0.08387096774193549,0.37016817567359084,1.0,5/5,46.09%,Q13698;Q06432;P54284;Q7Z3S7-PRO_0000304656;Q7Z3S7-PRO_0000304657
prerank,GLUK1-GLUK2-GLUK3-GLUK4 glutamate ionotropic kainate-type receptor complex,-0.6039577121171048,-1.3221078178421724,0.10919540229885058,0.3692805727520787,1.0,4/4,39.70%,P39086;Q13003;Q13002;Q16099
prerank,BCDX2 complex,-0.5917592843589048,-1.322065131914461,0.07281553398058252,0.3674584693913434,1.0,4/4,40.92%,O43502;O15315;O43543;O75771
prerank,SF3B complex,0.6559956592512206,1.3215834587606579,0.06570155902004454,0.09292046054474833,1.0,7/7,34.52%,Q7RTV0;Q9Y3B4;Q13435;Q15427;O75533;Q9BWJ5;Q15393
prerank,"Brain-specific SWI/SNF ATP-dependent chromatin remodeling complex, ARID1B-SMARCA2 variant",0.6597014925373135,1.3209875166179037,0.07034632034632035,0.09337504119414441,1.0,8/8,34.17%,O94805;Q8NFD5;Q92925;Q8TAQ2;P51531;Q12824;Q969G3;P60709
prerank,"Cav1.1 voltage-gated calcium channel complex, CACNA2D2-CACNB3-CACNG1 variant",-0.5387744034707158,-1.3209052742659004,0.1232876712328767,0.36771479799458134,1.0,5/5,46.22%,Q13698;Q06432;P54284;Q9NY47-PRO_0000304639;Q9NY47-PRO_0000304637
prerank,Mitochondrial 2-oxoglutarate dehydrogenase complex,0.6937889883374018,1.3179038205173768,0.0888382687927107,0.09610775734481891,1.0,6/6,30.73%,P82909;P36957;Q02218;P09622;CHEBI:58937;CHEBI:57692
prerank,Sm complex,0.6728160607704828,1.3151101702169348,0.07865168539325842,0.0986788394918652,1.0,7/7,32.85%,P62314;P62316;P14678;P62318;P62306;P62304;P62308
prerank,PSAP splicing-associated complex,0.8100271002710027,1.3148441865146805,0.06481481481481481,0.09874219260658,1.0,3/3,19.06%,O00422;Q15287;Q9H307
prerank,"Cav1.1 voltage-gated calcium channel complex, CACNA2D3-CACNB3-CACNG1 variant",-0.5385032537960954,-1.3136920247776296,0.11805555555555555,0.37780180131149776,1.0,5/5,46.25%,Q13698;Q06432;P54284;Q8IZS8-PRO_0000304647;Q8IZS8-PRO_0000304648
prerank,"Brain-specific SWI/SNF ATP-dependent chromatin remodeling complex, ARID1A-SMARCA2 variant",0.6597014925373134,1.3100897654907737,0.06497797356828194,0.10351355612743994,1.0,8/8,34.17%,O94805;Q92925;Q8TAQ2;O14497;P51531;Q12824;Q969G3;P60709
prerank,"mTNF-TNR1A receptor-ligand core complex, BIRC2 variant",-0.4571351058057515,-1.3095053058456148,0.10909090909090909,0.3838768822974599,1.0,7/7,54.40%,Q12933;Q13546;CPX-8931;Q13490;O00463;Q15628;P19438-PRO_0000034543
prerank,"Exon junction core complex, MAGOHB variant",0.75060992138791,1.3085611541609312,0.07371007371007371,0.10485365462355982,1.0,4/4,25.02%,Q96A72;O15234;P38919;Q9Y5S9
prerank,UFM1 ribosome E3 ligase complex,-0.6777777777777778,-1.3082613178252667,0.12448132780082988,0.38399632727182703,1.0,3/3,32.30%,O94874;Q96HY6;Q96JB5
prerank,"Exon junction core complex, MAGOH variant",0.75060992138791,1.3075712082407247,0.05982905982905983,0.1057078798056402,1.0,4/4,25.02%,O15234;P61326;P38919;Q9Y5S9
prerank,GTPase HRAS - Son of sevenless homolog 1 complex,0.7845528455284554,1.3068188750732788,0.07490144546649145,0.10634569651759508,1.0,3/3,21.61%,Q07889;CHEBI:15996;P01112
prerank,"AP-2 Adaptor complex, alpha1 variant",-0.5993494171862292,-1.306701763461255,0.14432989690721648,0.38500918708321213,1.0,4/4,40.16%,P53680;P63010;Q96CW1;O95782
prerank,NuRF chromatin remodeling complex,0.7419354838709677,1.3059917079756074,0.06683168316831684,0.10704482253254204,1.0,4/4,25.89%,Q12830;P28370;Q16576;Q09028
prerank,"Cav1.1 voltage-gated calcium channel complex, CACNA2D1-CACNB3-CACNG1 variant",-0.5374186550976139,-1.3054394023851066,0.1095890410958904,0.3852363304778343,1.0,5/5,46.36%,Q13698;Q06432;P54284;P54289-PRO_0000005001;P54289-PRO_0000005002
prerank,Cyclin-dependent protein kinase-activating kinase complex,0.7853658536585366,1.3045420370279022,0.0868421052631579,0.10838911425585891,1.0,3/3,21.53%,P51948;P51946;P50613
prerank,Collagen type VI trimer,-0.6848238482384824,-1.304428162067411,0.12367491166077739,0.3852714269270332,1.0,3/3,31.60%,P12109;P12110;P12111
prerank,"Gamma-secretase complex, APH1A-PSEN2 variant",-0.5821583514099783,-1.304207432066738,0.13986013986013987,0.38390836464711614,1.0,5/5,41.89%,Q92542;Q9NZ42;Q96BI3;P49810-PRO_0000025603;P49810-PRO_0000025604
prerank,EARP tethering complex,-0.605855245323936,-1.3039418866268742,0.1111111111111111,0.3825835995997399,1.0,4/4,39.51%,Q8N1B4;Q9UID3;Q5VIR6;Q96JG6
prerank,"Little elongation complex, ELL2 variant",-0.6303137090613371,-1.303568487185818,0.1261682242990654,0.38135893309727875,1.0,3/4,5.25%,Q659A1;Q8N5P1;Q9Y2F5
prerank,"Septin complex, octamer variant, SEPT2-SEPT6-SEPT-7-SEPT3",-0.6047709406343181,-1.3032556408653635,0.1116751269035533,0.3800591630578093,1.0,4/4,39.62%,Q14141;Q15019;Q16181;Q9UH03
prerank,GARP tethering complex,-0.605313092979127,-1.3026785613594787,0.10837438423645321,0.3791794445889069,1.0,4/4,39.56%,Q8N1B4;Q9UID3;Q5VIR6;Q9P1Q0
prerank,"CRL4-DCAF13 E3 ubiquitin ligase complex, CUL4A variant ",0.7327188940092167,1.2971810785651732,0.09339975093399751,0.11638699239365953,1.0,4/4,26.81%,Q13619;Q16531;P62877;Q9NV06
prerank,"Cav1.1 voltage-gated calcium channel complex, CACNA2D2-CACNB2-CACNG1 variant",-0.5387744034707158,-1.2959014864797276,0.12582781456953643,0.3890522807490316,1.0,5/5,46.22%,Q13698;Q06432;Q08289;Q9NY47-PRO_0000304639;Q9NY47-PRO_0000304637
prerank,Condensin I complex,-0.538232104121475,-1.2956033346886906,0.09090909090909091,0.3879180521908121,1.0,5/5,46.28%,O95347;Q9NTJ3;Q15003;Q15021;Q9BPX3
prerank,"WASH complex, variant WASHC1/WASHC2A",-0.5352494577006508,-1.2949765257069594,0.11764705882352941,0.3871598379593407,1.0,5/5,46.57%,Q9Y3C0;Q12768;Q2M389;Q641Q2;A8K0Z3
prerank,"CRL4-DCAF13 E3 ubiquitin ligase complex, CUL4B variant ",0.7327188940092167,1.2943757085186207,0.09570552147239264,0.11947091205964984,1.0,4/4,26.81%,Q13620;Q16531;P62877;Q9NV06
prerank,BLOC-2 complex,-0.6650406504065041,-1.2931217997568918,0.11553784860557768,0.3888690961261765,1.0,3/3,33.58%,Q9UPZ3;Q86YV9;Q969F9
prerank,"Cav1.1 voltage-gated calcium channel complex, CACNA2D1-CACNB4-CACNG1 variant",-0.5374186550976139,-1.2924740428025878,0.11392405063291139,0.3883427271530783,1.0,5/5,46.36%,Q13698;Q06432;O00305;P54289-PRO_0000005001;P54289-PRO_0000005002
prerank,PAQosome co-chaperone complex,0.7011930585683298,1.2921511374070302,0.08060747663551401,0.121820781169129,1.0,5/5,29.98%,Q96MX6;CPX-6144;L0R819;CPX-6143;P19388
prerank,"WASH complex, variant WASH2P/WASHC2A",-0.536062906724512,-1.2920605867052117,0.1317365269461078,0.3871728646621603,1.0,5/5,46.49%,Q9Y3C0;Q12768;Q2M389;Q641Q2;Q6VEQ5
prerank,BRCA1-A complex,0.654639175257732,1.2901036952156832,0.0858085808580858,0.1239521468992474,1.0,7/7,34.66%,Q6UWZ7;Q96RL1;Q9NWV8;Q9NXR7;P46736;CPX-715;CHEBI:29105
prerank,"WASH complex, variant WASH4P/WASHC2C",-0.5355206073752712,-1.2896354115521116,0.09027777777777778,0.38980250180987247,1.0,5/5,46.55%,Q9Y3C0;Q12768;Q2M389;Q9Y4E1;A8MWX3
prerank,"AP-2 Adaptor complex, alpha2 variant",-0.5998915695310382,-1.2895486376310539,0.15873015873015872,0.3881965218141997,1.0,4/4,40.10%,P53680;P63010;Q96CW1;O94973
prerank,"WASH complex, variant WASH4P/WASHC2A",-0.5355206073752712,-1.2884673423908182,0.13855421686746988,0.38836973130517993,1.0,5/5,46.55%,Q9Y3C0;Q12768;Q2M389;Q641Q2;A8MWX3
prerank,"WASH complex, variant WASHC1/WASHC2C",-0.5352494577006508,-1.2863854481462424,0.09395973154362416,0.3905099402354731,1.0,5/5,46.57%,Q9Y3C0;Q12768;Q2M389;Q9Y4E1;A8K0Z3
prerank,ISCA2-IBA57 mitochondrial iron-sulfur protein assembly complex,0.7802168021680216,1.2845842400724574,0.09411764705882353,0.13038657094538536,1.0,3/3,22.04%,Q5T440;CHEBI:49601;Q86U28
prerank,"Methyltransferase complex, METTL3-METTL14",0.7761517615176151,1.2810250433719015,0.07397622192866579,0.1344632409048829,1.0,3/3,22.45%,Q9HCE5;Q86U44;CHEBI:67040
prerank,SHOC2-NRAS-PPP1CA complex,0.6960412147505425,1.2809958660914935,0.08827085852478839,0.13423697648424834,1.0,5/5,30.49%,P01111;P62136;Q9UQ13;CHEBI:37565;CHEBI:29035
prerank,CMG helicase complex,-0.6636856368563686,-1.2808217076193589,0.16872427983539096,0.39908457440045886,1.0,3/3,33.71%,CPX-787;O75419;CPX-2940
prerank,"Signal peptidase complex, SEC11A variant",-0.5988072648414203,-1.2804512133081425,0.14,0.39789786723849163,1.0,4/4,40.21%,Q9Y6A9;P61009;Q15005;P67812
prerank,"WASH complex, variant WASH6P/WASHC2A",-0.5344360086767896,-1.2799356972957086,0.13725490196078433,0.3970009379073678,1.0,5/5,46.66%,Q9Y3C0;Q12768;Q2M389;Q641Q2;Q9NQA3
prerank,"Phosphatidylinositol 3-kinase complex, class III, ATG14 variant",0.6960412147505423,1.2783745481573472,0.1011764705882353,0.1371296777637022,1.0,5/5,30.49%,Q6ZNE5;Q8NEB9;Q99570;Q14457;CHEBI:29035
prerank,SHOC2-MRAS-PPP1CC complex,0.6960412147505424,1.278302910304975,0.1079136690647482,0.1369297010063879,1.0,5/5,30.49%,P36873;O14807;Q9UQ13;CHEBI:37565;CHEBI:29035
prerank,SHOC2-HRAS-PPP1CA complex,0.6960412147505423,1.2768170415443854,0.10012062726176116,0.13843580378322276,1.0,5/5,30.49%,P62136;P01112;Q9UQ13;CHEBI:37565;CHEBI:29035
prerank,"Cav1.1 voltage-gated calcium channel complex, CACNA2D4-CACNB4-CACNG1 variant",-0.5401301518438179,-1.2765777512451224,0.1069182389937107,0.40155299339422956,1.0,5/5,46.09%,Q13698;Q06432;O00305;Q7Z3S7-PRO_0000304656;Q7Z3S7-PRO_0000304657
prerank,"Cav1.1 voltage-gated calcium channel complex, CACNA2D3-CACNB1-CACNG1 variant",-0.5385032537960954,-1.2762862248956264,0.14193548387096774,0.40041725905895587,1.0,5/5,46.25%,Q13698;Q06432;Q02641;Q8IZS8-PRO_0000304647;Q8IZS8-PRO_0000304648
prerank,"Cav1.1 voltage-gated calcium channel complex, CACNA2D1-CACNB2-CACNG1 variant",-0.5374186550976139,-1.2755043103484756,0.1079136690647482,0.39989971921379863,1.0,5/5,46.36%,Q13698;Q06432;Q08289;P54289-PRO_0000005001;P54289-PRO_0000005002
prerank,SHOC2-MRAS-PPP1CB complex,0.6960412147505424,1.2751440581640936,0.09988109393579073,0.14021219409222982,1.0,5/5,30.49%,P62140;O14807;Q9UQ13;CHEBI:37565;CHEBI:29035
prerank,SHOC2-KRAS-PPP1CA complex,0.6960412147505425,1.27510053406416,0.10920245398773006,0.13998573291141972,1.0,5/5,30.49%,P01116;P62136;Q9UQ13;CHEBI:37565;CHEBI:29035
prerank,"Septin complex, octamer variant, SEPT2-SEPT6-SEPT-7-SEPT9",-0.6050420168067226,-1.2748690917368544,0.12903225806451613,0.39937533656783836,1.0,4/4,39.59%,Q14141;Q15019;Q16181;Q9UHD8
prerank,"XPC complex, RAD23A variant",0.7691056910569107,1.273979741186298,0.1155433287482806,0.1411472899740956,1.0,3/3,23.15%,P54725;Q01831;P41208
prerank,SNIP1/SkIP associated RNA-processing complex,0.6884490238611712,1.273671806741729,0.10705882352941176,0.1412552291204096,1.0,5/5,31.25%,Q9NYF8;Q9Y2W1;Q8TAD8;Q9H307;Q13573
prerank,"Cav1.1 voltage-gated calcium channel complex, CACNA2D4-CACNB2-CACNG1 variant",-0.5401301518438179,-1.273432256963124,0.1242603550295858,0.400117919172373,1.0,5/5,46.09%,Q13698;Q06432;Q08289;Q7Z3S7-PRO_0000304656;Q7Z3S7-PRO_0000304657
prerank,"WASH complex, variant WASH3P/WASHC2C",-0.5357917570498916,-1.2733946449783533,0.12080536912751678,0.3984422742141724,1.0,5/5,46.52%,Q9Y3C0;Q12768;Q2M389;Q9Y4E1;C4AMC7
prerank,"Phosphatidylinositol 3-kinase complex, class III, UVRAG variant",0.6960412147505423,1.272966475828621,0.10874704491725769,0.14187298943686935,1.0,5/5,30.49%,Q9P2Y5;Q8NEB9;Q99570;Q14457;CHEBI:29035
prerank,SMARCA3 - Annexin A2 - S100-A10 complex,0.7837398373983739,1.2729462655570893,0.0958904109589041,0.14162488554261346,1.0,3/3,21.69%,Q14527;P60903;P07355
prerank,SHOC2-MRAS-PPP1CA complex,0.6960412147505424,1.2721250384535228,0.08616504854368932,0.14224958130210696,1.0,5/5,30.49%,O14807;P62136;Q9UQ13;CHEBI:37565;CHEBI:29035
prerank,"WASH complex, variant WASH2P/WASHC2C",-0.536062906724512,-1.271612982514683,0.1,0.39983628892398776,1.0,5/5,46.49%,Q9Y3C0;Q12768;Q2M389;Q9Y4E1;Q6VEQ5
prerank,"Cav1.1 voltage-gated calcium channel complex, CACNA2D2-CACNB1-CACNG1 variant",-0.5387744034707158,-1.2688428513801855,0.12987012987012986,0.40356402745548875,1.0,5/5,46.22%,Q13698;Q06432;Q02641;Q9NY47-PRO_0000304639;Q9NY47-PRO_0000304637
prerank,"Calcineurin-Calmodulin-AKAP5 complex, gamma-R2 variant",0.6544616219148358,1.2680340376007038,0.11564625850340136,0.1472036932973186,1.0,6/6,34.66%,P48454;Q96LZ3;P24588;CHEBI:29034;CHEBI:29108;CHEBI:29105
prerank,"XPC complex, RAD23B variant",0.7691056910569107,1.2674602151267529,0.09782608695652174,0.14763968665375643,1.0,3/3,23.15%,P54727;Q01831;P41208
prerank,GLUK1-GLUK2-GLUK3-GLUK5 glutamate ionotropic kainate-type receptor complex,-0.5904039034968825,-1.2674590122462726,0.14130434782608695,0.40463323631193665,1.0,4/4,41.05%,P39086;Q13003;Q13002;Q16478
prerank,DNA polymerase zeta complex,0.6805856832971799,1.2667611052810024,0.10904872389791183,0.14823783719980518,1.0,5/5,32.03%,O60673;Q15054;P49005;Q9UI95;CHEBI:49883
prerank,Intron-binding complex ,0.6900759219088933,1.2664752413797573,0.11203814064362336,0.14829439876134873,1.0,5/5,31.09%,Q96NB3;Q9ULR0;Q9HCS7;Q9UNP9;O60306
prerank,Mitochondrial ribonuclease P complex,0.688177874186551,1.2650391856221037,0.11668611435239207,0.14984334451547565,1.0,5/5,31.28%,O15091;Q7L0Y3;Q99714;CHEBI:10668;CHEBI:18420
prerank,"Calcineurin-Calmodulin-AKAP5 complex, gamma-R1 variant",0.6544616219148358,1.2648588922684139,0.1124859392575928,0.14980581831817907,1.0,6/6,34.66%,P48454;P63098;P24588;CHEBI:29034;CHEBI:29108;CHEBI:29105
prerank,"Cav1.1 voltage-gated calcium channel complex, CACNA2D1-CACNB1-CACNG1 variant",-0.5374186550976139,-1.262455146386579,0.12142857142857143,0.4120247083259034,1.0,5/5,46.36%,Q13698;Q06432;Q02641;P54289-PRO_0000005001;P54289-PRO_0000005002
prerank,"Calcineurin-Calmodulin-AKAP5 complex, alpha-R1 variant",0.6544616219148358,1.261920856411311,0.1329608938547486,0.1533527911036516,1.0,6/6,34.66%,Q08209;P63098;P24588;CHEBI:29034;CHEBI:29108;CHEBI:29105
prerank,Mitochondrial CCA tRNA nucleotidyltransferase 1 complex,0.688177874186551,1.2607741013853906,0.11592505854800937,0.1545300684925448,1.0,5/5,31.28%,Q96Q11;Q7L0Y3;Q99714;CHEBI:10668;CHEBI:18420
prerank,"Calcineurin-Calmodulin-AKAP5 complex, alpha-R2 variant",0.6544616219148358,1.2605198403314368,0.11963882618510158,0.15454559780374674,1.0,6/6,34.66%,Q08209;Q96LZ3;P24588;CHEBI:29034;CHEBI:29108;CHEBI:29105
prerank,"Soluble guanylate cyclase complex, SGCalpha2-SGCbeta1 variant",0.7574525745257454,1.2597931191600935,0.1095890410958904,0.1551595581156091,1.0,3/3,24.32%,P33402;Q02153;CHEBI:30413
prerank,"Signal peptidase complex, SEC11C variant",-0.595554350772567,-1.2595543217614513,0.17674418604651163,0.41601776704269694,1.0,4/4,40.54%,Q9Y6A9;P61009;Q15005;Q9BY50
prerank,"ERF1-ERF3 translation release factor complex, GSPT2 variant",0.7636856368563687,1.2581853381340407,0.12704918032786885,0.15693261708790718,1.0,3/3,23.69%,Q8IYD1;P62495;CHEBI:37565
prerank,DUOX1-DUOXA1 dual oxidase complex,0.6789587852494576,1.2580656216447457,0.13154831199068684,0.15678981889704718,1.0,5/5,32.20%,Q1HG43;Q9NRD9;CHEBI:30413;CHEBI:57692;CHEBI:29108
prerank,"Cav1.1 voltage-gated calcium channel complex, CACNA2D3-CACNB4-CACNG1 variant",-0.5385032537960954,-1.2573128114628127,0.09933774834437085,0.4186197270583552,1.0,5/5,46.25%,Q13698;Q06432;O00305;Q8IZS8-PRO_0000304647;Q8IZS8-PRO_0000304648
prerank,Condensin II complex,-0.5376898047722343,-1.2569115193229694,0.1366906474820144,0.41755241300137225,1.0,5/5,46.33%,O95347;Q9NTJ3;Q6IBW4;Q86XI2;P42695
prerank,"Calcineurin-Calmodulin-AKAP5 complex, beta-R2 variant",0.6544616219148358,1.256708142809213,0.1210762331838565,0.1583469070999802,1.0,6/6,34.66%,P16298;Q96LZ3;P24588;CHEBI:29034;CHEBI:29108;CHEBI:29105
prerank,"Box C/D snoRNA-guided RNP methyltransferase complex, FBL variant",0.6598860862489829,1.2566946656861788,0.1245753114382786,0.15805868493122174,1.0,6/6,34.12%,CHEBI:133335;CHEBI:67040;P22087;Q9Y2X3;O00567;P55769
prerank,BTR double Holliday Junction dissolution complex,0.654461621914836,1.2562916315808357,0.12994350282485875,0.1583350418122948,1.0,6/6,34.66%,Q13472;Q96E14;Q9H9A7;P54132;CHEBI:18420;CHEBI:29105
prerank,Hemoglobin HbF Variant 1 complex,0.7574525745257451,1.256038731778082,0.12534059945504086,0.15839685306645462,1.0,3/3,24.32%,P69891;P69905;CHEBI:30413
prerank,BRISC-SHMT2 complex,0.6544616219148359,1.2556766424976484,0.12984054669703873,0.15856193579776173,1.0,6/6,34.66%,Q15018;P34897-3;Q9NWV8;Q9NXR7;P46736;CHEBI:29105
prerank,DNA polymerase epsilon complex,0.68058568329718,1.2554497956781443,0.127208480565371,0.1585841938432219,1.0,5/5,32.03%,Q07864;Q9NR33;P56282;Q9NRF9;CHEBI:49883
prerank,"Cav1.1 voltage-gated calcium channel complex, CACNA2D2-CACNB4-CACNG1 variant",-0.5387744034707158,-1.2548761239478663,0.1292517006802721,0.41981953386109605,1.0,5/5,46.22%,Q13698;Q06432;O00305;Q9NY47-PRO_0000304639;Q9NY47-PRO_0000304637
prerank,"mTNF-TNR1A receptor-ligand core complex, BIRC3 variant",-0.4571351058057515,-1.2542843189771578,0.14285714285714285,0.41923543979934785,1.0,7/7,54.40%,Q12933;Q13546;CPX-8931;Q13489;O00463;Q15628;P19438-PRO_0000034543
prerank,DUOX2-DUOXA2 dual oxidase complex,0.6789587852494576,1.2542330055706046,0.1288416075650118,0.15984860805095993,1.0,5/5,32.20%,Q1HG44;Q9NRD8;CHEBI:30413;CHEBI:57692;CHEBI:29108
prerank,DNA polymerase delta complex,0.6805856832971802,1.2530032497102637,0.141852286049238,0.16119666970332042,1.0,5/5,32.03%,P28340;Q9HCU8;Q15054;P49005;CHEBI:49883
prerank,Hemoglobin HbF Variant 2 complex,0.7574525745257451,1.2524481976349002,0.12071330589849108,0.1616658781527175,1.0,3/3,24.32%,P69892;P69905;CHEBI:30413
prerank,"Cav1.1 voltage-gated calcium channel complex, CACNA2D3-CACNB2-CACNG1 variant",-0.5385032537960954,-1.2521757862235332,0.14,0.42145474396217647,1.0,5/5,46.25%,Q13698;Q06432;Q08289;Q8IZS8-PRO_0000304647;Q8IZS8-PRO_0000304648
prerank,Hemoglobin HbA2 complex,0.7574525745257452,1.2516636587851988,0.12955465587044535,0.16243611944253464,1.0,3/3,24.32%,P02042;P69905;CHEBI:30413
prerank,CIAO1-CIAO2B-CIAO3-MMS19 cytosolic iron-sulfur protein assembly complex,0.6805856832971802,1.2513051907709585,0.14002333722287047,0.16263877708331337,1.0,5/5,32.03%,Q96T76;Q9Y3D0;Q9H6Q4;O76071;CHEBI:49883
prerank,"Calcineurin-Calmodulin-AKAP5 complex, beta-R1 variant",0.6544616219148358,1.251161585615031,0.11915367483296214,0.16253060794807705,1.0,6/6,34.66%,P16298;P63098;P24588;CHEBI:29034;CHEBI:29108;CHEBI:29105
prerank,"ERF1-ERF3 translation release factor complex, GSPT1 variant",0.7636856368563687,1.250973544582964,0.12335958005249344,0.1624864194937723,1.0,3/3,23.69%,P15170;P62495;CHEBI:37565
prerank,"Box C/D snoRNA-Guided RNP methyltransferase complex, FBLL1 variant",0.659886086248983,1.250591663293849,0.13494809688581316,0.16270940850843257,1.0,6/6,34.12%,A6NHQ2;CHEBI:133335;CHEBI:67040;Q9Y2X3;O00567;P55769
prerank,Microprocessor complex,0.7574525745257453,1.2484663629585682,0.13090418353576247,0.16530873020503148,1.0,3/3,24.32%,Q9NRR4;Q8WYQ5;CHEBI:30413
prerank,Hemoglobin Portland-1 Variant 1 complex,0.7574525745257453,1.2483483585599155,0.1304945054945055,0.16515109377144938,1.0,3/3,24.32%,P69891;P02008;CHEBI:30413
prerank,"Soluble guanylate cyclase complex, SGCalpha1-SGCbeta1 variant",0.7574525745257454,1.2473515562648356,0.12534435261707988,0.16623479267142008,1.0,3/3,24.32%,Q02108;Q02153;CHEBI:30413
prerank,Hemoglobin Portland-1 Variant 2 complex,0.7574525745257453,1.247305441950402,0.13802816901408452,0.16598094742952588,1.0,3/3,24.32%,P69892;P02008;CHEBI:30413
prerank,DNA polymerase alpha:primase complex,0.6805856832971802,1.2467418601691027,0.13744075829383887,0.16644459974279074,1.0,5/5,32.03%,P49643;Q14181;P09884;P49642;CHEBI:49883
prerank,Catalase complex,0.7574525745257453,1.2431695735630532,0.1355463347164592,0.17115186427306384,1.0,3/3,24.32%,P04040;CHEBI:16474;CHEBI:30413
prerank,IkappaB kinase complex,-0.6455284552845528,-1.2428245343707272,0.16412213740458015,0.4375677771332047,1.0,3/3,35.53%,O15111;Q9Y6K9;O14920
prerank,Hemoglobin HbA complex,0.7574525745257451,1.2426888864561458,0.13387978142076504,0.1715097861563208,1.0,3/3,24.32%,P68871;P69905;CHEBI:30413
prerank,Embryonic hemoglobin Gower-1 complex,0.7574525745257453,1.2423513278499256,0.13873626373626374,0.17164340617399915,1.0,3/3,24.32%,P02100;P02008;CHEBI:30413
prerank,Cardiac Troponin complex,-0.6550135501355013,-1.241483502924567,0.19140625,0.43859504247026815,1.0,3/3,34.58%,P19429;P45379;P63316
prerank,"Cav1.1 voltage-gated calcium channel complex, CACNA2D4-CACNB1-CACNG1 variant",-0.5401301518438179,-1.2408424065853023,0.16129032258064516,0.4379534480778546,1.0,5/5,46.09%,Q13698;Q06432;Q02641;Q7Z3S7-PRO_0000304656;Q7Z3S7-PRO_0000304657
prerank,"Ubiquitous AP-1 Adaptor complex, sigma1a variant",-0.5622119815668202,-1.240544791665832,0.1643192488262911,0.43683711533235653,1.0,4/4,43.87%,O43747;Q10567;Q9BXS5;P61966
prerank,CPLANE complex,-0.6501355013550135,-1.2403344499591393,0.1646090534979424,0.4354431313249337,1.0,3/3,35.07%,Q9BT04;Q9ULD6;O95876
prerank,Hemoglobin E complex,0.7574525745257451,1.2402402944609447,0.13854595336076816,0.17423676456372797,1.0,3/3,24.32%,P02100;P69905;CHEBI:30413
prerank,"WASH complex, variant WASH6P/WASHC2C",-0.5344360086767896,-1.2371263013803957,0.14482758620689656,0.44032401268523064,1.0,5/5,46.66%,Q9Y3C0;Q12768;Q2M389;Q9Y4E1;Q9NQA3
prerank,"ESCRT-I complex, VPS37A-UBAP1 variant",-0.5548929249119002,-1.2369058319765711,0.1564245810055866,0.4390220084521271,1.0,4/4,44.60%,Q99816;Q9UK41;Q9NZ09;Q8NEZ2
prerank,Syndecan-1-syntenin-1-ALIX complex,-0.6468834688346884,-1.2356159938640061,0.16176470588235295,0.4396929894145268,1.0,3/3,35.39%,P18827;Q8WUM4;O00560
prerank,Hemoglobin Portland-2 complex,0.7574525745257453,1.2343613275818763,0.14788732394366197,0.18220826666513643,1.0,3/3,24.32%,P68871;P02008;CHEBI:30413
prerank,"Prefoldin co-chaperone complex, URI1 variant",-0.5070498915401301,-1.232202662796203,0.15862068965517243,0.4451662872477997,1.0,5/5,49.39%,Q9UHV9;O15212;Q9NUG6;O94763;Q9UBK9
prerank,HBO1-4.1 histone acetyltransferase complex,0.6542841648590021,1.2305527105400096,0.14614499424626007,0.18713743231274296,1.0,5/5,34.66%,Q6IE81;Q9UNL4;O95251;Q9HAF1;CHEBI:29105
prerank,"CoREST transcriptional corepressor complex, RCOR2-HDAC1 variant",0.6934128490105722,1.2292256965401063,0.15965346534653466,0.18869178065222036,1.0,4/4,30.73%,Q8IZ40;O60341;Q13547;CHEBI:57692
prerank,"Calcineurin-Calmodulin complex, gamma-R2 variant",0.6542841648590021,1.228043798262466,0.15807962529274006,0.19005226075669068,1.0,5/5,34.66%,P48454;Q96LZ3;CHEBI:29034;CHEBI:29108;CHEBI:29105
prerank,RNA polymerase I selectivity factor 1 complex,0.656995661605206,1.2272255646989951,0.13448275862068965,0.19086747319567215,1.0,5/5,34.39%,Q15572;Q15573;Q53T94;Q9H5J8;P20226
prerank,HBO1-5.2 histone acetyltransferase complex,0.6542841648590022,1.2254868661161813,0.16222479721900349,0.19315806444615136,1.0,5/5,34.66%,Q9NQC1;O95251;Q8WYH8;Q9HAF1;CHEBI:29105
prerank,C-to-U editosome complex,0.6542841648590023,1.2237918864588906,0.16257309941520467,0.1953334190032749,1.0,5/5,34.66%,Q9NQ94;P41238;O60506-1;Q99729;CHEBI:29105
prerank,"Ribonucleoside-diphosphate reductase RR1 complex, RRM2 variant",0.687991325562483,1.2236570761158192,0.161090458488228,0.19520960881373658,1.0,4/4,31.28%,P31350;P23921;CHEBI:29034;CHEBI:18420
prerank,"ESCRT-I complex, VPS37D-UBAP1 variant",-0.5546218487394957,-1.223104554313531,0.19696969696969696,0.4616607298168088,1.0,4/4,44.62%,Q99816;Q9UK41;Q9NZ09;Q86XT2
prerank,"Calcineurin-Calmodulin complex, alpha-R2 variant",0.6542841648590021,1.2230812717392532,0.16647264260768335,0.19572351487090334,1.0,5/5,34.66%,Q08209;Q96LZ3;CHEBI:29034;CHEBI:29108;CHEBI:29105
prerank,"Dynein-1 complex, variant 15",-0.44995931651749393,-1.2225333981800544,0.19402985074626866,0.460864174165031,1.0,6/6,55.10%,Q96FJ2;P51808;Q9NP97;Q14204;Q13409;O43237
prerank,"CoREST transcriptional corepressor complex, RCOR1-HDAC1 variant",0.6934128490105722,1.2224958483426303,0.13664596273291926,0.19630497492963173,1.0,4/4,30.73%,Q9UKL0;O60341;Q13547;CHEBI:57692
prerank,HBO1-5.1 histone acetyltransferase complex,0.6542841648590022,1.22249457942972,0.16032295271049596,0.19595726683002468,1.0,5/5,34.66%,Q6IE81;O95251;Q8WYH8;Q9HAF1;CHEBI:29105
prerank,HBO1-4.2 histone acetyltransferase complex,0.6542841648590021,1.2220933272904082,0.1544811320754717,0.19623428605807297,1.0,5/5,34.66%,Q9NQC1;Q9UNL4;O95251;Q9HAF1;CHEBI:29105
prerank,"TREX-2 transcription-export complex, CETN3 variant",0.6594360086767894,1.2199145504492142,0.1519434628975265,0.19915396973263905,1.0,5/5,34.15%,O15182;O60318;Q5JVF3;P60896;Q9NPA8
prerank,Mitochondrial electron transfer flavoprotein complex,0.693412849010572,1.2192395422988234,0.1668726823238566,0.19982394686025745,1.0,4/4,30.73%,CHEBI:456215;P13804;P38117;CHEBI:57692
prerank,HBO1-5.3 histone acetyltransferase complex,0.6542841648590022,1.2182702189940342,0.1904218928164196,0.20090766086693138,1.0,5/5,34.66%,Q92613;O95251;Q8WYH8;Q9HAF1;CHEBI:29105
prerank,"Neuronal AP-3 Adaptor complex, sigma3a variant",-0.5605855245323935,-1.2172682118646463,0.18085106382978725,0.4695534523693368,1.0,4/4,44.03%,O14617;Q92572;P53677;Q13367
prerank,"Calcineurin-Calmodulin complex, beta-R2 variant",0.6542841648590021,1.2172605871261437,0.17261219792865362,0.20209623994727088,1.0,5/5,34.66%,P16298;Q96LZ3;CHEBI:29034;CHEBI:29108;CHEBI:29105
prerank,"CoREST transcriptional corepressor complex, RCOR3-HDAC2 variant",0.693412849010572,1.2168322284659479,0.15471698113207547,0.20242162480581413,1.0,4/4,30.73%,Q9P2K3;O60341;Q92769;CHEBI:57692
prerank,"Calcineurin-Calmodulin complex, alpha-R1 variant",0.6542841648590021,1.2164429134128258,0.15985997666277713,0.2026660422812,1.0,5/5,34.66%,Q08209;P63098;CHEBI:29034;CHEBI:29108;CHEBI:29105
prerank,Chromatin assembly factor 1 complex,0.7417344173441736,1.216031786107561,0.1699867197875166,0.20301203926721692,1.0,3/3,25.89%,Q13112;Q13111;Q09028
prerank,"Calcineurin-Calmodulin complex, gamma-R1 variant",0.6542841648590021,1.215542510926,0.15783274440518258,0.20340567612987884,1.0,5/5,34.66%,P48454;P63098;CHEBI:29034;CHEBI:29108;CHEBI:29105
prerank,Mitochondrial propionyl-CoA carboxylase complex,0.6879913255624832,1.2143640041211994,0.1680473372781065,0.20489247073969044,1.0,4/4,31.28%,P05165;P05166;CHEBI:57586;CHEBI:18420
prerank,"CoREST transcriptional corepressor complex, RCOR2-HDAC2 variant",0.6934128490105722,1.213914871868991,0.1761006289308176,0.2051885829298174,1.0,4/4,30.73%,Q8IZ40;O60341;Q92769;CHEBI:57692
prerank,"CoREST transcriptional corepressor complex, RCOR1-HDAC2 variant",0.6934128490105722,1.2138599565360781,0.1601513240857503,0.2049094823494962,1.0,4/4,30.73%,Q9UKL0;O60341;Q92769;CHEBI:57692
prerank,"ESCRT-I complex, VPS37D-MVB12B variant",-0.5546218487394957,-1.213099465678706,0.19796954314720813,0.47613704935680573,1.0,4/4,44.62%,Q99816;Q9UK41;Q9H7P6-1;Q86XT2
prerank,"CoREST transcriptional corepressor complex, RCOR3-HDAC1 variant",0.6934128490105722,1.212539951948419,0.16035353535353536,0.20657878780399344,1.0,4/4,30.73%,Q9P2K3;O60341;Q13547;CHEBI:57692
prerank,HBO1-4.3 histone acetyltransferase complex,0.6542841648590021,1.2123865556993387,0.16279069767441862,0.20645817291201313,1.0,5/5,34.66%,Q92613;Q9UNL4;O95251;Q9HAF1;CHEBI:29105
prerank,"Ubiquitous AP-3 Adaptor complex, sigma3b variant",-0.5616698292220114,-1.2121063922376263,0.20588235294117646,0.4762759794348242,1.0,4/4,43.92%,O14617;P59780;Q9Y2T2;O00203
prerank,MSL histone acetyltransferase complex,0.693955001355381,1.211908491307289,0.1761006289308176,0.20678322468673943,1.0,4/4,30.68%,Q9HCI7;Q8N5Y2;Q68DK7;Q9H7Z6
prerank,"Dynein-1 complex, variant 11",-0.44995931651749393,-1.2116367767589058,0.19083969465648856,0.47525058198421877,1.0,6/6,55.10%,Q96FJ2;Q9NP97;P63172;Q14204;Q13409;O43237
prerank,Histone pre-RNA core cleavage complex,0.6542841648590023,1.2106131364645203,0.16470588235294117,0.2084495412727683,1.0,5/5,34.66%,P33240;Q9UKF6;Q9P2I0;Q92797;CHEBI:29105
prerank,"RNA decapping and exonuclease complex, DCP1B variant",-0.4743694060211554,-1.2103536539196926,0.17757009345794392,0.47585943344066084,1.0,6/6,52.67%,P26196;Q96F86;Q8IU60;Q8IZH2;Q6P2E9;Q8IZD4
prerank,Chromosomal passenger complex,0.6542841648590023,1.2101875759721763,0.19008264462809918,0.2087621639696731,1.0,5/5,34.66%,O15392;Q53HL2;Q9NQS7;Q96GD4;CHEBI:29105
prerank,"Ribonucleoside-diphosphate reductase RR1 complex, RRM2B variant",0.687991325562483,1.2101414622916375,0.17609254498714652,0.2084741796984679,1.0,4/4,31.28%,Q7LG56;P23921;CHEBI:29034;CHEBI:18420
prerank,Calprotectin heterotetramer,0.6542841648590022,1.2095972467526206,0.16943127962085308,0.20858447596935265,1.0,5/5,34.66%,P06702;P05109;CHEBI:29035;CHEBI:29108;CHEBI:29105
prerank,Calprotectin heterodimer,0.6542841648590022,1.2095972467526206,0.16943127962085308,0.20858447596935265,1.0,5/5,34.66%,P06702;P05109;CHEBI:29035;CHEBI:29108;CHEBI:29105
prerank,"ESCRT-I complex, VPS37B-UBAP1 variant",-0.555977229601518,-1.2092714906390925,0.21354166666666666,0.4763926434397872,1.0,4/4,44.49%,Q99816;Q9UK41;Q9NZ09;Q9H9H4
prerank,"TREX-2 transcription-export complex, CETN2 variant",0.6594360086767896,1.2089602145647784,0.16626506024096385,0.20923854304762327,1.0,5/5,34.15%,O60318;Q5JVF3;P41208;P60896;Q9NPA8
prerank,MRN double-strand break repair complex,0.6542841648590021,1.2088822865586148,0.1721698113207547,0.2089983756774454,1.0,5/5,34.66%,O60934;Q92878;P49959;CHEBI:29035;CHEBI:29105
prerank,Nucleolar ribonuclease P complex,0.5611080934274857,1.2086109205242759,0.16561181434599156,0.20907063578794918,1.0,11/11,44.06%,URS000013F331_9606;Q9H633;O95059;Q9BUL9;O75817;P78345;O75818;Q99575;Q969H6;P78346;O95707
prerank,BRISC complex,0.6542841648590021,1.2078728451121385,0.1770956316410862,0.20992861973283242,1.0,5/5,34.66%,Q15018;Q9NWV8;Q9NXR7;P46736;CHEBI:29105
prerank,"Ubiquitous AP-3 Adaptor complex, sigma3a variant",-0.5616698292220114,-1.207592208803055,0.20603015075376885,0.47799061188896474,1.0,4/4,43.92%,O14617;Q92572;Q9Y2T2;O00203
prerank,"Calcineurin-Calmodulin complex, beta-R1 variant",0.6542841648590021,1.2061066769812816,0.1695501730103806,0.21236838863879204,1.0,5/5,34.66%,P16298;P63098;CHEBI:29034;CHEBI:29108;CHEBI:29105
prerank,"Beta-catenin destruction core complex, APC-AXIN2-GSK3B variant",-0.555435077256709,-1.2043345741736493,0.17525773195876287,0.4827202147715149,1.0,4/4,44.54%,P49841;P48729;P25054;Q9Y2T1
prerank,"RNA decapping and exonuclease complex, DCP1A variant",-0.48087876322213186,-1.203634702468455,0.21551724137931033,0.4823100848308639,1.0,6/6,52.02%,P26196;Q96F86;Q8IU60;Q8IZH2;Q6P2E9;Q9NPI6
prerank,Pyruvate dehydrogenase E1 heterotetramer,0.687991325562483,1.200688950297998,0.18203592814371258,0.22053103295592064,1.0,4/4,31.28%,P08559;P11177;CHEBI:58937;CHEBI:18420
prerank,CHRAC chromatin remodeling complex,0.6877202493900787,1.200524709967593,0.17581047381546136,0.22040690589176742,1.0,4/4,31.30%,Q9NRL2;Q9NRG0;Q9NRF9;O60264
prerank,"Neuronal AP-3 Adaptor complex, sigma3b variant",-0.5605855245323935,-1.2002955309454322,0.19047619047619047,0.48747489003855476,1.0,4/4,44.03%,O14617;P59780;P53677;Q13367
prerank,"ESCRT-I complex, VPS37B-MVB12A variant",-0.555977229601518,-1.198814098755076,0.15873015873015872,0.4884992688467418,1.0,4/4,44.49%,Q99816;Q9UK41;Q96EY5;Q9H9H4
prerank,Mitochondrial RNase Z complex,0.6542841648590022,1.1984630212657543,0.17976190476190476,0.22324954205359754,1.0,5/5,34.66%,Q9BQ52;Q7L0Y3;Q99714;CHEBI:10668;CHEBI:29105
prerank,"FTS-Hook-FHIP cargo adaptor complex, FHIP1B-HOOK1/3 variant",-0.5649227432908647,-1.1981943404925375,0.1793478260869565,0.48789367295840597,1.0,4/4,43.60%,Q9H8T0;Q9UJC3;Q86VS8;Q8N612
prerank,"ESCRT-I complex, VPS37B-MVB12B variant",-0.555977229601518,-1.1968756594481196,0.2,0.48876083485585514,1.0,4/4,44.49%,Q99816;Q9UK41;Q9H7P6-1;Q9H9H4
prerank,"ESCRT-I complex, VPS37C-UBAP1 variant",-0.553537544049878,-1.1949643294065242,0.21164021164021163,0.4909367181762207,1.0,4/4,44.73%,Q99816;Q9UK41;Q9NZ09;A5D8V6
prerank,"ESCRT-I complex, VPS37A-MVB12B variant",-0.5548929249119002,-1.1937453551217971,0.20833333333333334,0.4915413187637917,1.0,4/4,44.60%,Q99816;Q9UK41;Q9H7P6-1;Q8NEZ2
prerank,"ESCRT-I complex, VPS37D-MVB12A variant",-0.5546218487394957,-1.1925525768193743,0.1941747572815534,0.491897813623173,1.0,4/4,44.62%,Q99816;Q9UK41;Q96EY5;Q86XT2
prerank,CKM complex variant 2,-0.5502846299810246,-1.1924608072244383,0.2,0.49016503474512213,1.0,4/4,45.06%,P24863;Q93074;Q9UHV7;Q9BWU1
prerank,"MiDAC histone deacetylase complex, HDAC1 variant",0.7308943089430896,1.1911806974183838,0.2026315789473684,0.23423649913264413,1.0,3/3,26.97%,Q9H147;Q6PJG2;Q13547
prerank,"Cav1.2 voltage-gated calcium channel complex, CACNA2D4-CACNB4 variant",-0.5399837354296557,-1.1887189934690967,0.19534883720930232,0.4959385063479899,1.0,4/4,46.09%,Q13936;O00305;Q7Z3S7-PRO_0000304656;Q7Z3S7-PRO_0000304657
prerank,"MiDAC histone deacetylase complex, HDAC2 variant",0.7306233062330625,1.188429765961466,0.18617021276595744,0.23811433561782436,1.0,3/3,27.00%,Q9H147;Q6PJG2;Q92769
prerank,"Beta-catenin destruction core complex, APC-AXIN1-GSK3B variant",-0.5538086202222824,-1.1874659856200138,0.22279792746113988,0.49675623613807246,1.0,4/4,44.71%,P49841;P48729;P25054;O15169
prerank,"Mitochondrial calcium uniporter complex, MICU1-MICU3 variant",-0.5489292491190024,-1.1862607349275438,0.18974358974358974,0.4972223995498458,1.0,4/4,45.19%,Q9BPX6;Q9H4I9;Q8NE86;Q86XE3
prerank,CIAO1-CIAO2A-CIAO3 cytosolic iron-sulfur protein assembly complex,0.6804011927351584,1.1860203270477467,0.20623501199040767,0.2414430313283939,1.0,4/4,32.03%,Q9H5X1;Q9H6Q4;O76071;CHEBI:49883
prerank,SNARE complex STX1B-SNAP25-VAMP2,-0.5994579945799458,-1.1855836114016305,0.23893805309734514,0.4965568757686688,1.0,3/3,40.13%,P60880;P61266;P63027
prerank,"ESCRT-I complex, VPS37A-MVB12A variant",-0.5548929249119002,-1.1847015275592316,0.20297029702970298,0.49649640315312316,1.0,4/4,44.60%,Q99816;Q9UK41;Q96EY5;Q8NEZ2
prerank,"GABA-A receptor, alpha1-beta1-beta2-gamma2",-0.5435077256709134,-1.1839053107469752,0.24260355029585798,0.496170627120006,1.0,4/4,45.74%,P47870;P18507;P18505;P14867
prerank,PDGF receptor alpha-beta - PDGF-AB complex,-0.5481160206017891,-1.1838268761119703,0.18888888888888888,0.4945517332701448,1.0,4/4,45.27%,P16234;P09619;P01127;P04085
prerank,"Nuclear meiotic cohesin complex, RAD21 variant",-0.5532664678774735,-1.1836670397538025,0.1774193548387097,0.4929917647891112,1.0,4/4,44.76%,Q9UQE7;O60216;Q9UJ98;Q8NDV3
prerank,GLUK1-GLUK3-GLUK4 glutamate ionotropic kainate-type receptor complex,-0.6037940379403794,-1.1817817487446665,0.21333333333333335,0.494822628667394,1.0,3/3,39.70%,P39086;Q13003;Q16099
prerank,LIFT actin modulation complex,-0.5505557061534291,-1.1781495123681092,0.2119815668202765,0.500278718131096,1.0,4/4,45.03%,Q9UM54;O14908;Q9P0V3;Q9NZN5
prerank,"ESCRT-I complex, VPS37C-MVB12B variant",-0.553537544049878,-1.177858529910942,0.225130890052356,0.49907843728465656,1.0,4/4,44.73%,Q99816;Q9UK41;Q9H7P6-1;A5D8V6
prerank,AHNAK - Annexin A2 - S100-A10 complex,0.6787747357007319,1.1778216288150092,0.2087067861715749,0.2539891033669087,1.0,4/4,32.20%,Q09666;P60903;P07355;CHEBI:29108
prerank,"Beta-catenin destruction core complex, APC2-AXIN2-GSK3B variant",-0.5540796963946869,-1.1776180795047486,0.24,0.4977567853025609,1.0,4/4,44.68%,P49841;P48729;Q9Y2T1;O95996
prerank,Coagulation factor VIIa - tissue factor complex,0.6787747357007319,1.1767079408116512,0.21013597033374537,0.25532723815350267,1.0,4/4,32.20%,P13726-PRO_0000033638;P08709-PRO_0000027731;P08709-PRO_0000027730;CHEBI:29108
prerank,"Dynein-1 complex, variant 13",-0.4496880933007866,-1.1756313567030536,0.19327731092436976,0.5001735169430522,1.0,6/6,55.13%,Q96FJ2;P51808;Q9NP97;Q14204;O43237;O14576
prerank,BRCA1-B complex,0.6804011927351585,1.17549368062146,0.22878228782287824,0.2568687317461078,1.0,4/4,32.03%,Q92547;Q9BX63;CPX-715;CHEBI:49883
prerank,"Cleavage stimulation factor complex, CSTF2 variant",0.718970189701897,1.173856221275443,0.21304926764314247,0.25917645181763377,1.0,3/3,28.16%,Q12996;Q05048;P33240
prerank,USP46 deubiquitinase complex,0.7216802168021679,1.1720993202281695,0.2136181575433912,0.261545834132031,1.0,3/3,27.89%,P62068;Q8TBZ3;Q8TAF3
prerank,"GABA-A receptor, alpha1-alpha2-beta1-beta2-gamma2",-0.48183297180043383,-1.170859563754193,0.2222222222222222,0.5079850269945035,1.0,5/5,51.91%,P47870;P18507;P18505;P14867;P47869
prerank,"ESCRT-I complex, VPS37C-MVB12A variant",-0.553537544049878,-1.1703819217316331,0.23232323232323232,0.5071878233180056,1.0,4/4,44.73%,Q99816;Q9UK41;Q96EY5;A5D8V6
prerank,"GABA-A receptor, alpha1-beta2-beta3-gamma2",-0.5435077256709134,-1.1700687984269205,0.26506024096385544,0.5061765669579249,1.0,4/4,45.74%,P28472;P47870;P18507;P14867
prerank,"Dynein-1 complex, variant 12",-0.45023053973420124,-1.1689408121082892,0.20300751879699247,0.5068782889100273,1.0,6/6,55.08%,Q96FJ2;Q9NP97;P63172;Q14204;Q13409;Q9Y6G9
prerank,SNARE complex STX1A-SNAP25-VAMP2,-0.5994579945799458,-1.1687934835776355,0.2366412213740458,0.5053298455317066,1.0,3/3,40.13%,P60880;Q16623;P63027
prerank,"Cav1.2 voltage-gated calcium channel complex, CACNA2D2-CACNB3 variant",-0.5386283545676335,-1.1671427006645578,0.22459893048128343,0.5069897705039259,1.0,4/4,46.22%,Q13936;P54284;Q9NY47-PRO_0000304639;Q9NY47-PRO_0000304637
prerank,CKM complex variant 1,-0.5478449444293846,-1.1670226424343695,0.22748815165876776,0.5054066335654783,1.0,4/4,45.30%,P24863;Q93074;Q9UHV7;P49336
prerank,"Cav1.2 voltage-gated calcium channel complex, CACNA2D4-CACNB2 variant",-0.5399837354296557,-1.1666670535869776,0.2073732718894009,0.5044551809762693,1.0,4/4,46.09%,Q13936;Q08289;Q7Z3S7-PRO_0000304656;Q7Z3S7-PRO_0000304657
prerank,"Cav1.2 voltage-gated calcium channel complex, CACNA2D2-CACNB4 variant",-0.5386283545676335,-1.1662369357863025,0.22959183673469388,0.5035282631458173,1.0,4/4,46.22%,Q13936;O00305;Q9NY47-PRO_0000304639;Q9NY47-PRO_0000304637
prerank,"Beta-catenin destruction core complex, APC2-AXIN1-GSK3B variant",-0.5538086202222824,-1.1658506438921752,0.27692307692307694,0.5025988272634245,1.0,4/4,44.71%,P49841;P48729;O95996;O15169
prerank,"Cav1.2 voltage-gated calcium channel complex, CACNA2D2-CACNB2 variant",-0.5386283545676335,-1.1649812034462896,0.23036649214659685,0.5027262261639206,1.0,4/4,46.22%,Q13936;Q08289;Q9NY47-PRO_0000304639;Q9NY47-PRO_0000304637
prerank,"Cav1.2 voltage-gated calcium channel complex, CACNA2D4-CACNB3 variant",-0.5399837354296557,-1.1645125203597526,0.2028301886792453,0.5018148056128628,1.0,4/4,46.09%,Q13936;P54284;Q7Z3S7-PRO_0000304656;Q7Z3S7-PRO_0000304657
prerank,Interleukin-17A-F receptor-ligand complex,-0.493763557483731,-1.1633581252986211,0.21818181818181817,0.5025452004227163,1.0,5/5,50.72%,Q96F46;O43734;Q16552;Q96PD4;Q8NAC3
prerank,CL-LK-MASP2 lectin-protease complex,-0.5345622119815667,-1.1633138832690268,0.21674876847290642,0.50093575820988,1.0,4/4,46.63%,O00187-PRO_0000027600;O00187-PRO_0000027599;Q9Y6Z7;Q9BWP8
prerank,"Cav1.2 voltage-gated calcium channel complex, CACNA2D3-CACNB2 variant",-0.538357278395229,-1.1629225295942627,0.21761658031088082,0.4999607007729751,1.0,4/4,46.25%,Q13936;Q08289;Q8IZS8-PRO_0000304647;Q8IZS8-PRO_0000304648
prerank,"GABA-A receptor, alpha1-alpha3-beta2-gamma2",-0.5429655733261046,-1.1628679522486967,0.2619047619047619,0.4983971841265484,1.0,4/4,45.79%,P47870;P18507;P14867;P34903
prerank,"Dynein-1 complex, variant 10",-0.4496880933007866,-1.161195380751356,0.168,0.5002543233178539,1.0,6/6,55.13%,Q96FJ2;Q9NP97;P63172;Q14204;Q9Y6G9;O14576
prerank,MOZ3 histone acetyltransferase complex,0.6549200325291408,1.1605037235184767,0.22846441947565543,0.2811582508616845,1.0,4/4,34.58%,Q9ULD4;Q92794;Q8WYH8;Q9HAF1
prerank,iNOS-S100A8/A9 complex,0.700271002710027,1.1593181855972754,0.22298221614227087,0.2827758732698555,1.0,3/3,30.03%,P35228;P06702;P05109
prerank,"Cav1.2 voltage-gated calcium channel complex, CACNA2D1-CACNB3 variant",-0.5372729737056112,-1.1585973178906206,0.22564102564102564,0.5033071579401303,1.0,4/4,46.36%,Q13936;P54284;P54289-PRO_0000005001;P54289-PRO_0000005002
prerank,"Cav1.2 voltage-gated calcium channel complex, CACNA2D2-CACNB1 variant",-0.5386283545676335,-1.1571949478351997,0.2275132275132275,0.5042863897017944,1.0,4/4,46.22%,Q13936;Q02641;Q9NY47-PRO_0000304639;Q9NY47-PRO_0000304637
prerank,"SREBP-SCAP-INSIG sequestering complex, INSIG2-SREBF1 variant",-0.5883468834688347,-1.1569268809069155,0.23574144486692014,0.5031610202501743,1.0,3/3,41.24%,CHEBI:42977;Q9Y5U4;CPX-25745
prerank,"Cav1.2 voltage-gated calcium channel complex, CACNA2D1-CACNB2 variant",-0.5372729737056112,-1.1563304198200448,0.2233502538071066,0.5025336482692079,1.0,4/4,46.36%,Q13936;Q08289;P54289-PRO_0000005001;P54289-PRO_0000005002
prerank,SNARE complex STX1A-SNAP25-VAMP1,-0.5989159891598916,-1.1555956427360659,0.26838235294117646,0.5022106254160658,1.0,3/3,40.18%,P60880;Q16623;P23763
prerank,BRCA1-C complex,0.6943089430894309,1.1548444645143283,0.2527027027027027,0.29021271583964514,1.0,3/3,30.63%,Q99708;CPX-4442;CPX-715
prerank,"Dynein-1 complex, variant 9",-0.4496880933007866,-1.1532650174248114,0.211864406779661,0.5055227215404852,1.0,6/6,55.13%,Q96FJ2;Q9NP97;P63172;Q14204;O43237;O14576
prerank,MOZ2 histone acetyltransferase complex,0.6549200325291408,1.153029910480811,0.24938875305623473,0.2929993073261846,1.0,4/4,34.58%,O95696;Q92794;Q8WYH8;Q9HAF1
prerank,MORF2 histone acetyltransferase complex,0.6549200325291408,1.1526155993316163,0.26618705035971224,0.2932208958053789,1.0,4/4,34.58%,O95696;Q8WYB5;Q8WYH8;Q9HAF1
prerank,"Cav1.2 voltage-gated calcium channel complex, CACNA2D1-CACNB4 variant",-0.5372729737056112,-1.1509728365302945,0.22797927461139897,0.5083358369986671,1.0,4/4,46.36%,Q13936;O00305;P54289-PRO_0000005001;P54289-PRO_0000005002
prerank,MORF3 histone acetyltransferase complex,0.6549200325291408,1.1501458892661451,0.25552825552825553,0.29717551504158374,1.0,4/4,34.58%,Q9ULD4;Q8WYB5;Q8WYH8;Q9HAF1
prerank,"Poly(A) tail exosome targeting complex, RBM26 variant",-0.48129067245119306,-1.149850814823778,0.2360248447204969,0.5087611911859609,1.0,5/5,51.96%,P42285;O60293;Q8IXZ2;Q86U42;Q5T8P6
prerank,USP12-WDR20 deubiquitinase complex,0.6541068040119273,1.1498457830526814,0.25675675675675674,0.2971943145100409,1.0,4/4,34.66%,Q8TBZ3;O75317;Q8TAF3;CHEBI:29105
prerank,"ILK-PINCH-Parvin complex, LIMS1-PARVA variant",-0.5905149051490515,-1.149028092725848,0.23293172690763053,0.5086589815239871,1.0,3/3,41.02%,Q13418;P48059;Q9NVD7
prerank,"FTS-Hook-FHIP cargo adaptor complex, FHIP1A-HOOK1/3 variant",-0.5307671455679045,-1.1487880580377214,0.22702702702702704,0.5074522653891946,1.0,4/4,47.01%,Q9H8T0;Q9UJC3;Q86VS8;Q05DH4
prerank,MOZ1 histone acetyltransferase complex,0.6549200325291408,1.1485256726666802,0.25875,0.29903039713630675,1.0,4/4,34.58%,P55201;Q92794;Q8WYH8;Q9HAF1
prerank,GLUK1-GLUK2-GLUK4 glutamate ionotropic kainate-type receptor complex,-0.6037940379403794,-1.1481444173080713,0.26609442060085836,0.5071111251657824,1.0,3/3,39.70%,P39086;Q13002;Q16099
prerank,"LKB1-STRAD-MO25 serine/threonine protein kinase complex, CAB39L-STRADB variant",-0.5888888888888889,-1.1480971488310026,0.250996015936255,0.5055987671059873,1.0,3/3,41.19%,Q15831;Q9C0K7;Q9H9S4
prerank,"LKB1-STRAD-MO25 serine/threonine protein kinase complex, CAB39-STRADB variant",-0.589159891598916,-1.1478984704670472,0.21804511278195488,0.5043217703350541,1.0,3/3,41.16%,Q15831;Q9Y376;Q9C0K7
prerank,"ILK-PINCH-Parvin complex, LIMS2-PARVB variant",-0.5899728997289972,-1.1473232000721356,0.2490842490842491,0.5038691160008267,1.0,3/3,41.08%,Q13418;Q9HBI1;Q7Z4I7
prerank,SNARE complex STX1B-SNAP25-VAMP1,-0.5989159891598916,-1.147239648969358,0.2672413793103448,0.5024315759454534,1.0,3/3,40.18%,P60880;P61266;P23763
prerank,CL-LK-MASP1 lectin-protease complex,-0.5345622119815667,-1.1472212516019058,0.2463768115942029,0.5008791377812136,1.0,4/4,46.63%,P48740-PRO_0000027594;P48740-PRO_0000027593;Q9Y6Z7;Q9BWP8
prerank,USP12-DMWD deubiquitinase complex,0.6541068040119273,1.1469302236023489,0.25770653514180025,0.30135832751224645,1.0,4/4,34.66%,Q09019;O75317;Q8TAF3;CHEBI:29105
prerank,"ILK-PINCH-Parvin complex, LIMS1-PARVB variant",-0.591869918699187,-1.145835586124807,0.2824427480916031,0.5022233395896906,1.0,3/3,40.89%,Q13418;P48059;Q9HBI1
prerank,Mitochondrial BOLA3-GLRX5 iron-sulfur cluster assembly complex,-0.5258877744646245,-1.1457107407588694,0.23243243243243245,0.5008623258568647,1.0,4/4,47.50%,CHEBI:33737;CHEBI:16856;Q86SX6;Q53S33
prerank,"MON1-CCZ1 guanyl-nucleotide exchange factor complex, MON1B variant",-0.5967479674796748,-1.145269226325131,0.2570281124497992,0.5001901721215801,1.0,3/3,40.40%,Q96DM3;Q7L1V2;P86791
prerank,"SREBP-SCAP-INSIG sequestering complex, INSIG2-SREBF2 variant",-0.5924119241192412,-1.1446932048223712,0.2567049808429119,0.49966932299250766,1.0,3/3,40.83%,CHEBI:42977;Q9Y5U4;CPX-25721
prerank,"MON1-CCZ1B guanyl-nucleotide exchange factor complex, MON1B variant",-0.5951219512195122,-1.1445637442282077,0.27310924369747897,0.4983211026512397,1.0,3/3,40.56%,Q96DM3;Q7L1V2;P86790
prerank,"Cav1.2 voltage-gated calcium channel complex, CACNA2D3-CACNB1 variant",-0.538357278395229,-1.1442373487403992,0.25773195876288657,0.49741162046182136,1.0,4/4,46.25%,Q13936;Q02641;Q8IZS8-PRO_0000304647;Q8IZS8-PRO_0000304648
prerank,R2SD co-chaperone complex,0.6579018704255897,1.1434507522885968,0.24399494310998734,0.3071433590911743,1.0,4/4,34.28%,Q9NVR5;Q07617;Q9Y265;Q9Y230
prerank,"Cav1.2 voltage-gated calcium channel complex, CACNA2D3-CACNB4 variant",-0.538357278395229,-1.1433766766613502,0.23243243243243245,0.4976650881045255,1.0,4/4,46.25%,Q13936;O00305;Q8IZS8-PRO_0000304647;Q8IZS8-PRO_0000304648
prerank,"Gamma-delta T cell receptor complex, TRGC1 variant",-0.4953904555314534,-1.1432921081424883,0.29213483146067415,0.496238962337789,1.0,5/5,50.56%,P07766;P09693;P20963;B7Z8K6;P0CF51
prerank,R2TP core co-chaperone complex,0.6579018704255897,1.143128584381494,0.2663316582914573,0.30715197580810527,1.0,4/4,34.28%,Q9H6T3;Q9NWS0;Q9Y265;Q9Y230
prerank,MORF1 histone acetyltransferase complex,0.6549200325291408,1.1431238288449768,0.25184275184275184,0.3066534020043275,1.0,4/4,34.58%,P55201;Q8WYB5;Q8WYH8;Q9HAF1
prerank,GET complex,0.6541068040119273,1.143025903443957,0.2417721518987342,0.30632949017667704,1.0,4/4,34.66%,O00258;P49069;O43681;CHEBI:29105
prerank,"MON1-CCZ1 guanyl-nucleotide exchange factor complex, MON1A variant",-0.5967479674796748,-1.1406753734299488,0.2784313725490196,0.49949425200361464,1.0,3/3,40.40%,Q96DM3;Q86VX9;P86791
prerank,R2SP co-chaperone complex,0.6579018704255897,1.1403264114441916,0.25806451612903225,0.3107108334724768,1.0,4/4,34.28%,Q8WWB5;Q07617;Q9Y265;Q9Y230
prerank,"SREBP-SCAP-INSIG sequestering complex, INSIG1-SREBF2 variant",-0.5924119241192412,-1.13966212099911,0.25842696629213485,0.4998671662558808,1.0,3/3,40.83%,CHEBI:42977;O15503;CPX-25721
prerank,"SREBP-SCAP-INSIG sequestering complex, INSIG1-SREBF1 variant",-0.5883468834688347,-1.1379321179097075,0.2600732600732601,0.5018922030300018,1.0,3/3,41.24%,CHEBI:42977;O15503;CPX-25745
prerank,Mitochondrial BOLA1-GLRX5 iron-sulfur cluster assembly complex,-0.5261588506370289,-1.1378054986513617,0.24858757062146894,0.5006220244512463,1.0,4/4,47.47%,CHEBI:33737;CHEBI:16856;Q86SX6;Q9Y3E2
prerank,"LKB1-STRAD-MO25 serine/threonine protein kinase complex, CAB39-STRADA variant",-0.5907859078590786,-1.1374824803475203,0.2737226277372263,0.4997012216326296,1.0,3/3,41.00%,Q15831;Q9Y376;Q7RTN6
prerank,"Cav1.2 voltage-gated calcium channel complex, CACNA2D4-CACNB1 variant",-0.5399837354296557,-1.1370829581133155,0.29064039408866993,0.4990236341078515,1.0,4/4,46.09%,Q13936;Q02641;Q7Z3S7-PRO_0000304656;Q7Z3S7-PRO_0000304657
prerank,"ILK-PINCH-Parvin complex, LIMS2-PARVA variant",-0.5899728997289972,-1.1365098729428316,0.23255813953488372,0.4986659771088281,1.0,3/3,41.08%,Q13418;Q9NVD7;Q7Z4I7
prerank,Telomerase holoenzyme complex,0.5754205100379816,1.1336101353343424,0.30022075055187636,0.3223738070258158,1.0,7/7,42.57%,Q9NY12;Q9NX24;Q9NPE3;URS00004A7003_9606;Q9BUR4;O60832;O14746
prerank,"GABA-A receptor, alpha1-alpha2-beta2-beta3-gamma2",-0.48183297180043383,-1.133124911356559,0.24615384615384617,0.5038671356594774,1.0,5/5,51.91%,P28472;P47870;P18507;P14867;P47869
prerank,"Cav1.2 voltage-gated calcium channel complex, CACNA2D3-CACNB3 variant",-0.538357278395229,-1.1322321935429573,0.2717391304347826,0.5043365240961062,1.0,4/4,46.25%,Q13936;P54284;Q8IZS8-PRO_0000304647;Q8IZS8-PRO_0000304648
prerank,GLUK1-GLUK3-GLUK5 glutamate ionotropic kainate-type receptor complex,-0.5902439024390244,-1.1314312883305753,0.2542372881355932,0.5043336945412759,1.0,3/3,41.05%,P39086;Q13003;Q16478
prerank,Dehydrodolichyl diphosphate synthase complex,0.6878048780487805,1.1302585598047392,0.2724795640326976,0.3279989768599727,1.0,3/3,31.28%,Q96E22;Q86SQ9;CHEBI:18420
prerank,"Dynein-1 complex, variant 16",-0.45023053973420124,-1.1300726281555056,0.25862068965517243,0.5058673348820807,1.0,6/6,55.08%,Q96FJ2;P51808;Q9NP97;Q14204;Q13409;Q9Y6G9
prerank,"Mitochondrial succinyl-CoA synthetase complex, ATP-specific variant",0.6878048780487804,1.12896838388099,0.2803738317757009,0.32988532397382264,1.0,3/3,31.28%,Q9P2R7;P53597;CHEBI:18420
prerank,"MON1-CCZ1B guanyl-nucleotide exchange factor complex, MON1A variant",-0.5951219512195122,-1.1285842768060288,0.2620967741935484,0.5070807059832657,1.0,3/3,40.56%,Q96DM3;Q86VX9;P86790
prerank,"Mitochondrial succinyl-CoA synthetase complex, GTP-specific variant",0.6878048780487804,1.127701773687842,0.27709190672153633,0.33166865660718464,1.0,3/3,31.28%,Q96I99;P53597;CHEBI:18420
prerank,"Dynein-1 complex, variant 14",-0.4496880933007866,-1.1276826684838108,0.23846153846153847,0.5073952623713577,1.0,6/6,55.13%,Q96FJ2;P51808;Q9NP97;Q14204;Q9Y6G9;O14576
prerank,"Gamma-delta T cell receptor complex, TRGC2 variant",-0.4943058568329718,-1.1273916051563977,0.25862068965517243,0.506471263249674,1.0,5/5,50.66%,P07766;P09693;P20963;B7Z8K6;P03986
prerank,GLUK1-GLUK2-GLUK5 glutamate ionotropic kainate-type receptor complex,-0.5902439024390244,-1.1270092974344426,0.28225806451612906,0.5058841440179336,1.0,3/3,41.05%,P39086;Q13002;Q16478
prerank,C3PO endoribonuclease complex,0.6878048780487805,1.1266849398329706,0.27853260869565216,0.33298894686853836,1.0,3/3,31.28%,Q15631;Q99598;CHEBI:18420
prerank,Lactose synthase complex,0.6785907859078592,1.1262111519121065,0.276843467011643,0.33329751729201557,1.0,3/3,32.20%,P00709;P15291-2;CHEBI:29108
prerank,"Cav1.2 voltage-gated calcium channel complex, CACNA2D1-CACNB1 variant",-0.5372729737056112,-1.1241682887067599,0.27647058823529413,0.5101101980332576,1.0,4/4,46.36%,Q13936;Q02641;P54289-PRO_0000005001;P54289-PRO_0000005002
prerank,MUS81-EME1 structure-specific endonuclease complex,0.6878048780487807,1.1221192172295995,0.3007915567282322,0.34024959119624326,1.0,3/3,31.28%,Q96AY2;Q96NY9;CHEBI:18420
prerank,"AMPK complex, alpha2-beta2-gamma2 variant",-0.5677506775067751,-1.1220791191270991,0.25193798449612403,0.512916979958673,1.0,3/3,43.30%,P54646;O43741;Q9UGJ0
prerank,Mitochondrial pyruvate dehydrogenase serine/threonine phosphatase complex,0.6878048780487804,1.120170630108692,0.28060522696011003,0.34339156157098005,1.0,3/3,31.28%,Q8NCN5;Q9P0J1;CHEBI:18420
prerank,MUS81-EME2 structure-specific endonuclease complex,0.6878048780487807,1.1195389780190417,0.29110512129380056,0.3440055368862371,1.0,3/3,31.28%,A4GXA9;Q96NY9;CHEBI:18420
prerank,"Poly(A) tail exosome targeting complex, RBM27 variant",-0.4780368763557484,-1.119524067016261,0.2556818181818182,0.5166465944721985,1.0,5/5,52.29%,P42285;O60293;Q8IXZ2;Q86U42;Q9P2N5
prerank,Coagulation factor IXa complex,0.6785907859078592,1.1162082149169337,0.29935483870967744,0.34971907312710626,1.0,3/3,32.20%,P00740-PRO_0000027759;P00740-PRO_0000027757;CHEBI:29108
prerank,"LKB1-STRAD-MO25 serine/threonine protein kinase complex, CAB39L-STRADA variant",-0.5888888888888889,-1.1160583048305706,0.28125,0.5221133164729216,1.0,3/3,41.19%,Q15831;Q7RTN6;Q9H9S4
prerank,U4/U6 small nuclear ribonucleoprotein complex,0.6810298102981029,1.1158553441557855,0.292,0.349809760976794,1.0,3/3,31.95%,CPX-26417;CPX-26415;Q8WWY3
prerank,"Ubiquitous AP-1 Adaptor complex, sigma1c variant",-0.5107075088099755,-1.115672872875217,0.26373626373626374,0.5214964181106142,1.0,4/4,49.01%,O43747;Q10567;Q9BXS5;Q96PC3
prerank,Cubam cobalamin uptake receptor complex,0.6785907859078592,1.1153919160681252,0.301460823373174,0.3501537369648217,1.0,3/3,32.20%,Q9BXJ7;O60494;CHEBI:29108
prerank,"AMPK complex, alpha2-beta2-gamma3 variant",-0.5644986449864499,-1.1152513139933133,0.2824427480916031,0.5208755673848255,1.0,3/3,43.62%,P54646;O43741;Q9UGI9
prerank,"AMPK complex, alpha1-beta2-gamma2 variant",-0.5677506775067751,-1.1136319458284087,0.2893772893772894,0.5227191256428384,1.0,3/3,43.30%,Q13131;O43741;Q9UGJ0
prerank,KIF3 complex variant AC-KAP3,-0.5642276422764227,-1.111659093638682,0.29044117647058826,0.5251013609519467,1.0,3/3,43.65%,Q92845;Q9Y496;O14782
prerank,BOLA2-GLRX3 iron-sulfur cluster assembly complex,-0.5264299268094333,-1.111175759745763,0.30851063829787234,0.5246255354086351,1.0,4/4,47.44%,CHEBI:33737;CHEBI:16856;O76003;Q9H3K6
prerank,SF3A complex,0.6788617886178863,1.1109164881744884,0.31225296442687744,0.35820384259473775,1.0,3/3,32.17%,Q15428;Q15459;Q12874
prerank,NLGN1(-SSA-SSB) - NRXN1-beta(-SS4) complex,0.6785907859078592,1.1104493736485355,0.3157199471598415,0.3579379828447761,1.0,3/3,32.20%,P58400-1;Q8N2Q7;CHEBI:29108
prerank,NLGN1(+SSA+SSB) - NRXN1-beta(-SS4) complex,0.6785907859078592,1.1104493736485355,0.3157199471598415,0.3579379828447761,1.0,3/3,32.20%,P58400-1;Q8N2Q7;CHEBI:29108
prerank,"Ubiquitous AP-1 Adaptor complex, sigma1b variant",-0.5082678232583355,-1.1103676695734572,0.26540284360189575,0.5247211581382041,1.0,4/4,49.26%,O43747;Q10567;Q9BXS5;P56377
prerank,Annexin A2 - S100-A10 complex,0.6785907859078592,1.1098877015636888,0.31266846361185985,0.35840305699784136,1.0,3/3,32.20%,P60903;P07355;CHEBI:29108
prerank,Classical and lectin pathway C3 convertase complex C4b2a-A,-0.50365952832746,-1.1097773413563952,0.28780487804878047,0.5244730159303103,1.0,4/4,49.72%,P06681-PRO_0000027612;P0C0L4-PRO_0000005972;P0C0L4-PRO_0000005970;P0C0L4-PRO_0000005966
prerank,ISCA1-ISCA2 mitochondrial iron-sulfur protein assembly complex,0.6802168021680215,1.1084583198762579,0.34054054054054056,0.3605522686949233,1.0,3/3,32.03%,Q9BUE6;Q86U28;CHEBI:49883
prerank,Complement factor I complex,0.6785907859078592,1.1083935992757876,0.31283422459893045,0.3601058899602481,1.0,3/3,32.20%,P05156-PRO_0000027569;P05156-PRO_0000027570;CHEBI:29108
prerank,LMAN1-MCFD2 cargo receptor complex,0.6785907859078593,1.106978216325874,0.31994645247657294,0.36233598126925537,1.0,3/3,32.20%,P49257;Q8NI22;CHEBI:29108
prerank,"Replication protein A complex, RPA2 variant",-0.5631436314363144,-1.1064194846046154,0.30303030303030304,0.5300068988244583,1.0,3/3,43.76%,P35244;P27694;P15927
prerank,COPII vesicle coat complex,0.5259495903204091,1.105430961136469,0.3472222222222222,0.3646985238119927,1.0,8/9,40.97%,O95487;Q9NR31;P53992;O94979;O95486;Q9NQW1;Q9Y6B6;O94855
prerank,2-(3-amino-3-carboxypropyl)histidine synthase complex,0.6802168021680217,1.1052467860253898,0.3202170963364993,0.36447203655396004,1.0,3/3,32.03%,Q9BQC3;Q9BZG8;CHEBI:49883
prerank,"Replication protein A complex, RPA4 variant",-0.5685636856368563,-1.102597055432335,0.2775800711743772,0.5367329898365937,1.0,3/3,43.22%,P35244;P27694;Q13156
prerank,Chitinase 3-like-1-tmem219-interleukin-13 receptor-ligand alpha-2 signalling complex,0.6275413391162916,1.099799657448423,0.33964646464646464,0.3745151094155115,1.0,4/4,37.31%,Q86XT9;Q14627;P36222;P35225
prerank,"Endothelial AP-1 Adaptor complex, sigma1a variant",-0.5104364326375711,-1.0969630507579975,0.28773584905660377,0.5471486234406078,1.0,4/4,49.04%,O43747;Q10567;P61966;Q9Y6Q5
prerank,KIF3 complex variant AB-KAP3,-0.5593495934959349,-1.0953601683164855,0.29770992366412213,0.5487643393780578,1.0,3/3,44.14%,Q92845;Q9Y496;O15066
prerank,CCM endothelial permeability complex,-0.5666666666666667,-1.0922018961143019,0.3360323886639676,0.5539673710552171,1.0,3/3,43.41%,O00522;Q9BSQ5;Q9BUL8
prerank,"AMPK complex, alpha2-beta1-gamma2 variant",-0.5677506775067751,-1.091178106778325,0.30859375,0.5544764437476531,1.0,3/3,43.30%,P54646;Q9Y478;Q9UGJ0
prerank,NUBP1-NUBP2 iron-sulfur cluster assembly scaffold complex,0.6802168021680217,1.0906312349253746,0.3496042216358839,0.39157454824615495,1.0,3/3,32.03%,Q9Y5Y2;P53384;CHEBI:49883
prerank,"SEC61 protein-conducting channel complex, SEC1A1 variant",-0.5699186991869919,-1.090350163656614,0.3228346456692913,0.5545072754512727,1.0,3/3,43.08%,P60059;P60468;P61619
prerank,ASCC DNA alkylation repair complex,-0.5653116531165312,-1.0894356642037188,0.31020408163265306,0.5550702870465155,1.0,3/3,43.54%,Q9H1I8;Q8N3C0;Q8N9N2
prerank,"AMPK complex, alpha1-beta1-gamma3 variant",-0.5644986449864499,-1.0884373736985906,0.2851851851851852,0.5555501349725177,1.0,3/3,43.62%,Q13131;Q9Y478;Q9UGI9
prerank,"m-AAA protease complex, AFG3L2-SPG7 variant",0.6539295392953929,1.0873299963610197,0.3616734143049933,0.39727620867458113,1.0,3/3,34.66%,Q9UQ90;Q9Y4W6;CHEBI:29105
prerank,Piccolo NuA4 histone acetyltransferase complex ,0.6636856368563686,1.0866098147267407,0.3448753462603878,0.39801262956878164,1.0,3/3,33.69%,Q92993;Q9NXR8;Q9H2F5
prerank,Collagen type IV trimer variant 3,-0.5650406504065041,-1.0856389916912845,0.34977578475336324,0.5599213707887094,1.0,3/3,43.57%,P29400;P53420;Q01955
prerank,"PAR cell polarity complex, PARD6A-PRKCI variant",-0.5509485094850949,-1.0831712743798183,0.3187250996015936,0.5635883813310019,1.0,3/3,44.98%,Q8TEW0;P41743;Q9NPB6
prerank,"TAK1-TAB complex, TAB2 variant",-0.5626016260162602,-1.082275544783789,0.35344827586206895,0.5638529275599945,1.0,3/3,43.81%,O43318;Q15750;Q9NYJ8
prerank,"Nucleosome, variant H3.2-H2A.2-H2B.1",-0.443058568329718,-1.0820645596994714,0.34415584415584416,0.5626634271812917,1.0,5/5,55.78%,P62805;P06899;CHEBI:4705;P04908;Q71DI3
prerank,Interleukin-17F receptor-ligand complex,-0.4936297099484955,-1.078207388115583,0.3111111111111111,0.5693112449091692,1.0,4/4,50.72%,Q96F46;O43734;Q96PD4;Q8NAC3
prerank,tRNA-guanine transglycosylase complex,0.653929539295393,1.077952323528909,0.3543307086614173,0.41455301030315034,1.0,3/3,34.66%,Q9BXR0;Q9H974;CHEBI:29105
prerank,"TAK1-TAB complex, TAB3 variant",-0.5634146341463414,-1.0776227788515012,0.35094339622641507,0.5688283261110446,1.0,3/3,43.73%,O43318;Q15750;Q8N5C8
prerank,"AMPK complex, alpha1-beta2-gamma3 variant",-0.5644986449864499,-1.0772364062696245,0.364,0.5681769227092541,1.0,3/3,43.62%,Q13131;O43741;Q9UGI9
prerank,General transcription factor TFIIB-TBP complex,0.6539295392953929,1.0766197005034586,0.37681159420289856,0.41649185982962617,1.0,3/3,34.66%,Q00403;P20226;CHEBI:29105
prerank,ERAP1-ERAP2 endoplasmic reticulum aminopeptidase complex,0.653929539295393,1.0765759084473823,0.3803763440860215,0.41592110550987343,1.0,3/3,34.66%,Q6P179;Q9NZ08;CHEBI:29105
prerank,"AMPK complex, alpha1-beta1-gamma2 variant",-0.5677506775067751,-1.076297648179796,0.33090909090909093,0.56871676477026,1.0,3/3,43.30%,Q13131;Q9Y478;Q9UGJ0
prerank,"RAVE complex, DMXL2 variant",-0.5601626016260163,-1.0760645131394575,0.3418181818181818,0.5676579006903917,1.0,3/3,44.06%,Q9GZN7;Q9Y4E6;Q8TDJ6
prerank,[Cu-Zn] Superoxide dismutase complex,0.653929539295393,1.07517053275296,0.3626666666666667,0.4180277461745921,1.0,3/3,34.66%,P00441;CHEBI:29036;CHEBI:29105
prerank,"LINC complex, SUN2-SYNE4 variant",0.6539295392953931,1.0751058137772447,0.3685636856368564,0.4175048541056736,1.0,3/3,34.66%,Q8N205;Q9UH99;CHEBI:29105
prerank,Mitochondrial processing peptidase complex,0.653929539295393,1.0749005992002068,0.38247011952191234,0.41726998452176073,1.0,3/3,34.66%,Q10713;O75439;CHEBI:29105
prerank,"AMPK complex, alpha2-beta2-gamma1 variant",-0.5617886178861788,-1.0737284754150593,0.31343283582089554,0.5711243239679024,1.0,3/3,43.89%,P54646;O43741;P54619
prerank,"Katanin complex, KATNAL2-KATNB1 variant",-0.5506775067750678,-1.073158119712314,0.3433962264150943,0.5708687581764164,1.0,3/3,45.00%,CHEBI:15422;Q9BVA0;Q8IYT4
prerank,RQT ribosome-associated quality control trigger complex,-0.5669376693766938,-1.073103162421194,0.3373493975903614,0.5693835995075925,1.0,3/3,43.38%,Q9H1I8;Q8N3C0;Q15650
prerank,"Katanin complex, KATNA1-KATNBL1 variant",-0.5525745257452574,-1.072791025379909,0.34074074074074073,0.5684607043670574,1.0,3/3,44.81%,CHEBI:15422;Q9H079;O75449
prerank,"General transcription factor TFIII3B complex, BRF2 variant",0.6566395663956641,1.0720811265254568,0.3815261044176707,0.422090168712635,1.0,3/3,34.39%,Q9HAW0;A6H8Y1;P20226
prerank,"AMPK complex, alpha2-beta1-gamma1 variant",-0.5617886178861788,-1.0712861456799496,0.3359375,0.5700194228744901,1.0,3/3,43.89%,P54646;Q9Y478;P54619
prerank,"LINC complex, SUN1-SYNE4 variant",0.6539295392953931,1.0698776571507669,0.3924731182795699,0.42568800921112243,1.0,3/3,34.66%,Q8N205;O94901;CHEBI:29105
prerank,"GABA-A receptor, alpha1-beta1-gamma2",-0.5433604336043361,-1.0677664647775875,0.3486590038314176,0.5758188120308816,1.0,3/3,45.74%,P18507;P18505;P14867
prerank,"PAR cell polarity complex, PARD6G-PRKCI variant",-0.5468834688346883,-1.067560179788058,0.33454545454545453,0.57469119990406,1.0,3/3,45.38%,Q8TEW0;P41743;Q9BYG4
prerank,NLRC4 inflammasome,-0.48983464353483325,-1.0674660915804164,0.35353535353535354,0.5733059432146714,1.0,4/4,51.10%,Q9ULZ3;P29466;Q13075;Q9NPP4
prerank,"AMPK complex, alpha2-beta1-gamma3 variant",-0.5644986449864499,-1.0670277702706892,0.3609022556390977,0.5726548247127317,1.0,3/3,43.62%,P54646;Q9Y478;Q9UGI9
prerank,"GABA-A receptor, alpha3-beta3-gamma2",-0.5428184281842818,-1.0667299975749092,0.3643410852713178,0.5717310862378817,1.0,3/3,45.79%,P28472;P18507;P34903
prerank,"AMPK complex, alpha1-beta2-gamma1 variant",-0.5617886178861788,-1.0661720962781132,0.352059925093633,0.5714111945880899,1.0,3/3,43.89%,Q13131;O43741;P54619
prerank,"General transcription factor TFIII3B complex, BRF1 variant",0.6566395663956641,1.066162562065301,0.39398084815321477,0.4322948077345497,1.0,3/3,34.39%,Q92994;A6H8Y1;P20226
prerank,SLX1-SLX4 structure-specific endonuclease complex,0.6539295392953928,1.0658993009102065,0.3901098901098901,0.4321095836106883,1.0,3/3,34.66%,Q9BQ83;Q8IY92;CHEBI:29105
prerank,"Katanin complex, KATNAL1-KATNB1 variant",-0.551219512195122,-1.0646821051860833,0.3484848484848485,0.5727819990568186,1.0,3/3,44.95%,CHEBI:15422;Q9BVA0;Q9BW62
prerank,R2T co-chaperone complex,0.6577235772357723,1.0642709332960003,0.4089068825910931,0.4345354806848261,1.0,3/3,34.28%,Q9H6T3-2;Q9Y265;Q9Y230
prerank,PDGF receptor alpha - PDGF-AB complex,-0.5479674796747968,-1.0634787139661406,0.319672131147541,0.5738647789407156,1.0,3/3,45.27%,P16234;P01127;P04085
prerank,Classical and lectin pathway C3 convertase complex C4b2a-B,-0.4966115478449444,-1.0623022562615663,0.32085561497326204,0.5748188987509084,1.0,4/4,50.42%,P06681-PRO_0000027612;P0C0L5-PRO_0000042706;P0C0L5-PRO_0000042703;P0C0L5-PRO_0000042699
prerank,"PAR cell polarity complex, PARD6A-PRKCZ variant",-0.5509485094850949,-1.0610707231662038,0.3534136546184739,0.575972328166731,1.0,3/3,44.98%,Q8TEW0;Q05513;Q9NPB6
prerank,"Nucleosome, variant H3.1t-H2A.2-H2B.1",-0.44116052060737526,-1.0608414948748268,0.35443037974683544,0.5750204769656603,1.0,5/5,55.97%,P62805;P06899;CHEBI:4705;P04908;Q16695
prerank,"PAR cell polarity complex, PARD6B-PRKCI variant",-0.5452574525745257,-1.0597546220458682,0.3333333333333333,0.5757472273717761,1.0,3/3,45.55%,Q8TEW0;P41743;Q9BYG5
prerank,"AMPK complex, alpha1-beta1-gamma1 variant",-0.5617886178861788,-1.0596047630538172,0.3563218390804598,0.5745846932327454,1.0,3/3,43.89%,Q13131;Q9Y478;P54619
prerank,"SEC61 protein-conducting channel complex, SEC1A2 variant",-0.5680216802168022,-1.0585441225891363,0.37174721189591076,0.5754368529957411,1.0,3/3,43.27%,P60059;P60468;Q9H9S3
prerank,"RAVE complex, DMXL1 variant",-0.5682926829268292,-1.0570291252632726,0.376425855513308,0.5768425662801792,1.0,3/3,43.24%,Q9GZN7;Q9Y4E6;Q9Y485
prerank,"Nucleosome complex, H2BC12 variant ",-0.4446854663774404,-1.0568067657399023,0.34782608695652173,0.5756929511442146,1.0,5/5,55.62%,P62805;CHEBI:4705;P68431;P04908;O60814
prerank,Interleukin-23 receptor-ligand complex,-0.5004066142586067,-1.056118402072776,0.375,0.5757063096934686,1.0,4/4,50.04%,P42701-PRO_0000010917;P29460-PRO_0000010930;Q9NPF7-PRO_0000259488;Q5VWK5-PRO_0000268662
prerank,"Katanin complex, KATNAL1-KATNBL1 variant",-0.551219512195122,-1.0560152350567655,0.3669064748201439,0.5744054754948047,1.0,3/3,44.95%,CHEBI:15422;Q9H079;Q9BW62
prerank,"Katanin complex, KATNA1-KATNB1 variant",-0.5525745257452574,-1.0555768941734436,0.37992831541218636,0.5738698440615612,1.0,3/3,44.81%,CHEBI:15422;Q9BVA0;O75449
prerank,PDGF receptor beta - PDGF-AB complex,-0.5479674796747968,-1.0543127467847635,0.3524229074889868,0.5750026984470573,1.0,3/3,45.27%,P09619;P01127;P04085
prerank,"GABA-A receptor, alpha1-beta3-gamma2",-0.5433604336043361,-1.0532965299139116,0.38333333333333336,0.5757325813733756,1.0,3/3,45.74%,P28472;P18507;P14867
prerank,CENP-A nucleosome complex,-0.44224511930585686,-1.0520663265306127,0.3446327683615819,0.5769869258032535,1.0,5/5,55.86%,P62805;P06899;P04908;P49450;CHEBI:75909
prerank,"Nucleosome complex, H2A type 1 variant ",-0.44414316702819956,-1.0514861779524358,0.3592814371257485,0.5767926255290876,1.0,5/5,55.67%,P62805;P06899;CHEBI:4705;P68431;P0C0S8
prerank,"Katanin complex, KATNAL2-KATNBL1 variant",-0.5506775067750678,-1.050890210461478,0.37174721189591076,0.576540194533553,1.0,3/3,45.00%,CHEBI:15422;Q9H079;Q8IYT4
prerank,"Nucleosome, variant H3.1-H2A.Z-H2B.1",-0.4436008676789588,-1.0506980852366608,0.35947712418300654,0.5754045027545093,1.0,5/5,55.73%,P62805;P06899;CHEBI:4705;P68431;P0C0S5
prerank,"Nuclear mitotic cohesin complex, STAG2 variant",-0.47194361615613983,-1.050145469299189,0.372972972972973,0.5751307218199326,1.0,4/4,52.88%,Q9UQE7;O60216;Q14683;Q8N3U4
prerank,Interleukin-18 receptor-ligand complex,-0.5598915989159892,-1.0493919810390857,0.35864978902953587,0.5752429488891582,1.0,3/3,44.08%,Q14116;O95256;Q13478
prerank,Interleukin-17A receptor-ligand complex,-0.4936297099484955,-1.0492398412386987,0.34513274336283184,0.5740930961788658,1.0,4/4,50.72%,Q96F46;O43734;Q16552;Q8NAC3
prerank,SNARE complex STX17-SNAP29-VAMP7,-0.5455284552845528,-1.048628828406952,0.35714285714285715,0.5738311602243173,1.0,3/3,45.52%,P56962;O95721;P51809
prerank,"GABA-A receptor, alpha1-alpha2-beta3-gamma2",-0.48170235836269987,-1.0468549909396394,0.3471502590673575,0.5760291588241426,1.0,4/4,51.91%,P28472;P18507;P14867;P47869
prerank,PDGF receptor alpha-beta - PDGF-BB complex,-0.5490514905149051,-1.0465305769584061,0.3472803347280335,0.5753119206751878,1.0,3/3,45.17%,P16234;P09619;P01127
prerank,"Nucleosome, variant H3.1-H2A.V-H2B.1",-0.44495661605206077,-1.0411042424324677,0.35802469135802467,0.5849180326738687,1.0,5/5,55.59%,P62805;P06899;CHEBI:4705;P68431;Q71UI9
prerank,SNARE complex STX17-SNAP47-VAMP7,-0.5449864498644986,-1.041103268770526,0.3588709677419355,0.5834694344649084,1.0,3/3,45.57%,P56962;P51809;Q5SQN1
prerank,"GABA-A receptor, alpha1-alpha2-beta2-gamma2",-0.48170235836269987,-1.0397934752690536,0.3614457831325301,0.5846352013523318,1.0,4/4,51.91%,P47870;P18507;P14867;P47869
prerank,"PAR cell polarity complex, PARD6G-PRKCZ variant",-0.5468834688346883,-1.0394035573374052,0.3938223938223938,0.5839165424494445,1.0,3/3,45.38%,Q8TEW0;Q05513;Q9BYG4
prerank,ATG12-ATG5-ATG16L2 complex,-0.5314363143631436,-1.0393435524233308,0.3776824034334764,0.5825831346790031,1.0,3/3,46.93%,Q9H1Y0;O94817;Q8NAA4
prerank,SNARE complex STX17-SNAP29-VAMP8,-0.5463414634146342,-1.0384598667148448,0.39271255060728744,0.5831129786221284,1.0,3/3,45.44%,P56962;O95721;Q9BV40
prerank,"GABA-A receptor, alpha1-beta2-gamma2",-0.5433604336043361,-1.0333478789339516,0.42857142857142855,0.5921650513196031,1.0,3/3,45.74%,P47870;P18507;P14867
prerank,Ribonuclease MRP complex,0.4923995656894682,1.0332789867490928,0.46120689655172414,0.4945357655941623,1.0,9/9,50.88%,Q9BUL9;O75817;P78345;O75818;Q99575;Q969H6;P78346;O95707;URS000075C8FA_9606
prerank,"PAR cell polarity complex, PARD6B-PRKCZ variant",-0.5452574525745257,-1.0327949155995817,0.37142857142857144,0.5920297520657205,1.0,3/3,45.55%,Q8TEW0;Q05513;Q9BYG5
prerank,TMEM219-Interleukin-13 decoy-receptor-ligand alpha 2 complex,0.6273712737127373,1.0319367082641067,0.4731182795698925,0.4964925932084167,1.0,3/3,37.31%,Q86XT9;Q14627;P35225
prerank,"GABA-A receptor, alpha3-beta1-gamma2 complex",-0.5428184281842818,-1.0282907445572935,0.42028985507246375,0.6000437317795848,1.0,3/3,45.79%,P18507;P18505;P34903
prerank,NRZ tethering complex,-0.5219512195121951,-1.0252831251554895,0.3835125448028674,0.6047822333648256,1.0,3/3,47.87%,O43264;A2RRP1;Q6NUQ1
prerank,Collagen type XI trimer variant 3,-0.5474254742547425,-1.0250735208701447,0.3855421686746988,0.6038383603503896,1.0,3/3,45.33%,P12107;P05997;P20908
prerank,CRUMBS2-PALS1-PATJ cell polarity complex,-0.5292682926829269,-1.024544627315901,0.36470588235294116,0.6034880642708531,1.0,3/3,47.14%,Q8N3R9;Q8NI35;Q5IJ48
prerank,SNARE complex STX17-SNAP47-VAMP8,-0.5449864498644986,-1.024527630230921,0.38306451612903225,0.6020580877553281,1.0,3/3,45.57%,P56962;Q9BV40;Q5SQN1
prerank,Membrane bound interleukin-6 mIL6R receptor-ligand cluster-signalling complex,0.6333333333333333,1.0236620017259603,0.4736147757255937,0.5121657252645271,1.0,3/3,36.72%,P05231-PRO_0000015582;P08887-1;P40189-1
prerank,"Nuclear mitotic cohesin complex, STAG1 variant",-0.4695039306044998,-1.022716862003601,0.4121212121212121,0.604351457484796,1.0,4/4,53.13%,Q9UQE7;O60216;Q14683;Q8WVM7
prerank,"Nuclear meiotic cohesin complex, REC8 variant",-0.4703171591217132,-1.0180753262069826,0.4052631578947368,0.6123194113168451,1.0,4/4,53.05%,Q9UQE7;Q9UJ98;Q8NDV3;O95072
prerank,"Nuclear meiotic cohesin complex, RAD21L1 variant",-0.46977500677690426,-1.0180063797877466,0.43956043956043955,0.6110150423524747,1.0,4/4,53.10%,Q9UQE7;Q9UJ98;Q8NDV3;Q9H4I0
prerank,"Neuronal nicotinic acetylcholine receptor complex, alpha3-alpha6-beta2-beta3",-0.47085931146652205,-1.0144924235848116,0.37967914438502676,0.6168177468952732,1.0,4/4,52.99%,P17787-PRO_0000000379;P32297-PRO_0000000346;Q15825-PRO_0000000360;Q05901-PRO_0000000383
prerank,"LIN-10-LIN-2-LIN-7 complex, LIN7B variant",-0.521680216802168,-1.0129883498362668,0.3968871595330739,0.6185597832472239,1.0,3/3,47.90%,O14936;Q02410;Q9HAP6
prerank,IL11-sIL11RA-sIL-6ST receptor-ligand buffering complex,0.6173441734417344,1.0122244309239292,0.5090655509065551,0.5338197622924302,1.0,3/3,38.32%,P40189-2;Q14626-PRO_0000450688;P20809
prerank,Interleukin-35 receptor ligand type 2 complex,0.6170731707317072,1.0104113034575837,0.4940239043824701,0.5365818628748884,1.0,3/3,38.34%,Q99665;CPX-25744;Q6UWB1
prerank,"GABA-A receptor, alpha3-beta2-gamma2",-0.5428184281842818,-1.0102834576514397,0.4592274678111588,0.6229305080737062,1.0,3/3,45.79%,P47870;P18507;P34903
prerank,Interleukin-25 receptor-ligand complex,-0.45838980753591757,-1.009969170845514,0.3942307692307692,0.6221173145812134,1.0,4/4,54.24%,Q96F46;O43734;Q9NRM6;Q9H293
prerank,"Sodium:potassium-exchanging ATPase complex, FXYD1 variant",-0.5105691056910568,-1.0076137977711435,0.408,0.6257291231394493,1.0,2/3,2.36%,P05023;P05026
prerank,"Beta-catenin destruction core complex, APC2-AXIN1-GSK3A variant",-0.4716725399837354,-1.006876380983116,0.47058823529411764,0.6259347615619109,1.0,4/4,52.91%,P48729;O95996;O15169;P49840
prerank,"LIN-10-LIN-2-LIN-7 complex, LIN7C variant",-0.510840108401084,-1.0010642115810282,0.4296875,0.6366182124208855,1.0,3/3,48.98%,O14936;Q02410;Q9NUP9
prerank,ATG5-ATG12-TECPR1 complex,-0.5273712737127372,-1.0009898291468817,0.4262948207171315,0.6352933228337663,1.0,3/3,47.33%,Q9H1Y0;O94817;Q7Z6L1
prerank,"NMDA receptor complex, GluN1-GluN2A-GluN2B",-0.5195121951219512,-1.0002147568542978,0.4112903225806452,0.6354324860005471,1.0,3/3,48.12%,Q05586;Q12879;Q13224
prerank,39S mitochondrial large ribosomal subunit,-0.7381148667216267,-1.0,1.0,0.6329157015299526,1.0,54/54,27.29%,Q9P0M9;Q9Y3B7;Q9Y6G3;URS000047A7F4_9606;URS000080E36F_9606;Q9BYD6;Q9BZE1;Q9H0U6;Q9H2W6;Q9NQ50;Q9HD33;Q9NP92;Q9NRX2;Q9NVS2;Q9NWU5;Q9NYK5;Q9NZE8;Q9P015;Q9P0J6;Q9H9J2;Q9BYD1;Q96A35;Q96DV4;Q96EL3;Q96GC5;Q9BQ48;Q9BQC6;P09001;Q9BYC8;Q9BYC9;Q8TCC3;Q9NX20;Q9BRJ2;Q8N983;Q8TAE8;O75394;Q8N5N7;Q8IXM3;Q9BYD2;Q9BYD3;P49406;P52815;Q13084;Q13405;Q14197;Q16540;Q4U2R6;Q5T653;Q6P161;Q7Z2W9;Q7Z7F7;Q7Z7H8;Q86TS9;Q6P1L8
prerank,40S cytosolic small ribosomal subunit,-0.8300794833581719,-1.0,1.0,0.6329157015299526,1.0,32/33,14.73%,P46782;P15880;P23396;P39019;P46781;P46783;P60866;P61247;P62081;P62241;P62244;P25398;P62979;P62841;P62847;P62851;P62854;P62857;P62861;P62273;P62753;P08708;P08865;P62269;P62249;P62263;P62277;P62280;P62266;P63244;URS0000704D22_9606;[P62701]
prerank,TGF-beta-3-TGFR complex,-0.5173441734417344,-0.9993266638603001,0.43776824034334766,0.6329327794763959,1.0,3/3,48.33%,P36897;P37173;P10600-PRO_0000033797
prerank,"Beta-catenin destruction core complex, APC2-AXIN2-GSK3A variant",-0.4716725399837354,-0.9973185831358342,0.4619883040935672,0.635790087504889,1.0,4/4,52.91%,P48729;Q9Y2T1;O95996;P49840
prerank,"Sodium:potassium-exchanging ATPase complex, FXYD5 variant",-0.510569105691057,-0.9959524485179521,0.3849056603773585,0.6374213763339361,1.0,2/3,2.36%,P05023;P05026
prerank,Fibrin complex,-0.5124661246612466,-0.9952488979525551,0.4099616858237548,0.6374877782202282,1.0,3/3,48.82%,P02679-PRO_0000009099;P02675-PRO_0000009071;P02671-PRO_0000009022
prerank,"Beta-catenin destruction core complex, APC-AXIN1-GSK3A variant",-0.4716725399837354,-0.9939920914904308,0.42346938775510207,0.6388326973935428,1.0,4/4,52.91%,P48729;P25054;O15169;P49840
prerank,TGF-beta-2-TGFR complex,-0.5176151761517616,-0.9931280376274125,0.4642857142857143,0.6394261525430184,1.0,3/3,48.31%,P36897;P37173;P61812-PRO_0000033785
prerank,"Sodium:potassium-exchanging ATPase complex, FXYD2 variant",-0.5105691056910568,-0.9924638197026248,0.4103585657370518,0.6393030795106608,1.0,2/3,2.36%,P05023;P05026
prerank,Fibrinogen complex,-0.5159891598915989,-0.9923879245253102,0.42585551330798477,0.6380292591857387,1.0,3/3,48.47%,P02679-PRO_0000009099;P02675-PRO_0000009070;P02671-PRO_0000009021
prerank,"Sodium:potassium-exchanging ATPase complex, FXYD4 variant",-0.5105691056910568,-0.9896312290133901,0.43243243243243246,0.6427474053558742,1.0,2/3,2.36%,P05023;P05026
prerank,"LIN-10-LIN-2-LIN-7 complex, LIN7A variant",-0.5111111111111111,-0.9883629075887241,0.4854771784232365,0.6438994922687478,1.0,3/3,48.96%,O14936;Q02410;O14910
prerank,CRUMBS3-PALS1-PATJ cell polarity complex,-0.5075880758807588,-0.9866439709174678,0.44776119402985076,0.6461838519940246,1.0,3/3,49.31%,Q8N3R9;Q8NI35;Q9BUF7
prerank,PDGF receptor alpha-beta - PDGF-DD complex,-0.5,-0.9865242874072754,0.4155844155844156,0.6449412476710323,1.0,2/3,5.63%,P16234;P09619
prerank,Interleukin-17B receptor-ligand complex,-0.4605584169151531,-0.9858075187291643,0.4311111111111111,0.6449774663899213,1.0,4/4,54.02%,Q96F46;O43734;Q9NRM6;Q9UHF5
prerank,CRUMBS1-PALS1-PATJ cell polarity complex,-0.5078590785907859,-0.984822963630217,0.44029850746268656,0.6455637837793589,1.0,3/3,49.28%,Q8N3R9;Q8NI35;P82279
prerank,"Sodium:potassium-exchanging ATPase complex, FXYD6 variant",-0.5105691056910568,-0.9847742892282438,0.4291497975708502,0.6442083633366285,1.0,2/3,2.36%,P05023;P05026
prerank,RZZ complex,-0.5252032520325203,-0.9844158095954444,0.44921875,0.6434243231423191,1.0,3/3,47.55%,O43264;P50748;Q9H900
prerank,"Dynein-2 complex, light-chain variant 1 ",0.48738127544097676,0.9838156798329849,0.535675082327113,0.5871701121116077,1.0,8/8,51.37%,P63167;Q8WW35;Q96EX3;Q8TCX1;Q8WVS4;Q8NCM8;P63172;Q9NP97
prerank,"Sodium:potassium-exchanging ATPase complex, FXYD7 variant",-0.510569105691057,-0.9834349617593412,0.44664031620553357,0.6441846062327329,1.0,2/3,2.36%,P05023;P05026
prerank,"Sodium:potassium-exchanging ATPase complex, FXYD3 variant",-0.5105691056910568,-0.9823628827242281,0.44357976653696496,0.6449878822561661,1.0,2/3,2.36%,P05023;P05026
prerank,Granulocyte-macrophage colony-stimulating factor-receptor complex,-0.4575765790187042,-0.9811675371794429,0.430622009569378,0.6458338620224862,1.0,4/4,54.32%,P32927;O60674;P15509;P04141
prerank,Laminin-522 complex,-0.4956639566395664,-0.9744023830602037,0.48659003831417624,0.6585096168782841,1.0,3/3,50.50%,P55268;O15230;Q13753
prerank,"PRMT5 methylosome complex, CLNS1A variant",-0.526829268292683,-0.9743328012300356,0.4479166666666667,0.6571953139882405,1.0,3/3,47.39%,Q9BQA1;O14744;P54105
prerank,Laminin-521 complex,-0.4959349593495935,-0.9737369683385485,0.48091603053435117,0.6570310279967922,1.0,3/3,50.47%,P11047;P55268;O15230
prerank,PDGF receptor alpha-beta - PDGF-CC complex,-0.5,-0.9736240078129009,0.47265625,0.6558176407454386,1.0,2/3,5.63%,P16234;P09619
prerank,FCN1-MASP2 lectin-protease complex,-0.491869918699187,-0.972050514210594,0.4470588235294118,0.6579295912416455,1.0,3/3,50.88%,O00187-PRO_0000027600;O00187-PRO_0000027599;O00602
prerank,MBL2-MASP2 lectin-protease complex,-0.4932249322493225,-0.9702714274920041,0.48031496062992124,0.6602892098113896,1.0,3/3,50.74%,O00187-PRO_0000027600;O00187-PRO_0000027599;P11226
prerank,"BOS complex, NOMO3 variant",-0.4997289972899729,-0.9702115227534898,0.47035573122529645,0.6589398947803806,1.0,3/3,50.09%,Q969V3;Q9BVK8;P69849
prerank,"Beta-catenin destruction core complex, APC-AXIN2-GSK3A variant",-0.4716725399837354,-0.9698582765675497,0.4425287356321839,0.6582106377198935,1.0,4/4,52.91%,P48729;P25054;Q9Y2T1;P49840
prerank,Interleukin-17C receptor-ligand complex,-0.4543236649498509,-0.9697056296361137,0.4807692307692308,0.6570760767511671,1.0,4/4,54.64%,Q96F46;O43734;Q8NFR9;Q9P0M4
prerank,ATG12-ATG5-ATG16L1 complex,-0.5115369725125822,-0.9695541880734984,0.4895397489539749,0.6560767018205741,1.0,2/3,6.07%,Q9H1Y0;O94817
prerank,"Neuronal nicotinic acetylcholine receptor complex, alpha3-alpha5-beta4",-0.49701897018970187,-0.9641582097288498,0.4901185770750988,0.6661874610314048,1.0,3/3,50.37%,P32297-PRO_0000000346;P30532-PRO_0000000356;P30926-PRO_0000000389
prerank,"Neuronal nicotinic acetylcholine receptor complex, alpha3-alpha6-beta4",-0.49701897018970187,-0.9634345617888729,0.5132743362831859,0.6664126034662664,1.0,3/3,50.37%,P32297-PRO_0000000346;Q15825-PRO_0000000360;P30926-PRO_0000000389
prerank,"Dynein-2 complex, light-chain variant 5",0.4767978290366348,0.9620472812353815,0.5745614035087719,0.6272265816399026,1.0,8/8,52.42%,P63167;Q8WW35;Q96EX3;Q8TCX1;Q8WVS4;Q8NCM8;P63172;Q8TF09
prerank,FCN2-MASP1 lectin-protease complex,-0.4943089430894309,-0.959480157809237,0.5147058823529411,0.6737290043636048,1.0,3/3,50.64%,P48740-PRO_0000027594;P48740-PRO_0000027593;Q15485
prerank,Laminin-311 complex variant A,-0.4953929539295393,-0.9581331457044515,0.476,0.6753229548022359,1.0,3/3,50.53%,P07942;P11047;Q16787-1
prerank,TGF-beta-1-TGFR complex,-0.497289972899729,-0.9576875839732182,0.512,0.6749948251657375,1.0,3/3,50.34%,P36897;P37173;P01137-PRO_0000033763
prerank,"Dynein-2 complex, light-chain variant 8",0.4710990502035276,0.9562173772885679,0.5821545157780196,0.6372326102938844,1.0,8/8,52.99%,P63167;Q8WW35;Q96EX3;Q8TCX1;Q8WVS4;Q8NCM8;Q8TF09;P51808
prerank,"PRMT5 methylosome complex, RIOK1 variant",-0.50840108401084,-0.9552864366658266,0.50390625,0.6785572083406018,1.0,3/3,49.23%,Q9BQA1;O14744;Q9BRS2
prerank,"Neuronal nicotinic acetylcholine receptor complex, alpha3-alpha5-beta2",-0.4978319783197832,-0.953828195026369,0.48905109489051096,0.6802586439977182,1.0,3/3,50.28%,P17787-PRO_0000000379;P32297-PRO_0000000346;P30532-PRO_0000000356
prerank,"Dynein-2 complex, light-chain variant 4",0.4710990502035276,0.9537598085850422,0.6021857923497268,0.6406683616833719,1.0,8/8,52.99%,P63167;Q8WW35;Q96EX3;Q8TCX1;Q8WVS4;Q8NCM8;Q9NP97;P51808
prerank,FCN3-MASP1 lectin-protease complex,-0.4926829268292683,-0.9531489339225666,0.5149253731343284,0.6802947659317478,1.0,3/3,50.80%,P48740-PRO_0000027594;P48740-PRO_0000027593;O75636
prerank,"BOS complex, NOMO1 variant",-0.5094850948509485,-0.9526689827937309,0.5061224489795918,0.6798588357776666,1.0,3/3,49.12%,Q969V3;Q9BVK8;Q15155
prerank,Mitotic Checkpoint Complex,-0.4545947411222553,-0.9525492199088541,0.5192307692307693,0.6787267601807971,1.0,4/4,54.62%,Q12834;Q13257;O60566;O43684
prerank,"PRMT5 methylosome complex, COPR5 variant",-0.5086720867208672,-0.9520039381043313,0.5103448275862069,0.6783789738300054,1.0,3/3,49.20%,Q9BQA1;O14744;Q9NQ92
prerank,Laminin-511 complex,-0.4959349593495935,-0.9512507126567089,0.5269709543568465,0.6786008359789948,1.0,3/3,50.47%,P07942;P11047;O15230
prerank,"GABA-A receptor, alpha6-beta3-gamma2",-0.4813008130081301,-0.9492990476699085,0.4889705882352941,0.6815519228634159,1.0,3/3,51.94%,P28472;P18507;Q16445
prerank,FCN2-MASP2 lectin-protease complex,-0.4943089430894309,-0.9485245174171939,0.5041666666666667,0.6818429872763923,1.0,3/3,50.64%,O00187-PRO_0000027600;O00187-PRO_0000027599;Q15485
prerank,Laminin-321 complex,-0.4953929539295393,-0.9484172779258523,0.4796747967479675,0.6806145777638569,1.0,3/3,50.53%,P11047;P55268;Q16787-1
prerank,FCN3-MASP2 lectin-protease complex,-0.4926829268292683,-0.9480661575956232,0.5135135135135135,0.6799054961542342,1.0,3/3,50.80%,O00187-PRO_0000027600;O00187-PRO_0000027599;O75636
prerank,"GABA-A receptor, alpha4-beta3-gamma2",-0.4821138211382114,-0.9467275610245518,0.5057915057915058,0.6812897609220335,1.0,3/3,51.85%,P28472;P18507;P48169
prerank,"GABA-A receptor, alpha2-beta3-gamma2",-0.48157181571815716,-0.9466757224467388,0.5155038759689923,0.6799777059653448,1.0,3/3,51.91%,P28472;P18507;P47869
prerank,"Scribble cell polarity complex, DLG2-LLGL1-SCRIB variant",-0.4842818428184282,-0.9450350168393421,0.48582995951417,0.6820896946728222,1.0,3/3,51.64%,Q14160;Q15334;Q15700
prerank,Interleukin-13 receptor-ligand alpha 1 complex,0.5737127371273715,0.9438302567391736,0.6016260162601627,0.6579757487404646,1.0,3/3,42.68%,P78552;P35225;P24394
prerank,"GABA-A receptor, alpha5-beta3-gamma2",-0.48184281842818427,-0.9436064272276977,0.491869918699187,0.6837914756594412,1.0,3/3,51.88%,P28472;P18507;P31644
prerank,"GABA-A receptor, alpha-6/beta-3/delta",-0.4813008130081301,-0.9433674506198054,0.5303030303030303,0.6828720962635547,1.0,3/3,51.94%,P28472;O14764;Q16445
prerank,"Scribble cell polarity complex, DLG5-LLGL1-SCRIB variant",-0.4878048780487805,-0.9423552309016885,0.4900398406374502,0.6837226049063125,1.0,3/3,51.29%,Q14160;Q15334;Q8TDM6
prerank,"Scribble cell polarity complex, DLG4-LLGL2-SCRIB variant",-0.4886178861788618,-0.9412792172586698,0.5263157894736842,0.68459112021588,1.0,3/3,51.20%,Q14160;Q6P1M3;P78352
prerank,FCN1-MASP1 lectin-protease complex,-0.491869918699187,-0.9411926528867887,0.545774647887324,0.6833531269310827,1.0,3/3,50.88%,P48740-PRO_0000027594;P48740-PRO_0000027593;O00602
prerank,PPP4C-PPP4R2-PPP4R3A protein phosphatase 4 complex,-0.47804878048780486,-0.9401000594154008,0.5529411764705883,0.6843959118571276,1.0,3/3,52.26%,P60510;Q9NY27;Q6IN85
prerank,"BOS complex, NOMO2 variant",-0.4994579945799458,-0.9383497928548203,0.5587044534412956,0.6870679249886674,1.0,3/3,50.12%,Q969V3;Q9BVK8;Q5JPE7
prerank,"Scribble cell polarity complex, DLG2-LLGL2-SCRIB variant",-0.4842818428184282,-0.9382128783887326,0.5175097276264592,0.6859393897339275,1.0,3/3,51.64%,Q14160;Q6P1M3;Q15700
prerank,"GABA-A receptor, alpha5-beta1-gamma2 complex",-0.48184281842818427,-0.9368221570587599,0.5254901960784314,0.6875944206207579,1.0,3/3,51.88%,P18507;P18505;P31644
prerank,Interleukin-4 receptor-ligand type-2 complex,0.5737127371273715,0.9366111954723201,0.6193724420190996,0.6699335112485254,1.0,3/3,42.68%,P78552;P05112;P24394
prerank,"Scribble cell polarity complex, DLG3-LLGL1-SCRIB variant",-0.4853658536585366,-0.9358282613216278,0.5126050420168067,0.688396303184721,1.0,3/3,51.53%,Q14160;Q15334;Q92796
prerank,"Dynein-1 complex, variant 4",0.4871168972064009,0.9357436019611044,0.6013513513513513,0.6704423111400235,1.0,6/6,51.37%,P63167;O14576;Q9Y6G9;Q14204;P63172;Q9NP97
prerank,"Scribble cell polarity complex, DLG4-LLGL1-SCRIB variant",-0.4886178861788618,-0.9346583031112352,0.5517241379310345,0.6892745633720363,1.0,3/3,51.20%,Q14160;Q15334;P78352
prerank,"Scribble cell polarity complex, DLG3-LLGL2-SCRIB variant",-0.4853658536585366,-0.9342899992720254,0.5352697095435685,0.6888186834340995,1.0,3/3,51.53%,Q14160;Q6P1M3;Q92796
prerank,"Dynein-1 complex, variant 2",0.4871168972064009,0.933549442278169,0.6176808266360505,0.6732142879308378,1.0,6/6,51.37%,P63167;Q9Y6G9;Q13409;Q14204;P63172;Q9NP97
prerank,"Dynein-1 complex, variant 1",0.4871168972064009,0.9328768302534621,0.6082949308755761,0.6733414795644338,1.0,6/6,51.37%,P63167;O43237;Q13409;Q14204;P63172;Q9NP97
prerank,Interleukin-6 sIL6R-sIL6ST buffering receptor-ligand complex,0.5691056910569106,0.9324189854359854,0.6126855600539811,0.6730781227625418,1.0,3/3,43.14%,P40189-2;P08887-PRO_0000450730;P05231
prerank,MBL2-MASP1 lectin-protease complex,-0.4932249322493225,-0.9317822590803263,0.5436507936507936,0.6927448472915124,1.0,3/3,50.74%,P48740-PRO_0000027594;P48740-PRO_0000027593;P11226
prerank,"GABA-A receptor, alpha4-beta3-delta",-0.4821138211382114,-0.9303024220805494,0.5346938775510204,0.6946382801707158,1.0,3/3,51.85%,P28472;O14764;P48169
prerank,"CARD-BCL10-MALT1 complex, CARD10 variant",-0.4785907859078591,-0.92886323191768,0.5676691729323309,0.6963922728814426,1.0,3/3,52.21%,O95999;Q9UDY8;Q9BWT7
prerank,"Dynein-1 complex, variant 3",0.4871168972064009,0.9285261748434229,0.6281464530892449,0.6786864924108583,1.0,6/6,51.37%,P63167;O14576;O43237;Q14204;P63172;Q9NP97
prerank,"Scribble cell polarity complex, DLG1-LLGL2-SCRIB variant",-0.4845528455284553,-0.9282078729702339,0.5261044176706827,0.696498704657292,1.0,3/3,51.61%,Q14160;Q6P1M3;Q12959
prerank,GABA-A receptor alpha6-beta1-gamma2 complex,-0.4813008130081301,-0.9278121724871325,0.5787671232876712,0.6959015979746587,1.0,3/3,51.94%,P18507;P18505;Q16445
prerank,SNARE priming complex STX17-SNAP29-YKT6,-0.47479674796747967,-0.9270534071674739,0.49800796812749004,0.6962075770383047,1.0,3/3,52.59%,P56962;O95721;O15498
prerank,GABA-A receptor alpha6-beta2-gamma2,-0.4813008130081301,-0.9250402102282416,0.5258964143426295,0.6991304506979977,1.0,3/3,51.94%,P47870;P18507;Q16445
prerank,"Scribble cell polarity complex, DLG5-LLGL2-SCRIB variant",-0.4878048780487805,-0.9246177361467564,0.5390625,0.698719395470298,1.0,3/3,51.29%,Q14160;Q6P1M3;Q8TDM6
prerank,Hexasome complex,-0.4250474383301707,-0.9234477653406188,0.5462962962962963,0.6998089637908551,1.0,4/4,57.57%,P62805;P68431;P62807;Q93077
prerank,"Scribble cell polarity complex, DLG1-LLGL1-SCRIB variant",-0.4845528455284553,-0.9228584666201399,0.5436507936507936,0.6996371339560439,1.0,3/3,51.61%,Q14160;Q15334;Q12959
prerank,"GABA-A receptor, alpha2-beta1-gamma2 complex",-0.48157181571815716,-0.9222317297856726,0.5547169811320755,0.6994815457230098,1.0,3/3,51.91%,P18507;P18505;P47869
prerank,PPP4C-PPP4R2-PPP4R3B protein phosphatase 4 complex,-0.47940379403794037,-0.9211528186299092,0.570281124497992,0.7004750874891879,1.0,3/3,52.13%,P60510;Q9NY27;Q5MIZ7
prerank,STING-TRAF3-TBK1 complex,-0.46991869918699186,-0.9206213028486478,0.5377777777777778,0.7002823039646143,1.0,3/3,53.07%,Q9UHD2;Q86WV6;Q13114
prerank,DISP septin regulator complex,-0.4775067750677507,-0.9199175146031484,0.5523012552301255,0.7001778876305996,1.0,3/3,52.32%,Q9UM54;Q96II8;Q96N67
prerank,"GABA-A receptor, alpha5-beta2-gamma2",-0.48184281842818427,-0.9187388804837332,0.5502183406113537,0.7012823830705733,1.0,3/3,51.88%,P47870;P18507;P31644
prerank,mTORC1 complex,-0.47588075880758807,-0.9184105637612241,0.5537848605577689,0.7006888240919074,1.0,3/3,52.48%,Q9BVC4;P42345;Q8N122
prerank,Interleukin-20 receptor-ligand type 2 complex,0.5552845528455284,0.9179276095738793,0.6600846262341326,0.695398578803741,1.0,3/3,44.52%,Q9NYY1-PRO_0000015381;Q6UXL0;Q8N6P7
prerank,"GABA-A receptor, alpha2-beta2-gamma2",-0.48157181571815716,-0.9167539843612055,0.5536480686695279,0.7028072263857463,1.0,3/3,51.91%,P47870;P18507;P47869
prerank,"GABA-A receptor, alpha6-beta2-delta",-0.4813008130081301,-0.9166954441624203,0.5569620253164557,0.7015842244288825,1.0,3/3,51.94%,P47870;O14764;Q16445
prerank,"Dynein-1 complex, variant 7",0.4765391917548142,0.9166458986312808,0.6442417331812998,0.6964104581352271,1.0,6/6,52.42%,P63167;O43237;Q13409;Q14204;P63172;Q8TF09
prerank,"Neuronal nicotinic acetylcholine receptor complex, alpha4-alpha5-beta2",-0.47208672086720865,-0.9163461984902677,0.5473251028806584,0.7008660409814075,1.0,3/3,52.86%,P17787-PRO_0000000379;P30532-PRO_0000000356;P43681-PRO_0000000351
prerank,"GABA-A receptor, alpha4-beta2-gamma2",-0.4821138211382114,-0.9160960376396772,0.5793991416309013,0.6999979360087663,1.0,3/3,51.85%,P47870;P18507;P48169
prerank,"GABA-A receptor, alpha1-beta2-delta",-0.4823848238482385,-0.9156177990214847,0.5757575757575758,0.6995804468728656,1.0,3/3,51.83%,P47870;P14867;O14764
prerank,"Interleukin-24 receptor-ligand complex, type 2",0.5552845528455286,0.9136714499625126,0.6534788540245566,0.7001884078669265,1.0,3/3,44.52%,Q13007;Q6UXL0;Q8N6P7
prerank,Interleukin-6 sIL6R-mIL6ST receptor-ligand trans-signalling complex,0.5691056910569104,0.9134690345228872,0.6753069577080492,0.6994489644272867,1.0,3/3,43.14%,P40189-1;P08887-PRO_0000450730;P05231
prerank,"GABA-A receptor, alpha4-beta1-gamma2 complex",-0.4821138211382114,-0.9122806173234611,0.5875912408759124,0.7053116351760611,1.0,3/3,51.85%,P18507;P18505;P48169
prerank,"Dynein-1 complex, variant 8",0.4765391917548142,0.9120623375309784,0.6440872560275546,0.7006769600678212,1.0,6/6,52.42%,P63167;Q9Y6G9;Q13409;Q14204;P63172;Q8TF09
prerank,Laminin-523 complex,-0.46775067750677507,-0.9115815620596356,0.5387596899224806,0.7055332833364262,1.0,3/3,53.29%,P55268;O15230;Q9Y6N6
prerank,"Dynein-1 complex, variant 6",0.4765391917548142,0.9103469096074235,0.6583710407239819,0.7025176282840436,1.0,6/6,52.42%,P63167;O14576;Q9Y6G9;Q14204;P63172;Q8TF09
prerank,GATOR2 complex,-0.39316702819956617,-0.9095629814853446,0.5974025974025974,0.7085629549590283,1.0,5/5,60.76%,P55735;Q96EE3;Q96S15;Q6PJI9;Q9NXC5
prerank,Interleukin-20 receptor-ligand Type 1 complex,0.5555555555555554,0.9094953203479993,0.6675392670157068,0.7028832845364635,1.0,3/3,44.49%,Q9NYY1;Q6UXL0;Q9UHF4
prerank,"Dynein-1 complex, variant 5",0.4765391917548142,0.9073249272194746,0.6636259977194983,0.705385616606971,1.0,6/6,52.42%,P63167;O14576;O43237;Q14204;P63172;Q8TF09
prerank,"CARD-BCL10-MALT1 complex, CARD11 variant",-0.4772357723577236,-0.9073222124284893,0.5534351145038168,0.7121102119083772,1.0,3/3,52.34%,O95999;Q9UDY8;Q9BXL7
prerank,Interleukin-19 receptor-ligand complex,0.5555555555555555,0.9070167577659372,0.6600790513833992,0.7048317695548859,1.0,3/3,44.49%,Q9UHD0-PRO_0000015379;Q6UXL0;Q9UHF4
prerank,VCP-NPL4-UFD1-UBXN1 AAA ATPase complex,-0.4217945242613174,-0.9051210146876136,0.55,0.7154121551407636,1.0,4/4,57.89%,P55072;Q92890;Q8TAT6;Q04323
prerank,VCP-NPL4-UFD1-FAF2 AAA ATPase complex,-0.4212523719165085,-0.9046346742294199,0.5435897435897435,0.7150499102819686,1.0,4/4,57.95%,P55072;Q92890;Q8TAT6;Q96CS3
prerank,"CARD-BCL10-MALT1 complex, CARD14 variant",-0.47452574525745256,-0.9042288194802,0.6,0.714608868621171,1.0,3/3,52.61%,O95999;Q9UDY8;Q9BXL6
prerank,"Interleukin-24 receptor-ligand complex, type 1",0.5555555555555556,0.9039102551794443,0.6746031746031746,0.708825143060394,1.0,3/3,44.49%,Q13007;Q6UXL0;Q9UHF4
prerank,"GABA-A receptor, alpha4-beta2-delta",-0.4821138211382114,-0.9020255843410325,0.5770925110132159,0.7180068443685058,1.0,3/3,51.85%,P47870;O14764;P48169
prerank,"CARD-BCL10-MALT1 complex, CARD9 variant",-0.4788617886178862,-0.9011033746450314,0.5955056179775281,0.7187102558290821,1.0,3/3,52.18%,O95999;Q9UDY8;Q9H257
prerank,Alternative pathway fluid-phase C3 convertase complex C3(H2O)Bb,0.5550135501355014,0.900604938281729,0.6835616438356165,0.712891145889763,1.0,3/3,44.54%,P01024-PRO_0000005909;P01024-PRO_0000005908;P00751-PRO_0000027547
prerank,ALKBH8-TRM112 methyltransferase complex,-0.42640281919219297,-0.8987551842407069,0.5806451612903226,0.7223214277865951,1.0,4/4,57.43%,CHEBI:59789;Q9UI30;Q96BT7;CHEBI:29033
prerank,Fanconi anemia FANCM-FAAP24-MHF anchoring complex,-0.42043914339929517,-0.8983439843704476,0.596244131455399,0.7217056296922119,1.0,4/4,58.03%,A8MT69;Q8N2Z9;Q8IYD8;Q9BTP7
prerank,TIM9-TIM10-TIM10B mitochondrial intermembrane space protein transporter complex,-0.462059620596206,-0.8924038878226958,0.5842293906810035,0.7329872004398178,1.0,3/3,53.86%,Q9Y5J7;P62072;Q9Y5J6
prerank,VCP-NPL4-UFD1 AAA ATPase complex,-0.46531165311653117,-0.8906855173129001,0.59375,0.7356037715896568,1.0,3/3,53.53%,P55072;Q92890;Q8TAT6
prerank,"sTNF-TNR1A receptor-ligand core complex, BIRC3 variant",0.4400434074877916,0.8902929055799654,0.664079822616408,0.727624082721641,1.0,7/7,56.08%,CPX-8826;P19438-PRO_0000034543;Q15628;O00463;Q13489;Q13546;Q12933
prerank,"sTNF-TNR1A receptor-ligand core complex, BIRC2 variant",0.4400434074877916,0.8871968780619944,0.665929203539823,0.7312613671439034,1.0,7/7,56.08%,CPX-8826;P19438-PRO_0000034543;Q15628;O00463;Q13490;Q13546;Q12933
prerank,VCP-NPL4-UFD1-UBXN7 AAA ATPase complex,-0.42152344808891296,-0.8869600662772665,0.624390243902439,0.7424238862913705,1.0,4/4,57.92%,P55072;Q92890;Q8TAT6;O94888
prerank,"Nax cation channel complex, SCN1B-SCN2B variant",-0.44769647696476966,-0.8845869600681326,0.6327272727272727,0.7464241175482556,1.0,3/3,55.29%,O60939;Q07699;Q01118
prerank,"Nav1.7 voltage-gated sodium channel complex, SCN1B-SCN4B variant",-0.44661246612466127,-0.8837022686479816,0.5889830508474576,0.7469062487819205,1.0,3/3,55.40%,Q8IWT1;Q07699;Q15858
prerank,"Nav1.5 voltage-gated sodium channel complex, SCN1B-SCN2B variant",-0.4479674796747967,-0.8828574251280344,0.6401515151515151,0.7474307985138311,1.0,3/3,55.27%,O60939;Q07699;Q14524
prerank,Laminin-311 complex variant B,-0.4680216802168022,-0.881713393252899,0.65,0.7485128537687872,1.0,3/3,53.26%,P07942;P11047;Q16787-2
prerank,VCP-NPL4-UFD1-FAF1 AAA ATPase complex,-0.42098129574410403,-0.879358757940524,0.6161616161616161,0.7522899211900712,1.0,4/4,57.97%,P55072;Q92890;Q8TAT6;Q9UNN5
prerank,"Nav1.6 voltage-gated sodium channel complex, SCN1B-SCN4B variant",-0.44823848238482383,-0.8791557412898685,0.6141732283464567,0.7513589494072346,1.0,3/3,55.24%,Q8IWT1;Q07699;Q9UQD0
prerank,"Nav1.1 voltage-gated sodium channel complex, SCN1B-SCN2B variant",-0.44850948509485095,-0.8780140679935665,0.6367041198501873,0.7522664005887921,1.0,3/3,55.21%,O60939;Q07699;P35498
prerank,"Nav1.2 voltage-gated sodium channel complex, SCN1B-SCN4B variant",-0.44905149051490517,-0.8768173618328339,0.6383928571428571,0.753350649027885,1.0,3/3,55.16%,Q8IWT1;Q07699;Q99250
prerank,"Nav1.7 voltage-gated sodium channel complex, SCN1B-SCN2B variant",-0.44661246612466127,-0.8759520494255394,0.635593220338983,0.7536140512414758,1.0,3/3,55.40%,O60939;Q07699;Q15858
prerank,"4EHP-GIGYF1 co-translational mRNA decay complex, DDX6 variant",-0.44607046070460704,-0.8755121101905873,0.6450511945392492,0.7530903513173606,1.0,3/3,55.46%,P26196;O60573;O75420
prerank,"Nav1.4 voltage-gated sodium channel complex, SCN2B-SCN3B variant",-0.44715447154471544,-0.8753230565857488,0.627906976744186,0.7521569242314158,1.0,3/3,55.35%,Q9NY72;O60939;P35499
prerank,"Nav1.4 voltage-gated sodium channel complex, SCN1B-SCN2B variant",-0.44715447154471544,-0.8744164197812535,0.628,0.7527836597194282,1.0,3/3,55.35%,O60939;Q07699;P35499
prerank,"Nav1.1 voltage-gated sodium channel complex, SCN2B-SCN3B variant",-0.44850948509485095,-0.8740430447940459,0.6124031007751938,0.7522740992282814,1.0,3/3,55.21%,Q9NY72;O60939;P35498
prerank,"Nav1.3 voltage-gated sodium channel complex, SCN1B-SCN2B variant",-0.44878048780487806,-0.8738804506981154,0.6640316205533597,0.7512655418026465,1.0,3/3,55.19%,O60939;Q07699;Q9NY46
prerank,"Nav1.8 voltage-gated sodium channel complex, SCN1B-SCN4B variant",-0.44742547425474255,-0.8734245060862649,0.6345381526104418,0.7508424312822998,1.0,3/3,55.32%,Q8IWT1;Q07699;Q9Y5Y9
prerank,"Nav1.8 voltage-gated sodium channel complex, SCN1B-SCN2B variant",-0.44742547425474255,-0.8732815731018974,0.652,0.7497970984082468,1.0,3/3,55.32%,O60939;Q07699;Q9Y5Y9
prerank,"Nav1.5 voltage-gated sodium channel complex, SCN2B-SCN3B variant",-0.4479674796747967,-0.8729745800505427,0.6666666666666666,0.7490813318559579,1.0,3/3,55.27%,Q9NY72;O60939;Q14524
prerank,"Nav1.1 voltage-gated sodium channel complex, SCN3B-SCN4B variant",-0.44850948509485095,-0.8727153708237549,0.5916666666666667,0.7482917258413648,1.0,3/3,55.21%,Q9NY72;Q8IWT1;P35498
prerank,"FTS-Hook-FHIP cargo adaptor complex, FHIP2A-HOOK2 variant",-0.4514905149051491,-0.8713403965333054,0.6298932384341637,0.7499625243332578,1.0,3/3,54.91%,Q9H8T0;Q96ED9;Q5W0V3
prerank,Interleukin-27 receptor-ligand complex,0.49959338574139345,0.8699424956079542,0.7128712871287128,0.7559139554933266,1.0,4/4,50.09%,Q8NEV9;Q14213;Q6UWB1;P40189
prerank,NLRP1 inflammasome,-0.44417344173441736,-0.8698573807116096,0.6528301886792452,0.7517843369232795,1.0,3/3,55.65%,Q9ULZ3;P29466;Q9C000
prerank,"4EHP-GIGYF1 co-translational mRNA decay complex, ZNF598 variant",0.52710027100271,0.869627759500872,0.7018970189701897,0.7552606822408227,1.0,3/3,47.33%,Q86UK7;O75420;O60573
prerank,"4EHP-GIGYF2 co-translational mRNA decay complex, ZNF598 variant",0.52710027100271,0.867768059470377,0.6963064295485636,0.7568371951828509,1.0,3/3,47.33%,Q86UK7;Q6Y7W6;O60573
prerank,"Nav1.9 voltage-gated sodium channel complex, SCN1B-SCN2B variant",-0.4468834688346883,-0.8676808025874057,0.6538461538461539,0.7551255505859891,1.0,3/3,55.38%,O60939;Q07699;Q9UI33
prerank,"Nav1.5 voltage-gated sodium channel complex, SCN1B-SCN4B variant",-0.4479674796747967,-0.8676146317546374,0.6705882352941176,0.7538845626856948,1.0,3/3,55.27%,Q8IWT1;Q07699;Q14524
prerank,"Nax cation channel complex, SCN2B-SCN3B variant",-0.44769647696476966,-0.8673075848191824,0.6273764258555133,0.7531312818465469,1.0,3/3,55.29%,Q9NY72;O60939;Q01118
prerank,"Nav1.1 voltage-gated sodium channel complex, SCN1B-SCN4B variant",-0.44850948509485095,-0.8668257682590189,0.6627450980392157,0.7527731941089342,1.0,3/3,55.21%,Q8IWT1;Q07699;P35498
prerank,"Nav1.4 voltage-gated sodium channel complex, SCN1B-SCN4B variant",-0.44715447154471544,-0.8662028978292027,0.6680497925311203,0.7528553267990237,1.0,3/3,55.35%,Q8IWT1;Q07699;P35499
prerank,"Nav1.6 voltage-gated sodium channel complex, SCN2B-SCN3B variant",-0.44823848238482383,-0.8660435605582296,0.68,0.7518442396255381,1.0,3/3,55.24%,Q9NY72;O60939;Q9UQD0
prerank,"Nav1.2 voltage-gated sodium channel complex, SCN2B-SCN3B variant",-0.44905149051490517,-0.8658986685683756,0.6401673640167364,0.7508274312662666,1.0,3/3,55.16%,Q9NY72;O60939;Q99250
prerank,Pyrin inflammasome,-0.44308943089430897,-0.8657092530424083,0.6328125,0.7498800326417655,1.0,3/3,55.75%,Q9ULZ3;P29466;O15553
prerank,"Nav1.2 voltage-gated sodium channel complex, SCN3B-SCN4B variant",-0.44905149051490517,-0.8639671252482745,0.5903083700440529,0.7521501293532127,1.0,3/3,55.16%,Q9NY72;Q8IWT1;Q99250
prerank,"Nax cation channel complex, SCN1B-SCN4B variant",-0.44769647696476966,-0.8636917344331178,0.6592592592592592,0.7512785947539126,1.0,3/3,55.29%,Q8IWT1;Q07699;Q01118
prerank,"Nav1.5 voltage-gated sodium channel complex, SCN3B-SCN4B variant",-0.4479674796747967,-0.8634925722277487,0.6294820717131474,0.7504055439096338,1.0,3/3,55.27%,Q9NY72;Q8IWT1;Q14524
prerank,"Nav1.6 voltage-gated sodium channel complex, SCN3B-SCN4B variant",-0.44823848238482383,-0.8630912143165319,0.6293103448275862,0.7498758133663125,1.0,3/3,55.24%,Q9NY72;Q8IWT1;Q9UQD0
prerank,"Nav1.8 voltage-gated sodium channel complex, SCN2B-SCN3B variant",-0.44742547425474255,-0.8630580301923875,0.6569037656903766,0.748603760361005,1.0,3/3,55.32%,Q9NY72;O60939;Q9Y5Y9
prerank,"Nav1.9 voltage-gated sodium channel complex, SCN1B-SCN4B variant",-0.4468834688346883,-0.8624288557156139,0.6547619047619048,0.7484691946901061,1.0,3/3,55.38%,Q8IWT1;Q07699;Q9UI33
prerank,"Nax cation channel complex, SCN3B-SCN4B variant",-0.44769647696476966,-0.8624280201936622,0.632,0.7471254438917396,1.0,3/3,55.29%,Q9NY72;Q8IWT1;Q01118
prerank,"Nav1.9 voltage-gated sodium channel complex, SCN3B-SCN4B variant",-0.4468834688346883,-0.8622975756042806,0.636734693877551,0.7460594692747947,1.0,3/3,55.38%,Q9NY72;Q8IWT1;Q9UI33
prerank,"Nav1.2 voltage-gated sodium channel complex, SCN1B-SCN2B variant",-0.44905149051490517,-0.8616425261002795,0.6586345381526104,0.746110285611587,1.0,3/3,55.16%,O60939;Q07699;Q99250
prerank,"Nav1.6 voltage-gated sodium channel complex, SCN1B-SCN2B variant",-0.44823848238482383,-0.8607515116814499,0.6693227091633466,0.7466726210803377,1.0,3/3,55.24%,O60939;Q07699;Q9UQD0
prerank,"Nav1.3 voltage-gated sodium channel complex, SCN1B-SCN4B variant",-0.44878048780487806,-0.8607238199452534,0.6761133603238867,0.7453692640303385,1.0,3/3,55.19%,Q8IWT1;Q07699;Q9NY46
prerank,"Nav1.8 voltage-gated sodium channel complex, SCN3B-SCN4B variant",-0.44742547425474255,-0.8605479433712702,0.6553191489361702,0.7443691234176479,1.0,3/3,55.32%,Q9NY72;Q8IWT1;Q9Y5Y9
prerank,"Nav1.7 voltage-gated sodium channel complex, SCN2B-SCN3B variant",-0.44661246612466127,-0.8601429709266825,0.6598360655737705,0.7438264854616785,1.0,3/3,55.40%,Q9NY72;O60939;Q15858
prerank,"Nav1.4 voltage-gated sodium channel complex, SCN3B-SCN4B variant",-0.44715447154471544,-0.859774556016338,0.6610878661087866,0.7432674628695828,1.0,3/3,55.35%,Q9NY72;Q8IWT1;P35499
prerank,"4EHP-GIGYF2 co-translational mRNA decay complex, DDX6 variant",-0.44579945799457993,-0.8596719189061423,0.657243816254417,0.7421804012248407,1.0,3/3,55.48%,P26196;O60573;Q6Y7W6
prerank,"Nav1.7 voltage-gated sodium channel complex, SCN3B-SCN4B variant",-0.44661246612466127,-0.8596130756256563,0.6304347826086957,0.7409740325149938,1.0,3/3,55.40%,Q9NY72;Q8IWT1;Q15858
prerank,Laminin-213 complex,-0.4384823848238482,-0.859187937510544,0.648854961832061,0.7406643076518729,1.0,3/3,56.21%,P07942;Q9Y6N6;P24043
prerank,"Nav1.3 voltage-gated sodium channel complex, SCN2B-SCN3B variant",-0.44878048780487806,-0.8587554683432448,0.664,0.740269318614389,1.0,3/3,55.19%,Q9NY72;O60939;Q9NY46
prerank,Laminin-221 complex,-0.4384823848238482,-0.8575425124174265,0.6680672268907563,0.7415952407204716,1.0,3/3,56.21%,P11047;P55268;P24043
prerank,Laminin-411 complex,-0.43821138211382116,-0.853099677969427,0.6612244897959184,0.7494292696648768,1.0,3/3,56.24%,P07942;P11047;Q16363
prerank,"Nav1.9 voltage-gated sodium channel complex, SCN2B-SCN3B variant",-0.4468834688346883,-0.8528781891205183,0.6666666666666666,0.7485598526634267,1.0,3/3,55.38%,Q9NY72;O60939;Q9UI33
prerank,AIM2 inflammasome,-0.44119241192411923,-0.850852319512515,0.65234375,0.7513943028383461,1.0,3/3,55.94%,Q9ULZ3;P29466;O14862
prerank,"Nav1.3 voltage-gated sodium channel complex, SCN3B-SCN4B variant",-0.44878048780487806,-0.8503793766463822,0.6244541484716157,0.7510561197218918,1.0,3/3,55.19%,Q9NY72;Q8IWT1;Q9NY46
prerank,Laminin-423 complex,-0.43821138211382116,-0.8493904487075871,0.6844262295081968,0.7517715249180424,1.0,3/3,56.24%,P55268;Q9Y6N6;Q16363
prerank,Laminin-421 complex,-0.43821138211382116,-0.8473052757653733,0.6556016597510373,0.7546709046198923,1.0,3/3,56.24%,P11047;P55268;Q16363
prerank,NLRP3 inflammasome,-0.44146341463414634,-0.8409754675937007,0.6895161290322581,0.7659950818372524,1.0,3/3,55.92%,Q9ULZ3;P29466;Q96P20
prerank,SKI complex,-0.44227642276422763,-0.8391131201799515,0.7341269841269841,0.7686942193117543,1.0,3/3,55.84%,Q9GZS3;Q15477;Q6PGP7
prerank,Ripoptosome,0.5043360433604336,0.8380451625142028,0.7559681697612732,0.7959012069596625,1.0,3/3,49.61%,Q13158;Q14790;Q13546
prerank,Laminin-211 complex,-0.4384823848238482,-0.8364467329807753,0.7171314741035857,0.7728713131266752,1.0,3/3,56.21%,P07942;P11047;P24043
prerank,Precursor interleukin-1 alpha-soluble receptor type 1 complex,-0.4105691056910569,-0.8298808055237024,0.7142857142857143,0.7850060269581041,1.0,3/3,59.00%,Q9NPH3;P01583;P14778-PRO_0000415344
prerank,"GABA-A receptor, alpha3-beta3-gamma3",-0.4300813008130081,-0.8295571348939564,0.7110266159695817,0.784293505506004,1.0,3/3,57.05%,P28472;P34903;Q99928
prerank,uPA-uPAR-vitronectin complex,-0.42737127371273714,-0.8283839720529713,0.7338129496402878,0.7853207639808919,1.0,3/3,57.32%,P04004;P00749;Q03405
prerank,Laminin-332 complex variant A,0.5048780487804878,0.8269382032059465,0.7678100263852242,0.8088694735314539,1.0,3/3,49.55%,Q13751;Q16787-1;Q13753
prerank,Dolichol-phosphate mannosyltransferase complex,-0.435230352303523,-0.8264078651629178,0.7228070175438597,0.7878481802543918,1.0,3/3,56.54%,O94777;O60762;Q9P2X0
prerank,Interleukin-2 receptor-ligand complex,0.4676063973976688,0.8239264000682981,0.7703889585947302,0.8115997086878038,1.0,4/4,53.29%,P01589;P60568;P14784;P31785
prerank,"GABA-A receptor, alpha5-beta3-gamma3",-0.4300813008130081,-0.8230466848100643,0.7272727272727273,0.7937588118178678,1.0,3/3,57.05%,P28472;P31644;Q99928
prerank,"GABA-A receptor, alpha3-beta3-theta",-0.41680216802168024,-0.8227829835325546,0.7246963562753036,0.7929654555339177,1.0,3/3,58.38%,P28472;P34903;Q9UN88
prerank,Interleukin-15 receptor-ligand complex,0.4676063973976689,0.8197607888797531,0.7747524752475248,0.8156221673463964,1.0,4/4,53.29%,Q13261;P40933;P14784;P31785
prerank,Interleukin-1 beta ligand-soluble receptor type 1 complex,-0.4100271002710027,-0.8181657302610676,0.7727272727272727,0.8009212002894314,1.0,3/3,59.06%,Q9NPH3;P14778-PRO_0000415344;P01584-PRO_0000015302
prerank,Interleukin 11-mIL11RA-IL-6ST receptor-ligand complex,0.49945799457994583,0.816229610831387,0.7841823056300268,0.8187092328147378,1.0,3/3,50.09%,Q14626-PRO_0000010913;P20809;P40189
prerank,Laminin-332 complex variant B,0.5048780487804878,0.8149660198234734,0.7872340425531915,0.8190715498266338,1.0,3/3,49.55%,Q13751;Q16787-2;Q13753
prerank,"TRAMP complex, TENT4B-ZCCHC7 variant",-0.42249322493224933,-0.8145569233108628,0.73828125,0.8067880744990132,1.0,3/3,57.81%,P42285;Q8N3Z6;Q8NDF8
prerank,eIF4E-CYFIP1-FMRP translational repressor complex,-0.42872628726287265,-0.8136577141063117,0.7703703703703704,0.8072827453866083,1.0,3/3,57.19%,P06730;Q06787;Q7L576
prerank,Interleukin 11-sIL11RA-IL-6ST receptor-ligand trans-signalling complex,0.49945799457994583,0.8129368950727744,0.7771739130434783,0.8203801231427265,1.0,3/3,50.09%,Q14626-PRO_0000450688;P20809;P40189
prerank,Interleukin-6-mIL6R-mIL6ST receptor-ligand classical signalling complex,0.4994579945799458,0.8127545739520239,0.7894736842105263,0.819383168882225,1.0,3/3,50.09%,P08887-PRO_0000010895;P05231;P40189
prerank,Collagen type XI trimer variant 1,-0.42357723577235773,-0.8117458674158597,0.7406015037593985,0.8099050756348332,1.0,3/3,57.70%,P12107;P13942;P02458
prerank,mRNA cap guanine-N7 methyltransferase complex,-0.4146341463414634,-0.8110020138359924,0.7440944881889764,0.8101166494744915,1.0,3/3,58.60%,CHEBI:59789;O43148;Q9BTL3
prerank,BUD23-TRM112 methyltransferase complex,-0.4138211382113821,-0.8102040712362192,0.7794117647058824,0.8102749999586566,1.0,3/3,58.68%,CHEBI:59789;Q9UI30;O43709
prerank,Interleukin-35 receptor ligand type 1 complex,0.4994579945799457,0.809376746979832,0.8021248339973439,0.822146639227753,1.0,3/3,50.09%,Q99665;CPX-25744;P40189
prerank,Laminin-121 complex,-0.4219512195121951,-0.8090264537423719,0.7316176470588235,0.8112977002364751,1.0,3/3,57.87%,P11047;P55268;P25391
prerank,"TRAMP complex, TENT4A-ZCCHC7 variant",-0.424390243902439,-0.8072086687585277,0.789272030651341,0.8137603473619488,1.0,3/3,57.62%,P42285;Q8N3Z6;Q5XG87
prerank,Interleukin-1 beta ligand-membrane bound receptor type 1 complex,-0.4100271002710027,-0.8061953236837921,0.8313253012048193,0.814438510871322,1.0,3/3,59.06%,Q9NPH3;P14778-PRO_0000015435;P01584-PRO_0000015302
prerank,Precursor interleukin-1 alpha-membrane-bound receptor type 1 complex,-0.41084010840108404,-0.8058562652596438,0.77734375,0.8137975383763592,1.0,3/3,58.98%,Q9NPH3;P14778-PRO_0000015435;P01583
prerank,Laminin-111 complex,-0.4219512195121951,-0.8037785230064906,0.7364341085271318,0.8166991355035526,1.0,3/3,57.87%,P07942;P11047;P25391
prerank,METTL1-WDR4 tRNA (guanine-N(7)-)-methyltransferase complex,-0.41436314363143634,-0.8023217745665159,0.7419354838709677,0.818230915964301,1.0,3/3,58.62%,CHEBI:59789;Q9UBP6;P57081
prerank,Interleukin-3 receptor-ligand complex,-0.4254742547425474,-0.798798763659706,0.7896678966789668,0.823960695815457,1.0,3/3,57.51%,P32927;P08700;P26951
prerank,N6AMT1-TRM112 methyltransferase complex,-0.4132791327913279,-0.7980112228226446,0.7673611111111112,0.8240894603416186,1.0,3/3,58.73%,CHEBI:59789;Q9UI30;Q9Y5N5
prerank,Nuclear exosome targeting complex,-0.4230352303523035,-0.7954384790840732,0.8262548262548263,0.8277259483165235,1.0,3/3,57.76%,P42285;Q9Y580;Q6NZY4
prerank,"Interferon alpha receptor-ligand complex, IFNA8 variant",-0.4032520325203252,-0.7948814900980408,0.7698412698412699,0.8274263546037012,1.0,3/3,59.73%,P17181;P48551;P32881
prerank,Interleukin-36A receptor ligand complex,-0.3975609756097561,-0.7945201566358125,0.8042704626334519,0.8268829184368568,1.0,3/3,60.30%,Q9NPH3;Q9HB29;Q9UHA7-PRO_0000153644
prerank,Interleukin-1 alpha decoy receptor-ligand type 2 complex,-0.3981029810298103,-0.7925654412891554,0.8171206225680934,0.8293087867903165,1.0,3/3,60.25%,Q9NPH3;P01583;P27930
prerank,"Interferon alpha receptor-ligand complex, IFNA17 variant",-0.4008130081300813,-0.7925127079547175,0.792156862745098,0.8280233868223523,1.0,3/3,59.98%,P17181;P48551;P01571
prerank,"Interferon alpha receptor-ligand complex, IFNA7 variant",-0.4037940379403794,-0.7915358395637694,0.7354085603112841,0.8286527630865618,1.0,3/3,59.68%,P17181;P48551;P01567
prerank,RXRalpha-RARalpha-NCOA2 retinoic acid receptor complex,-0.41897018970189703,-0.7914247389015919,0.7890625,0.8274879065000497,1.0,3/3,58.16%,P19793;Q15596;P10276
prerank,THUMPD2-TRM112 methyltransferase complex,-0.41300813008130083,-0.7892926330453757,0.8055555555555556,0.8304633425826727,1.0,3/3,58.76%,CHEBI:59789;Q9UI30;Q9BTF0
prerank,"Interferon alpha receptor-ligand complex, IFNA1 variant",-0.402710027100271,-0.7872463310452572,0.7764705882352941,0.833105749216824,1.0,3/3,59.79%,P17181;P48551;P01562
prerank,Interleukin-1 alpha-membrane-bound receptor type 1 complex,-0.3978319783197832,-0.7857517937728841,0.8008298755186722,0.8346015424803961,1.0,3/3,60.28%,Q9NPH3;P14778-PRO_0000015435;P01583-PRO_0000015266
prerank,"Interferon alpha receptor-ligand complex, IFNA2 variant",-0.4018970189701897,-0.7843417718762457,0.7943548387096774,0.8360034043931716,1.0,3/3,59.87%,P17181;P48551;P01563
prerank,METTL5-TRM112 methyltransferase complex,-0.4140921409214092,-0.7829928634624229,0.8410852713178295,0.8370705698596745,1.0,3/3,58.65%,CHEBI:59789;Q9UI30;Q9NRN9
prerank,"Interferon alpha receptor-ligand complex, IFNA10 variant",-0.4,-0.7819791256766948,0.8125,0.8376230017677133,1.0,3/3,60.06%,P17181;P48551;P01566
prerank,Interleukin-12-receptor ligand complex,-0.4176151761517615,-0.7817820240520964,0.7844827586206896,0.8366128857143403,1.0,3/3,58.30%,P42701-PRO_0000010917;Q99665-PRO_0000010920;CPX-381
prerank,Interferon epsilon receptor-ligand complex,-0.4005420054200542,-0.7815234612067543,0.7875,0.8357029261757444,1.0,3/3,60.01%,P17181;P48551;Q86WN2
prerank,Interleukin-1 alpha-soluble receptor type 1 complex,-0.3978319783197832,-0.7814734650490166,0.7969348659003831,0.8344679809867841,1.0,3/3,60.28%,Q9NPH3;P14778-PRO_0000415344;P01583-PRO_0000015266
prerank,"Interferon alpha receptor-ligand complex, IFNA16 variant",-0.4016260162601626,-0.780971945285558,0.7868217054263565,0.8341395459032159,1.0,3/3,59.90%,P17181;P48551;P05015
prerank,"mTNF-TNR1B receptor-ligand core complex, BIRC3 variant",0.439685551640011,0.7790977748728426,0.821882951653944,0.856237400609229,1.0,4/4,56.08%,P20333-PRO_0000034548;Q13489;CPX-8931;Q12933
prerank,Interleukin-36G receptor ligand complex,-0.3986449864498645,-0.7781373525108564,0.8095238095238095,0.8385142909623957,1.0,3/3,60.19%,Q9NPH3;Q9HB29;Q9NZH8-PRO_0000153648
prerank,"Interferon alpha receptor-ligand complex, IFNA5 variant",-0.4024390243902439,-0.7780229869024509,0.7559055118110236,0.8373268183020741,1.0,3/3,59.82%,P17181;P48551;P01569
prerank,Interferon omega receptor-ligand complex,-0.4013550135501355,-0.777503781437898,0.7637795275590551,0.8369494016465732,1.0,3/3,59.92%,P17181;P48551;P05000
prerank,IL33 receptor-ligand complex,-0.3983739837398374,-0.7768832634698438,0.816793893129771,0.8368442883141389,1.0,3/3,60.22%,Q9NPH3;O95760;Q01638
prerank,THUMPD3-TRM112 methyltransferase complex,-0.41544715447154473,-0.7750455529596924,0.8171641791044776,0.8390795666401233,1.0,3/3,58.52%,CHEBI:59789;Q9UI30;Q9BV44
prerank,"mTNF-TNR1B receptor-ligand core complex, BIRC2 variant",0.439685551640011,0.7744573608717672,0.8298969072164949,0.8600799463122555,1.0,4/4,56.08%,P20333-PRO_0000034548;Q13490;CPX-8931;Q12933
prerank,Interleukin-36B receptor ligand complex,-0.39891598915989157,-0.7743057280286931,0.7933884297520661,0.8390420321435861,1.0,3/3,60.17%,Q9NPH3;Q9HB29;Q9NZH7-PRO_0000153646
prerank,Interleukin-1 beta ligand-decoy receptor type 2 complex,-0.3981029810298103,-0.7725525811743895,0.8295454545454546,0.8409262564188157,1.0,3/3,60.25%,Q9NPH3;P01584-PRO_0000015302;P27930
prerank,"Interferon alpha receptor-ligand complex, IFNA6 variant",-0.4021680216802168,-0.7714312675897467,0.7890625,0.841718770824762,1.0,3/3,59.84%,P17181;P48551;P05013
prerank,"Interferon alpha receptor-ligand complex, IFNA14 variant",-0.4029810298102981,-0.7712005482486047,0.7950819672131147,0.8408042584204588,1.0,3/3,59.76%,P17181;P48551;P01570
prerank,TRMT11-TRM112 methyltransferase complex,-0.41653116531165313,-0.7703744457043639,0.8375451263537906,0.8409087715874719,1.0,3/3,58.41%,CHEBI:59789;Q9UI30;Q7Z4G4
prerank,"Interferon alpha receptor-ligand complex, IFNA21 variant",-0.4010840108401084,-0.7695465802117172,0.776173285198556,0.8410624374792897,1.0,3/3,59.95%,P17181;P48551;P01568
prerank,"Eukaryotic translation initiation factor 4F, EIF4A2 and EIF4G1 variant",-0.4065040650406504,-0.769544408139138,0.8387096774193549,0.8397251473918774,1.0,3/3,59.41%,P06730;Q04637;Q14240
prerank,Interleukin-7 sIL7RA-IL2RG receptor-ligand potentiating complex,0.46747967479674796,0.7691550855255742,0.8271767810026385,0.8644967720136301,1.0,3/3,53.29%,P16871-4;P13232-PRO_0000015623;P31785
prerank,"Retromer complex, VPS26B variant",-0.3994579945799458,-0.7690850144409808,0.8448979591836735,0.839292371023096,1.0,3/3,60.11%,Q9UBQ0;Q96QK1;Q4G0F5
prerank,Interferon kappa receptor-ligand complex,-0.3997289972899729,-0.7676415515753788,0.8271604938271605,0.8406586179023089,1.0,3/3,60.09%,P17181;P48551;Q9P0W0
prerank,Interleukin-21 receptor-ligand complex,0.467479674796748,0.7674214715924219,0.8571428571428571,0.8651033277699287,1.0,3/3,53.29%,Q9HBE4;Q9HBE5;P31785
prerank,Lymphotoxin-alpha-beta-LTBR receptor complex,0.4710027100271002,0.7665754188186797,0.8558201058201058,0.8647750786846577,1.0,3/3,52.94%,Q06643;P36941;P01374
prerank,"Eukaryotic translation initiation factor 4F, EIF4A2 and EIF4G3 variant",-0.4046070460704607,-0.7663117544422864,0.8340080971659919,0.8417992515465439,1.0,3/3,59.60%,P06730;Q14240;O43432
prerank,Interferon beta receptor-ligand complex,-0.4002710027100271,-0.766146110944331,0.8149606299212598,0.8408783919083598,1.0,3/3,60.03%,P17181;P48551;P01574
prerank,"Eukaryotic translation initiation factor 4F, EIF4A1 and EIF4G3 variant",-0.4046070460704607,-0.7649555094221836,0.8152610441767069,0.8416065946847546,1.0,3/3,59.60%,P06730;P60842;O43432
prerank,"Interferon alpha receptor-ligand complex, IFNA4 variant",-0.4035230352303523,-0.7643645777077565,0.8089887640449438,0.8414801356697433,1.0,3/3,59.71%,P17181;P48551;P05014
prerank,"Retromer complex, VPS26A variant",-0.3991869918699187,-0.7638992697154192,0.8297872340425532,0.8409306032165021,1.0,3/3,60.14%,Q9UBQ0;Q96QK1;O75436
prerank,"Eukaryotic translation initiation factor 4F, EIF4A1 and EIF4G1 variant",-0.4059620596205962,-0.7633170522009181,0.8436363636363636,0.8407161674309689,1.0,3/3,59.46%,P06730;Q04637;P60842
prerank,Interleukin-7 mIL7R-IL2RG receptor-ligand signalling complex,0.4674796747967479,0.7627934512998493,0.8408488063660478,0.8674266098540733,1.0,3/3,53.29%,P16871-1;P13232-PRO_0000015623;P31785
prerank,Interleukin-4 receptor-ligand type-1 complex,0.467479674796748,0.7598522217449278,0.8696808510638298,0.8691177813202491,1.0,3/3,53.29%,P05112;P24394;P31785
prerank,ISGF3 complex,0.4601626016260162,0.7565256197837119,0.8437086092715231,0.8711909365649578,1.0,3/3,54.02%,Q00978;P52630;P42224
prerank,Complement factor I-H-C3b complex,0.44905149051490506,0.7385559532111334,0.8626155878467635,0.8873868934722124,1.0,3/3,55.13%,CPX-6165;P08603;CPX-973
prerank,Collagen type V trimer variant 2,0.4476964769647697,0.7373903022668116,0.8866666666666667,0.8872561679095694,1.0,3/3,55.27%,P25940;P20908;P05997
prerank,Alternative pathway pathogen cell-bound C5 convertase complex C3bBbC3bP,0.44905149051490506,0.736762003223302,0.8727272727272727,0.8866119189753447,1.0,3/3,55.13%,P27918;CPX-5601;CPX-973
prerank,Interleukin-22 receptor-ligand complex,0.4417344173441735,0.7315173357978064,0.8923705722070845,0.8903605204615886,1.0,3/3,55.86%,Q9GZX6;Q8N6P7;Q08334
prerank,Interleukin-10 receptor-ligand complex,0.4417344173441735,0.7287449632248378,0.8605577689243028,0.8918021644762588,1.0,3/3,55.86%,P22301;Q13651;Q08334
prerank,"Interferon lambda receptor-ligand complex, IFNL4 variant",0.4417344173441735,0.7228525972589774,0.8906666666666667,0.8960452590697325,1.0,3/3,55.86%,K9M1U5;Q8IU57;Q08334
prerank,"Interferon lambda receptor-ligand complex, IFNL1 variant",0.4417344173441735,0.7225593833058991,0.893048128342246,0.8950340117682983,1.0,3/3,55.86%,Q8IU54;Q8IU57;Q08334
prerank,"Interferon lambda receptor-ligand complex, IFNL2 variant",0.4417344173441735,0.7208402100487142,0.8919631093544137,0.8953182490425066,1.0,3/3,55.86%,Q8IZJ0;Q8IU57;Q08334
prerank,"Interferon lambda receptor-ligand complex, IFNL3 variant",0.4417344173441735,0.7156969762054615,0.8859060402684564,0.8987707532113988,1.0,3/3,55.86%,Q8IZI9;Q8IU57;Q08334
prerank,Interleukin-26 receptor-ligand complex,0.4417344173441735,0.7148504611023782,0.8977719528178244,0.8982027274368075,1.0,3/3,55.86%,Q9NPH9;Q9UHF4;Q08334
prerank,TBK1-IKKepsilon-TANK complex,0.4048780487804879,0.6776033263995813,0.9320652173913043,0.9278035927296379,1.0,3/3,59.55%,Q92844;Q14164;Q9UHD2
prerank,E3 ligase (RANBP2) complex,0.4108401084010841,0.6748423325452896,0.9319371727748691,0.9285306966151268,1.0,3/3,58.95%,P63279;P46060;P49792
prerank,TBK1-IKKepsilon-NAP1 complex,0.40487804878048783,0.6716541226438023,0.9451303155006858,0.9296154051177326,1.0,3/3,59.55%,Q9H6S1;Q14164;Q9UHD2
prerank,TBK1-IKKepsilon-SINTBAD complex,0.40487804878048783,0.671203092725005,0.93296853625171,0.92865516160084,1.0,3/3,59.55%,A7MCY6;Q14164;Q9UHD2
